Copyright 1986-2022 Xilinx, Inc. All Rights Reserved. Copyright 2022-2024 Advanced Micro Devices, Inc. All Rights Reserved.
---------------------------------------------------------------------------------------------------------------------------------------------------------------------------
| Tool Version : Vivado v.2024.1 (win64) Build 5076996 Wed May 22 18:37:14 MDT 2024
| Date         : Wed Apr  8 15:56:02 2026
| Host         : WFXB07B250A3A85 running 64-bit major release  (build 9200)
| Command      : report_drc -file dma_axis_ip_example_wrapper_drc_routed.rpt -pb dma_axis_ip_example_wrapper_drc_routed.pb -rpx dma_axis_ip_example_wrapper_drc_routed.rpx
| Design       : dma_axis_ip_example_wrapper
| Device       : xczu3eg-sfvc784-2-e
| Speed File   : -2
| Design State : Fully Routed
---------------------------------------------------------------------------------------------------------------------------------------------------------------------------

Report DRC

Table of Contents
-----------------
1. REPORT SUMMARY
2. REPORT DETAILS

1. REPORT SUMMARY
-----------------
            Netlist: netlist
          Floorplan: design_1
      Design limits: <entire design considered>
           Ruledeck: default
             Max violations: <unlimited>
             Violations found: 367
+-----------+----------+---------------------------------------------------------------------+------------+
| Rule      | Severity | Description                                                         | Violations |
+-----------+----------+---------------------------------------------------------------------+------------+
| DPIP-2    | Warning  | Input pipelining                                                    | 138        |
| DPOP-3    | Warning  | PREG Output pipelining                                              | 106        |
| DPOP-4    | Warning  | MREG Output pipelining                                              | 90         |
| DPREG-7   | Warning  | DSP48E2_PregDynOpmodeZmuxP:                                         | 5          |
| PDCN-1569 | Warning  | LUT equation term check                                             | 3          |
| REQP-1934 | Warning  | RAMB18E2_nochange_collision_advisory                                | 1          |
| REQP-1935 | Warning  | RAMB36E2_nochange_collision_advisory                                | 2          |
| RTSTAT-10 | Warning  | No routable loads                                                   | 1          |
| AVAL-155  | Advisory | enum_AMULTSEL_BMULTSEL_enum_DREG_ADREG_0_connects_CED_CEAD_RSTD_GND | 16         |
| AVAL-156  | Advisory | enum_USE_MULT_NONE__enum_DREG_ADREG_0_connects_CED_CEAD_RSTD_GND    | 5          |
+-----------+----------+---------------------------------------------------------------------+------------+

2. REPORT DETAILS
-----------------
DPIP-2#1 Warning
Input pipelining  
DSP dma_axis_ip_example_i/pedal_top_0/inst/fadd_32ns_32ns_32_3_full_dsp_1_U79/pedal_top_fadd_32ns_32ns_32_3_full_dsp_1_ip_u/inst/i_synth/ADDSUB_OP.ADDSUB/DSP.OP/DSP48E1_BODY.ALIGN_ADD/DSP2/i_no_versal_es1_workaround.DSP input dma_axis_ip_example_i/pedal_top_0/inst/fadd_32ns_32ns_32_3_full_dsp_1_U79/pedal_top_fadd_32ns_32ns_32_3_full_dsp_1_ip_u/inst/i_synth/ADDSUB_OP.ADDSUB/DSP.OP/DSP48E1_BODY.ALIGN_ADD/DSP2/i_no_versal_es1_workaround.DSP/A[29:0] is not pipelined. Pipelining DSP48 input will improve performance.
Related violations: <none>

DPIP-2#2 Warning
Input pipelining  
DSP dma_axis_ip_example_i/pedal_top_0/inst/fadd_32ns_32ns_32_3_full_dsp_1_U79/pedal_top_fadd_32ns_32ns_32_3_full_dsp_1_ip_u/inst/i_synth/ADDSUB_OP.ADDSUB/DSP.OP/DSP48E1_BODY.ALIGN_ADD/DSP2/i_no_versal_es1_workaround.DSP input dma_axis_ip_example_i/pedal_top_0/inst/fadd_32ns_32ns_32_3_full_dsp_1_U79/pedal_top_fadd_32ns_32ns_32_3_full_dsp_1_ip_u/inst/i_synth/ADDSUB_OP.ADDSUB/DSP.OP/DSP48E1_BODY.ALIGN_ADD/DSP2/i_no_versal_es1_workaround.DSP/B[17:0] is not pipelined. Pipelining DSP48 input will improve performance.
Related violations: <none>

DPIP-2#3 Warning
Input pipelining  
DSP dma_axis_ip_example_i/pedal_top_0/inst/fadd_32ns_32ns_32_3_full_dsp_1_U79/pedal_top_fadd_32ns_32ns_32_3_full_dsp_1_ip_u/inst/i_synth/ADDSUB_OP.ADDSUB/DSP.OP/DSP48E1_BODY.ALIGN_ADD/DSP2/i_no_versal_es1_workaround.DSP input dma_axis_ip_example_i/pedal_top_0/inst/fadd_32ns_32ns_32_3_full_dsp_1_U79/pedal_top_fadd_32ns_32ns_32_3_full_dsp_1_ip_u/inst/i_synth/ADDSUB_OP.ADDSUB/DSP.OP/DSP48E1_BODY.ALIGN_ADD/DSP2/i_no_versal_es1_workaround.DSP/C[47:0] is not pipelined. Pipelining DSP48 input will improve performance.
Related violations: <none>

DPIP-2#4 Warning
Input pipelining  
DSP dma_axis_ip_example_i/pedal_top_0/inst/fadd_32ns_32ns_32_3_full_dsp_1_U79/pedal_top_fadd_32ns_32ns_32_3_full_dsp_1_ip_u/inst/i_synth/ADDSUB_OP.ADDSUB/DSP.OP/DSP48E1_BODY.NORM_RND/FULL_USAGE_DSP.SHIFT_RND/i_no_versal_es1_workaround.DSP input dma_axis_ip_example_i/pedal_top_0/inst/fadd_32ns_32ns_32_3_full_dsp_1_U79/pedal_top_fadd_32ns_32ns_32_3_full_dsp_1_ip_u/inst/i_synth/ADDSUB_OP.ADDSUB/DSP.OP/DSP48E1_BODY.NORM_RND/FULL_USAGE_DSP.SHIFT_RND/i_no_versal_es1_workaround.DSP/A[29:0] is not pipelined. Pipelining DSP48 input will improve performance.
Related violations: <none>

DPIP-2#5 Warning
Input pipelining  
DSP dma_axis_ip_example_i/pedal_top_0/inst/fadd_32ns_32ns_32_3_full_dsp_1_U79/pedal_top_fadd_32ns_32ns_32_3_full_dsp_1_ip_u/inst/i_synth/ADDSUB_OP.ADDSUB/DSP.OP/DSP48E1_BODY.NORM_RND/FULL_USAGE_DSP.SHIFT_RND/i_no_versal_es1_workaround.DSP input dma_axis_ip_example_i/pedal_top_0/inst/fadd_32ns_32ns_32_3_full_dsp_1_U79/pedal_top_fadd_32ns_32ns_32_3_full_dsp_1_ip_u/inst/i_synth/ADDSUB_OP.ADDSUB/DSP.OP/DSP48E1_BODY.NORM_RND/FULL_USAGE_DSP.SHIFT_RND/i_no_versal_es1_workaround.DSP/B[17:0] is not pipelined. Pipelining DSP48 input will improve performance.
Related violations: <none>

DPIP-2#6 Warning
Input pipelining  
DSP dma_axis_ip_example_i/pedal_top_0/inst/fadd_32ns_32ns_32_3_full_dsp_1_U79/pedal_top_fadd_32ns_32ns_32_3_full_dsp_1_ip_u/inst/i_synth/ADDSUB_OP.ADDSUB/DSP.OP/DSP48E1_BODY.NORM_RND/FULL_USAGE_DSP.SHIFT_RND/i_no_versal_es1_workaround.DSP input dma_axis_ip_example_i/pedal_top_0/inst/fadd_32ns_32ns_32_3_full_dsp_1_U79/pedal_top_fadd_32ns_32ns_32_3_full_dsp_1_ip_u/inst/i_synth/ADDSUB_OP.ADDSUB/DSP.OP/DSP48E1_BODY.NORM_RND/FULL_USAGE_DSP.SHIFT_RND/i_no_versal_es1_workaround.DSP/C[47:0] is not pipelined. Pipelining DSP48 input will improve performance.
Related violations: <none>

DPIP-2#7 Warning
Input pipelining  
DSP dma_axis_ip_example_i/pedal_top_0/inst/fmul_32ns_32ns_32_2_max_dsp_1_U81/pedal_top_fmul_32ns_32ns_32_2_max_dsp_1_ip_u/inst/i_synth/MULT.OP/i_non_prim.MULT/DSP48E1_SPD_SGL_VARIANT.FIX_MULT/DSP1/i_no_versal_es1_workaround.DSP input dma_axis_ip_example_i/pedal_top_0/inst/fmul_32ns_32ns_32_2_max_dsp_1_U81/pedal_top_fmul_32ns_32ns_32_2_max_dsp_1_ip_u/inst/i_synth/MULT.OP/i_non_prim.MULT/DSP48E1_SPD_SGL_VARIANT.FIX_MULT/DSP1/i_no_versal_es1_workaround.DSP/A[29:0] is not pipelined. Pipelining DSP48 input will improve performance.
Related violations: <none>

DPIP-2#8 Warning
Input pipelining  
DSP dma_axis_ip_example_i/pedal_top_0/inst/fmul_32ns_32ns_32_2_max_dsp_1_U81/pedal_top_fmul_32ns_32ns_32_2_max_dsp_1_ip_u/inst/i_synth/MULT.OP/i_non_prim.R_AND_R/LAT_OPT.FULL.R_AND_R/DSP48E1_SGL_EXP_IP.OLD_ADD.ADD/i_no_versal_es1_workaround.DSP input dma_axis_ip_example_i/pedal_top_0/inst/fmul_32ns_32ns_32_2_max_dsp_1_U81/pedal_top_fmul_32ns_32ns_32_2_max_dsp_1_ip_u/inst/i_synth/MULT.OP/i_non_prim.R_AND_R/LAT_OPT.FULL.R_AND_R/DSP48E1_SGL_EXP_IP.OLD_ADD.ADD/i_no_versal_es1_workaround.DSP/C[47:0] is not pipelined. Pipelining DSP48 input will improve performance.
Related violations: <none>

DPIP-2#9 Warning
Input pipelining  
DSP dma_axis_ip_example_i/pedal_top_0/inst/fsub_32ns_32ns_32_3_full_dsp_1_U80/pedal_top_fsub_32ns_32ns_32_3_full_dsp_1_ip_u/inst/i_synth/ADDSUB_OP.ADDSUB/DSP.OP/DSP48E1_BODY.ALIGN_ADD/DSP2/i_no_versal_es1_workaround.DSP input dma_axis_ip_example_i/pedal_top_0/inst/fsub_32ns_32ns_32_3_full_dsp_1_U80/pedal_top_fsub_32ns_32ns_32_3_full_dsp_1_ip_u/inst/i_synth/ADDSUB_OP.ADDSUB/DSP.OP/DSP48E1_BODY.ALIGN_ADD/DSP2/i_no_versal_es1_workaround.DSP/A[29:0] is not pipelined. Pipelining DSP48 input will improve performance.
Related violations: <none>

DPIP-2#10 Warning
Input pipelining  
DSP dma_axis_ip_example_i/pedal_top_0/inst/fsub_32ns_32ns_32_3_full_dsp_1_U80/pedal_top_fsub_32ns_32ns_32_3_full_dsp_1_ip_u/inst/i_synth/ADDSUB_OP.ADDSUB/DSP.OP/DSP48E1_BODY.ALIGN_ADD/DSP2/i_no_versal_es1_workaround.DSP input dma_axis_ip_example_i/pedal_top_0/inst/fsub_32ns_32ns_32_3_full_dsp_1_U80/pedal_top_fsub_32ns_32ns_32_3_full_dsp_1_ip_u/inst/i_synth/ADDSUB_OP.ADDSUB/DSP.OP/DSP48E1_BODY.ALIGN_ADD/DSP2/i_no_versal_es1_workaround.DSP/B[17:0] is not pipelined. Pipelining DSP48 input will improve performance.
Related violations: <none>

DPIP-2#11 Warning
Input pipelining  
DSP dma_axis_ip_example_i/pedal_top_0/inst/fsub_32ns_32ns_32_3_full_dsp_1_U80/pedal_top_fsub_32ns_32ns_32_3_full_dsp_1_ip_u/inst/i_synth/ADDSUB_OP.ADDSUB/DSP.OP/DSP48E1_BODY.ALIGN_ADD/DSP2/i_no_versal_es1_workaround.DSP input dma_axis_ip_example_i/pedal_top_0/inst/fsub_32ns_32ns_32_3_full_dsp_1_U80/pedal_top_fsub_32ns_32ns_32_3_full_dsp_1_ip_u/inst/i_synth/ADDSUB_OP.ADDSUB/DSP.OP/DSP48E1_BODY.ALIGN_ADD/DSP2/i_no_versal_es1_workaround.DSP/C[47:0] is not pipelined. Pipelining DSP48 input will improve performance.
Related violations: <none>

DPIP-2#12 Warning
Input pipelining  
DSP dma_axis_ip_example_i/pedal_top_0/inst/fsub_32ns_32ns_32_3_full_dsp_1_U80/pedal_top_fsub_32ns_32ns_32_3_full_dsp_1_ip_u/inst/i_synth/ADDSUB_OP.ADDSUB/DSP.OP/DSP48E1_BODY.NORM_RND/FULL_USAGE_DSP.SHIFT_RND/i_no_versal_es1_workaround.DSP input dma_axis_ip_example_i/pedal_top_0/inst/fsub_32ns_32ns_32_3_full_dsp_1_U80/pedal_top_fsub_32ns_32ns_32_3_full_dsp_1_ip_u/inst/i_synth/ADDSUB_OP.ADDSUB/DSP.OP/DSP48E1_BODY.NORM_RND/FULL_USAGE_DSP.SHIFT_RND/i_no_versal_es1_workaround.DSP/A[29:0] is not pipelined. Pipelining DSP48 input will improve performance.
Related violations: <none>

DPIP-2#13 Warning
Input pipelining  
DSP dma_axis_ip_example_i/pedal_top_0/inst/fsub_32ns_32ns_32_3_full_dsp_1_U80/pedal_top_fsub_32ns_32ns_32_3_full_dsp_1_ip_u/inst/i_synth/ADDSUB_OP.ADDSUB/DSP.OP/DSP48E1_BODY.NORM_RND/FULL_USAGE_DSP.SHIFT_RND/i_no_versal_es1_workaround.DSP input dma_axis_ip_example_i/pedal_top_0/inst/fsub_32ns_32ns_32_3_full_dsp_1_U80/pedal_top_fsub_32ns_32ns_32_3_full_dsp_1_ip_u/inst/i_synth/ADDSUB_OP.ADDSUB/DSP.OP/DSP48E1_BODY.NORM_RND/FULL_USAGE_DSP.SHIFT_RND/i_no_versal_es1_workaround.DSP/B[17:0] is not pipelined. Pipelining DSP48 input will improve performance.
Related violations: <none>

DPIP-2#14 Warning
Input pipelining  
DSP dma_axis_ip_example_i/pedal_top_0/inst/fsub_32ns_32ns_32_3_full_dsp_1_U80/pedal_top_fsub_32ns_32ns_32_3_full_dsp_1_ip_u/inst/i_synth/ADDSUB_OP.ADDSUB/DSP.OP/DSP48E1_BODY.NORM_RND/FULL_USAGE_DSP.SHIFT_RND/i_no_versal_es1_workaround.DSP input dma_axis_ip_example_i/pedal_top_0/inst/fsub_32ns_32ns_32_3_full_dsp_1_U80/pedal_top_fsub_32ns_32ns_32_3_full_dsp_1_ip_u/inst/i_synth/ADDSUB_OP.ADDSUB/DSP.OP/DSP48E1_BODY.NORM_RND/FULL_USAGE_DSP.SHIFT_RND/i_no_versal_es1_workaround.DSP/C[47:0] is not pipelined. Pipelining DSP48 input will improve performance.
Related violations: <none>

DPIP-2#15 Warning
Input pipelining  
DSP dma_axis_ip_example_i/pedal_top_0/inst/grp_generic_fmod_mult_float_s_fu_631/grp_mod_rcp_mult_24_36_8_s_fu_97/mul_24ns_38ns_61_1_1_U58/tmp_product input dma_axis_ip_example_i/pedal_top_0/inst/grp_generic_fmod_mult_float_s_fu_631/grp_mod_rcp_mult_24_36_8_s_fu_97/mul_24ns_38ns_61_1_1_U58/tmp_product/B[17:0] is not pipelined. Pipelining DSP48 input will improve performance.
Related violations: <none>

DPIP-2#16 Warning
Input pipelining  
DSP dma_axis_ip_example_i/pedal_top_0/inst/grp_generic_fmod_mult_float_s_fu_631/grp_mod_rcp_mult_24_36_8_s_fu_97/mul_24ns_38ns_61_1_1_U59/tmp_product input dma_axis_ip_example_i/pedal_top_0/inst/grp_generic_fmod_mult_float_s_fu_631/grp_mod_rcp_mult_24_36_8_s_fu_97/mul_24ns_38ns_61_1_1_U59/tmp_product/B[17:0] is not pipelined. Pipelining DSP48 input will improve performance.
Related violations: <none>

DPIP-2#17 Warning
Input pipelining  
DSP dma_axis_ip_example_i/pedal_top_0/inst/grp_generic_fmod_mult_float_s_fu_631/grp_mod_rcp_mult_24_36_8_s_fu_97/mul_24ns_38ns_61_1_1_U59/tmp_product__0 input dma_axis_ip_example_i/pedal_top_0/inst/grp_generic_fmod_mult_float_s_fu_631/grp_mod_rcp_mult_24_36_8_s_fu_97/mul_24ns_38ns_61_1_1_U59/tmp_product__0/A[29:0] is not pipelined. Pipelining DSP48 input will improve performance.
Related violations: <none>

DPIP-2#18 Warning
Input pipelining  
DSP dma_axis_ip_example_i/pedal_top_0/inst/grp_generic_fmod_mult_float_s_fu_631/grp_mod_rcp_mult_24_36_8_s_fu_97/mul_24ns_38ns_61_1_1_U59/tmp_product__1 input dma_axis_ip_example_i/pedal_top_0/inst/grp_generic_fmod_mult_float_s_fu_631/grp_mod_rcp_mult_24_36_8_s_fu_97/mul_24ns_38ns_61_1_1_U59/tmp_product__1/B[17:0] is not pipelined. Pipelining DSP48 input will improve performance.
Related violations: <none>

DPIP-2#19 Warning
Input pipelining  
DSP dma_axis_ip_example_i/pedal_top_0/inst/grp_generic_fmod_mult_float_s_fu_631/grp_mod_rcp_mult_24_36_8_s_fu_97/mul_24ns_38ns_61_1_1_U60/tmp_product input dma_axis_ip_example_i/pedal_top_0/inst/grp_generic_fmod_mult_float_s_fu_631/grp_mod_rcp_mult_24_36_8_s_fu_97/mul_24ns_38ns_61_1_1_U60/tmp_product/B[17:0] is not pipelined. Pipelining DSP48 input will improve performance.
Related violations: <none>

DPIP-2#20 Warning
Input pipelining  
DSP dma_axis_ip_example_i/pedal_top_0/inst/grp_generic_fmod_mult_float_s_fu_631/grp_mod_rcp_mult_24_36_8_s_fu_97/mul_24ns_38ns_61_1_1_U60/tmp_product__0 input dma_axis_ip_example_i/pedal_top_0/inst/grp_generic_fmod_mult_float_s_fu_631/grp_mod_rcp_mult_24_36_8_s_fu_97/mul_24ns_38ns_61_1_1_U60/tmp_product__0/A[29:0] is not pipelined. Pipelining DSP48 input will improve performance.
Related violations: <none>

DPIP-2#21 Warning
Input pipelining  
DSP dma_axis_ip_example_i/pedal_top_0/inst/grp_generic_fmod_mult_float_s_fu_631/grp_mod_rcp_mult_24_36_8_s_fu_97/mul_24ns_38ns_61_1_1_U60/tmp_product__1 input dma_axis_ip_example_i/pedal_top_0/inst/grp_generic_fmod_mult_float_s_fu_631/grp_mod_rcp_mult_24_36_8_s_fu_97/mul_24ns_38ns_61_1_1_U60/tmp_product__1/B[17:0] is not pipelined. Pipelining DSP48 input will improve performance.
Related violations: <none>

DPIP-2#22 Warning
Input pipelining  
DSP dma_axis_ip_example_i/pedal_top_0/inst/grp_generic_fmod_mult_float_s_fu_631/grp_mod_rcp_mult_24_36_8_s_fu_97/mul_24ns_38ns_61_1_1_U61/tmp_product input dma_axis_ip_example_i/pedal_top_0/inst/grp_generic_fmod_mult_float_s_fu_631/grp_mod_rcp_mult_24_36_8_s_fu_97/mul_24ns_38ns_61_1_1_U61/tmp_product/A[29:0] is not pipelined. Pipelining DSP48 input will improve performance.
Related violations: <none>

DPIP-2#23 Warning
Input pipelining  
DSP dma_axis_ip_example_i/pedal_top_0/inst/grp_generic_fmod_mult_float_s_fu_631/grp_mod_rcp_mult_24_36_8_s_fu_97/mul_24ns_38ns_61_1_1_U63/tmp_product input dma_axis_ip_example_i/pedal_top_0/inst/grp_generic_fmod_mult_float_s_fu_631/grp_mod_rcp_mult_24_36_8_s_fu_97/mul_24ns_38ns_61_1_1_U63/tmp_product/B[17:0] is not pipelined. Pipelining DSP48 input will improve performance.
Related violations: <none>

DPIP-2#24 Warning
Input pipelining  
DSP dma_axis_ip_example_i/pedal_top_0/inst/grp_generic_fmod_mult_float_s_fu_631/grp_mod_rcp_mult_24_36_8_s_fu_97/mul_24ns_38ns_61_1_1_U63/tmp_product__0 input dma_axis_ip_example_i/pedal_top_0/inst/grp_generic_fmod_mult_float_s_fu_631/grp_mod_rcp_mult_24_36_8_s_fu_97/mul_24ns_38ns_61_1_1_U63/tmp_product__0/A[29:0] is not pipelined. Pipelining DSP48 input will improve performance.
Related violations: <none>

DPIP-2#25 Warning
Input pipelining  
DSP dma_axis_ip_example_i/pedal_top_0/inst/grp_generic_fmod_mult_float_s_fu_631/grp_mod_rcp_mult_24_36_8_s_fu_97/mul_24ns_38ns_61_1_1_U63/tmp_product__1 input dma_axis_ip_example_i/pedal_top_0/inst/grp_generic_fmod_mult_float_s_fu_631/grp_mod_rcp_mult_24_36_8_s_fu_97/mul_24ns_38ns_61_1_1_U63/tmp_product__1/B[17:0] is not pipelined. Pipelining DSP48 input will improve performance.
Related violations: <none>

DPIP-2#26 Warning
Input pipelining  
DSP dma_axis_ip_example_i/pedal_top_0/inst/grp_generic_fmod_mult_float_s_fu_631/grp_mod_rcp_mult_24_36_8_s_fu_97/mul_24ns_38ns_61_1_1_U64/tmp_product input dma_axis_ip_example_i/pedal_top_0/inst/grp_generic_fmod_mult_float_s_fu_631/grp_mod_rcp_mult_24_36_8_s_fu_97/mul_24ns_38ns_61_1_1_U64/tmp_product/B[17:0] is not pipelined. Pipelining DSP48 input will improve performance.
Related violations: <none>

DPIP-2#27 Warning
Input pipelining  
DSP dma_axis_ip_example_i/pedal_top_0/inst/grp_generic_fmod_mult_float_s_fu_631/grp_mod_rcp_mult_24_36_8_s_fu_97/mul_24ns_38ns_61_1_1_U64/tmp_product__0 input dma_axis_ip_example_i/pedal_top_0/inst/grp_generic_fmod_mult_float_s_fu_631/grp_mod_rcp_mult_24_36_8_s_fu_97/mul_24ns_38ns_61_1_1_U64/tmp_product__0/A[29:0] is not pipelined. Pipelining DSP48 input will improve performance.
Related violations: <none>

DPIP-2#28 Warning
Input pipelining  
DSP dma_axis_ip_example_i/pedal_top_0/inst/grp_generic_fmod_mult_float_s_fu_631/grp_mod_rcp_mult_24_36_8_s_fu_97/mul_24ns_38ns_61_1_1_U64/tmp_product__1 input dma_axis_ip_example_i/pedal_top_0/inst/grp_generic_fmod_mult_float_s_fu_631/grp_mod_rcp_mult_24_36_8_s_fu_97/mul_24ns_38ns_61_1_1_U64/tmp_product__1/B[17:0] is not pipelined. Pipelining DSP48 input will improve performance.
Related violations: <none>

DPIP-2#29 Warning
Input pipelining  
DSP dma_axis_ip_example_i/pedal_top_0/inst/grp_generic_fmod_mult_float_s_fu_631/grp_mod_rcp_mult_24_36_8_s_fu_97/mul_24ns_38ns_61_1_1_U65/tmp_product input dma_axis_ip_example_i/pedal_top_0/inst/grp_generic_fmod_mult_float_s_fu_631/grp_mod_rcp_mult_24_36_8_s_fu_97/mul_24ns_38ns_61_1_1_U65/tmp_product/A[29:0] is not pipelined. Pipelining DSP48 input will improve performance.
Related violations: <none>

DPIP-2#30 Warning
Input pipelining  
DSP dma_axis_ip_example_i/pedal_top_0/inst/grp_generic_fmod_mult_float_s_fu_631/grp_mod_rcp_mult_24_36_8_s_fu_97/mul_25s_25s_25_1_1_U66/tmp_product input dma_axis_ip_example_i/pedal_top_0/inst/grp_generic_fmod_mult_float_s_fu_631/grp_mod_rcp_mult_24_36_8_s_fu_97/mul_25s_25s_25_1_1_U66/tmp_product/B[17:0] is not pipelined. Pipelining DSP48 input will improve performance.
Related violations: <none>

DPIP-2#31 Warning
Input pipelining  
DSP dma_axis_ip_example_i/pedal_top_0/inst/grp_generic_fmod_mult_float_s_fu_631/grp_mod_rcp_mult_24_36_8_s_fu_97/mul_25s_25s_25_1_1_U67/tmp_product input dma_axis_ip_example_i/pedal_top_0/inst/grp_generic_fmod_mult_float_s_fu_631/grp_mod_rcp_mult_24_36_8_s_fu_97/mul_25s_25s_25_1_1_U67/tmp_product/B[17:0] is not pipelined. Pipelining DSP48 input will improve performance.
Related violations: <none>

DPIP-2#32 Warning
Input pipelining  
DSP dma_axis_ip_example_i/pedal_top_0/inst/grp_generic_fmod_mult_float_s_fu_631/grp_mod_rcp_mult_24_36_8_s_fu_97/mul_25s_25s_25_1_1_U69/tmp_product input dma_axis_ip_example_i/pedal_top_0/inst/grp_generic_fmod_mult_float_s_fu_631/grp_mod_rcp_mult_24_36_8_s_fu_97/mul_25s_25s_25_1_1_U69/tmp_product/B[17:0] is not pipelined. Pipelining DSP48 input will improve performance.
Related violations: <none>

DPIP-2#33 Warning
Input pipelining  
DSP dma_axis_ip_example_i/pedal_top_0/inst/grp_generic_fmod_mult_float_s_fu_631/grp_mod_rcp_mult_24_36_8_s_fu_97/mul_25s_25s_25_1_1_U70/tmp_product input dma_axis_ip_example_i/pedal_top_0/inst/grp_generic_fmod_mult_float_s_fu_631/grp_mod_rcp_mult_24_36_8_s_fu_97/mul_25s_25s_25_1_1_U70/tmp_product/B[17:0] is not pipelined. Pipelining DSP48 input will improve performance.
Related violations: <none>

DPIP-2#34 Warning
Input pipelining  
DSP dma_axis_ip_example_i/pedal_top_0/inst/grp_generic_fmod_mult_float_s_fu_631/grp_mod_rcp_mult_24_36_8_s_fu_97/mul_25s_25s_25_1_1_U71/tmp_product input dma_axis_ip_example_i/pedal_top_0/inst/grp_generic_fmod_mult_float_s_fu_631/grp_mod_rcp_mult_24_36_8_s_fu_97/mul_25s_25s_25_1_1_U71/tmp_product/B[17:0] is not pipelined. Pipelining DSP48 input will improve performance.
Related violations: <none>

DPIP-2#35 Warning
Input pipelining  
DSP dma_axis_ip_example_i/pedal_top_0/inst/grp_generic_fmod_mult_float_s_fu_631/grp_mod_rcp_mult_24_36_8_s_fu_97/mul_25s_25s_25_1_1_U73/tmp_product input dma_axis_ip_example_i/pedal_top_0/inst/grp_generic_fmod_mult_float_s_fu_631/grp_mod_rcp_mult_24_36_8_s_fu_97/mul_25s_25s_25_1_1_U73/tmp_product/B[17:0] is not pipelined. Pipelining DSP48 input will improve performance.
Related violations: <none>

DPIP-2#36 Warning
Input pipelining  
DSP dma_axis_ip_example_i/pedal_top_0/inst/grp_generic_fmod_mult_float_s_fu_631/grp_mod_rcp_mult_24_36_8_s_fu_97/quo_3_reg_1479_reg input dma_axis_ip_example_i/pedal_top_0/inst/grp_generic_fmod_mult_float_s_fu_631/grp_mod_rcp_mult_24_36_8_s_fu_97/quo_3_reg_1479_reg/B[17:0] is not pipelined. Pipelining DSP48 input will improve performance.
Related violations: <none>

DPIP-2#37 Warning
Input pipelining  
DSP dma_axis_ip_example_i/pedal_top_0/inst/grp_generic_fmod_mult_float_s_fu_631/grp_mod_rcp_mult_24_36_8_s_fu_97/quo_3_reg_1479_reg__0 input dma_axis_ip_example_i/pedal_top_0/inst/grp_generic_fmod_mult_float_s_fu_631/grp_mod_rcp_mult_24_36_8_s_fu_97/quo_3_reg_1479_reg__0/B[17:0] is not pipelined. Pipelining DSP48 input will improve performance.
Related violations: <none>

DPIP-2#38 Warning
Input pipelining  
DSP dma_axis_ip_example_i/pedal_top_0/inst/grp_generic_fmod_mult_float_s_fu_631/grp_mod_rcp_mult_24_36_8_s_fu_97/quo_7_reg_1548_reg input dma_axis_ip_example_i/pedal_top_0/inst/grp_generic_fmod_mult_float_s_fu_631/grp_mod_rcp_mult_24_36_8_s_fu_97/quo_7_reg_1548_reg/B[17:0] is not pipelined. Pipelining DSP48 input will improve performance.
Related violations: <none>

DPIP-2#39 Warning
Input pipelining  
DSP dma_axis_ip_example_i/pedal_top_0/inst/grp_generic_fmod_mult_float_s_fu_631/grp_mod_rcp_mult_24_36_8_s_fu_97/quo_7_reg_1548_reg__0 input dma_axis_ip_example_i/pedal_top_0/inst/grp_generic_fmod_mult_float_s_fu_631/grp_mod_rcp_mult_24_36_8_s_fu_97/quo_7_reg_1548_reg__0/B[17:0] is not pipelined. Pipelining DSP48 input will improve performance.
Related violations: <none>

DPIP-2#40 Warning
Input pipelining  
DSP dma_axis_ip_example_i/pedal_top_0/inst/grp_generic_tanh_float_s_fu_607/dadd_64ns_64ns_64_4_full_dsp_0_U27/pedal_top_dadd_64ns_64ns_64_4_full_dsp_0_ip_u/inst/i_synth/ADDSUB_OP.ADDSUB/LOGIC_SPEED.OP/ALIGN_BLK/FRAC_ADDSUB/DSP_ADD.FRAC_ADDSUB/i_no_versal_es1_workaround.DSP48E1_ADD.DSP48E1_ADD/i_no_versal_es1_workaround.DSP input dma_axis_ip_example_i/pedal_top_0/inst/grp_generic_tanh_float_s_fu_607/dadd_64ns_64ns_64_4_full_dsp_0_U27/pedal_top_dadd_64ns_64ns_64_4_full_dsp_0_ip_u/inst/i_synth/ADDSUB_OP.ADDSUB/LOGIC_SPEED.OP/ALIGN_BLK/FRAC_ADDSUB/DSP_ADD.FRAC_ADDSUB/i_no_versal_es1_workaround.DSP48E1_ADD.DSP48E1_ADD/i_no_versal_es1_workaround.DSP/A[29:0] is not pipelined. Pipelining DSP48 input will improve performance.
Related violations: <none>

DPIP-2#41 Warning
Input pipelining  
DSP dma_axis_ip_example_i/pedal_top_0/inst/grp_generic_tanh_float_s_fu_607/dadd_64ns_64ns_64_4_full_dsp_0_U27/pedal_top_dadd_64ns_64ns_64_4_full_dsp_0_ip_u/inst/i_synth/ADDSUB_OP.ADDSUB/LOGIC_SPEED.OP/ALIGN_BLK/FRAC_ADDSUB/DSP_ADD.FRAC_ADDSUB/i_no_versal_es1_workaround.DSP48E1_ADD.DSP48E1_ADD/i_no_versal_es1_workaround.DSP input dma_axis_ip_example_i/pedal_top_0/inst/grp_generic_tanh_float_s_fu_607/dadd_64ns_64ns_64_4_full_dsp_0_U27/pedal_top_dadd_64ns_64ns_64_4_full_dsp_0_ip_u/inst/i_synth/ADDSUB_OP.ADDSUB/LOGIC_SPEED.OP/ALIGN_BLK/FRAC_ADDSUB/DSP_ADD.FRAC_ADDSUB/i_no_versal_es1_workaround.DSP48E1_ADD.DSP48E1_ADD/i_no_versal_es1_workaround.DSP/B[17:0] is not pipelined. Pipelining DSP48 input will improve performance.
Related violations: <none>

DPIP-2#42 Warning
Input pipelining  
DSP dma_axis_ip_example_i/pedal_top_0/inst/grp_generic_tanh_float_s_fu_607/dadd_64ns_64ns_64_4_full_dsp_0_U27/pedal_top_dadd_64ns_64ns_64_4_full_dsp_0_ip_u/inst/i_synth/ADDSUB_OP.ADDSUB/LOGIC_SPEED.OP/ALIGN_BLK/FRAC_ADDSUB/DSP_ADD.FRAC_ADDSUB/i_no_versal_es1_workaround.DSP48E1_ADD.DSP48E1_ADD/i_no_versal_es1_workaround.DSP input dma_axis_ip_example_i/pedal_top_0/inst/grp_generic_tanh_float_s_fu_607/dadd_64ns_64ns_64_4_full_dsp_0_U27/pedal_top_dadd_64ns_64ns_64_4_full_dsp_0_ip_u/inst/i_synth/ADDSUB_OP.ADDSUB/LOGIC_SPEED.OP/ALIGN_BLK/FRAC_ADDSUB/DSP_ADD.FRAC_ADDSUB/i_no_versal_es1_workaround.DSP48E1_ADD.DSP48E1_ADD/i_no_versal_es1_workaround.DSP/C[47:0] is not pipelined. Pipelining DSP48 input will improve performance.
Related violations: <none>

DPIP-2#43 Warning
Input pipelining  
DSP dma_axis_ip_example_i/pedal_top_0/inst/grp_generic_tanh_float_s_fu_607/dadd_64ns_64ns_64_4_full_dsp_0_U27/pedal_top_dadd_64ns_64ns_64_4_full_dsp_0_ip_u/inst/i_synth/ADDSUB_OP.ADDSUB/LOGIC_SPEED.OP/ALIGN_BLK/FRAC_ADDSUB/DSP_ADD.FRAC_ADDSUB/i_no_versal_es1_workaround.DSP48E1_GEN.DSP48E1_DEL/i_no_versal_es1_workaround.DSP input dma_axis_ip_example_i/pedal_top_0/inst/grp_generic_tanh_float_s_fu_607/dadd_64ns_64ns_64_4_full_dsp_0_U27/pedal_top_dadd_64ns_64ns_64_4_full_dsp_0_ip_u/inst/i_synth/ADDSUB_OP.ADDSUB/LOGIC_SPEED.OP/ALIGN_BLK/FRAC_ADDSUB/DSP_ADD.FRAC_ADDSUB/i_no_versal_es1_workaround.DSP48E1_GEN.DSP48E1_DEL/i_no_versal_es1_workaround.DSP/A[29:0] is not pipelined. Pipelining DSP48 input will improve performance.
Related violations: <none>

DPIP-2#44 Warning
Input pipelining  
DSP dma_axis_ip_example_i/pedal_top_0/inst/grp_generic_tanh_float_s_fu_607/dadd_64ns_64ns_64_4_full_dsp_0_U27/pedal_top_dadd_64ns_64ns_64_4_full_dsp_0_ip_u/inst/i_synth/ADDSUB_OP.ADDSUB/LOGIC_SPEED.OP/ALIGN_BLK/FRAC_ADDSUB/DSP_ADD.FRAC_ADDSUB/i_no_versal_es1_workaround.DSP48E1_GEN.DSP48E1_DEL/i_no_versal_es1_workaround.DSP input dma_axis_ip_example_i/pedal_top_0/inst/grp_generic_tanh_float_s_fu_607/dadd_64ns_64ns_64_4_full_dsp_0_U27/pedal_top_dadd_64ns_64ns_64_4_full_dsp_0_ip_u/inst/i_synth/ADDSUB_OP.ADDSUB/LOGIC_SPEED.OP/ALIGN_BLK/FRAC_ADDSUB/DSP_ADD.FRAC_ADDSUB/i_no_versal_es1_workaround.DSP48E1_GEN.DSP48E1_DEL/i_no_versal_es1_workaround.DSP/B[17:0] is not pipelined. Pipelining DSP48 input will improve performance.
Related violations: <none>

DPIP-2#45 Warning
Input pipelining  
DSP dma_axis_ip_example_i/pedal_top_0/inst/grp_generic_tanh_float_s_fu_607/dadd_64ns_64ns_64_4_full_dsp_0_U27/pedal_top_dadd_64ns_64ns_64_4_full_dsp_0_ip_u/inst/i_synth/ADDSUB_OP.ADDSUB/LOGIC_SPEED.OP/NORM/ROUND/DSP48_E1.DSP48E1_ADD.DSP48E1_ADD/i_no_versal_es1_workaround.DSP input dma_axis_ip_example_i/pedal_top_0/inst/grp_generic_tanh_float_s_fu_607/dadd_64ns_64ns_64_4_full_dsp_0_U27/pedal_top_dadd_64ns_64ns_64_4_full_dsp_0_ip_u/inst/i_synth/ADDSUB_OP.ADDSUB/LOGIC_SPEED.OP/NORM/ROUND/DSP48_E1.DSP48E1_ADD.DSP48E1_ADD/i_no_versal_es1_workaround.DSP/B[17:0] is not pipelined. Pipelining DSP48 input will improve performance.
Related violations: <none>

DPIP-2#46 Warning
Input pipelining  
DSP dma_axis_ip_example_i/pedal_top_0/inst/grp_generic_tanh_float_s_fu_607/dadd_64ns_64ns_64_4_full_dsp_0_U27/pedal_top_dadd_64ns_64ns_64_4_full_dsp_0_ip_u/inst/i_synth/ADDSUB_OP.ADDSUB/LOGIC_SPEED.OP/NORM/ROUND/DSP48_E1.DSP48E1_ADD.DSP48E1_ADD/i_no_versal_es1_workaround.DSP input dma_axis_ip_example_i/pedal_top_0/inst/grp_generic_tanh_float_s_fu_607/dadd_64ns_64ns_64_4_full_dsp_0_U27/pedal_top_dadd_64ns_64ns_64_4_full_dsp_0_ip_u/inst/i_synth/ADDSUB_OP.ADDSUB/LOGIC_SPEED.OP/NORM/ROUND/DSP48_E1.DSP48E1_ADD.DSP48E1_ADD/i_no_versal_es1_workaround.DSP/C[47:0] is not pipelined. Pipelining DSP48 input will improve performance.
Related violations: <none>

DPIP-2#47 Warning
Input pipelining  
DSP dma_axis_ip_example_i/pedal_top_0/inst/grp_generic_tanh_float_s_fu_607/fadd_32ns_32ns_32_3_full_dsp_0_U17/pedal_top_fadd_32ns_32ns_32_3_full_dsp_0_ip_u/inst/i_synth/ADDSUB_OP.ADDSUB/DSP.OP/DSP48E1_BODY.ALIGN_ADD/DSP2/i_no_versal_es1_workaround.DSP input dma_axis_ip_example_i/pedal_top_0/inst/grp_generic_tanh_float_s_fu_607/fadd_32ns_32ns_32_3_full_dsp_0_U17/pedal_top_fadd_32ns_32ns_32_3_full_dsp_0_ip_u/inst/i_synth/ADDSUB_OP.ADDSUB/DSP.OP/DSP48E1_BODY.ALIGN_ADD/DSP2/i_no_versal_es1_workaround.DSP/A[29:0] is not pipelined. Pipelining DSP48 input will improve performance.
Related violations: <none>

DPIP-2#48 Warning
Input pipelining  
DSP dma_axis_ip_example_i/pedal_top_0/inst/grp_generic_tanh_float_s_fu_607/fadd_32ns_32ns_32_3_full_dsp_0_U17/pedal_top_fadd_32ns_32ns_32_3_full_dsp_0_ip_u/inst/i_synth/ADDSUB_OP.ADDSUB/DSP.OP/DSP48E1_BODY.ALIGN_ADD/DSP2/i_no_versal_es1_workaround.DSP input dma_axis_ip_example_i/pedal_top_0/inst/grp_generic_tanh_float_s_fu_607/fadd_32ns_32ns_32_3_full_dsp_0_U17/pedal_top_fadd_32ns_32ns_32_3_full_dsp_0_ip_u/inst/i_synth/ADDSUB_OP.ADDSUB/DSP.OP/DSP48E1_BODY.ALIGN_ADD/DSP2/i_no_versal_es1_workaround.DSP/B[17:0] is not pipelined. Pipelining DSP48 input will improve performance.
Related violations: <none>

DPIP-2#49 Warning
Input pipelining  
DSP dma_axis_ip_example_i/pedal_top_0/inst/grp_generic_tanh_float_s_fu_607/fadd_32ns_32ns_32_3_full_dsp_0_U17/pedal_top_fadd_32ns_32ns_32_3_full_dsp_0_ip_u/inst/i_synth/ADDSUB_OP.ADDSUB/DSP.OP/DSP48E1_BODY.ALIGN_ADD/DSP2/i_no_versal_es1_workaround.DSP input dma_axis_ip_example_i/pedal_top_0/inst/grp_generic_tanh_float_s_fu_607/fadd_32ns_32ns_32_3_full_dsp_0_U17/pedal_top_fadd_32ns_32ns_32_3_full_dsp_0_ip_u/inst/i_synth/ADDSUB_OP.ADDSUB/DSP.OP/DSP48E1_BODY.ALIGN_ADD/DSP2/i_no_versal_es1_workaround.DSP/C[47:0] is not pipelined. Pipelining DSP48 input will improve performance.
Related violations: <none>

DPIP-2#50 Warning
Input pipelining  
DSP dma_axis_ip_example_i/pedal_top_0/inst/grp_generic_tanh_float_s_fu_607/fadd_32ns_32ns_32_3_full_dsp_0_U17/pedal_top_fadd_32ns_32ns_32_3_full_dsp_0_ip_u/inst/i_synth/ADDSUB_OP.ADDSUB/DSP.OP/DSP48E1_BODY.NORM_RND/FULL_USAGE_DSP.SHIFT_RND/i_no_versal_es1_workaround.DSP input dma_axis_ip_example_i/pedal_top_0/inst/grp_generic_tanh_float_s_fu_607/fadd_32ns_32ns_32_3_full_dsp_0_U17/pedal_top_fadd_32ns_32ns_32_3_full_dsp_0_ip_u/inst/i_synth/ADDSUB_OP.ADDSUB/DSP.OP/DSP48E1_BODY.NORM_RND/FULL_USAGE_DSP.SHIFT_RND/i_no_versal_es1_workaround.DSP/A[29:0] is not pipelined. Pipelining DSP48 input will improve performance.
Related violations: <none>

DPIP-2#51 Warning
Input pipelining  
DSP dma_axis_ip_example_i/pedal_top_0/inst/grp_generic_tanh_float_s_fu_607/fadd_32ns_32ns_32_3_full_dsp_0_U17/pedal_top_fadd_32ns_32ns_32_3_full_dsp_0_ip_u/inst/i_synth/ADDSUB_OP.ADDSUB/DSP.OP/DSP48E1_BODY.NORM_RND/FULL_USAGE_DSP.SHIFT_RND/i_no_versal_es1_workaround.DSP input dma_axis_ip_example_i/pedal_top_0/inst/grp_generic_tanh_float_s_fu_607/fadd_32ns_32ns_32_3_full_dsp_0_U17/pedal_top_fadd_32ns_32ns_32_3_full_dsp_0_ip_u/inst/i_synth/ADDSUB_OP.ADDSUB/DSP.OP/DSP48E1_BODY.NORM_RND/FULL_USAGE_DSP.SHIFT_RND/i_no_versal_es1_workaround.DSP/B[17:0] is not pipelined. Pipelining DSP48 input will improve performance.
Related violations: <none>

DPIP-2#52 Warning
Input pipelining  
DSP dma_axis_ip_example_i/pedal_top_0/inst/grp_generic_tanh_float_s_fu_607/fadd_32ns_32ns_32_3_full_dsp_0_U17/pedal_top_fadd_32ns_32ns_32_3_full_dsp_0_ip_u/inst/i_synth/ADDSUB_OP.ADDSUB/DSP.OP/DSP48E1_BODY.NORM_RND/FULL_USAGE_DSP.SHIFT_RND/i_no_versal_es1_workaround.DSP input dma_axis_ip_example_i/pedal_top_0/inst/grp_generic_tanh_float_s_fu_607/fadd_32ns_32ns_32_3_full_dsp_0_U17/pedal_top_fadd_32ns_32ns_32_3_full_dsp_0_ip_u/inst/i_synth/ADDSUB_OP.ADDSUB/DSP.OP/DSP48E1_BODY.NORM_RND/FULL_USAGE_DSP.SHIFT_RND/i_no_versal_es1_workaround.DSP/C[47:0] is not pipelined. Pipelining DSP48 input will improve performance.
Related violations: <none>

DPIP-2#53 Warning
Input pipelining  
DSP dma_axis_ip_example_i/pedal_top_0/inst/grp_generic_tanh_float_s_fu_607/fadd_32ns_32ns_32_3_full_dsp_0_U19/pedal_top_fadd_32ns_32ns_32_3_full_dsp_0_ip_u/inst/i_synth/ADDSUB_OP.ADDSUB/DSP.OP/DSP48E1_BODY.ALIGN_ADD/DSP2/i_no_versal_es1_workaround.DSP input dma_axis_ip_example_i/pedal_top_0/inst/grp_generic_tanh_float_s_fu_607/fadd_32ns_32ns_32_3_full_dsp_0_U19/pedal_top_fadd_32ns_32ns_32_3_full_dsp_0_ip_u/inst/i_synth/ADDSUB_OP.ADDSUB/DSP.OP/DSP48E1_BODY.ALIGN_ADD/DSP2/i_no_versal_es1_workaround.DSP/A[29:0] is not pipelined. Pipelining DSP48 input will improve performance.
Related violations: <none>

DPIP-2#54 Warning
Input pipelining  
DSP dma_axis_ip_example_i/pedal_top_0/inst/grp_generic_tanh_float_s_fu_607/fadd_32ns_32ns_32_3_full_dsp_0_U19/pedal_top_fadd_32ns_32ns_32_3_full_dsp_0_ip_u/inst/i_synth/ADDSUB_OP.ADDSUB/DSP.OP/DSP48E1_BODY.ALIGN_ADD/DSP2/i_no_versal_es1_workaround.DSP input dma_axis_ip_example_i/pedal_top_0/inst/grp_generic_tanh_float_s_fu_607/fadd_32ns_32ns_32_3_full_dsp_0_U19/pedal_top_fadd_32ns_32ns_32_3_full_dsp_0_ip_u/inst/i_synth/ADDSUB_OP.ADDSUB/DSP.OP/DSP48E1_BODY.ALIGN_ADD/DSP2/i_no_versal_es1_workaround.DSP/C[47:0] is not pipelined. Pipelining DSP48 input will improve performance.
Related violations: <none>

DPIP-2#55 Warning
Input pipelining  
DSP dma_axis_ip_example_i/pedal_top_0/inst/grp_generic_tanh_float_s_fu_607/fadd_32ns_32ns_32_3_full_dsp_0_U19/pedal_top_fadd_32ns_32ns_32_3_full_dsp_0_ip_u/inst/i_synth/ADDSUB_OP.ADDSUB/DSP.OP/DSP48E1_BODY.NORM_RND/FULL_USAGE_DSP.SHIFT_RND/i_no_versal_es1_workaround.DSP input dma_axis_ip_example_i/pedal_top_0/inst/grp_generic_tanh_float_s_fu_607/fadd_32ns_32ns_32_3_full_dsp_0_U19/pedal_top_fadd_32ns_32ns_32_3_full_dsp_0_ip_u/inst/i_synth/ADDSUB_OP.ADDSUB/DSP.OP/DSP48E1_BODY.NORM_RND/FULL_USAGE_DSP.SHIFT_RND/i_no_versal_es1_workaround.DSP/A[29:0] is not pipelined. Pipelining DSP48 input will improve performance.
Related violations: <none>

DPIP-2#56 Warning
Input pipelining  
DSP dma_axis_ip_example_i/pedal_top_0/inst/grp_generic_tanh_float_s_fu_607/fadd_32ns_32ns_32_3_full_dsp_0_U19/pedal_top_fadd_32ns_32ns_32_3_full_dsp_0_ip_u/inst/i_synth/ADDSUB_OP.ADDSUB/DSP.OP/DSP48E1_BODY.NORM_RND/FULL_USAGE_DSP.SHIFT_RND/i_no_versal_es1_workaround.DSP input dma_axis_ip_example_i/pedal_top_0/inst/grp_generic_tanh_float_s_fu_607/fadd_32ns_32ns_32_3_full_dsp_0_U19/pedal_top_fadd_32ns_32ns_32_3_full_dsp_0_ip_u/inst/i_synth/ADDSUB_OP.ADDSUB/DSP.OP/DSP48E1_BODY.NORM_RND/FULL_USAGE_DSP.SHIFT_RND/i_no_versal_es1_workaround.DSP/B[17:0] is not pipelined. Pipelining DSP48 input will improve performance.
Related violations: <none>

DPIP-2#57 Warning
Input pipelining  
DSP dma_axis_ip_example_i/pedal_top_0/inst/grp_generic_tanh_float_s_fu_607/fadd_32ns_32ns_32_3_full_dsp_0_U19/pedal_top_fadd_32ns_32ns_32_3_full_dsp_0_ip_u/inst/i_synth/ADDSUB_OP.ADDSUB/DSP.OP/DSP48E1_BODY.NORM_RND/FULL_USAGE_DSP.SHIFT_RND/i_no_versal_es1_workaround.DSP input dma_axis_ip_example_i/pedal_top_0/inst/grp_generic_tanh_float_s_fu_607/fadd_32ns_32ns_32_3_full_dsp_0_U19/pedal_top_fadd_32ns_32ns_32_3_full_dsp_0_ip_u/inst/i_synth/ADDSUB_OP.ADDSUB/DSP.OP/DSP48E1_BODY.NORM_RND/FULL_USAGE_DSP.SHIFT_RND/i_no_versal_es1_workaround.DSP/C[47:0] is not pipelined. Pipelining DSP48 input will improve performance.
Related violations: <none>

DPIP-2#58 Warning
Input pipelining  
DSP dma_axis_ip_example_i/pedal_top_0/inst/grp_generic_tanh_float_s_fu_607/fadd_32ns_32ns_32_3_full_dsp_0_U20/pedal_top_fadd_32ns_32ns_32_3_full_dsp_0_ip_u/inst/i_synth/ADDSUB_OP.ADDSUB/DSP.OP/DSP48E1_BODY.ALIGN_ADD/DSP2/i_no_versal_es1_workaround.DSP input dma_axis_ip_example_i/pedal_top_0/inst/grp_generic_tanh_float_s_fu_607/fadd_32ns_32ns_32_3_full_dsp_0_U20/pedal_top_fadd_32ns_32ns_32_3_full_dsp_0_ip_u/inst/i_synth/ADDSUB_OP.ADDSUB/DSP.OP/DSP48E1_BODY.ALIGN_ADD/DSP2/i_no_versal_es1_workaround.DSP/A[29:0] is not pipelined. Pipelining DSP48 input will improve performance.
Related violations: <none>

DPIP-2#59 Warning
Input pipelining  
DSP dma_axis_ip_example_i/pedal_top_0/inst/grp_generic_tanh_float_s_fu_607/fadd_32ns_32ns_32_3_full_dsp_0_U20/pedal_top_fadd_32ns_32ns_32_3_full_dsp_0_ip_u/inst/i_synth/ADDSUB_OP.ADDSUB/DSP.OP/DSP48E1_BODY.ALIGN_ADD/DSP2/i_no_versal_es1_workaround.DSP input dma_axis_ip_example_i/pedal_top_0/inst/grp_generic_tanh_float_s_fu_607/fadd_32ns_32ns_32_3_full_dsp_0_U20/pedal_top_fadd_32ns_32ns_32_3_full_dsp_0_ip_u/inst/i_synth/ADDSUB_OP.ADDSUB/DSP.OP/DSP48E1_BODY.ALIGN_ADD/DSP2/i_no_versal_es1_workaround.DSP/B[17:0] is not pipelined. Pipelining DSP48 input will improve performance.
Related violations: <none>

DPIP-2#60 Warning
Input pipelining  
DSP dma_axis_ip_example_i/pedal_top_0/inst/grp_generic_tanh_float_s_fu_607/fadd_32ns_32ns_32_3_full_dsp_0_U20/pedal_top_fadd_32ns_32ns_32_3_full_dsp_0_ip_u/inst/i_synth/ADDSUB_OP.ADDSUB/DSP.OP/DSP48E1_BODY.ALIGN_ADD/DSP2/i_no_versal_es1_workaround.DSP input dma_axis_ip_example_i/pedal_top_0/inst/grp_generic_tanh_float_s_fu_607/fadd_32ns_32ns_32_3_full_dsp_0_U20/pedal_top_fadd_32ns_32ns_32_3_full_dsp_0_ip_u/inst/i_synth/ADDSUB_OP.ADDSUB/DSP.OP/DSP48E1_BODY.ALIGN_ADD/DSP2/i_no_versal_es1_workaround.DSP/C[47:0] is not pipelined. Pipelining DSP48 input will improve performance.
Related violations: <none>

DPIP-2#61 Warning
Input pipelining  
DSP dma_axis_ip_example_i/pedal_top_0/inst/grp_generic_tanh_float_s_fu_607/fadd_32ns_32ns_32_3_full_dsp_0_U20/pedal_top_fadd_32ns_32ns_32_3_full_dsp_0_ip_u/inst/i_synth/ADDSUB_OP.ADDSUB/DSP.OP/DSP48E1_BODY.NORM_RND/FULL_USAGE_DSP.SHIFT_RND/i_no_versal_es1_workaround.DSP input dma_axis_ip_example_i/pedal_top_0/inst/grp_generic_tanh_float_s_fu_607/fadd_32ns_32ns_32_3_full_dsp_0_U20/pedal_top_fadd_32ns_32ns_32_3_full_dsp_0_ip_u/inst/i_synth/ADDSUB_OP.ADDSUB/DSP.OP/DSP48E1_BODY.NORM_RND/FULL_USAGE_DSP.SHIFT_RND/i_no_versal_es1_workaround.DSP/A[29:0] is not pipelined. Pipelining DSP48 input will improve performance.
Related violations: <none>

DPIP-2#62 Warning
Input pipelining  
DSP dma_axis_ip_example_i/pedal_top_0/inst/grp_generic_tanh_float_s_fu_607/fadd_32ns_32ns_32_3_full_dsp_0_U20/pedal_top_fadd_32ns_32ns_32_3_full_dsp_0_ip_u/inst/i_synth/ADDSUB_OP.ADDSUB/DSP.OP/DSP48E1_BODY.NORM_RND/FULL_USAGE_DSP.SHIFT_RND/i_no_versal_es1_workaround.DSP input dma_axis_ip_example_i/pedal_top_0/inst/grp_generic_tanh_float_s_fu_607/fadd_32ns_32ns_32_3_full_dsp_0_U20/pedal_top_fadd_32ns_32ns_32_3_full_dsp_0_ip_u/inst/i_synth/ADDSUB_OP.ADDSUB/DSP.OP/DSP48E1_BODY.NORM_RND/FULL_USAGE_DSP.SHIFT_RND/i_no_versal_es1_workaround.DSP/B[17:0] is not pipelined. Pipelining DSP48 input will improve performance.
Related violations: <none>

DPIP-2#63 Warning
Input pipelining  
DSP dma_axis_ip_example_i/pedal_top_0/inst/grp_generic_tanh_float_s_fu_607/fadd_32ns_32ns_32_3_full_dsp_0_U20/pedal_top_fadd_32ns_32ns_32_3_full_dsp_0_ip_u/inst/i_synth/ADDSUB_OP.ADDSUB/DSP.OP/DSP48E1_BODY.NORM_RND/FULL_USAGE_DSP.SHIFT_RND/i_no_versal_es1_workaround.DSP input dma_axis_ip_example_i/pedal_top_0/inst/grp_generic_tanh_float_s_fu_607/fadd_32ns_32ns_32_3_full_dsp_0_U20/pedal_top_fadd_32ns_32ns_32_3_full_dsp_0_ip_u/inst/i_synth/ADDSUB_OP.ADDSUB/DSP.OP/DSP48E1_BODY.NORM_RND/FULL_USAGE_DSP.SHIFT_RND/i_no_versal_es1_workaround.DSP/C[47:0] is not pipelined. Pipelining DSP48 input will improve performance.
Related violations: <none>

DPIP-2#64 Warning
Input pipelining  
DSP dma_axis_ip_example_i/pedal_top_0/inst/grp_generic_tanh_float_s_fu_607/fmul_32ns_32ns_32_2_max_dsp_0_U22/pedal_top_fmul_32ns_32ns_32_2_max_dsp_0_ip_u/inst/i_synth/MULT.OP/i_non_prim.MULT/DSP48E1_SPD_SGL_VARIANT.FIX_MULT/DSP1/i_no_versal_es1_workaround.DSP input dma_axis_ip_example_i/pedal_top_0/inst/grp_generic_tanh_float_s_fu_607/fmul_32ns_32ns_32_2_max_dsp_0_U22/pedal_top_fmul_32ns_32ns_32_2_max_dsp_0_ip_u/inst/i_synth/MULT.OP/i_non_prim.MULT/DSP48E1_SPD_SGL_VARIANT.FIX_MULT/DSP1/i_no_versal_es1_workaround.DSP/A[29:0] is not pipelined. Pipelining DSP48 input will improve performance.
Related violations: <none>

DPIP-2#65 Warning
Input pipelining  
DSP dma_axis_ip_example_i/pedal_top_0/inst/grp_generic_tanh_float_s_fu_607/fmul_32ns_32ns_32_2_max_dsp_0_U22/pedal_top_fmul_32ns_32ns_32_2_max_dsp_0_ip_u/inst/i_synth/MULT.OP/i_non_prim.MULT/DSP48E1_SPD_SGL_VARIANT.FIX_MULT/DSP1/i_no_versal_es1_workaround.DSP input dma_axis_ip_example_i/pedal_top_0/inst/grp_generic_tanh_float_s_fu_607/fmul_32ns_32ns_32_2_max_dsp_0_U22/pedal_top_fmul_32ns_32ns_32_2_max_dsp_0_ip_u/inst/i_synth/MULT.OP/i_non_prim.MULT/DSP48E1_SPD_SGL_VARIANT.FIX_MULT/DSP1/i_no_versal_es1_workaround.DSP/B[17:0] is not pipelined. Pipelining DSP48 input will improve performance.
Related violations: <none>

DPIP-2#66 Warning
Input pipelining  
DSP dma_axis_ip_example_i/pedal_top_0/inst/grp_generic_tanh_float_s_fu_607/fmul_32ns_32ns_32_2_max_dsp_0_U22/pedal_top_fmul_32ns_32ns_32_2_max_dsp_0_ip_u/inst/i_synth/MULT.OP/i_non_prim.MULT/DSP48E1_SPD_SGL_VARIANT.FIX_MULT/DSP2/i_no_versal_es1_workaround.DSP input dma_axis_ip_example_i/pedal_top_0/inst/grp_generic_tanh_float_s_fu_607/fmul_32ns_32ns_32_2_max_dsp_0_U22/pedal_top_fmul_32ns_32ns_32_2_max_dsp_0_ip_u/inst/i_synth/MULT.OP/i_non_prim.MULT/DSP48E1_SPD_SGL_VARIANT.FIX_MULT/DSP2/i_no_versal_es1_workaround.DSP/B[17:0] is not pipelined. Pipelining DSP48 input will improve performance.
Related violations: <none>

DPIP-2#67 Warning
Input pipelining  
DSP dma_axis_ip_example_i/pedal_top_0/inst/grp_generic_tanh_float_s_fu_607/fmul_32ns_32ns_32_2_max_dsp_0_U22/pedal_top_fmul_32ns_32ns_32_2_max_dsp_0_ip_u/inst/i_synth/MULT.OP/i_non_prim.R_AND_R/LAT_OPT.FULL.R_AND_R/DSP48E1_SGL_EXP_IP.OLD_ADD.ADD/i_no_versal_es1_workaround.DSP input dma_axis_ip_example_i/pedal_top_0/inst/grp_generic_tanh_float_s_fu_607/fmul_32ns_32ns_32_2_max_dsp_0_U22/pedal_top_fmul_32ns_32ns_32_2_max_dsp_0_ip_u/inst/i_synth/MULT.OP/i_non_prim.R_AND_R/LAT_OPT.FULL.R_AND_R/DSP48E1_SGL_EXP_IP.OLD_ADD.ADD/i_no_versal_es1_workaround.DSP/C[47:0] is not pipelined. Pipelining DSP48 input will improve performance.
Related violations: <none>

DPIP-2#68 Warning
Input pipelining  
DSP dma_axis_ip_example_i/pedal_top_0/inst/grp_generic_tanh_float_s_fu_607/fsub_32ns_32ns_32_3_full_dsp_0_U18/pedal_top_fsub_32ns_32ns_32_3_full_dsp_0_ip_u/inst/i_synth/ADDSUB_OP.ADDSUB/DSP.OP/DSP48E1_BODY.ALIGN_ADD/DSP2/i_no_versal_es1_workaround.DSP input dma_axis_ip_example_i/pedal_top_0/inst/grp_generic_tanh_float_s_fu_607/fsub_32ns_32ns_32_3_full_dsp_0_U18/pedal_top_fsub_32ns_32ns_32_3_full_dsp_0_ip_u/inst/i_synth/ADDSUB_OP.ADDSUB/DSP.OP/DSP48E1_BODY.ALIGN_ADD/DSP2/i_no_versal_es1_workaround.DSP/A[29:0] is not pipelined. Pipelining DSP48 input will improve performance.
Related violations: <none>

DPIP-2#69 Warning
Input pipelining  
DSP dma_axis_ip_example_i/pedal_top_0/inst/grp_generic_tanh_float_s_fu_607/fsub_32ns_32ns_32_3_full_dsp_0_U18/pedal_top_fsub_32ns_32ns_32_3_full_dsp_0_ip_u/inst/i_synth/ADDSUB_OP.ADDSUB/DSP.OP/DSP48E1_BODY.ALIGN_ADD/DSP2/i_no_versal_es1_workaround.DSP input dma_axis_ip_example_i/pedal_top_0/inst/grp_generic_tanh_float_s_fu_607/fsub_32ns_32ns_32_3_full_dsp_0_U18/pedal_top_fsub_32ns_32ns_32_3_full_dsp_0_ip_u/inst/i_synth/ADDSUB_OP.ADDSUB/DSP.OP/DSP48E1_BODY.ALIGN_ADD/DSP2/i_no_versal_es1_workaround.DSP/C[47:0] is not pipelined. Pipelining DSP48 input will improve performance.
Related violations: <none>

DPIP-2#70 Warning
Input pipelining  
DSP dma_axis_ip_example_i/pedal_top_0/inst/grp_generic_tanh_float_s_fu_607/fsub_32ns_32ns_32_3_full_dsp_0_U18/pedal_top_fsub_32ns_32ns_32_3_full_dsp_0_ip_u/inst/i_synth/ADDSUB_OP.ADDSUB/DSP.OP/DSP48E1_BODY.NORM_RND/FULL_USAGE_DSP.SHIFT_RND/i_no_versal_es1_workaround.DSP input dma_axis_ip_example_i/pedal_top_0/inst/grp_generic_tanh_float_s_fu_607/fsub_32ns_32ns_32_3_full_dsp_0_U18/pedal_top_fsub_32ns_32ns_32_3_full_dsp_0_ip_u/inst/i_synth/ADDSUB_OP.ADDSUB/DSP.OP/DSP48E1_BODY.NORM_RND/FULL_USAGE_DSP.SHIFT_RND/i_no_versal_es1_workaround.DSP/A[29:0] is not pipelined. Pipelining DSP48 input will improve performance.
Related violations: <none>

DPIP-2#71 Warning
Input pipelining  
DSP dma_axis_ip_example_i/pedal_top_0/inst/grp_generic_tanh_float_s_fu_607/fsub_32ns_32ns_32_3_full_dsp_0_U18/pedal_top_fsub_32ns_32ns_32_3_full_dsp_0_ip_u/inst/i_synth/ADDSUB_OP.ADDSUB/DSP.OP/DSP48E1_BODY.NORM_RND/FULL_USAGE_DSP.SHIFT_RND/i_no_versal_es1_workaround.DSP input dma_axis_ip_example_i/pedal_top_0/inst/grp_generic_tanh_float_s_fu_607/fsub_32ns_32ns_32_3_full_dsp_0_U18/pedal_top_fsub_32ns_32ns_32_3_full_dsp_0_ip_u/inst/i_synth/ADDSUB_OP.ADDSUB/DSP.OP/DSP48E1_BODY.NORM_RND/FULL_USAGE_DSP.SHIFT_RND/i_no_versal_es1_workaround.DSP/B[17:0] is not pipelined. Pipelining DSP48 input will improve performance.
Related violations: <none>

DPIP-2#72 Warning
Input pipelining  
DSP dma_axis_ip_example_i/pedal_top_0/inst/grp_generic_tanh_float_s_fu_607/fsub_32ns_32ns_32_3_full_dsp_0_U18/pedal_top_fsub_32ns_32ns_32_3_full_dsp_0_ip_u/inst/i_synth/ADDSUB_OP.ADDSUB/DSP.OP/DSP48E1_BODY.NORM_RND/FULL_USAGE_DSP.SHIFT_RND/i_no_versal_es1_workaround.DSP input dma_axis_ip_example_i/pedal_top_0/inst/grp_generic_tanh_float_s_fu_607/fsub_32ns_32ns_32_3_full_dsp_0_U18/pedal_top_fsub_32ns_32ns_32_3_full_dsp_0_ip_u/inst/i_synth/ADDSUB_OP.ADDSUB/DSP.OP/DSP48E1_BODY.NORM_RND/FULL_USAGE_DSP.SHIFT_RND/i_no_versal_es1_workaround.DSP/C[47:0] is not pipelined. Pipelining DSP48 input will improve performance.
Related violations: <none>

DPIP-2#73 Warning
Input pipelining  
DSP dma_axis_ip_example_i/pedal_top_0/inst/grp_generic_tanh_float_s_fu_607/fsub_32ns_32ns_32_3_full_dsp_0_U21/pedal_top_fsub_32ns_32ns_32_3_full_dsp_0_ip_u/inst/i_synth/ADDSUB_OP.ADDSUB/DSP.OP/DSP48E1_BODY.ALIGN_ADD/DSP2/i_no_versal_es1_workaround.DSP input dma_axis_ip_example_i/pedal_top_0/inst/grp_generic_tanh_float_s_fu_607/fsub_32ns_32ns_32_3_full_dsp_0_U21/pedal_top_fsub_32ns_32ns_32_3_full_dsp_0_ip_u/inst/i_synth/ADDSUB_OP.ADDSUB/DSP.OP/DSP48E1_BODY.ALIGN_ADD/DSP2/i_no_versal_es1_workaround.DSP/A[29:0] is not pipelined. Pipelining DSP48 input will improve performance.
Related violations: <none>

DPIP-2#74 Warning
Input pipelining  
DSP dma_axis_ip_example_i/pedal_top_0/inst/grp_generic_tanh_float_s_fu_607/fsub_32ns_32ns_32_3_full_dsp_0_U21/pedal_top_fsub_32ns_32ns_32_3_full_dsp_0_ip_u/inst/i_synth/ADDSUB_OP.ADDSUB/DSP.OP/DSP48E1_BODY.ALIGN_ADD/DSP2/i_no_versal_es1_workaround.DSP input dma_axis_ip_example_i/pedal_top_0/inst/grp_generic_tanh_float_s_fu_607/fsub_32ns_32ns_32_3_full_dsp_0_U21/pedal_top_fsub_32ns_32ns_32_3_full_dsp_0_ip_u/inst/i_synth/ADDSUB_OP.ADDSUB/DSP.OP/DSP48E1_BODY.ALIGN_ADD/DSP2/i_no_versal_es1_workaround.DSP/B[17:0] is not pipelined. Pipelining DSP48 input will improve performance.
Related violations: <none>

DPIP-2#75 Warning
Input pipelining  
DSP dma_axis_ip_example_i/pedal_top_0/inst/grp_generic_tanh_float_s_fu_607/fsub_32ns_32ns_32_3_full_dsp_0_U21/pedal_top_fsub_32ns_32ns_32_3_full_dsp_0_ip_u/inst/i_synth/ADDSUB_OP.ADDSUB/DSP.OP/DSP48E1_BODY.ALIGN_ADD/DSP2/i_no_versal_es1_workaround.DSP input dma_axis_ip_example_i/pedal_top_0/inst/grp_generic_tanh_float_s_fu_607/fsub_32ns_32ns_32_3_full_dsp_0_U21/pedal_top_fsub_32ns_32ns_32_3_full_dsp_0_ip_u/inst/i_synth/ADDSUB_OP.ADDSUB/DSP.OP/DSP48E1_BODY.ALIGN_ADD/DSP2/i_no_versal_es1_workaround.DSP/C[47:0] is not pipelined. Pipelining DSP48 input will improve performance.
Related violations: <none>

DPIP-2#76 Warning
Input pipelining  
DSP dma_axis_ip_example_i/pedal_top_0/inst/grp_generic_tanh_float_s_fu_607/fsub_32ns_32ns_32_3_full_dsp_0_U21/pedal_top_fsub_32ns_32ns_32_3_full_dsp_0_ip_u/inst/i_synth/ADDSUB_OP.ADDSUB/DSP.OP/DSP48E1_BODY.NORM_RND/FULL_USAGE_DSP.SHIFT_RND/i_no_versal_es1_workaround.DSP input dma_axis_ip_example_i/pedal_top_0/inst/grp_generic_tanh_float_s_fu_607/fsub_32ns_32ns_32_3_full_dsp_0_U21/pedal_top_fsub_32ns_32ns_32_3_full_dsp_0_ip_u/inst/i_synth/ADDSUB_OP.ADDSUB/DSP.OP/DSP48E1_BODY.NORM_RND/FULL_USAGE_DSP.SHIFT_RND/i_no_versal_es1_workaround.DSP/A[29:0] is not pipelined. Pipelining DSP48 input will improve performance.
Related violations: <none>

DPIP-2#77 Warning
Input pipelining  
DSP dma_axis_ip_example_i/pedal_top_0/inst/grp_generic_tanh_float_s_fu_607/fsub_32ns_32ns_32_3_full_dsp_0_U21/pedal_top_fsub_32ns_32ns_32_3_full_dsp_0_ip_u/inst/i_synth/ADDSUB_OP.ADDSUB/DSP.OP/DSP48E1_BODY.NORM_RND/FULL_USAGE_DSP.SHIFT_RND/i_no_versal_es1_workaround.DSP input dma_axis_ip_example_i/pedal_top_0/inst/grp_generic_tanh_float_s_fu_607/fsub_32ns_32ns_32_3_full_dsp_0_U21/pedal_top_fsub_32ns_32ns_32_3_full_dsp_0_ip_u/inst/i_synth/ADDSUB_OP.ADDSUB/DSP.OP/DSP48E1_BODY.NORM_RND/FULL_USAGE_DSP.SHIFT_RND/i_no_versal_es1_workaround.DSP/B[17:0] is not pipelined. Pipelining DSP48 input will improve performance.
Related violations: <none>

DPIP-2#78 Warning
Input pipelining  
DSP dma_axis_ip_example_i/pedal_top_0/inst/grp_generic_tanh_float_s_fu_607/fsub_32ns_32ns_32_3_full_dsp_0_U21/pedal_top_fsub_32ns_32ns_32_3_full_dsp_0_ip_u/inst/i_synth/ADDSUB_OP.ADDSUB/DSP.OP/DSP48E1_BODY.NORM_RND/FULL_USAGE_DSP.SHIFT_RND/i_no_versal_es1_workaround.DSP input dma_axis_ip_example_i/pedal_top_0/inst/grp_generic_tanh_float_s_fu_607/fsub_32ns_32ns_32_3_full_dsp_0_U21/pedal_top_fsub_32ns_32ns_32_3_full_dsp_0_ip_u/inst/i_synth/ADDSUB_OP.ADDSUB/DSP.OP/DSP48E1_BODY.NORM_RND/FULL_USAGE_DSP.SHIFT_RND/i_no_versal_es1_workaround.DSP/C[47:0] is not pipelined. Pipelining DSP48 input will improve performance.
Related violations: <none>

DPIP-2#79 Warning
Input pipelining  
DSP dma_axis_ip_example_i/pedal_top_0/inst/grp_generic_tanh_float_s_fu_607/grp_exp_generic_double_s_fu_89/mac_muladd_16s_15ns_19s_31_4_1_U6/pedal_top_mac_muladd_16s_15ns_19s_31_4_1_DSP48_0_U/p_reg_reg input dma_axis_ip_example_i/pedal_top_0/inst/grp_generic_tanh_float_s_fu_607/grp_exp_generic_double_s_fu_89/mac_muladd_16s_15ns_19s_31_4_1_U6/pedal_top_mac_muladd_16s_15ns_19s_31_4_1_DSP48_0_U/p_reg_reg/C[47:0] is not pipelined. Pipelining DSP48 input will improve performance.
Related violations: <none>

DPIP-2#80 Warning
Input pipelining  
DSP dma_axis_ip_example_i/pedal_top_0/inst/grp_generic_tanh_float_s_fu_607/grp_exp_generic_double_s_fu_89/mul_13s_71s_71_1_1_U1/tmp_product input dma_axis_ip_example_i/pedal_top_0/inst/grp_generic_tanh_float_s_fu_607/grp_exp_generic_double_s_fu_89/mul_13s_71s_71_1_1_U1/tmp_product/B[17:0] is not pipelined. Pipelining DSP48 input will improve performance.
Related violations: <none>

DPIP-2#81 Warning
Input pipelining  
DSP dma_axis_ip_example_i/pedal_top_0/inst/grp_generic_tanh_float_s_fu_607/grp_exp_generic_double_s_fu_89/mul_13s_71s_71_1_1_U1/tmp_product__0 input dma_axis_ip_example_i/pedal_top_0/inst/grp_generic_tanh_float_s_fu_607/grp_exp_generic_double_s_fu_89/mul_13s_71s_71_1_1_U1/tmp_product__0/B[17:0] is not pipelined. Pipelining DSP48 input will improve performance.
Related violations: <none>

DPIP-2#82 Warning
Input pipelining  
DSP dma_axis_ip_example_i/pedal_top_0/inst/grp_generic_tanh_float_s_fu_607/grp_exp_generic_double_s_fu_89/mul_13s_71s_71_1_1_U1/tmp_product__1 input dma_axis_ip_example_i/pedal_top_0/inst/grp_generic_tanh_float_s_fu_607/grp_exp_generic_double_s_fu_89/mul_13s_71s_71_1_1_U1/tmp_product__1/A[29:0] is not pipelined. Pipelining DSP48 input will improve performance.
Related violations: <none>

DPIP-2#83 Warning
Input pipelining  
DSP dma_axis_ip_example_i/pedal_top_0/inst/grp_generic_tanh_float_s_fu_607/grp_exp_generic_double_s_fu_89/mul_13s_71s_71_1_1_U1/tmp_product__2 input dma_axis_ip_example_i/pedal_top_0/inst/grp_generic_tanh_float_s_fu_607/grp_exp_generic_double_s_fu_89/mul_13s_71s_71_1_1_U1/tmp_product__2/B[17:0] is not pipelined. Pipelining DSP48 input will improve performance.
Related violations: <none>

DPIP-2#84 Warning
Input pipelining  
DSP dma_axis_ip_example_i/pedal_top_0/inst/grp_generic_tanh_float_s_fu_607/grp_exp_generic_double_s_fu_89/mul_43ns_36ns_79_1_1_U2/tmp_product input dma_axis_ip_example_i/pedal_top_0/inst/grp_generic_tanh_float_s_fu_607/grp_exp_generic_double_s_fu_89/mul_43ns_36ns_79_1_1_U2/tmp_product/A[29:0] is not pipelined. Pipelining DSP48 input will improve performance.
Related violations: <none>

DPIP-2#85 Warning
Input pipelining  
DSP dma_axis_ip_example_i/pedal_top_0/inst/grp_generic_tanh_float_s_fu_607/grp_exp_generic_double_s_fu_89/mul_43ns_36ns_79_1_1_U2/tmp_product__0 input dma_axis_ip_example_i/pedal_top_0/inst/grp_generic_tanh_float_s_fu_607/grp_exp_generic_double_s_fu_89/mul_43ns_36ns_79_1_1_U2/tmp_product__0/A[29:0] is not pipelined. Pipelining DSP48 input will improve performance.
Related violations: <none>

DPIP-2#86 Warning
Input pipelining  
DSP dma_axis_ip_example_i/pedal_top_0/inst/grp_generic_tanh_float_s_fu_607/grp_exp_generic_double_s_fu_89/mul_43ns_36ns_79_1_1_U2/tmp_product__0 input dma_axis_ip_example_i/pedal_top_0/inst/grp_generic_tanh_float_s_fu_607/grp_exp_generic_double_s_fu_89/mul_43ns_36ns_79_1_1_U2/tmp_product__0/B[17:0] is not pipelined. Pipelining DSP48 input will improve performance.
Related violations: <none>

DPIP-2#87 Warning
Input pipelining  
DSP dma_axis_ip_example_i/pedal_top_0/inst/grp_generic_tanh_float_s_fu_607/grp_exp_generic_double_s_fu_89/mul_43ns_36ns_79_1_1_U2/tmp_product__1 input dma_axis_ip_example_i/pedal_top_0/inst/grp_generic_tanh_float_s_fu_607/grp_exp_generic_double_s_fu_89/mul_43ns_36ns_79_1_1_U2/tmp_product__1/A[29:0] is not pipelined. Pipelining DSP48 input will improve performance.
Related violations: <none>

DPIP-2#88 Warning
Input pipelining  
DSP dma_axis_ip_example_i/pedal_top_0/inst/grp_generic_tanh_float_s_fu_607/grp_exp_generic_double_s_fu_89/mul_43ns_36ns_79_1_1_U2/tmp_product__1 input dma_axis_ip_example_i/pedal_top_0/inst/grp_generic_tanh_float_s_fu_607/grp_exp_generic_double_s_fu_89/mul_43ns_36ns_79_1_1_U2/tmp_product__1/B[17:0] is not pipelined. Pipelining DSP48 input will improve performance.
Related violations: <none>

DPIP-2#89 Warning
Input pipelining  
DSP dma_axis_ip_example_i/pedal_top_0/inst/grp_generic_tanh_float_s_fu_607/grp_exp_generic_double_s_fu_89/mul_43ns_36ns_79_1_1_U2/tmp_product__2 input dma_axis_ip_example_i/pedal_top_0/inst/grp_generic_tanh_float_s_fu_607/grp_exp_generic_double_s_fu_89/mul_43ns_36ns_79_1_1_U2/tmp_product__2/A[29:0] is not pipelined. Pipelining DSP48 input will improve performance.
Related violations: <none>

DPIP-2#90 Warning
Input pipelining  
DSP dma_axis_ip_example_i/pedal_top_0/inst/grp_generic_tanh_float_s_fu_607/grp_exp_generic_double_s_fu_89/mul_43ns_36ns_79_1_1_U2/tmp_product__2 input dma_axis_ip_example_i/pedal_top_0/inst/grp_generic_tanh_float_s_fu_607/grp_exp_generic_double_s_fu_89/mul_43ns_36ns_79_1_1_U2/tmp_product__2/B[17:0] is not pipelined. Pipelining DSP48 input will improve performance.
Related violations: <none>

DPIP-2#91 Warning
Input pipelining  
DSP dma_axis_ip_example_i/pedal_top_0/inst/grp_generic_tanh_float_s_fu_607/grp_exp_generic_double_s_fu_89/mul_43ns_36ns_79_1_1_U2/tmp_product__3 input dma_axis_ip_example_i/pedal_top_0/inst/grp_generic_tanh_float_s_fu_607/grp_exp_generic_double_s_fu_89/mul_43ns_36ns_79_1_1_U2/tmp_product__3/A[29:0] is not pipelined. Pipelining DSP48 input will improve performance.
Related violations: <none>

DPIP-2#92 Warning
Input pipelining  
DSP dma_axis_ip_example_i/pedal_top_0/inst/grp_generic_tanh_float_s_fu_607/grp_exp_generic_double_s_fu_89/mul_43ns_36ns_79_1_1_U2/tmp_product__3 input dma_axis_ip_example_i/pedal_top_0/inst/grp_generic_tanh_float_s_fu_607/grp_exp_generic_double_s_fu_89/mul_43ns_36ns_79_1_1_U2/tmp_product__3/B[17:0] is not pipelined. Pipelining DSP48 input will improve performance.
Related violations: <none>

DPIP-2#93 Warning
Input pipelining  
DSP dma_axis_ip_example_i/pedal_top_0/inst/grp_generic_tanh_float_s_fu_607/grp_exp_generic_double_s_fu_89/mul_49ns_44ns_93_1_1_U3/tmp_product input dma_axis_ip_example_i/pedal_top_0/inst/grp_generic_tanh_float_s_fu_607/grp_exp_generic_double_s_fu_89/mul_49ns_44ns_93_1_1_U3/tmp_product/A[29:0] is not pipelined. Pipelining DSP48 input will improve performance.
Related violations: <none>

DPIP-2#94 Warning
Input pipelining  
DSP dma_axis_ip_example_i/pedal_top_0/inst/grp_generic_tanh_float_s_fu_607/grp_exp_generic_double_s_fu_89/mul_49ns_44ns_93_1_1_U3/tmp_product__0 input dma_axis_ip_example_i/pedal_top_0/inst/grp_generic_tanh_float_s_fu_607/grp_exp_generic_double_s_fu_89/mul_49ns_44ns_93_1_1_U3/tmp_product__0/B[17:0] is not pipelined. Pipelining DSP48 input will improve performance.
Related violations: <none>

DPIP-2#95 Warning
Input pipelining  
DSP dma_axis_ip_example_i/pedal_top_0/inst/grp_generic_tanh_float_s_fu_607/grp_exp_generic_double_s_fu_89/mul_49ns_44ns_93_1_1_U3/tmp_product__1 input dma_axis_ip_example_i/pedal_top_0/inst/grp_generic_tanh_float_s_fu_607/grp_exp_generic_double_s_fu_89/mul_49ns_44ns_93_1_1_U3/tmp_product__1/A[29:0] is not pipelined. Pipelining DSP48 input will improve performance.
Related violations: <none>

DPIP-2#96 Warning
Input pipelining  
DSP dma_axis_ip_example_i/pedal_top_0/inst/grp_generic_tanh_float_s_fu_607/grp_exp_generic_double_s_fu_89/mul_49ns_44ns_93_1_1_U3/tmp_product__2 input dma_axis_ip_example_i/pedal_top_0/inst/grp_generic_tanh_float_s_fu_607/grp_exp_generic_double_s_fu_89/mul_49ns_44ns_93_1_1_U3/tmp_product__2/A[29:0] is not pipelined. Pipelining DSP48 input will improve performance.
Related violations: <none>

DPIP-2#97 Warning
Input pipelining  
DSP dma_axis_ip_example_i/pedal_top_0/inst/grp_generic_tanh_float_s_fu_607/grp_exp_generic_double_s_fu_89/mul_49ns_44ns_93_1_1_U3/tmp_product__3 input dma_axis_ip_example_i/pedal_top_0/inst/grp_generic_tanh_float_s_fu_607/grp_exp_generic_double_s_fu_89/mul_49ns_44ns_93_1_1_U3/tmp_product__3/A[29:0] is not pipelined. Pipelining DSP48 input will improve performance.
Related violations: <none>

DPIP-2#98 Warning
Input pipelining  
DSP dma_axis_ip_example_i/pedal_top_0/inst/grp_generic_tanh_float_s_fu_607/grp_exp_generic_double_s_fu_89/mul_49ns_44ns_93_1_1_U3/tmp_product__4 input dma_axis_ip_example_i/pedal_top_0/inst/grp_generic_tanh_float_s_fu_607/grp_exp_generic_double_s_fu_89/mul_49ns_44ns_93_1_1_U3/tmp_product__4/B[17:0] is not pipelined. Pipelining DSP48 input will improve performance.
Related violations: <none>

DPIP-2#99 Warning
Input pipelining  
DSP dma_axis_ip_example_i/pedal_top_0/inst/grp_generic_tanh_float_s_fu_607/grp_exp_generic_double_s_fu_89/mul_49ns_44ns_93_1_1_U3/tmp_product__5 input dma_axis_ip_example_i/pedal_top_0/inst/grp_generic_tanh_float_s_fu_607/grp_exp_generic_double_s_fu_89/mul_49ns_44ns_93_1_1_U3/tmp_product__5/A[29:0] is not pipelined. Pipelining DSP48 input will improve performance.
Related violations: <none>

DPIP-2#100 Warning
Input pipelining  
DSP dma_axis_ip_example_i/pedal_top_0/inst/grp_generic_tanh_float_s_fu_607/grp_exp_generic_double_s_fu_89/mul_49ns_44ns_93_1_1_U3/tmp_product__6 input dma_axis_ip_example_i/pedal_top_0/inst/grp_generic_tanh_float_s_fu_607/grp_exp_generic_double_s_fu_89/mul_49ns_44ns_93_1_1_U3/tmp_product__6/A[29:0] is not pipelined. Pipelining DSP48 input will improve performance.
Related violations: <none>

DPIP-2#101 Warning
Input pipelining  
DSP dma_axis_ip_example_i/pedal_top_0/inst/grp_generic_tanh_float_s_fu_607/grp_exp_generic_double_s_fu_89/mul_49ns_44ns_93_1_1_U3/tmp_product__7 input dma_axis_ip_example_i/pedal_top_0/inst/grp_generic_tanh_float_s_fu_607/grp_exp_generic_double_s_fu_89/mul_49ns_44ns_93_1_1_U3/tmp_product__7/A[29:0] is not pipelined. Pipelining DSP48 input will improve performance.
Related violations: <none>

DPIP-2#102 Warning
Input pipelining  
DSP dma_axis_ip_example_i/pedal_top_0/inst/grp_sin_or_cos_float_s_fu_618/mul_15ns_15s_30_1_0_U44/tmp_product input dma_axis_ip_example_i/pedal_top_0/inst/grp_sin_or_cos_float_s_fu_618/mul_15ns_15s_30_1_0_U44/tmp_product/A[29:0] is not pipelined. Pipelining DSP48 input will improve performance.
Related violations: <none>

DPIP-2#103 Warning
Input pipelining  
DSP dma_axis_ip_example_i/pedal_top_0/inst/grp_sin_or_cos_float_s_fu_618/mul_15ns_15s_30_1_0_U44/tmp_product input dma_axis_ip_example_i/pedal_top_0/inst/grp_sin_or_cos_float_s_fu_618/mul_15ns_15s_30_1_0_U44/tmp_product/B[17:0] is not pipelined. Pipelining DSP48 input will improve performance.
Related violations: <none>

DPIP-2#104 Warning
Input pipelining  
DSP dma_axis_ip_example_i/pedal_top_0/inst/grp_sin_or_cos_float_s_fu_618/mul_23s_22ns_45_1_0_U37/tmp_product__0 input dma_axis_ip_example_i/pedal_top_0/inst/grp_sin_or_cos_float_s_fu_618/mul_23s_22ns_45_1_0_U37/tmp_product__0/B[17:0] is not pipelined. Pipelining DSP48 input will improve performance.
Related violations: <none>

DPIP-2#105 Warning
Input pipelining  
DSP dma_axis_ip_example_i/pedal_top_0/inst/grp_sin_or_cos_float_s_fu_618/mul_30s_29ns_58_1_0_U38/tmp_product input dma_axis_ip_example_i/pedal_top_0/inst/grp_sin_or_cos_float_s_fu_618/mul_30s_29ns_58_1_0_U38/tmp_product/A[29:0] is not pipelined. Pipelining DSP48 input will improve performance.
Related violations: <none>

DPIP-2#106 Warning
Input pipelining  
DSP dma_axis_ip_example_i/pedal_top_0/inst/grp_sin_or_cos_float_s_fu_618/mul_30s_29ns_58_1_0_U38/tmp_product input dma_axis_ip_example_i/pedal_top_0/inst/grp_sin_or_cos_float_s_fu_618/mul_30s_29ns_58_1_0_U38/tmp_product/B[17:0] is not pipelined. Pipelining DSP48 input will improve performance.
Related violations: <none>

DPIP-2#107 Warning
Input pipelining  
DSP dma_axis_ip_example_i/pedal_top_0/inst/grp_sin_or_cos_float_s_fu_618/mul_30s_29ns_58_1_0_U38/tmp_product__0 input dma_axis_ip_example_i/pedal_top_0/inst/grp_sin_or_cos_float_s_fu_618/mul_30s_29ns_58_1_0_U38/tmp_product__0/A[29:0] is not pipelined. Pipelining DSP48 input will improve performance.
Related violations: <none>

DPIP-2#108 Warning
Input pipelining  
DSP dma_axis_ip_example_i/pedal_top_0/inst/grp_sin_or_cos_float_s_fu_618/mul_30s_29ns_58_1_0_U38/tmp_product__0 input dma_axis_ip_example_i/pedal_top_0/inst/grp_sin_or_cos_float_s_fu_618/mul_30s_29ns_58_1_0_U38/tmp_product__0/B[17:0] is not pipelined. Pipelining DSP48 input will improve performance.
Related violations: <none>

DPIP-2#109 Warning
Input pipelining  
DSP dma_axis_ip_example_i/pedal_top_0/inst/grp_sin_or_cos_float_s_fu_618/mul_30s_29ns_58_1_0_U38/tmp_product__1 input dma_axis_ip_example_i/pedal_top_0/inst/grp_sin_or_cos_float_s_fu_618/mul_30s_29ns_58_1_0_U38/tmp_product__1/A[29:0] is not pipelined. Pipelining DSP48 input will improve performance.
Related violations: <none>

DPIP-2#110 Warning
Input pipelining  
DSP dma_axis_ip_example_i/pedal_top_0/inst/grp_sin_or_cos_float_s_fu_618/mul_30s_29ns_58_1_0_U38/tmp_product__1 input dma_axis_ip_example_i/pedal_top_0/inst/grp_sin_or_cos_float_s_fu_618/mul_30s_29ns_58_1_0_U38/tmp_product__1/B[17:0] is not pipelined. Pipelining DSP48 input will improve performance.
Related violations: <none>

DPIP-2#111 Warning
Input pipelining  
DSP dma_axis_ip_example_i/pedal_top_0/inst/grp_sin_or_cos_float_s_fu_618/mul_30s_29ns_58_1_0_U38/tmp_product__2 input dma_axis_ip_example_i/pedal_top_0/inst/grp_sin_or_cos_float_s_fu_618/mul_30s_29ns_58_1_0_U38/tmp_product__2/B[17:0] is not pipelined. Pipelining DSP48 input will improve performance.
Related violations: <none>

DPIP-2#112 Warning
Input pipelining  
DSP dma_axis_ip_example_i/pedal_top_0/inst/grp_sin_or_cos_float_s_fu_618/mul_80s_24ns_80_1_0_U39/tmp_product input dma_axis_ip_example_i/pedal_top_0/inst/grp_sin_or_cos_float_s_fu_618/mul_80s_24ns_80_1_0_U39/tmp_product/A[29:0] is not pipelined. Pipelining DSP48 input will improve performance.
Related violations: <none>

DPIP-2#113 Warning
Input pipelining  
DSP dma_axis_ip_example_i/pedal_top_0/inst/grp_sin_or_cos_float_s_fu_618/mul_80s_24ns_80_1_0_U39/tmp_product input dma_axis_ip_example_i/pedal_top_0/inst/grp_sin_or_cos_float_s_fu_618/mul_80s_24ns_80_1_0_U39/tmp_product/B[17:0] is not pipelined. Pipelining DSP48 input will improve performance.
Related violations: <none>

DPIP-2#114 Warning
Input pipelining  
DSP dma_axis_ip_example_i/pedal_top_0/inst/grp_sin_or_cos_float_s_fu_618/mul_80s_24ns_80_1_0_U39/tmp_product__0 input dma_axis_ip_example_i/pedal_top_0/inst/grp_sin_or_cos_float_s_fu_618/mul_80s_24ns_80_1_0_U39/tmp_product__0/A[29:0] is not pipelined. Pipelining DSP48 input will improve performance.
Related violations: <none>

DPIP-2#115 Warning
Input pipelining  
DSP dma_axis_ip_example_i/pedal_top_0/inst/grp_sin_or_cos_float_s_fu_618/mul_80s_24ns_80_1_0_U39/tmp_product__0 input dma_axis_ip_example_i/pedal_top_0/inst/grp_sin_or_cos_float_s_fu_618/mul_80s_24ns_80_1_0_U39/tmp_product__0/B[17:0] is not pipelined. Pipelining DSP48 input will improve performance.
Related violations: <none>

DPIP-2#116 Warning
Input pipelining  
DSP dma_axis_ip_example_i/pedal_top_0/inst/grp_sin_or_cos_float_s_fu_618/mul_80s_24ns_80_1_0_U39/tmp_product__1 input dma_axis_ip_example_i/pedal_top_0/inst/grp_sin_or_cos_float_s_fu_618/mul_80s_24ns_80_1_0_U39/tmp_product__1/A[29:0] is not pipelined. Pipelining DSP48 input will improve performance.
Related violations: <none>

DPIP-2#117 Warning
Input pipelining  
DSP dma_axis_ip_example_i/pedal_top_0/inst/grp_sin_or_cos_float_s_fu_618/mul_80s_24ns_80_1_0_U39/tmp_product__1 input dma_axis_ip_example_i/pedal_top_0/inst/grp_sin_or_cos_float_s_fu_618/mul_80s_24ns_80_1_0_U39/tmp_product__1/B[17:0] is not pipelined. Pipelining DSP48 input will improve performance.
Related violations: <none>

DPIP-2#118 Warning
Input pipelining  
DSP dma_axis_ip_example_i/pedal_top_0/inst/grp_sin_or_cos_float_s_fu_618/mul_80s_24ns_80_1_0_U39/tmp_product__2 input dma_axis_ip_example_i/pedal_top_0/inst/grp_sin_or_cos_float_s_fu_618/mul_80s_24ns_80_1_0_U39/tmp_product__2/A[29:0] is not pipelined. Pipelining DSP48 input will improve performance.
Related violations: <none>

DPIP-2#119 Warning
Input pipelining  
DSP dma_axis_ip_example_i/pedal_top_0/inst/grp_sin_or_cos_float_s_fu_618/mul_80s_24ns_80_1_0_U39/tmp_product__2 input dma_axis_ip_example_i/pedal_top_0/inst/grp_sin_or_cos_float_s_fu_618/mul_80s_24ns_80_1_0_U39/tmp_product__2/B[17:0] is not pipelined. Pipelining DSP48 input will improve performance.
Related violations: <none>

DPIP-2#120 Warning
Input pipelining  
DSP dma_axis_ip_example_i/pedal_top_0/inst/grp_sin_or_cos_float_s_fu_618/mul_80s_24ns_80_1_0_U39/tmp_product__3 input dma_axis_ip_example_i/pedal_top_0/inst/grp_sin_or_cos_float_s_fu_618/mul_80s_24ns_80_1_0_U39/tmp_product__3/A[29:0] is not pipelined. Pipelining DSP48 input will improve performance.
Related violations: <none>

DPIP-2#121 Warning
Input pipelining  
DSP dma_axis_ip_example_i/pedal_top_0/inst/grp_sin_or_cos_float_s_fu_618/mul_80s_24ns_80_1_0_U39/tmp_product__3 input dma_axis_ip_example_i/pedal_top_0/inst/grp_sin_or_cos_float_s_fu_618/mul_80s_24ns_80_1_0_U39/tmp_product__3/B[17:0] is not pipelined. Pipelining DSP48 input will improve performance.
Related violations: <none>

DPIP-2#122 Warning
Input pipelining  
DSP dma_axis_ip_example_i/pedal_top_0/inst/mul_31s_32s_63_1_1_U87/tmp_product input dma_axis_ip_example_i/pedal_top_0/inst/mul_31s_32s_63_1_1_U87/tmp_product/A[29:0] is not pipelined. Pipelining DSP48 input will improve performance.
Related violations: <none>

DPIP-2#123 Warning
Input pipelining  
DSP dma_axis_ip_example_i/pedal_top_0/inst/mul_31s_32s_63_1_1_U87/tmp_product__0 input dma_axis_ip_example_i/pedal_top_0/inst/mul_31s_32s_63_1_1_U87/tmp_product__0/A[29:0] is not pipelined. Pipelining DSP48 input will improve performance.
Related violations: <none>

DPIP-2#124 Warning
Input pipelining  
DSP dma_axis_ip_example_i/pedal_top_0/inst/mul_31s_32s_63_1_1_U87/tmp_product__1 input dma_axis_ip_example_i/pedal_top_0/inst/mul_31s_32s_63_1_1_U87/tmp_product__1/A[29:0] is not pipelined. Pipelining DSP48 input will improve performance.
Related violations: <none>

DPIP-2#125 Warning
Input pipelining  
DSP dma_axis_ip_example_i/pedal_top_0/inst/mul_31s_32s_63_1_1_U87/tmp_product__1 input dma_axis_ip_example_i/pedal_top_0/inst/mul_31s_32s_63_1_1_U87/tmp_product__1/B[17:0] is not pipelined. Pipelining DSP48 input will improve performance.
Related violations: <none>

DPIP-2#126 Warning
Input pipelining  
DSP dma_axis_ip_example_i/pedal_top_0/inst/mul_31s_32s_63_1_1_U87/tmp_product__2 input dma_axis_ip_example_i/pedal_top_0/inst/mul_31s_32s_63_1_1_U87/tmp_product__2/B[17:0] is not pipelined. Pipelining DSP48 input will improve performance.
Related violations: <none>

DPIP-2#127 Warning
Input pipelining  
DSP dma_axis_ip_example_i/pedal_top_0/inst/mul_32s_28ns_48_1_1_U89/tmp_product input dma_axis_ip_example_i/pedal_top_0/inst/mul_32s_28ns_48_1_1_U89/tmp_product/A[29:0] is not pipelined. Pipelining DSP48 input will improve performance.
Related violations: <none>

DPIP-2#128 Warning
Input pipelining  
DSP dma_axis_ip_example_i/pedal_top_0/inst/mul_32s_28ns_48_1_1_U89/tmp_product__0 input dma_axis_ip_example_i/pedal_top_0/inst/mul_32s_28ns_48_1_1_U89/tmp_product__0/A[29:0] is not pipelined. Pipelining DSP48 input will improve performance.
Related violations: <none>

DPIP-2#129 Warning
Input pipelining  
DSP dma_axis_ip_example_i/pedal_top_0/inst/mul_32s_28ns_48_1_1_U89/tmp_product__1 input dma_axis_ip_example_i/pedal_top_0/inst/mul_32s_28ns_48_1_1_U89/tmp_product__1/A[29:0] is not pipelined. Pipelining DSP48 input will improve performance.
Related violations: <none>

DPIP-2#130 Warning
Input pipelining  
DSP dma_axis_ip_example_i/pedal_top_0/inst/mul_32s_32s_48_1_1_U88/tmp_product input dma_axis_ip_example_i/pedal_top_0/inst/mul_32s_32s_48_1_1_U88/tmp_product/B[17:0] is not pipelined. Pipelining DSP48 input will improve performance.
Related violations: <none>

DPIP-2#131 Warning
Input pipelining  
DSP dma_axis_ip_example_i/pedal_top_0/inst/mul_32s_32s_48_1_1_U88/tmp_product__0 input dma_axis_ip_example_i/pedal_top_0/inst/mul_32s_32s_48_1_1_U88/tmp_product__0/A[29:0] is not pipelined. Pipelining DSP48 input will improve performance.
Related violations: <none>

DPIP-2#132 Warning
Input pipelining  
DSP dma_axis_ip_example_i/pedal_top_0/inst/mul_32s_32s_48_1_1_U88/tmp_product__1 input dma_axis_ip_example_i/pedal_top_0/inst/mul_32s_32s_48_1_1_U88/tmp_product__1/A[29:0] is not pipelined. Pipelining DSP48 input will improve performance.
Related violations: <none>

DPIP-2#133 Warning
Input pipelining  
DSP dma_axis_ip_example_i/pedal_top_0/inst/mul_48s_50ns_97_1_1_U91/tmp_product input dma_axis_ip_example_i/pedal_top_0/inst/mul_48s_50ns_97_1_1_U91/tmp_product/A[29:0] is not pipelined. Pipelining DSP48 input will improve performance.
Related violations: <none>

DPIP-2#134 Warning
Input pipelining  
DSP dma_axis_ip_example_i/pedal_top_0/inst/mul_48s_50ns_97_1_1_U91/tmp_product__0 input dma_axis_ip_example_i/pedal_top_0/inst/mul_48s_50ns_97_1_1_U91/tmp_product__0/B[17:0] is not pipelined. Pipelining DSP48 input will improve performance.
Related violations: <none>

DPIP-2#135 Warning
Input pipelining  
DSP dma_axis_ip_example_i/pedal_top_0/inst/mul_48s_50ns_97_1_1_U91/tmp_product__1 input dma_axis_ip_example_i/pedal_top_0/inst/mul_48s_50ns_97_1_1_U91/tmp_product__1/B[17:0] is not pipelined. Pipelining DSP48 input will improve performance.
Related violations: <none>

DPIP-2#136 Warning
Input pipelining  
DSP dma_axis_ip_example_i/pedal_top_0/inst/mul_48s_50ns_97_1_1_U91/tmp_product__3 input dma_axis_ip_example_i/pedal_top_0/inst/mul_48s_50ns_97_1_1_U91/tmp_product__3/A[29:0] is not pipelined. Pipelining DSP48 input will improve performance.
Related violations: <none>

DPIP-2#137 Warning
Input pipelining  
DSP dma_axis_ip_example_i/pedal_top_0/inst/mul_48s_50ns_97_1_1_U91/tmp_product__4 input dma_axis_ip_example_i/pedal_top_0/inst/mul_48s_50ns_97_1_1_U91/tmp_product__4/B[17:0] is not pipelined. Pipelining DSP48 input will improve performance.
Related violations: <none>

DPIP-2#138 Warning
Input pipelining  
DSP dma_axis_ip_example_i/pedal_top_0/inst/mul_48s_50ns_97_1_1_U91/tmp_product__7 input dma_axis_ip_example_i/pedal_top_0/inst/mul_48s_50ns_97_1_1_U91/tmp_product__7/A[29:0] is not pipelined. Pipelining DSP48 input will improve performance.
Related violations: <none>

DPOP-3#1 Warning
PREG Output pipelining  
DSP dma_axis_ip_example_i/pedal_top_0/inst/fadd_32ns_32ns_32_3_full_dsp_1_U79/pedal_top_fadd_32ns_32ns_32_3_full_dsp_1_ip_u/inst/i_synth/ADDSUB_OP.ADDSUB/DSP.OP/DSP48E1_BODY.ALIGN_ADD/DSP2/i_no_versal_es1_workaround.DSP output dma_axis_ip_example_i/pedal_top_0/inst/fadd_32ns_32ns_32_3_full_dsp_1_U79/pedal_top_fadd_32ns_32ns_32_3_full_dsp_1_ip_u/inst/i_synth/ADDSUB_OP.ADDSUB/DSP.OP/DSP48E1_BODY.ALIGN_ADD/DSP2/i_no_versal_es1_workaround.DSP/PATTERNDETECT is not pipelined (PREG=0). Pipelining the DSP48 output will improve performance and often saves power so it is suggested whenever possible to fully pipeline this function.  If this DSP48 function was inferred, it is suggested to describe an additional register stage after this function.  If the DSP48 was instantiated in the design, it is suggested to set the PREG attribute to 1.
Related violations: <none>

DPOP-3#2 Warning
PREG Output pipelining  
DSP dma_axis_ip_example_i/pedal_top_0/inst/fadd_32ns_32ns_32_3_full_dsp_1_U79/pedal_top_fadd_32ns_32ns_32_3_full_dsp_1_ip_u/inst/i_synth/ADDSUB_OP.ADDSUB/DSP.OP/DSP48E1_BODY.ALIGN_ADD/DSP2/i_no_versal_es1_workaround.DSP output dma_axis_ip_example_i/pedal_top_0/inst/fadd_32ns_32ns_32_3_full_dsp_1_U79/pedal_top_fadd_32ns_32ns_32_3_full_dsp_1_ip_u/inst/i_synth/ADDSUB_OP.ADDSUB/DSP.OP/DSP48E1_BODY.ALIGN_ADD/DSP2/i_no_versal_es1_workaround.DSP/P[47:0] is not pipelined (PREG=0). Pipelining the DSP48 output will improve performance and often saves power so it is suggested whenever possible to fully pipeline this function.  If this DSP48 function was inferred, it is suggested to describe an additional register stage after this function.  If the DSP48 was instantiated in the design, it is suggested to set the PREG attribute to 1.
Related violations: <none>

DPOP-3#3 Warning
PREG Output pipelining  
DSP dma_axis_ip_example_i/pedal_top_0/inst/fadd_32ns_32ns_32_3_full_dsp_1_U79/pedal_top_fadd_32ns_32ns_32_3_full_dsp_1_ip_u/inst/i_synth/ADDSUB_OP.ADDSUB/DSP.OP/DSP48E1_BODY.NORM_RND/FULL_USAGE_DSP.SHIFT_RND/i_no_versal_es1_workaround.DSP output dma_axis_ip_example_i/pedal_top_0/inst/fadd_32ns_32ns_32_3_full_dsp_1_U79/pedal_top_fadd_32ns_32ns_32_3_full_dsp_1_ip_u/inst/i_synth/ADDSUB_OP.ADDSUB/DSP.OP/DSP48E1_BODY.NORM_RND/FULL_USAGE_DSP.SHIFT_RND/i_no_versal_es1_workaround.DSP/P[47:0] is not pipelined (PREG=0). Pipelining the DSP48 output will improve performance and often saves power so it is suggested whenever possible to fully pipeline this function.  If this DSP48 function was inferred, it is suggested to describe an additional register stage after this function.  If the DSP48 was instantiated in the design, it is suggested to set the PREG attribute to 1.
Related violations: <none>

DPOP-3#4 Warning
PREG Output pipelining  
DSP dma_axis_ip_example_i/pedal_top_0/inst/fmul_32ns_32ns_32_2_max_dsp_1_U81/pedal_top_fmul_32ns_32ns_32_2_max_dsp_1_ip_u/inst/i_synth/MULT.OP/i_non_prim.MULT/DSP48E1_SPD_SGL_VARIANT.FIX_MULT/DSP1/i_no_versal_es1_workaround.DSP output dma_axis_ip_example_i/pedal_top_0/inst/fmul_32ns_32ns_32_2_max_dsp_1_U81/pedal_top_fmul_32ns_32ns_32_2_max_dsp_1_ip_u/inst/i_synth/MULT.OP/i_non_prim.MULT/DSP48E1_SPD_SGL_VARIANT.FIX_MULT/DSP1/i_no_versal_es1_workaround.DSP/PATTERNDETECT is not pipelined (PREG=0). Pipelining the DSP48 output will improve performance and often saves power so it is suggested whenever possible to fully pipeline this function.  If this DSP48 function was inferred, it is suggested to describe an additional register stage after this function.  If the DSP48 was instantiated in the design, it is suggested to set the PREG attribute to 1.
Related violations: <none>

DPOP-3#5 Warning
PREG Output pipelining  
DSP dma_axis_ip_example_i/pedal_top_0/inst/fmul_32ns_32ns_32_2_max_dsp_1_U81/pedal_top_fmul_32ns_32ns_32_2_max_dsp_1_ip_u/inst/i_synth/MULT.OP/i_non_prim.MULT/DSP48E1_SPD_SGL_VARIANT.FIX_MULT/DSP2/i_no_versal_es1_workaround.DSP output dma_axis_ip_example_i/pedal_top_0/inst/fmul_32ns_32ns_32_2_max_dsp_1_U81/pedal_top_fmul_32ns_32ns_32_2_max_dsp_1_ip_u/inst/i_synth/MULT.OP/i_non_prim.MULT/DSP48E1_SPD_SGL_VARIANT.FIX_MULT/DSP2/i_no_versal_es1_workaround.DSP/PATTERNDETECT is not pipelined (PREG=0). Pipelining the DSP48 output will improve performance and often saves power so it is suggested whenever possible to fully pipeline this function.  If this DSP48 function was inferred, it is suggested to describe an additional register stage after this function.  If the DSP48 was instantiated in the design, it is suggested to set the PREG attribute to 1.
Related violations: <none>

DPOP-3#6 Warning
PREG Output pipelining  
DSP dma_axis_ip_example_i/pedal_top_0/inst/fmul_32ns_32ns_32_2_max_dsp_1_U81/pedal_top_fmul_32ns_32ns_32_2_max_dsp_1_ip_u/inst/i_synth/MULT.OP/i_non_prim.MULT/DSP48E1_SPD_SGL_VARIANT.FIX_MULT/DSP2/i_no_versal_es1_workaround.DSP output dma_axis_ip_example_i/pedal_top_0/inst/fmul_32ns_32ns_32_2_max_dsp_1_U81/pedal_top_fmul_32ns_32ns_32_2_max_dsp_1_ip_u/inst/i_synth/MULT.OP/i_non_prim.MULT/DSP48E1_SPD_SGL_VARIANT.FIX_MULT/DSP2/i_no_versal_es1_workaround.DSP/P[47:0] is not pipelined (PREG=0). Pipelining the DSP48 output will improve performance and often saves power so it is suggested whenever possible to fully pipeline this function.  If this DSP48 function was inferred, it is suggested to describe an additional register stage after this function.  If the DSP48 was instantiated in the design, it is suggested to set the PREG attribute to 1.
Related violations: <none>

DPOP-3#7 Warning
PREG Output pipelining  
DSP dma_axis_ip_example_i/pedal_top_0/inst/fmul_32ns_32ns_32_2_max_dsp_1_U81/pedal_top_fmul_32ns_32ns_32_2_max_dsp_1_ip_u/inst/i_synth/MULT.OP/i_non_prim.R_AND_R/LAT_OPT.FULL.R_AND_R/DSP48E1_SGL_EXP_IP.OLD_ADD.ADD/i_no_versal_es1_workaround.DSP output dma_axis_ip_example_i/pedal_top_0/inst/fmul_32ns_32ns_32_2_max_dsp_1_U81/pedal_top_fmul_32ns_32ns_32_2_max_dsp_1_ip_u/inst/i_synth/MULT.OP/i_non_prim.R_AND_R/LAT_OPT.FULL.R_AND_R/DSP48E1_SGL_EXP_IP.OLD_ADD.ADD/i_no_versal_es1_workaround.DSP/CARRYOUT[3:0] is not pipelined (PREG=0). Pipelining the DSP48 output will improve performance and often saves power so it is suggested whenever possible to fully pipeline this function.  If this DSP48 function was inferred, it is suggested to describe an additional register stage after this function.  If the DSP48 was instantiated in the design, it is suggested to set the PREG attribute to 1.
Related violations: <none>

DPOP-3#8 Warning
PREG Output pipelining  
DSP dma_axis_ip_example_i/pedal_top_0/inst/fmul_32ns_32ns_32_2_max_dsp_1_U81/pedal_top_fmul_32ns_32ns_32_2_max_dsp_1_ip_u/inst/i_synth/MULT.OP/i_non_prim.R_AND_R/LAT_OPT.FULL.R_AND_R/DSP48E1_SGL_EXP_IP.OLD_ADD.ADD/i_no_versal_es1_workaround.DSP output dma_axis_ip_example_i/pedal_top_0/inst/fmul_32ns_32ns_32_2_max_dsp_1_U81/pedal_top_fmul_32ns_32ns_32_2_max_dsp_1_ip_u/inst/i_synth/MULT.OP/i_non_prim.R_AND_R/LAT_OPT.FULL.R_AND_R/DSP48E1_SGL_EXP_IP.OLD_ADD.ADD/i_no_versal_es1_workaround.DSP/P[47:0] is not pipelined (PREG=0). Pipelining the DSP48 output will improve performance and often saves power so it is suggested whenever possible to fully pipeline this function.  If this DSP48 function was inferred, it is suggested to describe an additional register stage after this function.  If the DSP48 was instantiated in the design, it is suggested to set the PREG attribute to 1.
Related violations: <none>

DPOP-3#9 Warning
PREG Output pipelining  
DSP dma_axis_ip_example_i/pedal_top_0/inst/fsub_32ns_32ns_32_3_full_dsp_1_U80/pedal_top_fsub_32ns_32ns_32_3_full_dsp_1_ip_u/inst/i_synth/ADDSUB_OP.ADDSUB/DSP.OP/DSP48E1_BODY.ALIGN_ADD/DSP2/i_no_versal_es1_workaround.DSP output dma_axis_ip_example_i/pedal_top_0/inst/fsub_32ns_32ns_32_3_full_dsp_1_U80/pedal_top_fsub_32ns_32ns_32_3_full_dsp_1_ip_u/inst/i_synth/ADDSUB_OP.ADDSUB/DSP.OP/DSP48E1_BODY.ALIGN_ADD/DSP2/i_no_versal_es1_workaround.DSP/PATTERNDETECT is not pipelined (PREG=0). Pipelining the DSP48 output will improve performance and often saves power so it is suggested whenever possible to fully pipeline this function.  If this DSP48 function was inferred, it is suggested to describe an additional register stage after this function.  If the DSP48 was instantiated in the design, it is suggested to set the PREG attribute to 1.
Related violations: <none>

DPOP-3#10 Warning
PREG Output pipelining  
DSP dma_axis_ip_example_i/pedal_top_0/inst/fsub_32ns_32ns_32_3_full_dsp_1_U80/pedal_top_fsub_32ns_32ns_32_3_full_dsp_1_ip_u/inst/i_synth/ADDSUB_OP.ADDSUB/DSP.OP/DSP48E1_BODY.ALIGN_ADD/DSP2/i_no_versal_es1_workaround.DSP output dma_axis_ip_example_i/pedal_top_0/inst/fsub_32ns_32ns_32_3_full_dsp_1_U80/pedal_top_fsub_32ns_32ns_32_3_full_dsp_1_ip_u/inst/i_synth/ADDSUB_OP.ADDSUB/DSP.OP/DSP48E1_BODY.ALIGN_ADD/DSP2/i_no_versal_es1_workaround.DSP/P[47:0] is not pipelined (PREG=0). Pipelining the DSP48 output will improve performance and often saves power so it is suggested whenever possible to fully pipeline this function.  If this DSP48 function was inferred, it is suggested to describe an additional register stage after this function.  If the DSP48 was instantiated in the design, it is suggested to set the PREG attribute to 1.
Related violations: <none>

DPOP-3#11 Warning
PREG Output pipelining  
DSP dma_axis_ip_example_i/pedal_top_0/inst/fsub_32ns_32ns_32_3_full_dsp_1_U80/pedal_top_fsub_32ns_32ns_32_3_full_dsp_1_ip_u/inst/i_synth/ADDSUB_OP.ADDSUB/DSP.OP/DSP48E1_BODY.NORM_RND/FULL_USAGE_DSP.SHIFT_RND/i_no_versal_es1_workaround.DSP output dma_axis_ip_example_i/pedal_top_0/inst/fsub_32ns_32ns_32_3_full_dsp_1_U80/pedal_top_fsub_32ns_32ns_32_3_full_dsp_1_ip_u/inst/i_synth/ADDSUB_OP.ADDSUB/DSP.OP/DSP48E1_BODY.NORM_RND/FULL_USAGE_DSP.SHIFT_RND/i_no_versal_es1_workaround.DSP/P[47:0] is not pipelined (PREG=0). Pipelining the DSP48 output will improve performance and often saves power so it is suggested whenever possible to fully pipeline this function.  If this DSP48 function was inferred, it is suggested to describe an additional register stage after this function.  If the DSP48 was instantiated in the design, it is suggested to set the PREG attribute to 1.
Related violations: <none>

DPOP-3#12 Warning
PREG Output pipelining  
DSP dma_axis_ip_example_i/pedal_top_0/inst/grp_generic_fmod_mult_float_s_fu_631/grp_mod_rcp_mult_24_36_8_s_fu_97/mul_24ns_38ns_61_1_1_U58/tmp_product output dma_axis_ip_example_i/pedal_top_0/inst/grp_generic_fmod_mult_float_s_fu_631/grp_mod_rcp_mult_24_36_8_s_fu_97/mul_24ns_38ns_61_1_1_U58/tmp_product/P[47:0] is not pipelined (PREG=0). Pipelining the DSP48 output will improve performance and often saves power so it is suggested whenever possible to fully pipeline this function.  If this DSP48 function was inferred, it is suggested to describe an additional register stage after this function.  If the DSP48 was instantiated in the design, it is suggested to set the PREG attribute to 1.
Related violations: <none>

DPOP-3#13 Warning
PREG Output pipelining  
DSP dma_axis_ip_example_i/pedal_top_0/inst/grp_generic_fmod_mult_float_s_fu_631/grp_mod_rcp_mult_24_36_8_s_fu_97/mul_24ns_38ns_61_1_1_U58/tmp_product__0 output dma_axis_ip_example_i/pedal_top_0/inst/grp_generic_fmod_mult_float_s_fu_631/grp_mod_rcp_mult_24_36_8_s_fu_97/mul_24ns_38ns_61_1_1_U58/tmp_product__0/P[47:0] is not pipelined (PREG=0). Pipelining the DSP48 output will improve performance and often saves power so it is suggested whenever possible to fully pipeline this function.  If this DSP48 function was inferred, it is suggested to describe an additional register stage after this function.  If the DSP48 was instantiated in the design, it is suggested to set the PREG attribute to 1.
Related violations: <none>

DPOP-3#14 Warning
PREG Output pipelining  
DSP dma_axis_ip_example_i/pedal_top_0/inst/grp_generic_fmod_mult_float_s_fu_631/grp_mod_rcp_mult_24_36_8_s_fu_97/mul_24ns_38ns_61_1_1_U58/tmp_product__1 output dma_axis_ip_example_i/pedal_top_0/inst/grp_generic_fmod_mult_float_s_fu_631/grp_mod_rcp_mult_24_36_8_s_fu_97/mul_24ns_38ns_61_1_1_U58/tmp_product__1/P[47:0] is not pipelined (PREG=0). Pipelining the DSP48 output will improve performance and often saves power so it is suggested whenever possible to fully pipeline this function.  If this DSP48 function was inferred, it is suggested to describe an additional register stage after this function.  If the DSP48 was instantiated in the design, it is suggested to set the PREG attribute to 1.
Related violations: <none>

DPOP-3#15 Warning
PREG Output pipelining  
DSP dma_axis_ip_example_i/pedal_top_0/inst/grp_generic_fmod_mult_float_s_fu_631/grp_mod_rcp_mult_24_36_8_s_fu_97/mul_24ns_38ns_61_1_1_U59/tmp_product output dma_axis_ip_example_i/pedal_top_0/inst/grp_generic_fmod_mult_float_s_fu_631/grp_mod_rcp_mult_24_36_8_s_fu_97/mul_24ns_38ns_61_1_1_U59/tmp_product/P[47:0] is not pipelined (PREG=0). Pipelining the DSP48 output will improve performance and often saves power so it is suggested whenever possible to fully pipeline this function.  If this DSP48 function was inferred, it is suggested to describe an additional register stage after this function.  If the DSP48 was instantiated in the design, it is suggested to set the PREG attribute to 1.
Related violations: <none>

DPOP-3#16 Warning
PREG Output pipelining  
DSP dma_axis_ip_example_i/pedal_top_0/inst/grp_generic_fmod_mult_float_s_fu_631/grp_mod_rcp_mult_24_36_8_s_fu_97/mul_24ns_38ns_61_1_1_U59/tmp_product__0 output dma_axis_ip_example_i/pedal_top_0/inst/grp_generic_fmod_mult_float_s_fu_631/grp_mod_rcp_mult_24_36_8_s_fu_97/mul_24ns_38ns_61_1_1_U59/tmp_product__0/P[47:0] is not pipelined (PREG=0). Pipelining the DSP48 output will improve performance and often saves power so it is suggested whenever possible to fully pipeline this function.  If this DSP48 function was inferred, it is suggested to describe an additional register stage after this function.  If the DSP48 was instantiated in the design, it is suggested to set the PREG attribute to 1.
Related violations: <none>

DPOP-3#17 Warning
PREG Output pipelining  
DSP dma_axis_ip_example_i/pedal_top_0/inst/grp_generic_fmod_mult_float_s_fu_631/grp_mod_rcp_mult_24_36_8_s_fu_97/mul_24ns_38ns_61_1_1_U59/tmp_product__1 output dma_axis_ip_example_i/pedal_top_0/inst/grp_generic_fmod_mult_float_s_fu_631/grp_mod_rcp_mult_24_36_8_s_fu_97/mul_24ns_38ns_61_1_1_U59/tmp_product__1/P[47:0] is not pipelined (PREG=0). Pipelining the DSP48 output will improve performance and often saves power so it is suggested whenever possible to fully pipeline this function.  If this DSP48 function was inferred, it is suggested to describe an additional register stage after this function.  If the DSP48 was instantiated in the design, it is suggested to set the PREG attribute to 1.
Related violations: <none>

DPOP-3#18 Warning
PREG Output pipelining  
DSP dma_axis_ip_example_i/pedal_top_0/inst/grp_generic_fmod_mult_float_s_fu_631/grp_mod_rcp_mult_24_36_8_s_fu_97/mul_24ns_38ns_61_1_1_U60/tmp_product output dma_axis_ip_example_i/pedal_top_0/inst/grp_generic_fmod_mult_float_s_fu_631/grp_mod_rcp_mult_24_36_8_s_fu_97/mul_24ns_38ns_61_1_1_U60/tmp_product/P[47:0] is not pipelined (PREG=0). Pipelining the DSP48 output will improve performance and often saves power so it is suggested whenever possible to fully pipeline this function.  If this DSP48 function was inferred, it is suggested to describe an additional register stage after this function.  If the DSP48 was instantiated in the design, it is suggested to set the PREG attribute to 1.
Related violations: <none>

DPOP-3#19 Warning
PREG Output pipelining  
DSP dma_axis_ip_example_i/pedal_top_0/inst/grp_generic_fmod_mult_float_s_fu_631/grp_mod_rcp_mult_24_36_8_s_fu_97/mul_24ns_38ns_61_1_1_U60/tmp_product__0 output dma_axis_ip_example_i/pedal_top_0/inst/grp_generic_fmod_mult_float_s_fu_631/grp_mod_rcp_mult_24_36_8_s_fu_97/mul_24ns_38ns_61_1_1_U60/tmp_product__0/P[47:0] is not pipelined (PREG=0). Pipelining the DSP48 output will improve performance and often saves power so it is suggested whenever possible to fully pipeline this function.  If this DSP48 function was inferred, it is suggested to describe an additional register stage after this function.  If the DSP48 was instantiated in the design, it is suggested to set the PREG attribute to 1.
Related violations: <none>

DPOP-3#20 Warning
PREG Output pipelining  
DSP dma_axis_ip_example_i/pedal_top_0/inst/grp_generic_fmod_mult_float_s_fu_631/grp_mod_rcp_mult_24_36_8_s_fu_97/mul_24ns_38ns_61_1_1_U60/tmp_product__1 output dma_axis_ip_example_i/pedal_top_0/inst/grp_generic_fmod_mult_float_s_fu_631/grp_mod_rcp_mult_24_36_8_s_fu_97/mul_24ns_38ns_61_1_1_U60/tmp_product__1/P[47:0] is not pipelined (PREG=0). Pipelining the DSP48 output will improve performance and often saves power so it is suggested whenever possible to fully pipeline this function.  If this DSP48 function was inferred, it is suggested to describe an additional register stage after this function.  If the DSP48 was instantiated in the design, it is suggested to set the PREG attribute to 1.
Related violations: <none>

DPOP-3#21 Warning
PREG Output pipelining  
DSP dma_axis_ip_example_i/pedal_top_0/inst/grp_generic_fmod_mult_float_s_fu_631/grp_mod_rcp_mult_24_36_8_s_fu_97/mul_24ns_38ns_61_1_1_U61/tmp_product output dma_axis_ip_example_i/pedal_top_0/inst/grp_generic_fmod_mult_float_s_fu_631/grp_mod_rcp_mult_24_36_8_s_fu_97/mul_24ns_38ns_61_1_1_U61/tmp_product/P[47:0] is not pipelined (PREG=0). Pipelining the DSP48 output will improve performance and often saves power so it is suggested whenever possible to fully pipeline this function.  If this DSP48 function was inferred, it is suggested to describe an additional register stage after this function.  If the DSP48 was instantiated in the design, it is suggested to set the PREG attribute to 1.
Related violations: <none>

DPOP-3#22 Warning
PREG Output pipelining  
DSP dma_axis_ip_example_i/pedal_top_0/inst/grp_generic_fmod_mult_float_s_fu_631/grp_mod_rcp_mult_24_36_8_s_fu_97/mul_24ns_38ns_61_1_1_U62/tmp_product output dma_axis_ip_example_i/pedal_top_0/inst/grp_generic_fmod_mult_float_s_fu_631/grp_mod_rcp_mult_24_36_8_s_fu_97/mul_24ns_38ns_61_1_1_U62/tmp_product/P[47:0] is not pipelined (PREG=0). Pipelining the DSP48 output will improve performance and often saves power so it is suggested whenever possible to fully pipeline this function.  If this DSP48 function was inferred, it is suggested to describe an additional register stage after this function.  If the DSP48 was instantiated in the design, it is suggested to set the PREG attribute to 1.
Related violations: <none>

DPOP-3#23 Warning
PREG Output pipelining  
DSP dma_axis_ip_example_i/pedal_top_0/inst/grp_generic_fmod_mult_float_s_fu_631/grp_mod_rcp_mult_24_36_8_s_fu_97/mul_24ns_38ns_61_1_1_U62/tmp_product__0 output dma_axis_ip_example_i/pedal_top_0/inst/grp_generic_fmod_mult_float_s_fu_631/grp_mod_rcp_mult_24_36_8_s_fu_97/mul_24ns_38ns_61_1_1_U62/tmp_product__0/P[47:0] is not pipelined (PREG=0). Pipelining the DSP48 output will improve performance and often saves power so it is suggested whenever possible to fully pipeline this function.  If this DSP48 function was inferred, it is suggested to describe an additional register stage after this function.  If the DSP48 was instantiated in the design, it is suggested to set the PREG attribute to 1.
Related violations: <none>

DPOP-3#24 Warning
PREG Output pipelining  
DSP dma_axis_ip_example_i/pedal_top_0/inst/grp_generic_fmod_mult_float_s_fu_631/grp_mod_rcp_mult_24_36_8_s_fu_97/mul_24ns_38ns_61_1_1_U62/tmp_product__1 output dma_axis_ip_example_i/pedal_top_0/inst/grp_generic_fmod_mult_float_s_fu_631/grp_mod_rcp_mult_24_36_8_s_fu_97/mul_24ns_38ns_61_1_1_U62/tmp_product__1/P[47:0] is not pipelined (PREG=0). Pipelining the DSP48 output will improve performance and often saves power so it is suggested whenever possible to fully pipeline this function.  If this DSP48 function was inferred, it is suggested to describe an additional register stage after this function.  If the DSP48 was instantiated in the design, it is suggested to set the PREG attribute to 1.
Related violations: <none>

DPOP-3#25 Warning
PREG Output pipelining  
DSP dma_axis_ip_example_i/pedal_top_0/inst/grp_generic_fmod_mult_float_s_fu_631/grp_mod_rcp_mult_24_36_8_s_fu_97/mul_24ns_38ns_61_1_1_U63/tmp_product output dma_axis_ip_example_i/pedal_top_0/inst/grp_generic_fmod_mult_float_s_fu_631/grp_mod_rcp_mult_24_36_8_s_fu_97/mul_24ns_38ns_61_1_1_U63/tmp_product/P[47:0] is not pipelined (PREG=0). Pipelining the DSP48 output will improve performance and often saves power so it is suggested whenever possible to fully pipeline this function.  If this DSP48 function was inferred, it is suggested to describe an additional register stage after this function.  If the DSP48 was instantiated in the design, it is suggested to set the PREG attribute to 1.
Related violations: <none>

DPOP-3#26 Warning
PREG Output pipelining  
DSP dma_axis_ip_example_i/pedal_top_0/inst/grp_generic_fmod_mult_float_s_fu_631/grp_mod_rcp_mult_24_36_8_s_fu_97/mul_24ns_38ns_61_1_1_U63/tmp_product__0 output dma_axis_ip_example_i/pedal_top_0/inst/grp_generic_fmod_mult_float_s_fu_631/grp_mod_rcp_mult_24_36_8_s_fu_97/mul_24ns_38ns_61_1_1_U63/tmp_product__0/P[47:0] is not pipelined (PREG=0). Pipelining the DSP48 output will improve performance and often saves power so it is suggested whenever possible to fully pipeline this function.  If this DSP48 function was inferred, it is suggested to describe an additional register stage after this function.  If the DSP48 was instantiated in the design, it is suggested to set the PREG attribute to 1.
Related violations: <none>

DPOP-3#27 Warning
PREG Output pipelining  
DSP dma_axis_ip_example_i/pedal_top_0/inst/grp_generic_fmod_mult_float_s_fu_631/grp_mod_rcp_mult_24_36_8_s_fu_97/mul_24ns_38ns_61_1_1_U63/tmp_product__1 output dma_axis_ip_example_i/pedal_top_0/inst/grp_generic_fmod_mult_float_s_fu_631/grp_mod_rcp_mult_24_36_8_s_fu_97/mul_24ns_38ns_61_1_1_U63/tmp_product__1/P[47:0] is not pipelined (PREG=0). Pipelining the DSP48 output will improve performance and often saves power so it is suggested whenever possible to fully pipeline this function.  If this DSP48 function was inferred, it is suggested to describe an additional register stage after this function.  If the DSP48 was instantiated in the design, it is suggested to set the PREG attribute to 1.
Related violations: <none>

DPOP-3#28 Warning
PREG Output pipelining  
DSP dma_axis_ip_example_i/pedal_top_0/inst/grp_generic_fmod_mult_float_s_fu_631/grp_mod_rcp_mult_24_36_8_s_fu_97/mul_24ns_38ns_61_1_1_U64/tmp_product output dma_axis_ip_example_i/pedal_top_0/inst/grp_generic_fmod_mult_float_s_fu_631/grp_mod_rcp_mult_24_36_8_s_fu_97/mul_24ns_38ns_61_1_1_U64/tmp_product/P[47:0] is not pipelined (PREG=0). Pipelining the DSP48 output will improve performance and often saves power so it is suggested whenever possible to fully pipeline this function.  If this DSP48 function was inferred, it is suggested to describe an additional register stage after this function.  If the DSP48 was instantiated in the design, it is suggested to set the PREG attribute to 1.
Related violations: <none>

DPOP-3#29 Warning
PREG Output pipelining  
DSP dma_axis_ip_example_i/pedal_top_0/inst/grp_generic_fmod_mult_float_s_fu_631/grp_mod_rcp_mult_24_36_8_s_fu_97/mul_24ns_38ns_61_1_1_U64/tmp_product__0 output dma_axis_ip_example_i/pedal_top_0/inst/grp_generic_fmod_mult_float_s_fu_631/grp_mod_rcp_mult_24_36_8_s_fu_97/mul_24ns_38ns_61_1_1_U64/tmp_product__0/P[47:0] is not pipelined (PREG=0). Pipelining the DSP48 output will improve performance and often saves power so it is suggested whenever possible to fully pipeline this function.  If this DSP48 function was inferred, it is suggested to describe an additional register stage after this function.  If the DSP48 was instantiated in the design, it is suggested to set the PREG attribute to 1.
Related violations: <none>

DPOP-3#30 Warning
PREG Output pipelining  
DSP dma_axis_ip_example_i/pedal_top_0/inst/grp_generic_fmod_mult_float_s_fu_631/grp_mod_rcp_mult_24_36_8_s_fu_97/mul_24ns_38ns_61_1_1_U64/tmp_product__1 output dma_axis_ip_example_i/pedal_top_0/inst/grp_generic_fmod_mult_float_s_fu_631/grp_mod_rcp_mult_24_36_8_s_fu_97/mul_24ns_38ns_61_1_1_U64/tmp_product__1/P[47:0] is not pipelined (PREG=0). Pipelining the DSP48 output will improve performance and often saves power so it is suggested whenever possible to fully pipeline this function.  If this DSP48 function was inferred, it is suggested to describe an additional register stage after this function.  If the DSP48 was instantiated in the design, it is suggested to set the PREG attribute to 1.
Related violations: <none>

DPOP-3#31 Warning
PREG Output pipelining  
DSP dma_axis_ip_example_i/pedal_top_0/inst/grp_generic_fmod_mult_float_s_fu_631/grp_mod_rcp_mult_24_36_8_s_fu_97/mul_24ns_38ns_61_1_1_U65/tmp_product output dma_axis_ip_example_i/pedal_top_0/inst/grp_generic_fmod_mult_float_s_fu_631/grp_mod_rcp_mult_24_36_8_s_fu_97/mul_24ns_38ns_61_1_1_U65/tmp_product/P[47:0] is not pipelined (PREG=0). Pipelining the DSP48 output will improve performance and often saves power so it is suggested whenever possible to fully pipeline this function.  If this DSP48 function was inferred, it is suggested to describe an additional register stage after this function.  If the DSP48 was instantiated in the design, it is suggested to set the PREG attribute to 1.
Related violations: <none>

DPOP-3#32 Warning
PREG Output pipelining  
DSP dma_axis_ip_example_i/pedal_top_0/inst/grp_generic_fmod_mult_float_s_fu_631/grp_mod_rcp_mult_24_36_8_s_fu_97/mul_25s_25s_25_1_1_U66/tmp_product output dma_axis_ip_example_i/pedal_top_0/inst/grp_generic_fmod_mult_float_s_fu_631/grp_mod_rcp_mult_24_36_8_s_fu_97/mul_25s_25s_25_1_1_U66/tmp_product/P[47:0] is not pipelined (PREG=0). Pipelining the DSP48 output will improve performance and often saves power so it is suggested whenever possible to fully pipeline this function.  If this DSP48 function was inferred, it is suggested to describe an additional register stage after this function.  If the DSP48 was instantiated in the design, it is suggested to set the PREG attribute to 1.
Related violations: <none>

DPOP-3#33 Warning
PREG Output pipelining  
DSP dma_axis_ip_example_i/pedal_top_0/inst/grp_generic_fmod_mult_float_s_fu_631/grp_mod_rcp_mult_24_36_8_s_fu_97/mul_25s_25s_25_1_1_U67/tmp_product output dma_axis_ip_example_i/pedal_top_0/inst/grp_generic_fmod_mult_float_s_fu_631/grp_mod_rcp_mult_24_36_8_s_fu_97/mul_25s_25s_25_1_1_U67/tmp_product/P[47:0] is not pipelined (PREG=0). Pipelining the DSP48 output will improve performance and often saves power so it is suggested whenever possible to fully pipeline this function.  If this DSP48 function was inferred, it is suggested to describe an additional register stage after this function.  If the DSP48 was instantiated in the design, it is suggested to set the PREG attribute to 1.
Related violations: <none>

DPOP-3#34 Warning
PREG Output pipelining  
DSP dma_axis_ip_example_i/pedal_top_0/inst/grp_generic_fmod_mult_float_s_fu_631/grp_mod_rcp_mult_24_36_8_s_fu_97/mul_25s_25s_25_1_1_U68/tmp_product output dma_axis_ip_example_i/pedal_top_0/inst/grp_generic_fmod_mult_float_s_fu_631/grp_mod_rcp_mult_24_36_8_s_fu_97/mul_25s_25s_25_1_1_U68/tmp_product/P[47:0] is not pipelined (PREG=0). Pipelining the DSP48 output will improve performance and often saves power so it is suggested whenever possible to fully pipeline this function.  If this DSP48 function was inferred, it is suggested to describe an additional register stage after this function.  If the DSP48 was instantiated in the design, it is suggested to set the PREG attribute to 1.
Related violations: <none>

DPOP-3#35 Warning
PREG Output pipelining  
DSP dma_axis_ip_example_i/pedal_top_0/inst/grp_generic_fmod_mult_float_s_fu_631/grp_mod_rcp_mult_24_36_8_s_fu_97/mul_25s_25s_25_1_1_U69/tmp_product output dma_axis_ip_example_i/pedal_top_0/inst/grp_generic_fmod_mult_float_s_fu_631/grp_mod_rcp_mult_24_36_8_s_fu_97/mul_25s_25s_25_1_1_U69/tmp_product/P[47:0] is not pipelined (PREG=0). Pipelining the DSP48 output will improve performance and often saves power so it is suggested whenever possible to fully pipeline this function.  If this DSP48 function was inferred, it is suggested to describe an additional register stage after this function.  If the DSP48 was instantiated in the design, it is suggested to set the PREG attribute to 1.
Related violations: <none>

DPOP-3#36 Warning
PREG Output pipelining  
DSP dma_axis_ip_example_i/pedal_top_0/inst/grp_generic_fmod_mult_float_s_fu_631/grp_mod_rcp_mult_24_36_8_s_fu_97/mul_25s_25s_25_1_1_U70/tmp_product output dma_axis_ip_example_i/pedal_top_0/inst/grp_generic_fmod_mult_float_s_fu_631/grp_mod_rcp_mult_24_36_8_s_fu_97/mul_25s_25s_25_1_1_U70/tmp_product/P[47:0] is not pipelined (PREG=0). Pipelining the DSP48 output will improve performance and often saves power so it is suggested whenever possible to fully pipeline this function.  If this DSP48 function was inferred, it is suggested to describe an additional register stage after this function.  If the DSP48 was instantiated in the design, it is suggested to set the PREG attribute to 1.
Related violations: <none>

DPOP-3#37 Warning
PREG Output pipelining  
DSP dma_axis_ip_example_i/pedal_top_0/inst/grp_generic_fmod_mult_float_s_fu_631/grp_mod_rcp_mult_24_36_8_s_fu_97/mul_25s_25s_25_1_1_U71/tmp_product output dma_axis_ip_example_i/pedal_top_0/inst/grp_generic_fmod_mult_float_s_fu_631/grp_mod_rcp_mult_24_36_8_s_fu_97/mul_25s_25s_25_1_1_U71/tmp_product/P[47:0] is not pipelined (PREG=0). Pipelining the DSP48 output will improve performance and often saves power so it is suggested whenever possible to fully pipeline this function.  If this DSP48 function was inferred, it is suggested to describe an additional register stage after this function.  If the DSP48 was instantiated in the design, it is suggested to set the PREG attribute to 1.
Related violations: <none>

DPOP-3#38 Warning
PREG Output pipelining  
DSP dma_axis_ip_example_i/pedal_top_0/inst/grp_generic_fmod_mult_float_s_fu_631/grp_mod_rcp_mult_24_36_8_s_fu_97/mul_25s_25s_25_1_1_U72/tmp_product output dma_axis_ip_example_i/pedal_top_0/inst/grp_generic_fmod_mult_float_s_fu_631/grp_mod_rcp_mult_24_36_8_s_fu_97/mul_25s_25s_25_1_1_U72/tmp_product/P[47:0] is not pipelined (PREG=0). Pipelining the DSP48 output will improve performance and often saves power so it is suggested whenever possible to fully pipeline this function.  If this DSP48 function was inferred, it is suggested to describe an additional register stage after this function.  If the DSP48 was instantiated in the design, it is suggested to set the PREG attribute to 1.
Related violations: <none>

DPOP-3#39 Warning
PREG Output pipelining  
DSP dma_axis_ip_example_i/pedal_top_0/inst/grp_generic_fmod_mult_float_s_fu_631/grp_mod_rcp_mult_24_36_8_s_fu_97/mul_25s_25s_25_1_1_U73/tmp_product output dma_axis_ip_example_i/pedal_top_0/inst/grp_generic_fmod_mult_float_s_fu_631/grp_mod_rcp_mult_24_36_8_s_fu_97/mul_25s_25s_25_1_1_U73/tmp_product/P[47:0] is not pipelined (PREG=0). Pipelining the DSP48 output will improve performance and often saves power so it is suggested whenever possible to fully pipeline this function.  If this DSP48 function was inferred, it is suggested to describe an additional register stage after this function.  If the DSP48 was instantiated in the design, it is suggested to set the PREG attribute to 1.
Related violations: <none>

DPOP-3#40 Warning
PREG Output pipelining  
DSP dma_axis_ip_example_i/pedal_top_0/inst/grp_generic_tanh_float_s_fu_607/dadd_64ns_64ns_64_4_full_dsp_0_U27/pedal_top_dadd_64ns_64ns_64_4_full_dsp_0_ip_u/inst/i_synth/ADDSUB_OP.ADDSUB/LOGIC_SPEED.OP/ALIGN_BLK/FRAC_ADDSUB/DSP_ADD.FRAC_ADDSUB/i_no_versal_es1_workaround.DSP48E1_ADD.DSP48E1_ADD/i_no_versal_es1_workaround.DSP output dma_axis_ip_example_i/pedal_top_0/inst/grp_generic_tanh_float_s_fu_607/dadd_64ns_64ns_64_4_full_dsp_0_U27/pedal_top_dadd_64ns_64ns_64_4_full_dsp_0_ip_u/inst/i_synth/ADDSUB_OP.ADDSUB/LOGIC_SPEED.OP/ALIGN_BLK/FRAC_ADDSUB/DSP_ADD.FRAC_ADDSUB/i_no_versal_es1_workaround.DSP48E1_ADD.DSP48E1_ADD/i_no_versal_es1_workaround.DSP/P[47:0] is not pipelined (PREG=0). Pipelining the DSP48 output will improve performance and often saves power so it is suggested whenever possible to fully pipeline this function.  If this DSP48 function was inferred, it is suggested to describe an additional register stage after this function.  If the DSP48 was instantiated in the design, it is suggested to set the PREG attribute to 1.
Related violations: <none>

DPOP-3#41 Warning
PREG Output pipelining  
DSP dma_axis_ip_example_i/pedal_top_0/inst/grp_generic_tanh_float_s_fu_607/dadd_64ns_64ns_64_4_full_dsp_0_U27/pedal_top_dadd_64ns_64ns_64_4_full_dsp_0_ip_u/inst/i_synth/ADDSUB_OP.ADDSUB/LOGIC_SPEED.OP/NORM/ROUND/DSP48_E1.DSP48E1_ADD.DSP48E1_ADD/i_no_versal_es1_workaround.DSP output dma_axis_ip_example_i/pedal_top_0/inst/grp_generic_tanh_float_s_fu_607/dadd_64ns_64ns_64_4_full_dsp_0_U27/pedal_top_dadd_64ns_64ns_64_4_full_dsp_0_ip_u/inst/i_synth/ADDSUB_OP.ADDSUB/LOGIC_SPEED.OP/NORM/ROUND/DSP48_E1.DSP48E1_ADD.DSP48E1_ADD/i_no_versal_es1_workaround.DSP/P[47:0] is not pipelined (PREG=0). Pipelining the DSP48 output will improve performance and often saves power so it is suggested whenever possible to fully pipeline this function.  If this DSP48 function was inferred, it is suggested to describe an additional register stage after this function.  If the DSP48 was instantiated in the design, it is suggested to set the PREG attribute to 1.
Related violations: <none>

DPOP-3#42 Warning
PREG Output pipelining  
DSP dma_axis_ip_example_i/pedal_top_0/inst/grp_generic_tanh_float_s_fu_607/fadd_32ns_32ns_32_3_full_dsp_0_U17/pedal_top_fadd_32ns_32ns_32_3_full_dsp_0_ip_u/inst/i_synth/ADDSUB_OP.ADDSUB/DSP.OP/DSP48E1_BODY.ALIGN_ADD/DSP2/i_no_versal_es1_workaround.DSP output dma_axis_ip_example_i/pedal_top_0/inst/grp_generic_tanh_float_s_fu_607/fadd_32ns_32ns_32_3_full_dsp_0_U17/pedal_top_fadd_32ns_32ns_32_3_full_dsp_0_ip_u/inst/i_synth/ADDSUB_OP.ADDSUB/DSP.OP/DSP48E1_BODY.ALIGN_ADD/DSP2/i_no_versal_es1_workaround.DSP/PATTERNDETECT is not pipelined (PREG=0). Pipelining the DSP48 output will improve performance and often saves power so it is suggested whenever possible to fully pipeline this function.  If this DSP48 function was inferred, it is suggested to describe an additional register stage after this function.  If the DSP48 was instantiated in the design, it is suggested to set the PREG attribute to 1.
Related violations: <none>

DPOP-3#43 Warning
PREG Output pipelining  
DSP dma_axis_ip_example_i/pedal_top_0/inst/grp_generic_tanh_float_s_fu_607/fadd_32ns_32ns_32_3_full_dsp_0_U17/pedal_top_fadd_32ns_32ns_32_3_full_dsp_0_ip_u/inst/i_synth/ADDSUB_OP.ADDSUB/DSP.OP/DSP48E1_BODY.ALIGN_ADD/DSP2/i_no_versal_es1_workaround.DSP output dma_axis_ip_example_i/pedal_top_0/inst/grp_generic_tanh_float_s_fu_607/fadd_32ns_32ns_32_3_full_dsp_0_U17/pedal_top_fadd_32ns_32ns_32_3_full_dsp_0_ip_u/inst/i_synth/ADDSUB_OP.ADDSUB/DSP.OP/DSP48E1_BODY.ALIGN_ADD/DSP2/i_no_versal_es1_workaround.DSP/P[47:0] is not pipelined (PREG=0). Pipelining the DSP48 output will improve performance and often saves power so it is suggested whenever possible to fully pipeline this function.  If this DSP48 function was inferred, it is suggested to describe an additional register stage after this function.  If the DSP48 was instantiated in the design, it is suggested to set the PREG attribute to 1.
Related violations: <none>

DPOP-3#44 Warning
PREG Output pipelining  
DSP dma_axis_ip_example_i/pedal_top_0/inst/grp_generic_tanh_float_s_fu_607/fadd_32ns_32ns_32_3_full_dsp_0_U17/pedal_top_fadd_32ns_32ns_32_3_full_dsp_0_ip_u/inst/i_synth/ADDSUB_OP.ADDSUB/DSP.OP/DSP48E1_BODY.NORM_RND/FULL_USAGE_DSP.SHIFT_RND/i_no_versal_es1_workaround.DSP output dma_axis_ip_example_i/pedal_top_0/inst/grp_generic_tanh_float_s_fu_607/fadd_32ns_32ns_32_3_full_dsp_0_U17/pedal_top_fadd_32ns_32ns_32_3_full_dsp_0_ip_u/inst/i_synth/ADDSUB_OP.ADDSUB/DSP.OP/DSP48E1_BODY.NORM_RND/FULL_USAGE_DSP.SHIFT_RND/i_no_versal_es1_workaround.DSP/P[47:0] is not pipelined (PREG=0). Pipelining the DSP48 output will improve performance and often saves power so it is suggested whenever possible to fully pipeline this function.  If this DSP48 function was inferred, it is suggested to describe an additional register stage after this function.  If the DSP48 was instantiated in the design, it is suggested to set the PREG attribute to 1.
Related violations: <none>

DPOP-3#45 Warning
PREG Output pipelining  
DSP dma_axis_ip_example_i/pedal_top_0/inst/grp_generic_tanh_float_s_fu_607/fadd_32ns_32ns_32_3_full_dsp_0_U19/pedal_top_fadd_32ns_32ns_32_3_full_dsp_0_ip_u/inst/i_synth/ADDSUB_OP.ADDSUB/DSP.OP/DSP48E1_BODY.ALIGN_ADD/DSP2/i_no_versal_es1_workaround.DSP output dma_axis_ip_example_i/pedal_top_0/inst/grp_generic_tanh_float_s_fu_607/fadd_32ns_32ns_32_3_full_dsp_0_U19/pedal_top_fadd_32ns_32ns_32_3_full_dsp_0_ip_u/inst/i_synth/ADDSUB_OP.ADDSUB/DSP.OP/DSP48E1_BODY.ALIGN_ADD/DSP2/i_no_versal_es1_workaround.DSP/PATTERNDETECT is not pipelined (PREG=0). Pipelining the DSP48 output will improve performance and often saves power so it is suggested whenever possible to fully pipeline this function.  If this DSP48 function was inferred, it is suggested to describe an additional register stage after this function.  If the DSP48 was instantiated in the design, it is suggested to set the PREG attribute to 1.
Related violations: <none>

DPOP-3#46 Warning
PREG Output pipelining  
DSP dma_axis_ip_example_i/pedal_top_0/inst/grp_generic_tanh_float_s_fu_607/fadd_32ns_32ns_32_3_full_dsp_0_U19/pedal_top_fadd_32ns_32ns_32_3_full_dsp_0_ip_u/inst/i_synth/ADDSUB_OP.ADDSUB/DSP.OP/DSP48E1_BODY.ALIGN_ADD/DSP2/i_no_versal_es1_workaround.DSP output dma_axis_ip_example_i/pedal_top_0/inst/grp_generic_tanh_float_s_fu_607/fadd_32ns_32ns_32_3_full_dsp_0_U19/pedal_top_fadd_32ns_32ns_32_3_full_dsp_0_ip_u/inst/i_synth/ADDSUB_OP.ADDSUB/DSP.OP/DSP48E1_BODY.ALIGN_ADD/DSP2/i_no_versal_es1_workaround.DSP/P[47:0] is not pipelined (PREG=0). Pipelining the DSP48 output will improve performance and often saves power so it is suggested whenever possible to fully pipeline this function.  If this DSP48 function was inferred, it is suggested to describe an additional register stage after this function.  If the DSP48 was instantiated in the design, it is suggested to set the PREG attribute to 1.
Related violations: <none>

DPOP-3#47 Warning
PREG Output pipelining  
DSP dma_axis_ip_example_i/pedal_top_0/inst/grp_generic_tanh_float_s_fu_607/fadd_32ns_32ns_32_3_full_dsp_0_U19/pedal_top_fadd_32ns_32ns_32_3_full_dsp_0_ip_u/inst/i_synth/ADDSUB_OP.ADDSUB/DSP.OP/DSP48E1_BODY.NORM_RND/FULL_USAGE_DSP.SHIFT_RND/i_no_versal_es1_workaround.DSP output dma_axis_ip_example_i/pedal_top_0/inst/grp_generic_tanh_float_s_fu_607/fadd_32ns_32ns_32_3_full_dsp_0_U19/pedal_top_fadd_32ns_32ns_32_3_full_dsp_0_ip_u/inst/i_synth/ADDSUB_OP.ADDSUB/DSP.OP/DSP48E1_BODY.NORM_RND/FULL_USAGE_DSP.SHIFT_RND/i_no_versal_es1_workaround.DSP/P[47:0] is not pipelined (PREG=0). Pipelining the DSP48 output will improve performance and often saves power so it is suggested whenever possible to fully pipeline this function.  If this DSP48 function was inferred, it is suggested to describe an additional register stage after this function.  If the DSP48 was instantiated in the design, it is suggested to set the PREG attribute to 1.
Related violations: <none>

DPOP-3#48 Warning
PREG Output pipelining  
DSP dma_axis_ip_example_i/pedal_top_0/inst/grp_generic_tanh_float_s_fu_607/fadd_32ns_32ns_32_3_full_dsp_0_U20/pedal_top_fadd_32ns_32ns_32_3_full_dsp_0_ip_u/inst/i_synth/ADDSUB_OP.ADDSUB/DSP.OP/DSP48E1_BODY.ALIGN_ADD/DSP2/i_no_versal_es1_workaround.DSP output dma_axis_ip_example_i/pedal_top_0/inst/grp_generic_tanh_float_s_fu_607/fadd_32ns_32ns_32_3_full_dsp_0_U20/pedal_top_fadd_32ns_32ns_32_3_full_dsp_0_ip_u/inst/i_synth/ADDSUB_OP.ADDSUB/DSP.OP/DSP48E1_BODY.ALIGN_ADD/DSP2/i_no_versal_es1_workaround.DSP/PATTERNDETECT is not pipelined (PREG=0). Pipelining the DSP48 output will improve performance and often saves power so it is suggested whenever possible to fully pipeline this function.  If this DSP48 function was inferred, it is suggested to describe an additional register stage after this function.  If the DSP48 was instantiated in the design, it is suggested to set the PREG attribute to 1.
Related violations: <none>

DPOP-3#49 Warning
PREG Output pipelining  
DSP dma_axis_ip_example_i/pedal_top_0/inst/grp_generic_tanh_float_s_fu_607/fadd_32ns_32ns_32_3_full_dsp_0_U20/pedal_top_fadd_32ns_32ns_32_3_full_dsp_0_ip_u/inst/i_synth/ADDSUB_OP.ADDSUB/DSP.OP/DSP48E1_BODY.ALIGN_ADD/DSP2/i_no_versal_es1_workaround.DSP output dma_axis_ip_example_i/pedal_top_0/inst/grp_generic_tanh_float_s_fu_607/fadd_32ns_32ns_32_3_full_dsp_0_U20/pedal_top_fadd_32ns_32ns_32_3_full_dsp_0_ip_u/inst/i_synth/ADDSUB_OP.ADDSUB/DSP.OP/DSP48E1_BODY.ALIGN_ADD/DSP2/i_no_versal_es1_workaround.DSP/P[47:0] is not pipelined (PREG=0). Pipelining the DSP48 output will improve performance and often saves power so it is suggested whenever possible to fully pipeline this function.  If this DSP48 function was inferred, it is suggested to describe an additional register stage after this function.  If the DSP48 was instantiated in the design, it is suggested to set the PREG attribute to 1.
Related violations: <none>

DPOP-3#50 Warning
PREG Output pipelining  
DSP dma_axis_ip_example_i/pedal_top_0/inst/grp_generic_tanh_float_s_fu_607/fadd_32ns_32ns_32_3_full_dsp_0_U20/pedal_top_fadd_32ns_32ns_32_3_full_dsp_0_ip_u/inst/i_synth/ADDSUB_OP.ADDSUB/DSP.OP/DSP48E1_BODY.NORM_RND/FULL_USAGE_DSP.SHIFT_RND/i_no_versal_es1_workaround.DSP output dma_axis_ip_example_i/pedal_top_0/inst/grp_generic_tanh_float_s_fu_607/fadd_32ns_32ns_32_3_full_dsp_0_U20/pedal_top_fadd_32ns_32ns_32_3_full_dsp_0_ip_u/inst/i_synth/ADDSUB_OP.ADDSUB/DSP.OP/DSP48E1_BODY.NORM_RND/FULL_USAGE_DSP.SHIFT_RND/i_no_versal_es1_workaround.DSP/P[47:0] is not pipelined (PREG=0). Pipelining the DSP48 output will improve performance and often saves power so it is suggested whenever possible to fully pipeline this function.  If this DSP48 function was inferred, it is suggested to describe an additional register stage after this function.  If the DSP48 was instantiated in the design, it is suggested to set the PREG attribute to 1.
Related violations: <none>

DPOP-3#51 Warning
PREG Output pipelining  
DSP dma_axis_ip_example_i/pedal_top_0/inst/grp_generic_tanh_float_s_fu_607/fmul_32ns_32ns_32_2_max_dsp_0_U22/pedal_top_fmul_32ns_32ns_32_2_max_dsp_0_ip_u/inst/i_synth/MULT.OP/i_non_prim.MULT/DSP48E1_SPD_SGL_VARIANT.FIX_MULT/DSP1/i_no_versal_es1_workaround.DSP output dma_axis_ip_example_i/pedal_top_0/inst/grp_generic_tanh_float_s_fu_607/fmul_32ns_32ns_32_2_max_dsp_0_U22/pedal_top_fmul_32ns_32ns_32_2_max_dsp_0_ip_u/inst/i_synth/MULT.OP/i_non_prim.MULT/DSP48E1_SPD_SGL_VARIANT.FIX_MULT/DSP1/i_no_versal_es1_workaround.DSP/PATTERNDETECT is not pipelined (PREG=0). Pipelining the DSP48 output will improve performance and often saves power so it is suggested whenever possible to fully pipeline this function.  If this DSP48 function was inferred, it is suggested to describe an additional register stage after this function.  If the DSP48 was instantiated in the design, it is suggested to set the PREG attribute to 1.
Related violations: <none>

DPOP-3#52 Warning
PREG Output pipelining  
DSP dma_axis_ip_example_i/pedal_top_0/inst/grp_generic_tanh_float_s_fu_607/fmul_32ns_32ns_32_2_max_dsp_0_U22/pedal_top_fmul_32ns_32ns_32_2_max_dsp_0_ip_u/inst/i_synth/MULT.OP/i_non_prim.MULT/DSP48E1_SPD_SGL_VARIANT.FIX_MULT/DSP2/i_no_versal_es1_workaround.DSP output dma_axis_ip_example_i/pedal_top_0/inst/grp_generic_tanh_float_s_fu_607/fmul_32ns_32ns_32_2_max_dsp_0_U22/pedal_top_fmul_32ns_32ns_32_2_max_dsp_0_ip_u/inst/i_synth/MULT.OP/i_non_prim.MULT/DSP48E1_SPD_SGL_VARIANT.FIX_MULT/DSP2/i_no_versal_es1_workaround.DSP/PATTERNDETECT is not pipelined (PREG=0). Pipelining the DSP48 output will improve performance and often saves power so it is suggested whenever possible to fully pipeline this function.  If this DSP48 function was inferred, it is suggested to describe an additional register stage after this function.  If the DSP48 was instantiated in the design, it is suggested to set the PREG attribute to 1.
Related violations: <none>

DPOP-3#53 Warning
PREG Output pipelining  
DSP dma_axis_ip_example_i/pedal_top_0/inst/grp_generic_tanh_float_s_fu_607/fmul_32ns_32ns_32_2_max_dsp_0_U22/pedal_top_fmul_32ns_32ns_32_2_max_dsp_0_ip_u/inst/i_synth/MULT.OP/i_non_prim.MULT/DSP48E1_SPD_SGL_VARIANT.FIX_MULT/DSP2/i_no_versal_es1_workaround.DSP output dma_axis_ip_example_i/pedal_top_0/inst/grp_generic_tanh_float_s_fu_607/fmul_32ns_32ns_32_2_max_dsp_0_U22/pedal_top_fmul_32ns_32ns_32_2_max_dsp_0_ip_u/inst/i_synth/MULT.OP/i_non_prim.MULT/DSP48E1_SPD_SGL_VARIANT.FIX_MULT/DSP2/i_no_versal_es1_workaround.DSP/P[47:0] is not pipelined (PREG=0). Pipelining the DSP48 output will improve performance and often saves power so it is suggested whenever possible to fully pipeline this function.  If this DSP48 function was inferred, it is suggested to describe an additional register stage after this function.  If the DSP48 was instantiated in the design, it is suggested to set the PREG attribute to 1.
Related violations: <none>

DPOP-3#54 Warning
PREG Output pipelining  
DSP dma_axis_ip_example_i/pedal_top_0/inst/grp_generic_tanh_float_s_fu_607/fmul_32ns_32ns_32_2_max_dsp_0_U22/pedal_top_fmul_32ns_32ns_32_2_max_dsp_0_ip_u/inst/i_synth/MULT.OP/i_non_prim.R_AND_R/LAT_OPT.FULL.R_AND_R/DSP48E1_SGL_EXP_IP.OLD_ADD.ADD/i_no_versal_es1_workaround.DSP output dma_axis_ip_example_i/pedal_top_0/inst/grp_generic_tanh_float_s_fu_607/fmul_32ns_32ns_32_2_max_dsp_0_U22/pedal_top_fmul_32ns_32ns_32_2_max_dsp_0_ip_u/inst/i_synth/MULT.OP/i_non_prim.R_AND_R/LAT_OPT.FULL.R_AND_R/DSP48E1_SGL_EXP_IP.OLD_ADD.ADD/i_no_versal_es1_workaround.DSP/CARRYOUT[3:0] is not pipelined (PREG=0). Pipelining the DSP48 output will improve performance and often saves power so it is suggested whenever possible to fully pipeline this function.  If this DSP48 function was inferred, it is suggested to describe an additional register stage after this function.  If the DSP48 was instantiated in the design, it is suggested to set the PREG attribute to 1.
Related violations: <none>

DPOP-3#55 Warning
PREG Output pipelining  
DSP dma_axis_ip_example_i/pedal_top_0/inst/grp_generic_tanh_float_s_fu_607/fmul_32ns_32ns_32_2_max_dsp_0_U22/pedal_top_fmul_32ns_32ns_32_2_max_dsp_0_ip_u/inst/i_synth/MULT.OP/i_non_prim.R_AND_R/LAT_OPT.FULL.R_AND_R/DSP48E1_SGL_EXP_IP.OLD_ADD.ADD/i_no_versal_es1_workaround.DSP output dma_axis_ip_example_i/pedal_top_0/inst/grp_generic_tanh_float_s_fu_607/fmul_32ns_32ns_32_2_max_dsp_0_U22/pedal_top_fmul_32ns_32ns_32_2_max_dsp_0_ip_u/inst/i_synth/MULT.OP/i_non_prim.R_AND_R/LAT_OPT.FULL.R_AND_R/DSP48E1_SGL_EXP_IP.OLD_ADD.ADD/i_no_versal_es1_workaround.DSP/P[47:0] is not pipelined (PREG=0). Pipelining the DSP48 output will improve performance and often saves power so it is suggested whenever possible to fully pipeline this function.  If this DSP48 function was inferred, it is suggested to describe an additional register stage after this function.  If the DSP48 was instantiated in the design, it is suggested to set the PREG attribute to 1.
Related violations: <none>

DPOP-3#56 Warning
PREG Output pipelining  
DSP dma_axis_ip_example_i/pedal_top_0/inst/grp_generic_tanh_float_s_fu_607/fsub_32ns_32ns_32_3_full_dsp_0_U18/pedal_top_fsub_32ns_32ns_32_3_full_dsp_0_ip_u/inst/i_synth/ADDSUB_OP.ADDSUB/DSP.OP/DSP48E1_BODY.ALIGN_ADD/DSP2/i_no_versal_es1_workaround.DSP output dma_axis_ip_example_i/pedal_top_0/inst/grp_generic_tanh_float_s_fu_607/fsub_32ns_32ns_32_3_full_dsp_0_U18/pedal_top_fsub_32ns_32ns_32_3_full_dsp_0_ip_u/inst/i_synth/ADDSUB_OP.ADDSUB/DSP.OP/DSP48E1_BODY.ALIGN_ADD/DSP2/i_no_versal_es1_workaround.DSP/PATTERNDETECT is not pipelined (PREG=0). Pipelining the DSP48 output will improve performance and often saves power so it is suggested whenever possible to fully pipeline this function.  If this DSP48 function was inferred, it is suggested to describe an additional register stage after this function.  If the DSP48 was instantiated in the design, it is suggested to set the PREG attribute to 1.
Related violations: <none>

DPOP-3#57 Warning
PREG Output pipelining  
DSP dma_axis_ip_example_i/pedal_top_0/inst/grp_generic_tanh_float_s_fu_607/fsub_32ns_32ns_32_3_full_dsp_0_U18/pedal_top_fsub_32ns_32ns_32_3_full_dsp_0_ip_u/inst/i_synth/ADDSUB_OP.ADDSUB/DSP.OP/DSP48E1_BODY.ALIGN_ADD/DSP2/i_no_versal_es1_workaround.DSP output dma_axis_ip_example_i/pedal_top_0/inst/grp_generic_tanh_float_s_fu_607/fsub_32ns_32ns_32_3_full_dsp_0_U18/pedal_top_fsub_32ns_32ns_32_3_full_dsp_0_ip_u/inst/i_synth/ADDSUB_OP.ADDSUB/DSP.OP/DSP48E1_BODY.ALIGN_ADD/DSP2/i_no_versal_es1_workaround.DSP/P[47:0] is not pipelined (PREG=0). Pipelining the DSP48 output will improve performance and often saves power so it is suggested whenever possible to fully pipeline this function.  If this DSP48 function was inferred, it is suggested to describe an additional register stage after this function.  If the DSP48 was instantiated in the design, it is suggested to set the PREG attribute to 1.
Related violations: <none>

DPOP-3#58 Warning
PREG Output pipelining  
DSP dma_axis_ip_example_i/pedal_top_0/inst/grp_generic_tanh_float_s_fu_607/fsub_32ns_32ns_32_3_full_dsp_0_U18/pedal_top_fsub_32ns_32ns_32_3_full_dsp_0_ip_u/inst/i_synth/ADDSUB_OP.ADDSUB/DSP.OP/DSP48E1_BODY.NORM_RND/FULL_USAGE_DSP.SHIFT_RND/i_no_versal_es1_workaround.DSP output dma_axis_ip_example_i/pedal_top_0/inst/grp_generic_tanh_float_s_fu_607/fsub_32ns_32ns_32_3_full_dsp_0_U18/pedal_top_fsub_32ns_32ns_32_3_full_dsp_0_ip_u/inst/i_synth/ADDSUB_OP.ADDSUB/DSP.OP/DSP48E1_BODY.NORM_RND/FULL_USAGE_DSP.SHIFT_RND/i_no_versal_es1_workaround.DSP/P[47:0] is not pipelined (PREG=0). Pipelining the DSP48 output will improve performance and often saves power so it is suggested whenever possible to fully pipeline this function.  If this DSP48 function was inferred, it is suggested to describe an additional register stage after this function.  If the DSP48 was instantiated in the design, it is suggested to set the PREG attribute to 1.
Related violations: <none>

DPOP-3#59 Warning
PREG Output pipelining  
DSP dma_axis_ip_example_i/pedal_top_0/inst/grp_generic_tanh_float_s_fu_607/fsub_32ns_32ns_32_3_full_dsp_0_U21/pedal_top_fsub_32ns_32ns_32_3_full_dsp_0_ip_u/inst/i_synth/ADDSUB_OP.ADDSUB/DSP.OP/DSP48E1_BODY.ALIGN_ADD/DSP2/i_no_versal_es1_workaround.DSP output dma_axis_ip_example_i/pedal_top_0/inst/grp_generic_tanh_float_s_fu_607/fsub_32ns_32ns_32_3_full_dsp_0_U21/pedal_top_fsub_32ns_32ns_32_3_full_dsp_0_ip_u/inst/i_synth/ADDSUB_OP.ADDSUB/DSP.OP/DSP48E1_BODY.ALIGN_ADD/DSP2/i_no_versal_es1_workaround.DSP/PATTERNDETECT is not pipelined (PREG=0). Pipelining the DSP48 output will improve performance and often saves power so it is suggested whenever possible to fully pipeline this function.  If this DSP48 function was inferred, it is suggested to describe an additional register stage after this function.  If the DSP48 was instantiated in the design, it is suggested to set the PREG attribute to 1.
Related violations: <none>

DPOP-3#60 Warning
PREG Output pipelining  
DSP dma_axis_ip_example_i/pedal_top_0/inst/grp_generic_tanh_float_s_fu_607/fsub_32ns_32ns_32_3_full_dsp_0_U21/pedal_top_fsub_32ns_32ns_32_3_full_dsp_0_ip_u/inst/i_synth/ADDSUB_OP.ADDSUB/DSP.OP/DSP48E1_BODY.ALIGN_ADD/DSP2/i_no_versal_es1_workaround.DSP output dma_axis_ip_example_i/pedal_top_0/inst/grp_generic_tanh_float_s_fu_607/fsub_32ns_32ns_32_3_full_dsp_0_U21/pedal_top_fsub_32ns_32ns_32_3_full_dsp_0_ip_u/inst/i_synth/ADDSUB_OP.ADDSUB/DSP.OP/DSP48E1_BODY.ALIGN_ADD/DSP2/i_no_versal_es1_workaround.DSP/P[47:0] is not pipelined (PREG=0). Pipelining the DSP48 output will improve performance and often saves power so it is suggested whenever possible to fully pipeline this function.  If this DSP48 function was inferred, it is suggested to describe an additional register stage after this function.  If the DSP48 was instantiated in the design, it is suggested to set the PREG attribute to 1.
Related violations: <none>

DPOP-3#61 Warning
PREG Output pipelining  
DSP dma_axis_ip_example_i/pedal_top_0/inst/grp_generic_tanh_float_s_fu_607/fsub_32ns_32ns_32_3_full_dsp_0_U21/pedal_top_fsub_32ns_32ns_32_3_full_dsp_0_ip_u/inst/i_synth/ADDSUB_OP.ADDSUB/DSP.OP/DSP48E1_BODY.NORM_RND/FULL_USAGE_DSP.SHIFT_RND/i_no_versal_es1_workaround.DSP output dma_axis_ip_example_i/pedal_top_0/inst/grp_generic_tanh_float_s_fu_607/fsub_32ns_32ns_32_3_full_dsp_0_U21/pedal_top_fsub_32ns_32ns_32_3_full_dsp_0_ip_u/inst/i_synth/ADDSUB_OP.ADDSUB/DSP.OP/DSP48E1_BODY.NORM_RND/FULL_USAGE_DSP.SHIFT_RND/i_no_versal_es1_workaround.DSP/P[47:0] is not pipelined (PREG=0). Pipelining the DSP48 output will improve performance and often saves power so it is suggested whenever possible to fully pipeline this function.  If this DSP48 function was inferred, it is suggested to describe an additional register stage after this function.  If the DSP48 was instantiated in the design, it is suggested to set the PREG attribute to 1.
Related violations: <none>

DPOP-3#62 Warning
PREG Output pipelining  
DSP dma_axis_ip_example_i/pedal_top_0/inst/grp_generic_tanh_float_s_fu_607/grp_exp_generic_double_s_fu_89/mul_13s_71s_71_1_1_U1/tmp_product output dma_axis_ip_example_i/pedal_top_0/inst/grp_generic_tanh_float_s_fu_607/grp_exp_generic_double_s_fu_89/mul_13s_71s_71_1_1_U1/tmp_product/P[47:0] is not pipelined (PREG=0). Pipelining the DSP48 output will improve performance and often saves power so it is suggested whenever possible to fully pipeline this function.  If this DSP48 function was inferred, it is suggested to describe an additional register stage after this function.  If the DSP48 was instantiated in the design, it is suggested to set the PREG attribute to 1.
Related violations: <none>

DPOP-3#63 Warning
PREG Output pipelining  
DSP dma_axis_ip_example_i/pedal_top_0/inst/grp_generic_tanh_float_s_fu_607/grp_exp_generic_double_s_fu_89/mul_13s_71s_71_1_1_U1/tmp_product__0 output dma_axis_ip_example_i/pedal_top_0/inst/grp_generic_tanh_float_s_fu_607/grp_exp_generic_double_s_fu_89/mul_13s_71s_71_1_1_U1/tmp_product__0/P[47:0] is not pipelined (PREG=0). Pipelining the DSP48 output will improve performance and often saves power so it is suggested whenever possible to fully pipeline this function.  If this DSP48 function was inferred, it is suggested to describe an additional register stage after this function.  If the DSP48 was instantiated in the design, it is suggested to set the PREG attribute to 1.
Related violations: <none>

DPOP-3#64 Warning
PREG Output pipelining  
DSP dma_axis_ip_example_i/pedal_top_0/inst/grp_generic_tanh_float_s_fu_607/grp_exp_generic_double_s_fu_89/mul_13s_71s_71_1_1_U1/tmp_product__1 output dma_axis_ip_example_i/pedal_top_0/inst/grp_generic_tanh_float_s_fu_607/grp_exp_generic_double_s_fu_89/mul_13s_71s_71_1_1_U1/tmp_product__1/P[47:0] is not pipelined (PREG=0). Pipelining the DSP48 output will improve performance and often saves power so it is suggested whenever possible to fully pipeline this function.  If this DSP48 function was inferred, it is suggested to describe an additional register stage after this function.  If the DSP48 was instantiated in the design, it is suggested to set the PREG attribute to 1.
Related violations: <none>

DPOP-3#65 Warning
PREG Output pipelining  
DSP dma_axis_ip_example_i/pedal_top_0/inst/grp_generic_tanh_float_s_fu_607/grp_exp_generic_double_s_fu_89/mul_13s_71s_71_1_1_U1/tmp_product__2 output dma_axis_ip_example_i/pedal_top_0/inst/grp_generic_tanh_float_s_fu_607/grp_exp_generic_double_s_fu_89/mul_13s_71s_71_1_1_U1/tmp_product__2/P[47:0] is not pipelined (PREG=0). Pipelining the DSP48 output will improve performance and often saves power so it is suggested whenever possible to fully pipeline this function.  If this DSP48 function was inferred, it is suggested to describe an additional register stage after this function.  If the DSP48 was instantiated in the design, it is suggested to set the PREG attribute to 1.
Related violations: <none>

DPOP-3#66 Warning
PREG Output pipelining  
DSP dma_axis_ip_example_i/pedal_top_0/inst/grp_generic_tanh_float_s_fu_607/grp_exp_generic_double_s_fu_89/mul_43ns_36ns_79_1_1_U2/tmp_product output dma_axis_ip_example_i/pedal_top_0/inst/grp_generic_tanh_float_s_fu_607/grp_exp_generic_double_s_fu_89/mul_43ns_36ns_79_1_1_U2/tmp_product/P[47:0] is not pipelined (PREG=0). Pipelining the DSP48 output will improve performance and often saves power so it is suggested whenever possible to fully pipeline this function.  If this DSP48 function was inferred, it is suggested to describe an additional register stage after this function.  If the DSP48 was instantiated in the design, it is suggested to set the PREG attribute to 1.
Related violations: <none>

DPOP-3#67 Warning
PREG Output pipelining  
DSP dma_axis_ip_example_i/pedal_top_0/inst/grp_generic_tanh_float_s_fu_607/grp_exp_generic_double_s_fu_89/mul_43ns_36ns_79_1_1_U2/tmp_product__0 output dma_axis_ip_example_i/pedal_top_0/inst/grp_generic_tanh_float_s_fu_607/grp_exp_generic_double_s_fu_89/mul_43ns_36ns_79_1_1_U2/tmp_product__0/P[47:0] is not pipelined (PREG=0). Pipelining the DSP48 output will improve performance and often saves power so it is suggested whenever possible to fully pipeline this function.  If this DSP48 function was inferred, it is suggested to describe an additional register stage after this function.  If the DSP48 was instantiated in the design, it is suggested to set the PREG attribute to 1.
Related violations: <none>

DPOP-3#68 Warning
PREG Output pipelining  
DSP dma_axis_ip_example_i/pedal_top_0/inst/grp_generic_tanh_float_s_fu_607/grp_exp_generic_double_s_fu_89/mul_43ns_36ns_79_1_1_U2/tmp_product__1 output dma_axis_ip_example_i/pedal_top_0/inst/grp_generic_tanh_float_s_fu_607/grp_exp_generic_double_s_fu_89/mul_43ns_36ns_79_1_1_U2/tmp_product__1/P[47:0] is not pipelined (PREG=0). Pipelining the DSP48 output will improve performance and often saves power so it is suggested whenever possible to fully pipeline this function.  If this DSP48 function was inferred, it is suggested to describe an additional register stage after this function.  If the DSP48 was instantiated in the design, it is suggested to set the PREG attribute to 1.
Related violations: <none>

DPOP-3#69 Warning
PREG Output pipelining  
DSP dma_axis_ip_example_i/pedal_top_0/inst/grp_generic_tanh_float_s_fu_607/grp_exp_generic_double_s_fu_89/mul_43ns_36ns_79_1_1_U2/tmp_product__2 output dma_axis_ip_example_i/pedal_top_0/inst/grp_generic_tanh_float_s_fu_607/grp_exp_generic_double_s_fu_89/mul_43ns_36ns_79_1_1_U2/tmp_product__2/P[47:0] is not pipelined (PREG=0). Pipelining the DSP48 output will improve performance and often saves power so it is suggested whenever possible to fully pipeline this function.  If this DSP48 function was inferred, it is suggested to describe an additional register stage after this function.  If the DSP48 was instantiated in the design, it is suggested to set the PREG attribute to 1.
Related violations: <none>

DPOP-3#70 Warning
PREG Output pipelining  
DSP dma_axis_ip_example_i/pedal_top_0/inst/grp_generic_tanh_float_s_fu_607/grp_exp_generic_double_s_fu_89/mul_43ns_36ns_79_1_1_U2/tmp_product__3 output dma_axis_ip_example_i/pedal_top_0/inst/grp_generic_tanh_float_s_fu_607/grp_exp_generic_double_s_fu_89/mul_43ns_36ns_79_1_1_U2/tmp_product__3/P[47:0] is not pipelined (PREG=0). Pipelining the DSP48 output will improve performance and often saves power so it is suggested whenever possible to fully pipeline this function.  If this DSP48 function was inferred, it is suggested to describe an additional register stage after this function.  If the DSP48 was instantiated in the design, it is suggested to set the PREG attribute to 1.
Related violations: <none>

DPOP-3#71 Warning
PREG Output pipelining  
DSP dma_axis_ip_example_i/pedal_top_0/inst/grp_generic_tanh_float_s_fu_607/grp_exp_generic_double_s_fu_89/mul_49ns_44ns_93_1_1_U3/tmp_product__0 output dma_axis_ip_example_i/pedal_top_0/inst/grp_generic_tanh_float_s_fu_607/grp_exp_generic_double_s_fu_89/mul_49ns_44ns_93_1_1_U3/tmp_product__0/P[47:0] is not pipelined (PREG=0). Pipelining the DSP48 output will improve performance and often saves power so it is suggested whenever possible to fully pipeline this function.  If this DSP48 function was inferred, it is suggested to describe an additional register stage after this function.  If the DSP48 was instantiated in the design, it is suggested to set the PREG attribute to 1.
Related violations: <none>

DPOP-3#72 Warning
PREG Output pipelining  
DSP dma_axis_ip_example_i/pedal_top_0/inst/grp_generic_tanh_float_s_fu_607/grp_exp_generic_double_s_fu_89/mul_49ns_44ns_93_1_1_U3/tmp_product__1 output dma_axis_ip_example_i/pedal_top_0/inst/grp_generic_tanh_float_s_fu_607/grp_exp_generic_double_s_fu_89/mul_49ns_44ns_93_1_1_U3/tmp_product__1/P[47:0] is not pipelined (PREG=0). Pipelining the DSP48 output will improve performance and often saves power so it is suggested whenever possible to fully pipeline this function.  If this DSP48 function was inferred, it is suggested to describe an additional register stage after this function.  If the DSP48 was instantiated in the design, it is suggested to set the PREG attribute to 1.
Related violations: <none>

DPOP-3#73 Warning
PREG Output pipelining  
DSP dma_axis_ip_example_i/pedal_top_0/inst/grp_generic_tanh_float_s_fu_607/grp_exp_generic_double_s_fu_89/mul_49ns_44ns_93_1_1_U3/tmp_product__4 output dma_axis_ip_example_i/pedal_top_0/inst/grp_generic_tanh_float_s_fu_607/grp_exp_generic_double_s_fu_89/mul_49ns_44ns_93_1_1_U3/tmp_product__4/P[47:0] is not pipelined (PREG=0). Pipelining the DSP48 output will improve performance and often saves power so it is suggested whenever possible to fully pipeline this function.  If this DSP48 function was inferred, it is suggested to describe an additional register stage after this function.  If the DSP48 was instantiated in the design, it is suggested to set the PREG attribute to 1.
Related violations: <none>

DPOP-3#74 Warning
PREG Output pipelining  
DSP dma_axis_ip_example_i/pedal_top_0/inst/grp_generic_tanh_float_s_fu_607/grp_exp_generic_double_s_fu_89/mul_49ns_44ns_93_1_1_U3/tmp_product__7 output dma_axis_ip_example_i/pedal_top_0/inst/grp_generic_tanh_float_s_fu_607/grp_exp_generic_double_s_fu_89/mul_49ns_44ns_93_1_1_U3/tmp_product__7/P[47:0] is not pipelined (PREG=0). Pipelining the DSP48 output will improve performance and often saves power so it is suggested whenever possible to fully pipeline this function.  If this DSP48 function was inferred, it is suggested to describe an additional register stage after this function.  If the DSP48 was instantiated in the design, it is suggested to set the PREG attribute to 1.
Related violations: <none>

DPOP-3#75 Warning
PREG Output pipelining  
DSP dma_axis_ip_example_i/pedal_top_0/inst/grp_generic_tanh_float_s_fu_607/grp_exp_generic_double_s_fu_89/mul_50ns_50ns_100_1_1_U4/tmp_product__0 output dma_axis_ip_example_i/pedal_top_0/inst/grp_generic_tanh_float_s_fu_607/grp_exp_generic_double_s_fu_89/mul_50ns_50ns_100_1_1_U4/tmp_product__0/P[47:0] is not pipelined (PREG=0). Pipelining the DSP48 output will improve performance and often saves power so it is suggested whenever possible to fully pipeline this function.  If this DSP48 function was inferred, it is suggested to describe an additional register stage after this function.  If the DSP48 was instantiated in the design, it is suggested to set the PREG attribute to 1.
Related violations: <none>

DPOP-3#76 Warning
PREG Output pipelining  
DSP dma_axis_ip_example_i/pedal_top_0/inst/grp_generic_tanh_float_s_fu_607/grp_exp_generic_double_s_fu_89/mul_50ns_50ns_100_1_1_U4/tmp_product__1 output dma_axis_ip_example_i/pedal_top_0/inst/grp_generic_tanh_float_s_fu_607/grp_exp_generic_double_s_fu_89/mul_50ns_50ns_100_1_1_U4/tmp_product__1/P[47:0] is not pipelined (PREG=0). Pipelining the DSP48 output will improve performance and often saves power so it is suggested whenever possible to fully pipeline this function.  If this DSP48 function was inferred, it is suggested to describe an additional register stage after this function.  If the DSP48 was instantiated in the design, it is suggested to set the PREG attribute to 1.
Related violations: <none>

DPOP-3#77 Warning
PREG Output pipelining  
DSP dma_axis_ip_example_i/pedal_top_0/inst/grp_generic_tanh_float_s_fu_607/grp_exp_generic_double_s_fu_89/mul_50ns_50ns_100_1_1_U4/tmp_product__4 output dma_axis_ip_example_i/pedal_top_0/inst/grp_generic_tanh_float_s_fu_607/grp_exp_generic_double_s_fu_89/mul_50ns_50ns_100_1_1_U4/tmp_product__4/P[47:0] is not pipelined (PREG=0). Pipelining the DSP48 output will improve performance and often saves power so it is suggested whenever possible to fully pipeline this function.  If this DSP48 function was inferred, it is suggested to describe an additional register stage after this function.  If the DSP48 was instantiated in the design, it is suggested to set the PREG attribute to 1.
Related violations: <none>

DPOP-3#78 Warning
PREG Output pipelining  
DSP dma_axis_ip_example_i/pedal_top_0/inst/grp_generic_tanh_float_s_fu_607/grp_exp_generic_double_s_fu_89/mul_50ns_50ns_100_1_1_U4/tmp_product__7 output dma_axis_ip_example_i/pedal_top_0/inst/grp_generic_tanh_float_s_fu_607/grp_exp_generic_double_s_fu_89/mul_50ns_50ns_100_1_1_U4/tmp_product__7/P[47:0] is not pipelined (PREG=0). Pipelining the DSP48 output will improve performance and often saves power so it is suggested whenever possible to fully pipeline this function.  If this DSP48 function was inferred, it is suggested to describe an additional register stage after this function.  If the DSP48 was instantiated in the design, it is suggested to set the PREG attribute to 1.
Related violations: <none>

DPOP-3#79 Warning
PREG Output pipelining  
DSP dma_axis_ip_example_i/pedal_top_0/inst/grp_sin_or_cos_float_s_fu_618/mul_15ns_15ns_30_1_0_U43/tmp_product output dma_axis_ip_example_i/pedal_top_0/inst/grp_sin_or_cos_float_s_fu_618/mul_15ns_15ns_30_1_0_U43/tmp_product/P[47:0] is not pipelined (PREG=0). Pipelining the DSP48 output will improve performance and often saves power so it is suggested whenever possible to fully pipeline this function.  If this DSP48 function was inferred, it is suggested to describe an additional register stage after this function.  If the DSP48 was instantiated in the design, it is suggested to set the PREG attribute to 1.
Related violations: <none>

DPOP-3#80 Warning
PREG Output pipelining  
DSP dma_axis_ip_example_i/pedal_top_0/inst/grp_sin_or_cos_float_s_fu_618/mul_15ns_15s_30_1_0_U44/tmp_product output dma_axis_ip_example_i/pedal_top_0/inst/grp_sin_or_cos_float_s_fu_618/mul_15ns_15s_30_1_0_U44/tmp_product/P[47:0] is not pipelined (PREG=0). Pipelining the DSP48 output will improve performance and often saves power so it is suggested whenever possible to fully pipeline this function.  If this DSP48 function was inferred, it is suggested to describe an additional register stage after this function.  If the DSP48 was instantiated in the design, it is suggested to set the PREG attribute to 1.
Related violations: <none>

DPOP-3#81 Warning
PREG Output pipelining  
DSP dma_axis_ip_example_i/pedal_top_0/inst/grp_sin_or_cos_float_s_fu_618/mul_23s_22ns_45_1_0_U37/tmp_product__0 output dma_axis_ip_example_i/pedal_top_0/inst/grp_sin_or_cos_float_s_fu_618/mul_23s_22ns_45_1_0_U37/tmp_product__0/P[47:0] is not pipelined (PREG=0). Pipelining the DSP48 output will improve performance and often saves power so it is suggested whenever possible to fully pipeline this function.  If this DSP48 function was inferred, it is suggested to describe an additional register stage after this function.  If the DSP48 was instantiated in the design, it is suggested to set the PREG attribute to 1.
Related violations: <none>

DPOP-3#82 Warning
PREG Output pipelining  
DSP dma_axis_ip_example_i/pedal_top_0/inst/grp_sin_or_cos_float_s_fu_618/mul_30s_29ns_58_1_0_U38/tmp_product output dma_axis_ip_example_i/pedal_top_0/inst/grp_sin_or_cos_float_s_fu_618/mul_30s_29ns_58_1_0_U38/tmp_product/P[47:0] is not pipelined (PREG=0). Pipelining the DSP48 output will improve performance and often saves power so it is suggested whenever possible to fully pipeline this function.  If this DSP48 function was inferred, it is suggested to describe an additional register stage after this function.  If the DSP48 was instantiated in the design, it is suggested to set the PREG attribute to 1.
Related violations: <none>

DPOP-3#83 Warning
PREG Output pipelining  
DSP dma_axis_ip_example_i/pedal_top_0/inst/grp_sin_or_cos_float_s_fu_618/mul_30s_29ns_58_1_0_U38/tmp_product__0 output dma_axis_ip_example_i/pedal_top_0/inst/grp_sin_or_cos_float_s_fu_618/mul_30s_29ns_58_1_0_U38/tmp_product__0/P[47:0] is not pipelined (PREG=0). Pipelining the DSP48 output will improve performance and often saves power so it is suggested whenever possible to fully pipeline this function.  If this DSP48 function was inferred, it is suggested to describe an additional register stage after this function.  If the DSP48 was instantiated in the design, it is suggested to set the PREG attribute to 1.
Related violations: <none>

DPOP-3#84 Warning
PREG Output pipelining  
DSP dma_axis_ip_example_i/pedal_top_0/inst/grp_sin_or_cos_float_s_fu_618/mul_30s_29ns_58_1_0_U38/tmp_product__1 output dma_axis_ip_example_i/pedal_top_0/inst/grp_sin_or_cos_float_s_fu_618/mul_30s_29ns_58_1_0_U38/tmp_product__1/P[47:0] is not pipelined (PREG=0). Pipelining the DSP48 output will improve performance and often saves power so it is suggested whenever possible to fully pipeline this function.  If this DSP48 function was inferred, it is suggested to describe an additional register stage after this function.  If the DSP48 was instantiated in the design, it is suggested to set the PREG attribute to 1.
Related violations: <none>

DPOP-3#85 Warning
PREG Output pipelining  
DSP dma_axis_ip_example_i/pedal_top_0/inst/grp_sin_or_cos_float_s_fu_618/mul_30s_29ns_58_1_0_U38/tmp_product__2 output dma_axis_ip_example_i/pedal_top_0/inst/grp_sin_or_cos_float_s_fu_618/mul_30s_29ns_58_1_0_U38/tmp_product__2/P[47:0] is not pipelined (PREG=0). Pipelining the DSP48 output will improve performance and often saves power so it is suggested whenever possible to fully pipeline this function.  If this DSP48 function was inferred, it is suggested to describe an additional register stage after this function.  If the DSP48 was instantiated in the design, it is suggested to set the PREG attribute to 1.
Related violations: <none>

DPOP-3#86 Warning
PREG Output pipelining  
DSP dma_axis_ip_example_i/pedal_top_0/inst/grp_sin_or_cos_float_s_fu_618/mul_80s_24ns_80_1_0_U39/tmp_product output dma_axis_ip_example_i/pedal_top_0/inst/grp_sin_or_cos_float_s_fu_618/mul_80s_24ns_80_1_0_U39/tmp_product/P[47:0] is not pipelined (PREG=0). Pipelining the DSP48 output will improve performance and often saves power so it is suggested whenever possible to fully pipeline this function.  If this DSP48 function was inferred, it is suggested to describe an additional register stage after this function.  If the DSP48 was instantiated in the design, it is suggested to set the PREG attribute to 1.
Related violations: <none>

DPOP-3#87 Warning
PREG Output pipelining  
DSP dma_axis_ip_example_i/pedal_top_0/inst/grp_sin_or_cos_float_s_fu_618/mul_80s_24ns_80_1_0_U39/tmp_product__0 output dma_axis_ip_example_i/pedal_top_0/inst/grp_sin_or_cos_float_s_fu_618/mul_80s_24ns_80_1_0_U39/tmp_product__0/P[47:0] is not pipelined (PREG=0). Pipelining the DSP48 output will improve performance and often saves power so it is suggested whenever possible to fully pipeline this function.  If this DSP48 function was inferred, it is suggested to describe an additional register stage after this function.  If the DSP48 was instantiated in the design, it is suggested to set the PREG attribute to 1.
Related violations: <none>

DPOP-3#88 Warning
PREG Output pipelining  
DSP dma_axis_ip_example_i/pedal_top_0/inst/grp_sin_or_cos_float_s_fu_618/mul_80s_24ns_80_1_0_U39/tmp_product__1 output dma_axis_ip_example_i/pedal_top_0/inst/grp_sin_or_cos_float_s_fu_618/mul_80s_24ns_80_1_0_U39/tmp_product__1/P[47:0] is not pipelined (PREG=0). Pipelining the DSP48 output will improve performance and often saves power so it is suggested whenever possible to fully pipeline this function.  If this DSP48 function was inferred, it is suggested to describe an additional register stage after this function.  If the DSP48 was instantiated in the design, it is suggested to set the PREG attribute to 1.
Related violations: <none>

DPOP-3#89 Warning
PREG Output pipelining  
DSP dma_axis_ip_example_i/pedal_top_0/inst/grp_sin_or_cos_float_s_fu_618/mul_80s_24ns_80_1_0_U39/tmp_product__3 output dma_axis_ip_example_i/pedal_top_0/inst/grp_sin_or_cos_float_s_fu_618/mul_80s_24ns_80_1_0_U39/tmp_product__3/P[47:0] is not pipelined (PREG=0). Pipelining the DSP48 output will improve performance and often saves power so it is suggested whenever possible to fully pipeline this function.  If this DSP48 function was inferred, it is suggested to describe an additional register stage after this function.  If the DSP48 was instantiated in the design, it is suggested to set the PREG attribute to 1.
Related violations: <none>

DPOP-3#90 Warning
PREG Output pipelining  
DSP dma_axis_ip_example_i/pedal_top_0/inst/mul_31s_32s_63_1_1_U87/tmp_product output dma_axis_ip_example_i/pedal_top_0/inst/mul_31s_32s_63_1_1_U87/tmp_product/P[47:0] is not pipelined (PREG=0). Pipelining the DSP48 output will improve performance and often saves power so it is suggested whenever possible to fully pipeline this function.  If this DSP48 function was inferred, it is suggested to describe an additional register stage after this function.  If the DSP48 was instantiated in the design, it is suggested to set the PREG attribute to 1.
Related violations: <none>

DPOP-3#91 Warning
PREG Output pipelining  
DSP dma_axis_ip_example_i/pedal_top_0/inst/mul_31s_32s_63_1_1_U87/tmp_product__0 output dma_axis_ip_example_i/pedal_top_0/inst/mul_31s_32s_63_1_1_U87/tmp_product__0/P[47:0] is not pipelined (PREG=0). Pipelining the DSP48 output will improve performance and often saves power so it is suggested whenever possible to fully pipeline this function.  If this DSP48 function was inferred, it is suggested to describe an additional register stage after this function.  If the DSP48 was instantiated in the design, it is suggested to set the PREG attribute to 1.
Related violations: <none>

DPOP-3#92 Warning
PREG Output pipelining  
DSP dma_axis_ip_example_i/pedal_top_0/inst/mul_31s_32s_63_1_1_U87/tmp_product__1 output dma_axis_ip_example_i/pedal_top_0/inst/mul_31s_32s_63_1_1_U87/tmp_product__1/P[47:0] is not pipelined (PREG=0). Pipelining the DSP48 output will improve performance and often saves power so it is suggested whenever possible to fully pipeline this function.  If this DSP48 function was inferred, it is suggested to describe an additional register stage after this function.  If the DSP48 was instantiated in the design, it is suggested to set the PREG attribute to 1.
Related violations: <none>

DPOP-3#93 Warning
PREG Output pipelining  
DSP dma_axis_ip_example_i/pedal_top_0/inst/mul_31s_32s_63_1_1_U87/tmp_product__2 output dma_axis_ip_example_i/pedal_top_0/inst/mul_31s_32s_63_1_1_U87/tmp_product__2/P[47:0] is not pipelined (PREG=0). Pipelining the DSP48 output will improve performance and often saves power so it is suggested whenever possible to fully pipeline this function.  If this DSP48 function was inferred, it is suggested to describe an additional register stage after this function.  If the DSP48 was instantiated in the design, it is suggested to set the PREG attribute to 1.
Related violations: <none>

DPOP-3#94 Warning
PREG Output pipelining  
DSP dma_axis_ip_example_i/pedal_top_0/inst/mul_32s_28ns_48_1_1_U89/tmp_product output dma_axis_ip_example_i/pedal_top_0/inst/mul_32s_28ns_48_1_1_U89/tmp_product/P[47:0] is not pipelined (PREG=0). Pipelining the DSP48 output will improve performance and often saves power so it is suggested whenever possible to fully pipeline this function.  If this DSP48 function was inferred, it is suggested to describe an additional register stage after this function.  If the DSP48 was instantiated in the design, it is suggested to set the PREG attribute to 1.
Related violations: <none>

DPOP-3#95 Warning
PREG Output pipelining  
DSP dma_axis_ip_example_i/pedal_top_0/inst/mul_32s_28ns_48_1_1_U89/tmp_product__0 output dma_axis_ip_example_i/pedal_top_0/inst/mul_32s_28ns_48_1_1_U89/tmp_product__0/P[47:0] is not pipelined (PREG=0). Pipelining the DSP48 output will improve performance and often saves power so it is suggested whenever possible to fully pipeline this function.  If this DSP48 function was inferred, it is suggested to describe an additional register stage after this function.  If the DSP48 was instantiated in the design, it is suggested to set the PREG attribute to 1.
Related violations: <none>

DPOP-3#96 Warning
PREG Output pipelining  
DSP dma_axis_ip_example_i/pedal_top_0/inst/mul_32s_28ns_48_1_1_U89/tmp_product__1 output dma_axis_ip_example_i/pedal_top_0/inst/mul_32s_28ns_48_1_1_U89/tmp_product__1/P[47:0] is not pipelined (PREG=0). Pipelining the DSP48 output will improve performance and often saves power so it is suggested whenever possible to fully pipeline this function.  If this DSP48 function was inferred, it is suggested to describe an additional register stage after this function.  If the DSP48 was instantiated in the design, it is suggested to set the PREG attribute to 1.
Related violations: <none>

DPOP-3#97 Warning
PREG Output pipelining  
DSP dma_axis_ip_example_i/pedal_top_0/inst/mul_32s_28ns_48_1_1_U89/tmp_product__2 output dma_axis_ip_example_i/pedal_top_0/inst/mul_32s_28ns_48_1_1_U89/tmp_product__2/P[47:0] is not pipelined (PREG=0). Pipelining the DSP48 output will improve performance and often saves power so it is suggested whenever possible to fully pipeline this function.  If this DSP48 function was inferred, it is suggested to describe an additional register stage after this function.  If the DSP48 was instantiated in the design, it is suggested to set the PREG attribute to 1.
Related violations: <none>

DPOP-3#98 Warning
PREG Output pipelining  
DSP dma_axis_ip_example_i/pedal_top_0/inst/mul_32s_32s_48_1_1_U88/tmp_product output dma_axis_ip_example_i/pedal_top_0/inst/mul_32s_32s_48_1_1_U88/tmp_product/P[47:0] is not pipelined (PREG=0). Pipelining the DSP48 output will improve performance and often saves power so it is suggested whenever possible to fully pipeline this function.  If this DSP48 function was inferred, it is suggested to describe an additional register stage after this function.  If the DSP48 was instantiated in the design, it is suggested to set the PREG attribute to 1.
Related violations: <none>

DPOP-3#99 Warning
PREG Output pipelining  
DSP dma_axis_ip_example_i/pedal_top_0/inst/mul_32s_32s_48_1_1_U88/tmp_product__0 output dma_axis_ip_example_i/pedal_top_0/inst/mul_32s_32s_48_1_1_U88/tmp_product__0/P[47:0] is not pipelined (PREG=0). Pipelining the DSP48 output will improve performance and often saves power so it is suggested whenever possible to fully pipeline this function.  If this DSP48 function was inferred, it is suggested to describe an additional register stage after this function.  If the DSP48 was instantiated in the design, it is suggested to set the PREG attribute to 1.
Related violations: <none>

DPOP-3#100 Warning
PREG Output pipelining  
DSP dma_axis_ip_example_i/pedal_top_0/inst/mul_32s_32s_48_1_1_U88/tmp_product__1 output dma_axis_ip_example_i/pedal_top_0/inst/mul_32s_32s_48_1_1_U88/tmp_product__1/P[47:0] is not pipelined (PREG=0). Pipelining the DSP48 output will improve performance and often saves power so it is suggested whenever possible to fully pipeline this function.  If this DSP48 function was inferred, it is suggested to describe an additional register stage after this function.  If the DSP48 was instantiated in the design, it is suggested to set the PREG attribute to 1.
Related violations: <none>

DPOP-3#101 Warning
PREG Output pipelining  
DSP dma_axis_ip_example_i/pedal_top_0/inst/mul_32s_32s_48_1_1_U88/tmp_product__2 output dma_axis_ip_example_i/pedal_top_0/inst/mul_32s_32s_48_1_1_U88/tmp_product__2/P[47:0] is not pipelined (PREG=0). Pipelining the DSP48 output will improve performance and often saves power so it is suggested whenever possible to fully pipeline this function.  If this DSP48 function was inferred, it is suggested to describe an additional register stage after this function.  If the DSP48 was instantiated in the design, it is suggested to set the PREG attribute to 1.
Related violations: <none>

DPOP-3#102 Warning
PREG Output pipelining  
DSP dma_axis_ip_example_i/pedal_top_0/inst/mul_48s_50ns_97_1_1_U91/tmp_product__0 output dma_axis_ip_example_i/pedal_top_0/inst/mul_48s_50ns_97_1_1_U91/tmp_product__0/P[47:0] is not pipelined (PREG=0). Pipelining the DSP48 output will improve performance and often saves power so it is suggested whenever possible to fully pipeline this function.  If this DSP48 function was inferred, it is suggested to describe an additional register stage after this function.  If the DSP48 was instantiated in the design, it is suggested to set the PREG attribute to 1.
Related violations: <none>

DPOP-3#103 Warning
PREG Output pipelining  
DSP dma_axis_ip_example_i/pedal_top_0/inst/mul_48s_50ns_97_1_1_U91/tmp_product__1 output dma_axis_ip_example_i/pedal_top_0/inst/mul_48s_50ns_97_1_1_U91/tmp_product__1/P[47:0] is not pipelined (PREG=0). Pipelining the DSP48 output will improve performance and often saves power so it is suggested whenever possible to fully pipeline this function.  If this DSP48 function was inferred, it is suggested to describe an additional register stage after this function.  If the DSP48 was instantiated in the design, it is suggested to set the PREG attribute to 1.
Related violations: <none>

DPOP-3#104 Warning
PREG Output pipelining  
DSP dma_axis_ip_example_i/pedal_top_0/inst/mul_48s_50ns_97_1_1_U91/tmp_product__4 output dma_axis_ip_example_i/pedal_top_0/inst/mul_48s_50ns_97_1_1_U91/tmp_product__4/P[47:0] is not pipelined (PREG=0). Pipelining the DSP48 output will improve performance and often saves power so it is suggested whenever possible to fully pipeline this function.  If this DSP48 function was inferred, it is suggested to describe an additional register stage after this function.  If the DSP48 was instantiated in the design, it is suggested to set the PREG attribute to 1.
Related violations: <none>

DPOP-3#105 Warning
PREG Output pipelining  
DSP dma_axis_ip_example_i/pedal_top_0/inst/mul_48s_50ns_97_1_1_U91/tmp_product__5 output dma_axis_ip_example_i/pedal_top_0/inst/mul_48s_50ns_97_1_1_U91/tmp_product__5/P[47:0] is not pipelined (PREG=0). Pipelining the DSP48 output will improve performance and often saves power so it is suggested whenever possible to fully pipeline this function.  If this DSP48 function was inferred, it is suggested to describe an additional register stage after this function.  If the DSP48 was instantiated in the design, it is suggested to set the PREG attribute to 1.
Related violations: <none>

DPOP-3#106 Warning
PREG Output pipelining  
DSP dma_axis_ip_example_i/pedal_top_0/inst/mul_48s_50ns_97_1_1_U91/tmp_product__7 output dma_axis_ip_example_i/pedal_top_0/inst/mul_48s_50ns_97_1_1_U91/tmp_product__7/P[47:0] is not pipelined (PREG=0). Pipelining the DSP48 output will improve performance and often saves power so it is suggested whenever possible to fully pipeline this function.  If this DSP48 function was inferred, it is suggested to describe an additional register stage after this function.  If the DSP48 was instantiated in the design, it is suggested to set the PREG attribute to 1.
Related violations: <none>

DPOP-4#1 Warning
MREG Output pipelining  
DSP dma_axis_ip_example_i/pedal_top_0/inst/fadd_32ns_32ns_32_3_full_dsp_1_U79/pedal_top_fadd_32ns_32ns_32_3_full_dsp_1_ip_u/inst/i_synth/ADDSUB_OP.ADDSUB/DSP.OP/DSP48E1_BODY.NORM_RND/FULL_USAGE_DSP.SHIFT_RND/i_no_versal_es1_workaround.DSP multiplier stage dma_axis_ip_example_i/pedal_top_0/inst/fadd_32ns_32ns_32_3_full_dsp_1_U79/pedal_top_fadd_32ns_32ns_32_3_full_dsp_1_ip_u/inst/i_synth/ADDSUB_OP.ADDSUB/DSP.OP/DSP48E1_BODY.NORM_RND/FULL_USAGE_DSP.SHIFT_RND/i_no_versal_es1_workaround.DSP/P[47:0] is not pipelined (MREG=0). Pipelining the multiplier function will improve performance and will save significant power so it is suggested whenever possible to fully pipeline this function.  If this multiplier was inferred, it is suggested to describe an additional register stage after this function.  If there is no registered adder/accumulator following the multiply function, two pipeline stages are suggested to allow both the MREG and PREG registers to be used.  If the DSP48 was instantiated in the design, it is suggested to set both the MREG and PREG attributes to 1 when performing multiply functions.
Related violations: <none>

DPOP-4#2 Warning
MREG Output pipelining  
DSP dma_axis_ip_example_i/pedal_top_0/inst/fmul_32ns_32ns_32_2_max_dsp_1_U81/pedal_top_fmul_32ns_32ns_32_2_max_dsp_1_ip_u/inst/i_synth/MULT.OP/i_non_prim.MULT/DSP48E1_SPD_SGL_VARIANT.FIX_MULT/DSP1/i_no_versal_es1_workaround.DSP multiplier stage dma_axis_ip_example_i/pedal_top_0/inst/fmul_32ns_32ns_32_2_max_dsp_1_U81/pedal_top_fmul_32ns_32ns_32_2_max_dsp_1_ip_u/inst/i_synth/MULT.OP/i_non_prim.MULT/DSP48E1_SPD_SGL_VARIANT.FIX_MULT/DSP1/i_no_versal_es1_workaround.DSP/PATTERNDETECT is not pipelined (MREG=0). Pipelining the multiplier function will improve performance and will save significant power so it is suggested whenever possible to fully pipeline this function.  If this multiplier was inferred, it is suggested to describe an additional register stage after this function.  If there is no registered adder/accumulator following the multiply function, two pipeline stages are suggested to allow both the MREG and PREG registers to be used.  If the DSP48 was instantiated in the design, it is suggested to set both the MREG and PREG attributes to 1 when performing multiply functions.
Related violations: <none>

DPOP-4#3 Warning
MREG Output pipelining  
DSP dma_axis_ip_example_i/pedal_top_0/inst/fmul_32ns_32ns_32_2_max_dsp_1_U81/pedal_top_fmul_32ns_32ns_32_2_max_dsp_1_ip_u/inst/i_synth/MULT.OP/i_non_prim.MULT/DSP48E1_SPD_SGL_VARIANT.FIX_MULT/DSP2/i_no_versal_es1_workaround.DSP multiplier stage dma_axis_ip_example_i/pedal_top_0/inst/fmul_32ns_32ns_32_2_max_dsp_1_U81/pedal_top_fmul_32ns_32ns_32_2_max_dsp_1_ip_u/inst/i_synth/MULT.OP/i_non_prim.MULT/DSP48E1_SPD_SGL_VARIANT.FIX_MULT/DSP2/i_no_versal_es1_workaround.DSP/PATTERNDETECT is not pipelined (MREG=0). Pipelining the multiplier function will improve performance and will save significant power so it is suggested whenever possible to fully pipeline this function.  If this multiplier was inferred, it is suggested to describe an additional register stage after this function.  If there is no registered adder/accumulator following the multiply function, two pipeline stages are suggested to allow both the MREG and PREG registers to be used.  If the DSP48 was instantiated in the design, it is suggested to set both the MREG and PREG attributes to 1 when performing multiply functions.
Related violations: <none>

DPOP-4#4 Warning
MREG Output pipelining  
DSP dma_axis_ip_example_i/pedal_top_0/inst/fmul_32ns_32ns_32_2_max_dsp_1_U81/pedal_top_fmul_32ns_32ns_32_2_max_dsp_1_ip_u/inst/i_synth/MULT.OP/i_non_prim.MULT/DSP48E1_SPD_SGL_VARIANT.FIX_MULT/DSP2/i_no_versal_es1_workaround.DSP multiplier stage dma_axis_ip_example_i/pedal_top_0/inst/fmul_32ns_32ns_32_2_max_dsp_1_U81/pedal_top_fmul_32ns_32ns_32_2_max_dsp_1_ip_u/inst/i_synth/MULT.OP/i_non_prim.MULT/DSP48E1_SPD_SGL_VARIANT.FIX_MULT/DSP2/i_no_versal_es1_workaround.DSP/P[47:0] is not pipelined (MREG=0). Pipelining the multiplier function will improve performance and will save significant power so it is suggested whenever possible to fully pipeline this function.  If this multiplier was inferred, it is suggested to describe an additional register stage after this function.  If there is no registered adder/accumulator following the multiply function, two pipeline stages are suggested to allow both the MREG and PREG registers to be used.  If the DSP48 was instantiated in the design, it is suggested to set both the MREG and PREG attributes to 1 when performing multiply functions.
Related violations: <none>

DPOP-4#5 Warning
MREG Output pipelining  
DSP dma_axis_ip_example_i/pedal_top_0/inst/fsub_32ns_32ns_32_3_full_dsp_1_U80/pedal_top_fsub_32ns_32ns_32_3_full_dsp_1_ip_u/inst/i_synth/ADDSUB_OP.ADDSUB/DSP.OP/DSP48E1_BODY.NORM_RND/FULL_USAGE_DSP.SHIFT_RND/i_no_versal_es1_workaround.DSP multiplier stage dma_axis_ip_example_i/pedal_top_0/inst/fsub_32ns_32ns_32_3_full_dsp_1_U80/pedal_top_fsub_32ns_32ns_32_3_full_dsp_1_ip_u/inst/i_synth/ADDSUB_OP.ADDSUB/DSP.OP/DSP48E1_BODY.NORM_RND/FULL_USAGE_DSP.SHIFT_RND/i_no_versal_es1_workaround.DSP/P[47:0] is not pipelined (MREG=0). Pipelining the multiplier function will improve performance and will save significant power so it is suggested whenever possible to fully pipeline this function.  If this multiplier was inferred, it is suggested to describe an additional register stage after this function.  If there is no registered adder/accumulator following the multiply function, two pipeline stages are suggested to allow both the MREG and PREG registers to be used.  If the DSP48 was instantiated in the design, it is suggested to set both the MREG and PREG attributes to 1 when performing multiply functions.
Related violations: <none>

DPOP-4#6 Warning
MREG Output pipelining  
DSP dma_axis_ip_example_i/pedal_top_0/inst/grp_generic_fmod_mult_float_s_fu_631/grp_mod_rcp_mult_24_36_8_s_fu_97/mul_24ns_38ns_61_1_1_U58/tmp_product multiplier stage dma_axis_ip_example_i/pedal_top_0/inst/grp_generic_fmod_mult_float_s_fu_631/grp_mod_rcp_mult_24_36_8_s_fu_97/mul_24ns_38ns_61_1_1_U58/tmp_product/P[47:0] is not pipelined (MREG=0). Pipelining the multiplier function will improve performance and will save significant power so it is suggested whenever possible to fully pipeline this function.  If this multiplier was inferred, it is suggested to describe an additional register stage after this function.  If there is no registered adder/accumulator following the multiply function, two pipeline stages are suggested to allow both the MREG and PREG registers to be used.  If the DSP48 was instantiated in the design, it is suggested to set both the MREG and PREG attributes to 1 when performing multiply functions.
Related violations: <none>

DPOP-4#7 Warning
MREG Output pipelining  
DSP dma_axis_ip_example_i/pedal_top_0/inst/grp_generic_fmod_mult_float_s_fu_631/grp_mod_rcp_mult_24_36_8_s_fu_97/mul_24ns_38ns_61_1_1_U58/tmp_product__0 multiplier stage dma_axis_ip_example_i/pedal_top_0/inst/grp_generic_fmod_mult_float_s_fu_631/grp_mod_rcp_mult_24_36_8_s_fu_97/mul_24ns_38ns_61_1_1_U58/tmp_product__0/P[47:0] is not pipelined (MREG=0). Pipelining the multiplier function will improve performance and will save significant power so it is suggested whenever possible to fully pipeline this function.  If this multiplier was inferred, it is suggested to describe an additional register stage after this function.  If there is no registered adder/accumulator following the multiply function, two pipeline stages are suggested to allow both the MREG and PREG registers to be used.  If the DSP48 was instantiated in the design, it is suggested to set both the MREG and PREG attributes to 1 when performing multiply functions.
Related violations: <none>

DPOP-4#8 Warning
MREG Output pipelining  
DSP dma_axis_ip_example_i/pedal_top_0/inst/grp_generic_fmod_mult_float_s_fu_631/grp_mod_rcp_mult_24_36_8_s_fu_97/mul_24ns_38ns_61_1_1_U58/tmp_product__1 multiplier stage dma_axis_ip_example_i/pedal_top_0/inst/grp_generic_fmod_mult_float_s_fu_631/grp_mod_rcp_mult_24_36_8_s_fu_97/mul_24ns_38ns_61_1_1_U58/tmp_product__1/P[47:0] is not pipelined (MREG=0). Pipelining the multiplier function will improve performance and will save significant power so it is suggested whenever possible to fully pipeline this function.  If this multiplier was inferred, it is suggested to describe an additional register stage after this function.  If there is no registered adder/accumulator following the multiply function, two pipeline stages are suggested to allow both the MREG and PREG registers to be used.  If the DSP48 was instantiated in the design, it is suggested to set both the MREG and PREG attributes to 1 when performing multiply functions.
Related violations: <none>

DPOP-4#9 Warning
MREG Output pipelining  
DSP dma_axis_ip_example_i/pedal_top_0/inst/grp_generic_fmod_mult_float_s_fu_631/grp_mod_rcp_mult_24_36_8_s_fu_97/mul_24ns_38ns_61_1_1_U59/tmp_product multiplier stage dma_axis_ip_example_i/pedal_top_0/inst/grp_generic_fmod_mult_float_s_fu_631/grp_mod_rcp_mult_24_36_8_s_fu_97/mul_24ns_38ns_61_1_1_U59/tmp_product/P[47:0] is not pipelined (MREG=0). Pipelining the multiplier function will improve performance and will save significant power so it is suggested whenever possible to fully pipeline this function.  If this multiplier was inferred, it is suggested to describe an additional register stage after this function.  If there is no registered adder/accumulator following the multiply function, two pipeline stages are suggested to allow both the MREG and PREG registers to be used.  If the DSP48 was instantiated in the design, it is suggested to set both the MREG and PREG attributes to 1 when performing multiply functions.
Related violations: <none>

DPOP-4#10 Warning
MREG Output pipelining  
DSP dma_axis_ip_example_i/pedal_top_0/inst/grp_generic_fmod_mult_float_s_fu_631/grp_mod_rcp_mult_24_36_8_s_fu_97/mul_24ns_38ns_61_1_1_U59/tmp_product__0 multiplier stage dma_axis_ip_example_i/pedal_top_0/inst/grp_generic_fmod_mult_float_s_fu_631/grp_mod_rcp_mult_24_36_8_s_fu_97/mul_24ns_38ns_61_1_1_U59/tmp_product__0/P[47:0] is not pipelined (MREG=0). Pipelining the multiplier function will improve performance and will save significant power so it is suggested whenever possible to fully pipeline this function.  If this multiplier was inferred, it is suggested to describe an additional register stage after this function.  If there is no registered adder/accumulator following the multiply function, two pipeline stages are suggested to allow both the MREG and PREG registers to be used.  If the DSP48 was instantiated in the design, it is suggested to set both the MREG and PREG attributes to 1 when performing multiply functions.
Related violations: <none>

DPOP-4#11 Warning
MREG Output pipelining  
DSP dma_axis_ip_example_i/pedal_top_0/inst/grp_generic_fmod_mult_float_s_fu_631/grp_mod_rcp_mult_24_36_8_s_fu_97/mul_24ns_38ns_61_1_1_U59/tmp_product__1 multiplier stage dma_axis_ip_example_i/pedal_top_0/inst/grp_generic_fmod_mult_float_s_fu_631/grp_mod_rcp_mult_24_36_8_s_fu_97/mul_24ns_38ns_61_1_1_U59/tmp_product__1/P[47:0] is not pipelined (MREG=0). Pipelining the multiplier function will improve performance and will save significant power so it is suggested whenever possible to fully pipeline this function.  If this multiplier was inferred, it is suggested to describe an additional register stage after this function.  If there is no registered adder/accumulator following the multiply function, two pipeline stages are suggested to allow both the MREG and PREG registers to be used.  If the DSP48 was instantiated in the design, it is suggested to set both the MREG and PREG attributes to 1 when performing multiply functions.
Related violations: <none>

DPOP-4#12 Warning
MREG Output pipelining  
DSP dma_axis_ip_example_i/pedal_top_0/inst/grp_generic_fmod_mult_float_s_fu_631/grp_mod_rcp_mult_24_36_8_s_fu_97/mul_24ns_38ns_61_1_1_U60/tmp_product multiplier stage dma_axis_ip_example_i/pedal_top_0/inst/grp_generic_fmod_mult_float_s_fu_631/grp_mod_rcp_mult_24_36_8_s_fu_97/mul_24ns_38ns_61_1_1_U60/tmp_product/P[47:0] is not pipelined (MREG=0). Pipelining the multiplier function will improve performance and will save significant power so it is suggested whenever possible to fully pipeline this function.  If this multiplier was inferred, it is suggested to describe an additional register stage after this function.  If there is no registered adder/accumulator following the multiply function, two pipeline stages are suggested to allow both the MREG and PREG registers to be used.  If the DSP48 was instantiated in the design, it is suggested to set both the MREG and PREG attributes to 1 when performing multiply functions.
Related violations: <none>

DPOP-4#13 Warning
MREG Output pipelining  
DSP dma_axis_ip_example_i/pedal_top_0/inst/grp_generic_fmod_mult_float_s_fu_631/grp_mod_rcp_mult_24_36_8_s_fu_97/mul_24ns_38ns_61_1_1_U60/tmp_product__0 multiplier stage dma_axis_ip_example_i/pedal_top_0/inst/grp_generic_fmod_mult_float_s_fu_631/grp_mod_rcp_mult_24_36_8_s_fu_97/mul_24ns_38ns_61_1_1_U60/tmp_product__0/P[47:0] is not pipelined (MREG=0). Pipelining the multiplier function will improve performance and will save significant power so it is suggested whenever possible to fully pipeline this function.  If this multiplier was inferred, it is suggested to describe an additional register stage after this function.  If there is no registered adder/accumulator following the multiply function, two pipeline stages are suggested to allow both the MREG and PREG registers to be used.  If the DSP48 was instantiated in the design, it is suggested to set both the MREG and PREG attributes to 1 when performing multiply functions.
Related violations: <none>

DPOP-4#14 Warning
MREG Output pipelining  
DSP dma_axis_ip_example_i/pedal_top_0/inst/grp_generic_fmod_mult_float_s_fu_631/grp_mod_rcp_mult_24_36_8_s_fu_97/mul_24ns_38ns_61_1_1_U60/tmp_product__1 multiplier stage dma_axis_ip_example_i/pedal_top_0/inst/grp_generic_fmod_mult_float_s_fu_631/grp_mod_rcp_mult_24_36_8_s_fu_97/mul_24ns_38ns_61_1_1_U60/tmp_product__1/P[47:0] is not pipelined (MREG=0). Pipelining the multiplier function will improve performance and will save significant power so it is suggested whenever possible to fully pipeline this function.  If this multiplier was inferred, it is suggested to describe an additional register stage after this function.  If there is no registered adder/accumulator following the multiply function, two pipeline stages are suggested to allow both the MREG and PREG registers to be used.  If the DSP48 was instantiated in the design, it is suggested to set both the MREG and PREG attributes to 1 when performing multiply functions.
Related violations: <none>

DPOP-4#15 Warning
MREG Output pipelining  
DSP dma_axis_ip_example_i/pedal_top_0/inst/grp_generic_fmod_mult_float_s_fu_631/grp_mod_rcp_mult_24_36_8_s_fu_97/mul_24ns_38ns_61_1_1_U61/tmp_product multiplier stage dma_axis_ip_example_i/pedal_top_0/inst/grp_generic_fmod_mult_float_s_fu_631/grp_mod_rcp_mult_24_36_8_s_fu_97/mul_24ns_38ns_61_1_1_U61/tmp_product/P[47:0] is not pipelined (MREG=0). Pipelining the multiplier function will improve performance and will save significant power so it is suggested whenever possible to fully pipeline this function.  If this multiplier was inferred, it is suggested to describe an additional register stage after this function.  If there is no registered adder/accumulator following the multiply function, two pipeline stages are suggested to allow both the MREG and PREG registers to be used.  If the DSP48 was instantiated in the design, it is suggested to set both the MREG and PREG attributes to 1 when performing multiply functions.
Related violations: <none>

DPOP-4#16 Warning
MREG Output pipelining  
DSP dma_axis_ip_example_i/pedal_top_0/inst/grp_generic_fmod_mult_float_s_fu_631/grp_mod_rcp_mult_24_36_8_s_fu_97/mul_24ns_38ns_61_1_1_U62/tmp_product multiplier stage dma_axis_ip_example_i/pedal_top_0/inst/grp_generic_fmod_mult_float_s_fu_631/grp_mod_rcp_mult_24_36_8_s_fu_97/mul_24ns_38ns_61_1_1_U62/tmp_product/P[47:0] is not pipelined (MREG=0). Pipelining the multiplier function will improve performance and will save significant power so it is suggested whenever possible to fully pipeline this function.  If this multiplier was inferred, it is suggested to describe an additional register stage after this function.  If there is no registered adder/accumulator following the multiply function, two pipeline stages are suggested to allow both the MREG and PREG registers to be used.  If the DSP48 was instantiated in the design, it is suggested to set both the MREG and PREG attributes to 1 when performing multiply functions.
Related violations: <none>

DPOP-4#17 Warning
MREG Output pipelining  
DSP dma_axis_ip_example_i/pedal_top_0/inst/grp_generic_fmod_mult_float_s_fu_631/grp_mod_rcp_mult_24_36_8_s_fu_97/mul_24ns_38ns_61_1_1_U62/tmp_product__0 multiplier stage dma_axis_ip_example_i/pedal_top_0/inst/grp_generic_fmod_mult_float_s_fu_631/grp_mod_rcp_mult_24_36_8_s_fu_97/mul_24ns_38ns_61_1_1_U62/tmp_product__0/P[47:0] is not pipelined (MREG=0). Pipelining the multiplier function will improve performance and will save significant power so it is suggested whenever possible to fully pipeline this function.  If this multiplier was inferred, it is suggested to describe an additional register stage after this function.  If there is no registered adder/accumulator following the multiply function, two pipeline stages are suggested to allow both the MREG and PREG registers to be used.  If the DSP48 was instantiated in the design, it is suggested to set both the MREG and PREG attributes to 1 when performing multiply functions.
Related violations: <none>

DPOP-4#18 Warning
MREG Output pipelining  
DSP dma_axis_ip_example_i/pedal_top_0/inst/grp_generic_fmod_mult_float_s_fu_631/grp_mod_rcp_mult_24_36_8_s_fu_97/mul_24ns_38ns_61_1_1_U62/tmp_product__1 multiplier stage dma_axis_ip_example_i/pedal_top_0/inst/grp_generic_fmod_mult_float_s_fu_631/grp_mod_rcp_mult_24_36_8_s_fu_97/mul_24ns_38ns_61_1_1_U62/tmp_product__1/P[47:0] is not pipelined (MREG=0). Pipelining the multiplier function will improve performance and will save significant power so it is suggested whenever possible to fully pipeline this function.  If this multiplier was inferred, it is suggested to describe an additional register stage after this function.  If there is no registered adder/accumulator following the multiply function, two pipeline stages are suggested to allow both the MREG and PREG registers to be used.  If the DSP48 was instantiated in the design, it is suggested to set both the MREG and PREG attributes to 1 when performing multiply functions.
Related violations: <none>

DPOP-4#19 Warning
MREG Output pipelining  
DSP dma_axis_ip_example_i/pedal_top_0/inst/grp_generic_fmod_mult_float_s_fu_631/grp_mod_rcp_mult_24_36_8_s_fu_97/mul_24ns_38ns_61_1_1_U63/tmp_product multiplier stage dma_axis_ip_example_i/pedal_top_0/inst/grp_generic_fmod_mult_float_s_fu_631/grp_mod_rcp_mult_24_36_8_s_fu_97/mul_24ns_38ns_61_1_1_U63/tmp_product/P[47:0] is not pipelined (MREG=0). Pipelining the multiplier function will improve performance and will save significant power so it is suggested whenever possible to fully pipeline this function.  If this multiplier was inferred, it is suggested to describe an additional register stage after this function.  If there is no registered adder/accumulator following the multiply function, two pipeline stages are suggested to allow both the MREG and PREG registers to be used.  If the DSP48 was instantiated in the design, it is suggested to set both the MREG and PREG attributes to 1 when performing multiply functions.
Related violations: <none>

DPOP-4#20 Warning
MREG Output pipelining  
DSP dma_axis_ip_example_i/pedal_top_0/inst/grp_generic_fmod_mult_float_s_fu_631/grp_mod_rcp_mult_24_36_8_s_fu_97/mul_24ns_38ns_61_1_1_U63/tmp_product__0 multiplier stage dma_axis_ip_example_i/pedal_top_0/inst/grp_generic_fmod_mult_float_s_fu_631/grp_mod_rcp_mult_24_36_8_s_fu_97/mul_24ns_38ns_61_1_1_U63/tmp_product__0/P[47:0] is not pipelined (MREG=0). Pipelining the multiplier function will improve performance and will save significant power so it is suggested whenever possible to fully pipeline this function.  If this multiplier was inferred, it is suggested to describe an additional register stage after this function.  If there is no registered adder/accumulator following the multiply function, two pipeline stages are suggested to allow both the MREG and PREG registers to be used.  If the DSP48 was instantiated in the design, it is suggested to set both the MREG and PREG attributes to 1 when performing multiply functions.
Related violations: <none>

DPOP-4#21 Warning
MREG Output pipelining  
DSP dma_axis_ip_example_i/pedal_top_0/inst/grp_generic_fmod_mult_float_s_fu_631/grp_mod_rcp_mult_24_36_8_s_fu_97/mul_24ns_38ns_61_1_1_U63/tmp_product__1 multiplier stage dma_axis_ip_example_i/pedal_top_0/inst/grp_generic_fmod_mult_float_s_fu_631/grp_mod_rcp_mult_24_36_8_s_fu_97/mul_24ns_38ns_61_1_1_U63/tmp_product__1/P[47:0] is not pipelined (MREG=0). Pipelining the multiplier function will improve performance and will save significant power so it is suggested whenever possible to fully pipeline this function.  If this multiplier was inferred, it is suggested to describe an additional register stage after this function.  If there is no registered adder/accumulator following the multiply function, two pipeline stages are suggested to allow both the MREG and PREG registers to be used.  If the DSP48 was instantiated in the design, it is suggested to set both the MREG and PREG attributes to 1 when performing multiply functions.
Related violations: <none>

DPOP-4#22 Warning
MREG Output pipelining  
DSP dma_axis_ip_example_i/pedal_top_0/inst/grp_generic_fmod_mult_float_s_fu_631/grp_mod_rcp_mult_24_36_8_s_fu_97/mul_24ns_38ns_61_1_1_U64/tmp_product multiplier stage dma_axis_ip_example_i/pedal_top_0/inst/grp_generic_fmod_mult_float_s_fu_631/grp_mod_rcp_mult_24_36_8_s_fu_97/mul_24ns_38ns_61_1_1_U64/tmp_product/P[47:0] is not pipelined (MREG=0). Pipelining the multiplier function will improve performance and will save significant power so it is suggested whenever possible to fully pipeline this function.  If this multiplier was inferred, it is suggested to describe an additional register stage after this function.  If there is no registered adder/accumulator following the multiply function, two pipeline stages are suggested to allow both the MREG and PREG registers to be used.  If the DSP48 was instantiated in the design, it is suggested to set both the MREG and PREG attributes to 1 when performing multiply functions.
Related violations: <none>

DPOP-4#23 Warning
MREG Output pipelining  
DSP dma_axis_ip_example_i/pedal_top_0/inst/grp_generic_fmod_mult_float_s_fu_631/grp_mod_rcp_mult_24_36_8_s_fu_97/mul_24ns_38ns_61_1_1_U64/tmp_product__0 multiplier stage dma_axis_ip_example_i/pedal_top_0/inst/grp_generic_fmod_mult_float_s_fu_631/grp_mod_rcp_mult_24_36_8_s_fu_97/mul_24ns_38ns_61_1_1_U64/tmp_product__0/P[47:0] is not pipelined (MREG=0). Pipelining the multiplier function will improve performance and will save significant power so it is suggested whenever possible to fully pipeline this function.  If this multiplier was inferred, it is suggested to describe an additional register stage after this function.  If there is no registered adder/accumulator following the multiply function, two pipeline stages are suggested to allow both the MREG and PREG registers to be used.  If the DSP48 was instantiated in the design, it is suggested to set both the MREG and PREG attributes to 1 when performing multiply functions.
Related violations: <none>

DPOP-4#24 Warning
MREG Output pipelining  
DSP dma_axis_ip_example_i/pedal_top_0/inst/grp_generic_fmod_mult_float_s_fu_631/grp_mod_rcp_mult_24_36_8_s_fu_97/mul_24ns_38ns_61_1_1_U64/tmp_product__1 multiplier stage dma_axis_ip_example_i/pedal_top_0/inst/grp_generic_fmod_mult_float_s_fu_631/grp_mod_rcp_mult_24_36_8_s_fu_97/mul_24ns_38ns_61_1_1_U64/tmp_product__1/P[47:0] is not pipelined (MREG=0). Pipelining the multiplier function will improve performance and will save significant power so it is suggested whenever possible to fully pipeline this function.  If this multiplier was inferred, it is suggested to describe an additional register stage after this function.  If there is no registered adder/accumulator following the multiply function, two pipeline stages are suggested to allow both the MREG and PREG registers to be used.  If the DSP48 was instantiated in the design, it is suggested to set both the MREG and PREG attributes to 1 when performing multiply functions.
Related violations: <none>

DPOP-4#25 Warning
MREG Output pipelining  
DSP dma_axis_ip_example_i/pedal_top_0/inst/grp_generic_fmod_mult_float_s_fu_631/grp_mod_rcp_mult_24_36_8_s_fu_97/mul_24ns_38ns_61_1_1_U65/tmp_product multiplier stage dma_axis_ip_example_i/pedal_top_0/inst/grp_generic_fmod_mult_float_s_fu_631/grp_mod_rcp_mult_24_36_8_s_fu_97/mul_24ns_38ns_61_1_1_U65/tmp_product/P[47:0] is not pipelined (MREG=0). Pipelining the multiplier function will improve performance and will save significant power so it is suggested whenever possible to fully pipeline this function.  If this multiplier was inferred, it is suggested to describe an additional register stage after this function.  If there is no registered adder/accumulator following the multiply function, two pipeline stages are suggested to allow both the MREG and PREG registers to be used.  If the DSP48 was instantiated in the design, it is suggested to set both the MREG and PREG attributes to 1 when performing multiply functions.
Related violations: <none>

DPOP-4#26 Warning
MREG Output pipelining  
DSP dma_axis_ip_example_i/pedal_top_0/inst/grp_generic_fmod_mult_float_s_fu_631/grp_mod_rcp_mult_24_36_8_s_fu_97/mul_25s_25s_25_1_1_U66/tmp_product multiplier stage dma_axis_ip_example_i/pedal_top_0/inst/grp_generic_fmod_mult_float_s_fu_631/grp_mod_rcp_mult_24_36_8_s_fu_97/mul_25s_25s_25_1_1_U66/tmp_product/P[47:0] is not pipelined (MREG=0). Pipelining the multiplier function will improve performance and will save significant power so it is suggested whenever possible to fully pipeline this function.  If this multiplier was inferred, it is suggested to describe an additional register stage after this function.  If there is no registered adder/accumulator following the multiply function, two pipeline stages are suggested to allow both the MREG and PREG registers to be used.  If the DSP48 was instantiated in the design, it is suggested to set both the MREG and PREG attributes to 1 when performing multiply functions.
Related violations: <none>

DPOP-4#27 Warning
MREG Output pipelining  
DSP dma_axis_ip_example_i/pedal_top_0/inst/grp_generic_fmod_mult_float_s_fu_631/grp_mod_rcp_mult_24_36_8_s_fu_97/mul_25s_25s_25_1_1_U67/tmp_product multiplier stage dma_axis_ip_example_i/pedal_top_0/inst/grp_generic_fmod_mult_float_s_fu_631/grp_mod_rcp_mult_24_36_8_s_fu_97/mul_25s_25s_25_1_1_U67/tmp_product/P[47:0] is not pipelined (MREG=0). Pipelining the multiplier function will improve performance and will save significant power so it is suggested whenever possible to fully pipeline this function.  If this multiplier was inferred, it is suggested to describe an additional register stage after this function.  If there is no registered adder/accumulator following the multiply function, two pipeline stages are suggested to allow both the MREG and PREG registers to be used.  If the DSP48 was instantiated in the design, it is suggested to set both the MREG and PREG attributes to 1 when performing multiply functions.
Related violations: <none>

DPOP-4#28 Warning
MREG Output pipelining  
DSP dma_axis_ip_example_i/pedal_top_0/inst/grp_generic_fmod_mult_float_s_fu_631/grp_mod_rcp_mult_24_36_8_s_fu_97/mul_25s_25s_25_1_1_U68/tmp_product multiplier stage dma_axis_ip_example_i/pedal_top_0/inst/grp_generic_fmod_mult_float_s_fu_631/grp_mod_rcp_mult_24_36_8_s_fu_97/mul_25s_25s_25_1_1_U68/tmp_product/P[47:0] is not pipelined (MREG=0). Pipelining the multiplier function will improve performance and will save significant power so it is suggested whenever possible to fully pipeline this function.  If this multiplier was inferred, it is suggested to describe an additional register stage after this function.  If there is no registered adder/accumulator following the multiply function, two pipeline stages are suggested to allow both the MREG and PREG registers to be used.  If the DSP48 was instantiated in the design, it is suggested to set both the MREG and PREG attributes to 1 when performing multiply functions.
Related violations: <none>

DPOP-4#29 Warning
MREG Output pipelining  
DSP dma_axis_ip_example_i/pedal_top_0/inst/grp_generic_fmod_mult_float_s_fu_631/grp_mod_rcp_mult_24_36_8_s_fu_97/mul_25s_25s_25_1_1_U69/tmp_product multiplier stage dma_axis_ip_example_i/pedal_top_0/inst/grp_generic_fmod_mult_float_s_fu_631/grp_mod_rcp_mult_24_36_8_s_fu_97/mul_25s_25s_25_1_1_U69/tmp_product/P[47:0] is not pipelined (MREG=0). Pipelining the multiplier function will improve performance and will save significant power so it is suggested whenever possible to fully pipeline this function.  If this multiplier was inferred, it is suggested to describe an additional register stage after this function.  If there is no registered adder/accumulator following the multiply function, two pipeline stages are suggested to allow both the MREG and PREG registers to be used.  If the DSP48 was instantiated in the design, it is suggested to set both the MREG and PREG attributes to 1 when performing multiply functions.
Related violations: <none>

DPOP-4#30 Warning
MREG Output pipelining  
DSP dma_axis_ip_example_i/pedal_top_0/inst/grp_generic_fmod_mult_float_s_fu_631/grp_mod_rcp_mult_24_36_8_s_fu_97/mul_25s_25s_25_1_1_U70/tmp_product multiplier stage dma_axis_ip_example_i/pedal_top_0/inst/grp_generic_fmod_mult_float_s_fu_631/grp_mod_rcp_mult_24_36_8_s_fu_97/mul_25s_25s_25_1_1_U70/tmp_product/P[47:0] is not pipelined (MREG=0). Pipelining the multiplier function will improve performance and will save significant power so it is suggested whenever possible to fully pipeline this function.  If this multiplier was inferred, it is suggested to describe an additional register stage after this function.  If there is no registered adder/accumulator following the multiply function, two pipeline stages are suggested to allow both the MREG and PREG registers to be used.  If the DSP48 was instantiated in the design, it is suggested to set both the MREG and PREG attributes to 1 when performing multiply functions.
Related violations: <none>

DPOP-4#31 Warning
MREG Output pipelining  
DSP dma_axis_ip_example_i/pedal_top_0/inst/grp_generic_fmod_mult_float_s_fu_631/grp_mod_rcp_mult_24_36_8_s_fu_97/mul_25s_25s_25_1_1_U71/tmp_product multiplier stage dma_axis_ip_example_i/pedal_top_0/inst/grp_generic_fmod_mult_float_s_fu_631/grp_mod_rcp_mult_24_36_8_s_fu_97/mul_25s_25s_25_1_1_U71/tmp_product/P[47:0] is not pipelined (MREG=0). Pipelining the multiplier function will improve performance and will save significant power so it is suggested whenever possible to fully pipeline this function.  If this multiplier was inferred, it is suggested to describe an additional register stage after this function.  If there is no registered adder/accumulator following the multiply function, two pipeline stages are suggested to allow both the MREG and PREG registers to be used.  If the DSP48 was instantiated in the design, it is suggested to set both the MREG and PREG attributes to 1 when performing multiply functions.
Related violations: <none>

DPOP-4#32 Warning
MREG Output pipelining  
DSP dma_axis_ip_example_i/pedal_top_0/inst/grp_generic_fmod_mult_float_s_fu_631/grp_mod_rcp_mult_24_36_8_s_fu_97/mul_25s_25s_25_1_1_U72/tmp_product multiplier stage dma_axis_ip_example_i/pedal_top_0/inst/grp_generic_fmod_mult_float_s_fu_631/grp_mod_rcp_mult_24_36_8_s_fu_97/mul_25s_25s_25_1_1_U72/tmp_product/P[47:0] is not pipelined (MREG=0). Pipelining the multiplier function will improve performance and will save significant power so it is suggested whenever possible to fully pipeline this function.  If this multiplier was inferred, it is suggested to describe an additional register stage after this function.  If there is no registered adder/accumulator following the multiply function, two pipeline stages are suggested to allow both the MREG and PREG registers to be used.  If the DSP48 was instantiated in the design, it is suggested to set both the MREG and PREG attributes to 1 when performing multiply functions.
Related violations: <none>

DPOP-4#33 Warning
MREG Output pipelining  
DSP dma_axis_ip_example_i/pedal_top_0/inst/grp_generic_fmod_mult_float_s_fu_631/grp_mod_rcp_mult_24_36_8_s_fu_97/mul_25s_25s_25_1_1_U73/tmp_product multiplier stage dma_axis_ip_example_i/pedal_top_0/inst/grp_generic_fmod_mult_float_s_fu_631/grp_mod_rcp_mult_24_36_8_s_fu_97/mul_25s_25s_25_1_1_U73/tmp_product/P[47:0] is not pipelined (MREG=0). Pipelining the multiplier function will improve performance and will save significant power so it is suggested whenever possible to fully pipeline this function.  If this multiplier was inferred, it is suggested to describe an additional register stage after this function.  If there is no registered adder/accumulator following the multiply function, two pipeline stages are suggested to allow both the MREG and PREG registers to be used.  If the DSP48 was instantiated in the design, it is suggested to set both the MREG and PREG attributes to 1 when performing multiply functions.
Related violations: <none>

DPOP-4#34 Warning
MREG Output pipelining  
DSP dma_axis_ip_example_i/pedal_top_0/inst/grp_generic_fmod_mult_float_s_fu_631/grp_mod_rcp_mult_24_36_8_s_fu_97/quo_3_reg_1479_reg multiplier stage dma_axis_ip_example_i/pedal_top_0/inst/grp_generic_fmod_mult_float_s_fu_631/grp_mod_rcp_mult_24_36_8_s_fu_97/quo_3_reg_1479_reg/P[47:0] is not pipelined (MREG=0). Pipelining the multiplier function will improve performance and will save significant power so it is suggested whenever possible to fully pipeline this function.  If this multiplier was inferred, it is suggested to describe an additional register stage after this function.  If there is no registered adder/accumulator following the multiply function, two pipeline stages are suggested to allow both the MREG and PREG registers to be used.  If the DSP48 was instantiated in the design, it is suggested to set both the MREG and PREG attributes to 1 when performing multiply functions.
Related violations: <none>

DPOP-4#35 Warning
MREG Output pipelining  
DSP dma_axis_ip_example_i/pedal_top_0/inst/grp_generic_fmod_mult_float_s_fu_631/grp_mod_rcp_mult_24_36_8_s_fu_97/quo_3_reg_1479_reg__0 multiplier stage dma_axis_ip_example_i/pedal_top_0/inst/grp_generic_fmod_mult_float_s_fu_631/grp_mod_rcp_mult_24_36_8_s_fu_97/quo_3_reg_1479_reg__0/P[47:0] is not pipelined (MREG=0). Pipelining the multiplier function will improve performance and will save significant power so it is suggested whenever possible to fully pipeline this function.  If this multiplier was inferred, it is suggested to describe an additional register stage after this function.  If there is no registered adder/accumulator following the multiply function, two pipeline stages are suggested to allow both the MREG and PREG registers to be used.  If the DSP48 was instantiated in the design, it is suggested to set both the MREG and PREG attributes to 1 when performing multiply functions.
Related violations: <none>

DPOP-4#36 Warning
MREG Output pipelining  
DSP dma_axis_ip_example_i/pedal_top_0/inst/grp_generic_fmod_mult_float_s_fu_631/grp_mod_rcp_mult_24_36_8_s_fu_97/quo_7_reg_1548_reg multiplier stage dma_axis_ip_example_i/pedal_top_0/inst/grp_generic_fmod_mult_float_s_fu_631/grp_mod_rcp_mult_24_36_8_s_fu_97/quo_7_reg_1548_reg/P[47:0] is not pipelined (MREG=0). Pipelining the multiplier function will improve performance and will save significant power so it is suggested whenever possible to fully pipeline this function.  If this multiplier was inferred, it is suggested to describe an additional register stage after this function.  If there is no registered adder/accumulator following the multiply function, two pipeline stages are suggested to allow both the MREG and PREG registers to be used.  If the DSP48 was instantiated in the design, it is suggested to set both the MREG and PREG attributes to 1 when performing multiply functions.
Related violations: <none>

DPOP-4#37 Warning
MREG Output pipelining  
DSP dma_axis_ip_example_i/pedal_top_0/inst/grp_generic_fmod_mult_float_s_fu_631/grp_mod_rcp_mult_24_36_8_s_fu_97/quo_7_reg_1548_reg__0 multiplier stage dma_axis_ip_example_i/pedal_top_0/inst/grp_generic_fmod_mult_float_s_fu_631/grp_mod_rcp_mult_24_36_8_s_fu_97/quo_7_reg_1548_reg__0/P[47:0] is not pipelined (MREG=0). Pipelining the multiplier function will improve performance and will save significant power so it is suggested whenever possible to fully pipeline this function.  If this multiplier was inferred, it is suggested to describe an additional register stage after this function.  If there is no registered adder/accumulator following the multiply function, two pipeline stages are suggested to allow both the MREG and PREG registers to be used.  If the DSP48 was instantiated in the design, it is suggested to set both the MREG and PREG attributes to 1 when performing multiply functions.
Related violations: <none>

DPOP-4#38 Warning
MREG Output pipelining  
DSP dma_axis_ip_example_i/pedal_top_0/inst/grp_generic_tanh_float_s_fu_607/fadd_32ns_32ns_32_3_full_dsp_0_U17/pedal_top_fadd_32ns_32ns_32_3_full_dsp_0_ip_u/inst/i_synth/ADDSUB_OP.ADDSUB/DSP.OP/DSP48E1_BODY.NORM_RND/FULL_USAGE_DSP.SHIFT_RND/i_no_versal_es1_workaround.DSP multiplier stage dma_axis_ip_example_i/pedal_top_0/inst/grp_generic_tanh_float_s_fu_607/fadd_32ns_32ns_32_3_full_dsp_0_U17/pedal_top_fadd_32ns_32ns_32_3_full_dsp_0_ip_u/inst/i_synth/ADDSUB_OP.ADDSUB/DSP.OP/DSP48E1_BODY.NORM_RND/FULL_USAGE_DSP.SHIFT_RND/i_no_versal_es1_workaround.DSP/P[47:0] is not pipelined (MREG=0). Pipelining the multiplier function will improve performance and will save significant power so it is suggested whenever possible to fully pipeline this function.  If this multiplier was inferred, it is suggested to describe an additional register stage after this function.  If there is no registered adder/accumulator following the multiply function, two pipeline stages are suggested to allow both the MREG and PREG registers to be used.  If the DSP48 was instantiated in the design, it is suggested to set both the MREG and PREG attributes to 1 when performing multiply functions.
Related violations: <none>

DPOP-4#39 Warning
MREG Output pipelining  
DSP dma_axis_ip_example_i/pedal_top_0/inst/grp_generic_tanh_float_s_fu_607/fadd_32ns_32ns_32_3_full_dsp_0_U19/pedal_top_fadd_32ns_32ns_32_3_full_dsp_0_ip_u/inst/i_synth/ADDSUB_OP.ADDSUB/DSP.OP/DSP48E1_BODY.NORM_RND/FULL_USAGE_DSP.SHIFT_RND/i_no_versal_es1_workaround.DSP multiplier stage dma_axis_ip_example_i/pedal_top_0/inst/grp_generic_tanh_float_s_fu_607/fadd_32ns_32ns_32_3_full_dsp_0_U19/pedal_top_fadd_32ns_32ns_32_3_full_dsp_0_ip_u/inst/i_synth/ADDSUB_OP.ADDSUB/DSP.OP/DSP48E1_BODY.NORM_RND/FULL_USAGE_DSP.SHIFT_RND/i_no_versal_es1_workaround.DSP/P[47:0] is not pipelined (MREG=0). Pipelining the multiplier function will improve performance and will save significant power so it is suggested whenever possible to fully pipeline this function.  If this multiplier was inferred, it is suggested to describe an additional register stage after this function.  If there is no registered adder/accumulator following the multiply function, two pipeline stages are suggested to allow both the MREG and PREG registers to be used.  If the DSP48 was instantiated in the design, it is suggested to set both the MREG and PREG attributes to 1 when performing multiply functions.
Related violations: <none>

DPOP-4#40 Warning
MREG Output pipelining  
DSP dma_axis_ip_example_i/pedal_top_0/inst/grp_generic_tanh_float_s_fu_607/fadd_32ns_32ns_32_3_full_dsp_0_U20/pedal_top_fadd_32ns_32ns_32_3_full_dsp_0_ip_u/inst/i_synth/ADDSUB_OP.ADDSUB/DSP.OP/DSP48E1_BODY.NORM_RND/FULL_USAGE_DSP.SHIFT_RND/i_no_versal_es1_workaround.DSP multiplier stage dma_axis_ip_example_i/pedal_top_0/inst/grp_generic_tanh_float_s_fu_607/fadd_32ns_32ns_32_3_full_dsp_0_U20/pedal_top_fadd_32ns_32ns_32_3_full_dsp_0_ip_u/inst/i_synth/ADDSUB_OP.ADDSUB/DSP.OP/DSP48E1_BODY.NORM_RND/FULL_USAGE_DSP.SHIFT_RND/i_no_versal_es1_workaround.DSP/P[47:0] is not pipelined (MREG=0). Pipelining the multiplier function will improve performance and will save significant power so it is suggested whenever possible to fully pipeline this function.  If this multiplier was inferred, it is suggested to describe an additional register stage after this function.  If there is no registered adder/accumulator following the multiply function, two pipeline stages are suggested to allow both the MREG and PREG registers to be used.  If the DSP48 was instantiated in the design, it is suggested to set both the MREG and PREG attributes to 1 when performing multiply functions.
Related violations: <none>

DPOP-4#41 Warning
MREG Output pipelining  
DSP dma_axis_ip_example_i/pedal_top_0/inst/grp_generic_tanh_float_s_fu_607/fmul_32ns_32ns_32_2_max_dsp_0_U22/pedal_top_fmul_32ns_32ns_32_2_max_dsp_0_ip_u/inst/i_synth/MULT.OP/i_non_prim.MULT/DSP48E1_SPD_SGL_VARIANT.FIX_MULT/DSP1/i_no_versal_es1_workaround.DSP multiplier stage dma_axis_ip_example_i/pedal_top_0/inst/grp_generic_tanh_float_s_fu_607/fmul_32ns_32ns_32_2_max_dsp_0_U22/pedal_top_fmul_32ns_32ns_32_2_max_dsp_0_ip_u/inst/i_synth/MULT.OP/i_non_prim.MULT/DSP48E1_SPD_SGL_VARIANT.FIX_MULT/DSP1/i_no_versal_es1_workaround.DSP/PATTERNDETECT is not pipelined (MREG=0). Pipelining the multiplier function will improve performance and will save significant power so it is suggested whenever possible to fully pipeline this function.  If this multiplier was inferred, it is suggested to describe an additional register stage after this function.  If there is no registered adder/accumulator following the multiply function, two pipeline stages are suggested to allow both the MREG and PREG registers to be used.  If the DSP48 was instantiated in the design, it is suggested to set both the MREG and PREG attributes to 1 when performing multiply functions.
Related violations: <none>

DPOP-4#42 Warning
MREG Output pipelining  
DSP dma_axis_ip_example_i/pedal_top_0/inst/grp_generic_tanh_float_s_fu_607/fmul_32ns_32ns_32_2_max_dsp_0_U22/pedal_top_fmul_32ns_32ns_32_2_max_dsp_0_ip_u/inst/i_synth/MULT.OP/i_non_prim.MULT/DSP48E1_SPD_SGL_VARIANT.FIX_MULT/DSP2/i_no_versal_es1_workaround.DSP multiplier stage dma_axis_ip_example_i/pedal_top_0/inst/grp_generic_tanh_float_s_fu_607/fmul_32ns_32ns_32_2_max_dsp_0_U22/pedal_top_fmul_32ns_32ns_32_2_max_dsp_0_ip_u/inst/i_synth/MULT.OP/i_non_prim.MULT/DSP48E1_SPD_SGL_VARIANT.FIX_MULT/DSP2/i_no_versal_es1_workaround.DSP/PATTERNDETECT is not pipelined (MREG=0). Pipelining the multiplier function will improve performance and will save significant power so it is suggested whenever possible to fully pipeline this function.  If this multiplier was inferred, it is suggested to describe an additional register stage after this function.  If there is no registered adder/accumulator following the multiply function, two pipeline stages are suggested to allow both the MREG and PREG registers to be used.  If the DSP48 was instantiated in the design, it is suggested to set both the MREG and PREG attributes to 1 when performing multiply functions.
Related violations: <none>

DPOP-4#43 Warning
MREG Output pipelining  
DSP dma_axis_ip_example_i/pedal_top_0/inst/grp_generic_tanh_float_s_fu_607/fmul_32ns_32ns_32_2_max_dsp_0_U22/pedal_top_fmul_32ns_32ns_32_2_max_dsp_0_ip_u/inst/i_synth/MULT.OP/i_non_prim.MULT/DSP48E1_SPD_SGL_VARIANT.FIX_MULT/DSP2/i_no_versal_es1_workaround.DSP multiplier stage dma_axis_ip_example_i/pedal_top_0/inst/grp_generic_tanh_float_s_fu_607/fmul_32ns_32ns_32_2_max_dsp_0_U22/pedal_top_fmul_32ns_32ns_32_2_max_dsp_0_ip_u/inst/i_synth/MULT.OP/i_non_prim.MULT/DSP48E1_SPD_SGL_VARIANT.FIX_MULT/DSP2/i_no_versal_es1_workaround.DSP/P[47:0] is not pipelined (MREG=0). Pipelining the multiplier function will improve performance and will save significant power so it is suggested whenever possible to fully pipeline this function.  If this multiplier was inferred, it is suggested to describe an additional register stage after this function.  If there is no registered adder/accumulator following the multiply function, two pipeline stages are suggested to allow both the MREG and PREG registers to be used.  If the DSP48 was instantiated in the design, it is suggested to set both the MREG and PREG attributes to 1 when performing multiply functions.
Related violations: <none>

DPOP-4#44 Warning
MREG Output pipelining  
DSP dma_axis_ip_example_i/pedal_top_0/inst/grp_generic_tanh_float_s_fu_607/fsub_32ns_32ns_32_3_full_dsp_0_U18/pedal_top_fsub_32ns_32ns_32_3_full_dsp_0_ip_u/inst/i_synth/ADDSUB_OP.ADDSUB/DSP.OP/DSP48E1_BODY.NORM_RND/FULL_USAGE_DSP.SHIFT_RND/i_no_versal_es1_workaround.DSP multiplier stage dma_axis_ip_example_i/pedal_top_0/inst/grp_generic_tanh_float_s_fu_607/fsub_32ns_32ns_32_3_full_dsp_0_U18/pedal_top_fsub_32ns_32ns_32_3_full_dsp_0_ip_u/inst/i_synth/ADDSUB_OP.ADDSUB/DSP.OP/DSP48E1_BODY.NORM_RND/FULL_USAGE_DSP.SHIFT_RND/i_no_versal_es1_workaround.DSP/P[47:0] is not pipelined (MREG=0). Pipelining the multiplier function will improve performance and will save significant power so it is suggested whenever possible to fully pipeline this function.  If this multiplier was inferred, it is suggested to describe an additional register stage after this function.  If there is no registered adder/accumulator following the multiply function, two pipeline stages are suggested to allow both the MREG and PREG registers to be used.  If the DSP48 was instantiated in the design, it is suggested to set both the MREG and PREG attributes to 1 when performing multiply functions.
Related violations: <none>

DPOP-4#45 Warning
MREG Output pipelining  
DSP dma_axis_ip_example_i/pedal_top_0/inst/grp_generic_tanh_float_s_fu_607/fsub_32ns_32ns_32_3_full_dsp_0_U21/pedal_top_fsub_32ns_32ns_32_3_full_dsp_0_ip_u/inst/i_synth/ADDSUB_OP.ADDSUB/DSP.OP/DSP48E1_BODY.NORM_RND/FULL_USAGE_DSP.SHIFT_RND/i_no_versal_es1_workaround.DSP multiplier stage dma_axis_ip_example_i/pedal_top_0/inst/grp_generic_tanh_float_s_fu_607/fsub_32ns_32ns_32_3_full_dsp_0_U21/pedal_top_fsub_32ns_32ns_32_3_full_dsp_0_ip_u/inst/i_synth/ADDSUB_OP.ADDSUB/DSP.OP/DSP48E1_BODY.NORM_RND/FULL_USAGE_DSP.SHIFT_RND/i_no_versal_es1_workaround.DSP/P[47:0] is not pipelined (MREG=0). Pipelining the multiplier function will improve performance and will save significant power so it is suggested whenever possible to fully pipeline this function.  If this multiplier was inferred, it is suggested to describe an additional register stage after this function.  If there is no registered adder/accumulator following the multiply function, two pipeline stages are suggested to allow both the MREG and PREG registers to be used.  If the DSP48 was instantiated in the design, it is suggested to set both the MREG and PREG attributes to 1 when performing multiply functions.
Related violations: <none>

DPOP-4#46 Warning
MREG Output pipelining  
DSP dma_axis_ip_example_i/pedal_top_0/inst/grp_generic_tanh_float_s_fu_607/grp_exp_generic_double_s_fu_89/mul_13s_71s_71_1_1_U1/tmp_product multiplier stage dma_axis_ip_example_i/pedal_top_0/inst/grp_generic_tanh_float_s_fu_607/grp_exp_generic_double_s_fu_89/mul_13s_71s_71_1_1_U1/tmp_product/P[47:0] is not pipelined (MREG=0). Pipelining the multiplier function will improve performance and will save significant power so it is suggested whenever possible to fully pipeline this function.  If this multiplier was inferred, it is suggested to describe an additional register stage after this function.  If there is no registered adder/accumulator following the multiply function, two pipeline stages are suggested to allow both the MREG and PREG registers to be used.  If the DSP48 was instantiated in the design, it is suggested to set both the MREG and PREG attributes to 1 when performing multiply functions.
Related violations: <none>

DPOP-4#47 Warning
MREG Output pipelining  
DSP dma_axis_ip_example_i/pedal_top_0/inst/grp_generic_tanh_float_s_fu_607/grp_exp_generic_double_s_fu_89/mul_13s_71s_71_1_1_U1/tmp_product__0 multiplier stage dma_axis_ip_example_i/pedal_top_0/inst/grp_generic_tanh_float_s_fu_607/grp_exp_generic_double_s_fu_89/mul_13s_71s_71_1_1_U1/tmp_product__0/P[47:0] is not pipelined (MREG=0). Pipelining the multiplier function will improve performance and will save significant power so it is suggested whenever possible to fully pipeline this function.  If this multiplier was inferred, it is suggested to describe an additional register stage after this function.  If there is no registered adder/accumulator following the multiply function, two pipeline stages are suggested to allow both the MREG and PREG registers to be used.  If the DSP48 was instantiated in the design, it is suggested to set both the MREG and PREG attributes to 1 when performing multiply functions.
Related violations: <none>

DPOP-4#48 Warning
MREG Output pipelining  
DSP dma_axis_ip_example_i/pedal_top_0/inst/grp_generic_tanh_float_s_fu_607/grp_exp_generic_double_s_fu_89/mul_13s_71s_71_1_1_U1/tmp_product__1 multiplier stage dma_axis_ip_example_i/pedal_top_0/inst/grp_generic_tanh_float_s_fu_607/grp_exp_generic_double_s_fu_89/mul_13s_71s_71_1_1_U1/tmp_product__1/P[47:0] is not pipelined (MREG=0). Pipelining the multiplier function will improve performance and will save significant power so it is suggested whenever possible to fully pipeline this function.  If this multiplier was inferred, it is suggested to describe an additional register stage after this function.  If there is no registered adder/accumulator following the multiply function, two pipeline stages are suggested to allow both the MREG and PREG registers to be used.  If the DSP48 was instantiated in the design, it is suggested to set both the MREG and PREG attributes to 1 when performing multiply functions.
Related violations: <none>

DPOP-4#49 Warning
MREG Output pipelining  
DSP dma_axis_ip_example_i/pedal_top_0/inst/grp_generic_tanh_float_s_fu_607/grp_exp_generic_double_s_fu_89/mul_13s_71s_71_1_1_U1/tmp_product__2 multiplier stage dma_axis_ip_example_i/pedal_top_0/inst/grp_generic_tanh_float_s_fu_607/grp_exp_generic_double_s_fu_89/mul_13s_71s_71_1_1_U1/tmp_product__2/P[47:0] is not pipelined (MREG=0). Pipelining the multiplier function will improve performance and will save significant power so it is suggested whenever possible to fully pipeline this function.  If this multiplier was inferred, it is suggested to describe an additional register stage after this function.  If there is no registered adder/accumulator following the multiply function, two pipeline stages are suggested to allow both the MREG and PREG registers to be used.  If the DSP48 was instantiated in the design, it is suggested to set both the MREG and PREG attributes to 1 when performing multiply functions.
Related violations: <none>

DPOP-4#50 Warning
MREG Output pipelining  
DSP dma_axis_ip_example_i/pedal_top_0/inst/grp_generic_tanh_float_s_fu_607/grp_exp_generic_double_s_fu_89/mul_43ns_36ns_79_1_1_U2/tmp_product multiplier stage dma_axis_ip_example_i/pedal_top_0/inst/grp_generic_tanh_float_s_fu_607/grp_exp_generic_double_s_fu_89/mul_43ns_36ns_79_1_1_U2/tmp_product/P[47:0] is not pipelined (MREG=0). Pipelining the multiplier function will improve performance and will save significant power so it is suggested whenever possible to fully pipeline this function.  If this multiplier was inferred, it is suggested to describe an additional register stage after this function.  If there is no registered adder/accumulator following the multiply function, two pipeline stages are suggested to allow both the MREG and PREG registers to be used.  If the DSP48 was instantiated in the design, it is suggested to set both the MREG and PREG attributes to 1 when performing multiply functions.
Related violations: <none>

DPOP-4#51 Warning
MREG Output pipelining  
DSP dma_axis_ip_example_i/pedal_top_0/inst/grp_generic_tanh_float_s_fu_607/grp_exp_generic_double_s_fu_89/mul_43ns_36ns_79_1_1_U2/tmp_product__0 multiplier stage dma_axis_ip_example_i/pedal_top_0/inst/grp_generic_tanh_float_s_fu_607/grp_exp_generic_double_s_fu_89/mul_43ns_36ns_79_1_1_U2/tmp_product__0/P[47:0] is not pipelined (MREG=0). Pipelining the multiplier function will improve performance and will save significant power so it is suggested whenever possible to fully pipeline this function.  If this multiplier was inferred, it is suggested to describe an additional register stage after this function.  If there is no registered adder/accumulator following the multiply function, two pipeline stages are suggested to allow both the MREG and PREG registers to be used.  If the DSP48 was instantiated in the design, it is suggested to set both the MREG and PREG attributes to 1 when performing multiply functions.
Related violations: <none>

DPOP-4#52 Warning
MREG Output pipelining  
DSP dma_axis_ip_example_i/pedal_top_0/inst/grp_generic_tanh_float_s_fu_607/grp_exp_generic_double_s_fu_89/mul_43ns_36ns_79_1_1_U2/tmp_product__1 multiplier stage dma_axis_ip_example_i/pedal_top_0/inst/grp_generic_tanh_float_s_fu_607/grp_exp_generic_double_s_fu_89/mul_43ns_36ns_79_1_1_U2/tmp_product__1/P[47:0] is not pipelined (MREG=0). Pipelining the multiplier function will improve performance and will save significant power so it is suggested whenever possible to fully pipeline this function.  If this multiplier was inferred, it is suggested to describe an additional register stage after this function.  If there is no registered adder/accumulator following the multiply function, two pipeline stages are suggested to allow both the MREG and PREG registers to be used.  If the DSP48 was instantiated in the design, it is suggested to set both the MREG and PREG attributes to 1 when performing multiply functions.
Related violations: <none>

DPOP-4#53 Warning
MREG Output pipelining  
DSP dma_axis_ip_example_i/pedal_top_0/inst/grp_generic_tanh_float_s_fu_607/grp_exp_generic_double_s_fu_89/mul_43ns_36ns_79_1_1_U2/tmp_product__2 multiplier stage dma_axis_ip_example_i/pedal_top_0/inst/grp_generic_tanh_float_s_fu_607/grp_exp_generic_double_s_fu_89/mul_43ns_36ns_79_1_1_U2/tmp_product__2/P[47:0] is not pipelined (MREG=0). Pipelining the multiplier function will improve performance and will save significant power so it is suggested whenever possible to fully pipeline this function.  If this multiplier was inferred, it is suggested to describe an additional register stage after this function.  If there is no registered adder/accumulator following the multiply function, two pipeline stages are suggested to allow both the MREG and PREG registers to be used.  If the DSP48 was instantiated in the design, it is suggested to set both the MREG and PREG attributes to 1 when performing multiply functions.
Related violations: <none>

DPOP-4#54 Warning
MREG Output pipelining  
DSP dma_axis_ip_example_i/pedal_top_0/inst/grp_generic_tanh_float_s_fu_607/grp_exp_generic_double_s_fu_89/mul_43ns_36ns_79_1_1_U2/tmp_product__3 multiplier stage dma_axis_ip_example_i/pedal_top_0/inst/grp_generic_tanh_float_s_fu_607/grp_exp_generic_double_s_fu_89/mul_43ns_36ns_79_1_1_U2/tmp_product__3/P[47:0] is not pipelined (MREG=0). Pipelining the multiplier function will improve performance and will save significant power so it is suggested whenever possible to fully pipeline this function.  If this multiplier was inferred, it is suggested to describe an additional register stage after this function.  If there is no registered adder/accumulator following the multiply function, two pipeline stages are suggested to allow both the MREG and PREG registers to be used.  If the DSP48 was instantiated in the design, it is suggested to set both the MREG and PREG attributes to 1 when performing multiply functions.
Related violations: <none>

DPOP-4#55 Warning
MREG Output pipelining  
DSP dma_axis_ip_example_i/pedal_top_0/inst/grp_generic_tanh_float_s_fu_607/grp_exp_generic_double_s_fu_89/mul_49ns_44ns_93_1_1_U3/tmp_product__0 multiplier stage dma_axis_ip_example_i/pedal_top_0/inst/grp_generic_tanh_float_s_fu_607/grp_exp_generic_double_s_fu_89/mul_49ns_44ns_93_1_1_U3/tmp_product__0/P[47:0] is not pipelined (MREG=0). Pipelining the multiplier function will improve performance and will save significant power so it is suggested whenever possible to fully pipeline this function.  If this multiplier was inferred, it is suggested to describe an additional register stage after this function.  If there is no registered adder/accumulator following the multiply function, two pipeline stages are suggested to allow both the MREG and PREG registers to be used.  If the DSP48 was instantiated in the design, it is suggested to set both the MREG and PREG attributes to 1 when performing multiply functions.
Related violations: <none>

DPOP-4#56 Warning
MREG Output pipelining  
DSP dma_axis_ip_example_i/pedal_top_0/inst/grp_generic_tanh_float_s_fu_607/grp_exp_generic_double_s_fu_89/mul_49ns_44ns_93_1_1_U3/tmp_product__1 multiplier stage dma_axis_ip_example_i/pedal_top_0/inst/grp_generic_tanh_float_s_fu_607/grp_exp_generic_double_s_fu_89/mul_49ns_44ns_93_1_1_U3/tmp_product__1/P[47:0] is not pipelined (MREG=0). Pipelining the multiplier function will improve performance and will save significant power so it is suggested whenever possible to fully pipeline this function.  If this multiplier was inferred, it is suggested to describe an additional register stage after this function.  If there is no registered adder/accumulator following the multiply function, two pipeline stages are suggested to allow both the MREG and PREG registers to be used.  If the DSP48 was instantiated in the design, it is suggested to set both the MREG and PREG attributes to 1 when performing multiply functions.
Related violations: <none>

DPOP-4#57 Warning
MREG Output pipelining  
DSP dma_axis_ip_example_i/pedal_top_0/inst/grp_generic_tanh_float_s_fu_607/grp_exp_generic_double_s_fu_89/mul_49ns_44ns_93_1_1_U3/tmp_product__4 multiplier stage dma_axis_ip_example_i/pedal_top_0/inst/grp_generic_tanh_float_s_fu_607/grp_exp_generic_double_s_fu_89/mul_49ns_44ns_93_1_1_U3/tmp_product__4/P[47:0] is not pipelined (MREG=0). Pipelining the multiplier function will improve performance and will save significant power so it is suggested whenever possible to fully pipeline this function.  If this multiplier was inferred, it is suggested to describe an additional register stage after this function.  If there is no registered adder/accumulator following the multiply function, two pipeline stages are suggested to allow both the MREG and PREG registers to be used.  If the DSP48 was instantiated in the design, it is suggested to set both the MREG and PREG attributes to 1 when performing multiply functions.
Related violations: <none>

DPOP-4#58 Warning
MREG Output pipelining  
DSP dma_axis_ip_example_i/pedal_top_0/inst/grp_generic_tanh_float_s_fu_607/grp_exp_generic_double_s_fu_89/mul_49ns_44ns_93_1_1_U3/tmp_product__7 multiplier stage dma_axis_ip_example_i/pedal_top_0/inst/grp_generic_tanh_float_s_fu_607/grp_exp_generic_double_s_fu_89/mul_49ns_44ns_93_1_1_U3/tmp_product__7/P[47:0] is not pipelined (MREG=0). Pipelining the multiplier function will improve performance and will save significant power so it is suggested whenever possible to fully pipeline this function.  If this multiplier was inferred, it is suggested to describe an additional register stage after this function.  If there is no registered adder/accumulator following the multiply function, two pipeline stages are suggested to allow both the MREG and PREG registers to be used.  If the DSP48 was instantiated in the design, it is suggested to set both the MREG and PREG attributes to 1 when performing multiply functions.
Related violations: <none>

DPOP-4#59 Warning
MREG Output pipelining  
DSP dma_axis_ip_example_i/pedal_top_0/inst/grp_generic_tanh_float_s_fu_607/grp_exp_generic_double_s_fu_89/mul_50ns_50ns_100_1_1_U4/tmp_product__0 multiplier stage dma_axis_ip_example_i/pedal_top_0/inst/grp_generic_tanh_float_s_fu_607/grp_exp_generic_double_s_fu_89/mul_50ns_50ns_100_1_1_U4/tmp_product__0/P[47:0] is not pipelined (MREG=0). Pipelining the multiplier function will improve performance and will save significant power so it is suggested whenever possible to fully pipeline this function.  If this multiplier was inferred, it is suggested to describe an additional register stage after this function.  If there is no registered adder/accumulator following the multiply function, two pipeline stages are suggested to allow both the MREG and PREG registers to be used.  If the DSP48 was instantiated in the design, it is suggested to set both the MREG and PREG attributes to 1 when performing multiply functions.
Related violations: <none>

DPOP-4#60 Warning
MREG Output pipelining  
DSP dma_axis_ip_example_i/pedal_top_0/inst/grp_generic_tanh_float_s_fu_607/grp_exp_generic_double_s_fu_89/mul_50ns_50ns_100_1_1_U4/tmp_product__1 multiplier stage dma_axis_ip_example_i/pedal_top_0/inst/grp_generic_tanh_float_s_fu_607/grp_exp_generic_double_s_fu_89/mul_50ns_50ns_100_1_1_U4/tmp_product__1/P[47:0] is not pipelined (MREG=0). Pipelining the multiplier function will improve performance and will save significant power so it is suggested whenever possible to fully pipeline this function.  If this multiplier was inferred, it is suggested to describe an additional register stage after this function.  If there is no registered adder/accumulator following the multiply function, two pipeline stages are suggested to allow both the MREG and PREG registers to be used.  If the DSP48 was instantiated in the design, it is suggested to set both the MREG and PREG attributes to 1 when performing multiply functions.
Related violations: <none>

DPOP-4#61 Warning
MREG Output pipelining  
DSP dma_axis_ip_example_i/pedal_top_0/inst/grp_generic_tanh_float_s_fu_607/grp_exp_generic_double_s_fu_89/mul_50ns_50ns_100_1_1_U4/tmp_product__4 multiplier stage dma_axis_ip_example_i/pedal_top_0/inst/grp_generic_tanh_float_s_fu_607/grp_exp_generic_double_s_fu_89/mul_50ns_50ns_100_1_1_U4/tmp_product__4/P[47:0] is not pipelined (MREG=0). Pipelining the multiplier function will improve performance and will save significant power so it is suggested whenever possible to fully pipeline this function.  If this multiplier was inferred, it is suggested to describe an additional register stage after this function.  If there is no registered adder/accumulator following the multiply function, two pipeline stages are suggested to allow both the MREG and PREG registers to be used.  If the DSP48 was instantiated in the design, it is suggested to set both the MREG and PREG attributes to 1 when performing multiply functions.
Related violations: <none>

DPOP-4#62 Warning
MREG Output pipelining  
DSP dma_axis_ip_example_i/pedal_top_0/inst/grp_generic_tanh_float_s_fu_607/grp_exp_generic_double_s_fu_89/mul_50ns_50ns_100_1_1_U4/tmp_product__7 multiplier stage dma_axis_ip_example_i/pedal_top_0/inst/grp_generic_tanh_float_s_fu_607/grp_exp_generic_double_s_fu_89/mul_50ns_50ns_100_1_1_U4/tmp_product__7/P[47:0] is not pipelined (MREG=0). Pipelining the multiplier function will improve performance and will save significant power so it is suggested whenever possible to fully pipeline this function.  If this multiplier was inferred, it is suggested to describe an additional register stage after this function.  If there is no registered adder/accumulator following the multiply function, two pipeline stages are suggested to allow both the MREG and PREG registers to be used.  If the DSP48 was instantiated in the design, it is suggested to set both the MREG and PREG attributes to 1 when performing multiply functions.
Related violations: <none>

DPOP-4#63 Warning
MREG Output pipelining  
DSP dma_axis_ip_example_i/pedal_top_0/inst/grp_sin_or_cos_float_s_fu_618/mul_15ns_15ns_30_1_0_U43/tmp_product multiplier stage dma_axis_ip_example_i/pedal_top_0/inst/grp_sin_or_cos_float_s_fu_618/mul_15ns_15ns_30_1_0_U43/tmp_product/P[47:0] is not pipelined (MREG=0). Pipelining the multiplier function will improve performance and will save significant power so it is suggested whenever possible to fully pipeline this function.  If this multiplier was inferred, it is suggested to describe an additional register stage after this function.  If there is no registered adder/accumulator following the multiply function, two pipeline stages are suggested to allow both the MREG and PREG registers to be used.  If the DSP48 was instantiated in the design, it is suggested to set both the MREG and PREG attributes to 1 when performing multiply functions.
Related violations: <none>

DPOP-4#64 Warning
MREG Output pipelining  
DSP dma_axis_ip_example_i/pedal_top_0/inst/grp_sin_or_cos_float_s_fu_618/mul_15ns_15s_30_1_0_U44/tmp_product multiplier stage dma_axis_ip_example_i/pedal_top_0/inst/grp_sin_or_cos_float_s_fu_618/mul_15ns_15s_30_1_0_U44/tmp_product/P[47:0] is not pipelined (MREG=0). Pipelining the multiplier function will improve performance and will save significant power so it is suggested whenever possible to fully pipeline this function.  If this multiplier was inferred, it is suggested to describe an additional register stage after this function.  If there is no registered adder/accumulator following the multiply function, two pipeline stages are suggested to allow both the MREG and PREG registers to be used.  If the DSP48 was instantiated in the design, it is suggested to set both the MREG and PREG attributes to 1 when performing multiply functions.
Related violations: <none>

DPOP-4#65 Warning
MREG Output pipelining  
DSP dma_axis_ip_example_i/pedal_top_0/inst/grp_sin_or_cos_float_s_fu_618/mul_23s_22ns_45_1_0_U37/tmp_product__0 multiplier stage dma_axis_ip_example_i/pedal_top_0/inst/grp_sin_or_cos_float_s_fu_618/mul_23s_22ns_45_1_0_U37/tmp_product__0/P[47:0] is not pipelined (MREG=0). Pipelining the multiplier function will improve performance and will save significant power so it is suggested whenever possible to fully pipeline this function.  If this multiplier was inferred, it is suggested to describe an additional register stage after this function.  If there is no registered adder/accumulator following the multiply function, two pipeline stages are suggested to allow both the MREG and PREG registers to be used.  If the DSP48 was instantiated in the design, it is suggested to set both the MREG and PREG attributes to 1 when performing multiply functions.
Related violations: <none>

DPOP-4#66 Warning
MREG Output pipelining  
DSP dma_axis_ip_example_i/pedal_top_0/inst/grp_sin_or_cos_float_s_fu_618/mul_30s_29ns_58_1_0_U38/tmp_product multiplier stage dma_axis_ip_example_i/pedal_top_0/inst/grp_sin_or_cos_float_s_fu_618/mul_30s_29ns_58_1_0_U38/tmp_product/P[47:0] is not pipelined (MREG=0). Pipelining the multiplier function will improve performance and will save significant power so it is suggested whenever possible to fully pipeline this function.  If this multiplier was inferred, it is suggested to describe an additional register stage after this function.  If there is no registered adder/accumulator following the multiply function, two pipeline stages are suggested to allow both the MREG and PREG registers to be used.  If the DSP48 was instantiated in the design, it is suggested to set both the MREG and PREG attributes to 1 when performing multiply functions.
Related violations: <none>

DPOP-4#67 Warning
MREG Output pipelining  
DSP dma_axis_ip_example_i/pedal_top_0/inst/grp_sin_or_cos_float_s_fu_618/mul_30s_29ns_58_1_0_U38/tmp_product__0 multiplier stage dma_axis_ip_example_i/pedal_top_0/inst/grp_sin_or_cos_float_s_fu_618/mul_30s_29ns_58_1_0_U38/tmp_product__0/P[47:0] is not pipelined (MREG=0). Pipelining the multiplier function will improve performance and will save significant power so it is suggested whenever possible to fully pipeline this function.  If this multiplier was inferred, it is suggested to describe an additional register stage after this function.  If there is no registered adder/accumulator following the multiply function, two pipeline stages are suggested to allow both the MREG and PREG registers to be used.  If the DSP48 was instantiated in the design, it is suggested to set both the MREG and PREG attributes to 1 when performing multiply functions.
Related violations: <none>

DPOP-4#68 Warning
MREG Output pipelining  
DSP dma_axis_ip_example_i/pedal_top_0/inst/grp_sin_or_cos_float_s_fu_618/mul_30s_29ns_58_1_0_U38/tmp_product__1 multiplier stage dma_axis_ip_example_i/pedal_top_0/inst/grp_sin_or_cos_float_s_fu_618/mul_30s_29ns_58_1_0_U38/tmp_product__1/P[47:0] is not pipelined (MREG=0). Pipelining the multiplier function will improve performance and will save significant power so it is suggested whenever possible to fully pipeline this function.  If this multiplier was inferred, it is suggested to describe an additional register stage after this function.  If there is no registered adder/accumulator following the multiply function, two pipeline stages are suggested to allow both the MREG and PREG registers to be used.  If the DSP48 was instantiated in the design, it is suggested to set both the MREG and PREG attributes to 1 when performing multiply functions.
Related violations: <none>

DPOP-4#69 Warning
MREG Output pipelining  
DSP dma_axis_ip_example_i/pedal_top_0/inst/grp_sin_or_cos_float_s_fu_618/mul_30s_29ns_58_1_0_U38/tmp_product__2 multiplier stage dma_axis_ip_example_i/pedal_top_0/inst/grp_sin_or_cos_float_s_fu_618/mul_30s_29ns_58_1_0_U38/tmp_product__2/P[47:0] is not pipelined (MREG=0). Pipelining the multiplier function will improve performance and will save significant power so it is suggested whenever possible to fully pipeline this function.  If this multiplier was inferred, it is suggested to describe an additional register stage after this function.  If there is no registered adder/accumulator following the multiply function, two pipeline stages are suggested to allow both the MREG and PREG registers to be used.  If the DSP48 was instantiated in the design, it is suggested to set both the MREG and PREG attributes to 1 when performing multiply functions.
Related violations: <none>

DPOP-4#70 Warning
MREG Output pipelining  
DSP dma_axis_ip_example_i/pedal_top_0/inst/grp_sin_or_cos_float_s_fu_618/mul_80s_24ns_80_1_0_U39/tmp_product multiplier stage dma_axis_ip_example_i/pedal_top_0/inst/grp_sin_or_cos_float_s_fu_618/mul_80s_24ns_80_1_0_U39/tmp_product/P[47:0] is not pipelined (MREG=0). Pipelining the multiplier function will improve performance and will save significant power so it is suggested whenever possible to fully pipeline this function.  If this multiplier was inferred, it is suggested to describe an additional register stage after this function.  If there is no registered adder/accumulator following the multiply function, two pipeline stages are suggested to allow both the MREG and PREG registers to be used.  If the DSP48 was instantiated in the design, it is suggested to set both the MREG and PREG attributes to 1 when performing multiply functions.
Related violations: <none>

DPOP-4#71 Warning
MREG Output pipelining  
DSP dma_axis_ip_example_i/pedal_top_0/inst/grp_sin_or_cos_float_s_fu_618/mul_80s_24ns_80_1_0_U39/tmp_product__0 multiplier stage dma_axis_ip_example_i/pedal_top_0/inst/grp_sin_or_cos_float_s_fu_618/mul_80s_24ns_80_1_0_U39/tmp_product__0/P[47:0] is not pipelined (MREG=0). Pipelining the multiplier function will improve performance and will save significant power so it is suggested whenever possible to fully pipeline this function.  If this multiplier was inferred, it is suggested to describe an additional register stage after this function.  If there is no registered adder/accumulator following the multiply function, two pipeline stages are suggested to allow both the MREG and PREG registers to be used.  If the DSP48 was instantiated in the design, it is suggested to set both the MREG and PREG attributes to 1 when performing multiply functions.
Related violations: <none>

DPOP-4#72 Warning
MREG Output pipelining  
DSP dma_axis_ip_example_i/pedal_top_0/inst/grp_sin_or_cos_float_s_fu_618/mul_80s_24ns_80_1_0_U39/tmp_product__1 multiplier stage dma_axis_ip_example_i/pedal_top_0/inst/grp_sin_or_cos_float_s_fu_618/mul_80s_24ns_80_1_0_U39/tmp_product__1/P[47:0] is not pipelined (MREG=0). Pipelining the multiplier function will improve performance and will save significant power so it is suggested whenever possible to fully pipeline this function.  If this multiplier was inferred, it is suggested to describe an additional register stage after this function.  If there is no registered adder/accumulator following the multiply function, two pipeline stages are suggested to allow both the MREG and PREG registers to be used.  If the DSP48 was instantiated in the design, it is suggested to set both the MREG and PREG attributes to 1 when performing multiply functions.
Related violations: <none>

DPOP-4#73 Warning
MREG Output pipelining  
DSP dma_axis_ip_example_i/pedal_top_0/inst/grp_sin_or_cos_float_s_fu_618/mul_80s_24ns_80_1_0_U39/tmp_product__3 multiplier stage dma_axis_ip_example_i/pedal_top_0/inst/grp_sin_or_cos_float_s_fu_618/mul_80s_24ns_80_1_0_U39/tmp_product__3/P[47:0] is not pipelined (MREG=0). Pipelining the multiplier function will improve performance and will save significant power so it is suggested whenever possible to fully pipeline this function.  If this multiplier was inferred, it is suggested to describe an additional register stage after this function.  If there is no registered adder/accumulator following the multiply function, two pipeline stages are suggested to allow both the MREG and PREG registers to be used.  If the DSP48 was instantiated in the design, it is suggested to set both the MREG and PREG attributes to 1 when performing multiply functions.
Related violations: <none>

DPOP-4#74 Warning
MREG Output pipelining  
DSP dma_axis_ip_example_i/pedal_top_0/inst/mul_31s_32s_63_1_1_U87/tmp_product multiplier stage dma_axis_ip_example_i/pedal_top_0/inst/mul_31s_32s_63_1_1_U87/tmp_product/P[47:0] is not pipelined (MREG=0). Pipelining the multiplier function will improve performance and will save significant power so it is suggested whenever possible to fully pipeline this function.  If this multiplier was inferred, it is suggested to describe an additional register stage after this function.  If there is no registered adder/accumulator following the multiply function, two pipeline stages are suggested to allow both the MREG and PREG registers to be used.  If the DSP48 was instantiated in the design, it is suggested to set both the MREG and PREG attributes to 1 when performing multiply functions.
Related violations: <none>

DPOP-4#75 Warning
MREG Output pipelining  
DSP dma_axis_ip_example_i/pedal_top_0/inst/mul_31s_32s_63_1_1_U87/tmp_product__0 multiplier stage dma_axis_ip_example_i/pedal_top_0/inst/mul_31s_32s_63_1_1_U87/tmp_product__0/P[47:0] is not pipelined (MREG=0). Pipelining the multiplier function will improve performance and will save significant power so it is suggested whenever possible to fully pipeline this function.  If this multiplier was inferred, it is suggested to describe an additional register stage after this function.  If there is no registered adder/accumulator following the multiply function, two pipeline stages are suggested to allow both the MREG and PREG registers to be used.  If the DSP48 was instantiated in the design, it is suggested to set both the MREG and PREG attributes to 1 when performing multiply functions.
Related violations: <none>

DPOP-4#76 Warning
MREG Output pipelining  
DSP dma_axis_ip_example_i/pedal_top_0/inst/mul_31s_32s_63_1_1_U87/tmp_product__1 multiplier stage dma_axis_ip_example_i/pedal_top_0/inst/mul_31s_32s_63_1_1_U87/tmp_product__1/P[47:0] is not pipelined (MREG=0). Pipelining the multiplier function will improve performance and will save significant power so it is suggested whenever possible to fully pipeline this function.  If this multiplier was inferred, it is suggested to describe an additional register stage after this function.  If there is no registered adder/accumulator following the multiply function, two pipeline stages are suggested to allow both the MREG and PREG registers to be used.  If the DSP48 was instantiated in the design, it is suggested to set both the MREG and PREG attributes to 1 when performing multiply functions.
Related violations: <none>

DPOP-4#77 Warning
MREG Output pipelining  
DSP dma_axis_ip_example_i/pedal_top_0/inst/mul_31s_32s_63_1_1_U87/tmp_product__2 multiplier stage dma_axis_ip_example_i/pedal_top_0/inst/mul_31s_32s_63_1_1_U87/tmp_product__2/P[47:0] is not pipelined (MREG=0). Pipelining the multiplier function will improve performance and will save significant power so it is suggested whenever possible to fully pipeline this function.  If this multiplier was inferred, it is suggested to describe an additional register stage after this function.  If there is no registered adder/accumulator following the multiply function, two pipeline stages are suggested to allow both the MREG and PREG registers to be used.  If the DSP48 was instantiated in the design, it is suggested to set both the MREG and PREG attributes to 1 when performing multiply functions.
Related violations: <none>

DPOP-4#78 Warning
MREG Output pipelining  
DSP dma_axis_ip_example_i/pedal_top_0/inst/mul_32s_28ns_48_1_1_U89/tmp_product multiplier stage dma_axis_ip_example_i/pedal_top_0/inst/mul_32s_28ns_48_1_1_U89/tmp_product/P[47:0] is not pipelined (MREG=0). Pipelining the multiplier function will improve performance and will save significant power so it is suggested whenever possible to fully pipeline this function.  If this multiplier was inferred, it is suggested to describe an additional register stage after this function.  If there is no registered adder/accumulator following the multiply function, two pipeline stages are suggested to allow both the MREG and PREG registers to be used.  If the DSP48 was instantiated in the design, it is suggested to set both the MREG and PREG attributes to 1 when performing multiply functions.
Related violations: <none>

DPOP-4#79 Warning
MREG Output pipelining  
DSP dma_axis_ip_example_i/pedal_top_0/inst/mul_32s_28ns_48_1_1_U89/tmp_product__0 multiplier stage dma_axis_ip_example_i/pedal_top_0/inst/mul_32s_28ns_48_1_1_U89/tmp_product__0/P[47:0] is not pipelined (MREG=0). Pipelining the multiplier function will improve performance and will save significant power so it is suggested whenever possible to fully pipeline this function.  If this multiplier was inferred, it is suggested to describe an additional register stage after this function.  If there is no registered adder/accumulator following the multiply function, two pipeline stages are suggested to allow both the MREG and PREG registers to be used.  If the DSP48 was instantiated in the design, it is suggested to set both the MREG and PREG attributes to 1 when performing multiply functions.
Related violations: <none>

DPOP-4#80 Warning
MREG Output pipelining  
DSP dma_axis_ip_example_i/pedal_top_0/inst/mul_32s_28ns_48_1_1_U89/tmp_product__1 multiplier stage dma_axis_ip_example_i/pedal_top_0/inst/mul_32s_28ns_48_1_1_U89/tmp_product__1/P[47:0] is not pipelined (MREG=0). Pipelining the multiplier function will improve performance and will save significant power so it is suggested whenever possible to fully pipeline this function.  If this multiplier was inferred, it is suggested to describe an additional register stage after this function.  If there is no registered adder/accumulator following the multiply function, two pipeline stages are suggested to allow both the MREG and PREG registers to be used.  If the DSP48 was instantiated in the design, it is suggested to set both the MREG and PREG attributes to 1 when performing multiply functions.
Related violations: <none>

DPOP-4#81 Warning
MREG Output pipelining  
DSP dma_axis_ip_example_i/pedal_top_0/inst/mul_32s_28ns_48_1_1_U89/tmp_product__2 multiplier stage dma_axis_ip_example_i/pedal_top_0/inst/mul_32s_28ns_48_1_1_U89/tmp_product__2/P[47:0] is not pipelined (MREG=0). Pipelining the multiplier function will improve performance and will save significant power so it is suggested whenever possible to fully pipeline this function.  If this multiplier was inferred, it is suggested to describe an additional register stage after this function.  If there is no registered adder/accumulator following the multiply function, two pipeline stages are suggested to allow both the MREG and PREG registers to be used.  If the DSP48 was instantiated in the design, it is suggested to set both the MREG and PREG attributes to 1 when performing multiply functions.
Related violations: <none>

DPOP-4#82 Warning
MREG Output pipelining  
DSP dma_axis_ip_example_i/pedal_top_0/inst/mul_32s_32s_48_1_1_U88/tmp_product multiplier stage dma_axis_ip_example_i/pedal_top_0/inst/mul_32s_32s_48_1_1_U88/tmp_product/P[47:0] is not pipelined (MREG=0). Pipelining the multiplier function will improve performance and will save significant power so it is suggested whenever possible to fully pipeline this function.  If this multiplier was inferred, it is suggested to describe an additional register stage after this function.  If there is no registered adder/accumulator following the multiply function, two pipeline stages are suggested to allow both the MREG and PREG registers to be used.  If the DSP48 was instantiated in the design, it is suggested to set both the MREG and PREG attributes to 1 when performing multiply functions.
Related violations: <none>

DPOP-4#83 Warning
MREG Output pipelining  
DSP dma_axis_ip_example_i/pedal_top_0/inst/mul_32s_32s_48_1_1_U88/tmp_product__0 multiplier stage dma_axis_ip_example_i/pedal_top_0/inst/mul_32s_32s_48_1_1_U88/tmp_product__0/P[47:0] is not pipelined (MREG=0). Pipelining the multiplier function will improve performance and will save significant power so it is suggested whenever possible to fully pipeline this function.  If this multiplier was inferred, it is suggested to describe an additional register stage after this function.  If there is no registered adder/accumulator following the multiply function, two pipeline stages are suggested to allow both the MREG and PREG registers to be used.  If the DSP48 was instantiated in the design, it is suggested to set both the MREG and PREG attributes to 1 when performing multiply functions.
Related violations: <none>

DPOP-4#84 Warning
MREG Output pipelining  
DSP dma_axis_ip_example_i/pedal_top_0/inst/mul_32s_32s_48_1_1_U88/tmp_product__1 multiplier stage dma_axis_ip_example_i/pedal_top_0/inst/mul_32s_32s_48_1_1_U88/tmp_product__1/P[47:0] is not pipelined (MREG=0). Pipelining the multiplier function will improve performance and will save significant power so it is suggested whenever possible to fully pipeline this function.  If this multiplier was inferred, it is suggested to describe an additional register stage after this function.  If there is no registered adder/accumulator following the multiply function, two pipeline stages are suggested to allow both the MREG and PREG registers to be used.  If the DSP48 was instantiated in the design, it is suggested to set both the MREG and PREG attributes to 1 when performing multiply functions.
Related violations: <none>

DPOP-4#85 Warning
MREG Output pipelining  
DSP dma_axis_ip_example_i/pedal_top_0/inst/mul_32s_32s_48_1_1_U88/tmp_product__2 multiplier stage dma_axis_ip_example_i/pedal_top_0/inst/mul_32s_32s_48_1_1_U88/tmp_product__2/P[47:0] is not pipelined (MREG=0). Pipelining the multiplier function will improve performance and will save significant power so it is suggested whenever possible to fully pipeline this function.  If this multiplier was inferred, it is suggested to describe an additional register stage after this function.  If there is no registered adder/accumulator following the multiply function, two pipeline stages are suggested to allow both the MREG and PREG registers to be used.  If the DSP48 was instantiated in the design, it is suggested to set both the MREG and PREG attributes to 1 when performing multiply functions.
Related violations: <none>

DPOP-4#86 Warning
MREG Output pipelining  
DSP dma_axis_ip_example_i/pedal_top_0/inst/mul_48s_50ns_97_1_1_U91/tmp_product__0 multiplier stage dma_axis_ip_example_i/pedal_top_0/inst/mul_48s_50ns_97_1_1_U91/tmp_product__0/P[47:0] is not pipelined (MREG=0). Pipelining the multiplier function will improve performance and will save significant power so it is suggested whenever possible to fully pipeline this function.  If this multiplier was inferred, it is suggested to describe an additional register stage after this function.  If there is no registered adder/accumulator following the multiply function, two pipeline stages are suggested to allow both the MREG and PREG registers to be used.  If the DSP48 was instantiated in the design, it is suggested to set both the MREG and PREG attributes to 1 when performing multiply functions.
Related violations: <none>

DPOP-4#87 Warning
MREG Output pipelining  
DSP dma_axis_ip_example_i/pedal_top_0/inst/mul_48s_50ns_97_1_1_U91/tmp_product__1 multiplier stage dma_axis_ip_example_i/pedal_top_0/inst/mul_48s_50ns_97_1_1_U91/tmp_product__1/P[47:0] is not pipelined (MREG=0). Pipelining the multiplier function will improve performance and will save significant power so it is suggested whenever possible to fully pipeline this function.  If this multiplier was inferred, it is suggested to describe an additional register stage after this function.  If there is no registered adder/accumulator following the multiply function, two pipeline stages are suggested to allow both the MREG and PREG registers to be used.  If the DSP48 was instantiated in the design, it is suggested to set both the MREG and PREG attributes to 1 when performing multiply functions.
Related violations: <none>

DPOP-4#88 Warning
MREG Output pipelining  
DSP dma_axis_ip_example_i/pedal_top_0/inst/mul_48s_50ns_97_1_1_U91/tmp_product__4 multiplier stage dma_axis_ip_example_i/pedal_top_0/inst/mul_48s_50ns_97_1_1_U91/tmp_product__4/P[47:0] is not pipelined (MREG=0). Pipelining the multiplier function will improve performance and will save significant power so it is suggested whenever possible to fully pipeline this function.  If this multiplier was inferred, it is suggested to describe an additional register stage after this function.  If there is no registered adder/accumulator following the multiply function, two pipeline stages are suggested to allow both the MREG and PREG registers to be used.  If the DSP48 was instantiated in the design, it is suggested to set both the MREG and PREG attributes to 1 when performing multiply functions.
Related violations: <none>

DPOP-4#89 Warning
MREG Output pipelining  
DSP dma_axis_ip_example_i/pedal_top_0/inst/mul_48s_50ns_97_1_1_U91/tmp_product__5 multiplier stage dma_axis_ip_example_i/pedal_top_0/inst/mul_48s_50ns_97_1_1_U91/tmp_product__5/P[47:0] is not pipelined (MREG=0). Pipelining the multiplier function will improve performance and will save significant power so it is suggested whenever possible to fully pipeline this function.  If this multiplier was inferred, it is suggested to describe an additional register stage after this function.  If there is no registered adder/accumulator following the multiply function, two pipeline stages are suggested to allow both the MREG and PREG registers to be used.  If the DSP48 was instantiated in the design, it is suggested to set both the MREG and PREG attributes to 1 when performing multiply functions.
Related violations: <none>

DPOP-4#90 Warning
MREG Output pipelining  
DSP dma_axis_ip_example_i/pedal_top_0/inst/mul_48s_50ns_97_1_1_U91/tmp_product__7 multiplier stage dma_axis_ip_example_i/pedal_top_0/inst/mul_48s_50ns_97_1_1_U91/tmp_product__7/P[47:0] is not pipelined (MREG=0). Pipelining the multiplier function will improve performance and will save significant power so it is suggested whenever possible to fully pipeline this function.  If this multiplier was inferred, it is suggested to describe an additional register stage after this function.  If there is no registered adder/accumulator following the multiply function, two pipeline stages are suggested to allow both the MREG and PREG registers to be used.  If the DSP48 was instantiated in the design, it is suggested to set both the MREG and PREG attributes to 1 when performing multiply functions.
Related violations: <none>

DPREG-7#1 Warning
DSP48E2_PregDynOpmodeZmuxP:  
The DSP48E2 cell dma_axis_ip_example_i/pedal_top_0/inst/fadd_32ns_32ns_32_3_full_dsp_1_U79/pedal_top_fadd_32ns_32ns_32_3_full_dsp_1_ip_u/inst/i_synth/ADDSUB_OP.ADDSUB/DSP.OP/DSP48E1_BODY.ALIGN_ADD/DSP2/i_no_versal_es1_workaround.DSP with the given dynamic OPMODE[8:0] connections may lead to an unregistered asynchronous feedback path without the PREG attribute enabled. Please refer to the user guide and if one of the internal P feedback opmodes is possible for this design the PREG attribute must be set to 1, currently set to 0
Related violations: <none>

DPREG-7#2 Warning
DSP48E2_PregDynOpmodeZmuxP:  
The DSP48E2 cell dma_axis_ip_example_i/pedal_top_0/inst/fsub_32ns_32ns_32_3_full_dsp_1_U80/pedal_top_fsub_32ns_32ns_32_3_full_dsp_1_ip_u/inst/i_synth/ADDSUB_OP.ADDSUB/DSP.OP/DSP48E1_BODY.ALIGN_ADD/DSP2/i_no_versal_es1_workaround.DSP with the given dynamic OPMODE[8:0] connections may lead to an unregistered asynchronous feedback path without the PREG attribute enabled. Please refer to the user guide and if one of the internal P feedback opmodes is possible for this design the PREG attribute must be set to 1, currently set to 0
Related violations: <none>

DPREG-7#3 Warning
DSP48E2_PregDynOpmodeZmuxP:  
The DSP48E2 cell dma_axis_ip_example_i/pedal_top_0/inst/grp_generic_tanh_float_s_fu_607/dadd_64ns_64ns_64_4_full_dsp_0_U27/pedal_top_dadd_64ns_64ns_64_4_full_dsp_0_ip_u/inst/i_synth/ADDSUB_OP.ADDSUB/LOGIC_SPEED.OP/ALIGN_BLK/FRAC_ADDSUB/DSP_ADD.FRAC_ADDSUB/i_no_versal_es1_workaround.DSP48E1_ADD.DSP48E1_ADD/i_no_versal_es1_workaround.DSP with the given dynamic OPMODE[8:0] connections may lead to an unregistered asynchronous feedback path without the PREG attribute enabled. Please refer to the user guide and if one of the internal P feedback opmodes is possible for this design the PREG attribute must be set to 1, currently set to 0
Related violations: <none>

DPREG-7#4 Warning
DSP48E2_PregDynOpmodeZmuxP:  
The DSP48E2 cell dma_axis_ip_example_i/pedal_top_0/inst/grp_generic_tanh_float_s_fu_607/fadd_32ns_32ns_32_3_full_dsp_0_U19/pedal_top_fadd_32ns_32ns_32_3_full_dsp_0_ip_u/inst/i_synth/ADDSUB_OP.ADDSUB/DSP.OP/DSP48E1_BODY.ALIGN_ADD/DSP2/i_no_versal_es1_workaround.DSP with the given dynamic OPMODE[8:0] connections may lead to an unregistered asynchronous feedback path without the PREG attribute enabled. Please refer to the user guide and if one of the internal P feedback opmodes is possible for this design the PREG attribute must be set to 1, currently set to 0
Related violations: <none>

DPREG-7#5 Warning
DSP48E2_PregDynOpmodeZmuxP:  
The DSP48E2 cell dma_axis_ip_example_i/pedal_top_0/inst/grp_generic_tanh_float_s_fu_607/fsub_32ns_32ns_32_3_full_dsp_0_U18/pedal_top_fsub_32ns_32ns_32_3_full_dsp_0_ip_u/inst/i_synth/ADDSUB_OP.ADDSUB/DSP.OP/DSP48E1_BODY.ALIGN_ADD/DSP2/i_no_versal_es1_workaround.DSP with the given dynamic OPMODE[8:0] connections may lead to an unregistered asynchronous feedback path without the PREG attribute enabled. Please refer to the user guide and if one of the internal P feedback opmodes is possible for this design the PREG attribute must be set to 1, currently set to 0
Related violations: <none>

PDCN-1569#1 Warning
LUT equation term check  
Used physical LUT pin 'A1' of cell dma_axis_ip_example_i/ps7_0_axi_periph/s00_couplers/auto_ds/inst/gen_downsizer.gen_simple_downsizer.axi_downsizer_inst/USE_READ.read_addr_inst/cmd_queue/inst/fifo_gen_inst/inst_fifo_gen/gconvfifo.rf/grf.rf/gntv_or_sync_fifo.gl0.rd/gr1.gr1_int.rfwft/gpregsm1.user_valid_i_1 (pin dma_axis_ip_example_i/ps7_0_axi_periph/s00_couplers/auto_ds/inst/gen_downsizer.gen_simple_downsizer.axi_downsizer_inst/USE_READ.read_addr_inst/cmd_queue/inst/fifo_gen_inst/inst_fifo_gen/gconvfifo.rf/grf.rf/gntv_or_sync_fifo.gl0.rd/gr1.gr1_int.rfwft/gpregsm1.user_valid_i_1/I1) is not included in the LUT equation: 'O5=(A5)+((~A5)*(~A2)*A4)'. If this cell is a user instantiated LUT in the design, please remove connectivity to the pin or change the equation and/or INIT string of the LUT to prevent this issue. If the cell is inferred or IP created LUT, please regenerate the IP and/or resynthesize the design to attempt to correct the issue.
Related violations: <none>

PDCN-1569#2 Warning
LUT equation term check  
Used physical LUT pin 'A2' of cell dma_axis_ip_example_i/ps7_0_axi_periph/s00_couplers/auto_ds/inst/gen_downsizer.gen_simple_downsizer.axi_downsizer_inst/USE_WRITE.write_addr_inst/USE_B_CHANNEL.cmd_b_queue/inst/fifo_gen_inst/inst_fifo_gen/gconvfifo.rf/grf.rf/gntv_or_sync_fifo.gl0.rd/gr1.gr1_int.rfwft/gpregsm1.user_valid_i_1 (pin dma_axis_ip_example_i/ps7_0_axi_periph/s00_couplers/auto_ds/inst/gen_downsizer.gen_simple_downsizer.axi_downsizer_inst/USE_WRITE.write_addr_inst/USE_B_CHANNEL.cmd_b_queue/inst/fifo_gen_inst/inst_fifo_gen/gconvfifo.rf/grf.rf/gntv_or_sync_fifo.gl0.rd/gr1.gr1_int.rfwft/gpregsm1.user_valid_i_1/I1) is not included in the LUT equation: 'O5=(A3)+((~A3)*(~A5)*A4)'. If this cell is a user instantiated LUT in the design, please remove connectivity to the pin or change the equation and/or INIT string of the LUT to prevent this issue. If the cell is inferred or IP created LUT, please regenerate the IP and/or resynthesize the design to attempt to correct the issue.
Related violations: <none>

PDCN-1569#3 Warning
LUT equation term check  
Used physical LUT pin 'A3' of cell dma_axis_ip_example_i/ps7_0_axi_periph/s00_couplers/auto_ds/inst/gen_downsizer.gen_simple_downsizer.axi_downsizer_inst/USE_WRITE.write_addr_inst/cmd_queue/inst/fifo_gen_inst/inst_fifo_gen/gconvfifo.rf/grf.rf/gntv_or_sync_fifo.gl0.rd/gr1.gr1_int.rfwft/gpregsm1.user_valid_i_1 (pin dma_axis_ip_example_i/ps7_0_axi_periph/s00_couplers/auto_ds/inst/gen_downsizer.gen_simple_downsizer.axi_downsizer_inst/USE_WRITE.write_addr_inst/cmd_queue/inst/fifo_gen_inst/inst_fifo_gen/gconvfifo.rf/grf.rf/gntv_or_sync_fifo.gl0.rd/gr1.gr1_int.rfwft/gpregsm1.user_valid_i_1/I1) is not included in the LUT equation: 'O5=(A5)+((~A5)*(~A1)*A4)'. If this cell is a user instantiated LUT in the design, please remove connectivity to the pin or change the equation and/or INIT string of the LUT to prevent this issue. If the cell is inferred or IP created LUT, please regenerate the IP and/or resynthesize the design to attempt to correct the issue.
Related violations: <none>

REQP-1934#1 Warning
RAMB18E2_nochange_collision_advisory  
Synchronous clocking is detected for BRAM (dma_axis_ip_example_i/axi_dma/U0/I_PRMRY_DATAMOVER/GEN_MM2S_FULL.I_MM2S_FULL_WRAPPER/GEN_INCLUDE_MM2S_SF.I_RD_SF/I_DATA_FIFO/BLK_MEM.I_SYNC_FIFOGEN_FIFO/xpm_fifo_instance.xpm_fifo_sync_inst/xpm_fifo_base_inst/gen_sdpram.xpm_memory_base_inst/gen_wr_a.gen_word_narrow.mem_reg_1) in SDP mode with NO_CHANGE write-mode. This is the preferred mode for best power characteristics. However, NO_CHANGE may exhibit address collisions if the same address appears on both read and write ports resulting in unknown or corrupted read data. It is suggested to confirm via simulation that an address collision never occurs and if so it is suggested to try and avoid this situation. If address collisions cannot be avoided, the write-mode may be set to READ_FIRST which guarantees that the read data is the prior contents of the memory at the cost of additional power in the design. See the FPGA Memory Resources User Guide for additional information.
Related violations: <none>

REQP-1935#1 Warning
RAMB36E2_nochange_collision_advisory  
Synchronous clocking is detected for BRAM (dma_axis_ip_example_i/axi_dma/U0/I_PRMRY_DATAMOVER/GEN_MM2S_FULL.I_MM2S_FULL_WRAPPER/GEN_INCLUDE_MM2S_SF.I_RD_SF/I_DATA_FIFO/BLK_MEM.I_SYNC_FIFOGEN_FIFO/xpm_fifo_instance.xpm_fifo_sync_inst/xpm_fifo_base_inst/gen_sdpram.xpm_memory_base_inst/gen_wr_a.gen_word_narrow.mem_reg_0) in SDP mode with NO_CHANGE write-mode. This is the preferred mode for best power characteristics. However, NO_CHANGE may exhibit address collisions if the same address appears on both read and write ports resulting in unknown or corrupted read data. It is suggested to confirm via simulation that an address collision never occurs and if so it is suggested to try and avoid this situation. If address collisions cannot be avoided, the write-mode may be set to READ_FIRST which guarantees that the read data is the prior contents of the memory at the cost of additional power in the design. See the FPGA Memory Resources User Guide for additional information.
Related violations: <none>

REQP-1935#2 Warning
RAMB36E2_nochange_collision_advisory  
Synchronous clocking is detected for BRAM (dma_axis_ip_example_i/axi_dma/U0/I_PRMRY_DATAMOVER/GEN_S2MM_FULL.I_S2MM_FULL_WRAPPER/GEN_ENABLE_INDET_BTT_SF.I_INDET_BTT/I_DATA_FIFO/BLK_MEM.I_SYNC_FIFOGEN_FIFO/xpm_fifo_instance.xpm_fifo_sync_inst/xpm_fifo_base_inst/gen_sdpram.xpm_memory_base_inst/gen_wr_a.gen_word_narrow.mem_reg) in SDP mode with NO_CHANGE write-mode. This is the preferred mode for best power characteristics. However, NO_CHANGE may exhibit address collisions if the same address appears on both read and write ports resulting in unknown or corrupted read data. It is suggested to confirm via simulation that an address collision never occurs and if so it is suggested to try and avoid this situation. If address collisions cannot be avoided, the write-mode may be set to READ_FIRST which guarantees that the read data is the prior contents of the memory at the cost of additional power in the design. See the FPGA Memory Resources User Guide for additional information.
Related violations: <none>

RTSTAT-10#1 Warning
No routable loads  
33 net(s) have no routable loads. The problem bus(es) and/or net(s) are dma_axis_ip_example_i/ps7_0_axi_periph/s00_couplers/auto_ds/inst/gen_downsizer.gen_simple_downsizer.axi_downsizer_inst/USE_READ.read_addr_inst/cmd_queue/inst/fifo_gen_inst/inst_fifo_gen/gconvfifo.rf/grf.rf/gntv_or_sync_fifo.gl0.rd/gr1.gr1_int.rfwft/aempty_fwft_i,
dma_axis_ip_example_i/ps7_0_axi_periph/s00_couplers/auto_ds/inst/gen_downsizer.gen_simple_downsizer.axi_downsizer_inst/USE_READ.read_addr_inst/cmd_queue/inst/fifo_gen_inst/inst_fifo_gen/gconvfifo.rf/grf.rf/gntv_or_sync_fifo.gl0.wr/gwss.wsts/ram_afull_fb,
dma_axis_ip_example_i/ps7_0_axi_periph/s00_couplers/auto_ds/inst/gen_downsizer.gen_simple_downsizer.axi_downsizer_inst/USE_READ.read_addr_inst/cmd_queue/inst/fifo_gen_inst/inst_fifo_gen/gconvfifo.rf/grf.rf/gntv_or_sync_fifo.gl0.wr/gwss.wsts/ram_afull_i,
dma_axis_ip_example_i/ps7_0_axi_periph/s00_couplers/auto_ds/inst/gen_downsizer.gen_simple_downsizer.axi_downsizer_inst/USE_READ.read_addr_inst/cmd_queue/inst/fifo_gen_inst/inst_fifo_gen/gconvfifo.rf/grf.rf/rstblk/ngwrdrst.grst.rd_rst_reg[2:0],
dma_axis_ip_example_i/ps7_0_axi_periph/s00_couplers/auto_ds/inst/gen_downsizer.gen_simple_downsizer.axi_downsizer_inst/USE_READ.read_addr_inst/cmd_queue/inst/fifo_gen_inst/inst_fifo_gen/gconvfifo.rf/grf.rf/rstblk/ngwrdrst.grst.wr_rst_reg[2:0],
dma_axis_ip_example_i/ps7_0_axi_periph/s00_couplers/auto_ds/inst/gen_downsizer.gen_simple_downsizer.axi_downsizer_inst/USE_WRITE.write_addr_inst/USE_B_CHANNEL.cmd_b_queue/inst/fifo_gen_inst/inst_fifo_gen/gconvfifo.rf/grf.rf/gntv_or_sync_fifo.gl0.rd/gr1.gr1_int.rfwft/aempty_fwft_i,
dma_axis_ip_example_i/ps7_0_axi_periph/s00_couplers/auto_ds/inst/gen_downsizer.gen_simple_downsizer.axi_downsizer_inst/USE_WRITE.write_addr_inst/USE_B_CHANNEL.cmd_b_queue/inst/fifo_gen_inst/inst_fifo_gen/gconvfifo.rf/grf.rf/gntv_or_sync_fifo.gl0.wr/gwss.wsts/ram_afull_fb,
dma_axis_ip_example_i/ps7_0_axi_periph/s00_couplers/auto_ds/inst/gen_downsizer.gen_simple_downsizer.axi_downsizer_inst/USE_WRITE.write_addr_inst/USE_B_CHANNEL.cmd_b_queue/inst/fifo_gen_inst/inst_fifo_gen/gconvfifo.rf/grf.rf/gntv_or_sync_fifo.gl0.wr/gwss.wsts/ram_afull_i,
dma_axis_ip_example_i/ps7_0_axi_periph/s00_couplers/auto_ds/inst/gen_downsizer.gen_simple_downsizer.axi_downsizer_inst/USE_WRITE.write_addr_inst/USE_B_CHANNEL.cmd_b_queue/inst/fifo_gen_inst/inst_fifo_gen/gconvfifo.rf/grf.rf/rstblk/ngwrdrst.grst.rd_rst_reg[2:0],
dma_axis_ip_example_i/ps7_0_axi_periph/s00_couplers/auto_ds/inst/gen_downsizer.gen_simple_downsizer.axi_downsizer_inst/USE_WRITE.write_addr_inst/USE_B_CHANNEL.cmd_b_queue/inst/fifo_gen_inst/inst_fifo_gen/gconvfifo.rf/grf.rf/rstblk/ngwrdrst.grst.wr_rst_reg[2:0],
dma_axis_ip_example_i/ps7_0_axi_periph/s00_couplers/auto_ds/inst/gen_downsizer.gen_simple_downsizer.axi_downsizer_inst/USE_WRITE.write_addr_inst/cmd_queue/inst/fifo_gen_inst/inst_fifo_gen/gconvfifo.rf/grf.rf/gntv_or_sync_fifo.gl0.rd/gr1.gr1_int.rfwft/aempty_fwft_i,
dma_axis_ip_example_i/ps7_0_axi_periph/s00_couplers/auto_ds/inst/gen_downsizer.gen_simple_downsizer.axi_downsizer_inst/USE_WRITE.write_addr_inst/cmd_queue/inst/fifo_gen_inst/inst_fifo_gen/gconvfifo.rf/grf.rf/gntv_or_sync_fifo.gl0.wr/gwss.wsts/ram_afull_fb,
dma_axis_ip_example_i/ps7_0_axi_periph/s00_couplers/auto_ds/inst/gen_downsizer.gen_simple_downsizer.axi_downsizer_inst/USE_WRITE.write_addr_inst/cmd_queue/inst/fifo_gen_inst/inst_fifo_gen/gconvfifo.rf/grf.rf/gntv_or_sync_fifo.gl0.wr/gwss.wsts/ram_afull_i,
dma_axis_ip_example_i/ps7_0_axi_periph/s00_couplers/auto_ds/inst/gen_downsizer.gen_simple_downsizer.axi_downsizer_inst/USE_WRITE.write_addr_inst/cmd_queue/inst/fifo_gen_inst/inst_fifo_gen/gconvfifo.rf/grf.rf/rstblk/ngwrdrst.grst.rd_rst_reg[2:0],
dma_axis_ip_example_i/ps7_0_axi_periph/s00_couplers/auto_ds/inst/gen_downsizer.gen_simple_downsizer.axi_downsizer_inst/USE_WRITE.write_addr_inst/cmd_queue/inst/fifo_gen_inst/inst_fifo_gen/gconvfifo.rf/grf.rf/rstblk/ngwrdrst.grst.wr_rst_reg[2:0]
 (the first 15 of 21 listed nets/buses).
Related violations: <none>

AVAL-155#1 Advisory
enum_AMULTSEL_BMULTSEL_enum_DREG_ADREG_0_connects_CED_CEAD_RSTD_GND  
dma_axis_ip_example_i/pedal_top_0/inst/fadd_32ns_32ns_32_3_full_dsp_1_U79/pedal_top_fadd_32ns_32ns_32_3_full_dsp_1_ip_u/inst/i_synth/ADDSUB_OP.ADDSUB/DSP.OP/DSP48E1_BODY.NORM_RND/FULL_USAGE_DSP.SHIFT_RND/i_no_versal_es1_workaround.DSP: DSP48E2 is not using the D port (AMULTSEL = A and BMULTSEL = B). For improved power characteristics, set DREG and ADREG to '1', tie CED, CEAD, and RSTD to logic '0'.
Related violations: <none>

AVAL-155#2 Advisory
enum_AMULTSEL_BMULTSEL_enum_DREG_ADREG_0_connects_CED_CEAD_RSTD_GND  
dma_axis_ip_example_i/pedal_top_0/inst/fmul_32ns_32ns_32_2_max_dsp_1_U81/pedal_top_fmul_32ns_32ns_32_2_max_dsp_1_ip_u/inst/i_synth/MULT.OP/i_non_prim.MULT/DSP48E1_SPD_SGL_VARIANT.FIX_MULT/DSP1/i_no_versal_es1_workaround.DSP: DSP48E2 is not using the D port (AMULTSEL = A and BMULTSEL = B). For improved power characteristics, set DREG and ADREG to '1', tie CED, CEAD, and RSTD to logic '0'.
Related violations: <none>

AVAL-155#3 Advisory
enum_AMULTSEL_BMULTSEL_enum_DREG_ADREG_0_connects_CED_CEAD_RSTD_GND  
dma_axis_ip_example_i/pedal_top_0/inst/fmul_32ns_32ns_32_2_max_dsp_1_U81/pedal_top_fmul_32ns_32ns_32_2_max_dsp_1_ip_u/inst/i_synth/MULT.OP/i_non_prim.MULT/DSP48E1_SPD_SGL_VARIANT.FIX_MULT/DSP2/i_no_versal_es1_workaround.DSP: DSP48E2 is not using the D port (AMULTSEL = A and BMULTSEL = B). For improved power characteristics, set DREG and ADREG to '1', tie CED, CEAD, and RSTD to logic '0'.
Related violations: <none>

AVAL-155#4 Advisory
enum_AMULTSEL_BMULTSEL_enum_DREG_ADREG_0_connects_CED_CEAD_RSTD_GND  
dma_axis_ip_example_i/pedal_top_0/inst/fmul_32ns_32ns_32_2_max_dsp_1_U81/pedal_top_fmul_32ns_32ns_32_2_max_dsp_1_ip_u/inst/i_synth/MULT.OP/i_non_prim.R_AND_R/LAT_OPT.FULL.R_AND_R/DSP48E1_SGL_EXP_IP.OLD_ADD.ADD/i_no_versal_es1_workaround.DSP: DSP48E2 is not using the D port (AMULTSEL = A and BMULTSEL = B). For improved power characteristics, set DREG and ADREG to '1', tie CED, CEAD, and RSTD to logic '0'.
Related violations: <none>

AVAL-155#5 Advisory
enum_AMULTSEL_BMULTSEL_enum_DREG_ADREG_0_connects_CED_CEAD_RSTD_GND  
dma_axis_ip_example_i/pedal_top_0/inst/fsub_32ns_32ns_32_3_full_dsp_1_U80/pedal_top_fsub_32ns_32ns_32_3_full_dsp_1_ip_u/inst/i_synth/ADDSUB_OP.ADDSUB/DSP.OP/DSP48E1_BODY.NORM_RND/FULL_USAGE_DSP.SHIFT_RND/i_no_versal_es1_workaround.DSP: DSP48E2 is not using the D port (AMULTSEL = A and BMULTSEL = B). For improved power characteristics, set DREG and ADREG to '1', tie CED, CEAD, and RSTD to logic '0'.
Related violations: <none>

AVAL-155#6 Advisory
enum_AMULTSEL_BMULTSEL_enum_DREG_ADREG_0_connects_CED_CEAD_RSTD_GND  
dma_axis_ip_example_i/pedal_top_0/inst/grp_generic_tanh_float_s_fu_607/dadd_64ns_64ns_64_4_full_dsp_0_U27/pedal_top_dadd_64ns_64ns_64_4_full_dsp_0_ip_u/inst/i_synth/ADDSUB_OP.ADDSUB/LOGIC_SPEED.OP/ALIGN_BLK/FRAC_ADDSUB/DSP_ADD.FRAC_ADDSUB/i_no_versal_es1_workaround.DSP48E1_ADD.DSP48E1_ADD/i_no_versal_es1_workaround.DSP: DSP48E2 is not using the D port (AMULTSEL = A and BMULTSEL = B). For improved power characteristics, set DREG and ADREG to '1', tie CED, CEAD, and RSTD to logic '0'.
Related violations: <none>

AVAL-155#7 Advisory
enum_AMULTSEL_BMULTSEL_enum_DREG_ADREG_0_connects_CED_CEAD_RSTD_GND  
dma_axis_ip_example_i/pedal_top_0/inst/grp_generic_tanh_float_s_fu_607/dadd_64ns_64ns_64_4_full_dsp_0_U27/pedal_top_dadd_64ns_64ns_64_4_full_dsp_0_ip_u/inst/i_synth/ADDSUB_OP.ADDSUB/LOGIC_SPEED.OP/ALIGN_BLK/FRAC_ADDSUB/DSP_ADD.FRAC_ADDSUB/i_no_versal_es1_workaround.DSP48E1_GEN.DSP48E1_DEL/i_no_versal_es1_workaround.DSP: DSP48E2 is not using the D port (AMULTSEL = A and BMULTSEL = B). For improved power characteristics, set DREG and ADREG to '1', tie CED, CEAD, and RSTD to logic '0'.
Related violations: <none>

AVAL-155#8 Advisory
enum_AMULTSEL_BMULTSEL_enum_DREG_ADREG_0_connects_CED_CEAD_RSTD_GND  
dma_axis_ip_example_i/pedal_top_0/inst/grp_generic_tanh_float_s_fu_607/dadd_64ns_64ns_64_4_full_dsp_0_U27/pedal_top_dadd_64ns_64ns_64_4_full_dsp_0_ip_u/inst/i_synth/ADDSUB_OP.ADDSUB/LOGIC_SPEED.OP/NORM/ROUND/DSP48_E1.DSP48E1_ADD.DSP48E1_ADD/i_no_versal_es1_workaround.DSP: DSP48E2 is not using the D port (AMULTSEL = A and BMULTSEL = B). For improved power characteristics, set DREG and ADREG to '1', tie CED, CEAD, and RSTD to logic '0'.
Related violations: <none>

AVAL-155#9 Advisory
enum_AMULTSEL_BMULTSEL_enum_DREG_ADREG_0_connects_CED_CEAD_RSTD_GND  
dma_axis_ip_example_i/pedal_top_0/inst/grp_generic_tanh_float_s_fu_607/fadd_32ns_32ns_32_3_full_dsp_0_U17/pedal_top_fadd_32ns_32ns_32_3_full_dsp_0_ip_u/inst/i_synth/ADDSUB_OP.ADDSUB/DSP.OP/DSP48E1_BODY.NORM_RND/FULL_USAGE_DSP.SHIFT_RND/i_no_versal_es1_workaround.DSP: DSP48E2 is not using the D port (AMULTSEL = A and BMULTSEL = B). For improved power characteristics, set DREG and ADREG to '1', tie CED, CEAD, and RSTD to logic '0'.
Related violations: <none>

AVAL-155#10 Advisory
enum_AMULTSEL_BMULTSEL_enum_DREG_ADREG_0_connects_CED_CEAD_RSTD_GND  
dma_axis_ip_example_i/pedal_top_0/inst/grp_generic_tanh_float_s_fu_607/fadd_32ns_32ns_32_3_full_dsp_0_U19/pedal_top_fadd_32ns_32ns_32_3_full_dsp_0_ip_u/inst/i_synth/ADDSUB_OP.ADDSUB/DSP.OP/DSP48E1_BODY.NORM_RND/FULL_USAGE_DSP.SHIFT_RND/i_no_versal_es1_workaround.DSP: DSP48E2 is not using the D port (AMULTSEL = A and BMULTSEL = B). For improved power characteristics, set DREG and ADREG to '1', tie CED, CEAD, and RSTD to logic '0'.
Related violations: <none>

AVAL-155#11 Advisory
enum_AMULTSEL_BMULTSEL_enum_DREG_ADREG_0_connects_CED_CEAD_RSTD_GND  
dma_axis_ip_example_i/pedal_top_0/inst/grp_generic_tanh_float_s_fu_607/fadd_32ns_32ns_32_3_full_dsp_0_U20/pedal_top_fadd_32ns_32ns_32_3_full_dsp_0_ip_u/inst/i_synth/ADDSUB_OP.ADDSUB/DSP.OP/DSP48E1_BODY.NORM_RND/FULL_USAGE_DSP.SHIFT_RND/i_no_versal_es1_workaround.DSP: DSP48E2 is not using the D port (AMULTSEL = A and BMULTSEL = B). For improved power characteristics, set DREG and ADREG to '1', tie CED, CEAD, and RSTD to logic '0'.
Related violations: <none>

AVAL-155#12 Advisory
enum_AMULTSEL_BMULTSEL_enum_DREG_ADREG_0_connects_CED_CEAD_RSTD_GND  
dma_axis_ip_example_i/pedal_top_0/inst/grp_generic_tanh_float_s_fu_607/fmul_32ns_32ns_32_2_max_dsp_0_U22/pedal_top_fmul_32ns_32ns_32_2_max_dsp_0_ip_u/inst/i_synth/MULT.OP/i_non_prim.MULT/DSP48E1_SPD_SGL_VARIANT.FIX_MULT/DSP1/i_no_versal_es1_workaround.DSP: DSP48E2 is not using the D port (AMULTSEL = A and BMULTSEL = B). For improved power characteristics, set DREG and ADREG to '1', tie CED, CEAD, and RSTD to logic '0'.
Related violations: <none>

AVAL-155#13 Advisory
enum_AMULTSEL_BMULTSEL_enum_DREG_ADREG_0_connects_CED_CEAD_RSTD_GND  
dma_axis_ip_example_i/pedal_top_0/inst/grp_generic_tanh_float_s_fu_607/fmul_32ns_32ns_32_2_max_dsp_0_U22/pedal_top_fmul_32ns_32ns_32_2_max_dsp_0_ip_u/inst/i_synth/MULT.OP/i_non_prim.MULT/DSP48E1_SPD_SGL_VARIANT.FIX_MULT/DSP2/i_no_versal_es1_workaround.DSP: DSP48E2 is not using the D port (AMULTSEL = A and BMULTSEL = B). For improved power characteristics, set DREG and ADREG to '1', tie CED, CEAD, and RSTD to logic '0'.
Related violations: <none>

AVAL-155#14 Advisory
enum_AMULTSEL_BMULTSEL_enum_DREG_ADREG_0_connects_CED_CEAD_RSTD_GND  
dma_axis_ip_example_i/pedal_top_0/inst/grp_generic_tanh_float_s_fu_607/fmul_32ns_32ns_32_2_max_dsp_0_U22/pedal_top_fmul_32ns_32ns_32_2_max_dsp_0_ip_u/inst/i_synth/MULT.OP/i_non_prim.R_AND_R/LAT_OPT.FULL.R_AND_R/DSP48E1_SGL_EXP_IP.OLD_ADD.ADD/i_no_versal_es1_workaround.DSP: DSP48E2 is not using the D port (AMULTSEL = A and BMULTSEL = B). For improved power characteristics, set DREG and ADREG to '1', tie CED, CEAD, and RSTD to logic '0'.
Related violations: <none>

AVAL-155#15 Advisory
enum_AMULTSEL_BMULTSEL_enum_DREG_ADREG_0_connects_CED_CEAD_RSTD_GND  
dma_axis_ip_example_i/pedal_top_0/inst/grp_generic_tanh_float_s_fu_607/fsub_32ns_32ns_32_3_full_dsp_0_U18/pedal_top_fsub_32ns_32ns_32_3_full_dsp_0_ip_u/inst/i_synth/ADDSUB_OP.ADDSUB/DSP.OP/DSP48E1_BODY.NORM_RND/FULL_USAGE_DSP.SHIFT_RND/i_no_versal_es1_workaround.DSP: DSP48E2 is not using the D port (AMULTSEL = A and BMULTSEL = B). For improved power characteristics, set DREG and ADREG to '1', tie CED, CEAD, and RSTD to logic '0'.
Related violations: <none>

AVAL-155#16 Advisory
enum_AMULTSEL_BMULTSEL_enum_DREG_ADREG_0_connects_CED_CEAD_RSTD_GND  
dma_axis_ip_example_i/pedal_top_0/inst/grp_generic_tanh_float_s_fu_607/fsub_32ns_32ns_32_3_full_dsp_0_U21/pedal_top_fsub_32ns_32ns_32_3_full_dsp_0_ip_u/inst/i_synth/ADDSUB_OP.ADDSUB/DSP.OP/DSP48E1_BODY.NORM_RND/FULL_USAGE_DSP.SHIFT_RND/i_no_versal_es1_workaround.DSP: DSP48E2 is not using the D port (AMULTSEL = A and BMULTSEL = B). For improved power characteristics, set DREG and ADREG to '1', tie CED, CEAD, and RSTD to logic '0'.
Related violations: <none>

AVAL-156#1 Advisory
enum_USE_MULT_NONE__enum_DREG_ADREG_0_connects_CED_CEAD_RSTD_GND  
dma_axis_ip_example_i/pedal_top_0/inst/fmul_32ns_32ns_32_2_max_dsp_1_U81/pedal_top_fmul_32ns_32ns_32_2_max_dsp_1_ip_u/inst/i_synth/MULT.OP/i_non_prim.R_AND_R/LAT_OPT.FULL.R_AND_R/DSP48E1_SGL_EXP_IP.OLD_ADD.ADD/i_no_versal_es1_workaround.DSP: DSP48E2 is not using the Multiplier (USE_MULT = NONE). For improved power characteristics, set DREG and ADREG to '1', tie CED, CEAD, and RSTD to logic '0'.
Related violations: <none>

AVAL-156#2 Advisory
enum_USE_MULT_NONE__enum_DREG_ADREG_0_connects_CED_CEAD_RSTD_GND  
dma_axis_ip_example_i/pedal_top_0/inst/grp_generic_tanh_float_s_fu_607/dadd_64ns_64ns_64_4_full_dsp_0_U27/pedal_top_dadd_64ns_64ns_64_4_full_dsp_0_ip_u/inst/i_synth/ADDSUB_OP.ADDSUB/LOGIC_SPEED.OP/ALIGN_BLK/FRAC_ADDSUB/DSP_ADD.FRAC_ADDSUB/i_no_versal_es1_workaround.DSP48E1_ADD.DSP48E1_ADD/i_no_versal_es1_workaround.DSP: DSP48E2 is not using the Multiplier (USE_MULT = NONE). For improved power characteristics, set DREG and ADREG to '1', tie CED, CEAD, and RSTD to logic '0'.
Related violations: <none>

AVAL-156#3 Advisory
enum_USE_MULT_NONE__enum_DREG_ADREG_0_connects_CED_CEAD_RSTD_GND  
dma_axis_ip_example_i/pedal_top_0/inst/grp_generic_tanh_float_s_fu_607/dadd_64ns_64ns_64_4_full_dsp_0_U27/pedal_top_dadd_64ns_64ns_64_4_full_dsp_0_ip_u/inst/i_synth/ADDSUB_OP.ADDSUB/LOGIC_SPEED.OP/ALIGN_BLK/FRAC_ADDSUB/DSP_ADD.FRAC_ADDSUB/i_no_versal_es1_workaround.DSP48E1_GEN.DSP48E1_DEL/i_no_versal_es1_workaround.DSP: DSP48E2 is not using the Multiplier (USE_MULT = NONE). For improved power characteristics, set DREG and ADREG to '1', tie CED, CEAD, and RSTD to logic '0'.
Related violations: <none>

AVAL-156#4 Advisory
enum_USE_MULT_NONE__enum_DREG_ADREG_0_connects_CED_CEAD_RSTD_GND  
dma_axis_ip_example_i/pedal_top_0/inst/grp_generic_tanh_float_s_fu_607/dadd_64ns_64ns_64_4_full_dsp_0_U27/pedal_top_dadd_64ns_64ns_64_4_full_dsp_0_ip_u/inst/i_synth/ADDSUB_OP.ADDSUB/LOGIC_SPEED.OP/NORM/ROUND/DSP48_E1.DSP48E1_ADD.DSP48E1_ADD/i_no_versal_es1_workaround.DSP: DSP48E2 is not using the Multiplier (USE_MULT = NONE). For improved power characteristics, set DREG and ADREG to '1', tie CED, CEAD, and RSTD to logic '0'.
Related violations: <none>

AVAL-156#5 Advisory
enum_USE_MULT_NONE__enum_DREG_ADREG_0_connects_CED_CEAD_RSTD_GND  
dma_axis_ip_example_i/pedal_top_0/inst/grp_generic_tanh_float_s_fu_607/fmul_32ns_32ns_32_2_max_dsp_0_U22/pedal_top_fmul_32ns_32ns_32_2_max_dsp_0_ip_u/inst/i_synth/MULT.OP/i_non_prim.R_AND_R/LAT_OPT.FULL.R_AND_R/DSP48E1_SGL_EXP_IP.OLD_ADD.ADD/i_no_versal_es1_workaround.DSP: DSP48E2 is not using the Multiplier (USE_MULT = NONE). For improved power characteristics, set DREG and ADREG to '1', tie CED, CEAD, and RSTD to logic '0'.
Related violations: <none>


