Copyright 1986-2022 Xilinx, Inc. All Rights Reserved. Copyright 2022-2024 Advanced Micro Devices, Inc. All Rights Reserved.
-----------------------------------------------------------------------------------------------------------------------------------------------------------------------------------------------------------------------------------------------------------------------------------
| Tool Version      : Vivado v.2024.1 (win64) Build 5076996 Wed May 22 18:37:14 MDT 2024
| Date              : Fri Mar 27 15:05:52 2026
| Host              : Theodore running 64-bit major release  (build 9200)
| Command           : report_timing_summary -max_paths 10 -report_unconstrained -file dma_axis_ip_example_wrapper_timing_summary_routed.rpt -pb dma_axis_ip_example_wrapper_timing_summary_routed.pb -rpx dma_axis_ip_example_wrapper_timing_summary_routed.rpx -warn_on_violation
| Design            : dma_axis_ip_example_wrapper
| Device            : xczu3eg-sfvc784
| Speed File        : -2  PRODUCTION 1.30 05-15-2022
| Design State      : Routed
| Temperature Grade : E
-----------------------------------------------------------------------------------------------------------------------------------------------------------------------------------------------------------------------------------------------------------------------------------

Timing Summary Report

------------------------------------------------------------------------------------------------
| Timer Settings
| --------------
------------------------------------------------------------------------------------------------

  Enable Multi Corner Analysis               :  Yes
  Enable Pessimism Removal                   :  Yes
  Pessimism Removal Resolution               :  Nearest Common Node
  Enable Input Delay Default Clock           :  No
  Enable Preset / Clear Arcs                 :  No
  Disable Flight Delays                      :  No
  Ignore I/O Paths                           :  No
  Timing Early Launch at Borrowing Latches   :  No
  Borrow Time for Max Delay Exceptions       :  Yes
  Merge Timing Exceptions                    :  Yes
  Inter-SLR Compensation                     :  Conservative

  Corner  Analyze    Analyze    
  Name    Max Paths  Min Paths  
  ------  ---------  ---------  
  Slow    Yes        Yes        
  Fast    Yes        Yes        


------------------------------------------------------------------------------------------------
| Report Methodology
| ------------------
------------------------------------------------------------------------------------------------

Rule       Severity          Description                                         Violations  
---------  ----------------  --------------------------------------------------  ----------  
TIMING-4   Critical Warning  Invalid primary clock redefinition on a clock tree  1           
TIMING-27  Critical Warning  Invalid primary clock on hierarchical pin           1           
LUTAR-1    Warning           LUT drives async reset alert                        3           
TIMING-18  Warning           Missing input or output delay                       1           
CLKC-56    Advisory          MMCME4 with global clock driver has no LOC          1           

Note: This report is based on the most recent report_methodology run and may not be up-to-date. Run report_methodology on the current design for the latest report.



check_timing report

Table of Contents
-----------------
1. checking no_clock (0)
2. checking constant_clock (0)
3. checking pulse_width_clock (0)
4. checking unconstrained_internal_endpoints (0)
5. checking no_input_delay (0)
6. checking no_output_delay (5)
7. checking multiple_clock (0)
8. checking generated_clocks (0)
9. checking loops (0)
10. checking partial_input_delay (0)
11. checking partial_output_delay (0)
12. checking latch_loops (0)

1. checking no_clock (0)
------------------------
 There are 0 register/latch pins with no clock.


2. checking constant_clock (0)
------------------------------
 There are 0 register/latch pins with constant_clock.


3. checking pulse_width_clock (0)
---------------------------------
 There are 0 register/latch pins which need pulse_width check


4. checking unconstrained_internal_endpoints (0)
------------------------------------------------
 There are 0 pins that are not constrained for maximum delay.

 There are 0 pins that are not constrained for maximum delay due to constant clock.


5. checking no_input_delay (0)
------------------------------
 There are 0 input ports with no input delay specified.

 There are 0 input ports with no input delay but user has a false path constraint.


6. checking no_output_delay (5)
-------------------------------
 There are 4 ports with no output delay specified. (HIGH)

 There are 0 ports with no output delay but user has a false path constraint

 There is 1 port with no output delay but with a timing clock defined on it or propagating through it (LOW)


7. checking multiple_clock (0)
------------------------------
 There are 0 register/latch pins with multiple clocks.


8. checking generated_clocks (0)
--------------------------------
 There are 0 generated clocks that are not connected to a clock source.


9. checking loops (0)
---------------------
 There are 0 combinational loops in the design.


10. checking partial_input_delay (0)
------------------------------------
 There are 0 input ports with partial input delay specified.


11. checking partial_output_delay (0)
-------------------------------------
 There are 0 ports with partial output delay specified.


12. checking latch_loops (0)
----------------------------
 There are 0 combinational latch loops in the design through latch input



------------------------------------------------------------------------------------------------
| Design Timing Summary
| ---------------------
------------------------------------------------------------------------------------------------

    WNS(ns)      TNS(ns)  TNS Failing Endpoints  TNS Total Endpoints      WHS(ns)      THS(ns)  THS Failing Endpoints  THS Total Endpoints     WPWS(ns)     TPWS(ns)  TPWS Failing Endpoints  TPWS Total Endpoints  
    -------      -------  ---------------------  -------------------      -------      -------  ---------------------  -------------------     --------     --------  ----------------------  --------------------  
      6.875        0.000                      0                15475        0.010        0.000                      0                15453        2.000        0.000                       0                  6289  


All user specified timing constraints are met.


------------------------------------------------------------------------------------------------
| Clock Summary
| -------------
------------------------------------------------------------------------------------------------

Clock                                         Waveform(ns)       Period(ns)      Frequency(MHz)
-----                                         ------------       ----------      --------------
clk_pl_0                                      {0.000 5.000}      10.000          100.000         
dma_axis_ip_example_i/clk_wiz_0/inst/clk_in1  {0.000 5.000}      10.000          100.000         
  clk_out1_dma_axis_ip_example_clk_wiz_0_0    {0.000 44.289}     88.577          11.290          


------------------------------------------------------------------------------------------------
| Intra Clock Table
| -----------------
------------------------------------------------------------------------------------------------

Clock                                             WNS(ns)      TNS(ns)  TNS Failing Endpoints  TNS Total Endpoints      WHS(ns)      THS(ns)  THS Failing Endpoints  THS Total Endpoints     WPWS(ns)     TPWS(ns)  TPWS Failing Endpoints  TPWS Total Endpoints  
-----                                             -------      -------  ---------------------  -------------------      -------      -------  ---------------------  -------------------     --------     --------  ----------------------  --------------------  
clk_pl_0                                            6.875        0.000                      0                14815        0.010        0.000                      0                14815        3.500        0.000                       0                  5974  
dma_axis_ip_example_i/clk_wiz_0/inst/clk_in1                                                                                                                                                    2.000        0.000                       0                     1  
  clk_out1_dma_axis_ip_example_clk_wiz_0_0         86.330        0.000                      0                  542        0.023        0.000                      0                  542       43.747        0.000                       0                   314  


------------------------------------------------------------------------------------------------
| Inter Clock Table
| -----------------
------------------------------------------------------------------------------------------------

From Clock                                To Clock                                      WNS(ns)      TNS(ns)  TNS Failing Endpoints  TNS Total Endpoints      WHS(ns)      THS(ns)  THS Failing Endpoints  THS Total Endpoints  
----------                                --------                                      -------      -------  ---------------------  -------------------      -------      -------  ---------------------  -------------------  
clk_out1_dma_axis_ip_example_clk_wiz_0_0  clk_pl_0                                       88.189        0.000                      0                    7                                                                        
clk_pl_0                                  clk_out1_dma_axis_ip_example_clk_wiz_0_0        9.483        0.000                      0                   15                                                                        


------------------------------------------------------------------------------------------------
| Other Path Groups Table
| -----------------------
------------------------------------------------------------------------------------------------

Path Group         From Clock         To Clock               WNS(ns)      TNS(ns)  TNS Failing Endpoints  TNS Total Endpoints      WHS(ns)      THS(ns)  THS Failing Endpoints  THS Total Endpoints  
----------         ----------         --------               -------      -------  ---------------------  -------------------      -------      -------  ---------------------  -------------------  
**async_default**  clk_pl_0           clk_pl_0                 8.723        0.000                      0                   96        0.210        0.000                      0                   96  


------------------------------------------------------------------------------------------------
| User Ignored Path Table
| -----------------------
------------------------------------------------------------------------------------------------

Path Group                                From Clock                                To Clock                                
----------                                ----------                                --------                                
(none)                                    clk_pl_0                                  clk_out1_dma_axis_ip_example_clk_wiz_0_0  
(none)                                                                              clk_pl_0                                  
(none)                                    clk_out1_dma_axis_ip_example_clk_wiz_0_0  clk_pl_0                                  
(none)                                    clk_pl_0                                  clk_pl_0                                  


------------------------------------------------------------------------------------------------
| Unconstrained Path Table
| ------------------------
------------------------------------------------------------------------------------------------

Path Group                                From Clock                                To Clock                                
----------                                ----------                                --------                                
(none)                                    clk_out1_dma_axis_ip_example_clk_wiz_0_0                                            
(none)                                    clk_pl_0                                                                            
(none)                                                                              clk_out1_dma_axis_ip_example_clk_wiz_0_0  


------------------------------------------------------------------------------------------------
| Timing Details
| --------------
------------------------------------------------------------------------------------------------


---------------------------------------------------------------------------------------------------
From Clock:  clk_pl_0
  To Clock:  clk_pl_0

Setup :            0  Failing Endpoints,  Worst Slack        6.875ns,  Total Violation        0.000ns
Hold  :            0  Failing Endpoints,  Worst Slack        0.010ns,  Total Violation        0.000ns
PW    :            0  Failing Endpoints,  Worst Slack        3.500ns,  Total Violation        0.000ns
---------------------------------------------------------------------------------------------------


Max Delay Paths
--------------------------------------------------------------------------------------
Slack (MET) :             6.875ns  (required time - arrival time)
  Source:                 dma_axis_ip_example_i/ps7_0_axi_periph/s00_couplers/auto_ds/inst/gen_downsizer.gen_simple_downsizer.axi_downsizer_inst/USE_READ.read_data_inst/first_word_reg/C
                            (rising edge-triggered cell FDSE clocked by clk_pl_0  {rise@0.000ns fall@5.000ns period=10.000ns})
  Destination:            dma_axis_ip_example_i/zynq_ultra_ps_e_0/inst/PS8_i/MAXIGP0RVALID
                            (rising edge-triggered cell PS8 clocked by clk_pl_0  {rise@0.000ns fall@5.000ns period=10.000ns})
  Path Group:             clk_pl_0
  Path Type:              Setup (Max at Slow Process Corner)
  Requirement:            10.000ns  (clk_pl_0 rise@10.000ns - clk_pl_0 rise@0.000ns)
  Data Path Delay:        1.961ns  (logic 0.549ns (27.989%)  route 1.412ns (72.011%))
  Logic Levels:           5  (LUT2=1 LUT4=1 LUT6=3)
  Clock Path Skew:        -0.131ns (DCD - SCD + CPR)
    Destination Clock Delay (DCD):    1.742ns = ( 11.742 - 10.000 ) 
    Source Clock Delay      (SCD):    2.036ns
    Clock Pessimism Removal (CPR):    0.163ns
  Clock Uncertainty:      0.130ns  ((TSJ^2 + DJ^2)^1/2) / 2 + PE
    Total System Jitter     (TSJ):    0.071ns
    Discrete Jitter          (DJ):    0.250ns
    Phase Error              (PE):    0.000ns
  Clock Net Delay (Source):      1.837ns (routing 0.753ns, distribution 1.084ns)
  Clock Net Delay (Destination): 1.582ns (routing 0.683ns, distribution 0.899ns)

    Location             Delay type                Incr(ns)  Path(ns)    Netlist Resource(s)
  -------------------------------------------------------------------    -------------------
                         (clock clk_pl_0 rise edge)
                                                      0.000     0.000 r  
    PS8_X0Y0             PS8                          0.000     0.000 r  dma_axis_ip_example_i/zynq_ultra_ps_e_0/inst/PS8_i/PLCLK[0]
                         net (fo=1, routed)           0.171     0.171    dma_axis_ip_example_i/zynq_ultra_ps_e_0/inst/pl_clk_unbuffered[0]
    BUFG_PS_X0Y67        BUFG_PS (Prop_BUFG_PS_I_O)
                                                      0.028     0.199 r  dma_axis_ip_example_i/zynq_ultra_ps_e_0/inst/buffer_pl_clk_0.PL_CLK_0_BUFG/O
    X0Y1 (CLOCK_ROOT)    net (fo=5975, routed)        1.837     2.036    dma_axis_ip_example_i/ps7_0_axi_periph/s00_couplers/auto_ds/inst/gen_downsizer.gen_simple_downsizer.axi_downsizer_inst/USE_READ.read_data_inst/CLK
    SLICE_X6Y44          FDSE                                         r  dma_axis_ip_example_i/ps7_0_axi_periph/s00_couplers/auto_ds/inst/gen_downsizer.gen_simple_downsizer.axi_downsizer_inst/USE_READ.read_data_inst/first_word_reg/C
  -------------------------------------------------------------------    -------------------
    SLICE_X6Y44          FDSE (Prop_HFF2_SLICEL_C_Q)
                                                      0.080     2.116 r  dma_axis_ip_example_i/ps7_0_axi_periph/s00_couplers/auto_ds/inst/gen_downsizer.gen_simple_downsizer.axi_downsizer_inst/USE_READ.read_data_inst/first_word_reg/Q
                         net (fo=19, routed)          0.231     2.347    dma_axis_ip_example_i/ps7_0_axi_periph/s00_couplers/auto_ds/inst/gen_downsizer.gen_simple_downsizer.axi_downsizer_inst/USE_READ.read_data_inst/first_mi_word
    SLICE_X4Y46          LUT4 (Prop_F6LUT_SLICEM_I1_O)
                                                      0.123     2.470 r  dma_axis_ip_example_i/ps7_0_axi_periph/s00_couplers/auto_ds/inst/gen_downsizer.gen_simple_downsizer.axi_downsizer_inst/USE_READ.read_data_inst/s_axi_rdata[63]_INST_0_i_4/O
                         net (fo=5, routed)           0.156     2.627    dma_axis_ip_example_i/ps7_0_axi_periph/s00_couplers/auto_ds/inst/gen_downsizer.gen_simple_downsizer.axi_downsizer_inst/USE_READ.read_data_inst/current_word_1_reg[0]_0
    SLICE_X6Y46          LUT6 (Prop_G6LUT_SLICEL_I0_O)
                                                      0.035     2.662 r  dma_axis_ip_example_i/ps7_0_axi_periph/s00_couplers/auto_ds/inst/gen_downsizer.gen_simple_downsizer.axi_downsizer_inst/USE_READ.read_data_inst/current_word_1[2]_i_2/O
                         net (fo=1, routed)           0.092     2.754    dma_axis_ip_example_i/ps7_0_axi_periph/s00_couplers/auto_ds/inst/gen_downsizer.gen_simple_downsizer.axi_downsizer_inst/USE_READ.read_addr_inst/cmd_queue/inst/current_word_1_reg[2]
    SLICE_X7Y46          LUT2 (Prop_E6LUT_SLICEL_I1_O)
                                                      0.099     2.853 f  dma_axis_ip_example_i/ps7_0_axi_periph/s00_couplers/auto_ds/inst/gen_downsizer.gen_simple_downsizer.axi_downsizer_inst/USE_READ.read_addr_inst/cmd_queue/inst/current_word_1[2]_i_1/O
                         net (fo=2, routed)           0.139     2.992    dma_axis_ip_example_i/ps7_0_axi_periph/s00_couplers/auto_ds/inst/gen_downsizer.gen_simple_downsizer.axi_downsizer_inst/USE_READ.read_addr_inst/cmd_queue/inst/goreg_dm.dout_i_reg[16][2]
    SLICE_X6Y46          LUT6 (Prop_D6LUT_SLICEL_I0_O)
                                                      0.089     3.081 f  dma_axis_ip_example_i/ps7_0_axi_periph/s00_couplers/auto_ds/inst/gen_downsizer.gen_simple_downsizer.axi_downsizer_inst/USE_READ.read_addr_inst/cmd_queue/inst/s_axi_rvalid_INST_0_i_2/O
                         net (fo=2, routed)           0.201     3.282    dma_axis_ip_example_i/ps7_0_axi_periph/s00_couplers/auto_ds/inst/gen_downsizer.gen_simple_downsizer.axi_downsizer_inst/USE_READ.read_addr_inst/cmd_queue/inst/s_axi_rvalid_INST_0_i_2_n_0
    SLICE_X4Y45          LUT6 (Prop_G6LUT_SLICEM_I3_O)
                                                      0.123     3.405 r  dma_axis_ip_example_i/ps7_0_axi_periph/s00_couplers/auto_ds/inst/gen_downsizer.gen_simple_downsizer.axi_downsizer_inst/USE_READ.read_addr_inst/cmd_queue/inst/s_axi_rvalid_INST_0/O
                         net (fo=2, routed)           0.592     3.997    dma_axis_ip_example_i/zynq_ultra_ps_e_0/inst/maxigp0_rvalid
    PS8_X0Y0             PS8                                          r  dma_axis_ip_example_i/zynq_ultra_ps_e_0/inst/PS8_i/MAXIGP0RVALID
  -------------------------------------------------------------------    -------------------

                         (clock clk_pl_0 rise edge)
                                                     10.000    10.000 r  
    PS8_X0Y0             PS8                          0.000    10.000 r  dma_axis_ip_example_i/zynq_ultra_ps_e_0/inst/PS8_i/PLCLK[0]
                         net (fo=1, routed)           0.135    10.135    dma_axis_ip_example_i/zynq_ultra_ps_e_0/inst/pl_clk_unbuffered[0]
    BUFG_PS_X0Y67        BUFG_PS (Prop_BUFG_PS_I_O)
                                                      0.025    10.160 r  dma_axis_ip_example_i/zynq_ultra_ps_e_0/inst/buffer_pl_clk_0.PL_CLK_0_BUFG/O
    X0Y1 (CLOCK_ROOT)    net (fo=5975, routed)        1.582    11.742    dma_axis_ip_example_i/zynq_ultra_ps_e_0/inst/maxihpm0_fpd_aclk
    PS8_X0Y0             PS8                                          r  dma_axis_ip_example_i/zynq_ultra_ps_e_0/inst/PS8_i/MAXIGP0ACLK
                         clock pessimism              0.163    11.905    
                         clock uncertainty           -0.130    11.775    
    PS8_X0Y0             PS8 (Setup_PS8_MAXIGP0ACLK_MAXIGP0RVALID)
                                                     -0.903    10.872    dma_axis_ip_example_i/zynq_ultra_ps_e_0/inst/PS8_i
  -------------------------------------------------------------------
                         required time                         10.872    
                         arrival time                          -3.997    
  -------------------------------------------------------------------
                         slack                                  6.875    

Slack (MET) :             6.943ns  (required time - arrival time)
  Source:                 dma_axis_ip_example_i/zynq_ultra_ps_e_0/inst/PS8_i/MAXIGP0ACLK
                            (rising edge-triggered cell PS8 clocked by clk_pl_0  {rise@0.000ns fall@5.000ns period=10.000ns})
  Destination:            dma_axis_ip_example_i/ps7_0_axi_periph/s00_couplers/auto_ds/inst/gen_downsizer.gen_simple_downsizer.axi_downsizer_inst/USE_WRITE.write_addr_inst/wrap_need_to_split_q_reg/D
                            (rising edge-triggered cell FDRE clocked by clk_pl_0  {rise@0.000ns fall@5.000ns period=10.000ns})
  Path Group:             clk_pl_0
  Path Type:              Setup (Max at Slow Process Corner)
  Requirement:            10.000ns  (clk_pl_0 rise@10.000ns - clk_pl_0 rise@0.000ns)
  Data Path Delay:        2.904ns  (logic 0.879ns (30.268%)  route 2.025ns (69.732%))
  Logic Levels:           4  (LUT3=1 LUT5=1 LUT6=2)
  Clock Path Skew:        -0.048ns (DCD - SCD + CPR)
    Destination Clock Delay (DCD):    1.765ns = ( 11.765 - 10.000 ) 
    Source Clock Delay      (SCD):    1.976ns
    Clock Pessimism Removal (CPR):    0.163ns
  Clock Uncertainty:      0.130ns  ((TSJ^2 + DJ^2)^1/2) / 2 + PE
    Total System Jitter     (TSJ):    0.071ns
    Discrete Jitter          (DJ):    0.250ns
    Phase Error              (PE):    0.000ns
  Clock Net Delay (Source):      1.777ns (routing 0.753ns, distribution 1.024ns)
  Clock Net Delay (Destination): 1.605ns (routing 0.683ns, distribution 0.922ns)

    Location             Delay type                Incr(ns)  Path(ns)    Netlist Resource(s)
  -------------------------------------------------------------------    -------------------
                         (clock clk_pl_0 rise edge)
                                                      0.000     0.000 r  
    PS8_X0Y0             PS8                          0.000     0.000 r  dma_axis_ip_example_i/zynq_ultra_ps_e_0/inst/PS8_i/PLCLK[0]
                         net (fo=1, routed)           0.171     0.171    dma_axis_ip_example_i/zynq_ultra_ps_e_0/inst/pl_clk_unbuffered[0]
    BUFG_PS_X0Y67        BUFG_PS (Prop_BUFG_PS_I_O)
                                                      0.028     0.199 r  dma_axis_ip_example_i/zynq_ultra_ps_e_0/inst/buffer_pl_clk_0.PL_CLK_0_BUFG/O
    X0Y1 (CLOCK_ROOT)    net (fo=5975, routed)        1.777     1.976    dma_axis_ip_example_i/zynq_ultra_ps_e_0/inst/maxihpm0_fpd_aclk
    PS8_X0Y0             PS8                                          r  dma_axis_ip_example_i/zynq_ultra_ps_e_0/inst/PS8_i/MAXIGP0ACLK
  -------------------------------------------------------------------    -------------------
    PS8_X0Y0             PS8 (Prop_PS8_MAXIGP0ACLK_MAXIGP0AWLEN[0])
                                                      0.597     2.573 r  dma_axis_ip_example_i/zynq_ultra_ps_e_0/inst/PS8_i/MAXIGP0AWLEN[0]
                         net (fo=14, routed)          1.038     3.611    dma_axis_ip_example_i/ps7_0_axi_periph/s00_couplers/auto_ds/inst/gen_downsizer.gen_simple_downsizer.axi_downsizer_inst/USE_WRITE.write_addr_inst/s_axi_awlen[0]
    SLICE_X2Y32          LUT6 (Prop_F6LUT_SLICEL_I0_O)
                                                      0.035     3.646 r  dma_axis_ip_example_i/ps7_0_axi_periph/s00_couplers/auto_ds/inst/gen_downsizer.gen_simple_downsizer.axi_downsizer_inst/USE_WRITE.write_addr_inst/masked_addr_q[3]_i_2/O
                         net (fo=4, routed)           0.188     3.834    dma_axis_ip_example_i/ps7_0_axi_periph/s00_couplers/auto_ds/inst/gen_downsizer.gen_simple_downsizer.axi_downsizer_inst/USE_WRITE.write_addr_inst/masked_addr_q[3]_i_2_n_0
    SLICE_X1Y34          LUT3 (Prop_C6LUT_SLICEM_I0_O)
                                                      0.088     3.922 r  dma_axis_ip_example_i/ps7_0_axi_periph/s00_couplers/auto_ds/inst/gen_downsizer.gen_simple_downsizer.axi_downsizer_inst/USE_WRITE.write_addr_inst/masked_addr_q[7]_i_2/O
                         net (fo=4, routed)           0.517     4.439    dma_axis_ip_example_i/ps7_0_axi_periph/s00_couplers/auto_ds/inst/gen_downsizer.gen_simple_downsizer.axi_downsizer_inst/USE_WRITE.write_addr_inst/masked_addr_q[7]_i_2_n_0
    SLICE_X0Y36          LUT6 (Prop_G6LUT_SLICEL_I2_O)
                                                      0.050     4.489 r  dma_axis_ip_example_i/ps7_0_axi_periph/s00_couplers/auto_ds/inst/gen_downsizer.gen_simple_downsizer.axi_downsizer_inst/USE_WRITE.write_addr_inst/wrap_need_to_split_q_i_2/O
                         net (fo=1, routed)           0.264     4.753    dma_axis_ip_example_i/ps7_0_axi_periph/s00_couplers/auto_ds/inst/gen_downsizer.gen_simple_downsizer.axi_downsizer_inst/USE_WRITE.write_addr_inst/wrap_need_to_split_q_i_2_n_0
    SLICE_X1Y33          LUT5 (Prop_H5LUT_SLICEM_I0_O)
                                                      0.109     4.862 r  dma_axis_ip_example_i/ps7_0_axi_periph/s00_couplers/auto_ds/inst/gen_downsizer.gen_simple_downsizer.axi_downsizer_inst/USE_WRITE.write_addr_inst/wrap_need_to_split_q_i_1/O
                         net (fo=1, routed)           0.018     4.880    dma_axis_ip_example_i/ps7_0_axi_periph/s00_couplers/auto_ds/inst/gen_downsizer.gen_simple_downsizer.axi_downsizer_inst/USE_WRITE.write_addr_inst/wrap_need_to_split
    SLICE_X1Y33          FDRE                                         r  dma_axis_ip_example_i/ps7_0_axi_periph/s00_couplers/auto_ds/inst/gen_downsizer.gen_simple_downsizer.axi_downsizer_inst/USE_WRITE.write_addr_inst/wrap_need_to_split_q_reg/D
  -------------------------------------------------------------------    -------------------

                         (clock clk_pl_0 rise edge)
                                                     10.000    10.000 r  
    PS8_X0Y0             PS8                          0.000    10.000 r  dma_axis_ip_example_i/zynq_ultra_ps_e_0/inst/PS8_i/PLCLK[0]
                         net (fo=1, routed)           0.135    10.135    dma_axis_ip_example_i/zynq_ultra_ps_e_0/inst/pl_clk_unbuffered[0]
    BUFG_PS_X0Y67        BUFG_PS (Prop_BUFG_PS_I_O)
                                                      0.025    10.160 r  dma_axis_ip_example_i/zynq_ultra_ps_e_0/inst/buffer_pl_clk_0.PL_CLK_0_BUFG/O
    X0Y1 (CLOCK_ROOT)    net (fo=5975, routed)        1.605    11.765    dma_axis_ip_example_i/ps7_0_axi_periph/s00_couplers/auto_ds/inst/gen_downsizer.gen_simple_downsizer.axi_downsizer_inst/USE_WRITE.write_addr_inst/CLK
    SLICE_X1Y33          FDRE                                         r  dma_axis_ip_example_i/ps7_0_axi_periph/s00_couplers/auto_ds/inst/gen_downsizer.gen_simple_downsizer.axi_downsizer_inst/USE_WRITE.write_addr_inst/wrap_need_to_split_q_reg/C
                         clock pessimism              0.163    11.928    
                         clock uncertainty           -0.130    11.798    
    SLICE_X1Y33          FDRE (Setup_HFF2_SLICEM_C_D)
                                                      0.025    11.823    dma_axis_ip_example_i/ps7_0_axi_periph/s00_couplers/auto_ds/inst/gen_downsizer.gen_simple_downsizer.axi_downsizer_inst/USE_WRITE.write_addr_inst/wrap_need_to_split_q_reg
  -------------------------------------------------------------------
                         required time                         11.823    
                         arrival time                          -4.880    
  -------------------------------------------------------------------
                         slack                                  6.943    

Slack (MET) :             7.022ns  (required time - arrival time)
  Source:                 dma_axis_ip_example_i/ps7_0_axi_periph/s00_couplers/auto_ds/inst/gen_downsizer.gen_simple_downsizer.axi_downsizer_inst/USE_READ.read_addr_inst/access_is_wrap_q_reg/C
                            (rising edge-triggered cell FDRE clocked by clk_pl_0  {rise@0.000ns fall@5.000ns period=10.000ns})
  Destination:            dma_axis_ip_example_i/ps7_0_axi_periph/s00_couplers/auto_pc/inst/gen_axilite.gen_b2s_conv.axilite_b2s/SI_REG/ar.ar_pipe/m_payload_i_reg[58]/D
                            (rising edge-triggered cell FDRE clocked by clk_pl_0  {rise@0.000ns fall@5.000ns period=10.000ns})
  Path Group:             clk_pl_0
  Path Type:              Setup (Max at Slow Process Corner)
  Requirement:            10.000ns  (clk_pl_0 rise@10.000ns - clk_pl_0 rise@0.000ns)
  Data Path Delay:        2.772ns  (logic 0.746ns (26.914%)  route 2.026ns (73.086%))
  Logic Levels:           7  (LUT3=2 LUT5=3 LUT6=2)
  Clock Path Skew:        -0.101ns (DCD - SCD + CPR)
    Destination Clock Delay (DCD):    1.775ns = ( 11.775 - 10.000 ) 
    Source Clock Delay      (SCD):    2.039ns
    Clock Pessimism Removal (CPR):    0.163ns
  Clock Uncertainty:      0.130ns  ((TSJ^2 + DJ^2)^1/2) / 2 + PE
    Total System Jitter     (TSJ):    0.071ns
    Discrete Jitter          (DJ):    0.250ns
    Phase Error              (PE):    0.000ns
  Clock Net Delay (Source):      1.840ns (routing 0.753ns, distribution 1.087ns)
  Clock Net Delay (Destination): 1.615ns (routing 0.683ns, distribution 0.932ns)

    Location             Delay type                Incr(ns)  Path(ns)    Netlist Resource(s)
  -------------------------------------------------------------------    -------------------
                         (clock clk_pl_0 rise edge)
                                                      0.000     0.000 r  
    PS8_X0Y0             PS8                          0.000     0.000 r  dma_axis_ip_example_i/zynq_ultra_ps_e_0/inst/PS8_i/PLCLK[0]
                         net (fo=1, routed)           0.171     0.171    dma_axis_ip_example_i/zynq_ultra_ps_e_0/inst/pl_clk_unbuffered[0]
    BUFG_PS_X0Y67        BUFG_PS (Prop_BUFG_PS_I_O)
                                                      0.028     0.199 r  dma_axis_ip_example_i/zynq_ultra_ps_e_0/inst/buffer_pl_clk_0.PL_CLK_0_BUFG/O
    X0Y1 (CLOCK_ROOT)    net (fo=5975, routed)        1.840     2.039    dma_axis_ip_example_i/ps7_0_axi_periph/s00_couplers/auto_ds/inst/gen_downsizer.gen_simple_downsizer.axi_downsizer_inst/USE_READ.read_addr_inst/CLK
    SLICE_X6Y48          FDRE                                         r  dma_axis_ip_example_i/ps7_0_axi_periph/s00_couplers/auto_ds/inst/gen_downsizer.gen_simple_downsizer.axi_downsizer_inst/USE_READ.read_addr_inst/access_is_wrap_q_reg/C
  -------------------------------------------------------------------    -------------------
    SLICE_X6Y48          FDRE (Prop_HFF2_SLICEL_C_Q)
                                                      0.080     2.119 r  dma_axis_ip_example_i/ps7_0_axi_periph/s00_couplers/auto_ds/inst/gen_downsizer.gen_simple_downsizer.axi_downsizer_inst/USE_READ.read_addr_inst/access_is_wrap_q_reg/Q
                         net (fo=49, routed)          0.513     2.632    dma_axis_ip_example_i/ps7_0_axi_periph/s00_couplers/auto_ds/inst/gen_downsizer.gen_simple_downsizer.axi_downsizer_inst/USE_READ.read_addr_inst/cmd_queue/inst/access_is_wrap_q
    SLICE_X2Y46          LUT3 (Prop_D5LUT_SLICEL_I0_O)
                                                      0.096     2.728 r  dma_axis_ip_example_i/ps7_0_axi_periph/s00_couplers/auto_ds/inst/gen_downsizer.gen_simple_downsizer.axi_downsizer_inst/USE_READ.read_addr_inst/cmd_queue/inst/m_axi_arlen[7]_INST_0_i_16/O
                         net (fo=1, routed)           0.169     2.897    dma_axis_ip_example_i/ps7_0_axi_periph/s00_couplers/auto_ds/inst/gen_downsizer.gen_simple_downsizer.axi_downsizer_inst/USE_READ.read_addr_inst/cmd_queue/inst/m_axi_arlen[7]_INST_0_i_16_n_0
    SLICE_X2Y46          LUT6 (Prop_G6LUT_SLICEL_I5_O)
                                                      0.123     3.020 r  dma_axis_ip_example_i/ps7_0_axi_periph/s00_couplers/auto_ds/inst/gen_downsizer.gen_simple_downsizer.axi_downsizer_inst/USE_READ.read_addr_inst/cmd_queue/inst/m_axi_arlen[7]_INST_0_i_10/O
                         net (fo=9, routed)           0.158     3.177    dma_axis_ip_example_i/ps7_0_axi_periph/s00_couplers/auto_ds/inst/gen_downsizer.gen_simple_downsizer.axi_downsizer_inst/USE_READ.read_addr_inst/cmd_queue/inst/m_axi_arlen[7]_INST_0_i_10_n_0
    SLICE_X2Y49          LUT5 (Prop_H6LUT_SLICEL_I1_O)
                                                      0.099     3.276 f  dma_axis_ip_example_i/ps7_0_axi_periph/s00_couplers/auto_ds/inst/gen_downsizer.gen_simple_downsizer.axi_downsizer_inst/USE_READ.read_addr_inst/cmd_queue/inst/m_axi_arlen[2]_INST_0_i_2/O
                         net (fo=2, routed)           0.306     3.582    dma_axis_ip_example_i/ps7_0_axi_periph/s00_couplers/auto_ds/inst/gen_downsizer.gen_simple_downsizer.axi_downsizer_inst/USE_READ.read_addr_inst/cmd_queue/inst/m_axi_arlen[2]_INST_0_i_2_n_0
    SLICE_X4Y51          LUT5 (Prop_D6LUT_SLICEM_I1_O)
                                                      0.088     3.670 r  dma_axis_ip_example_i/ps7_0_axi_periph/s00_couplers/auto_ds/inst/gen_downsizer.gen_simple_downsizer.axi_downsizer_inst/USE_READ.read_addr_inst/cmd_queue/inst/m_axi_arlen[3]_INST_0_i_1/O
                         net (fo=3, routed)           0.231     3.901    dma_axis_ip_example_i/ps7_0_axi_periph/s00_couplers/auto_ds/inst/gen_downsizer.gen_simple_downsizer.axi_downsizer_inst/USE_READ.read_addr_inst/cmd_queue/inst/m_axi_arlen[3]_INST_0_i_1_n_0
    SLICE_X3Y50          LUT5 (Prop_B6LUT_SLICEL_I2_O)
                                                      0.036     3.937 r  dma_axis_ip_example_i/ps7_0_axi_periph/s00_couplers/auto_ds/inst/gen_downsizer.gen_simple_downsizer.axi_downsizer_inst/USE_READ.read_addr_inst/cmd_queue/inst/m_axi_arlen[7]_INST_0_i_4/O
                         net (fo=3, routed)           0.239     4.176    dma_axis_ip_example_i/ps7_0_axi_periph/s00_couplers/auto_ds/inst/gen_downsizer.gen_simple_downsizer.axi_downsizer_inst/USE_READ.read_addr_inst/cmd_queue/inst/m_axi_arlen[7]_INST_0_i_4_n_0
    SLICE_X1Y48          LUT6 (Prop_H6LUT_SLICEM_I1_O)
                                                      0.101     4.277 r  dma_axis_ip_example_i/ps7_0_axi_periph/s00_couplers/auto_ds/inst/gen_downsizer.gen_simple_downsizer.axi_downsizer_inst/USE_READ.read_addr_inst/cmd_queue/inst/m_axi_arlen[6]_INST_0/O
                         net (fo=3, routed)           0.363     4.640    dma_axis_ip_example_i/ps7_0_axi_periph/s00_couplers/auto_pc/inst/gen_axilite.gen_b2s_conv.axilite_b2s/SI_REG/ar.ar_pipe/s_axi_arlen[6]
    SLICE_X7Y48          LUT3 (Prop_G6LUT_SLICEL_I0_O)
                                                      0.123     4.763 r  dma_axis_ip_example_i/ps7_0_axi_periph/s00_couplers/auto_pc/inst/gen_axilite.gen_b2s_conv.axilite_b2s/SI_REG/ar.ar_pipe/m_payload_i[58]_i_1__0/O
                         net (fo=1, routed)           0.048     4.811    dma_axis_ip_example_i/ps7_0_axi_periph/s00_couplers/auto_pc/inst/gen_axilite.gen_b2s_conv.axilite_b2s/SI_REG/ar.ar_pipe/m_payload_i[58]_i_1__0_n_0
    SLICE_X7Y48          FDRE                                         r  dma_axis_ip_example_i/ps7_0_axi_periph/s00_couplers/auto_pc/inst/gen_axilite.gen_b2s_conv.axilite_b2s/SI_REG/ar.ar_pipe/m_payload_i_reg[58]/D
  -------------------------------------------------------------------    -------------------

                         (clock clk_pl_0 rise edge)
                                                     10.000    10.000 r  
    PS8_X0Y0             PS8                          0.000    10.000 r  dma_axis_ip_example_i/zynq_ultra_ps_e_0/inst/PS8_i/PLCLK[0]
                         net (fo=1, routed)           0.135    10.135    dma_axis_ip_example_i/zynq_ultra_ps_e_0/inst/pl_clk_unbuffered[0]
    BUFG_PS_X0Y67        BUFG_PS (Prop_BUFG_PS_I_O)
                                                      0.025    10.160 r  dma_axis_ip_example_i/zynq_ultra_ps_e_0/inst/buffer_pl_clk_0.PL_CLK_0_BUFG/O
    X0Y1 (CLOCK_ROOT)    net (fo=5975, routed)        1.615    11.775    dma_axis_ip_example_i/ps7_0_axi_periph/s00_couplers/auto_pc/inst/gen_axilite.gen_b2s_conv.axilite_b2s/SI_REG/ar.ar_pipe/aclk
    SLICE_X7Y48          FDRE                                         r  dma_axis_ip_example_i/ps7_0_axi_periph/s00_couplers/auto_pc/inst/gen_axilite.gen_b2s_conv.axilite_b2s/SI_REG/ar.ar_pipe/m_payload_i_reg[58]/C
                         clock pessimism              0.163    11.938    
                         clock uncertainty           -0.130    11.808    
    SLICE_X7Y48          FDRE (Setup_GFF_SLICEL_C_D)
                                                      0.025    11.833    dma_axis_ip_example_i/ps7_0_axi_periph/s00_couplers/auto_pc/inst/gen_axilite.gen_b2s_conv.axilite_b2s/SI_REG/ar.ar_pipe/m_payload_i_reg[58]
  -------------------------------------------------------------------
                         required time                         11.833    
                         arrival time                          -4.811    
  -------------------------------------------------------------------
                         slack                                  7.022    

Slack (MET) :             7.034ns  (required time - arrival time)
  Source:                 dma_axis_ip_example_i/ps7_0_axi_periph/s00_couplers/auto_ds/inst/gen_downsizer.gen_simple_downsizer.axi_downsizer_inst/USE_READ.read_addr_inst/access_is_wrap_q_reg/C
                            (rising edge-triggered cell FDRE clocked by clk_pl_0  {rise@0.000ns fall@5.000ns period=10.000ns})
  Destination:            dma_axis_ip_example_i/ps7_0_axi_periph/s00_couplers/auto_pc/inst/gen_axilite.gen_b2s_conv.axilite_b2s/SI_REG/ar.ar_pipe/skid_buffer_reg[58]/D
                            (rising edge-triggered cell FDRE clocked by clk_pl_0  {rise@0.000ns fall@5.000ns period=10.000ns})
  Path Group:             clk_pl_0
  Path Type:              Setup (Max at Slow Process Corner)
  Requirement:            10.000ns  (clk_pl_0 rise@10.000ns - clk_pl_0 rise@0.000ns)
  Data Path Delay:        2.758ns  (logic 0.623ns (22.591%)  route 2.135ns (77.409%))
  Logic Levels:           6  (LUT3=1 LUT5=3 LUT6=2)
  Clock Path Skew:        -0.103ns (DCD - SCD + CPR)
    Destination Clock Delay (DCD):    1.773ns = ( 11.773 - 10.000 ) 
    Source Clock Delay      (SCD):    2.039ns
    Clock Pessimism Removal (CPR):    0.163ns
  Clock Uncertainty:      0.130ns  ((TSJ^2 + DJ^2)^1/2) / 2 + PE
    Total System Jitter     (TSJ):    0.071ns
    Discrete Jitter          (DJ):    0.250ns
    Phase Error              (PE):    0.000ns
  Clock Net Delay (Source):      1.840ns (routing 0.753ns, distribution 1.087ns)
  Clock Net Delay (Destination): 1.613ns (routing 0.683ns, distribution 0.930ns)

    Location             Delay type                Incr(ns)  Path(ns)    Netlist Resource(s)
  -------------------------------------------------------------------    -------------------
                         (clock clk_pl_0 rise edge)
                                                      0.000     0.000 r  
    PS8_X0Y0             PS8                          0.000     0.000 r  dma_axis_ip_example_i/zynq_ultra_ps_e_0/inst/PS8_i/PLCLK[0]
                         net (fo=1, routed)           0.171     0.171    dma_axis_ip_example_i/zynq_ultra_ps_e_0/inst/pl_clk_unbuffered[0]
    BUFG_PS_X0Y67        BUFG_PS (Prop_BUFG_PS_I_O)
                                                      0.028     0.199 r  dma_axis_ip_example_i/zynq_ultra_ps_e_0/inst/buffer_pl_clk_0.PL_CLK_0_BUFG/O
    X0Y1 (CLOCK_ROOT)    net (fo=5975, routed)        1.840     2.039    dma_axis_ip_example_i/ps7_0_axi_periph/s00_couplers/auto_ds/inst/gen_downsizer.gen_simple_downsizer.axi_downsizer_inst/USE_READ.read_addr_inst/CLK
    SLICE_X6Y48          FDRE                                         r  dma_axis_ip_example_i/ps7_0_axi_periph/s00_couplers/auto_ds/inst/gen_downsizer.gen_simple_downsizer.axi_downsizer_inst/USE_READ.read_addr_inst/access_is_wrap_q_reg/C
  -------------------------------------------------------------------    -------------------
    SLICE_X6Y48          FDRE (Prop_HFF2_SLICEL_C_Q)
                                                      0.080     2.119 r  dma_axis_ip_example_i/ps7_0_axi_periph/s00_couplers/auto_ds/inst/gen_downsizer.gen_simple_downsizer.axi_downsizer_inst/USE_READ.read_addr_inst/access_is_wrap_q_reg/Q
                         net (fo=49, routed)          0.513     2.632    dma_axis_ip_example_i/ps7_0_axi_periph/s00_couplers/auto_ds/inst/gen_downsizer.gen_simple_downsizer.axi_downsizer_inst/USE_READ.read_addr_inst/cmd_queue/inst/access_is_wrap_q
    SLICE_X2Y46          LUT3 (Prop_D5LUT_SLICEL_I0_O)
                                                      0.096     2.728 r  dma_axis_ip_example_i/ps7_0_axi_periph/s00_couplers/auto_ds/inst/gen_downsizer.gen_simple_downsizer.axi_downsizer_inst/USE_READ.read_addr_inst/cmd_queue/inst/m_axi_arlen[7]_INST_0_i_16/O
                         net (fo=1, routed)           0.169     2.897    dma_axis_ip_example_i/ps7_0_axi_periph/s00_couplers/auto_ds/inst/gen_downsizer.gen_simple_downsizer.axi_downsizer_inst/USE_READ.read_addr_inst/cmd_queue/inst/m_axi_arlen[7]_INST_0_i_16_n_0
    SLICE_X2Y46          LUT6 (Prop_G6LUT_SLICEL_I5_O)
                                                      0.123     3.020 r  dma_axis_ip_example_i/ps7_0_axi_periph/s00_couplers/auto_ds/inst/gen_downsizer.gen_simple_downsizer.axi_downsizer_inst/USE_READ.read_addr_inst/cmd_queue/inst/m_axi_arlen[7]_INST_0_i_10/O
                         net (fo=9, routed)           0.158     3.177    dma_axis_ip_example_i/ps7_0_axi_periph/s00_couplers/auto_ds/inst/gen_downsizer.gen_simple_downsizer.axi_downsizer_inst/USE_READ.read_addr_inst/cmd_queue/inst/m_axi_arlen[7]_INST_0_i_10_n_0
    SLICE_X2Y49          LUT5 (Prop_H6LUT_SLICEL_I1_O)
                                                      0.099     3.276 f  dma_axis_ip_example_i/ps7_0_axi_periph/s00_couplers/auto_ds/inst/gen_downsizer.gen_simple_downsizer.axi_downsizer_inst/USE_READ.read_addr_inst/cmd_queue/inst/m_axi_arlen[2]_INST_0_i_2/O
                         net (fo=2, routed)           0.306     3.582    dma_axis_ip_example_i/ps7_0_axi_periph/s00_couplers/auto_ds/inst/gen_downsizer.gen_simple_downsizer.axi_downsizer_inst/USE_READ.read_addr_inst/cmd_queue/inst/m_axi_arlen[2]_INST_0_i_2_n_0
    SLICE_X4Y51          LUT5 (Prop_D6LUT_SLICEM_I1_O)
                                                      0.088     3.670 r  dma_axis_ip_example_i/ps7_0_axi_periph/s00_couplers/auto_ds/inst/gen_downsizer.gen_simple_downsizer.axi_downsizer_inst/USE_READ.read_addr_inst/cmd_queue/inst/m_axi_arlen[3]_INST_0_i_1/O
                         net (fo=3, routed)           0.231     3.901    dma_axis_ip_example_i/ps7_0_axi_periph/s00_couplers/auto_ds/inst/gen_downsizer.gen_simple_downsizer.axi_downsizer_inst/USE_READ.read_addr_inst/cmd_queue/inst/m_axi_arlen[3]_INST_0_i_1_n_0
    SLICE_X3Y50          LUT5 (Prop_B6LUT_SLICEL_I2_O)
                                                      0.036     3.937 r  dma_axis_ip_example_i/ps7_0_axi_periph/s00_couplers/auto_ds/inst/gen_downsizer.gen_simple_downsizer.axi_downsizer_inst/USE_READ.read_addr_inst/cmd_queue/inst/m_axi_arlen[7]_INST_0_i_4/O
                         net (fo=3, routed)           0.239     4.176    dma_axis_ip_example_i/ps7_0_axi_periph/s00_couplers/auto_ds/inst/gen_downsizer.gen_simple_downsizer.axi_downsizer_inst/USE_READ.read_addr_inst/cmd_queue/inst/m_axi_arlen[7]_INST_0_i_4_n_0
    SLICE_X1Y48          LUT6 (Prop_H6LUT_SLICEM_I1_O)
                                                      0.101     4.277 r  dma_axis_ip_example_i/ps7_0_axi_periph/s00_couplers/auto_ds/inst/gen_downsizer.gen_simple_downsizer.axi_downsizer_inst/USE_READ.read_addr_inst/cmd_queue/inst/m_axi_arlen[6]_INST_0/O
                         net (fo=3, routed)           0.520     4.797    dma_axis_ip_example_i/ps7_0_axi_periph/s00_couplers/auto_pc/inst/gen_axilite.gen_b2s_conv.axilite_b2s/SI_REG/ar.ar_pipe/s_axi_arlen[6]
    SLICE_X7Y48          FDRE                                         r  dma_axis_ip_example_i/ps7_0_axi_periph/s00_couplers/auto_pc/inst/gen_axilite.gen_b2s_conv.axilite_b2s/SI_REG/ar.ar_pipe/skid_buffer_reg[58]/D
  -------------------------------------------------------------------    -------------------

                         (clock clk_pl_0 rise edge)
                                                     10.000    10.000 r  
    PS8_X0Y0             PS8                          0.000    10.000 r  dma_axis_ip_example_i/zynq_ultra_ps_e_0/inst/PS8_i/PLCLK[0]
                         net (fo=1, routed)           0.135    10.135    dma_axis_ip_example_i/zynq_ultra_ps_e_0/inst/pl_clk_unbuffered[0]
    BUFG_PS_X0Y67        BUFG_PS (Prop_BUFG_PS_I_O)
                                                      0.025    10.160 r  dma_axis_ip_example_i/zynq_ultra_ps_e_0/inst/buffer_pl_clk_0.PL_CLK_0_BUFG/O
    X0Y1 (CLOCK_ROOT)    net (fo=5975, routed)        1.613    11.773    dma_axis_ip_example_i/ps7_0_axi_periph/s00_couplers/auto_pc/inst/gen_axilite.gen_b2s_conv.axilite_b2s/SI_REG/ar.ar_pipe/aclk
    SLICE_X7Y48          FDRE                                         r  dma_axis_ip_example_i/ps7_0_axi_periph/s00_couplers/auto_pc/inst/gen_axilite.gen_b2s_conv.axilite_b2s/SI_REG/ar.ar_pipe/skid_buffer_reg[58]/C
                         clock pessimism              0.163    11.936    
                         clock uncertainty           -0.130    11.806    
    SLICE_X7Y48          FDRE (Setup_BFF2_SLICEL_C_D)
                                                      0.025    11.831    dma_axis_ip_example_i/ps7_0_axi_periph/s00_couplers/auto_pc/inst/gen_axilite.gen_b2s_conv.axilite_b2s/SI_REG/ar.ar_pipe/skid_buffer_reg[58]
  -------------------------------------------------------------------
                         required time                         11.831    
                         arrival time                          -4.797    
  -------------------------------------------------------------------
                         slack                                  7.034    

Slack (MET) :             7.054ns  (required time - arrival time)
  Source:                 dma_axis_ip_example_i/zynq_ultra_ps_e_0/inst/PS8_i/MAXIGP0ACLK
                            (rising edge-triggered cell PS8 clocked by clk_pl_0  {rise@0.000ns fall@5.000ns period=10.000ns})
  Destination:            dma_axis_ip_example_i/axi_dma/U0/I_AXI_DMA_REG_MODULE/GEN_MM2S_REGISTERS.I_MM2S_DMA_REGISTER/GEN_REG_FOR_SMPL.buffer_length_wren_reg/D
                            (rising edge-triggered cell FDRE clocked by clk_pl_0  {rise@0.000ns fall@5.000ns period=10.000ns})
  Path Group:             clk_pl_0
  Path Type:              Setup (Max at Slow Process Corner)
  Requirement:            10.000ns  (clk_pl_0 rise@10.000ns - clk_pl_0 rise@0.000ns)
  Data Path Delay:        2.800ns  (logic 0.941ns (33.613%)  route 1.859ns (66.387%))
  Logic Levels:           3  (LUT3=1 LUT4=1 LUT6=1)
  Clock Path Skew:        -0.041ns (DCD - SCD + CPR)
    Destination Clock Delay (DCD):    1.772ns = ( 11.772 - 10.000 ) 
    Source Clock Delay      (SCD):    1.976ns
    Clock Pessimism Removal (CPR):    0.163ns
  Clock Uncertainty:      0.130ns  ((TSJ^2 + DJ^2)^1/2) / 2 + PE
    Total System Jitter     (TSJ):    0.071ns
    Discrete Jitter          (DJ):    0.250ns
    Phase Error              (PE):    0.000ns
  Clock Net Delay (Source):      1.777ns (routing 0.753ns, distribution 1.024ns)
  Clock Net Delay (Destination): 1.612ns (routing 0.683ns, distribution 0.929ns)

    Location             Delay type                Incr(ns)  Path(ns)    Netlist Resource(s)
  -------------------------------------------------------------------    -------------------
                         (clock clk_pl_0 rise edge)
                                                      0.000     0.000 r  
    PS8_X0Y0             PS8                          0.000     0.000 r  dma_axis_ip_example_i/zynq_ultra_ps_e_0/inst/PS8_i/PLCLK[0]
                         net (fo=1, routed)           0.171     0.171    dma_axis_ip_example_i/zynq_ultra_ps_e_0/inst/pl_clk_unbuffered[0]
    BUFG_PS_X0Y67        BUFG_PS (Prop_BUFG_PS_I_O)
                                                      0.028     0.199 r  dma_axis_ip_example_i/zynq_ultra_ps_e_0/inst/buffer_pl_clk_0.PL_CLK_0_BUFG/O
    X0Y1 (CLOCK_ROOT)    net (fo=5975, routed)        1.777     1.976    dma_axis_ip_example_i/zynq_ultra_ps_e_0/inst/maxihpm0_fpd_aclk
    PS8_X0Y0             PS8                                          r  dma_axis_ip_example_i/zynq_ultra_ps_e_0/inst/PS8_i/MAXIGP0ACLK
  -------------------------------------------------------------------    -------------------
    PS8_X0Y0             PS8 (Prop_PS8_MAXIGP0ACLK_MAXIGP0WDATA[0])
                                                      0.579     2.555 r  dma_axis_ip_example_i/zynq_ultra_ps_e_0/inst/PS8_i/MAXIGP0WDATA[0]
                         net (fo=1, routed)           0.805     3.360    dma_axis_ip_example_i/ps7_0_axi_periph/s00_couplers/auto_ds/inst/gen_downsizer.gen_simple_downsizer.axi_downsizer_inst/USE_WRITE.write_data_inst/s_axi_wdata[0]
    SLICE_X0Y38          LUT3 (Prop_B6LUT_SLICEL_I0_O)
                                                      0.124     3.484 r  dma_axis_ip_example_i/ps7_0_axi_periph/s00_couplers/auto_ds/inst/gen_downsizer.gen_simple_downsizer.axi_downsizer_inst/USE_WRITE.write_data_inst/m_axi_wdata[0]_INST_0/O
                         net (fo=22, routed)          0.891     4.375    dma_axis_ip_example_i/axi_dma/U0/I_AXI_DMA_REG_MODULE/GEN_S2MM_REGISTERS.I_S2MM_DMA_REGISTER/s_axi_lite_wdata[0]
    SLICE_X4Y53          LUT6 (Prop_G6LUT_SLICEM_I4_O)
                                                      0.150     4.525 r  dma_axis_ip_example_i/axi_dma/U0/I_AXI_DMA_REG_MODULE/GEN_S2MM_REGISTERS.I_S2MM_DMA_REGISTER/GEN_REG_FOR_SMPL.buffer_length_wren_i_3/O
                         net (fo=2, routed)           0.091     4.616    dma_axis_ip_example_i/axi_dma/U0/I_AXI_DMA_REG_MODULE/GEN_AXI_LITE_IF.AXI_LITE_IF_I/GEN_REG_FOR_SMPL.buffer_length_wren_reg_0
    SLICE_X4Y53          LUT4 (Prop_D6LUT_SLICEM_I1_O)
                                                      0.088     4.704 r  dma_axis_ip_example_i/axi_dma/U0/I_AXI_DMA_REG_MODULE/GEN_AXI_LITE_IF.AXI_LITE_IF_I/GEN_REG_FOR_SMPL.buffer_length_wren_i_1/O
                         net (fo=1, routed)           0.072     4.776    dma_axis_ip_example_i/axi_dma/U0/I_AXI_DMA_REG_MODULE/GEN_MM2S_REGISTERS.I_MM2S_DMA_REGISTER/buffer_length_wren0
    SLICE_X4Y53          FDRE                                         r  dma_axis_ip_example_i/axi_dma/U0/I_AXI_DMA_REG_MODULE/GEN_MM2S_REGISTERS.I_MM2S_DMA_REGISTER/GEN_REG_FOR_SMPL.buffer_length_wren_reg/D
  -------------------------------------------------------------------    -------------------

                         (clock clk_pl_0 rise edge)
                                                     10.000    10.000 r  
    PS8_X0Y0             PS8                          0.000    10.000 r  dma_axis_ip_example_i/zynq_ultra_ps_e_0/inst/PS8_i/PLCLK[0]
                         net (fo=1, routed)           0.135    10.135    dma_axis_ip_example_i/zynq_ultra_ps_e_0/inst/pl_clk_unbuffered[0]
    BUFG_PS_X0Y67        BUFG_PS (Prop_BUFG_PS_I_O)
                                                      0.025    10.160 r  dma_axis_ip_example_i/zynq_ultra_ps_e_0/inst/buffer_pl_clk_0.PL_CLK_0_BUFG/O
    X0Y1 (CLOCK_ROOT)    net (fo=5975, routed)        1.612    11.772    dma_axis_ip_example_i/axi_dma/U0/I_AXI_DMA_REG_MODULE/GEN_MM2S_REGISTERS.I_MM2S_DMA_REGISTER/s_axi_lite_aclk
    SLICE_X4Y53          FDRE                                         r  dma_axis_ip_example_i/axi_dma/U0/I_AXI_DMA_REG_MODULE/GEN_MM2S_REGISTERS.I_MM2S_DMA_REGISTER/GEN_REG_FOR_SMPL.buffer_length_wren_reg/C
                         clock pessimism              0.163    11.935    
                         clock uncertainty           -0.130    11.805    
    SLICE_X4Y53          FDRE (Setup_DFF_SLICEM_C_D)
                                                      0.025    11.830    dma_axis_ip_example_i/axi_dma/U0/I_AXI_DMA_REG_MODULE/GEN_MM2S_REGISTERS.I_MM2S_DMA_REGISTER/GEN_REG_FOR_SMPL.buffer_length_wren_reg
  -------------------------------------------------------------------
                         required time                         11.830    
                         arrival time                          -4.776    
  -------------------------------------------------------------------
                         slack                                  7.054    

Slack (MET) :             7.070ns  (required time - arrival time)
  Source:                 dma_axis_ip_example_i/ps7_0_axi_periph/s00_couplers/auto_ds/inst/gen_downsizer.gen_simple_downsizer.axi_downsizer_inst/USE_READ.read_addr_inst/pushed_commands_reg[3]/C
                            (rising edge-triggered cell FDRE clocked by clk_pl_0  {rise@0.000ns fall@5.000ns period=10.000ns})
  Destination:            dma_axis_ip_example_i/ps7_0_axi_periph/s00_couplers/auto_pc/inst/gen_axilite.gen_b2s_conv.axilite_b2s/SI_REG/ar.ar_pipe/m_payload_i_reg[57]/D
                            (rising edge-triggered cell FDRE clocked by clk_pl_0  {rise@0.000ns fall@5.000ns period=10.000ns})
  Path Group:             clk_pl_0
  Path Type:              Setup (Max at Slow Process Corner)
  Requirement:            10.000ns  (clk_pl_0 rise@10.000ns - clk_pl_0 rise@0.000ns)
  Data Path Delay:        2.724ns  (logic 0.716ns (26.285%)  route 2.008ns (73.715%))
  Logic Levels:           8  (LUT3=1 LUT4=1 LUT5=4 LUT6=2)
  Clock Path Skew:        -0.101ns (DCD - SCD + CPR)
    Destination Clock Delay (DCD):    1.775ns = ( 11.775 - 10.000 ) 
    Source Clock Delay      (SCD):    2.039ns
    Clock Pessimism Removal (CPR):    0.163ns
  Clock Uncertainty:      0.130ns  ((TSJ^2 + DJ^2)^1/2) / 2 + PE
    Total System Jitter     (TSJ):    0.071ns
    Discrete Jitter          (DJ):    0.250ns
    Phase Error              (PE):    0.000ns
  Clock Net Delay (Source):      1.840ns (routing 0.753ns, distribution 1.087ns)
  Clock Net Delay (Destination): 1.615ns (routing 0.683ns, distribution 0.932ns)

    Location             Delay type                Incr(ns)  Path(ns)    Netlist Resource(s)
  -------------------------------------------------------------------    -------------------
                         (clock clk_pl_0 rise edge)
                                                      0.000     0.000 r  
    PS8_X0Y0             PS8                          0.000     0.000 r  dma_axis_ip_example_i/zynq_ultra_ps_e_0/inst/PS8_i/PLCLK[0]
                         net (fo=1, routed)           0.171     0.171    dma_axis_ip_example_i/zynq_ultra_ps_e_0/inst/pl_clk_unbuffered[0]
    BUFG_PS_X0Y67        BUFG_PS (Prop_BUFG_PS_I_O)
                                                      0.028     0.199 r  dma_axis_ip_example_i/zynq_ultra_ps_e_0/inst/buffer_pl_clk_0.PL_CLK_0_BUFG/O
    X0Y1 (CLOCK_ROOT)    net (fo=5975, routed)        1.840     2.039    dma_axis_ip_example_i/ps7_0_axi_periph/s00_couplers/auto_ds/inst/gen_downsizer.gen_simple_downsizer.axi_downsizer_inst/USE_READ.read_addr_inst/CLK
    SLICE_X2Y50          FDRE                                         r  dma_axis_ip_example_i/ps7_0_axi_periph/s00_couplers/auto_ds/inst/gen_downsizer.gen_simple_downsizer.axi_downsizer_inst/USE_READ.read_addr_inst/pushed_commands_reg[3]/C
  -------------------------------------------------------------------    -------------------
    SLICE_X2Y50          FDRE (Prop_CFF_SLICEL_C_Q)
                                                      0.079     2.118 r  dma_axis_ip_example_i/ps7_0_axi_periph/s00_couplers/auto_ds/inst/gen_downsizer.gen_simple_downsizer.axi_downsizer_inst/USE_READ.read_addr_inst/pushed_commands_reg[3]/Q
                         net (fo=6, routed)           0.167     2.285    dma_axis_ip_example_i/ps7_0_axi_periph/s00_couplers/auto_ds/inst/gen_downsizer.gen_simple_downsizer.axi_downsizer_inst/USE_READ.read_addr_inst/cmd_queue/inst/m_axi_arlen[7]_INST_0_i_10_0[3]
    SLICE_X1Y50          LUT4 (Prop_C6LUT_SLICEM_I1_O)
                                                      0.145     2.430 f  dma_axis_ip_example_i/ps7_0_axi_periph/s00_couplers/auto_ds/inst/gen_downsizer.gen_simple_downsizer.axi_downsizer_inst/USE_READ.read_addr_inst/cmd_queue/inst/m_axi_arlen[7]_INST_0_i_17/O
                         net (fo=1, routed)           0.261     2.691    dma_axis_ip_example_i/ps7_0_axi_periph/s00_couplers/auto_ds/inst/gen_downsizer.gen_simple_downsizer.axi_downsizer_inst/USE_READ.read_addr_inst/cmd_queue/inst/m_axi_arlen[7]_INST_0_i_17_n_0
    SLICE_X3Y50          LUT6 (Prop_H6LUT_SLICEL_I2_O)
                                                      0.036     2.727 f  dma_axis_ip_example_i/ps7_0_axi_periph/s00_couplers/auto_ds/inst/gen_downsizer.gen_simple_downsizer.axi_downsizer_inst/USE_READ.read_addr_inst/cmd_queue/inst/m_axi_arlen[7]_INST_0_i_14/O
                         net (fo=2, routed)           0.239     2.966    dma_axis_ip_example_i/ps7_0_axi_periph/s00_couplers/auto_ds/inst/gen_downsizer.gen_simple_downsizer.axi_downsizer_inst/USE_READ.read_addr_inst/cmd_queue/inst/m_axi_arlen[7]_INST_0_i_14_n_0
    SLICE_X2Y46          LUT6 (Prop_G6LUT_SLICEL_I2_O)
                                                      0.035     3.001 r  dma_axis_ip_example_i/ps7_0_axi_periph/s00_couplers/auto_ds/inst/gen_downsizer.gen_simple_downsizer.axi_downsizer_inst/USE_READ.read_addr_inst/cmd_queue/inst/m_axi_arlen[7]_INST_0_i_10/O
                         net (fo=9, routed)           0.158     3.159    dma_axis_ip_example_i/ps7_0_axi_periph/s00_couplers/auto_ds/inst/gen_downsizer.gen_simple_downsizer.axi_downsizer_inst/USE_READ.read_addr_inst/cmd_queue/inst/m_axi_arlen[7]_INST_0_i_10_n_0
    SLICE_X2Y49          LUT5 (Prop_H6LUT_SLICEL_I1_O)
                                                      0.099     3.258 f  dma_axis_ip_example_i/ps7_0_axi_periph/s00_couplers/auto_ds/inst/gen_downsizer.gen_simple_downsizer.axi_downsizer_inst/USE_READ.read_addr_inst/cmd_queue/inst/m_axi_arlen[2]_INST_0_i_2/O
                         net (fo=2, routed)           0.306     3.564    dma_axis_ip_example_i/ps7_0_axi_periph/s00_couplers/auto_ds/inst/gen_downsizer.gen_simple_downsizer.axi_downsizer_inst/USE_READ.read_addr_inst/cmd_queue/inst/m_axi_arlen[2]_INST_0_i_2_n_0
    SLICE_X4Y51          LUT5 (Prop_D6LUT_SLICEM_I1_O)
                                                      0.088     3.652 r  dma_axis_ip_example_i/ps7_0_axi_periph/s00_couplers/auto_ds/inst/gen_downsizer.gen_simple_downsizer.axi_downsizer_inst/USE_READ.read_addr_inst/cmd_queue/inst/m_axi_arlen[3]_INST_0_i_1/O
                         net (fo=3, routed)           0.231     3.883    dma_axis_ip_example_i/ps7_0_axi_periph/s00_couplers/auto_ds/inst/gen_downsizer.gen_simple_downsizer.axi_downsizer_inst/USE_READ.read_addr_inst/cmd_queue/inst/m_axi_arlen[3]_INST_0_i_1_n_0
    SLICE_X3Y50          LUT5 (Prop_B6LUT_SLICEL_I2_O)
                                                      0.036     3.919 r  dma_axis_ip_example_i/ps7_0_axi_periph/s00_couplers/auto_ds/inst/gen_downsizer.gen_simple_downsizer.axi_downsizer_inst/USE_READ.read_addr_inst/cmd_queue/inst/m_axi_arlen[7]_INST_0_i_4/O
                         net (fo=3, routed)           0.229     4.148    dma_axis_ip_example_i/ps7_0_axi_periph/s00_couplers/auto_ds/inst/gen_downsizer.gen_simple_downsizer.axi_downsizer_inst/USE_READ.read_addr_inst/cmd_queue/inst/m_axi_arlen[7]_INST_0_i_4_n_0
    SLICE_X1Y48          LUT5 (Prop_D6LUT_SLICEM_I0_O)
                                                      0.088     4.236 r  dma_axis_ip_example_i/ps7_0_axi_periph/s00_couplers/auto_ds/inst/gen_downsizer.gen_simple_downsizer.axi_downsizer_inst/USE_READ.read_addr_inst/cmd_queue/inst/m_axi_arlen[5]_INST_0/O
                         net (fo=3, routed)           0.401     4.637    dma_axis_ip_example_i/ps7_0_axi_periph/s00_couplers/auto_pc/inst/gen_axilite.gen_b2s_conv.axilite_b2s/SI_REG/ar.ar_pipe/s_axi_arlen[5]
    SLICE_X6Y50          LUT3 (Prop_C5LUT_SLICEL_I0_O)
                                                      0.110     4.747 r  dma_axis_ip_example_i/ps7_0_axi_periph/s00_couplers/auto_pc/inst/gen_axilite.gen_b2s_conv.axilite_b2s/SI_REG/ar.ar_pipe/m_payload_i[57]_i_1__0/O
                         net (fo=1, routed)           0.016     4.763    dma_axis_ip_example_i/ps7_0_axi_periph/s00_couplers/auto_pc/inst/gen_axilite.gen_b2s_conv.axilite_b2s/SI_REG/ar.ar_pipe/m_payload_i[57]_i_1__0_n_0
    SLICE_X6Y50          FDRE                                         r  dma_axis_ip_example_i/ps7_0_axi_periph/s00_couplers/auto_pc/inst/gen_axilite.gen_b2s_conv.axilite_b2s/SI_REG/ar.ar_pipe/m_payload_i_reg[57]/D
  -------------------------------------------------------------------    -------------------

                         (clock clk_pl_0 rise edge)
                                                     10.000    10.000 r  
    PS8_X0Y0             PS8                          0.000    10.000 r  dma_axis_ip_example_i/zynq_ultra_ps_e_0/inst/PS8_i/PLCLK[0]
                         net (fo=1, routed)           0.135    10.135    dma_axis_ip_example_i/zynq_ultra_ps_e_0/inst/pl_clk_unbuffered[0]
    BUFG_PS_X0Y67        BUFG_PS (Prop_BUFG_PS_I_O)
                                                      0.025    10.160 r  dma_axis_ip_example_i/zynq_ultra_ps_e_0/inst/buffer_pl_clk_0.PL_CLK_0_BUFG/O
    X0Y1 (CLOCK_ROOT)    net (fo=5975, routed)        1.615    11.775    dma_axis_ip_example_i/ps7_0_axi_periph/s00_couplers/auto_pc/inst/gen_axilite.gen_b2s_conv.axilite_b2s/SI_REG/ar.ar_pipe/aclk
    SLICE_X6Y50          FDRE                                         r  dma_axis_ip_example_i/ps7_0_axi_periph/s00_couplers/auto_pc/inst/gen_axilite.gen_b2s_conv.axilite_b2s/SI_REG/ar.ar_pipe/m_payload_i_reg[57]/C
                         clock pessimism              0.163    11.938    
                         clock uncertainty           -0.130    11.808    
    SLICE_X6Y50          FDRE (Setup_CFF2_SLICEL_C_D)
                                                      0.025    11.833    dma_axis_ip_example_i/ps7_0_axi_periph/s00_couplers/auto_pc/inst/gen_axilite.gen_b2s_conv.axilite_b2s/SI_REG/ar.ar_pipe/m_payload_i_reg[57]
  -------------------------------------------------------------------
                         required time                         11.833    
                         arrival time                          -4.763    
  -------------------------------------------------------------------
                         slack                                  7.070    

Slack (MET) :             7.083ns  (required time - arrival time)
  Source:                 dma_axis_ip_example_i/ps7_0_axi_periph/s00_couplers/auto_ds/inst/gen_downsizer.gen_simple_downsizer.axi_downsizer_inst/USE_WRITE.write_addr_inst/S_AXI_ALEN_Q_reg[0]/C
                            (rising edge-triggered cell FDRE clocked by clk_pl_0  {rise@0.000ns fall@5.000ns period=10.000ns})
  Destination:            dma_axis_ip_example_i/ps7_0_axi_periph/s00_couplers/auto_pc/inst/gen_axilite.gen_b2s_conv.axilite_b2s/SI_REG/aw.aw_pipe/m_payload_i_reg[59]/D
                            (rising edge-triggered cell FDRE clocked by clk_pl_0  {rise@0.000ns fall@5.000ns period=10.000ns})
  Path Group:             clk_pl_0
  Path Type:              Setup (Max at Slow Process Corner)
  Requirement:            10.000ns  (clk_pl_0 rise@10.000ns - clk_pl_0 rise@0.000ns)
  Data Path Delay:        2.731ns  (logic 0.907ns (33.212%)  route 1.824ns (66.788%))
  Logic Levels:           8  (LUT3=1 LUT5=3 LUT6=4)
  Clock Path Skew:        -0.081ns (DCD - SCD + CPR)
    Destination Clock Delay (DCD):    1.763ns = ( 11.763 - 10.000 ) 
    Source Clock Delay      (SCD):    2.007ns
    Clock Pessimism Removal (CPR):    0.163ns
  Clock Uncertainty:      0.130ns  ((TSJ^2 + DJ^2)^1/2) / 2 + PE
    Total System Jitter     (TSJ):    0.071ns
    Discrete Jitter          (DJ):    0.250ns
    Phase Error              (PE):    0.000ns
  Clock Net Delay (Source):      1.808ns (routing 0.753ns, distribution 1.055ns)
  Clock Net Delay (Destination): 1.603ns (routing 0.683ns, distribution 0.920ns)

    Location             Delay type                Incr(ns)  Path(ns)    Netlist Resource(s)
  -------------------------------------------------------------------    -------------------
                         (clock clk_pl_0 rise edge)
                                                      0.000     0.000 r  
    PS8_X0Y0             PS8                          0.000     0.000 r  dma_axis_ip_example_i/zynq_ultra_ps_e_0/inst/PS8_i/PLCLK[0]
                         net (fo=1, routed)           0.171     0.171    dma_axis_ip_example_i/zynq_ultra_ps_e_0/inst/pl_clk_unbuffered[0]
    BUFG_PS_X0Y67        BUFG_PS (Prop_BUFG_PS_I_O)
                                                      0.028     0.199 r  dma_axis_ip_example_i/zynq_ultra_ps_e_0/inst/buffer_pl_clk_0.PL_CLK_0_BUFG/O
    X0Y1 (CLOCK_ROOT)    net (fo=5975, routed)        1.808     2.007    dma_axis_ip_example_i/ps7_0_axi_periph/s00_couplers/auto_ds/inst/gen_downsizer.gen_simple_downsizer.axi_downsizer_inst/USE_WRITE.write_addr_inst/CLK
    SLICE_X3Y36          FDRE                                         r  dma_axis_ip_example_i/ps7_0_axi_periph/s00_couplers/auto_ds/inst/gen_downsizer.gen_simple_downsizer.axi_downsizer_inst/USE_WRITE.write_addr_inst/S_AXI_ALEN_Q_reg[0]/C
  -------------------------------------------------------------------    -------------------
    SLICE_X3Y36          FDRE (Prop_FFF_SLICEL_C_Q)
                                                      0.079     2.086 r  dma_axis_ip_example_i/ps7_0_axi_periph/s00_couplers/auto_ds/inst/gen_downsizer.gen_simple_downsizer.axi_downsizer_inst/USE_WRITE.write_addr_inst/S_AXI_ALEN_Q_reg[0]/Q
                         net (fo=4, routed)           0.288     2.374    dma_axis_ip_example_i/ps7_0_axi_periph/s00_couplers/auto_ds/inst/gen_downsizer.gen_simple_downsizer.axi_downsizer_inst/USE_WRITE.write_addr_inst/USE_B_CHANNEL.cmd_b_queue/inst/gpr1.dout_i_reg[1]_0[0]
    SLICE_X1Y35          LUT6 (Prop_G6LUT_SLICEM_I5_O)
                                                      0.052     2.426 r  dma_axis_ip_example_i/ps7_0_axi_periph/s00_couplers/auto_ds/inst/gen_downsizer.gen_simple_downsizer.axi_downsizer_inst/USE_WRITE.write_addr_inst/USE_B_CHANNEL.cmd_b_queue/inst/m_axi_awlen[7]_INST_0_i_18/O
                         net (fo=1, routed)           0.050     2.476    dma_axis_ip_example_i/ps7_0_axi_periph/s00_couplers/auto_ds/inst/gen_downsizer.gen_simple_downsizer.axi_downsizer_inst/USE_WRITE.write_addr_inst/USE_B_CHANNEL.cmd_b_queue/inst/m_axi_awlen[7]_INST_0_i_18_n_0
    SLICE_X1Y35          LUT6 (Prop_B6LUT_SLICEM_I1_O)
                                                      0.125     2.601 r  dma_axis_ip_example_i/ps7_0_axi_periph/s00_couplers/auto_ds/inst/gen_downsizer.gen_simple_downsizer.axi_downsizer_inst/USE_WRITE.write_addr_inst/USE_B_CHANNEL.cmd_b_queue/inst/m_axi_awlen[7]_INST_0_i_13/O
                         net (fo=2, routed)           0.236     2.837    dma_axis_ip_example_i/ps7_0_axi_periph/s00_couplers/auto_ds/inst/gen_downsizer.gen_simple_downsizer.axi_downsizer_inst/USE_WRITE.write_addr_inst/cmd_queue/inst/m_axi_awlen[1]_INST_0_i_1_0
    SLICE_X3Y35          LUT6 (Prop_G6LUT_SLICEL_I1_O)
                                                      0.050     2.887 r  dma_axis_ip_example_i/ps7_0_axi_periph/s00_couplers/auto_ds/inst/gen_downsizer.gen_simple_downsizer.axi_downsizer_inst/USE_WRITE.write_addr_inst/cmd_queue/inst/m_axi_awlen[7]_INST_0_i_10/O
                         net (fo=9, routed)           0.360     3.246    dma_axis_ip_example_i/ps7_0_axi_periph/s00_couplers/auto_ds/inst/gen_downsizer.gen_simple_downsizer.axi_downsizer_inst/USE_WRITE.write_addr_inst/cmd_queue/inst/m_axi_awlen[7]_INST_0_i_10_n_0
    SLICE_X1Y33          LUT5 (Prop_D6LUT_SLICEM_I1_O)
                                                      0.051     3.297 f  dma_axis_ip_example_i/ps7_0_axi_periph/s00_couplers/auto_ds/inst/gen_downsizer.gen_simple_downsizer.axi_downsizer_inst/USE_WRITE.write_addr_inst/cmd_queue/inst/m_axi_awlen[2]_INST_0_i_2/O
                         net (fo=2, routed)           0.190     3.487    dma_axis_ip_example_i/ps7_0_axi_periph/s00_couplers/auto_ds/inst/gen_downsizer.gen_simple_downsizer.axi_downsizer_inst/USE_WRITE.write_addr_inst/cmd_queue/inst/m_axi_awlen[2]_INST_0_i_2_n_0
    SLICE_X3Y33          LUT5 (Prop_D6LUT_SLICEL_I1_O)
                                                      0.146     3.633 r  dma_axis_ip_example_i/ps7_0_axi_periph/s00_couplers/auto_ds/inst/gen_downsizer.gen_simple_downsizer.axi_downsizer_inst/USE_WRITE.write_addr_inst/cmd_queue/inst/m_axi_awlen[3]_INST_0_i_1/O
                         net (fo=3, routed)           0.195     3.828    dma_axis_ip_example_i/ps7_0_axi_periph/s00_couplers/auto_ds/inst/gen_downsizer.gen_simple_downsizer.axi_downsizer_inst/USE_WRITE.write_addr_inst/cmd_queue/inst/m_axi_awlen[3]_INST_0_i_1_n_0
    SLICE_X2Y34          LUT5 (Prop_D6LUT_SLICEL_I2_O)
                                                      0.146     3.974 r  dma_axis_ip_example_i/ps7_0_axi_periph/s00_couplers/auto_ds/inst/gen_downsizer.gen_simple_downsizer.axi_downsizer_inst/USE_WRITE.write_addr_inst/cmd_queue/inst/m_axi_awlen[7]_INST_0_i_4/O
                         net (fo=3, routed)           0.193     4.167    dma_axis_ip_example_i/ps7_0_axi_periph/s00_couplers/auto_ds/inst/gen_downsizer.gen_simple_downsizer.axi_downsizer_inst/USE_WRITE.write_addr_inst/cmd_queue/inst/m_axi_awlen[7]_INST_0_i_4_n_0
    SLICE_X2Y37          LUT6 (Prop_G6LUT_SLICEL_I3_O)
                                                      0.097     4.264 r  dma_axis_ip_example_i/ps7_0_axi_periph/s00_couplers/auto_ds/inst/gen_downsizer.gen_simple_downsizer.axi_downsizer_inst/USE_WRITE.write_addr_inst/cmd_queue/inst/m_axi_awlen[7]_INST_0/O
                         net (fo=3, routed)           0.296     4.560    dma_axis_ip_example_i/ps7_0_axi_periph/s00_couplers/auto_pc/inst/gen_axilite.gen_b2s_conv.axilite_b2s/SI_REG/aw.aw_pipe/s_axi_awlen[7]
    SLICE_X7Y37          LUT3 (Prop_A5LUT_SLICEL_I0_O)
                                                      0.161     4.721 r  dma_axis_ip_example_i/ps7_0_axi_periph/s00_couplers/auto_pc/inst/gen_axilite.gen_b2s_conv.axilite_b2s/SI_REG/aw.aw_pipe/m_payload_i[59]_i_1/O
                         net (fo=1, routed)           0.017     4.738    dma_axis_ip_example_i/ps7_0_axi_periph/s00_couplers/auto_pc/inst/gen_axilite.gen_b2s_conv.axilite_b2s/SI_REG/aw.aw_pipe/skid_buffer[59]
    SLICE_X7Y37          FDRE                                         r  dma_axis_ip_example_i/ps7_0_axi_periph/s00_couplers/auto_pc/inst/gen_axilite.gen_b2s_conv.axilite_b2s/SI_REG/aw.aw_pipe/m_payload_i_reg[59]/D
  -------------------------------------------------------------------    -------------------

                         (clock clk_pl_0 rise edge)
                                                     10.000    10.000 r  
    PS8_X0Y0             PS8                          0.000    10.000 r  dma_axis_ip_example_i/zynq_ultra_ps_e_0/inst/PS8_i/PLCLK[0]
                         net (fo=1, routed)           0.135    10.135    dma_axis_ip_example_i/zynq_ultra_ps_e_0/inst/pl_clk_unbuffered[0]
    BUFG_PS_X0Y67        BUFG_PS (Prop_BUFG_PS_I_O)
                                                      0.025    10.160 r  dma_axis_ip_example_i/zynq_ultra_ps_e_0/inst/buffer_pl_clk_0.PL_CLK_0_BUFG/O
    X0Y1 (CLOCK_ROOT)    net (fo=5975, routed)        1.603    11.763    dma_axis_ip_example_i/ps7_0_axi_periph/s00_couplers/auto_pc/inst/gen_axilite.gen_b2s_conv.axilite_b2s/SI_REG/aw.aw_pipe/aclk
    SLICE_X7Y37          FDRE                                         r  dma_axis_ip_example_i/ps7_0_axi_periph/s00_couplers/auto_pc/inst/gen_axilite.gen_b2s_conv.axilite_b2s/SI_REG/aw.aw_pipe/m_payload_i_reg[59]/C
                         clock pessimism              0.163    11.926    
                         clock uncertainty           -0.130    11.796    
    SLICE_X7Y37          FDRE (Setup_AFF2_SLICEL_C_D)
                                                      0.025    11.821    dma_axis_ip_example_i/ps7_0_axi_periph/s00_couplers/auto_pc/inst/gen_axilite.gen_b2s_conv.axilite_b2s/SI_REG/aw.aw_pipe/m_payload_i_reg[59]
  -------------------------------------------------------------------
                         required time                         11.821    
                         arrival time                          -4.738    
  -------------------------------------------------------------------
                         slack                                  7.083    

Slack (MET) :             7.085ns  (required time - arrival time)
  Source:                 dma_axis_ip_example_i/ps7_0_axi_periph/s00_couplers/auto_ds/inst/gen_downsizer.gen_simple_downsizer.axi_downsizer_inst/USE_WRITE.write_addr_inst/S_AXI_ALEN_Q_reg[0]/C
                            (rising edge-triggered cell FDRE clocked by clk_pl_0  {rise@0.000ns fall@5.000ns period=10.000ns})
  Destination:            dma_axis_ip_example_i/ps7_0_axi_periph/s00_couplers/auto_ds/inst/gen_downsizer.gen_simple_downsizer.axi_downsizer_inst/USE_WRITE.write_addr_inst/cmd_queue/inst/fifo_gen_inst/inst_fifo_gen/gconvfifo.rf/grf.rf/gntv_or_sync_fifo.mem/gdm.dm_gen.dm/RAM_reg_0_31_0_13/RAMF/I
                            (rising edge-triggered cell RAMD32 clocked by clk_pl_0  {rise@0.000ns fall@5.000ns period=10.000ns})
  Path Group:             clk_pl_0
  Path Type:              Setup (Max at Slow Process Corner)
  Requirement:            10.000ns  (clk_pl_0 rise@10.000ns - clk_pl_0 rise@0.000ns)
  Data Path Delay:        2.664ns  (logic 0.746ns (28.000%)  route 1.918ns (72.000%))
  Logic Levels:           7  (LUT5=3 LUT6=4)
  Clock Path Skew:        -0.064ns (DCD - SCD + CPR)
    Destination Clock Delay (DCD):    1.780ns = ( 11.780 - 10.000 ) 
    Source Clock Delay      (SCD):    2.007ns
    Clock Pessimism Removal (CPR):    0.163ns
  Clock Uncertainty:      0.130ns  ((TSJ^2 + DJ^2)^1/2) / 2 + PE
    Total System Jitter     (TSJ):    0.071ns
    Discrete Jitter          (DJ):    0.250ns
    Phase Error              (PE):    0.000ns
  Clock Net Delay (Source):      1.808ns (routing 0.753ns, distribution 1.055ns)
  Clock Net Delay (Destination): 1.620ns (routing 0.683ns, distribution 0.937ns)

    Location             Delay type                Incr(ns)  Path(ns)    Netlist Resource(s)
  -------------------------------------------------------------------    -------------------
                         (clock clk_pl_0 rise edge)
                                                      0.000     0.000 r  
    PS8_X0Y0             PS8                          0.000     0.000 r  dma_axis_ip_example_i/zynq_ultra_ps_e_0/inst/PS8_i/PLCLK[0]
                         net (fo=1, routed)           0.171     0.171    dma_axis_ip_example_i/zynq_ultra_ps_e_0/inst/pl_clk_unbuffered[0]
    BUFG_PS_X0Y67        BUFG_PS (Prop_BUFG_PS_I_O)
                                                      0.028     0.199 r  dma_axis_ip_example_i/zynq_ultra_ps_e_0/inst/buffer_pl_clk_0.PL_CLK_0_BUFG/O
    X0Y1 (CLOCK_ROOT)    net (fo=5975, routed)        1.808     2.007    dma_axis_ip_example_i/ps7_0_axi_periph/s00_couplers/auto_ds/inst/gen_downsizer.gen_simple_downsizer.axi_downsizer_inst/USE_WRITE.write_addr_inst/CLK
    SLICE_X3Y36          FDRE                                         r  dma_axis_ip_example_i/ps7_0_axi_periph/s00_couplers/auto_ds/inst/gen_downsizer.gen_simple_downsizer.axi_downsizer_inst/USE_WRITE.write_addr_inst/S_AXI_ALEN_Q_reg[0]/C
  -------------------------------------------------------------------    -------------------
    SLICE_X3Y36          FDRE (Prop_FFF_SLICEL_C_Q)
                                                      0.079     2.086 r  dma_axis_ip_example_i/ps7_0_axi_periph/s00_couplers/auto_ds/inst/gen_downsizer.gen_simple_downsizer.axi_downsizer_inst/USE_WRITE.write_addr_inst/S_AXI_ALEN_Q_reg[0]/Q
                         net (fo=4, routed)           0.288     2.374    dma_axis_ip_example_i/ps7_0_axi_periph/s00_couplers/auto_ds/inst/gen_downsizer.gen_simple_downsizer.axi_downsizer_inst/USE_WRITE.write_addr_inst/USE_B_CHANNEL.cmd_b_queue/inst/gpr1.dout_i_reg[1]_0[0]
    SLICE_X1Y35          LUT6 (Prop_G6LUT_SLICEM_I5_O)
                                                      0.052     2.426 r  dma_axis_ip_example_i/ps7_0_axi_periph/s00_couplers/auto_ds/inst/gen_downsizer.gen_simple_downsizer.axi_downsizer_inst/USE_WRITE.write_addr_inst/USE_B_CHANNEL.cmd_b_queue/inst/m_axi_awlen[7]_INST_0_i_18/O
                         net (fo=1, routed)           0.050     2.476    dma_axis_ip_example_i/ps7_0_axi_periph/s00_couplers/auto_ds/inst/gen_downsizer.gen_simple_downsizer.axi_downsizer_inst/USE_WRITE.write_addr_inst/USE_B_CHANNEL.cmd_b_queue/inst/m_axi_awlen[7]_INST_0_i_18_n_0
    SLICE_X1Y35          LUT6 (Prop_B6LUT_SLICEM_I1_O)
                                                      0.125     2.601 r  dma_axis_ip_example_i/ps7_0_axi_periph/s00_couplers/auto_ds/inst/gen_downsizer.gen_simple_downsizer.axi_downsizer_inst/USE_WRITE.write_addr_inst/USE_B_CHANNEL.cmd_b_queue/inst/m_axi_awlen[7]_INST_0_i_13/O
                         net (fo=2, routed)           0.236     2.837    dma_axis_ip_example_i/ps7_0_axi_periph/s00_couplers/auto_ds/inst/gen_downsizer.gen_simple_downsizer.axi_downsizer_inst/USE_WRITE.write_addr_inst/cmd_queue/inst/m_axi_awlen[1]_INST_0_i_1_0
    SLICE_X3Y35          LUT6 (Prop_G6LUT_SLICEL_I1_O)
                                                      0.050     2.887 r  dma_axis_ip_example_i/ps7_0_axi_periph/s00_couplers/auto_ds/inst/gen_downsizer.gen_simple_downsizer.axi_downsizer_inst/USE_WRITE.write_addr_inst/cmd_queue/inst/m_axi_awlen[7]_INST_0_i_10/O
                         net (fo=9, routed)           0.360     3.246    dma_axis_ip_example_i/ps7_0_axi_periph/s00_couplers/auto_ds/inst/gen_downsizer.gen_simple_downsizer.axi_downsizer_inst/USE_WRITE.write_addr_inst/cmd_queue/inst/m_axi_awlen[7]_INST_0_i_10_n_0
    SLICE_X1Y33          LUT5 (Prop_D6LUT_SLICEM_I1_O)
                                                      0.051     3.297 f  dma_axis_ip_example_i/ps7_0_axi_periph/s00_couplers/auto_ds/inst/gen_downsizer.gen_simple_downsizer.axi_downsizer_inst/USE_WRITE.write_addr_inst/cmd_queue/inst/m_axi_awlen[2]_INST_0_i_2/O
                         net (fo=2, routed)           0.190     3.487    dma_axis_ip_example_i/ps7_0_axi_periph/s00_couplers/auto_ds/inst/gen_downsizer.gen_simple_downsizer.axi_downsizer_inst/USE_WRITE.write_addr_inst/cmd_queue/inst/m_axi_awlen[2]_INST_0_i_2_n_0
    SLICE_X3Y33          LUT5 (Prop_D6LUT_SLICEL_I1_O)
                                                      0.146     3.633 r  dma_axis_ip_example_i/ps7_0_axi_periph/s00_couplers/auto_ds/inst/gen_downsizer.gen_simple_downsizer.axi_downsizer_inst/USE_WRITE.write_addr_inst/cmd_queue/inst/m_axi_awlen[3]_INST_0_i_1/O
                         net (fo=3, routed)           0.195     3.828    dma_axis_ip_example_i/ps7_0_axi_periph/s00_couplers/auto_ds/inst/gen_downsizer.gen_simple_downsizer.axi_downsizer_inst/USE_WRITE.write_addr_inst/cmd_queue/inst/m_axi_awlen[3]_INST_0_i_1_n_0
    SLICE_X2Y34          LUT5 (Prop_D6LUT_SLICEL_I2_O)
                                                      0.146     3.974 r  dma_axis_ip_example_i/ps7_0_axi_periph/s00_couplers/auto_ds/inst/gen_downsizer.gen_simple_downsizer.axi_downsizer_inst/USE_WRITE.write_addr_inst/cmd_queue/inst/m_axi_awlen[7]_INST_0_i_4/O
                         net (fo=3, routed)           0.193     4.167    dma_axis_ip_example_i/ps7_0_axi_periph/s00_couplers/auto_ds/inst/gen_downsizer.gen_simple_downsizer.axi_downsizer_inst/USE_WRITE.write_addr_inst/cmd_queue/inst/m_axi_awlen[7]_INST_0_i_4_n_0
    SLICE_X2Y37          LUT6 (Prop_G6LUT_SLICEL_I3_O)
                                                      0.097     4.264 r  dma_axis_ip_example_i/ps7_0_axi_periph/s00_couplers/auto_ds/inst/gen_downsizer.gen_simple_downsizer.axi_downsizer_inst/USE_WRITE.write_addr_inst/cmd_queue/inst/m_axi_awlen[7]_INST_0/O
                         net (fo=3, routed)           0.407     4.671    dma_axis_ip_example_i/ps7_0_axi_periph/s00_couplers/auto_ds/inst/gen_downsizer.gen_simple_downsizer.axi_downsizer_inst/USE_WRITE.write_addr_inst/cmd_queue/inst/fifo_gen_inst/inst_fifo_gen/gconvfifo.rf/grf.rf/gntv_or_sync_fifo.mem/gdm.dm_gen.dm/RAM_reg_0_31_0_13/DIF0
    SLICE_X5Y35          RAMD32                                       r  dma_axis_ip_example_i/ps7_0_axi_periph/s00_couplers/auto_ds/inst/gen_downsizer.gen_simple_downsizer.axi_downsizer_inst/USE_WRITE.write_addr_inst/cmd_queue/inst/fifo_gen_inst/inst_fifo_gen/gconvfifo.rf/grf.rf/gntv_or_sync_fifo.mem/gdm.dm_gen.dm/RAM_reg_0_31_0_13/RAMF/I
  -------------------------------------------------------------------    -------------------

                         (clock clk_pl_0 rise edge)
                                                     10.000    10.000 r  
    PS8_X0Y0             PS8                          0.000    10.000 r  dma_axis_ip_example_i/zynq_ultra_ps_e_0/inst/PS8_i/PLCLK[0]
                         net (fo=1, routed)           0.135    10.135    dma_axis_ip_example_i/zynq_ultra_ps_e_0/inst/pl_clk_unbuffered[0]
    BUFG_PS_X0Y67        BUFG_PS (Prop_BUFG_PS_I_O)
                                                      0.025    10.160 r  dma_axis_ip_example_i/zynq_ultra_ps_e_0/inst/buffer_pl_clk_0.PL_CLK_0_BUFG/O
    X0Y1 (CLOCK_ROOT)    net (fo=5975, routed)        1.620    11.780    dma_axis_ip_example_i/ps7_0_axi_periph/s00_couplers/auto_ds/inst/gen_downsizer.gen_simple_downsizer.axi_downsizer_inst/USE_WRITE.write_addr_inst/cmd_queue/inst/fifo_gen_inst/inst_fifo_gen/gconvfifo.rf/grf.rf/gntv_or_sync_fifo.mem/gdm.dm_gen.dm/RAM_reg_0_31_0_13/WCLK
    SLICE_X5Y35          RAMD32                                       r  dma_axis_ip_example_i/ps7_0_axi_periph/s00_couplers/auto_ds/inst/gen_downsizer.gen_simple_downsizer.axi_downsizer_inst/USE_WRITE.write_addr_inst/cmd_queue/inst/fifo_gen_inst/inst_fifo_gen/gconvfifo.rf/grf.rf/gntv_or_sync_fifo.mem/gdm.dm_gen.dm/RAM_reg_0_31_0_13/RAMF/CLK
                         clock pessimism              0.163    11.943    
                         clock uncertainty           -0.130    11.813    
    SLICE_X5Y35          RAMD32 (Setup_F5LUT_SLICEM_CLK_I)
                                                     -0.057    11.756    dma_axis_ip_example_i/ps7_0_axi_periph/s00_couplers/auto_ds/inst/gen_downsizer.gen_simple_downsizer.axi_downsizer_inst/USE_WRITE.write_addr_inst/cmd_queue/inst/fifo_gen_inst/inst_fifo_gen/gconvfifo.rf/grf.rf/gntv_or_sync_fifo.mem/gdm.dm_gen.dm/RAM_reg_0_31_0_13/RAMF
  -------------------------------------------------------------------
                         required time                         11.756    
                         arrival time                          -4.671    
  -------------------------------------------------------------------
                         slack                                  7.085    

Slack (MET) :             7.087ns  (required time - arrival time)
  Source:                 dma_axis_ip_example_i/zynq_ultra_ps_e_0/inst/PS8_i/MAXIGP0ACLK
                            (rising edge-triggered cell PS8 clocked by clk_pl_0  {rise@0.000ns fall@5.000ns period=10.000ns})
  Destination:            dma_axis_ip_example_i/axi_dma/U0/I_AXI_DMA_REG_MODULE/GEN_S2MM_REGISTERS.I_S2MM_DMA_REGISTER/GEN_REG_FOR_SMPL.buffer_length_wren_reg/D
                            (rising edge-triggered cell FDRE clocked by clk_pl_0  {rise@0.000ns fall@5.000ns period=10.000ns})
  Path Group:             clk_pl_0
  Path Type:              Setup (Max at Slow Process Corner)
  Requirement:            10.000ns  (clk_pl_0 rise@10.000ns - clk_pl_0 rise@0.000ns)
  Data Path Delay:        2.767ns  (logic 0.950ns (34.339%)  route 1.817ns (65.661%))
  Logic Levels:           3  (LUT3=1 LUT4=1 LUT6=1)
  Clock Path Skew:        -0.041ns (DCD - SCD + CPR)
    Destination Clock Delay (DCD):    1.772ns = ( 11.772 - 10.000 ) 
    Source Clock Delay      (SCD):    1.976ns
    Clock Pessimism Removal (CPR):    0.163ns
  Clock Uncertainty:      0.130ns  ((TSJ^2 + DJ^2)^1/2) / 2 + PE
    Total System Jitter     (TSJ):    0.071ns
    Discrete Jitter          (DJ):    0.250ns
    Phase Error              (PE):    0.000ns
  Clock Net Delay (Source):      1.777ns (routing 0.753ns, distribution 1.024ns)
  Clock Net Delay (Destination): 1.612ns (routing 0.683ns, distribution 0.929ns)

    Location             Delay type                Incr(ns)  Path(ns)    Netlist Resource(s)
  -------------------------------------------------------------------    -------------------
                         (clock clk_pl_0 rise edge)
                                                      0.000     0.000 r  
    PS8_X0Y0             PS8                          0.000     0.000 r  dma_axis_ip_example_i/zynq_ultra_ps_e_0/inst/PS8_i/PLCLK[0]
                         net (fo=1, routed)           0.171     0.171    dma_axis_ip_example_i/zynq_ultra_ps_e_0/inst/pl_clk_unbuffered[0]
    BUFG_PS_X0Y67        BUFG_PS (Prop_BUFG_PS_I_O)
                                                      0.028     0.199 r  dma_axis_ip_example_i/zynq_ultra_ps_e_0/inst/buffer_pl_clk_0.PL_CLK_0_BUFG/O
    X0Y1 (CLOCK_ROOT)    net (fo=5975, routed)        1.777     1.976    dma_axis_ip_example_i/zynq_ultra_ps_e_0/inst/maxihpm0_fpd_aclk
    PS8_X0Y0             PS8                                          r  dma_axis_ip_example_i/zynq_ultra_ps_e_0/inst/PS8_i/MAXIGP0ACLK
  -------------------------------------------------------------------    -------------------
    PS8_X0Y0             PS8 (Prop_PS8_MAXIGP0ACLK_MAXIGP0WDATA[0])
                                                      0.579     2.555 r  dma_axis_ip_example_i/zynq_ultra_ps_e_0/inst/PS8_i/MAXIGP0WDATA[0]
                         net (fo=1, routed)           0.805     3.360    dma_axis_ip_example_i/ps7_0_axi_periph/s00_couplers/auto_ds/inst/gen_downsizer.gen_simple_downsizer.axi_downsizer_inst/USE_WRITE.write_data_inst/s_axi_wdata[0]
    SLICE_X0Y38          LUT3 (Prop_B6LUT_SLICEL_I0_O)
                                                      0.124     3.484 r  dma_axis_ip_example_i/ps7_0_axi_periph/s00_couplers/auto_ds/inst/gen_downsizer.gen_simple_downsizer.axi_downsizer_inst/USE_WRITE.write_data_inst/m_axi_wdata[0]_INST_0/O
                         net (fo=22, routed)          0.891     4.375    dma_axis_ip_example_i/axi_dma/U0/I_AXI_DMA_REG_MODULE/GEN_S2MM_REGISTERS.I_S2MM_DMA_REGISTER/s_axi_lite_wdata[0]
    SLICE_X4Y53          LUT6 (Prop_G6LUT_SLICEM_I4_O)
                                                      0.150     4.525 r  dma_axis_ip_example_i/axi_dma/U0/I_AXI_DMA_REG_MODULE/GEN_S2MM_REGISTERS.I_S2MM_DMA_REGISTER/GEN_REG_FOR_SMPL.buffer_length_wren_i_3/O
                         net (fo=2, routed)           0.091     4.616    dma_axis_ip_example_i/axi_dma/U0/I_AXI_DMA_REG_MODULE/GEN_AXI_LITE_IF.AXI_LITE_IF_I/GEN_REG_FOR_SMPL.buffer_length_wren_reg_0
    SLICE_X4Y53          LUT4 (Prop_D5LUT_SLICEM_I1_O)
                                                      0.097     4.713 r  dma_axis_ip_example_i/axi_dma/U0/I_AXI_DMA_REG_MODULE/GEN_AXI_LITE_IF.AXI_LITE_IF_I/GEN_REG_FOR_SMPL.buffer_length_wren_i_1__0/O
                         net (fo=1, routed)           0.030     4.743    dma_axis_ip_example_i/axi_dma/U0/I_AXI_DMA_REG_MODULE/GEN_S2MM_REGISTERS.I_S2MM_DMA_REGISTER/buffer_length_wren0
    SLICE_X4Y53          FDRE                                         r  dma_axis_ip_example_i/axi_dma/U0/I_AXI_DMA_REG_MODULE/GEN_S2MM_REGISTERS.I_S2MM_DMA_REGISTER/GEN_REG_FOR_SMPL.buffer_length_wren_reg/D
  -------------------------------------------------------------------    -------------------

                         (clock clk_pl_0 rise edge)
                                                     10.000    10.000 r  
    PS8_X0Y0             PS8                          0.000    10.000 r  dma_axis_ip_example_i/zynq_ultra_ps_e_0/inst/PS8_i/PLCLK[0]
                         net (fo=1, routed)           0.135    10.135    dma_axis_ip_example_i/zynq_ultra_ps_e_0/inst/pl_clk_unbuffered[0]
    BUFG_PS_X0Y67        BUFG_PS (Prop_BUFG_PS_I_O)
                                                      0.025    10.160 r  dma_axis_ip_example_i/zynq_ultra_ps_e_0/inst/buffer_pl_clk_0.PL_CLK_0_BUFG/O
    X0Y1 (CLOCK_ROOT)    net (fo=5975, routed)        1.612    11.772    dma_axis_ip_example_i/axi_dma/U0/I_AXI_DMA_REG_MODULE/GEN_S2MM_REGISTERS.I_S2MM_DMA_REGISTER/s_axi_lite_aclk
    SLICE_X4Y53          FDRE                                         r  dma_axis_ip_example_i/axi_dma/U0/I_AXI_DMA_REG_MODULE/GEN_S2MM_REGISTERS.I_S2MM_DMA_REGISTER/GEN_REG_FOR_SMPL.buffer_length_wren_reg/C
                         clock pessimism              0.163    11.935    
                         clock uncertainty           -0.130    11.805    
    SLICE_X4Y53          FDRE (Setup_DFF2_SLICEM_C_D)
                                                      0.025    11.830    dma_axis_ip_example_i/axi_dma/U0/I_AXI_DMA_REG_MODULE/GEN_S2MM_REGISTERS.I_S2MM_DMA_REGISTER/GEN_REG_FOR_SMPL.buffer_length_wren_reg
  -------------------------------------------------------------------
                         required time                         11.830    
                         arrival time                          -4.743    
  -------------------------------------------------------------------
                         slack                                  7.087    

Slack (MET) :             7.095ns  (required time - arrival time)
  Source:                 dma_axis_ip_example_i/ps7_0_axi_periph/s00_couplers/auto_ds/inst/gen_downsizer.gen_simple_downsizer.axi_downsizer_inst/USE_WRITE.write_addr_inst/S_AXI_ALEN_Q_reg[0]/C
                            (rising edge-triggered cell FDRE clocked by clk_pl_0  {rise@0.000ns fall@5.000ns period=10.000ns})
  Destination:            dma_axis_ip_example_i/ps7_0_axi_periph/s00_couplers/auto_pc/inst/gen_axilite.gen_b2s_conv.axilite_b2s/SI_REG/aw.aw_pipe/m_payload_i_reg[57]/D
                            (rising edge-triggered cell FDRE clocked by clk_pl_0  {rise@0.000ns fall@5.000ns period=10.000ns})
  Path Group:             clk_pl_0
  Path Type:              Setup (Max at Slow Process Corner)
  Requirement:            10.000ns  (clk_pl_0 rise@10.000ns - clk_pl_0 rise@0.000ns)
  Data Path Delay:        2.719ns  (logic 0.854ns (31.403%)  route 1.865ns (68.597%))
  Logic Levels:           8  (LUT3=1 LUT5=4 LUT6=3)
  Clock Path Skew:        -0.081ns (DCD - SCD + CPR)
    Destination Clock Delay (DCD):    1.763ns = ( 11.763 - 10.000 ) 
    Source Clock Delay      (SCD):    2.007ns
    Clock Pessimism Removal (CPR):    0.163ns
  Clock Uncertainty:      0.130ns  ((TSJ^2 + DJ^2)^1/2) / 2 + PE
    Total System Jitter     (TSJ):    0.071ns
    Discrete Jitter          (DJ):    0.250ns
    Phase Error              (PE):    0.000ns
  Clock Net Delay (Source):      1.808ns (routing 0.753ns, distribution 1.055ns)
  Clock Net Delay (Destination): 1.603ns (routing 0.683ns, distribution 0.920ns)

    Location             Delay type                Incr(ns)  Path(ns)    Netlist Resource(s)
  -------------------------------------------------------------------    -------------------
                         (clock clk_pl_0 rise edge)
                                                      0.000     0.000 r  
    PS8_X0Y0             PS8                          0.000     0.000 r  dma_axis_ip_example_i/zynq_ultra_ps_e_0/inst/PS8_i/PLCLK[0]
                         net (fo=1, routed)           0.171     0.171    dma_axis_ip_example_i/zynq_ultra_ps_e_0/inst/pl_clk_unbuffered[0]
    BUFG_PS_X0Y67        BUFG_PS (Prop_BUFG_PS_I_O)
                                                      0.028     0.199 r  dma_axis_ip_example_i/zynq_ultra_ps_e_0/inst/buffer_pl_clk_0.PL_CLK_0_BUFG/O
    X0Y1 (CLOCK_ROOT)    net (fo=5975, routed)        1.808     2.007    dma_axis_ip_example_i/ps7_0_axi_periph/s00_couplers/auto_ds/inst/gen_downsizer.gen_simple_downsizer.axi_downsizer_inst/USE_WRITE.write_addr_inst/CLK
    SLICE_X3Y36          FDRE                                         r  dma_axis_ip_example_i/ps7_0_axi_periph/s00_couplers/auto_ds/inst/gen_downsizer.gen_simple_downsizer.axi_downsizer_inst/USE_WRITE.write_addr_inst/S_AXI_ALEN_Q_reg[0]/C
  -------------------------------------------------------------------    -------------------
    SLICE_X3Y36          FDRE (Prop_FFF_SLICEL_C_Q)
                                                      0.079     2.086 r  dma_axis_ip_example_i/ps7_0_axi_periph/s00_couplers/auto_ds/inst/gen_downsizer.gen_simple_downsizer.axi_downsizer_inst/USE_WRITE.write_addr_inst/S_AXI_ALEN_Q_reg[0]/Q
                         net (fo=4, routed)           0.288     2.374    dma_axis_ip_example_i/ps7_0_axi_periph/s00_couplers/auto_ds/inst/gen_downsizer.gen_simple_downsizer.axi_downsizer_inst/USE_WRITE.write_addr_inst/USE_B_CHANNEL.cmd_b_queue/inst/gpr1.dout_i_reg[1]_0[0]
    SLICE_X1Y35          LUT6 (Prop_G6LUT_SLICEM_I5_O)
                                                      0.052     2.426 r  dma_axis_ip_example_i/ps7_0_axi_periph/s00_couplers/auto_ds/inst/gen_downsizer.gen_simple_downsizer.axi_downsizer_inst/USE_WRITE.write_addr_inst/USE_B_CHANNEL.cmd_b_queue/inst/m_axi_awlen[7]_INST_0_i_18/O
                         net (fo=1, routed)           0.050     2.476    dma_axis_ip_example_i/ps7_0_axi_periph/s00_couplers/auto_ds/inst/gen_downsizer.gen_simple_downsizer.axi_downsizer_inst/USE_WRITE.write_addr_inst/USE_B_CHANNEL.cmd_b_queue/inst/m_axi_awlen[7]_INST_0_i_18_n_0
    SLICE_X1Y35          LUT6 (Prop_B6LUT_SLICEM_I1_O)
                                                      0.125     2.601 r  dma_axis_ip_example_i/ps7_0_axi_periph/s00_couplers/auto_ds/inst/gen_downsizer.gen_simple_downsizer.axi_downsizer_inst/USE_WRITE.write_addr_inst/USE_B_CHANNEL.cmd_b_queue/inst/m_axi_awlen[7]_INST_0_i_13/O
                         net (fo=2, routed)           0.236     2.837    dma_axis_ip_example_i/ps7_0_axi_periph/s00_couplers/auto_ds/inst/gen_downsizer.gen_simple_downsizer.axi_downsizer_inst/USE_WRITE.write_addr_inst/cmd_queue/inst/m_axi_awlen[1]_INST_0_i_1_0
    SLICE_X3Y35          LUT6 (Prop_G6LUT_SLICEL_I1_O)
                                                      0.050     2.887 r  dma_axis_ip_example_i/ps7_0_axi_periph/s00_couplers/auto_ds/inst/gen_downsizer.gen_simple_downsizer.axi_downsizer_inst/USE_WRITE.write_addr_inst/cmd_queue/inst/m_axi_awlen[7]_INST_0_i_10/O
                         net (fo=9, routed)           0.360     3.246    dma_axis_ip_example_i/ps7_0_axi_periph/s00_couplers/auto_ds/inst/gen_downsizer.gen_simple_downsizer.axi_downsizer_inst/USE_WRITE.write_addr_inst/cmd_queue/inst/m_axi_awlen[7]_INST_0_i_10_n_0
    SLICE_X1Y33          LUT5 (Prop_D6LUT_SLICEM_I1_O)
                                                      0.051     3.297 f  dma_axis_ip_example_i/ps7_0_axi_periph/s00_couplers/auto_ds/inst/gen_downsizer.gen_simple_downsizer.axi_downsizer_inst/USE_WRITE.write_addr_inst/cmd_queue/inst/m_axi_awlen[2]_INST_0_i_2/O
                         net (fo=2, routed)           0.190     3.487    dma_axis_ip_example_i/ps7_0_axi_periph/s00_couplers/auto_ds/inst/gen_downsizer.gen_simple_downsizer.axi_downsizer_inst/USE_WRITE.write_addr_inst/cmd_queue/inst/m_axi_awlen[2]_INST_0_i_2_n_0
    SLICE_X3Y33          LUT5 (Prop_D6LUT_SLICEL_I1_O)
                                                      0.146     3.633 r  dma_axis_ip_example_i/ps7_0_axi_periph/s00_couplers/auto_ds/inst/gen_downsizer.gen_simple_downsizer.axi_downsizer_inst/USE_WRITE.write_addr_inst/cmd_queue/inst/m_axi_awlen[3]_INST_0_i_1/O
                         net (fo=3, routed)           0.195     3.828    dma_axis_ip_example_i/ps7_0_axi_periph/s00_couplers/auto_ds/inst/gen_downsizer.gen_simple_downsizer.axi_downsizer_inst/USE_WRITE.write_addr_inst/cmd_queue/inst/m_axi_awlen[3]_INST_0_i_1_n_0
    SLICE_X2Y34          LUT5 (Prop_D6LUT_SLICEL_I2_O)
                                                      0.146     3.974 r  dma_axis_ip_example_i/ps7_0_axi_periph/s00_couplers/auto_ds/inst/gen_downsizer.gen_simple_downsizer.axi_downsizer_inst/USE_WRITE.write_addr_inst/cmd_queue/inst/m_axi_awlen[7]_INST_0_i_4/O
                         net (fo=3, routed)           0.143     4.117    dma_axis_ip_example_i/ps7_0_axi_periph/s00_couplers/auto_ds/inst/gen_downsizer.gen_simple_downsizer.axi_downsizer_inst/USE_WRITE.write_addr_inst/cmd_queue/inst/m_axi_awlen[7]_INST_0_i_4_n_0
    SLICE_X2Y37          LUT5 (Prop_D6LUT_SLICEL_I0_O)
                                                      0.089     4.206 r  dma_axis_ip_example_i/ps7_0_axi_periph/s00_couplers/auto_ds/inst/gen_downsizer.gen_simple_downsizer.axi_downsizer_inst/USE_WRITE.write_addr_inst/cmd_queue/inst/m_axi_awlen[5]_INST_0/O
                         net (fo=3, routed)           0.387     4.593    dma_axis_ip_example_i/ps7_0_axi_periph/s00_couplers/auto_pc/inst/gen_axilite.gen_b2s_conv.axilite_b2s/SI_REG/aw.aw_pipe/s_axi_awlen[5]
    SLICE_X7Y37          LUT3 (Prop_B5LUT_SLICEL_I0_O)
                                                      0.116     4.709 r  dma_axis_ip_example_i/ps7_0_axi_periph/s00_couplers/auto_pc/inst/gen_axilite.gen_b2s_conv.axilite_b2s/SI_REG/aw.aw_pipe/m_payload_i[57]_i_1/O
                         net (fo=1, routed)           0.018     4.727    dma_axis_ip_example_i/ps7_0_axi_periph/s00_couplers/auto_pc/inst/gen_axilite.gen_b2s_conv.axilite_b2s/SI_REG/aw.aw_pipe/skid_buffer[57]
    SLICE_X7Y37          FDRE                                         r  dma_axis_ip_example_i/ps7_0_axi_periph/s00_couplers/auto_pc/inst/gen_axilite.gen_b2s_conv.axilite_b2s/SI_REG/aw.aw_pipe/m_payload_i_reg[57]/D
  -------------------------------------------------------------------    -------------------

                         (clock clk_pl_0 rise edge)
                                                     10.000    10.000 r  
    PS8_X0Y0             PS8                          0.000    10.000 r  dma_axis_ip_example_i/zynq_ultra_ps_e_0/inst/PS8_i/PLCLK[0]
                         net (fo=1, routed)           0.135    10.135    dma_axis_ip_example_i/zynq_ultra_ps_e_0/inst/pl_clk_unbuffered[0]
    BUFG_PS_X0Y67        BUFG_PS (Prop_BUFG_PS_I_O)
                                                      0.025    10.160 r  dma_axis_ip_example_i/zynq_ultra_ps_e_0/inst/buffer_pl_clk_0.PL_CLK_0_BUFG/O
    X0Y1 (CLOCK_ROOT)    net (fo=5975, routed)        1.603    11.763    dma_axis_ip_example_i/ps7_0_axi_periph/s00_couplers/auto_pc/inst/gen_axilite.gen_b2s_conv.axilite_b2s/SI_REG/aw.aw_pipe/aclk
    SLICE_X7Y37          FDRE                                         r  dma_axis_ip_example_i/ps7_0_axi_periph/s00_couplers/auto_pc/inst/gen_axilite.gen_b2s_conv.axilite_b2s/SI_REG/aw.aw_pipe/m_payload_i_reg[57]/C
                         clock pessimism              0.163    11.926    
                         clock uncertainty           -0.130    11.796    
    SLICE_X7Y37          FDRE (Setup_BFF2_SLICEL_C_D)
                                                      0.025    11.821    dma_axis_ip_example_i/ps7_0_axi_periph/s00_couplers/auto_pc/inst/gen_axilite.gen_b2s_conv.axilite_b2s/SI_REG/aw.aw_pipe/m_payload_i_reg[57]
  -------------------------------------------------------------------
                         required time                         11.821    
                         arrival time                          -4.727    
  -------------------------------------------------------------------
                         slack                                  7.095    





Min Delay Paths
--------------------------------------------------------------------------------------
Slack (MET) :             0.010ns  (arrival time - required time)
  Source:                 dma_axis_ip_example_i/axi_dma/U0/I_PRMRY_DATAMOVER/GEN_S2MM_FULL.I_S2MM_FULL_WRAPPER/GEN_INCLUDE_IBTTCC.I_S2MM_MSTR_IBTTCC/sig_realigner_btt2_reg[25]/C
                            (rising edge-triggered cell FDRE clocked by clk_pl_0  {rise@0.000ns fall@5.000ns period=10.000ns})
  Destination:            dma_axis_ip_example_i/axi_dma/U0/I_PRMRY_DATAMOVER/GEN_S2MM_FULL.I_S2MM_FULL_WRAPPER/GEN_INCLUDE_IBTTCC.I_S2MM_MSTR_IBTTCC/sig_realign_btt_reg_reg[25]/D
                            (rising edge-triggered cell FDRE clocked by clk_pl_0  {rise@0.000ns fall@5.000ns period=10.000ns})
  Path Group:             clk_pl_0
  Path Type:              Hold (Min at Slow Process Corner)
  Requirement:            0.000ns  (clk_pl_0 rise@0.000ns - clk_pl_0 rise@0.000ns)
  Data Path Delay:        0.172ns  (logic 0.058ns (33.642%)  route 0.114ns (66.358%))
  Logic Levels:           0  
  Clock Path Skew:        0.100ns (DCD - SCD - CPR)
    Destination Clock Delay (DCD):    2.029ns
    Source Clock Delay      (SCD):    1.766ns
    Clock Pessimism Removal (CPR):    0.163ns
  Clock Net Delay (Source):      1.606ns (routing 0.683ns, distribution 0.923ns)
  Clock Net Delay (Destination): 1.830ns (routing 0.753ns, distribution 1.077ns)

    Location             Delay type                Incr(ns)  Path(ns)    Netlist Resource(s)
  -------------------------------------------------------------------    -------------------
                         (clock clk_pl_0 rise edge)
                                                      0.000     0.000 r  
    PS8_X0Y0             PS8                          0.000     0.000 r  dma_axis_ip_example_i/zynq_ultra_ps_e_0/inst/PS8_i/PLCLK[0]
                         net (fo=1, routed)           0.135     0.135    dma_axis_ip_example_i/zynq_ultra_ps_e_0/inst/pl_clk_unbuffered[0]
    BUFG_PS_X0Y67        BUFG_PS (Prop_BUFG_PS_I_O)
                                                      0.025     0.160 r  dma_axis_ip_example_i/zynq_ultra_ps_e_0/inst/buffer_pl_clk_0.PL_CLK_0_BUFG/O
    X0Y1 (CLOCK_ROOT)    net (fo=5975, routed)        1.606     1.766    dma_axis_ip_example_i/axi_dma/U0/I_PRMRY_DATAMOVER/GEN_S2MM_FULL.I_S2MM_FULL_WRAPPER/GEN_INCLUDE_IBTTCC.I_S2MM_MSTR_IBTTCC/m_axi_s2mm_aclk
    SLICE_X12Y40         FDRE                                         r  dma_axis_ip_example_i/axi_dma/U0/I_PRMRY_DATAMOVER/GEN_S2MM_FULL.I_S2MM_FULL_WRAPPER/GEN_INCLUDE_IBTTCC.I_S2MM_MSTR_IBTTCC/sig_realigner_btt2_reg[25]/C
  -------------------------------------------------------------------    -------------------
    SLICE_X12Y40         FDRE (Prop_FFF_SLICEL_C_Q)
                                                      0.058     1.824 r  dma_axis_ip_example_i/axi_dma/U0/I_PRMRY_DATAMOVER/GEN_S2MM_FULL.I_S2MM_FULL_WRAPPER/GEN_INCLUDE_IBTTCC.I_S2MM_MSTR_IBTTCC/sig_realigner_btt2_reg[25]/Q
                         net (fo=2, routed)           0.114     1.938    dma_axis_ip_example_i/axi_dma/U0/I_PRMRY_DATAMOVER/GEN_S2MM_FULL.I_S2MM_FULL_WRAPPER/GEN_INCLUDE_IBTTCC.I_S2MM_MSTR_IBTTCC/sig_realigner_btt2[25]
    SLICE_X10Y39         FDRE                                         r  dma_axis_ip_example_i/axi_dma/U0/I_PRMRY_DATAMOVER/GEN_S2MM_FULL.I_S2MM_FULL_WRAPPER/GEN_INCLUDE_IBTTCC.I_S2MM_MSTR_IBTTCC/sig_realign_btt_reg_reg[25]/D
  -------------------------------------------------------------------    -------------------

                         (clock clk_pl_0 rise edge)
                                                      0.000     0.000 r  
    PS8_X0Y0             PS8                          0.000     0.000 r  dma_axis_ip_example_i/zynq_ultra_ps_e_0/inst/PS8_i/PLCLK[0]
                         net (fo=1, routed)           0.171     0.171    dma_axis_ip_example_i/zynq_ultra_ps_e_0/inst/pl_clk_unbuffered[0]
    BUFG_PS_X0Y67        BUFG_PS (Prop_BUFG_PS_I_O)
                                                      0.028     0.199 r  dma_axis_ip_example_i/zynq_ultra_ps_e_0/inst/buffer_pl_clk_0.PL_CLK_0_BUFG/O
    X0Y1 (CLOCK_ROOT)    net (fo=5975, routed)        1.830     2.029    dma_axis_ip_example_i/axi_dma/U0/I_PRMRY_DATAMOVER/GEN_S2MM_FULL.I_S2MM_FULL_WRAPPER/GEN_INCLUDE_IBTTCC.I_S2MM_MSTR_IBTTCC/m_axi_s2mm_aclk
    SLICE_X10Y39         FDRE                                         r  dma_axis_ip_example_i/axi_dma/U0/I_PRMRY_DATAMOVER/GEN_S2MM_FULL.I_S2MM_FULL_WRAPPER/GEN_INCLUDE_IBTTCC.I_S2MM_MSTR_IBTTCC/sig_realign_btt_reg_reg[25]/C
                         clock pessimism             -0.163     1.866    
    SLICE_X10Y39         FDRE (Hold_FFF2_SLICEL_C_D)
                                                      0.062     1.928    dma_axis_ip_example_i/axi_dma/U0/I_PRMRY_DATAMOVER/GEN_S2MM_FULL.I_S2MM_FULL_WRAPPER/GEN_INCLUDE_IBTTCC.I_S2MM_MSTR_IBTTCC/sig_realign_btt_reg_reg[25]
  -------------------------------------------------------------------
                         required time                         -1.928    
                         arrival time                           1.938    
  -------------------------------------------------------------------
                         slack                                  0.010    

Slack (MET) :             0.012ns  (arrival time - required time)
  Source:                 dma_axis_ip_example_i/i2s_transmitter_0/inst/I2S_TX_V1_0_SYS_INST/CDC_AESCHSTS_INST/src_ff_reg[119]/C
                            (rising edge-triggered cell FDRE clocked by clk_pl_0  {rise@0.000ns fall@5.000ns period=10.000ns})
  Destination:            dma_axis_ip_example_i/i2s_transmitter_0/inst/I2S_TX_V1_0_SYS_INST/CDC_AESCHSTS_INST/syncstages_ff_reg[0][119]/D
                            (rising edge-triggered cell FDRE clocked by clk_pl_0  {rise@0.000ns fall@5.000ns period=10.000ns})
  Path Group:             clk_pl_0
  Path Type:              Hold (Min at Slow Process Corner)
  Requirement:            0.000ns  (clk_pl_0 rise@0.000ns - clk_pl_0 rise@0.000ns)
  Data Path Delay:        0.124ns  (logic 0.058ns (46.774%)  route 0.066ns (53.226%))
  Logic Levels:           0  
  Clock Path Skew:        0.050ns (DCD - SCD - CPR)
    Destination Clock Delay (DCD):    2.040ns
    Source Clock Delay      (SCD):    1.776ns
    Clock Pessimism Removal (CPR):    0.214ns
  Clock Net Delay (Source):      1.616ns (routing 0.683ns, distribution 0.933ns)
  Clock Net Delay (Destination): 1.841ns (routing 0.753ns, distribution 1.088ns)

    Location             Delay type                Incr(ns)  Path(ns)    Netlist Resource(s)
  -------------------------------------------------------------------    -------------------
                         (clock clk_pl_0 rise edge)
                                                      0.000     0.000 r  
    PS8_X0Y0             PS8                          0.000     0.000 r  dma_axis_ip_example_i/zynq_ultra_ps_e_0/inst/PS8_i/PLCLK[0]
                         net (fo=1, routed)           0.135     0.135    dma_axis_ip_example_i/zynq_ultra_ps_e_0/inst/pl_clk_unbuffered[0]
    BUFG_PS_X0Y67        BUFG_PS (Prop_BUFG_PS_I_O)
                                                      0.025     0.160 r  dma_axis_ip_example_i/zynq_ultra_ps_e_0/inst/buffer_pl_clk_0.PL_CLK_0_BUFG/O
    X0Y1 (CLOCK_ROOT)    net (fo=5975, routed)        1.616     1.776    dma_axis_ip_example_i/i2s_transmitter_0/inst/I2S_TX_V1_0_SYS_INST/CDC_AESCHSTS_INST/src_clk
    SLICE_X10Y58         FDRE                                         r  dma_axis_ip_example_i/i2s_transmitter_0/inst/I2S_TX_V1_0_SYS_INST/CDC_AESCHSTS_INST/src_ff_reg[119]/C
  -------------------------------------------------------------------    -------------------
    SLICE_X10Y58         FDRE (Prop_FFF_SLICEL_C_Q)
                                                      0.058     1.834 r  dma_axis_ip_example_i/i2s_transmitter_0/inst/I2S_TX_V1_0_SYS_INST/CDC_AESCHSTS_INST/src_ff_reg[119]/Q
                         net (fo=1, routed)           0.066     1.900    dma_axis_ip_example_i/i2s_transmitter_0/inst/I2S_TX_V1_0_SYS_INST/CDC_AESCHSTS_INST/async_path_bit[119]
    SLICE_X10Y57         FDRE                                         r  dma_axis_ip_example_i/i2s_transmitter_0/inst/I2S_TX_V1_0_SYS_INST/CDC_AESCHSTS_INST/syncstages_ff_reg[0][119]/D
  -------------------------------------------------------------------    -------------------

                         (clock clk_pl_0 rise edge)
                                                      0.000     0.000 r  
    PS8_X0Y0             PS8                          0.000     0.000 r  dma_axis_ip_example_i/zynq_ultra_ps_e_0/inst/PS8_i/PLCLK[0]
                         net (fo=1, routed)           0.171     0.171    dma_axis_ip_example_i/zynq_ultra_ps_e_0/inst/pl_clk_unbuffered[0]
    BUFG_PS_X0Y67        BUFG_PS (Prop_BUFG_PS_I_O)
                                                      0.028     0.199 r  dma_axis_ip_example_i/zynq_ultra_ps_e_0/inst/buffer_pl_clk_0.PL_CLK_0_BUFG/O
    X0Y1 (CLOCK_ROOT)    net (fo=5975, routed)        1.841     2.040    dma_axis_ip_example_i/i2s_transmitter_0/inst/I2S_TX_V1_0_SYS_INST/CDC_AESCHSTS_INST/dest_clk
    SLICE_X10Y57         FDRE                                         r  dma_axis_ip_example_i/i2s_transmitter_0/inst/I2S_TX_V1_0_SYS_INST/CDC_AESCHSTS_INST/syncstages_ff_reg[0][119]/C
                         clock pessimism             -0.214     1.826    
    SLICE_X10Y57         FDRE (Hold_HFF2_SLICEL_C_D)
                                                      0.062     1.888    dma_axis_ip_example_i/i2s_transmitter_0/inst/I2S_TX_V1_0_SYS_INST/CDC_AESCHSTS_INST/syncstages_ff_reg[0][119]
  -------------------------------------------------------------------
                         required time                         -1.888    
                         arrival time                           1.900    
  -------------------------------------------------------------------
                         slack                                  0.012    

Slack (MET) :             0.012ns  (arrival time - required time)
  Source:                 dma_axis_ip_example_i/axi_dma/U0/I_PRMRY_DATAMOVER/GEN_S2MM_FULL.I_S2MM_FULL_WRAPPER/GEN_INCLUDE_IBTTCC.I_S2MM_MSTR_IBTTCC/sig_xfer_addr_reg_reg[31]/C
                            (rising edge-triggered cell FDRE clocked by clk_pl_0  {rise@0.000ns fall@5.000ns period=10.000ns})
  Destination:            dma_axis_ip_example_i/axi_dma/U0/I_PRMRY_DATAMOVER/GEN_S2MM_FULL.I_S2MM_FULL_WRAPPER/I_ADDR_CNTL/GEN_ADDR_FIFO.I_ADDR_QUAL_FIFO/USE_SRL_FIFO.I_SYNC_FIFO/I_SRL_FIFO_RBU_F/DYNSHREG_F_I/INFERRED_GEN.data_reg[3][55]_srl4/D
                            (rising edge-triggered cell SRL16E clocked by clk_pl_0  {rise@0.000ns fall@5.000ns period=10.000ns})
  Path Group:             clk_pl_0
  Path Type:              Hold (Min at Slow Process Corner)
  Requirement:            0.000ns  (clk_pl_0 rise@0.000ns - clk_pl_0 rise@0.000ns)
  Data Path Delay:        0.165ns  (logic 0.058ns (35.151%)  route 0.107ns (64.848%))
  Logic Levels:           0  
  Clock Path Skew:        0.124ns (DCD - SCD - CPR)
    Destination Clock Delay (DCD):    2.053ns
    Source Clock Delay      (SCD):    1.765ns
    Clock Pessimism Removal (CPR):    0.163ns
  Clock Net Delay (Source):      1.605ns (routing 0.683ns, distribution 0.922ns)
  Clock Net Delay (Destination): 1.854ns (routing 0.753ns, distribution 1.101ns)

    Location             Delay type                Incr(ns)  Path(ns)    Netlist Resource(s)
  -------------------------------------------------------------------    -------------------
                         (clock clk_pl_0 rise edge)
                                                      0.000     0.000 r  
    PS8_X0Y0             PS8                          0.000     0.000 r  dma_axis_ip_example_i/zynq_ultra_ps_e_0/inst/PS8_i/PLCLK[0]
                         net (fo=1, routed)           0.135     0.135    dma_axis_ip_example_i/zynq_ultra_ps_e_0/inst/pl_clk_unbuffered[0]
    BUFG_PS_X0Y67        BUFG_PS (Prop_BUFG_PS_I_O)
                                                      0.025     0.160 r  dma_axis_ip_example_i/zynq_ultra_ps_e_0/inst/buffer_pl_clk_0.PL_CLK_0_BUFG/O
    X0Y1 (CLOCK_ROOT)    net (fo=5975, routed)        1.605     1.765    dma_axis_ip_example_i/axi_dma/U0/I_PRMRY_DATAMOVER/GEN_S2MM_FULL.I_S2MM_FULL_WRAPPER/GEN_INCLUDE_IBTTCC.I_S2MM_MSTR_IBTTCC/m_axi_s2mm_aclk
    SLICE_X3Y28          FDRE                                         r  dma_axis_ip_example_i/axi_dma/U0/I_PRMRY_DATAMOVER/GEN_S2MM_FULL.I_S2MM_FULL_WRAPPER/GEN_INCLUDE_IBTTCC.I_S2MM_MSTR_IBTTCC/sig_xfer_addr_reg_reg[31]/C
  -------------------------------------------------------------------    -------------------
    SLICE_X3Y28          FDRE (Prop_HFF_SLICEL_C_Q)
                                                      0.058     1.823 r  dma_axis_ip_example_i/axi_dma/U0/I_PRMRY_DATAMOVER/GEN_S2MM_FULL.I_S2MM_FULL_WRAPPER/GEN_INCLUDE_IBTTCC.I_S2MM_MSTR_IBTTCC/sig_xfer_addr_reg_reg[31]/Q
                         net (fo=1, routed)           0.107     1.930    dma_axis_ip_example_i/axi_dma/U0/I_PRMRY_DATAMOVER/GEN_S2MM_FULL.I_S2MM_FULL_WRAPPER/I_ADDR_CNTL/GEN_ADDR_FIFO.I_ADDR_QUAL_FIFO/USE_SRL_FIFO.I_SYNC_FIFO/I_SRL_FIFO_RBU_F/DYNSHREG_F_I/in[31]
    SLICE_X4Y28          SRL16E                                       r  dma_axis_ip_example_i/axi_dma/U0/I_PRMRY_DATAMOVER/GEN_S2MM_FULL.I_S2MM_FULL_WRAPPER/I_ADDR_CNTL/GEN_ADDR_FIFO.I_ADDR_QUAL_FIFO/USE_SRL_FIFO.I_SYNC_FIFO/I_SRL_FIFO_RBU_F/DYNSHREG_F_I/INFERRED_GEN.data_reg[3][55]_srl4/D
  -------------------------------------------------------------------    -------------------

                         (clock clk_pl_0 rise edge)
                                                      0.000     0.000 r  
    PS8_X0Y0             PS8                          0.000     0.000 r  dma_axis_ip_example_i/zynq_ultra_ps_e_0/inst/PS8_i/PLCLK[0]
                         net (fo=1, routed)           0.171     0.171    dma_axis_ip_example_i/zynq_ultra_ps_e_0/inst/pl_clk_unbuffered[0]
    BUFG_PS_X0Y67        BUFG_PS (Prop_BUFG_PS_I_O)
                                                      0.028     0.199 r  dma_axis_ip_example_i/zynq_ultra_ps_e_0/inst/buffer_pl_clk_0.PL_CLK_0_BUFG/O
    X0Y1 (CLOCK_ROOT)    net (fo=5975, routed)        1.854     2.053    dma_axis_ip_example_i/axi_dma/U0/I_PRMRY_DATAMOVER/GEN_S2MM_FULL.I_S2MM_FULL_WRAPPER/I_ADDR_CNTL/GEN_ADDR_FIFO.I_ADDR_QUAL_FIFO/USE_SRL_FIFO.I_SYNC_FIFO/I_SRL_FIFO_RBU_F/DYNSHREG_F_I/m_axi_s2mm_aclk
    SLICE_X4Y28          SRL16E                                       r  dma_axis_ip_example_i/axi_dma/U0/I_PRMRY_DATAMOVER/GEN_S2MM_FULL.I_S2MM_FULL_WRAPPER/I_ADDR_CNTL/GEN_ADDR_FIFO.I_ADDR_QUAL_FIFO/USE_SRL_FIFO.I_SYNC_FIFO/I_SRL_FIFO_RBU_F/DYNSHREG_F_I/INFERRED_GEN.data_reg[3][55]_srl4/CLK
                         clock pessimism             -0.163     1.890    
    SLICE_X4Y28          SRL16E (Hold_B6LUT_SLICEM_CLK_D)
                                                      0.029     1.919    dma_axis_ip_example_i/axi_dma/U0/I_PRMRY_DATAMOVER/GEN_S2MM_FULL.I_S2MM_FULL_WRAPPER/I_ADDR_CNTL/GEN_ADDR_FIFO.I_ADDR_QUAL_FIFO/USE_SRL_FIFO.I_SYNC_FIFO/I_SRL_FIFO_RBU_F/DYNSHREG_F_I/INFERRED_GEN.data_reg[3][55]_srl4
  -------------------------------------------------------------------
                         required time                         -1.919    
                         arrival time                           1.930    
  -------------------------------------------------------------------
                         slack                                  0.012    

Slack (MET) :             0.013ns  (arrival time - required time)
  Source:                 dma_axis_ip_example_i/axi_dma/U0/I_PRMRY_DATAMOVER/GEN_MM2S_FULL.I_MM2S_FULL_WRAPPER/I_CMD_STATUS/I_CMD_FIFO/USE_SINGLE_REG.sig_regfifo_dout_reg_reg[49]/C
                            (rising edge-triggered cell FDRE clocked by clk_pl_0  {rise@0.000ns fall@5.000ns period=10.000ns})
  Destination:            dma_axis_ip_example_i/axi_dma/U0/I_PRMRY_DATAMOVER/GEN_MM2S_FULL.I_MM2S_FULL_WRAPPER/I_MSTR_PCC/sig_addr_cntr_lsh_kh_reg[14]/D
                            (rising edge-triggered cell FDRE clocked by clk_pl_0  {rise@0.000ns fall@5.000ns period=10.000ns})
  Path Group:             clk_pl_0
  Path Type:              Hold (Min at Slow Process Corner)
  Requirement:            0.000ns  (clk_pl_0 rise@0.000ns - clk_pl_0 rise@0.000ns)
  Data Path Delay:        0.186ns  (logic 0.059ns (31.720%)  route 0.127ns (68.280%))
  Logic Levels:           0  
  Clock Path Skew:        0.111ns (DCD - SCD - CPR)
    Destination Clock Delay (DCD):    2.021ns
    Source Clock Delay      (SCD):    1.752ns
    Clock Pessimism Removal (CPR):    0.158ns
  Clock Net Delay (Source):      1.592ns (routing 0.683ns, distribution 0.909ns)
  Clock Net Delay (Destination): 1.822ns (routing 0.753ns, distribution 1.069ns)

    Location             Delay type                Incr(ns)  Path(ns)    Netlist Resource(s)
  -------------------------------------------------------------------    -------------------
                         (clock clk_pl_0 rise edge)
                                                      0.000     0.000 r  
    PS8_X0Y0             PS8                          0.000     0.000 r  dma_axis_ip_example_i/zynq_ultra_ps_e_0/inst/PS8_i/PLCLK[0]
                         net (fo=1, routed)           0.135     0.135    dma_axis_ip_example_i/zynq_ultra_ps_e_0/inst/pl_clk_unbuffered[0]
    BUFG_PS_X0Y67        BUFG_PS (Prop_BUFG_PS_I_O)
                                                      0.025     0.160 r  dma_axis_ip_example_i/zynq_ultra_ps_e_0/inst/buffer_pl_clk_0.PL_CLK_0_BUFG/O
    X0Y1 (CLOCK_ROOT)    net (fo=5975, routed)        1.592     1.752    dma_axis_ip_example_i/axi_dma/U0/I_PRMRY_DATAMOVER/GEN_MM2S_FULL.I_MM2S_FULL_WRAPPER/I_CMD_STATUS/I_CMD_FIFO/m_axi_mm2s_aclk
    SLICE_X0Y74          FDRE                                         r  dma_axis_ip_example_i/axi_dma/U0/I_PRMRY_DATAMOVER/GEN_MM2S_FULL.I_MM2S_FULL_WRAPPER/I_CMD_STATUS/I_CMD_FIFO/USE_SINGLE_REG.sig_regfifo_dout_reg_reg[49]/C
  -------------------------------------------------------------------    -------------------
    SLICE_X0Y74          FDRE (Prop_EFF_SLICEL_C_Q)
                                                      0.059     1.811 r  dma_axis_ip_example_i/axi_dma/U0/I_PRMRY_DATAMOVER/GEN_MM2S_FULL.I_MM2S_FULL_WRAPPER/I_CMD_STATUS/I_CMD_FIFO/USE_SINGLE_REG.sig_regfifo_dout_reg_reg[49]/Q
                         net (fo=2, routed)           0.127     1.938    dma_axis_ip_example_i/axi_dma/U0/I_PRMRY_DATAMOVER/GEN_MM2S_FULL.I_MM2S_FULL_WRAPPER/I_MSTR_PCC/Q[42]
    SLICE_X2Y78          FDRE                                         r  dma_axis_ip_example_i/axi_dma/U0/I_PRMRY_DATAMOVER/GEN_MM2S_FULL.I_MM2S_FULL_WRAPPER/I_MSTR_PCC/sig_addr_cntr_lsh_kh_reg[14]/D
  -------------------------------------------------------------------    -------------------

                         (clock clk_pl_0 rise edge)
                                                      0.000     0.000 r  
    PS8_X0Y0             PS8                          0.000     0.000 r  dma_axis_ip_example_i/zynq_ultra_ps_e_0/inst/PS8_i/PLCLK[0]
                         net (fo=1, routed)           0.171     0.171    dma_axis_ip_example_i/zynq_ultra_ps_e_0/inst/pl_clk_unbuffered[0]
    BUFG_PS_X0Y67        BUFG_PS (Prop_BUFG_PS_I_O)
                                                      0.028     0.199 r  dma_axis_ip_example_i/zynq_ultra_ps_e_0/inst/buffer_pl_clk_0.PL_CLK_0_BUFG/O
    X0Y1 (CLOCK_ROOT)    net (fo=5975, routed)        1.822     2.021    dma_axis_ip_example_i/axi_dma/U0/I_PRMRY_DATAMOVER/GEN_MM2S_FULL.I_MM2S_FULL_WRAPPER/I_MSTR_PCC/m_axi_mm2s_aclk
    SLICE_X2Y78          FDRE                                         r  dma_axis_ip_example_i/axi_dma/U0/I_PRMRY_DATAMOVER/GEN_MM2S_FULL.I_MM2S_FULL_WRAPPER/I_MSTR_PCC/sig_addr_cntr_lsh_kh_reg[14]/C
                         clock pessimism             -0.158     1.863    
    SLICE_X2Y78          FDRE (Hold_EFF2_SLICEL_C_D)
                                                      0.062     1.925    dma_axis_ip_example_i/axi_dma/U0/I_PRMRY_DATAMOVER/GEN_MM2S_FULL.I_MM2S_FULL_WRAPPER/I_MSTR_PCC/sig_addr_cntr_lsh_kh_reg[14]
  -------------------------------------------------------------------
                         required time                         -1.925    
                         arrival time                           1.938    
  -------------------------------------------------------------------
                         slack                                  0.013    

Slack (MET) :             0.014ns  (arrival time - required time)
  Source:                 dma_axis_ip_example_i/i2s_transmitter_0/inst/I2S_TX_V1_0_SYS_INST/I2S_TX_V1_0_AES_DECODE_INST/rAudioFrameCount_reg[5]/C
                            (rising edge-triggered cell FDRE clocked by clk_pl_0  {rise@0.000ns fall@5.000ns period=10.000ns})
  Destination:            dma_axis_ip_example_i/i2s_transmitter_0/inst/I2S_TX_V1_0_SYS_INST/I2S_TX_V1_0_AES_DECODE_INST/rAesBlockSyncError_int_reg/D
                            (rising edge-triggered cell FDRE clocked by clk_pl_0  {rise@0.000ns fall@5.000ns period=10.000ns})
  Path Group:             clk_pl_0
  Path Type:              Hold (Min at Slow Process Corner)
  Requirement:            0.000ns  (clk_pl_0 rise@0.000ns - clk_pl_0 rise@0.000ns)
  Data Path Delay:        0.180ns  (logic 0.081ns (45.090%)  route 0.099ns (54.910%))
  Logic Levels:           1  (LUT5=1)
  Clock Path Skew:        0.106ns (DCD - SCD - CPR)
    Destination Clock Delay (DCD):    2.024ns
    Source Clock Delay      (SCD):    1.760ns
    Clock Pessimism Removal (CPR):    0.158ns
  Clock Net Delay (Source):      1.600ns (routing 0.683ns, distribution 0.917ns)
  Clock Net Delay (Destination): 1.825ns (routing 0.753ns, distribution 1.072ns)

    Location             Delay type                Incr(ns)  Path(ns)    Netlist Resource(s)
  -------------------------------------------------------------------    -------------------
                         (clock clk_pl_0 rise edge)
                                                      0.000     0.000 r  
    PS8_X0Y0             PS8                          0.000     0.000 r  dma_axis_ip_example_i/zynq_ultra_ps_e_0/inst/PS8_i/PLCLK[0]
                         net (fo=1, routed)           0.135     0.135    dma_axis_ip_example_i/zynq_ultra_ps_e_0/inst/pl_clk_unbuffered[0]
    BUFG_PS_X0Y67        BUFG_PS (Prop_BUFG_PS_I_O)
                                                      0.025     0.160 r  dma_axis_ip_example_i/zynq_ultra_ps_e_0/inst/buffer_pl_clk_0.PL_CLK_0_BUFG/O
    X0Y1 (CLOCK_ROOT)    net (fo=5975, routed)        1.600     1.760    dma_axis_ip_example_i/i2s_transmitter_0/inst/I2S_TX_V1_0_SYS_INST/I2S_TX_V1_0_AES_DECODE_INST/s_axis_aud_aclk
    SLICE_X8Y63          FDRE                                         r  dma_axis_ip_example_i/i2s_transmitter_0/inst/I2S_TX_V1_0_SYS_INST/I2S_TX_V1_0_AES_DECODE_INST/rAudioFrameCount_reg[5]/C
  -------------------------------------------------------------------    -------------------
    SLICE_X8Y63          FDRE (Prop_CFF_SLICEL_C_Q)
                                                      0.058     1.818 f  dma_axis_ip_example_i/i2s_transmitter_0/inst/I2S_TX_V1_0_SYS_INST/I2S_TX_V1_0_AES_DECODE_INST/rAudioFrameCount_reg[5]/Q
                         net (fo=5, routed)           0.069     1.887    dma_axis_ip_example_i/i2s_transmitter_0/inst/I2S_TX_V1_0_SYS_INST/I2S_TX_V1_0_AES_DECODE_INST/rAudioFrameCount_reg_n_0_[5]
    SLICE_X9Y62          LUT5 (Prop_H6LUT_SLICEM_I1_O)
                                                      0.023     1.910 r  dma_axis_ip_example_i/i2s_transmitter_0/inst/I2S_TX_V1_0_SYS_INST/I2S_TX_V1_0_AES_DECODE_INST/rAesBlockSyncError_int_i_1/O
                         net (fo=1, routed)           0.030     1.940    dma_axis_ip_example_i/i2s_transmitter_0/inst/I2S_TX_V1_0_SYS_INST/I2S_TX_V1_0_AES_DECODE_INST/rAesBlockSyncError_int
    SLICE_X9Y62          FDRE                                         r  dma_axis_ip_example_i/i2s_transmitter_0/inst/I2S_TX_V1_0_SYS_INST/I2S_TX_V1_0_AES_DECODE_INST/rAesBlockSyncError_int_reg/D
  -------------------------------------------------------------------    -------------------

                         (clock clk_pl_0 rise edge)
                                                      0.000     0.000 r  
    PS8_X0Y0             PS8                          0.000     0.000 r  dma_axis_ip_example_i/zynq_ultra_ps_e_0/inst/PS8_i/PLCLK[0]
                         net (fo=1, routed)           0.171     0.171    dma_axis_ip_example_i/zynq_ultra_ps_e_0/inst/pl_clk_unbuffered[0]
    BUFG_PS_X0Y67        BUFG_PS (Prop_BUFG_PS_I_O)
                                                      0.028     0.199 r  dma_axis_ip_example_i/zynq_ultra_ps_e_0/inst/buffer_pl_clk_0.PL_CLK_0_BUFG/O
    X0Y1 (CLOCK_ROOT)    net (fo=5975, routed)        1.825     2.024    dma_axis_ip_example_i/i2s_transmitter_0/inst/I2S_TX_V1_0_SYS_INST/I2S_TX_V1_0_AES_DECODE_INST/s_axis_aud_aclk
    SLICE_X9Y62          FDRE                                         r  dma_axis_ip_example_i/i2s_transmitter_0/inst/I2S_TX_V1_0_SYS_INST/I2S_TX_V1_0_AES_DECODE_INST/rAesBlockSyncError_int_reg/C
                         clock pessimism             -0.158     1.866    
    SLICE_X9Y62          FDRE (Hold_HFF_SLICEM_C_D)
                                                      0.060     1.926    dma_axis_ip_example_i/i2s_transmitter_0/inst/I2S_TX_V1_0_SYS_INST/I2S_TX_V1_0_AES_DECODE_INST/rAesBlockSyncError_int_reg
  -------------------------------------------------------------------
                         required time                         -1.926    
                         arrival time                           1.940    
  -------------------------------------------------------------------
                         slack                                  0.014    

Slack (MET) :             0.015ns  (arrival time - required time)
  Source:                 dma_axis_ip_example_i/i2s_transmitter_0/inst/I2S_TX_V1_0_SYS_INST/CDC_AESCHSTS_INST/syncstages_ff_reg[1][173]/C
                            (rising edge-triggered cell FDRE clocked by clk_pl_0  {rise@0.000ns fall@5.000ns period=10.000ns})
  Destination:            dma_axis_ip_example_i/i2s_transmitter_0/inst/I2S_TX_V1_0_SYS_INST/I2S_TX_V1_0_AXI_INST/rAesChannelStatus_reg[173]/D
                            (rising edge-triggered cell FDRE clocked by clk_pl_0  {rise@0.000ns fall@5.000ns period=10.000ns})
  Path Group:             clk_pl_0
  Path Type:              Hold (Min at Slow Process Corner)
  Requirement:            0.000ns  (clk_pl_0 rise@0.000ns - clk_pl_0 rise@0.000ns)
  Data Path Delay:        0.128ns  (logic 0.060ns (46.875%)  route 0.068ns (53.125%))
  Logic Levels:           0  
  Clock Path Skew:        0.051ns (DCD - SCD - CPR)
    Destination Clock Delay (DCD):    2.020ns
    Source Clock Delay      (SCD):    1.758ns
    Clock Pessimism Removal (CPR):    0.211ns
  Clock Net Delay (Source):      1.598ns (routing 0.683ns, distribution 0.915ns)
  Clock Net Delay (Destination): 1.821ns (routing 0.753ns, distribution 1.068ns)

    Location             Delay type                Incr(ns)  Path(ns)    Netlist Resource(s)
  -------------------------------------------------------------------    -------------------
                         (clock clk_pl_0 rise edge)
                                                      0.000     0.000 r  
    PS8_X0Y0             PS8                          0.000     0.000 r  dma_axis_ip_example_i/zynq_ultra_ps_e_0/inst/PS8_i/PLCLK[0]
                         net (fo=1, routed)           0.135     0.135    dma_axis_ip_example_i/zynq_ultra_ps_e_0/inst/pl_clk_unbuffered[0]
    BUFG_PS_X0Y67        BUFG_PS (Prop_BUFG_PS_I_O)
                                                      0.025     0.160 r  dma_axis_ip_example_i/zynq_ultra_ps_e_0/inst/buffer_pl_clk_0.PL_CLK_0_BUFG/O
    X0Y1 (CLOCK_ROOT)    net (fo=5975, routed)        1.598     1.758    dma_axis_ip_example_i/i2s_transmitter_0/inst/I2S_TX_V1_0_SYS_INST/CDC_AESCHSTS_INST/dest_clk
    SLICE_X10Y74         FDRE                                         r  dma_axis_ip_example_i/i2s_transmitter_0/inst/I2S_TX_V1_0_SYS_INST/CDC_AESCHSTS_INST/syncstages_ff_reg[1][173]/C
  -------------------------------------------------------------------    -------------------
    SLICE_X10Y74         FDRE (Prop_AFF2_SLICEL_C_Q)
                                                      0.060     1.818 r  dma_axis_ip_example_i/i2s_transmitter_0/inst/I2S_TX_V1_0_SYS_INST/CDC_AESCHSTS_INST/syncstages_ff_reg[1][173]/Q
                         net (fo=1, routed)           0.068     1.886    dma_axis_ip_example_i/i2s_transmitter_0/inst/I2S_TX_V1_0_SYS_INST/I2S_TX_V1_0_AXI_INST/iAesChannelStatus[173]
    SLICE_X10Y73         FDRE                                         r  dma_axis_ip_example_i/i2s_transmitter_0/inst/I2S_TX_V1_0_SYS_INST/I2S_TX_V1_0_AXI_INST/rAesChannelStatus_reg[173]/D
  -------------------------------------------------------------------    -------------------

                         (clock clk_pl_0 rise edge)
                                                      0.000     0.000 r  
    PS8_X0Y0             PS8                          0.000     0.000 r  dma_axis_ip_example_i/zynq_ultra_ps_e_0/inst/PS8_i/PLCLK[0]
                         net (fo=1, routed)           0.171     0.171    dma_axis_ip_example_i/zynq_ultra_ps_e_0/inst/pl_clk_unbuffered[0]
    BUFG_PS_X0Y67        BUFG_PS (Prop_BUFG_PS_I_O)
                                                      0.028     0.199 r  dma_axis_ip_example_i/zynq_ultra_ps_e_0/inst/buffer_pl_clk_0.PL_CLK_0_BUFG/O
    X0Y1 (CLOCK_ROOT)    net (fo=5975, routed)        1.821     2.020    dma_axis_ip_example_i/i2s_transmitter_0/inst/I2S_TX_V1_0_SYS_INST/I2S_TX_V1_0_AXI_INST/s_axi_ctrl_aclk
    SLICE_X10Y73         FDRE                                         r  dma_axis_ip_example_i/i2s_transmitter_0/inst/I2S_TX_V1_0_SYS_INST/I2S_TX_V1_0_AXI_INST/rAesChannelStatus_reg[173]/C
                         clock pessimism             -0.211     1.809    
    SLICE_X10Y73         FDRE (Hold_EFF2_SLICEL_C_D)
                                                      0.062     1.871    dma_axis_ip_example_i/i2s_transmitter_0/inst/I2S_TX_V1_0_SYS_INST/I2S_TX_V1_0_AXI_INST/rAesChannelStatus_reg[173]
  -------------------------------------------------------------------
                         required time                         -1.871    
                         arrival time                           1.886    
  -------------------------------------------------------------------
                         slack                                  0.015    

Slack (MET) :             0.015ns  (arrival time - required time)
  Source:                 dma_axis_ip_example_i/axi_dma/U0/I_PRMRY_DATAMOVER/GEN_S2MM_FULL.I_S2MM_FULL_WRAPPER/GEN_ENABLE_INDET_BTT_SF.I_INDET_BTT/I_XD_FIFO/NON_BLK_MEM.I_SYNC_FIFOGEN_FIFO/xpm_fifo_instance.xpm_fifo_sync_inst/xpm_fifo_base_inst/wrp_inst/count_value_i_reg[2]/C
                            (rising edge-triggered cell FDRE clocked by clk_pl_0  {rise@0.000ns fall@5.000ns period=10.000ns})
  Destination:            dma_axis_ip_example_i/axi_dma/U0/I_PRMRY_DATAMOVER/GEN_S2MM_FULL.I_S2MM_FULL_WRAPPER/GEN_ENABLE_INDET_BTT_SF.I_INDET_BTT/I_XD_FIFO/NON_BLK_MEM.I_SYNC_FIFOGEN_FIFO/xpm_fifo_instance.xpm_fifo_sync_inst/xpm_fifo_base_inst/gen_sdpram.xpm_memory_base_inst/gen_wr_a.gen_word_narrow.mem_reg_0_15_0_8/RAMA/WADR2
                            (rising edge-triggered cell RAMD32 clocked by clk_pl_0  {rise@0.000ns fall@5.000ns period=10.000ns})
  Path Group:             clk_pl_0
  Path Type:              Hold (Min at Slow Process Corner)
  Requirement:            0.000ns  (clk_pl_0 rise@0.000ns - clk_pl_0 rise@0.000ns)
  Data Path Delay:        0.204ns  (logic 0.061ns (29.957%)  route 0.143ns (70.043%))
  Logic Levels:           0  
  Clock Path Skew:        0.098ns (DCD - SCD - CPR)
    Destination Clock Delay (DCD):    2.074ns
    Source Clock Delay      (SCD):    1.760ns
    Clock Pessimism Removal (CPR):    0.216ns
  Clock Net Delay (Source):      1.600ns (routing 0.683ns, distribution 0.917ns)
  Clock Net Delay (Destination): 1.875ns (routing 0.753ns, distribution 1.122ns)

    Location             Delay type                Incr(ns)  Path(ns)    Netlist Resource(s)
  -------------------------------------------------------------------    -------------------
                         (clock clk_pl_0 rise edge)
                                                      0.000     0.000 r  
    PS8_X0Y0             PS8                          0.000     0.000 r  dma_axis_ip_example_i/zynq_ultra_ps_e_0/inst/PS8_i/PLCLK[0]
                         net (fo=1, routed)           0.135     0.135    dma_axis_ip_example_i/zynq_ultra_ps_e_0/inst/pl_clk_unbuffered[0]
    BUFG_PS_X0Y67        BUFG_PS (Prop_BUFG_PS_I_O)
                                                      0.025     0.160 r  dma_axis_ip_example_i/zynq_ultra_ps_e_0/inst/buffer_pl_clk_0.PL_CLK_0_BUFG/O
    X0Y1 (CLOCK_ROOT)    net (fo=5975, routed)        1.600     1.760    dma_axis_ip_example_i/axi_dma/U0/I_PRMRY_DATAMOVER/GEN_S2MM_FULL.I_S2MM_FULL_WRAPPER/GEN_ENABLE_INDET_BTT_SF.I_INDET_BTT/I_XD_FIFO/NON_BLK_MEM.I_SYNC_FIFOGEN_FIFO/xpm_fifo_instance.xpm_fifo_sync_inst/xpm_fifo_base_inst/wrp_inst/wr_clk
    SLICE_X9Y25          FDRE                                         r  dma_axis_ip_example_i/axi_dma/U0/I_PRMRY_DATAMOVER/GEN_S2MM_FULL.I_S2MM_FULL_WRAPPER/GEN_ENABLE_INDET_BTT_SF.I_INDET_BTT/I_XD_FIFO/NON_BLK_MEM.I_SYNC_FIFOGEN_FIFO/xpm_fifo_instance.xpm_fifo_sync_inst/xpm_fifo_base_inst/wrp_inst/count_value_i_reg[2]/C
  -------------------------------------------------------------------    -------------------
    SLICE_X9Y25          FDRE (Prop_DFF2_SLICEM_C_Q)
                                                      0.061     1.821 r  dma_axis_ip_example_i/axi_dma/U0/I_PRMRY_DATAMOVER/GEN_S2MM_FULL.I_S2MM_FULL_WRAPPER/GEN_ENABLE_INDET_BTT_SF.I_INDET_BTT/I_XD_FIFO/NON_BLK_MEM.I_SYNC_FIFOGEN_FIFO/xpm_fifo_instance.xpm_fifo_sync_inst/xpm_fifo_base_inst/wrp_inst/count_value_i_reg[2]/Q
                         net (fo=25, routed)          0.143     1.963    dma_axis_ip_example_i/axi_dma/U0/I_PRMRY_DATAMOVER/GEN_S2MM_FULL.I_S2MM_FULL_WRAPPER/GEN_ENABLE_INDET_BTT_SF.I_INDET_BTT/I_XD_FIFO/NON_BLK_MEM.I_SYNC_FIFOGEN_FIFO/xpm_fifo_instance.xpm_fifo_sync_inst/xpm_fifo_base_inst/gen_sdpram.xpm_memory_base_inst/gen_wr_a.gen_word_narrow.mem_reg_0_15_0_8/ADDRH2
    SLICE_X9Y26          RAMD32                                       r  dma_axis_ip_example_i/axi_dma/U0/I_PRMRY_DATAMOVER/GEN_S2MM_FULL.I_S2MM_FULL_WRAPPER/GEN_ENABLE_INDET_BTT_SF.I_INDET_BTT/I_XD_FIFO/NON_BLK_MEM.I_SYNC_FIFOGEN_FIFO/xpm_fifo_instance.xpm_fifo_sync_inst/xpm_fifo_base_inst/gen_sdpram.xpm_memory_base_inst/gen_wr_a.gen_word_narrow.mem_reg_0_15_0_8/RAMA/WADR2
  -------------------------------------------------------------------    -------------------

                         (clock clk_pl_0 rise edge)
                                                      0.000     0.000 r  
    PS8_X0Y0             PS8                          0.000     0.000 r  dma_axis_ip_example_i/zynq_ultra_ps_e_0/inst/PS8_i/PLCLK[0]
                         net (fo=1, routed)           0.171     0.171    dma_axis_ip_example_i/zynq_ultra_ps_e_0/inst/pl_clk_unbuffered[0]
    BUFG_PS_X0Y67        BUFG_PS (Prop_BUFG_PS_I_O)
                                                      0.028     0.199 r  dma_axis_ip_example_i/zynq_ultra_ps_e_0/inst/buffer_pl_clk_0.PL_CLK_0_BUFG/O
    X0Y1 (CLOCK_ROOT)    net (fo=5975, routed)        1.875     2.074    dma_axis_ip_example_i/axi_dma/U0/I_PRMRY_DATAMOVER/GEN_S2MM_FULL.I_S2MM_FULL_WRAPPER/GEN_ENABLE_INDET_BTT_SF.I_INDET_BTT/I_XD_FIFO/NON_BLK_MEM.I_SYNC_FIFOGEN_FIFO/xpm_fifo_instance.xpm_fifo_sync_inst/xpm_fifo_base_inst/gen_sdpram.xpm_memory_base_inst/gen_wr_a.gen_word_narrow.mem_reg_0_15_0_8/WCLK
    SLICE_X9Y26          RAMD32                                       r  dma_axis_ip_example_i/axi_dma/U0/I_PRMRY_DATAMOVER/GEN_S2MM_FULL.I_S2MM_FULL_WRAPPER/GEN_ENABLE_INDET_BTT_SF.I_INDET_BTT/I_XD_FIFO/NON_BLK_MEM.I_SYNC_FIFOGEN_FIFO/xpm_fifo_instance.xpm_fifo_sync_inst/xpm_fifo_base_inst/gen_sdpram.xpm_memory_base_inst/gen_wr_a.gen_word_narrow.mem_reg_0_15_0_8/RAMA/CLK
                         clock pessimism             -0.216     1.858    
    SLICE_X9Y26          RAMD32 (Hold_A5LUT_SLICEM_CLK_WADR2)
                                                      0.090     1.948    dma_axis_ip_example_i/axi_dma/U0/I_PRMRY_DATAMOVER/GEN_S2MM_FULL.I_S2MM_FULL_WRAPPER/GEN_ENABLE_INDET_BTT_SF.I_INDET_BTT/I_XD_FIFO/NON_BLK_MEM.I_SYNC_FIFOGEN_FIFO/xpm_fifo_instance.xpm_fifo_sync_inst/xpm_fifo_base_inst/gen_sdpram.xpm_memory_base_inst/gen_wr_a.gen_word_narrow.mem_reg_0_15_0_8/RAMA
  -------------------------------------------------------------------
                         required time                         -1.948    
                         arrival time                           1.963    
  -------------------------------------------------------------------
                         slack                                  0.015    

Slack (MET) :             0.015ns  (arrival time - required time)
  Source:                 dma_axis_ip_example_i/axi_dma/U0/I_PRMRY_DATAMOVER/GEN_S2MM_FULL.I_S2MM_FULL_WRAPPER/GEN_ENABLE_INDET_BTT_SF.I_INDET_BTT/I_XD_FIFO/NON_BLK_MEM.I_SYNC_FIFOGEN_FIFO/xpm_fifo_instance.xpm_fifo_sync_inst/xpm_fifo_base_inst/wrp_inst/count_value_i_reg[2]/C
                            (rising edge-triggered cell FDRE clocked by clk_pl_0  {rise@0.000ns fall@5.000ns period=10.000ns})
  Destination:            dma_axis_ip_example_i/axi_dma/U0/I_PRMRY_DATAMOVER/GEN_S2MM_FULL.I_S2MM_FULL_WRAPPER/GEN_ENABLE_INDET_BTT_SF.I_INDET_BTT/I_XD_FIFO/NON_BLK_MEM.I_SYNC_FIFOGEN_FIFO/xpm_fifo_instance.xpm_fifo_sync_inst/xpm_fifo_base_inst/gen_sdpram.xpm_memory_base_inst/gen_wr_a.gen_word_narrow.mem_reg_0_15_0_8/RAMA_D1/WADR2
                            (rising edge-triggered cell RAMD32 clocked by clk_pl_0  {rise@0.000ns fall@5.000ns period=10.000ns})
  Path Group:             clk_pl_0
  Path Type:              Hold (Min at Slow Process Corner)
  Requirement:            0.000ns  (clk_pl_0 rise@0.000ns - clk_pl_0 rise@0.000ns)
  Data Path Delay:        0.204ns  (logic 0.061ns (29.957%)  route 0.143ns (70.043%))
  Logic Levels:           0  
  Clock Path Skew:        0.098ns (DCD - SCD - CPR)
    Destination Clock Delay (DCD):    2.074ns
    Source Clock Delay      (SCD):    1.760ns
    Clock Pessimism Removal (CPR):    0.216ns
  Clock Net Delay (Source):      1.600ns (routing 0.683ns, distribution 0.917ns)
  Clock Net Delay (Destination): 1.875ns (routing 0.753ns, distribution 1.122ns)

    Location             Delay type                Incr(ns)  Path(ns)    Netlist Resource(s)
  -------------------------------------------------------------------    -------------------
                         (clock clk_pl_0 rise edge)
                                                      0.000     0.000 r  
    PS8_X0Y0             PS8                          0.000     0.000 r  dma_axis_ip_example_i/zynq_ultra_ps_e_0/inst/PS8_i/PLCLK[0]
                         net (fo=1, routed)           0.135     0.135    dma_axis_ip_example_i/zynq_ultra_ps_e_0/inst/pl_clk_unbuffered[0]
    BUFG_PS_X0Y67        BUFG_PS (Prop_BUFG_PS_I_O)
                                                      0.025     0.160 r  dma_axis_ip_example_i/zynq_ultra_ps_e_0/inst/buffer_pl_clk_0.PL_CLK_0_BUFG/O
    X0Y1 (CLOCK_ROOT)    net (fo=5975, routed)        1.600     1.760    dma_axis_ip_example_i/axi_dma/U0/I_PRMRY_DATAMOVER/GEN_S2MM_FULL.I_S2MM_FULL_WRAPPER/GEN_ENABLE_INDET_BTT_SF.I_INDET_BTT/I_XD_FIFO/NON_BLK_MEM.I_SYNC_FIFOGEN_FIFO/xpm_fifo_instance.xpm_fifo_sync_inst/xpm_fifo_base_inst/wrp_inst/wr_clk
    SLICE_X9Y25          FDRE                                         r  dma_axis_ip_example_i/axi_dma/U0/I_PRMRY_DATAMOVER/GEN_S2MM_FULL.I_S2MM_FULL_WRAPPER/GEN_ENABLE_INDET_BTT_SF.I_INDET_BTT/I_XD_FIFO/NON_BLK_MEM.I_SYNC_FIFOGEN_FIFO/xpm_fifo_instance.xpm_fifo_sync_inst/xpm_fifo_base_inst/wrp_inst/count_value_i_reg[2]/C
  -------------------------------------------------------------------    -------------------
    SLICE_X9Y25          FDRE (Prop_DFF2_SLICEM_C_Q)
                                                      0.061     1.821 r  dma_axis_ip_example_i/axi_dma/U0/I_PRMRY_DATAMOVER/GEN_S2MM_FULL.I_S2MM_FULL_WRAPPER/GEN_ENABLE_INDET_BTT_SF.I_INDET_BTT/I_XD_FIFO/NON_BLK_MEM.I_SYNC_FIFOGEN_FIFO/xpm_fifo_instance.xpm_fifo_sync_inst/xpm_fifo_base_inst/wrp_inst/count_value_i_reg[2]/Q
                         net (fo=25, routed)          0.143     1.963    dma_axis_ip_example_i/axi_dma/U0/I_PRMRY_DATAMOVER/GEN_S2MM_FULL.I_S2MM_FULL_WRAPPER/GEN_ENABLE_INDET_BTT_SF.I_INDET_BTT/I_XD_FIFO/NON_BLK_MEM.I_SYNC_FIFOGEN_FIFO/xpm_fifo_instance.xpm_fifo_sync_inst/xpm_fifo_base_inst/gen_sdpram.xpm_memory_base_inst/gen_wr_a.gen_word_narrow.mem_reg_0_15_0_8/ADDRH2
    SLICE_X9Y26          RAMD32                                       r  dma_axis_ip_example_i/axi_dma/U0/I_PRMRY_DATAMOVER/GEN_S2MM_FULL.I_S2MM_FULL_WRAPPER/GEN_ENABLE_INDET_BTT_SF.I_INDET_BTT/I_XD_FIFO/NON_BLK_MEM.I_SYNC_FIFOGEN_FIFO/xpm_fifo_instance.xpm_fifo_sync_inst/xpm_fifo_base_inst/gen_sdpram.xpm_memory_base_inst/gen_wr_a.gen_word_narrow.mem_reg_0_15_0_8/RAMA_D1/WADR2
  -------------------------------------------------------------------    -------------------

                         (clock clk_pl_0 rise edge)
                                                      0.000     0.000 r  
    PS8_X0Y0             PS8                          0.000     0.000 r  dma_axis_ip_example_i/zynq_ultra_ps_e_0/inst/PS8_i/PLCLK[0]
                         net (fo=1, routed)           0.171     0.171    dma_axis_ip_example_i/zynq_ultra_ps_e_0/inst/pl_clk_unbuffered[0]
    BUFG_PS_X0Y67        BUFG_PS (Prop_BUFG_PS_I_O)
                                                      0.028     0.199 r  dma_axis_ip_example_i/zynq_ultra_ps_e_0/inst/buffer_pl_clk_0.PL_CLK_0_BUFG/O
    X0Y1 (CLOCK_ROOT)    net (fo=5975, routed)        1.875     2.074    dma_axis_ip_example_i/axi_dma/U0/I_PRMRY_DATAMOVER/GEN_S2MM_FULL.I_S2MM_FULL_WRAPPER/GEN_ENABLE_INDET_BTT_SF.I_INDET_BTT/I_XD_FIFO/NON_BLK_MEM.I_SYNC_FIFOGEN_FIFO/xpm_fifo_instance.xpm_fifo_sync_inst/xpm_fifo_base_inst/gen_sdpram.xpm_memory_base_inst/gen_wr_a.gen_word_narrow.mem_reg_0_15_0_8/WCLK
    SLICE_X9Y26          RAMD32                                       r  dma_axis_ip_example_i/axi_dma/U0/I_PRMRY_DATAMOVER/GEN_S2MM_FULL.I_S2MM_FULL_WRAPPER/GEN_ENABLE_INDET_BTT_SF.I_INDET_BTT/I_XD_FIFO/NON_BLK_MEM.I_SYNC_FIFOGEN_FIFO/xpm_fifo_instance.xpm_fifo_sync_inst/xpm_fifo_base_inst/gen_sdpram.xpm_memory_base_inst/gen_wr_a.gen_word_narrow.mem_reg_0_15_0_8/RAMA_D1/CLK
                         clock pessimism             -0.216     1.858    
    SLICE_X9Y26          RAMD32 (Hold_A6LUT_SLICEM_CLK_WADR2)
                                                      0.090     1.948    dma_axis_ip_example_i/axi_dma/U0/I_PRMRY_DATAMOVER/GEN_S2MM_FULL.I_S2MM_FULL_WRAPPER/GEN_ENABLE_INDET_BTT_SF.I_INDET_BTT/I_XD_FIFO/NON_BLK_MEM.I_SYNC_FIFOGEN_FIFO/xpm_fifo_instance.xpm_fifo_sync_inst/xpm_fifo_base_inst/gen_sdpram.xpm_memory_base_inst/gen_wr_a.gen_word_narrow.mem_reg_0_15_0_8/RAMA_D1
  -------------------------------------------------------------------
                         required time                         -1.948    
                         arrival time                           1.963    
  -------------------------------------------------------------------
                         slack                                  0.015    

Slack (MET) :             0.015ns  (arrival time - required time)
  Source:                 dma_axis_ip_example_i/axi_dma/U0/I_PRMRY_DATAMOVER/GEN_S2MM_FULL.I_S2MM_FULL_WRAPPER/GEN_ENABLE_INDET_BTT_SF.I_INDET_BTT/I_XD_FIFO/NON_BLK_MEM.I_SYNC_FIFOGEN_FIFO/xpm_fifo_instance.xpm_fifo_sync_inst/xpm_fifo_base_inst/wrp_inst/count_value_i_reg[2]/C
                            (rising edge-triggered cell FDRE clocked by clk_pl_0  {rise@0.000ns fall@5.000ns period=10.000ns})
  Destination:            dma_axis_ip_example_i/axi_dma/U0/I_PRMRY_DATAMOVER/GEN_S2MM_FULL.I_S2MM_FULL_WRAPPER/GEN_ENABLE_INDET_BTT_SF.I_INDET_BTT/I_XD_FIFO/NON_BLK_MEM.I_SYNC_FIFOGEN_FIFO/xpm_fifo_instance.xpm_fifo_sync_inst/xpm_fifo_base_inst/gen_sdpram.xpm_memory_base_inst/gen_wr_a.gen_word_narrow.mem_reg_0_15_0_8/RAMB/WADR2
                            (rising edge-triggered cell RAMD32 clocked by clk_pl_0  {rise@0.000ns fall@5.000ns period=10.000ns})
  Path Group:             clk_pl_0
  Path Type:              Hold (Min at Slow Process Corner)
  Requirement:            0.000ns  (clk_pl_0 rise@0.000ns - clk_pl_0 rise@0.000ns)
  Data Path Delay:        0.204ns  (logic 0.061ns (29.957%)  route 0.143ns (70.043%))
  Logic Levels:           0  
  Clock Path Skew:        0.098ns (DCD - SCD - CPR)
    Destination Clock Delay (DCD):    2.074ns
    Source Clock Delay      (SCD):    1.760ns
    Clock Pessimism Removal (CPR):    0.216ns
  Clock Net Delay (Source):      1.600ns (routing 0.683ns, distribution 0.917ns)
  Clock Net Delay (Destination): 1.875ns (routing 0.753ns, distribution 1.122ns)

    Location             Delay type                Incr(ns)  Path(ns)    Netlist Resource(s)
  -------------------------------------------------------------------    -------------------
                         (clock clk_pl_0 rise edge)
                                                      0.000     0.000 r  
    PS8_X0Y0             PS8                          0.000     0.000 r  dma_axis_ip_example_i/zynq_ultra_ps_e_0/inst/PS8_i/PLCLK[0]
                         net (fo=1, routed)           0.135     0.135    dma_axis_ip_example_i/zynq_ultra_ps_e_0/inst/pl_clk_unbuffered[0]
    BUFG_PS_X0Y67        BUFG_PS (Prop_BUFG_PS_I_O)
                                                      0.025     0.160 r  dma_axis_ip_example_i/zynq_ultra_ps_e_0/inst/buffer_pl_clk_0.PL_CLK_0_BUFG/O
    X0Y1 (CLOCK_ROOT)    net (fo=5975, routed)        1.600     1.760    dma_axis_ip_example_i/axi_dma/U0/I_PRMRY_DATAMOVER/GEN_S2MM_FULL.I_S2MM_FULL_WRAPPER/GEN_ENABLE_INDET_BTT_SF.I_INDET_BTT/I_XD_FIFO/NON_BLK_MEM.I_SYNC_FIFOGEN_FIFO/xpm_fifo_instance.xpm_fifo_sync_inst/xpm_fifo_base_inst/wrp_inst/wr_clk
    SLICE_X9Y25          FDRE                                         r  dma_axis_ip_example_i/axi_dma/U0/I_PRMRY_DATAMOVER/GEN_S2MM_FULL.I_S2MM_FULL_WRAPPER/GEN_ENABLE_INDET_BTT_SF.I_INDET_BTT/I_XD_FIFO/NON_BLK_MEM.I_SYNC_FIFOGEN_FIFO/xpm_fifo_instance.xpm_fifo_sync_inst/xpm_fifo_base_inst/wrp_inst/count_value_i_reg[2]/C
  -------------------------------------------------------------------    -------------------
    SLICE_X9Y25          FDRE (Prop_DFF2_SLICEM_C_Q)
                                                      0.061     1.821 r  dma_axis_ip_example_i/axi_dma/U0/I_PRMRY_DATAMOVER/GEN_S2MM_FULL.I_S2MM_FULL_WRAPPER/GEN_ENABLE_INDET_BTT_SF.I_INDET_BTT/I_XD_FIFO/NON_BLK_MEM.I_SYNC_FIFOGEN_FIFO/xpm_fifo_instance.xpm_fifo_sync_inst/xpm_fifo_base_inst/wrp_inst/count_value_i_reg[2]/Q
                         net (fo=25, routed)          0.143     1.963    dma_axis_ip_example_i/axi_dma/U0/I_PRMRY_DATAMOVER/GEN_S2MM_FULL.I_S2MM_FULL_WRAPPER/GEN_ENABLE_INDET_BTT_SF.I_INDET_BTT/I_XD_FIFO/NON_BLK_MEM.I_SYNC_FIFOGEN_FIFO/xpm_fifo_instance.xpm_fifo_sync_inst/xpm_fifo_base_inst/gen_sdpram.xpm_memory_base_inst/gen_wr_a.gen_word_narrow.mem_reg_0_15_0_8/ADDRH2
    SLICE_X9Y26          RAMD32                                       r  dma_axis_ip_example_i/axi_dma/U0/I_PRMRY_DATAMOVER/GEN_S2MM_FULL.I_S2MM_FULL_WRAPPER/GEN_ENABLE_INDET_BTT_SF.I_INDET_BTT/I_XD_FIFO/NON_BLK_MEM.I_SYNC_FIFOGEN_FIFO/xpm_fifo_instance.xpm_fifo_sync_inst/xpm_fifo_base_inst/gen_sdpram.xpm_memory_base_inst/gen_wr_a.gen_word_narrow.mem_reg_0_15_0_8/RAMB/WADR2
  -------------------------------------------------------------------    -------------------

                         (clock clk_pl_0 rise edge)
                                                      0.000     0.000 r  
    PS8_X0Y0             PS8                          0.000     0.000 r  dma_axis_ip_example_i/zynq_ultra_ps_e_0/inst/PS8_i/PLCLK[0]
                         net (fo=1, routed)           0.171     0.171    dma_axis_ip_example_i/zynq_ultra_ps_e_0/inst/pl_clk_unbuffered[0]
    BUFG_PS_X0Y67        BUFG_PS (Prop_BUFG_PS_I_O)
                                                      0.028     0.199 r  dma_axis_ip_example_i/zynq_ultra_ps_e_0/inst/buffer_pl_clk_0.PL_CLK_0_BUFG/O
    X0Y1 (CLOCK_ROOT)    net (fo=5975, routed)        1.875     2.074    dma_axis_ip_example_i/axi_dma/U0/I_PRMRY_DATAMOVER/GEN_S2MM_FULL.I_S2MM_FULL_WRAPPER/GEN_ENABLE_INDET_BTT_SF.I_INDET_BTT/I_XD_FIFO/NON_BLK_MEM.I_SYNC_FIFOGEN_FIFO/xpm_fifo_instance.xpm_fifo_sync_inst/xpm_fifo_base_inst/gen_sdpram.xpm_memory_base_inst/gen_wr_a.gen_word_narrow.mem_reg_0_15_0_8/WCLK
    SLICE_X9Y26          RAMD32                                       r  dma_axis_ip_example_i/axi_dma/U0/I_PRMRY_DATAMOVER/GEN_S2MM_FULL.I_S2MM_FULL_WRAPPER/GEN_ENABLE_INDET_BTT_SF.I_INDET_BTT/I_XD_FIFO/NON_BLK_MEM.I_SYNC_FIFOGEN_FIFO/xpm_fifo_instance.xpm_fifo_sync_inst/xpm_fifo_base_inst/gen_sdpram.xpm_memory_base_inst/gen_wr_a.gen_word_narrow.mem_reg_0_15_0_8/RAMB/CLK
                         clock pessimism             -0.216     1.858    
    SLICE_X9Y26          RAMD32 (Hold_B5LUT_SLICEM_CLK_WADR2)
                                                      0.090     1.948    dma_axis_ip_example_i/axi_dma/U0/I_PRMRY_DATAMOVER/GEN_S2MM_FULL.I_S2MM_FULL_WRAPPER/GEN_ENABLE_INDET_BTT_SF.I_INDET_BTT/I_XD_FIFO/NON_BLK_MEM.I_SYNC_FIFOGEN_FIFO/xpm_fifo_instance.xpm_fifo_sync_inst/xpm_fifo_base_inst/gen_sdpram.xpm_memory_base_inst/gen_wr_a.gen_word_narrow.mem_reg_0_15_0_8/RAMB
  -------------------------------------------------------------------
                         required time                         -1.948    
                         arrival time                           1.963    
  -------------------------------------------------------------------
                         slack                                  0.015    

Slack (MET) :             0.015ns  (arrival time - required time)
  Source:                 dma_axis_ip_example_i/axi_dma/U0/I_PRMRY_DATAMOVER/GEN_S2MM_FULL.I_S2MM_FULL_WRAPPER/GEN_ENABLE_INDET_BTT_SF.I_INDET_BTT/I_XD_FIFO/NON_BLK_MEM.I_SYNC_FIFOGEN_FIFO/xpm_fifo_instance.xpm_fifo_sync_inst/xpm_fifo_base_inst/wrp_inst/count_value_i_reg[2]/C
                            (rising edge-triggered cell FDRE clocked by clk_pl_0  {rise@0.000ns fall@5.000ns period=10.000ns})
  Destination:            dma_axis_ip_example_i/axi_dma/U0/I_PRMRY_DATAMOVER/GEN_S2MM_FULL.I_S2MM_FULL_WRAPPER/GEN_ENABLE_INDET_BTT_SF.I_INDET_BTT/I_XD_FIFO/NON_BLK_MEM.I_SYNC_FIFOGEN_FIFO/xpm_fifo_instance.xpm_fifo_sync_inst/xpm_fifo_base_inst/gen_sdpram.xpm_memory_base_inst/gen_wr_a.gen_word_narrow.mem_reg_0_15_0_8/RAMB_D1/WADR2
                            (rising edge-triggered cell RAMD32 clocked by clk_pl_0  {rise@0.000ns fall@5.000ns period=10.000ns})
  Path Group:             clk_pl_0
  Path Type:              Hold (Min at Slow Process Corner)
  Requirement:            0.000ns  (clk_pl_0 rise@0.000ns - clk_pl_0 rise@0.000ns)
  Data Path Delay:        0.204ns  (logic 0.061ns (29.957%)  route 0.143ns (70.043%))
  Logic Levels:           0  
  Clock Path Skew:        0.098ns (DCD - SCD - CPR)
    Destination Clock Delay (DCD):    2.074ns
    Source Clock Delay      (SCD):    1.760ns
    Clock Pessimism Removal (CPR):    0.216ns
  Clock Net Delay (Source):      1.600ns (routing 0.683ns, distribution 0.917ns)
  Clock Net Delay (Destination): 1.875ns (routing 0.753ns, distribution 1.122ns)

    Location             Delay type                Incr(ns)  Path(ns)    Netlist Resource(s)
  -------------------------------------------------------------------    -------------------
                         (clock clk_pl_0 rise edge)
                                                      0.000     0.000 r  
    PS8_X0Y0             PS8                          0.000     0.000 r  dma_axis_ip_example_i/zynq_ultra_ps_e_0/inst/PS8_i/PLCLK[0]
                         net (fo=1, routed)           0.135     0.135    dma_axis_ip_example_i/zynq_ultra_ps_e_0/inst/pl_clk_unbuffered[0]
    BUFG_PS_X0Y67        BUFG_PS (Prop_BUFG_PS_I_O)
                                                      0.025     0.160 r  dma_axis_ip_example_i/zynq_ultra_ps_e_0/inst/buffer_pl_clk_0.PL_CLK_0_BUFG/O
    X0Y1 (CLOCK_ROOT)    net (fo=5975, routed)        1.600     1.760    dma_axis_ip_example_i/axi_dma/U0/I_PRMRY_DATAMOVER/GEN_S2MM_FULL.I_S2MM_FULL_WRAPPER/GEN_ENABLE_INDET_BTT_SF.I_INDET_BTT/I_XD_FIFO/NON_BLK_MEM.I_SYNC_FIFOGEN_FIFO/xpm_fifo_instance.xpm_fifo_sync_inst/xpm_fifo_base_inst/wrp_inst/wr_clk
    SLICE_X9Y25          FDRE                                         r  dma_axis_ip_example_i/axi_dma/U0/I_PRMRY_DATAMOVER/GEN_S2MM_FULL.I_S2MM_FULL_WRAPPER/GEN_ENABLE_INDET_BTT_SF.I_INDET_BTT/I_XD_FIFO/NON_BLK_MEM.I_SYNC_FIFOGEN_FIFO/xpm_fifo_instance.xpm_fifo_sync_inst/xpm_fifo_base_inst/wrp_inst/count_value_i_reg[2]/C
  -------------------------------------------------------------------    -------------------
    SLICE_X9Y25          FDRE (Prop_DFF2_SLICEM_C_Q)
                                                      0.061     1.821 r  dma_axis_ip_example_i/axi_dma/U0/I_PRMRY_DATAMOVER/GEN_S2MM_FULL.I_S2MM_FULL_WRAPPER/GEN_ENABLE_INDET_BTT_SF.I_INDET_BTT/I_XD_FIFO/NON_BLK_MEM.I_SYNC_FIFOGEN_FIFO/xpm_fifo_instance.xpm_fifo_sync_inst/xpm_fifo_base_inst/wrp_inst/count_value_i_reg[2]/Q
                         net (fo=25, routed)          0.143     1.963    dma_axis_ip_example_i/axi_dma/U0/I_PRMRY_DATAMOVER/GEN_S2MM_FULL.I_S2MM_FULL_WRAPPER/GEN_ENABLE_INDET_BTT_SF.I_INDET_BTT/I_XD_FIFO/NON_BLK_MEM.I_SYNC_FIFOGEN_FIFO/xpm_fifo_instance.xpm_fifo_sync_inst/xpm_fifo_base_inst/gen_sdpram.xpm_memory_base_inst/gen_wr_a.gen_word_narrow.mem_reg_0_15_0_8/ADDRH2
    SLICE_X9Y26          RAMD32                                       r  dma_axis_ip_example_i/axi_dma/U0/I_PRMRY_DATAMOVER/GEN_S2MM_FULL.I_S2MM_FULL_WRAPPER/GEN_ENABLE_INDET_BTT_SF.I_INDET_BTT/I_XD_FIFO/NON_BLK_MEM.I_SYNC_FIFOGEN_FIFO/xpm_fifo_instance.xpm_fifo_sync_inst/xpm_fifo_base_inst/gen_sdpram.xpm_memory_base_inst/gen_wr_a.gen_word_narrow.mem_reg_0_15_0_8/RAMB_D1/WADR2
  -------------------------------------------------------------------    -------------------

                         (clock clk_pl_0 rise edge)
                                                      0.000     0.000 r  
    PS8_X0Y0             PS8                          0.000     0.000 r  dma_axis_ip_example_i/zynq_ultra_ps_e_0/inst/PS8_i/PLCLK[0]
                         net (fo=1, routed)           0.171     0.171    dma_axis_ip_example_i/zynq_ultra_ps_e_0/inst/pl_clk_unbuffered[0]
    BUFG_PS_X0Y67        BUFG_PS (Prop_BUFG_PS_I_O)
                                                      0.028     0.199 r  dma_axis_ip_example_i/zynq_ultra_ps_e_0/inst/buffer_pl_clk_0.PL_CLK_0_BUFG/O
    X0Y1 (CLOCK_ROOT)    net (fo=5975, routed)        1.875     2.074    dma_axis_ip_example_i/axi_dma/U0/I_PRMRY_DATAMOVER/GEN_S2MM_FULL.I_S2MM_FULL_WRAPPER/GEN_ENABLE_INDET_BTT_SF.I_INDET_BTT/I_XD_FIFO/NON_BLK_MEM.I_SYNC_FIFOGEN_FIFO/xpm_fifo_instance.xpm_fifo_sync_inst/xpm_fifo_base_inst/gen_sdpram.xpm_memory_base_inst/gen_wr_a.gen_word_narrow.mem_reg_0_15_0_8/WCLK
    SLICE_X9Y26          RAMD32                                       r  dma_axis_ip_example_i/axi_dma/U0/I_PRMRY_DATAMOVER/GEN_S2MM_FULL.I_S2MM_FULL_WRAPPER/GEN_ENABLE_INDET_BTT_SF.I_INDET_BTT/I_XD_FIFO/NON_BLK_MEM.I_SYNC_FIFOGEN_FIFO/xpm_fifo_instance.xpm_fifo_sync_inst/xpm_fifo_base_inst/gen_sdpram.xpm_memory_base_inst/gen_wr_a.gen_word_narrow.mem_reg_0_15_0_8/RAMB_D1/CLK
                         clock pessimism             -0.216     1.858    
    SLICE_X9Y26          RAMD32 (Hold_B6LUT_SLICEM_CLK_WADR2)
                                                      0.090     1.948    dma_axis_ip_example_i/axi_dma/U0/I_PRMRY_DATAMOVER/GEN_S2MM_FULL.I_S2MM_FULL_WRAPPER/GEN_ENABLE_INDET_BTT_SF.I_INDET_BTT/I_XD_FIFO/NON_BLK_MEM.I_SYNC_FIFOGEN_FIFO/xpm_fifo_instance.xpm_fifo_sync_inst/xpm_fifo_base_inst/gen_sdpram.xpm_memory_base_inst/gen_wr_a.gen_word_narrow.mem_reg_0_15_0_8/RAMB_D1
  -------------------------------------------------------------------
                         required time                         -1.948    
                         arrival time                           1.963    
  -------------------------------------------------------------------
                         slack                                  0.015    





Pulse Width Checks
--------------------------------------------------------------------------------------
Clock Name:         clk_pl_0
Waveform(ns):       { 0.000 5.000 }
Period(ns):         10.000
Sources:            { dma_axis_ip_example_i/zynq_ultra_ps_e_0/inst/PS8_i/PLCLK[0] }

Check Type        Corner  Lib Pin             Reference Pin  Required(ns)  Actual(ns)  Slack(ns)  Location      Pin
Min Period        n/a     PS8/MAXIGP0ACLK     n/a            3.000         10.000      7.000      PS8_X0Y0      dma_axis_ip_example_i/zynq_ultra_ps_e_0/inst/PS8_i/MAXIGP0ACLK
Min Period        n/a     PS8/SAXIGP2RCLK     n/a            3.000         10.000      7.000      PS8_X0Y0      dma_axis_ip_example_i/zynq_ultra_ps_e_0/inst/PS8_i/SAXIGP2RCLK
Min Period        n/a     PS8/SAXIGP2WCLK     n/a            3.000         10.000      7.000      PS8_X0Y0      dma_axis_ip_example_i/zynq_ultra_ps_e_0/inst/PS8_i/SAXIGP2WCLK
Min Period        n/a     PS8/SAXIGP4RCLK     n/a            3.000         10.000      7.000      PS8_X0Y0      dma_axis_ip_example_i/zynq_ultra_ps_e_0/inst/PS8_i/SAXIGP4RCLK
Min Period        n/a     PS8/SAXIGP4WCLK     n/a            3.000         10.000      7.000      PS8_X0Y0      dma_axis_ip_example_i/zynq_ultra_ps_e_0/inst/PS8_i/SAXIGP4WCLK
Min Period        n/a     RAMB36E2/CLKARDCLK  n/a            1.569         10.000      8.431      RAMB36_X0Y13  dma_axis_ip_example_i/axis_data_fifo_0/inst/gen_fifo.xpm_fifo_axis_inst/xpm_fifo_base_inst/gen_sdpram.xpm_memory_base_inst/gen_wr_a.gen_word_narrow.mem_reg_bram_0/CLKARDCLK
Min Period        n/a     RAMB18E2/CLKARDCLK  n/a            1.569         10.000      8.431      RAMB18_X0Y24  dma_axis_ip_example_i/axis_data_fifo_0/inst/gen_fifo.xpm_fifo_axis_inst/xpm_fifo_base_inst/gen_sdpram.xpm_memory_base_inst/gen_wr_a.gen_word_narrow.mem_reg_bram_1/CLKARDCLK
Min Period        n/a     RAMB36E2/CLKARDCLK  n/a            1.355         10.000      8.645      RAMB36_X0Y19  dma_axis_ip_example_i/axi_dma/U0/I_PRMRY_DATAMOVER/GEN_MM2S_FULL.I_MM2S_FULL_WRAPPER/GEN_INCLUDE_MM2S_SF.I_RD_SF/I_DATA_FIFO/BLK_MEM.I_SYNC_FIFOGEN_FIFO/xpm_fifo_instance.xpm_fifo_sync_inst/xpm_fifo_base_inst/gen_sdpram.xpm_memory_base_inst/gen_wr_a.gen_word_narrow.mem_reg_0/CLKARDCLK
Min Period        n/a     RAMB36E2/CLKBWRCLK  n/a            1.355         10.000      8.645      RAMB36_X0Y19  dma_axis_ip_example_i/axi_dma/U0/I_PRMRY_DATAMOVER/GEN_MM2S_FULL.I_MM2S_FULL_WRAPPER/GEN_INCLUDE_MM2S_SF.I_RD_SF/I_DATA_FIFO/BLK_MEM.I_SYNC_FIFOGEN_FIFO/xpm_fifo_instance.xpm_fifo_sync_inst/xpm_fifo_base_inst/gen_sdpram.xpm_memory_base_inst/gen_wr_a.gen_word_narrow.mem_reg_0/CLKBWRCLK
Min Period        n/a     RAMB18E2/CLKARDCLK  n/a            1.355         10.000      8.645      RAMB18_X0Y36  dma_axis_ip_example_i/axi_dma/U0/I_PRMRY_DATAMOVER/GEN_MM2S_FULL.I_MM2S_FULL_WRAPPER/GEN_INCLUDE_MM2S_SF.I_RD_SF/I_DATA_FIFO/BLK_MEM.I_SYNC_FIFOGEN_FIFO/xpm_fifo_instance.xpm_fifo_sync_inst/xpm_fifo_base_inst/gen_sdpram.xpm_memory_base_inst/gen_wr_a.gen_word_narrow.mem_reg_1/CLKARDCLK
Low Pulse Width   Slow    PS8/MAXIGP0ACLK     n/a            1.500         5.000       3.500      PS8_X0Y0      dma_axis_ip_example_i/zynq_ultra_ps_e_0/inst/PS8_i/MAXIGP0ACLK
Low Pulse Width   Fast    PS8/MAXIGP0ACLK     n/a            1.500         5.000       3.500      PS8_X0Y0      dma_axis_ip_example_i/zynq_ultra_ps_e_0/inst/PS8_i/MAXIGP0ACLK
Low Pulse Width   Slow    PS8/SAXIGP2RCLK     n/a            1.500         5.000       3.500      PS8_X0Y0      dma_axis_ip_example_i/zynq_ultra_ps_e_0/inst/PS8_i/SAXIGP2RCLK
Low Pulse Width   Fast    PS8/SAXIGP2RCLK     n/a            1.500         5.000       3.500      PS8_X0Y0      dma_axis_ip_example_i/zynq_ultra_ps_e_0/inst/PS8_i/SAXIGP2RCLK
Low Pulse Width   Slow    PS8/SAXIGP2WCLK     n/a            1.500         5.000       3.500      PS8_X0Y0      dma_axis_ip_example_i/zynq_ultra_ps_e_0/inst/PS8_i/SAXIGP2WCLK
Low Pulse Width   Fast    PS8/SAXIGP2WCLK     n/a            1.500         5.000       3.500      PS8_X0Y0      dma_axis_ip_example_i/zynq_ultra_ps_e_0/inst/PS8_i/SAXIGP2WCLK
Low Pulse Width   Slow    PS8/SAXIGP4RCLK     n/a            1.500         5.000       3.500      PS8_X0Y0      dma_axis_ip_example_i/zynq_ultra_ps_e_0/inst/PS8_i/SAXIGP4RCLK
Low Pulse Width   Fast    PS8/SAXIGP4RCLK     n/a            1.500         5.000       3.500      PS8_X0Y0      dma_axis_ip_example_i/zynq_ultra_ps_e_0/inst/PS8_i/SAXIGP4RCLK
Low Pulse Width   Slow    PS8/SAXIGP4WCLK     n/a            1.500         5.000       3.500      PS8_X0Y0      dma_axis_ip_example_i/zynq_ultra_ps_e_0/inst/PS8_i/SAXIGP4WCLK
Low Pulse Width   Fast    PS8/SAXIGP4WCLK     n/a            1.500         5.000       3.500      PS8_X0Y0      dma_axis_ip_example_i/zynq_ultra_ps_e_0/inst/PS8_i/SAXIGP4WCLK
High Pulse Width  Slow    PS8/MAXIGP0ACLK     n/a            1.500         5.000       3.500      PS8_X0Y0      dma_axis_ip_example_i/zynq_ultra_ps_e_0/inst/PS8_i/MAXIGP0ACLK
High Pulse Width  Fast    PS8/MAXIGP0ACLK     n/a            1.500         5.000       3.500      PS8_X0Y0      dma_axis_ip_example_i/zynq_ultra_ps_e_0/inst/PS8_i/MAXIGP0ACLK
High Pulse Width  Slow    PS8/SAXIGP2RCLK     n/a            1.500         5.000       3.500      PS8_X0Y0      dma_axis_ip_example_i/zynq_ultra_ps_e_0/inst/PS8_i/SAXIGP2RCLK
High Pulse Width  Fast    PS8/SAXIGP2RCLK     n/a            1.500         5.000       3.500      PS8_X0Y0      dma_axis_ip_example_i/zynq_ultra_ps_e_0/inst/PS8_i/SAXIGP2RCLK
High Pulse Width  Slow    PS8/SAXIGP2WCLK     n/a            1.500         5.000       3.500      PS8_X0Y0      dma_axis_ip_example_i/zynq_ultra_ps_e_0/inst/PS8_i/SAXIGP2WCLK
High Pulse Width  Fast    PS8/SAXIGP2WCLK     n/a            1.500         5.000       3.500      PS8_X0Y0      dma_axis_ip_example_i/zynq_ultra_ps_e_0/inst/PS8_i/SAXIGP2WCLK
High Pulse Width  Slow    PS8/SAXIGP4RCLK     n/a            1.500         5.000       3.500      PS8_X0Y0      dma_axis_ip_example_i/zynq_ultra_ps_e_0/inst/PS8_i/SAXIGP4RCLK
High Pulse Width  Fast    PS8/SAXIGP4RCLK     n/a            1.500         5.000       3.500      PS8_X0Y0      dma_axis_ip_example_i/zynq_ultra_ps_e_0/inst/PS8_i/SAXIGP4RCLK
High Pulse Width  Slow    PS8/SAXIGP4WCLK     n/a            1.500         5.000       3.500      PS8_X0Y0      dma_axis_ip_example_i/zynq_ultra_ps_e_0/inst/PS8_i/SAXIGP4WCLK
High Pulse Width  Fast    PS8/SAXIGP4WCLK     n/a            1.500         5.000       3.500      PS8_X0Y0      dma_axis_ip_example_i/zynq_ultra_ps_e_0/inst/PS8_i/SAXIGP4WCLK



---------------------------------------------------------------------------------------------------
From Clock:  dma_axis_ip_example_i/clk_wiz_0/inst/clk_in1
  To Clock:  dma_axis_ip_example_i/clk_wiz_0/inst/clk_in1

Setup :           NA  Failing Endpoints,  Worst Slack           NA  ,  Total Violation           NA
Hold  :           NA  Failing Endpoints,  Worst Slack           NA  ,  Total Violation           NA
PW    :            0  Failing Endpoints,  Worst Slack        2.000ns,  Total Violation        0.000ns
---------------------------------------------------------------------------------------------------


Pulse Width Checks
--------------------------------------------------------------------------------------
Clock Name:         dma_axis_ip_example_i/clk_wiz_0/inst/clk_in1
Waveform(ns):       { 0.000 5.000 }
Period(ns):         10.000
Sources:            { dma_axis_ip_example_i/clk_wiz_0/inst/clk_in1 }

Check Type        Corner  Lib Pin            Reference Pin  Required(ns)  Actual(ns)  Slack(ns)  Location   Pin
Min Period        n/a     MMCME4_ADV/CLKIN1  n/a            1.071         10.000      8.929      MMCM_X0Y2  dma_axis_ip_example_i/clk_wiz_0/inst/mmcme4_adv_inst/CLKIN1
Max Period        n/a     MMCME4_ADV/CLKIN1  n/a            100.000       10.000      90.000     MMCM_X0Y2  dma_axis_ip_example_i/clk_wiz_0/inst/mmcme4_adv_inst/CLKIN1
Low Pulse Width   Slow    MMCME4_ADV/CLKIN1  n/a            3.000         5.000       2.000      MMCM_X0Y2  dma_axis_ip_example_i/clk_wiz_0/inst/mmcme4_adv_inst/CLKIN1
Low Pulse Width   Fast    MMCME4_ADV/CLKIN1  n/a            3.000         5.000       2.000      MMCM_X0Y2  dma_axis_ip_example_i/clk_wiz_0/inst/mmcme4_adv_inst/CLKIN1
High Pulse Width  Slow    MMCME4_ADV/CLKIN1  n/a            3.000         5.000       2.000      MMCM_X0Y2  dma_axis_ip_example_i/clk_wiz_0/inst/mmcme4_adv_inst/CLKIN1
High Pulse Width  Fast    MMCME4_ADV/CLKIN1  n/a            3.000         5.000       2.000      MMCM_X0Y2  dma_axis_ip_example_i/clk_wiz_0/inst/mmcme4_adv_inst/CLKIN1



---------------------------------------------------------------------------------------------------
From Clock:  clk_out1_dma_axis_ip_example_clk_wiz_0_0
  To Clock:  clk_out1_dma_axis_ip_example_clk_wiz_0_0

Setup :            0  Failing Endpoints,  Worst Slack       86.330ns,  Total Violation        0.000ns
Hold  :            0  Failing Endpoints,  Worst Slack        0.023ns,  Total Violation        0.000ns
PW    :            0  Failing Endpoints,  Worst Slack       43.747ns,  Total Violation        0.000ns
---------------------------------------------------------------------------------------------------


Max Delay Paths
--------------------------------------------------------------------------------------
Slack (MET) :             86.330ns  (required time - arrival time)
  Source:                 dma_axis_ip_example_i/i2s_transmitter_0/inst/I2S_TX_V1_0_SYS_INST/AXIS_FIFO_INST/xpm_fifo_async_inst/gnuram_async_fifo.xpm_fifo_base_inst/gen_sdpram.xpm_memory_base_inst/gen_wr_a.gen_word_narrow.mem_reg/CLKARDCLK
                            (rising edge-triggered cell RAMB18E2 clocked by clk_out1_dma_axis_ip_example_clk_wiz_0_0  {rise@0.000ns fall@44.289ns period=88.577ns})
  Destination:            dma_axis_ip_example_i/i2s_transmitter_0/inst/I2S_TX_V1_0_SYS_INST/genblk2[1].mclk_rAudData_reg[1][14]/CE
                            (rising edge-triggered cell FDRE clocked by clk_out1_dma_axis_ip_example_clk_wiz_0_0  {rise@0.000ns fall@44.289ns period=88.577ns})
  Path Group:             clk_out1_dma_axis_ip_example_clk_wiz_0_0
  Path Type:              Setup (Max at Slow Process Corner)
  Requirement:            88.577ns  (clk_out1_dma_axis_ip_example_clk_wiz_0_0 rise@88.577ns - clk_out1_dma_axis_ip_example_clk_wiz_0_0 rise@0.000ns)
  Data Path Delay:        1.701ns  (logic 0.390ns (22.931%)  route 1.311ns (77.069%))
  Logic Levels:           2  (LUT4=1 LUT6=1)
  Clock Path Skew:        -0.208ns (DCD - SCD + CPR)
    Destination Clock Delay (DCD):    4.279ns = ( 92.856 - 88.577 ) 
    Source Clock Delay      (SCD):    4.087ns
    Clock Pessimism Removal (CPR):    -0.400ns
  Clock Uncertainty:      0.278ns  ((TSJ^2 + DJ^2)^1/2) / 2 + PE
    Total System Jitter     (TSJ):    0.071ns
    Discrete Jitter          (DJ):    0.551ns
    Phase Error              (PE):    0.000ns
  Clock Net Delay (Source):      2.147ns (routing 0.970ns, distribution 1.177ns)
  Clock Net Delay (Destination): 1.800ns (routing 0.883ns, distribution 0.917ns)

    Location             Delay type                Incr(ns)  Path(ns)    Netlist Resource(s)
  -------------------------------------------------------------------    -------------------
                         (clock clk_out1_dma_axis_ip_example_clk_wiz_0_0 rise edge)
                                                      0.000     0.000 r  
    BUFG_PS_X0Y67        BUFG_PS                      0.000     0.000 r  dma_axis_ip_example_i/zynq_ultra_ps_e_0/inst/buffer_pl_clk_0.PL_CLK_0_BUFG/O
                         net (fo=5975, routed)        1.794     1.794    dma_axis_ip_example_i/clk_wiz_0/inst/clk_in1
    MMCM_X0Y2            MMCME4_ADV (Prop_MMCM_CLKIN1_CLKOUT0)
                                                     -0.127     1.667 r  dma_axis_ip_example_i/clk_wiz_0/inst/mmcme4_adv_inst/CLKOUT0
                         net (fo=1, routed)           0.245     1.912    dma_axis_ip_example_i/clk_wiz_0/inst/clk_out1_dma_axis_ip_example_clk_wiz_0_0
    BUFGCE_X0Y66         BUFGCE (Prop_BUFCE_BUFGCE_I_O)
                                                      0.028     1.940 r  dma_axis_ip_example_i/clk_wiz_0/inst/clkout1_buf/O
    X0Y1 (CLOCK_ROOT)    net (fo=313, routed)         2.147     4.087    dma_axis_ip_example_i/i2s_transmitter_0/inst/I2S_TX_V1_0_SYS_INST/AXIS_FIFO_INST/xpm_fifo_async_inst/gnuram_async_fifo.xpm_fifo_base_inst/gen_sdpram.xpm_memory_base_inst/clkb
    RAMB18_X0Y25         RAMB18E2                                     r  dma_axis_ip_example_i/i2s_transmitter_0/inst/I2S_TX_V1_0_SYS_INST/AXIS_FIFO_INST/xpm_fifo_async_inst/gnuram_async_fifo.xpm_fifo_base_inst/gen_sdpram.xpm_memory_base_inst/gen_wr_a.gen_word_narrow.mem_reg/CLKARDCLK
  -------------------------------------------------------------------    -------------------
    RAMB18_X0Y25         RAMB18E2 (Prop_RAMB18E2_U_RAMB181_CLKARDCLK_DOUTADOUT[1])
                                                      0.212     4.299 r  dma_axis_ip_example_i/i2s_transmitter_0/inst/I2S_TX_V1_0_SYS_INST/AXIS_FIFO_INST/xpm_fifo_async_inst/gnuram_async_fifo.xpm_fifo_base_inst/gen_sdpram.xpm_memory_base_inst/gen_wr_a.gen_word_narrow.mem_reg/DOUTADOUT[1]
                         net (fo=5, routed)           0.281     4.580    dma_axis_ip_example_i/i2s_transmitter_0/inst/I2S_TX_V1_0_SYS_INST/AXIS_FIFO_INST/mclk_nAxis_TID[1]
    SLICE_X6Y64          LUT4 (Prop_D6LUT_SLICEL_I1_O)
                                                      0.089     4.669 r  dma_axis_ip_example_i/i2s_transmitter_0/inst/I2S_TX_V1_0_SYS_INST/AXIS_FIFO_INST/genblk2[0].mclk_rAudData[0][23]_i_3/O
                         net (fo=2, routed)           0.091     4.759    dma_axis_ip_example_i/i2s_transmitter_0/inst/I2S_TX_V1_0_SYS_INST/AXIS_FIFO_INST/genblk2[0].mclk_rAudData[0][23]_i_3_n_0
    SLICE_X6Y65          LUT6 (Prop_G6LUT_SLICEL_I1_O)
                                                      0.089     4.848 r  dma_axis_ip_example_i/i2s_transmitter_0/inst/I2S_TX_V1_0_SYS_INST/AXIS_FIFO_INST/genblk2[1].mclk_rAudData[1][23]_i_1/O
                         net (fo=25, routed)          0.939     5.787    dma_axis_ip_example_i/i2s_transmitter_0/inst/I2S_TX_V1_0_SYS_INST/mclk_rAudValid7_out
    SLICE_X0Y64          FDRE                                         r  dma_axis_ip_example_i/i2s_transmitter_0/inst/I2S_TX_V1_0_SYS_INST/genblk2[1].mclk_rAudData_reg[1][14]/CE
  -------------------------------------------------------------------    -------------------

                         (clock clk_out1_dma_axis_ip_example_clk_wiz_0_0 rise edge)
                                                     88.577    88.577 r  
    BUFG_PS_X0Y67        BUFG_PS                      0.000    88.577 r  dma_axis_ip_example_i/zynq_ultra_ps_e_0/inst/buffer_pl_clk_0.PL_CLK_0_BUFG/O
                         net (fo=5975, routed)        1.610    90.187    dma_axis_ip_example_i/clk_wiz_0/inst/clk_in1
    MMCM_X0Y2            MMCME4_ADV (Prop_MMCM_CLKIN1_CLKOUT0)
                                                      0.630    90.817 r  dma_axis_ip_example_i/clk_wiz_0/inst/mmcme4_adv_inst/CLKOUT0
                         net (fo=1, routed)           0.215    91.032    dma_axis_ip_example_i/clk_wiz_0/inst/clk_out1_dma_axis_ip_example_clk_wiz_0_0
    BUFGCE_X0Y66         BUFGCE (Prop_BUFCE_BUFGCE_I_O)
                                                      0.024    91.056 r  dma_axis_ip_example_i/clk_wiz_0/inst/clkout1_buf/O
    X0Y1 (CLOCK_ROOT)    net (fo=313, routed)         1.800    92.856    dma_axis_ip_example_i/i2s_transmitter_0/inst/I2S_TX_V1_0_SYS_INST/aud_mclk
    SLICE_X0Y64          FDRE                                         r  dma_axis_ip_example_i/i2s_transmitter_0/inst/I2S_TX_V1_0_SYS_INST/genblk2[1].mclk_rAudData_reg[1][14]/C
                         clock pessimism             -0.400    92.456    
                         clock uncertainty           -0.278    92.178    
    SLICE_X0Y64          FDRE (Setup_DFF_SLICEL_C_CE)
                                                     -0.060    92.118    dma_axis_ip_example_i/i2s_transmitter_0/inst/I2S_TX_V1_0_SYS_INST/genblk2[1].mclk_rAudData_reg[1][14]
  -------------------------------------------------------------------
                         required time                         92.118    
                         arrival time                          -5.787    
  -------------------------------------------------------------------
                         slack                                 86.330    

Slack (MET) :             86.330ns  (required time - arrival time)
  Source:                 dma_axis_ip_example_i/i2s_transmitter_0/inst/I2S_TX_V1_0_SYS_INST/AXIS_FIFO_INST/xpm_fifo_async_inst/gnuram_async_fifo.xpm_fifo_base_inst/gen_sdpram.xpm_memory_base_inst/gen_wr_a.gen_word_narrow.mem_reg/CLKARDCLK
                            (rising edge-triggered cell RAMB18E2 clocked by clk_out1_dma_axis_ip_example_clk_wiz_0_0  {rise@0.000ns fall@44.289ns period=88.577ns})
  Destination:            dma_axis_ip_example_i/i2s_transmitter_0/inst/I2S_TX_V1_0_SYS_INST/genblk2[1].mclk_rAudData_reg[1][22]/CE
                            (rising edge-triggered cell FDRE clocked by clk_out1_dma_axis_ip_example_clk_wiz_0_0  {rise@0.000ns fall@44.289ns period=88.577ns})
  Path Group:             clk_out1_dma_axis_ip_example_clk_wiz_0_0
  Path Type:              Setup (Max at Slow Process Corner)
  Requirement:            88.577ns  (clk_out1_dma_axis_ip_example_clk_wiz_0_0 rise@88.577ns - clk_out1_dma_axis_ip_example_clk_wiz_0_0 rise@0.000ns)
  Data Path Delay:        1.701ns  (logic 0.390ns (22.931%)  route 1.311ns (77.069%))
  Logic Levels:           2  (LUT4=1 LUT6=1)
  Clock Path Skew:        -0.208ns (DCD - SCD + CPR)
    Destination Clock Delay (DCD):    4.279ns = ( 92.856 - 88.577 ) 
    Source Clock Delay      (SCD):    4.087ns
    Clock Pessimism Removal (CPR):    -0.400ns
  Clock Uncertainty:      0.278ns  ((TSJ^2 + DJ^2)^1/2) / 2 + PE
    Total System Jitter     (TSJ):    0.071ns
    Discrete Jitter          (DJ):    0.551ns
    Phase Error              (PE):    0.000ns
  Clock Net Delay (Source):      2.147ns (routing 0.970ns, distribution 1.177ns)
  Clock Net Delay (Destination): 1.800ns (routing 0.883ns, distribution 0.917ns)

    Location             Delay type                Incr(ns)  Path(ns)    Netlist Resource(s)
  -------------------------------------------------------------------    -------------------
                         (clock clk_out1_dma_axis_ip_example_clk_wiz_0_0 rise edge)
                                                      0.000     0.000 r  
    BUFG_PS_X0Y67        BUFG_PS                      0.000     0.000 r  dma_axis_ip_example_i/zynq_ultra_ps_e_0/inst/buffer_pl_clk_0.PL_CLK_0_BUFG/O
                         net (fo=5975, routed)        1.794     1.794    dma_axis_ip_example_i/clk_wiz_0/inst/clk_in1
    MMCM_X0Y2            MMCME4_ADV (Prop_MMCM_CLKIN1_CLKOUT0)
                                                     -0.127     1.667 r  dma_axis_ip_example_i/clk_wiz_0/inst/mmcme4_adv_inst/CLKOUT0
                         net (fo=1, routed)           0.245     1.912    dma_axis_ip_example_i/clk_wiz_0/inst/clk_out1_dma_axis_ip_example_clk_wiz_0_0
    BUFGCE_X0Y66         BUFGCE (Prop_BUFCE_BUFGCE_I_O)
                                                      0.028     1.940 r  dma_axis_ip_example_i/clk_wiz_0/inst/clkout1_buf/O
    X0Y1 (CLOCK_ROOT)    net (fo=313, routed)         2.147     4.087    dma_axis_ip_example_i/i2s_transmitter_0/inst/I2S_TX_V1_0_SYS_INST/AXIS_FIFO_INST/xpm_fifo_async_inst/gnuram_async_fifo.xpm_fifo_base_inst/gen_sdpram.xpm_memory_base_inst/clkb
    RAMB18_X0Y25         RAMB18E2                                     r  dma_axis_ip_example_i/i2s_transmitter_0/inst/I2S_TX_V1_0_SYS_INST/AXIS_FIFO_INST/xpm_fifo_async_inst/gnuram_async_fifo.xpm_fifo_base_inst/gen_sdpram.xpm_memory_base_inst/gen_wr_a.gen_word_narrow.mem_reg/CLKARDCLK
  -------------------------------------------------------------------    -------------------
    RAMB18_X0Y25         RAMB18E2 (Prop_RAMB18E2_U_RAMB181_CLKARDCLK_DOUTADOUT[1])
                                                      0.212     4.299 r  dma_axis_ip_example_i/i2s_transmitter_0/inst/I2S_TX_V1_0_SYS_INST/AXIS_FIFO_INST/xpm_fifo_async_inst/gnuram_async_fifo.xpm_fifo_base_inst/gen_sdpram.xpm_memory_base_inst/gen_wr_a.gen_word_narrow.mem_reg/DOUTADOUT[1]
                         net (fo=5, routed)           0.281     4.580    dma_axis_ip_example_i/i2s_transmitter_0/inst/I2S_TX_V1_0_SYS_INST/AXIS_FIFO_INST/mclk_nAxis_TID[1]
    SLICE_X6Y64          LUT4 (Prop_D6LUT_SLICEL_I1_O)
                                                      0.089     4.669 r  dma_axis_ip_example_i/i2s_transmitter_0/inst/I2S_TX_V1_0_SYS_INST/AXIS_FIFO_INST/genblk2[0].mclk_rAudData[0][23]_i_3/O
                         net (fo=2, routed)           0.091     4.759    dma_axis_ip_example_i/i2s_transmitter_0/inst/I2S_TX_V1_0_SYS_INST/AXIS_FIFO_INST/genblk2[0].mclk_rAudData[0][23]_i_3_n_0
    SLICE_X6Y65          LUT6 (Prop_G6LUT_SLICEL_I1_O)
                                                      0.089     4.848 r  dma_axis_ip_example_i/i2s_transmitter_0/inst/I2S_TX_V1_0_SYS_INST/AXIS_FIFO_INST/genblk2[1].mclk_rAudData[1][23]_i_1/O
                         net (fo=25, routed)          0.939     5.787    dma_axis_ip_example_i/i2s_transmitter_0/inst/I2S_TX_V1_0_SYS_INST/mclk_rAudValid7_out
    SLICE_X0Y64          FDRE                                         r  dma_axis_ip_example_i/i2s_transmitter_0/inst/I2S_TX_V1_0_SYS_INST/genblk2[1].mclk_rAudData_reg[1][22]/CE
  -------------------------------------------------------------------    -------------------

                         (clock clk_out1_dma_axis_ip_example_clk_wiz_0_0 rise edge)
                                                     88.577    88.577 r  
    BUFG_PS_X0Y67        BUFG_PS                      0.000    88.577 r  dma_axis_ip_example_i/zynq_ultra_ps_e_0/inst/buffer_pl_clk_0.PL_CLK_0_BUFG/O
                         net (fo=5975, routed)        1.610    90.187    dma_axis_ip_example_i/clk_wiz_0/inst/clk_in1
    MMCM_X0Y2            MMCME4_ADV (Prop_MMCM_CLKIN1_CLKOUT0)
                                                      0.630    90.817 r  dma_axis_ip_example_i/clk_wiz_0/inst/mmcme4_adv_inst/CLKOUT0
                         net (fo=1, routed)           0.215    91.032    dma_axis_ip_example_i/clk_wiz_0/inst/clk_out1_dma_axis_ip_example_clk_wiz_0_0
    BUFGCE_X0Y66         BUFGCE (Prop_BUFCE_BUFGCE_I_O)
                                                      0.024    91.056 r  dma_axis_ip_example_i/clk_wiz_0/inst/clkout1_buf/O
    X0Y1 (CLOCK_ROOT)    net (fo=313, routed)         1.800    92.856    dma_axis_ip_example_i/i2s_transmitter_0/inst/I2S_TX_V1_0_SYS_INST/aud_mclk
    SLICE_X0Y64          FDRE                                         r  dma_axis_ip_example_i/i2s_transmitter_0/inst/I2S_TX_V1_0_SYS_INST/genblk2[1].mclk_rAudData_reg[1][22]/C
                         clock pessimism             -0.400    92.456    
                         clock uncertainty           -0.278    92.178    
    SLICE_X0Y64          FDRE (Setup_CFF_SLICEL_C_CE)
                                                     -0.060    92.118    dma_axis_ip_example_i/i2s_transmitter_0/inst/I2S_TX_V1_0_SYS_INST/genblk2[1].mclk_rAudData_reg[1][22]
  -------------------------------------------------------------------
                         required time                         92.118    
                         arrival time                          -5.787    
  -------------------------------------------------------------------
                         slack                                 86.330    

Slack (MET) :             86.330ns  (required time - arrival time)
  Source:                 dma_axis_ip_example_i/i2s_transmitter_0/inst/I2S_TX_V1_0_SYS_INST/AXIS_FIFO_INST/xpm_fifo_async_inst/gnuram_async_fifo.xpm_fifo_base_inst/gen_sdpram.xpm_memory_base_inst/gen_wr_a.gen_word_narrow.mem_reg/CLKARDCLK
                            (rising edge-triggered cell RAMB18E2 clocked by clk_out1_dma_axis_ip_example_clk_wiz_0_0  {rise@0.000ns fall@44.289ns period=88.577ns})
  Destination:            dma_axis_ip_example_i/i2s_transmitter_0/inst/I2S_TX_V1_0_SYS_INST/genblk2[1].mclk_rAudData_reg[1][23]/CE
                            (rising edge-triggered cell FDRE clocked by clk_out1_dma_axis_ip_example_clk_wiz_0_0  {rise@0.000ns fall@44.289ns period=88.577ns})
  Path Group:             clk_out1_dma_axis_ip_example_clk_wiz_0_0
  Path Type:              Setup (Max at Slow Process Corner)
  Requirement:            88.577ns  (clk_out1_dma_axis_ip_example_clk_wiz_0_0 rise@88.577ns - clk_out1_dma_axis_ip_example_clk_wiz_0_0 rise@0.000ns)
  Data Path Delay:        1.701ns  (logic 0.390ns (22.931%)  route 1.311ns (77.069%))
  Logic Levels:           2  (LUT4=1 LUT6=1)
  Clock Path Skew:        -0.208ns (DCD - SCD + CPR)
    Destination Clock Delay (DCD):    4.279ns = ( 92.856 - 88.577 ) 
    Source Clock Delay      (SCD):    4.087ns
    Clock Pessimism Removal (CPR):    -0.400ns
  Clock Uncertainty:      0.278ns  ((TSJ^2 + DJ^2)^1/2) / 2 + PE
    Total System Jitter     (TSJ):    0.071ns
    Discrete Jitter          (DJ):    0.551ns
    Phase Error              (PE):    0.000ns
  Clock Net Delay (Source):      2.147ns (routing 0.970ns, distribution 1.177ns)
  Clock Net Delay (Destination): 1.800ns (routing 0.883ns, distribution 0.917ns)

    Location             Delay type                Incr(ns)  Path(ns)    Netlist Resource(s)
  -------------------------------------------------------------------    -------------------
                         (clock clk_out1_dma_axis_ip_example_clk_wiz_0_0 rise edge)
                                                      0.000     0.000 r  
    BUFG_PS_X0Y67        BUFG_PS                      0.000     0.000 r  dma_axis_ip_example_i/zynq_ultra_ps_e_0/inst/buffer_pl_clk_0.PL_CLK_0_BUFG/O
                         net (fo=5975, routed)        1.794     1.794    dma_axis_ip_example_i/clk_wiz_0/inst/clk_in1
    MMCM_X0Y2            MMCME4_ADV (Prop_MMCM_CLKIN1_CLKOUT0)
                                                     -0.127     1.667 r  dma_axis_ip_example_i/clk_wiz_0/inst/mmcme4_adv_inst/CLKOUT0
                         net (fo=1, routed)           0.245     1.912    dma_axis_ip_example_i/clk_wiz_0/inst/clk_out1_dma_axis_ip_example_clk_wiz_0_0
    BUFGCE_X0Y66         BUFGCE (Prop_BUFCE_BUFGCE_I_O)
                                                      0.028     1.940 r  dma_axis_ip_example_i/clk_wiz_0/inst/clkout1_buf/O
    X0Y1 (CLOCK_ROOT)    net (fo=313, routed)         2.147     4.087    dma_axis_ip_example_i/i2s_transmitter_0/inst/I2S_TX_V1_0_SYS_INST/AXIS_FIFO_INST/xpm_fifo_async_inst/gnuram_async_fifo.xpm_fifo_base_inst/gen_sdpram.xpm_memory_base_inst/clkb
    RAMB18_X0Y25         RAMB18E2                                     r  dma_axis_ip_example_i/i2s_transmitter_0/inst/I2S_TX_V1_0_SYS_INST/AXIS_FIFO_INST/xpm_fifo_async_inst/gnuram_async_fifo.xpm_fifo_base_inst/gen_sdpram.xpm_memory_base_inst/gen_wr_a.gen_word_narrow.mem_reg/CLKARDCLK
  -------------------------------------------------------------------    -------------------
    RAMB18_X0Y25         RAMB18E2 (Prop_RAMB18E2_U_RAMB181_CLKARDCLK_DOUTADOUT[1])
                                                      0.212     4.299 r  dma_axis_ip_example_i/i2s_transmitter_0/inst/I2S_TX_V1_0_SYS_INST/AXIS_FIFO_INST/xpm_fifo_async_inst/gnuram_async_fifo.xpm_fifo_base_inst/gen_sdpram.xpm_memory_base_inst/gen_wr_a.gen_word_narrow.mem_reg/DOUTADOUT[1]
                         net (fo=5, routed)           0.281     4.580    dma_axis_ip_example_i/i2s_transmitter_0/inst/I2S_TX_V1_0_SYS_INST/AXIS_FIFO_INST/mclk_nAxis_TID[1]
    SLICE_X6Y64          LUT4 (Prop_D6LUT_SLICEL_I1_O)
                                                      0.089     4.669 r  dma_axis_ip_example_i/i2s_transmitter_0/inst/I2S_TX_V1_0_SYS_INST/AXIS_FIFO_INST/genblk2[0].mclk_rAudData[0][23]_i_3/O
                         net (fo=2, routed)           0.091     4.759    dma_axis_ip_example_i/i2s_transmitter_0/inst/I2S_TX_V1_0_SYS_INST/AXIS_FIFO_INST/genblk2[0].mclk_rAudData[0][23]_i_3_n_0
    SLICE_X6Y65          LUT6 (Prop_G6LUT_SLICEL_I1_O)
                                                      0.089     4.848 r  dma_axis_ip_example_i/i2s_transmitter_0/inst/I2S_TX_V1_0_SYS_INST/AXIS_FIFO_INST/genblk2[1].mclk_rAudData[1][23]_i_1/O
                         net (fo=25, routed)          0.939     5.787    dma_axis_ip_example_i/i2s_transmitter_0/inst/I2S_TX_V1_0_SYS_INST/mclk_rAudValid7_out
    SLICE_X0Y64          FDRE                                         r  dma_axis_ip_example_i/i2s_transmitter_0/inst/I2S_TX_V1_0_SYS_INST/genblk2[1].mclk_rAudData_reg[1][23]/CE
  -------------------------------------------------------------------    -------------------

                         (clock clk_out1_dma_axis_ip_example_clk_wiz_0_0 rise edge)
                                                     88.577    88.577 r  
    BUFG_PS_X0Y67        BUFG_PS                      0.000    88.577 r  dma_axis_ip_example_i/zynq_ultra_ps_e_0/inst/buffer_pl_clk_0.PL_CLK_0_BUFG/O
                         net (fo=5975, routed)        1.610    90.187    dma_axis_ip_example_i/clk_wiz_0/inst/clk_in1
    MMCM_X0Y2            MMCME4_ADV (Prop_MMCM_CLKIN1_CLKOUT0)
                                                      0.630    90.817 r  dma_axis_ip_example_i/clk_wiz_0/inst/mmcme4_adv_inst/CLKOUT0
                         net (fo=1, routed)           0.215    91.032    dma_axis_ip_example_i/clk_wiz_0/inst/clk_out1_dma_axis_ip_example_clk_wiz_0_0
    BUFGCE_X0Y66         BUFGCE (Prop_BUFCE_BUFGCE_I_O)
                                                      0.024    91.056 r  dma_axis_ip_example_i/clk_wiz_0/inst/clkout1_buf/O
    X0Y1 (CLOCK_ROOT)    net (fo=313, routed)         1.800    92.856    dma_axis_ip_example_i/i2s_transmitter_0/inst/I2S_TX_V1_0_SYS_INST/aud_mclk
    SLICE_X0Y64          FDRE                                         r  dma_axis_ip_example_i/i2s_transmitter_0/inst/I2S_TX_V1_0_SYS_INST/genblk2[1].mclk_rAudData_reg[1][23]/C
                         clock pessimism             -0.400    92.456    
                         clock uncertainty           -0.278    92.178    
    SLICE_X0Y64          FDRE (Setup_BFF_SLICEL_C_CE)
                                                     -0.060    92.118    dma_axis_ip_example_i/i2s_transmitter_0/inst/I2S_TX_V1_0_SYS_INST/genblk2[1].mclk_rAudData_reg[1][23]
  -------------------------------------------------------------------
                         required time                         92.118    
                         arrival time                          -5.787    
  -------------------------------------------------------------------
                         slack                                 86.330    

Slack (MET) :             86.375ns  (required time - arrival time)
  Source:                 dma_axis_ip_example_i/i2s_transmitter_0/inst/I2S_TX_V1_0_SYS_INST/AXIS_FIFO_INST/xpm_fifo_async_inst/gnuram_async_fifo.xpm_fifo_base_inst/gen_sdpram.xpm_memory_base_inst/gen_wr_a.gen_word_narrow.mem_reg/CLKARDCLK
                            (rising edge-triggered cell RAMB18E2 clocked by clk_out1_dma_axis_ip_example_clk_wiz_0_0  {rise@0.000ns fall@44.289ns period=88.577ns})
  Destination:            dma_axis_ip_example_i/i2s_transmitter_0/inst/I2S_TX_V1_0_SYS_INST/genblk2[1].mclk_rAudData_reg[1][13]/CE
                            (rising edge-triggered cell FDRE clocked by clk_out1_dma_axis_ip_example_clk_wiz_0_0  {rise@0.000ns fall@44.289ns period=88.577ns})
  Path Group:             clk_out1_dma_axis_ip_example_clk_wiz_0_0
  Path Type:              Setup (Max at Slow Process Corner)
  Requirement:            88.577ns  (clk_out1_dma_axis_ip_example_clk_wiz_0_0 rise@88.577ns - clk_out1_dma_axis_ip_example_clk_wiz_0_0 rise@0.000ns)
  Data Path Delay:        1.656ns  (logic 0.390ns (23.554%)  route 1.266ns (76.446%))
  Logic Levels:           2  (LUT4=1 LUT6=1)
  Clock Path Skew:        -0.208ns (DCD - SCD + CPR)
    Destination Clock Delay (DCD):    4.279ns = ( 92.856 - 88.577 ) 
    Source Clock Delay      (SCD):    4.087ns
    Clock Pessimism Removal (CPR):    -0.400ns
  Clock Uncertainty:      0.278ns  ((TSJ^2 + DJ^2)^1/2) / 2 + PE
    Total System Jitter     (TSJ):    0.071ns
    Discrete Jitter          (DJ):    0.551ns
    Phase Error              (PE):    0.000ns
  Clock Net Delay (Source):      2.147ns (routing 0.970ns, distribution 1.177ns)
  Clock Net Delay (Destination): 1.800ns (routing 0.883ns, distribution 0.917ns)

    Location             Delay type                Incr(ns)  Path(ns)    Netlist Resource(s)
  -------------------------------------------------------------------    -------------------
                         (clock clk_out1_dma_axis_ip_example_clk_wiz_0_0 rise edge)
                                                      0.000     0.000 r  
    BUFG_PS_X0Y67        BUFG_PS                      0.000     0.000 r  dma_axis_ip_example_i/zynq_ultra_ps_e_0/inst/buffer_pl_clk_0.PL_CLK_0_BUFG/O
                         net (fo=5975, routed)        1.794     1.794    dma_axis_ip_example_i/clk_wiz_0/inst/clk_in1
    MMCM_X0Y2            MMCME4_ADV (Prop_MMCM_CLKIN1_CLKOUT0)
                                                     -0.127     1.667 r  dma_axis_ip_example_i/clk_wiz_0/inst/mmcme4_adv_inst/CLKOUT0
                         net (fo=1, routed)           0.245     1.912    dma_axis_ip_example_i/clk_wiz_0/inst/clk_out1_dma_axis_ip_example_clk_wiz_0_0
    BUFGCE_X0Y66         BUFGCE (Prop_BUFCE_BUFGCE_I_O)
                                                      0.028     1.940 r  dma_axis_ip_example_i/clk_wiz_0/inst/clkout1_buf/O
    X0Y1 (CLOCK_ROOT)    net (fo=313, routed)         2.147     4.087    dma_axis_ip_example_i/i2s_transmitter_0/inst/I2S_TX_V1_0_SYS_INST/AXIS_FIFO_INST/xpm_fifo_async_inst/gnuram_async_fifo.xpm_fifo_base_inst/gen_sdpram.xpm_memory_base_inst/clkb
    RAMB18_X0Y25         RAMB18E2                                     r  dma_axis_ip_example_i/i2s_transmitter_0/inst/I2S_TX_V1_0_SYS_INST/AXIS_FIFO_INST/xpm_fifo_async_inst/gnuram_async_fifo.xpm_fifo_base_inst/gen_sdpram.xpm_memory_base_inst/gen_wr_a.gen_word_narrow.mem_reg/CLKARDCLK
  -------------------------------------------------------------------    -------------------
    RAMB18_X0Y25         RAMB18E2 (Prop_RAMB18E2_U_RAMB181_CLKARDCLK_DOUTADOUT[1])
                                                      0.212     4.299 r  dma_axis_ip_example_i/i2s_transmitter_0/inst/I2S_TX_V1_0_SYS_INST/AXIS_FIFO_INST/xpm_fifo_async_inst/gnuram_async_fifo.xpm_fifo_base_inst/gen_sdpram.xpm_memory_base_inst/gen_wr_a.gen_word_narrow.mem_reg/DOUTADOUT[1]
                         net (fo=5, routed)           0.281     4.580    dma_axis_ip_example_i/i2s_transmitter_0/inst/I2S_TX_V1_0_SYS_INST/AXIS_FIFO_INST/mclk_nAxis_TID[1]
    SLICE_X6Y64          LUT4 (Prop_D6LUT_SLICEL_I1_O)
                                                      0.089     4.669 r  dma_axis_ip_example_i/i2s_transmitter_0/inst/I2S_TX_V1_0_SYS_INST/AXIS_FIFO_INST/genblk2[0].mclk_rAudData[0][23]_i_3/O
                         net (fo=2, routed)           0.091     4.759    dma_axis_ip_example_i/i2s_transmitter_0/inst/I2S_TX_V1_0_SYS_INST/AXIS_FIFO_INST/genblk2[0].mclk_rAudData[0][23]_i_3_n_0
    SLICE_X6Y65          LUT6 (Prop_G6LUT_SLICEL_I1_O)
                                                      0.089     4.848 r  dma_axis_ip_example_i/i2s_transmitter_0/inst/I2S_TX_V1_0_SYS_INST/AXIS_FIFO_INST/genblk2[1].mclk_rAudData[1][23]_i_1/O
                         net (fo=25, routed)          0.894     5.742    dma_axis_ip_example_i/i2s_transmitter_0/inst/I2S_TX_V1_0_SYS_INST/mclk_rAudValid7_out
    SLICE_X0Y63          FDRE                                         r  dma_axis_ip_example_i/i2s_transmitter_0/inst/I2S_TX_V1_0_SYS_INST/genblk2[1].mclk_rAudData_reg[1][13]/CE
  -------------------------------------------------------------------    -------------------

                         (clock clk_out1_dma_axis_ip_example_clk_wiz_0_0 rise edge)
                                                     88.577    88.577 r  
    BUFG_PS_X0Y67        BUFG_PS                      0.000    88.577 r  dma_axis_ip_example_i/zynq_ultra_ps_e_0/inst/buffer_pl_clk_0.PL_CLK_0_BUFG/O
                         net (fo=5975, routed)        1.610    90.187    dma_axis_ip_example_i/clk_wiz_0/inst/clk_in1
    MMCM_X0Y2            MMCME4_ADV (Prop_MMCM_CLKIN1_CLKOUT0)
                                                      0.630    90.817 r  dma_axis_ip_example_i/clk_wiz_0/inst/mmcme4_adv_inst/CLKOUT0
                         net (fo=1, routed)           0.215    91.032    dma_axis_ip_example_i/clk_wiz_0/inst/clk_out1_dma_axis_ip_example_clk_wiz_0_0
    BUFGCE_X0Y66         BUFGCE (Prop_BUFCE_BUFGCE_I_O)
                                                      0.024    91.056 r  dma_axis_ip_example_i/clk_wiz_0/inst/clkout1_buf/O
    X0Y1 (CLOCK_ROOT)    net (fo=313, routed)         1.800    92.856    dma_axis_ip_example_i/i2s_transmitter_0/inst/I2S_TX_V1_0_SYS_INST/aud_mclk
    SLICE_X0Y63          FDRE                                         r  dma_axis_ip_example_i/i2s_transmitter_0/inst/I2S_TX_V1_0_SYS_INST/genblk2[1].mclk_rAudData_reg[1][13]/C
                         clock pessimism             -0.400    92.456    
                         clock uncertainty           -0.278    92.178    
    SLICE_X0Y63          FDRE (Setup_DFF_SLICEL_C_CE)
                                                     -0.060    92.118    dma_axis_ip_example_i/i2s_transmitter_0/inst/I2S_TX_V1_0_SYS_INST/genblk2[1].mclk_rAudData_reg[1][13]
  -------------------------------------------------------------------
                         required time                         92.118    
                         arrival time                          -5.742    
  -------------------------------------------------------------------
                         slack                                 86.375    

Slack (MET) :             86.375ns  (required time - arrival time)
  Source:                 dma_axis_ip_example_i/i2s_transmitter_0/inst/I2S_TX_V1_0_SYS_INST/AXIS_FIFO_INST/xpm_fifo_async_inst/gnuram_async_fifo.xpm_fifo_base_inst/gen_sdpram.xpm_memory_base_inst/gen_wr_a.gen_word_narrow.mem_reg/CLKARDCLK
                            (rising edge-triggered cell RAMB18E2 clocked by clk_out1_dma_axis_ip_example_clk_wiz_0_0  {rise@0.000ns fall@44.289ns period=88.577ns})
  Destination:            dma_axis_ip_example_i/i2s_transmitter_0/inst/I2S_TX_V1_0_SYS_INST/genblk2[1].mclk_rAudData_reg[1][15]/CE
                            (rising edge-triggered cell FDRE clocked by clk_out1_dma_axis_ip_example_clk_wiz_0_0  {rise@0.000ns fall@44.289ns period=88.577ns})
  Path Group:             clk_out1_dma_axis_ip_example_clk_wiz_0_0
  Path Type:              Setup (Max at Slow Process Corner)
  Requirement:            88.577ns  (clk_out1_dma_axis_ip_example_clk_wiz_0_0 rise@88.577ns - clk_out1_dma_axis_ip_example_clk_wiz_0_0 rise@0.000ns)
  Data Path Delay:        1.656ns  (logic 0.390ns (23.554%)  route 1.266ns (76.446%))
  Logic Levels:           2  (LUT4=1 LUT6=1)
  Clock Path Skew:        -0.208ns (DCD - SCD + CPR)
    Destination Clock Delay (DCD):    4.279ns = ( 92.856 - 88.577 ) 
    Source Clock Delay      (SCD):    4.087ns
    Clock Pessimism Removal (CPR):    -0.400ns
  Clock Uncertainty:      0.278ns  ((TSJ^2 + DJ^2)^1/2) / 2 + PE
    Total System Jitter     (TSJ):    0.071ns
    Discrete Jitter          (DJ):    0.551ns
    Phase Error              (PE):    0.000ns
  Clock Net Delay (Source):      2.147ns (routing 0.970ns, distribution 1.177ns)
  Clock Net Delay (Destination): 1.800ns (routing 0.883ns, distribution 0.917ns)

    Location             Delay type                Incr(ns)  Path(ns)    Netlist Resource(s)
  -------------------------------------------------------------------    -------------------
                         (clock clk_out1_dma_axis_ip_example_clk_wiz_0_0 rise edge)
                                                      0.000     0.000 r  
    BUFG_PS_X0Y67        BUFG_PS                      0.000     0.000 r  dma_axis_ip_example_i/zynq_ultra_ps_e_0/inst/buffer_pl_clk_0.PL_CLK_0_BUFG/O
                         net (fo=5975, routed)        1.794     1.794    dma_axis_ip_example_i/clk_wiz_0/inst/clk_in1
    MMCM_X0Y2            MMCME4_ADV (Prop_MMCM_CLKIN1_CLKOUT0)
                                                     -0.127     1.667 r  dma_axis_ip_example_i/clk_wiz_0/inst/mmcme4_adv_inst/CLKOUT0
                         net (fo=1, routed)           0.245     1.912    dma_axis_ip_example_i/clk_wiz_0/inst/clk_out1_dma_axis_ip_example_clk_wiz_0_0
    BUFGCE_X0Y66         BUFGCE (Prop_BUFCE_BUFGCE_I_O)
                                                      0.028     1.940 r  dma_axis_ip_example_i/clk_wiz_0/inst/clkout1_buf/O
    X0Y1 (CLOCK_ROOT)    net (fo=313, routed)         2.147     4.087    dma_axis_ip_example_i/i2s_transmitter_0/inst/I2S_TX_V1_0_SYS_INST/AXIS_FIFO_INST/xpm_fifo_async_inst/gnuram_async_fifo.xpm_fifo_base_inst/gen_sdpram.xpm_memory_base_inst/clkb
    RAMB18_X0Y25         RAMB18E2                                     r  dma_axis_ip_example_i/i2s_transmitter_0/inst/I2S_TX_V1_0_SYS_INST/AXIS_FIFO_INST/xpm_fifo_async_inst/gnuram_async_fifo.xpm_fifo_base_inst/gen_sdpram.xpm_memory_base_inst/gen_wr_a.gen_word_narrow.mem_reg/CLKARDCLK
  -------------------------------------------------------------------    -------------------
    RAMB18_X0Y25         RAMB18E2 (Prop_RAMB18E2_U_RAMB181_CLKARDCLK_DOUTADOUT[1])
                                                      0.212     4.299 r  dma_axis_ip_example_i/i2s_transmitter_0/inst/I2S_TX_V1_0_SYS_INST/AXIS_FIFO_INST/xpm_fifo_async_inst/gnuram_async_fifo.xpm_fifo_base_inst/gen_sdpram.xpm_memory_base_inst/gen_wr_a.gen_word_narrow.mem_reg/DOUTADOUT[1]
                         net (fo=5, routed)           0.281     4.580    dma_axis_ip_example_i/i2s_transmitter_0/inst/I2S_TX_V1_0_SYS_INST/AXIS_FIFO_INST/mclk_nAxis_TID[1]
    SLICE_X6Y64          LUT4 (Prop_D6LUT_SLICEL_I1_O)
                                                      0.089     4.669 r  dma_axis_ip_example_i/i2s_transmitter_0/inst/I2S_TX_V1_0_SYS_INST/AXIS_FIFO_INST/genblk2[0].mclk_rAudData[0][23]_i_3/O
                         net (fo=2, routed)           0.091     4.759    dma_axis_ip_example_i/i2s_transmitter_0/inst/I2S_TX_V1_0_SYS_INST/AXIS_FIFO_INST/genblk2[0].mclk_rAudData[0][23]_i_3_n_0
    SLICE_X6Y65          LUT6 (Prop_G6LUT_SLICEL_I1_O)
                                                      0.089     4.848 r  dma_axis_ip_example_i/i2s_transmitter_0/inst/I2S_TX_V1_0_SYS_INST/AXIS_FIFO_INST/genblk2[1].mclk_rAudData[1][23]_i_1/O
                         net (fo=25, routed)          0.894     5.742    dma_axis_ip_example_i/i2s_transmitter_0/inst/I2S_TX_V1_0_SYS_INST/mclk_rAudValid7_out
    SLICE_X0Y63          FDRE                                         r  dma_axis_ip_example_i/i2s_transmitter_0/inst/I2S_TX_V1_0_SYS_INST/genblk2[1].mclk_rAudData_reg[1][15]/CE
  -------------------------------------------------------------------    -------------------

                         (clock clk_out1_dma_axis_ip_example_clk_wiz_0_0 rise edge)
                                                     88.577    88.577 r  
    BUFG_PS_X0Y67        BUFG_PS                      0.000    88.577 r  dma_axis_ip_example_i/zynq_ultra_ps_e_0/inst/buffer_pl_clk_0.PL_CLK_0_BUFG/O
                         net (fo=5975, routed)        1.610    90.187    dma_axis_ip_example_i/clk_wiz_0/inst/clk_in1
    MMCM_X0Y2            MMCME4_ADV (Prop_MMCM_CLKIN1_CLKOUT0)
                                                      0.630    90.817 r  dma_axis_ip_example_i/clk_wiz_0/inst/mmcme4_adv_inst/CLKOUT0
                         net (fo=1, routed)           0.215    91.032    dma_axis_ip_example_i/clk_wiz_0/inst/clk_out1_dma_axis_ip_example_clk_wiz_0_0
    BUFGCE_X0Y66         BUFGCE (Prop_BUFCE_BUFGCE_I_O)
                                                      0.024    91.056 r  dma_axis_ip_example_i/clk_wiz_0/inst/clkout1_buf/O
    X0Y1 (CLOCK_ROOT)    net (fo=313, routed)         1.800    92.856    dma_axis_ip_example_i/i2s_transmitter_0/inst/I2S_TX_V1_0_SYS_INST/aud_mclk
    SLICE_X0Y63          FDRE                                         r  dma_axis_ip_example_i/i2s_transmitter_0/inst/I2S_TX_V1_0_SYS_INST/genblk2[1].mclk_rAudData_reg[1][15]/C
                         clock pessimism             -0.400    92.456    
                         clock uncertainty           -0.278    92.178    
    SLICE_X0Y63          FDRE (Setup_CFF_SLICEL_C_CE)
                                                     -0.060    92.118    dma_axis_ip_example_i/i2s_transmitter_0/inst/I2S_TX_V1_0_SYS_INST/genblk2[1].mclk_rAudData_reg[1][15]
  -------------------------------------------------------------------
                         required time                         92.118    
                         arrival time                          -5.742    
  -------------------------------------------------------------------
                         slack                                 86.375    

Slack (MET) :             86.430ns  (required time - arrival time)
  Source:                 dma_axis_ip_example_i/i2s_transmitter_0/inst/I2S_TX_V1_0_SYS_INST/I2S_TX_V1_0_TIMGEN_INST/rLRClk_reg/C
                            (rising edge-triggered cell FDRE clocked by clk_out1_dma_axis_ip_example_clk_wiz_0_0  {rise@0.000ns fall@44.289ns period=88.577ns})
  Destination:            dma_axis_ip_example_i/i2s_transmitter_0/inst/I2S_TX_V1_0_SYS_INST/genblk4[0].I2S_TX_V1_0_SER_INST/rSDataOut_reg[21]/D
                            (rising edge-triggered cell FDRE clocked by clk_out1_dma_axis_ip_example_clk_wiz_0_0  {rise@0.000ns fall@44.289ns period=88.577ns})
  Path Group:             clk_out1_dma_axis_ip_example_clk_wiz_0_0
  Path Type:              Setup (Max at Slow Process Corner)
  Requirement:            88.577ns  (clk_out1_dma_axis_ip_example_clk_wiz_0_0 rise@88.577ns - clk_out1_dma_axis_ip_example_clk_wiz_0_0 rise@0.000ns)
  Data Path Delay:        1.823ns  (logic 0.302ns (16.569%)  route 1.521ns (83.431%))
  Logic Levels:           2  (LUT4=1 LUT5=1)
  Clock Path Skew:        -0.072ns (DCD - SCD + CPR)
    Destination Clock Delay (DCD):    4.292ns = ( 92.869 - 88.577 ) 
    Source Clock Delay      (SCD):    3.961ns
    Clock Pessimism Removal (CPR):    -0.403ns
  Clock Uncertainty:      0.278ns  ((TSJ^2 + DJ^2)^1/2) / 2 + PE
    Total System Jitter     (TSJ):    0.071ns
    Discrete Jitter          (DJ):    0.551ns
    Phase Error              (PE):    0.000ns
  Clock Net Delay (Source):      2.021ns (routing 0.970ns, distribution 1.051ns)
  Clock Net Delay (Destination): 1.813ns (routing 0.883ns, distribution 0.930ns)

    Location             Delay type                Incr(ns)  Path(ns)    Netlist Resource(s)
  -------------------------------------------------------------------    -------------------
                         (clock clk_out1_dma_axis_ip_example_clk_wiz_0_0 rise edge)
                                                      0.000     0.000 r  
    BUFG_PS_X0Y67        BUFG_PS                      0.000     0.000 r  dma_axis_ip_example_i/zynq_ultra_ps_e_0/inst/buffer_pl_clk_0.PL_CLK_0_BUFG/O
                         net (fo=5975, routed)        1.794     1.794    dma_axis_ip_example_i/clk_wiz_0/inst/clk_in1
    MMCM_X0Y2            MMCME4_ADV (Prop_MMCM_CLKIN1_CLKOUT0)
                                                     -0.127     1.667 r  dma_axis_ip_example_i/clk_wiz_0/inst/mmcme4_adv_inst/CLKOUT0
                         net (fo=1, routed)           0.245     1.912    dma_axis_ip_example_i/clk_wiz_0/inst/clk_out1_dma_axis_ip_example_clk_wiz_0_0
    BUFGCE_X0Y66         BUFGCE (Prop_BUFCE_BUFGCE_I_O)
                                                      0.028     1.940 r  dma_axis_ip_example_i/clk_wiz_0/inst/clkout1_buf/O
    X0Y1 (CLOCK_ROOT)    net (fo=313, routed)         2.021     3.961    dma_axis_ip_example_i/i2s_transmitter_0/inst/I2S_TX_V1_0_SYS_INST/I2S_TX_V1_0_TIMGEN_INST/aud_mclk
    SLICE_X8Y62          FDRE                                         r  dma_axis_ip_example_i/i2s_transmitter_0/inst/I2S_TX_V1_0_SYS_INST/I2S_TX_V1_0_TIMGEN_INST/rLRClk_reg/C
  -------------------------------------------------------------------    -------------------
    SLICE_X8Y62          FDRE (Prop_HFF_SLICEL_C_Q)
                                                      0.079     4.040 r  dma_axis_ip_example_i/i2s_transmitter_0/inst/I2S_TX_V1_0_SYS_INST/I2S_TX_V1_0_TIMGEN_INST/rLRClk_reg/Q
                         net (fo=30, routed)          0.985     5.025    dma_axis_ip_example_i/i2s_transmitter_0/inst/I2S_TX_V1_0_SYS_INST/I2S_TX_V1_0_TIMGEN_INST/rLRClk_reg_0
    SLICE_X0Y63          LUT4 (Prop_F6LUT_SLICEL_I2_O)
                                                      0.123     5.148 r  dma_axis_ip_example_i/i2s_transmitter_0/inst/I2S_TX_V1_0_SYS_INST/I2S_TX_V1_0_TIMGEN_INST/rSDataOut[21]_i_3/O
                         net (fo=2, routed)           0.477     5.625    dma_axis_ip_example_i/i2s_transmitter_0/inst/I2S_TX_V1_0_SYS_INST/I2S_TX_V1_0_TIMGEN_INST/rSDataOut[21]_i_3_n_0
    SLICE_X5Y63          LUT5 (Prop_B6LUT_SLICEM_I2_O)
                                                      0.100     5.725 r  dma_axis_ip_example_i/i2s_transmitter_0/inst/I2S_TX_V1_0_SYS_INST/I2S_TX_V1_0_TIMGEN_INST/rSDataOut[21]_i_1/O
                         net (fo=1, routed)           0.059     5.784    dma_axis_ip_example_i/i2s_transmitter_0/inst/I2S_TX_V1_0_SYS_INST/genblk4[0].I2S_TX_V1_0_SER_INST/D[13]
    SLICE_X5Y63          FDRE                                         r  dma_axis_ip_example_i/i2s_transmitter_0/inst/I2S_TX_V1_0_SYS_INST/genblk4[0].I2S_TX_V1_0_SER_INST/rSDataOut_reg[21]/D
  -------------------------------------------------------------------    -------------------

                         (clock clk_out1_dma_axis_ip_example_clk_wiz_0_0 rise edge)
                                                     88.577    88.577 r  
    BUFG_PS_X0Y67        BUFG_PS                      0.000    88.577 r  dma_axis_ip_example_i/zynq_ultra_ps_e_0/inst/buffer_pl_clk_0.PL_CLK_0_BUFG/O
                         net (fo=5975, routed)        1.610    90.187    dma_axis_ip_example_i/clk_wiz_0/inst/clk_in1
    MMCM_X0Y2            MMCME4_ADV (Prop_MMCM_CLKIN1_CLKOUT0)
                                                      0.630    90.817 r  dma_axis_ip_example_i/clk_wiz_0/inst/mmcme4_adv_inst/CLKOUT0
                         net (fo=1, routed)           0.215    91.032    dma_axis_ip_example_i/clk_wiz_0/inst/clk_out1_dma_axis_ip_example_clk_wiz_0_0
    BUFGCE_X0Y66         BUFGCE (Prop_BUFCE_BUFGCE_I_O)
                                                      0.024    91.056 r  dma_axis_ip_example_i/clk_wiz_0/inst/clkout1_buf/O
    X0Y1 (CLOCK_ROOT)    net (fo=313, routed)         1.813    92.869    dma_axis_ip_example_i/i2s_transmitter_0/inst/I2S_TX_V1_0_SYS_INST/genblk4[0].I2S_TX_V1_0_SER_INST/aud_mclk
    SLICE_X5Y63          FDRE                                         r  dma_axis_ip_example_i/i2s_transmitter_0/inst/I2S_TX_V1_0_SYS_INST/genblk4[0].I2S_TX_V1_0_SER_INST/rSDataOut_reg[21]/C
                         clock pessimism             -0.403    92.466    
                         clock uncertainty           -0.278    92.189    
    SLICE_X5Y63          FDRE (Setup_BFF_SLICEM_C_D)
                                                      0.025    92.214    dma_axis_ip_example_i/i2s_transmitter_0/inst/I2S_TX_V1_0_SYS_INST/genblk4[0].I2S_TX_V1_0_SER_INST/rSDataOut_reg[21]
  -------------------------------------------------------------------
                         required time                         92.214    
                         arrival time                          -5.784    
  -------------------------------------------------------------------
                         slack                                 86.430    

Slack (MET) :             86.449ns  (required time - arrival time)
  Source:                 dma_axis_ip_example_i/i2s_transmitter_0/inst/I2S_TX_V1_0_SYS_INST/I2S_TX_V1_0_TIMGEN_INST/rLRClk_reg/C
                            (rising edge-triggered cell FDRE clocked by clk_out1_dma_axis_ip_example_clk_wiz_0_0  {rise@0.000ns fall@44.289ns period=88.577ns})
  Destination:            dma_axis_ip_example_i/i2s_transmitter_0/inst/I2S_TX_V1_0_SYS_INST/genblk4[0].I2S_TX_V1_0_SER_INST/rSDataOut_reg[13]/D
                            (rising edge-triggered cell FDRE clocked by clk_out1_dma_axis_ip_example_clk_wiz_0_0  {rise@0.000ns fall@44.289ns period=88.577ns})
  Path Group:             clk_out1_dma_axis_ip_example_clk_wiz_0_0
  Path Type:              Setup (Max at Slow Process Corner)
  Requirement:            88.577ns  (clk_out1_dma_axis_ip_example_clk_wiz_0_0 rise@88.577ns - clk_out1_dma_axis_ip_example_clk_wiz_0_0 rise@0.000ns)
  Data Path Delay:        1.790ns  (logic 0.301ns (16.819%)  route 1.489ns (83.181%))
  Logic Levels:           2  (LUT4=1 LUT5=1)
  Clock Path Skew:        -0.085ns (DCD - SCD + CPR)
    Destination Clock Delay (DCD):    4.279ns = ( 92.856 - 88.577 ) 
    Source Clock Delay      (SCD):    3.961ns
    Clock Pessimism Removal (CPR):    -0.403ns
  Clock Uncertainty:      0.278ns  ((TSJ^2 + DJ^2)^1/2) / 2 + PE
    Total System Jitter     (TSJ):    0.071ns
    Discrete Jitter          (DJ):    0.551ns
    Phase Error              (PE):    0.000ns
  Clock Net Delay (Source):      2.021ns (routing 0.970ns, distribution 1.051ns)
  Clock Net Delay (Destination): 1.800ns (routing 0.883ns, distribution 0.917ns)

    Location             Delay type                Incr(ns)  Path(ns)    Netlist Resource(s)
  -------------------------------------------------------------------    -------------------
                         (clock clk_out1_dma_axis_ip_example_clk_wiz_0_0 rise edge)
                                                      0.000     0.000 r  
    BUFG_PS_X0Y67        BUFG_PS                      0.000     0.000 r  dma_axis_ip_example_i/zynq_ultra_ps_e_0/inst/buffer_pl_clk_0.PL_CLK_0_BUFG/O
                         net (fo=5975, routed)        1.794     1.794    dma_axis_ip_example_i/clk_wiz_0/inst/clk_in1
    MMCM_X0Y2            MMCME4_ADV (Prop_MMCM_CLKIN1_CLKOUT0)
                                                     -0.127     1.667 r  dma_axis_ip_example_i/clk_wiz_0/inst/mmcme4_adv_inst/CLKOUT0
                         net (fo=1, routed)           0.245     1.912    dma_axis_ip_example_i/clk_wiz_0/inst/clk_out1_dma_axis_ip_example_clk_wiz_0_0
    BUFGCE_X0Y66         BUFGCE (Prop_BUFCE_BUFGCE_I_O)
                                                      0.028     1.940 r  dma_axis_ip_example_i/clk_wiz_0/inst/clkout1_buf/O
    X0Y1 (CLOCK_ROOT)    net (fo=313, routed)         2.021     3.961    dma_axis_ip_example_i/i2s_transmitter_0/inst/I2S_TX_V1_0_SYS_INST/I2S_TX_V1_0_TIMGEN_INST/aud_mclk
    SLICE_X8Y62          FDRE                                         r  dma_axis_ip_example_i/i2s_transmitter_0/inst/I2S_TX_V1_0_SYS_INST/I2S_TX_V1_0_TIMGEN_INST/rLRClk_reg/C
  -------------------------------------------------------------------    -------------------
    SLICE_X8Y62          FDRE (Prop_HFF_SLICEL_C_Q)
                                                      0.079     4.040 r  dma_axis_ip_example_i/i2s_transmitter_0/inst/I2S_TX_V1_0_SYS_INST/I2S_TX_V1_0_TIMGEN_INST/rLRClk_reg/Q
                         net (fo=30, routed)          0.985     5.025    dma_axis_ip_example_i/i2s_transmitter_0/inst/I2S_TX_V1_0_SYS_INST/I2S_TX_V1_0_TIMGEN_INST/rLRClk_reg_0
    SLICE_X0Y63          LUT4 (Prop_F6LUT_SLICEL_I2_O)
                                                      0.123     5.148 r  dma_axis_ip_example_i/i2s_transmitter_0/inst/I2S_TX_V1_0_SYS_INST/I2S_TX_V1_0_TIMGEN_INST/rSDataOut[21]_i_3/O
                         net (fo=2, routed)           0.432     5.580    dma_axis_ip_example_i/i2s_transmitter_0/inst/I2S_TX_V1_0_SYS_INST/I2S_TX_V1_0_TIMGEN_INST/rSDataOut[21]_i_3_n_0
    SLICE_X4Y60          LUT5 (Prop_D6LUT_SLICEM_I0_O)
                                                      0.099     5.679 r  dma_axis_ip_example_i/i2s_transmitter_0/inst/I2S_TX_V1_0_SYS_INST/I2S_TX_V1_0_TIMGEN_INST/rSDataOut[13]_i_1/O
                         net (fo=1, routed)           0.072     5.751    dma_axis_ip_example_i/i2s_transmitter_0/inst/I2S_TX_V1_0_SYS_INST/genblk4[0].I2S_TX_V1_0_SER_INST/D[5]
    SLICE_X4Y60          FDRE                                         r  dma_axis_ip_example_i/i2s_transmitter_0/inst/I2S_TX_V1_0_SYS_INST/genblk4[0].I2S_TX_V1_0_SER_INST/rSDataOut_reg[13]/D
  -------------------------------------------------------------------    -------------------

                         (clock clk_out1_dma_axis_ip_example_clk_wiz_0_0 rise edge)
                                                     88.577    88.577 r  
    BUFG_PS_X0Y67        BUFG_PS                      0.000    88.577 r  dma_axis_ip_example_i/zynq_ultra_ps_e_0/inst/buffer_pl_clk_0.PL_CLK_0_BUFG/O
                         net (fo=5975, routed)        1.610    90.187    dma_axis_ip_example_i/clk_wiz_0/inst/clk_in1
    MMCM_X0Y2            MMCME4_ADV (Prop_MMCM_CLKIN1_CLKOUT0)
                                                      0.630    90.817 r  dma_axis_ip_example_i/clk_wiz_0/inst/mmcme4_adv_inst/CLKOUT0
                         net (fo=1, routed)           0.215    91.032    dma_axis_ip_example_i/clk_wiz_0/inst/clk_out1_dma_axis_ip_example_clk_wiz_0_0
    BUFGCE_X0Y66         BUFGCE (Prop_BUFCE_BUFGCE_I_O)
                                                      0.024    91.056 r  dma_axis_ip_example_i/clk_wiz_0/inst/clkout1_buf/O
    X0Y1 (CLOCK_ROOT)    net (fo=313, routed)         1.800    92.856    dma_axis_ip_example_i/i2s_transmitter_0/inst/I2S_TX_V1_0_SYS_INST/genblk4[0].I2S_TX_V1_0_SER_INST/aud_mclk
    SLICE_X4Y60          FDRE                                         r  dma_axis_ip_example_i/i2s_transmitter_0/inst/I2S_TX_V1_0_SYS_INST/genblk4[0].I2S_TX_V1_0_SER_INST/rSDataOut_reg[13]/C
                         clock pessimism             -0.403    92.453    
                         clock uncertainty           -0.278    92.175    
    SLICE_X4Y60          FDRE (Setup_DFF_SLICEM_C_D)
                                                      0.025    92.200    dma_axis_ip_example_i/i2s_transmitter_0/inst/I2S_TX_V1_0_SYS_INST/genblk4[0].I2S_TX_V1_0_SER_INST/rSDataOut_reg[13]
  -------------------------------------------------------------------
                         required time                         92.200    
                         arrival time                          -5.751    
  -------------------------------------------------------------------
                         slack                                 86.449    

Slack (MET) :             86.450ns  (required time - arrival time)
  Source:                 dma_axis_ip_example_i/i2s_transmitter_0/inst/I2S_TX_V1_0_SYS_INST/I2S_TX_V1_0_TIMGEN_INST/rLRClk_reg/C
                            (rising edge-triggered cell FDRE clocked by clk_out1_dma_axis_ip_example_clk_wiz_0_0  {rise@0.000ns fall@44.289ns period=88.577ns})
  Destination:            dma_axis_ip_example_i/i2s_transmitter_0/inst/I2S_TX_V1_0_SYS_INST/genblk4[0].I2S_TX_V1_0_SER_INST/rSDataOut_reg[15]/D
                            (rising edge-triggered cell FDRE clocked by clk_out1_dma_axis_ip_example_clk_wiz_0_0  {rise@0.000ns fall@44.289ns period=88.577ns})
  Path Group:             clk_out1_dma_axis_ip_example_clk_wiz_0_0
  Path Type:              Setup (Max at Slow Process Corner)
  Requirement:            88.577ns  (clk_out1_dma_axis_ip_example_clk_wiz_0_0 rise@88.577ns - clk_out1_dma_axis_ip_example_clk_wiz_0_0 rise@0.000ns)
  Data Path Delay:        1.789ns  (logic 0.278ns (15.538%)  route 1.511ns (84.462%))
  Logic Levels:           2  (LUT4=1 LUT5=1)
  Clock Path Skew:        -0.085ns (DCD - SCD + CPR)
    Destination Clock Delay (DCD):    4.279ns = ( 92.856 - 88.577 ) 
    Source Clock Delay      (SCD):    3.961ns
    Clock Pessimism Removal (CPR):    -0.403ns
  Clock Uncertainty:      0.278ns  ((TSJ^2 + DJ^2)^1/2) / 2 + PE
    Total System Jitter     (TSJ):    0.071ns
    Discrete Jitter          (DJ):    0.551ns
    Phase Error              (PE):    0.000ns
  Clock Net Delay (Source):      2.021ns (routing 0.970ns, distribution 1.051ns)
  Clock Net Delay (Destination): 1.800ns (routing 0.883ns, distribution 0.917ns)

    Location             Delay type                Incr(ns)  Path(ns)    Netlist Resource(s)
  -------------------------------------------------------------------    -------------------
                         (clock clk_out1_dma_axis_ip_example_clk_wiz_0_0 rise edge)
                                                      0.000     0.000 r  
    BUFG_PS_X0Y67        BUFG_PS                      0.000     0.000 r  dma_axis_ip_example_i/zynq_ultra_ps_e_0/inst/buffer_pl_clk_0.PL_CLK_0_BUFG/O
                         net (fo=5975, routed)        1.794     1.794    dma_axis_ip_example_i/clk_wiz_0/inst/clk_in1
    MMCM_X0Y2            MMCME4_ADV (Prop_MMCM_CLKIN1_CLKOUT0)
                                                     -0.127     1.667 r  dma_axis_ip_example_i/clk_wiz_0/inst/mmcme4_adv_inst/CLKOUT0
                         net (fo=1, routed)           0.245     1.912    dma_axis_ip_example_i/clk_wiz_0/inst/clk_out1_dma_axis_ip_example_clk_wiz_0_0
    BUFGCE_X0Y66         BUFGCE (Prop_BUFCE_BUFGCE_I_O)
                                                      0.028     1.940 r  dma_axis_ip_example_i/clk_wiz_0/inst/clkout1_buf/O
    X0Y1 (CLOCK_ROOT)    net (fo=313, routed)         2.021     3.961    dma_axis_ip_example_i/i2s_transmitter_0/inst/I2S_TX_V1_0_SYS_INST/I2S_TX_V1_0_TIMGEN_INST/aud_mclk
    SLICE_X8Y62          FDRE                                         r  dma_axis_ip_example_i/i2s_transmitter_0/inst/I2S_TX_V1_0_SYS_INST/I2S_TX_V1_0_TIMGEN_INST/rLRClk_reg/C
  -------------------------------------------------------------------    -------------------
    SLICE_X8Y62          FDRE (Prop_HFF_SLICEL_C_Q)
                                                      0.079     4.040 r  dma_axis_ip_example_i/i2s_transmitter_0/inst/I2S_TX_V1_0_SYS_INST/I2S_TX_V1_0_TIMGEN_INST/rLRClk_reg/Q
                         net (fo=30, routed)          0.973     5.014    dma_axis_ip_example_i/i2s_transmitter_0/inst/I2S_TX_V1_0_SYS_INST/I2S_TX_V1_0_TIMGEN_INST/rLRClk_reg_0
    SLICE_X0Y63          LUT4 (Prop_E6LUT_SLICEL_I2_O)
                                                      0.099     5.113 r  dma_axis_ip_example_i/i2s_transmitter_0/inst/I2S_TX_V1_0_SYS_INST/I2S_TX_V1_0_TIMGEN_INST/rSDataOut[23]_i_3/O
                         net (fo=2, routed)           0.479     5.592    dma_axis_ip_example_i/i2s_transmitter_0/inst/I2S_TX_V1_0_SYS_INST/I2S_TX_V1_0_TIMGEN_INST/rSDataOut[23]_i_3_n_0
    SLICE_X4Y60          LUT5 (Prop_B6LUT_SLICEM_I0_O)
                                                      0.100     5.692 r  dma_axis_ip_example_i/i2s_transmitter_0/inst/I2S_TX_V1_0_SYS_INST/I2S_TX_V1_0_TIMGEN_INST/rSDataOut[15]_i_1/O
                         net (fo=1, routed)           0.059     5.751    dma_axis_ip_example_i/i2s_transmitter_0/inst/I2S_TX_V1_0_SYS_INST/genblk4[0].I2S_TX_V1_0_SER_INST/D[7]
    SLICE_X4Y60          FDRE                                         r  dma_axis_ip_example_i/i2s_transmitter_0/inst/I2S_TX_V1_0_SYS_INST/genblk4[0].I2S_TX_V1_0_SER_INST/rSDataOut_reg[15]/D
  -------------------------------------------------------------------    -------------------

                         (clock clk_out1_dma_axis_ip_example_clk_wiz_0_0 rise edge)
                                                     88.577    88.577 r  
    BUFG_PS_X0Y67        BUFG_PS                      0.000    88.577 r  dma_axis_ip_example_i/zynq_ultra_ps_e_0/inst/buffer_pl_clk_0.PL_CLK_0_BUFG/O
                         net (fo=5975, routed)        1.610    90.187    dma_axis_ip_example_i/clk_wiz_0/inst/clk_in1
    MMCM_X0Y2            MMCME4_ADV (Prop_MMCM_CLKIN1_CLKOUT0)
                                                      0.630    90.817 r  dma_axis_ip_example_i/clk_wiz_0/inst/mmcme4_adv_inst/CLKOUT0
                         net (fo=1, routed)           0.215    91.032    dma_axis_ip_example_i/clk_wiz_0/inst/clk_out1_dma_axis_ip_example_clk_wiz_0_0
    BUFGCE_X0Y66         BUFGCE (Prop_BUFCE_BUFGCE_I_O)
                                                      0.024    91.056 r  dma_axis_ip_example_i/clk_wiz_0/inst/clkout1_buf/O
    X0Y1 (CLOCK_ROOT)    net (fo=313, routed)         1.800    92.856    dma_axis_ip_example_i/i2s_transmitter_0/inst/I2S_TX_V1_0_SYS_INST/genblk4[0].I2S_TX_V1_0_SER_INST/aud_mclk
    SLICE_X4Y60          FDRE                                         r  dma_axis_ip_example_i/i2s_transmitter_0/inst/I2S_TX_V1_0_SYS_INST/genblk4[0].I2S_TX_V1_0_SER_INST/rSDataOut_reg[15]/C
                         clock pessimism             -0.403    92.453    
                         clock uncertainty           -0.278    92.175    
    SLICE_X4Y60          FDRE (Setup_BFF_SLICEM_C_D)
                                                      0.025    92.200    dma_axis_ip_example_i/i2s_transmitter_0/inst/I2S_TX_V1_0_SYS_INST/genblk4[0].I2S_TX_V1_0_SER_INST/rSDataOut_reg[15]
  -------------------------------------------------------------------
                         required time                         92.200    
                         arrival time                          -5.751    
  -------------------------------------------------------------------
                         slack                                 86.450    

Slack (MET) :             86.462ns  (required time - arrival time)
  Source:                 dma_axis_ip_example_i/i2s_transmitter_0/inst/I2S_TX_V1_0_SYS_INST/AXIS_FIFO_INST/xpm_fifo_async_inst/gnuram_async_fifo.xpm_fifo_base_inst/gen_sdpram.xpm_memory_base_inst/gen_wr_a.gen_word_narrow.mem_reg/CLKARDCLK
                            (rising edge-triggered cell RAMB18E2 clocked by clk_out1_dma_axis_ip_example_clk_wiz_0_0  {rise@0.000ns fall@44.289ns period=88.577ns})
  Destination:            dma_axis_ip_example_i/i2s_transmitter_0/inst/I2S_TX_V1_0_SYS_INST/genblk2[1].mclk_rAudData_reg[1][12]/CE
                            (rising edge-triggered cell FDRE clocked by clk_out1_dma_axis_ip_example_clk_wiz_0_0  {rise@0.000ns fall@44.289ns period=88.577ns})
  Path Group:             clk_out1_dma_axis_ip_example_clk_wiz_0_0
  Path Type:              Setup (Max at Slow Process Corner)
  Requirement:            88.577ns  (clk_out1_dma_axis_ip_example_clk_wiz_0_0 rise@88.577ns - clk_out1_dma_axis_ip_example_clk_wiz_0_0 rise@0.000ns)
  Data Path Delay:        1.571ns  (logic 0.390ns (24.829%)  route 1.181ns (75.171%))
  Logic Levels:           2  (LUT4=1 LUT6=1)
  Clock Path Skew:        -0.206ns (DCD - SCD + CPR)
    Destination Clock Delay (DCD):    4.281ns = ( 92.858 - 88.577 ) 
    Source Clock Delay      (SCD):    4.087ns
    Clock Pessimism Removal (CPR):    -0.400ns
  Clock Uncertainty:      0.278ns  ((TSJ^2 + DJ^2)^1/2) / 2 + PE
    Total System Jitter     (TSJ):    0.071ns
    Discrete Jitter          (DJ):    0.551ns
    Phase Error              (PE):    0.000ns
  Clock Net Delay (Source):      2.147ns (routing 0.970ns, distribution 1.177ns)
  Clock Net Delay (Destination): 1.802ns (routing 0.883ns, distribution 0.919ns)

    Location             Delay type                Incr(ns)  Path(ns)    Netlist Resource(s)
  -------------------------------------------------------------------    -------------------
                         (clock clk_out1_dma_axis_ip_example_clk_wiz_0_0 rise edge)
                                                      0.000     0.000 r  
    BUFG_PS_X0Y67        BUFG_PS                      0.000     0.000 r  dma_axis_ip_example_i/zynq_ultra_ps_e_0/inst/buffer_pl_clk_0.PL_CLK_0_BUFG/O
                         net (fo=5975, routed)        1.794     1.794    dma_axis_ip_example_i/clk_wiz_0/inst/clk_in1
    MMCM_X0Y2            MMCME4_ADV (Prop_MMCM_CLKIN1_CLKOUT0)
                                                     -0.127     1.667 r  dma_axis_ip_example_i/clk_wiz_0/inst/mmcme4_adv_inst/CLKOUT0
                         net (fo=1, routed)           0.245     1.912    dma_axis_ip_example_i/clk_wiz_0/inst/clk_out1_dma_axis_ip_example_clk_wiz_0_0
    BUFGCE_X0Y66         BUFGCE (Prop_BUFCE_BUFGCE_I_O)
                                                      0.028     1.940 r  dma_axis_ip_example_i/clk_wiz_0/inst/clkout1_buf/O
    X0Y1 (CLOCK_ROOT)    net (fo=313, routed)         2.147     4.087    dma_axis_ip_example_i/i2s_transmitter_0/inst/I2S_TX_V1_0_SYS_INST/AXIS_FIFO_INST/xpm_fifo_async_inst/gnuram_async_fifo.xpm_fifo_base_inst/gen_sdpram.xpm_memory_base_inst/clkb
    RAMB18_X0Y25         RAMB18E2                                     r  dma_axis_ip_example_i/i2s_transmitter_0/inst/I2S_TX_V1_0_SYS_INST/AXIS_FIFO_INST/xpm_fifo_async_inst/gnuram_async_fifo.xpm_fifo_base_inst/gen_sdpram.xpm_memory_base_inst/gen_wr_a.gen_word_narrow.mem_reg/CLKARDCLK
  -------------------------------------------------------------------    -------------------
    RAMB18_X0Y25         RAMB18E2 (Prop_RAMB18E2_U_RAMB181_CLKARDCLK_DOUTADOUT[1])
                                                      0.212     4.299 r  dma_axis_ip_example_i/i2s_transmitter_0/inst/I2S_TX_V1_0_SYS_INST/AXIS_FIFO_INST/xpm_fifo_async_inst/gnuram_async_fifo.xpm_fifo_base_inst/gen_sdpram.xpm_memory_base_inst/gen_wr_a.gen_word_narrow.mem_reg/DOUTADOUT[1]
                         net (fo=5, routed)           0.281     4.580    dma_axis_ip_example_i/i2s_transmitter_0/inst/I2S_TX_V1_0_SYS_INST/AXIS_FIFO_INST/mclk_nAxis_TID[1]
    SLICE_X6Y64          LUT4 (Prop_D6LUT_SLICEL_I1_O)
                                                      0.089     4.669 r  dma_axis_ip_example_i/i2s_transmitter_0/inst/I2S_TX_V1_0_SYS_INST/AXIS_FIFO_INST/genblk2[0].mclk_rAudData[0][23]_i_3/O
                         net (fo=2, routed)           0.091     4.759    dma_axis_ip_example_i/i2s_transmitter_0/inst/I2S_TX_V1_0_SYS_INST/AXIS_FIFO_INST/genblk2[0].mclk_rAudData[0][23]_i_3_n_0
    SLICE_X6Y65          LUT6 (Prop_G6LUT_SLICEL_I1_O)
                                                      0.089     4.848 r  dma_axis_ip_example_i/i2s_transmitter_0/inst/I2S_TX_V1_0_SYS_INST/AXIS_FIFO_INST/genblk2[1].mclk_rAudData[1][23]_i_1/O
                         net (fo=25, routed)          0.809     5.657    dma_axis_ip_example_i/i2s_transmitter_0/inst/I2S_TX_V1_0_SYS_INST/mclk_rAudValid7_out
    SLICE_X0Y62          FDRE                                         r  dma_axis_ip_example_i/i2s_transmitter_0/inst/I2S_TX_V1_0_SYS_INST/genblk2[1].mclk_rAudData_reg[1][12]/CE
  -------------------------------------------------------------------    -------------------

                         (clock clk_out1_dma_axis_ip_example_clk_wiz_0_0 rise edge)
                                                     88.577    88.577 r  
    BUFG_PS_X0Y67        BUFG_PS                      0.000    88.577 r  dma_axis_ip_example_i/zynq_ultra_ps_e_0/inst/buffer_pl_clk_0.PL_CLK_0_BUFG/O
                         net (fo=5975, routed)        1.610    90.187    dma_axis_ip_example_i/clk_wiz_0/inst/clk_in1
    MMCM_X0Y2            MMCME4_ADV (Prop_MMCM_CLKIN1_CLKOUT0)
                                                      0.630    90.817 r  dma_axis_ip_example_i/clk_wiz_0/inst/mmcme4_adv_inst/CLKOUT0
                         net (fo=1, routed)           0.215    91.032    dma_axis_ip_example_i/clk_wiz_0/inst/clk_out1_dma_axis_ip_example_clk_wiz_0_0
    BUFGCE_X0Y66         BUFGCE (Prop_BUFCE_BUFGCE_I_O)
                                                      0.024    91.056 r  dma_axis_ip_example_i/clk_wiz_0/inst/clkout1_buf/O
    X0Y1 (CLOCK_ROOT)    net (fo=313, routed)         1.802    92.858    dma_axis_ip_example_i/i2s_transmitter_0/inst/I2S_TX_V1_0_SYS_INST/aud_mclk
    SLICE_X0Y62          FDRE                                         r  dma_axis_ip_example_i/i2s_transmitter_0/inst/I2S_TX_V1_0_SYS_INST/genblk2[1].mclk_rAudData_reg[1][12]/C
                         clock pessimism             -0.400    92.458    
                         clock uncertainty           -0.278    92.180    
    SLICE_X0Y62          FDRE (Setup_HFF_SLICEL_C_CE)
                                                     -0.060    92.120    dma_axis_ip_example_i/i2s_transmitter_0/inst/I2S_TX_V1_0_SYS_INST/genblk2[1].mclk_rAudData_reg[1][12]
  -------------------------------------------------------------------
                         required time                         92.120    
                         arrival time                          -5.657    
  -------------------------------------------------------------------
                         slack                                 86.462    

Slack (MET) :             86.462ns  (required time - arrival time)
  Source:                 dma_axis_ip_example_i/i2s_transmitter_0/inst/I2S_TX_V1_0_SYS_INST/AXIS_FIFO_INST/xpm_fifo_async_inst/gnuram_async_fifo.xpm_fifo_base_inst/gen_sdpram.xpm_memory_base_inst/gen_wr_a.gen_word_narrow.mem_reg/CLKARDCLK
                            (rising edge-triggered cell RAMB18E2 clocked by clk_out1_dma_axis_ip_example_clk_wiz_0_0  {rise@0.000ns fall@44.289ns period=88.577ns})
  Destination:            dma_axis_ip_example_i/i2s_transmitter_0/inst/I2S_TX_V1_0_SYS_INST/genblk2[1].mclk_rAudData_reg[1][9]/CE
                            (rising edge-triggered cell FDRE clocked by clk_out1_dma_axis_ip_example_clk_wiz_0_0  {rise@0.000ns fall@44.289ns period=88.577ns})
  Path Group:             clk_out1_dma_axis_ip_example_clk_wiz_0_0
  Path Type:              Setup (Max at Slow Process Corner)
  Requirement:            88.577ns  (clk_out1_dma_axis_ip_example_clk_wiz_0_0 rise@88.577ns - clk_out1_dma_axis_ip_example_clk_wiz_0_0 rise@0.000ns)
  Data Path Delay:        1.571ns  (logic 0.390ns (24.829%)  route 1.181ns (75.171%))
  Logic Levels:           2  (LUT4=1 LUT6=1)
  Clock Path Skew:        -0.206ns (DCD - SCD + CPR)
    Destination Clock Delay (DCD):    4.281ns = ( 92.858 - 88.577 ) 
    Source Clock Delay      (SCD):    4.087ns
    Clock Pessimism Removal (CPR):    -0.400ns
  Clock Uncertainty:      0.278ns  ((TSJ^2 + DJ^2)^1/2) / 2 + PE
    Total System Jitter     (TSJ):    0.071ns
    Discrete Jitter          (DJ):    0.551ns
    Phase Error              (PE):    0.000ns
  Clock Net Delay (Source):      2.147ns (routing 0.970ns, distribution 1.177ns)
  Clock Net Delay (Destination): 1.802ns (routing 0.883ns, distribution 0.919ns)

    Location             Delay type                Incr(ns)  Path(ns)    Netlist Resource(s)
  -------------------------------------------------------------------    -------------------
                         (clock clk_out1_dma_axis_ip_example_clk_wiz_0_0 rise edge)
                                                      0.000     0.000 r  
    BUFG_PS_X0Y67        BUFG_PS                      0.000     0.000 r  dma_axis_ip_example_i/zynq_ultra_ps_e_0/inst/buffer_pl_clk_0.PL_CLK_0_BUFG/O
                         net (fo=5975, routed)        1.794     1.794    dma_axis_ip_example_i/clk_wiz_0/inst/clk_in1
    MMCM_X0Y2            MMCME4_ADV (Prop_MMCM_CLKIN1_CLKOUT0)
                                                     -0.127     1.667 r  dma_axis_ip_example_i/clk_wiz_0/inst/mmcme4_adv_inst/CLKOUT0
                         net (fo=1, routed)           0.245     1.912    dma_axis_ip_example_i/clk_wiz_0/inst/clk_out1_dma_axis_ip_example_clk_wiz_0_0
    BUFGCE_X0Y66         BUFGCE (Prop_BUFCE_BUFGCE_I_O)
                                                      0.028     1.940 r  dma_axis_ip_example_i/clk_wiz_0/inst/clkout1_buf/O
    X0Y1 (CLOCK_ROOT)    net (fo=313, routed)         2.147     4.087    dma_axis_ip_example_i/i2s_transmitter_0/inst/I2S_TX_V1_0_SYS_INST/AXIS_FIFO_INST/xpm_fifo_async_inst/gnuram_async_fifo.xpm_fifo_base_inst/gen_sdpram.xpm_memory_base_inst/clkb
    RAMB18_X0Y25         RAMB18E2                                     r  dma_axis_ip_example_i/i2s_transmitter_0/inst/I2S_TX_V1_0_SYS_INST/AXIS_FIFO_INST/xpm_fifo_async_inst/gnuram_async_fifo.xpm_fifo_base_inst/gen_sdpram.xpm_memory_base_inst/gen_wr_a.gen_word_narrow.mem_reg/CLKARDCLK
  -------------------------------------------------------------------    -------------------
    RAMB18_X0Y25         RAMB18E2 (Prop_RAMB18E2_U_RAMB181_CLKARDCLK_DOUTADOUT[1])
                                                      0.212     4.299 r  dma_axis_ip_example_i/i2s_transmitter_0/inst/I2S_TX_V1_0_SYS_INST/AXIS_FIFO_INST/xpm_fifo_async_inst/gnuram_async_fifo.xpm_fifo_base_inst/gen_sdpram.xpm_memory_base_inst/gen_wr_a.gen_word_narrow.mem_reg/DOUTADOUT[1]
                         net (fo=5, routed)           0.281     4.580    dma_axis_ip_example_i/i2s_transmitter_0/inst/I2S_TX_V1_0_SYS_INST/AXIS_FIFO_INST/mclk_nAxis_TID[1]
    SLICE_X6Y64          LUT4 (Prop_D6LUT_SLICEL_I1_O)
                                                      0.089     4.669 r  dma_axis_ip_example_i/i2s_transmitter_0/inst/I2S_TX_V1_0_SYS_INST/AXIS_FIFO_INST/genblk2[0].mclk_rAudData[0][23]_i_3/O
                         net (fo=2, routed)           0.091     4.759    dma_axis_ip_example_i/i2s_transmitter_0/inst/I2S_TX_V1_0_SYS_INST/AXIS_FIFO_INST/genblk2[0].mclk_rAudData[0][23]_i_3_n_0
    SLICE_X6Y65          LUT6 (Prop_G6LUT_SLICEL_I1_O)
                                                      0.089     4.848 r  dma_axis_ip_example_i/i2s_transmitter_0/inst/I2S_TX_V1_0_SYS_INST/AXIS_FIFO_INST/genblk2[1].mclk_rAudData[1][23]_i_1/O
                         net (fo=25, routed)          0.809     5.657    dma_axis_ip_example_i/i2s_transmitter_0/inst/I2S_TX_V1_0_SYS_INST/mclk_rAudValid7_out
    SLICE_X0Y62          FDRE                                         r  dma_axis_ip_example_i/i2s_transmitter_0/inst/I2S_TX_V1_0_SYS_INST/genblk2[1].mclk_rAudData_reg[1][9]/CE
  -------------------------------------------------------------------    -------------------

                         (clock clk_out1_dma_axis_ip_example_clk_wiz_0_0 rise edge)
                                                     88.577    88.577 r  
    BUFG_PS_X0Y67        BUFG_PS                      0.000    88.577 r  dma_axis_ip_example_i/zynq_ultra_ps_e_0/inst/buffer_pl_clk_0.PL_CLK_0_BUFG/O
                         net (fo=5975, routed)        1.610    90.187    dma_axis_ip_example_i/clk_wiz_0/inst/clk_in1
    MMCM_X0Y2            MMCME4_ADV (Prop_MMCM_CLKIN1_CLKOUT0)
                                                      0.630    90.817 r  dma_axis_ip_example_i/clk_wiz_0/inst/mmcme4_adv_inst/CLKOUT0
                         net (fo=1, routed)           0.215    91.032    dma_axis_ip_example_i/clk_wiz_0/inst/clk_out1_dma_axis_ip_example_clk_wiz_0_0
    BUFGCE_X0Y66         BUFGCE (Prop_BUFCE_BUFGCE_I_O)
                                                      0.024    91.056 r  dma_axis_ip_example_i/clk_wiz_0/inst/clkout1_buf/O
    X0Y1 (CLOCK_ROOT)    net (fo=313, routed)         1.802    92.858    dma_axis_ip_example_i/i2s_transmitter_0/inst/I2S_TX_V1_0_SYS_INST/aud_mclk
    SLICE_X0Y62          FDRE                                         r  dma_axis_ip_example_i/i2s_transmitter_0/inst/I2S_TX_V1_0_SYS_INST/genblk2[1].mclk_rAudData_reg[1][9]/C
                         clock pessimism             -0.400    92.458    
                         clock uncertainty           -0.278    92.180    
    SLICE_X0Y62          FDRE (Setup_GFF_SLICEL_C_CE)
                                                     -0.060    92.120    dma_axis_ip_example_i/i2s_transmitter_0/inst/I2S_TX_V1_0_SYS_INST/genblk2[1].mclk_rAudData_reg[1][9]
  -------------------------------------------------------------------
                         required time                         92.120    
                         arrival time                          -5.657    
  -------------------------------------------------------------------
                         slack                                 86.462    





Min Delay Paths
--------------------------------------------------------------------------------------
Slack (MET) :             0.023ns  (arrival time - required time)
  Source:                 dma_axis_ip_example_i/i2s_transmitter_0/inst/I2S_TX_V1_0_SYS_INST/mclk_rWaveGenCounter_reg[5]/C
                            (rising edge-triggered cell FDRE clocked by clk_out1_dma_axis_ip_example_clk_wiz_0_0  {rise@0.000ns fall@44.289ns period=88.577ns})
  Destination:            dma_axis_ip_example_i/i2s_transmitter_0/inst/I2S_TX_V1_0_SYS_INST/genblk2[1].mclk_rAudData_reg[1][5]/D
                            (rising edge-triggered cell FDRE clocked by clk_out1_dma_axis_ip_example_clk_wiz_0_0  {rise@0.000ns fall@44.289ns period=88.577ns})
  Path Group:             clk_out1_dma_axis_ip_example_clk_wiz_0_0
  Path Type:              Hold (Min at Slow Process Corner)
  Requirement:            0.000ns  (clk_out1_dma_axis_ip_example_clk_wiz_0_0 rise@0.000ns - clk_out1_dma_axis_ip_example_clk_wiz_0_0 rise@0.000ns)
  Data Path Delay:        0.175ns  (logic 0.080ns (45.651%)  route 0.095ns (54.349%))
  Logic Levels:           1  (LUT6=1)
  Clock Path Skew:        0.093ns (DCD - SCD - CPR)
    Destination Clock Delay (DCD):    3.969ns
    Source Clock Delay      (SCD):    4.280ns
    Clock Pessimism Removal (CPR):    -0.403ns
  Clock Net Delay (Source):      1.801ns (routing 0.883ns, distribution 0.918ns)
  Clock Net Delay (Destination): 2.029ns (routing 0.970ns, distribution 1.059ns)

    Location             Delay type                Incr(ns)  Path(ns)    Netlist Resource(s)
  -------------------------------------------------------------------    -------------------
                         (clock clk_out1_dma_axis_ip_example_clk_wiz_0_0 rise edge)
                                                      0.000     0.000 r  
    BUFG_PS_X0Y67        BUFG_PS                      0.000     0.000 r  dma_axis_ip_example_i/zynq_ultra_ps_e_0/inst/buffer_pl_clk_0.PL_CLK_0_BUFG/O
                         net (fo=5975, routed)        1.610     1.610    dma_axis_ip_example_i/clk_wiz_0/inst/clk_in1
    MMCM_X0Y2            MMCME4_ADV (Prop_MMCM_CLKIN1_CLKOUT0)
                                                      0.630     2.240 r  dma_axis_ip_example_i/clk_wiz_0/inst/mmcme4_adv_inst/CLKOUT0
                         net (fo=1, routed)           0.215     2.455    dma_axis_ip_example_i/clk_wiz_0/inst/clk_out1_dma_axis_ip_example_clk_wiz_0_0
    BUFGCE_X0Y66         BUFGCE (Prop_BUFCE_BUFGCE_I_O)
                                                      0.024     2.479 r  dma_axis_ip_example_i/clk_wiz_0/inst/clkout1_buf/O
    X0Y1 (CLOCK_ROOT)    net (fo=313, routed)         1.801     4.280    dma_axis_ip_example_i/i2s_transmitter_0/inst/I2S_TX_V1_0_SYS_INST/aud_mclk
    SLICE_X3Y61          FDRE                                         r  dma_axis_ip_example_i/i2s_transmitter_0/inst/I2S_TX_V1_0_SYS_INST/mclk_rWaveGenCounter_reg[5]/C
  -------------------------------------------------------------------    -------------------
    SLICE_X3Y61          FDRE (Prop_FFF_SLICEL_C_Q)
                                                      0.058     4.338 r  dma_axis_ip_example_i/i2s_transmitter_0/inst/I2S_TX_V1_0_SYS_INST/mclk_rWaveGenCounter_reg[5]/Q
                         net (fo=3, routed)           0.060     4.398    dma_axis_ip_example_i/i2s_transmitter_0/inst/I2S_TX_V1_0_SYS_INST/AXIS_FIFO_INST/mclk_rWaveGenCounter_reg[5]
    SLICE_X4Y61          LUT6 (Prop_F6LUT_SLICEM_I5_O)
                                                      0.022     4.420 r  dma_axis_ip_example_i/i2s_transmitter_0/inst/I2S_TX_V1_0_SYS_INST/AXIS_FIFO_INST/genblk2[1].mclk_rAudData[1][5]_i_1/O
                         net (fo=1, routed)           0.035     4.455    dma_axis_ip_example_i/i2s_transmitter_0/inst/I2S_TX_V1_0_SYS_INST/AXIS_FIFO_INST_n_49
    SLICE_X4Y61          FDRE                                         r  dma_axis_ip_example_i/i2s_transmitter_0/inst/I2S_TX_V1_0_SYS_INST/genblk2[1].mclk_rAudData_reg[1][5]/D
  -------------------------------------------------------------------    -------------------

                         (clock clk_out1_dma_axis_ip_example_clk_wiz_0_0 rise edge)
                                                      0.000     0.000 r  
    BUFG_PS_X0Y67        BUFG_PS                      0.000     0.000 r  dma_axis_ip_example_i/zynq_ultra_ps_e_0/inst/buffer_pl_clk_0.PL_CLK_0_BUFG/O
                         net (fo=5975, routed)        1.794     1.794    dma_axis_ip_example_i/clk_wiz_0/inst/clk_in1
    MMCM_X0Y2            MMCME4_ADV (Prop_MMCM_CLKIN1_CLKOUT0)
                                                     -0.127     1.667 r  dma_axis_ip_example_i/clk_wiz_0/inst/mmcme4_adv_inst/CLKOUT0
                         net (fo=1, routed)           0.245     1.912    dma_axis_ip_example_i/clk_wiz_0/inst/clk_out1_dma_axis_ip_example_clk_wiz_0_0
    BUFGCE_X0Y66         BUFGCE (Prop_BUFCE_BUFGCE_I_O)
                                                      0.028     1.940 r  dma_axis_ip_example_i/clk_wiz_0/inst/clkout1_buf/O
    X0Y1 (CLOCK_ROOT)    net (fo=313, routed)         2.029     3.969    dma_axis_ip_example_i/i2s_transmitter_0/inst/I2S_TX_V1_0_SYS_INST/aud_mclk
    SLICE_X4Y61          FDRE                                         r  dma_axis_ip_example_i/i2s_transmitter_0/inst/I2S_TX_V1_0_SYS_INST/genblk2[1].mclk_rAudData_reg[1][5]/C
                         clock pessimism              0.403     4.372    
    SLICE_X4Y61          FDRE (Hold_FFF_SLICEM_C_D)
                                                      0.060     4.432    dma_axis_ip_example_i/i2s_transmitter_0/inst/I2S_TX_V1_0_SYS_INST/genblk2[1].mclk_rAudData_reg[1][5]
  -------------------------------------------------------------------
                         required time                         -4.432    
                         arrival time                           4.455    
  -------------------------------------------------------------------
                         slack                                  0.023    

Slack (MET) :             0.031ns  (arrival time - required time)
  Source:                 dma_axis_ip_example_i/proc_sys_reset_0/U0/EXT_LPF/AUX_LPF[2].asr_lpf_reg[2]/C
                            (rising edge-triggered cell FDRE clocked by clk_out1_dma_axis_ip_example_clk_wiz_0_0  {rise@0.000ns fall@44.289ns period=88.577ns})
  Destination:            dma_axis_ip_example_i/proc_sys_reset_0/U0/EXT_LPF/AUX_LPF[3].asr_lpf_reg[3]/D
                            (rising edge-triggered cell FDRE clocked by clk_out1_dma_axis_ip_example_clk_wiz_0_0  {rise@0.000ns fall@44.289ns period=88.577ns})
  Path Group:             clk_out1_dma_axis_ip_example_clk_wiz_0_0
  Path Type:              Hold (Min at Fast Process Corner)
  Requirement:            0.000ns  (clk_out1_dma_axis_ip_example_clk_wiz_0_0 rise@0.000ns - clk_out1_dma_axis_ip_example_clk_wiz_0_0 rise@0.000ns)
  Data Path Delay:        0.083ns  (logic 0.039ns (47.074%)  route 0.044ns (52.926%))
  Logic Levels:           0  
  Clock Path Skew:        0.006ns (DCD - SCD - CPR)
    Destination Clock Delay (DCD):    2.204ns
    Source Clock Delay      (SCD):    2.455ns
    Clock Pessimism Removal (CPR):    -0.257ns
  Clock Net Delay (Source):      1.083ns (routing 0.529ns, distribution 0.554ns)
  Clock Net Delay (Destination): 1.221ns (routing 0.591ns, distribution 0.630ns)

    Location             Delay type                Incr(ns)  Path(ns)    Netlist Resource(s)
  -------------------------------------------------------------------    -------------------
                         (clock clk_out1_dma_axis_ip_example_clk_wiz_0_0 rise edge)
                                                      0.000     0.000 r  
    BUFG_PS_X0Y67        BUFG_PS                      0.000     0.000 r  dma_axis_ip_example_i/zynq_ultra_ps_e_0/inst/buffer_pl_clk_0.PL_CLK_0_BUFG/O
                         net (fo=5975, routed)        0.979     0.979    dma_axis_ip_example_i/clk_wiz_0/inst/clk_in1
    MMCM_X0Y2            MMCME4_ADV (Prop_MMCM_CLKIN1_CLKOUT0)
                                                      0.230     1.209 r  dma_axis_ip_example_i/clk_wiz_0/inst/mmcme4_adv_inst/CLKOUT0
                         net (fo=1, routed)           0.146     1.355    dma_axis_ip_example_i/clk_wiz_0/inst/clk_out1_dma_axis_ip_example_clk_wiz_0_0
    BUFGCE_X0Y66         BUFGCE (Prop_BUFCE_BUFGCE_I_O)
                                                      0.017     1.372 r  dma_axis_ip_example_i/clk_wiz_0/inst/clkout1_buf/O
    X0Y1 (CLOCK_ROOT)    net (fo=313, routed)         1.083     2.455    dma_axis_ip_example_i/proc_sys_reset_0/U0/EXT_LPF/slowest_sync_clk
    SLICE_X15Y73         FDRE                                         r  dma_axis_ip_example_i/proc_sys_reset_0/U0/EXT_LPF/AUX_LPF[2].asr_lpf_reg[2]/C
  -------------------------------------------------------------------    -------------------
    SLICE_X15Y73         FDRE (Prop_BFF_SLICEL_C_Q)
                                                      0.039     2.494 r  dma_axis_ip_example_i/proc_sys_reset_0/U0/EXT_LPF/AUX_LPF[2].asr_lpf_reg[2]/Q
                         net (fo=2, routed)           0.044     2.538    dma_axis_ip_example_i/proc_sys_reset_0/U0/EXT_LPF/p_1_in
    SLICE_X15Y73         FDRE                                         r  dma_axis_ip_example_i/proc_sys_reset_0/U0/EXT_LPF/AUX_LPF[3].asr_lpf_reg[3]/D
  -------------------------------------------------------------------    -------------------

                         (clock clk_out1_dma_axis_ip_example_clk_wiz_0_0 rise edge)
                                                      0.000     0.000 r  
    BUFG_PS_X0Y67        BUFG_PS                      0.000     0.000 r  dma_axis_ip_example_i/zynq_ultra_ps_e_0/inst/buffer_pl_clk_0.PL_CLK_0_BUFG/O
                         net (fo=5975, routed)        1.093     1.093    dma_axis_ip_example_i/clk_wiz_0/inst/clk_in1
    MMCM_X0Y2            MMCME4_ADV (Prop_MMCM_CLKIN1_CLKOUT0)
                                                     -0.295     0.798 r  dma_axis_ip_example_i/clk_wiz_0/inst/mmcme4_adv_inst/CLKOUT0
                         net (fo=1, routed)           0.166     0.964    dma_axis_ip_example_i/clk_wiz_0/inst/clk_out1_dma_axis_ip_example_clk_wiz_0_0
    BUFGCE_X0Y66         BUFGCE (Prop_BUFCE_BUFGCE_I_O)
                                                      0.019     0.983 r  dma_axis_ip_example_i/clk_wiz_0/inst/clkout1_buf/O
    X0Y1 (CLOCK_ROOT)    net (fo=313, routed)         1.221     2.204    dma_axis_ip_example_i/proc_sys_reset_0/U0/EXT_LPF/slowest_sync_clk
    SLICE_X15Y73         FDRE                                         r  dma_axis_ip_example_i/proc_sys_reset_0/U0/EXT_LPF/AUX_LPF[3].asr_lpf_reg[3]/C
                         clock pessimism              0.257     2.461    
    SLICE_X15Y73         FDRE (Hold_CFF_SLICEL_C_D)
                                                      0.046     2.507    dma_axis_ip_example_i/proc_sys_reset_0/U0/EXT_LPF/AUX_LPF[3].asr_lpf_reg[3]
  -------------------------------------------------------------------
                         required time                         -2.507    
                         arrival time                           2.538    
  -------------------------------------------------------------------
                         slack                                  0.031    

Slack (MET) :             0.034ns  (arrival time - required time)
  Source:                 dma_axis_ip_example_i/i2s_transmitter_0/inst/I2S_TX_V1_0_SYS_INST/genblk4[0].I2S_TX_V1_0_SER_INST/rSDataOut_reg[15]/C
                            (rising edge-triggered cell FDRE clocked by clk_out1_dma_axis_ip_example_clk_wiz_0_0  {rise@0.000ns fall@44.289ns period=88.577ns})
  Destination:            dma_axis_ip_example_i/i2s_transmitter_0/inst/I2S_TX_V1_0_SYS_INST/genblk4[0].I2S_TX_V1_0_SER_INST/rSDataOut_reg[16]/D
                            (rising edge-triggered cell FDRE clocked by clk_out1_dma_axis_ip_example_clk_wiz_0_0  {rise@0.000ns fall@44.289ns period=88.577ns})
  Path Group:             clk_out1_dma_axis_ip_example_clk_wiz_0_0
  Path Type:              Hold (Min at Slow Process Corner)
  Requirement:            0.000ns  (clk_out1_dma_axis_ip_example_clk_wiz_0_0 rise@0.000ns - clk_out1_dma_axis_ip_example_clk_wiz_0_0 rise@0.000ns)
  Data Path Delay:        0.186ns  (logic 0.080ns (43.011%)  route 0.106ns (56.989%))
  Logic Levels:           1  (LUT5=1)
  Clock Path Skew:        0.092ns (DCD - SCD - CPR)
    Destination Clock Delay (DCD):    3.968ns
    Source Clock Delay      (SCD):    4.279ns
    Clock Pessimism Removal (CPR):    -0.403ns
  Clock Net Delay (Source):      1.800ns (routing 0.883ns, distribution 0.917ns)
  Clock Net Delay (Destination): 2.028ns (routing 0.970ns, distribution 1.058ns)

    Location             Delay type                Incr(ns)  Path(ns)    Netlist Resource(s)
  -------------------------------------------------------------------    -------------------
                         (clock clk_out1_dma_axis_ip_example_clk_wiz_0_0 rise edge)
                                                      0.000     0.000 r  
    BUFG_PS_X0Y67        BUFG_PS                      0.000     0.000 r  dma_axis_ip_example_i/zynq_ultra_ps_e_0/inst/buffer_pl_clk_0.PL_CLK_0_BUFG/O
                         net (fo=5975, routed)        1.610     1.610    dma_axis_ip_example_i/clk_wiz_0/inst/clk_in1
    MMCM_X0Y2            MMCME4_ADV (Prop_MMCM_CLKIN1_CLKOUT0)
                                                      0.630     2.240 r  dma_axis_ip_example_i/clk_wiz_0/inst/mmcme4_adv_inst/CLKOUT0
                         net (fo=1, routed)           0.215     2.455    dma_axis_ip_example_i/clk_wiz_0/inst/clk_out1_dma_axis_ip_example_clk_wiz_0_0
    BUFGCE_X0Y66         BUFGCE (Prop_BUFCE_BUFGCE_I_O)
                                                      0.024     2.479 r  dma_axis_ip_example_i/clk_wiz_0/inst/clkout1_buf/O
    X0Y1 (CLOCK_ROOT)    net (fo=313, routed)         1.800     4.279    dma_axis_ip_example_i/i2s_transmitter_0/inst/I2S_TX_V1_0_SYS_INST/genblk4[0].I2S_TX_V1_0_SER_INST/aud_mclk
    SLICE_X4Y60          FDRE                                         r  dma_axis_ip_example_i/i2s_transmitter_0/inst/I2S_TX_V1_0_SYS_INST/genblk4[0].I2S_TX_V1_0_SER_INST/rSDataOut_reg[15]/C
  -------------------------------------------------------------------    -------------------
    SLICE_X4Y60          FDRE (Prop_BFF_SLICEM_C_Q)
                                                      0.058     4.337 r  dma_axis_ip_example_i/i2s_transmitter_0/inst/I2S_TX_V1_0_SYS_INST/genblk4[0].I2S_TX_V1_0_SER_INST/rSDataOut_reg[15]/Q
                         net (fo=1, routed)           0.070     4.407    dma_axis_ip_example_i/i2s_transmitter_0/inst/I2S_TX_V1_0_SYS_INST/I2S_TX_V1_0_TIMGEN_INST/Q[8]
    SLICE_X5Y60          LUT5 (Prop_D6LUT_SLICEM_I4_O)
                                                      0.022     4.429 r  dma_axis_ip_example_i/i2s_transmitter_0/inst/I2S_TX_V1_0_SYS_INST/I2S_TX_V1_0_TIMGEN_INST/rSDataOut[16]_i_1/O
                         net (fo=1, routed)           0.036     4.465    dma_axis_ip_example_i/i2s_transmitter_0/inst/I2S_TX_V1_0_SYS_INST/genblk4[0].I2S_TX_V1_0_SER_INST/D[8]
    SLICE_X5Y60          FDRE                                         r  dma_axis_ip_example_i/i2s_transmitter_0/inst/I2S_TX_V1_0_SYS_INST/genblk4[0].I2S_TX_V1_0_SER_INST/rSDataOut_reg[16]/D
  -------------------------------------------------------------------    -------------------

                         (clock clk_out1_dma_axis_ip_example_clk_wiz_0_0 rise edge)
                                                      0.000     0.000 r  
    BUFG_PS_X0Y67        BUFG_PS                      0.000     0.000 r  dma_axis_ip_example_i/zynq_ultra_ps_e_0/inst/buffer_pl_clk_0.PL_CLK_0_BUFG/O
                         net (fo=5975, routed)        1.794     1.794    dma_axis_ip_example_i/clk_wiz_0/inst/clk_in1
    MMCM_X0Y2            MMCME4_ADV (Prop_MMCM_CLKIN1_CLKOUT0)
                                                     -0.127     1.667 r  dma_axis_ip_example_i/clk_wiz_0/inst/mmcme4_adv_inst/CLKOUT0
                         net (fo=1, routed)           0.245     1.912    dma_axis_ip_example_i/clk_wiz_0/inst/clk_out1_dma_axis_ip_example_clk_wiz_0_0
    BUFGCE_X0Y66         BUFGCE (Prop_BUFCE_BUFGCE_I_O)
                                                      0.028     1.940 r  dma_axis_ip_example_i/clk_wiz_0/inst/clkout1_buf/O
    X0Y1 (CLOCK_ROOT)    net (fo=313, routed)         2.028     3.968    dma_axis_ip_example_i/i2s_transmitter_0/inst/I2S_TX_V1_0_SYS_INST/genblk4[0].I2S_TX_V1_0_SER_INST/aud_mclk
    SLICE_X5Y60          FDRE                                         r  dma_axis_ip_example_i/i2s_transmitter_0/inst/I2S_TX_V1_0_SYS_INST/genblk4[0].I2S_TX_V1_0_SER_INST/rSDataOut_reg[16]/C
                         clock pessimism              0.403     4.371    
    SLICE_X5Y60          FDRE (Hold_DFF_SLICEM_C_D)
                                                      0.060     4.431    dma_axis_ip_example_i/i2s_transmitter_0/inst/I2S_TX_V1_0_SYS_INST/genblk4[0].I2S_TX_V1_0_SER_INST/rSDataOut_reg[16]
  -------------------------------------------------------------------
                         required time                         -4.431    
                         arrival time                           4.465    
  -------------------------------------------------------------------
                         slack                                  0.034    

Slack (MET) :             0.035ns  (arrival time - required time)
  Source:                 dma_axis_ip_example_i/i2s_transmitter_0/inst/I2S_TX_V1_0_SYS_INST/mclk_rWaveGenCounter_reg[3]/C
                            (rising edge-triggered cell FDRE clocked by clk_out1_dma_axis_ip_example_clk_wiz_0_0  {rise@0.000ns fall@44.289ns period=88.577ns})
  Destination:            dma_axis_ip_example_i/i2s_transmitter_0/inst/I2S_TX_V1_0_SYS_INST/genblk2[0].mclk_rAudData_reg[0][3]/D
                            (rising edge-triggered cell FDRE clocked by clk_out1_dma_axis_ip_example_clk_wiz_0_0  {rise@0.000ns fall@44.289ns period=88.577ns})
  Path Group:             clk_out1_dma_axis_ip_example_clk_wiz_0_0
  Path Type:              Hold (Min at Fast Process Corner)
  Requirement:            0.000ns  (clk_out1_dma_axis_ip_example_clk_wiz_0_0 rise@0.000ns - clk_out1_dma_axis_ip_example_clk_wiz_0_0 rise@0.000ns)
  Data Path Delay:        0.138ns  (logic 0.061ns (44.168%)  route 0.077ns (55.832%))
  Logic Levels:           1  (LUT6=1)
  Clock Path Skew:        0.057ns (DCD - SCD - CPR)
    Destination Clock Delay (DCD):    2.236ns
    Source Clock Delay      (SCD):    2.477ns
    Clock Pessimism Removal (CPR):    -0.297ns
  Clock Net Delay (Source):      1.105ns (routing 0.529ns, distribution 0.576ns)
  Clock Net Delay (Destination): 1.253ns (routing 0.591ns, distribution 0.662ns)

    Location             Delay type                Incr(ns)  Path(ns)    Netlist Resource(s)
  -------------------------------------------------------------------    -------------------
                         (clock clk_out1_dma_axis_ip_example_clk_wiz_0_0 rise edge)
                                                      0.000     0.000 r  
    BUFG_PS_X0Y67        BUFG_PS                      0.000     0.000 r  dma_axis_ip_example_i/zynq_ultra_ps_e_0/inst/buffer_pl_clk_0.PL_CLK_0_BUFG/O
                         net (fo=5975, routed)        0.979     0.979    dma_axis_ip_example_i/clk_wiz_0/inst/clk_in1
    MMCM_X0Y2            MMCME4_ADV (Prop_MMCM_CLKIN1_CLKOUT0)
                                                      0.230     1.209 r  dma_axis_ip_example_i/clk_wiz_0/inst/mmcme4_adv_inst/CLKOUT0
                         net (fo=1, routed)           0.146     1.355    dma_axis_ip_example_i/clk_wiz_0/inst/clk_out1_dma_axis_ip_example_clk_wiz_0_0
    BUFGCE_X0Y66         BUFGCE (Prop_BUFCE_BUFGCE_I_O)
                                                      0.017     1.372 r  dma_axis_ip_example_i/clk_wiz_0/inst/clkout1_buf/O
    X0Y1 (CLOCK_ROOT)    net (fo=313, routed)         1.105     2.477    dma_axis_ip_example_i/i2s_transmitter_0/inst/I2S_TX_V1_0_SYS_INST/aud_mclk
    SLICE_X3Y61          FDRE                                         r  dma_axis_ip_example_i/i2s_transmitter_0/inst/I2S_TX_V1_0_SYS_INST/mclk_rWaveGenCounter_reg[3]/C
  -------------------------------------------------------------------    -------------------
    SLICE_X3Y61          FDRE (Prop_DFF_SLICEL_C_Q)
                                                      0.039     2.516 r  dma_axis_ip_example_i/i2s_transmitter_0/inst/I2S_TX_V1_0_SYS_INST/mclk_rWaveGenCounter_reg[3]/Q
                         net (fo=3, routed)           0.053     2.569    dma_axis_ip_example_i/i2s_transmitter_0/inst/I2S_TX_V1_0_SYS_INST/AXIS_FIFO_INST/mclk_rWaveGenCounter_reg[3]
    SLICE_X4Y61          LUT6 (Prop_C6LUT_SLICEM_I3_O)
                                                      0.022     2.591 r  dma_axis_ip_example_i/i2s_transmitter_0/inst/I2S_TX_V1_0_SYS_INST/AXIS_FIFO_INST/genblk2[0].mclk_rAudData[0][3]_i_1/O
                         net (fo=1, routed)           0.024     2.615    dma_axis_ip_example_i/i2s_transmitter_0/inst/I2S_TX_V1_0_SYS_INST/AXIS_FIFO_INST_n_27
    SLICE_X4Y61          FDRE                                         r  dma_axis_ip_example_i/i2s_transmitter_0/inst/I2S_TX_V1_0_SYS_INST/genblk2[0].mclk_rAudData_reg[0][3]/D
  -------------------------------------------------------------------    -------------------

                         (clock clk_out1_dma_axis_ip_example_clk_wiz_0_0 rise edge)
                                                      0.000     0.000 r  
    BUFG_PS_X0Y67        BUFG_PS                      0.000     0.000 r  dma_axis_ip_example_i/zynq_ultra_ps_e_0/inst/buffer_pl_clk_0.PL_CLK_0_BUFG/O
                         net (fo=5975, routed)        1.093     1.093    dma_axis_ip_example_i/clk_wiz_0/inst/clk_in1
    MMCM_X0Y2            MMCME4_ADV (Prop_MMCM_CLKIN1_CLKOUT0)
                                                     -0.295     0.798 r  dma_axis_ip_example_i/clk_wiz_0/inst/mmcme4_adv_inst/CLKOUT0
                         net (fo=1, routed)           0.166     0.964    dma_axis_ip_example_i/clk_wiz_0/inst/clk_out1_dma_axis_ip_example_clk_wiz_0_0
    BUFGCE_X0Y66         BUFGCE (Prop_BUFCE_BUFGCE_I_O)
                                                      0.019     0.983 r  dma_axis_ip_example_i/clk_wiz_0/inst/clkout1_buf/O
    X0Y1 (CLOCK_ROOT)    net (fo=313, routed)         1.253     2.236    dma_axis_ip_example_i/i2s_transmitter_0/inst/I2S_TX_V1_0_SYS_INST/aud_mclk
    SLICE_X4Y61          FDRE                                         r  dma_axis_ip_example_i/i2s_transmitter_0/inst/I2S_TX_V1_0_SYS_INST/genblk2[0].mclk_rAudData_reg[0][3]/C
                         clock pessimism              0.297     2.533    
    SLICE_X4Y61          FDRE (Hold_CFF_SLICEM_C_D)
                                                      0.046     2.579    dma_axis_ip_example_i/i2s_transmitter_0/inst/I2S_TX_V1_0_SYS_INST/genblk2[0].mclk_rAudData_reg[0][3]
  -------------------------------------------------------------------
                         required time                         -2.579    
                         arrival time                           2.615    
  -------------------------------------------------------------------
                         slack                                  0.035    

Slack (MET) :             0.037ns  (arrival time - required time)
  Source:                 dma_axis_ip_example_i/i2s_transmitter_0/inst/I2S_TX_V1_0_SYS_INST/AXIS_FIFO_INST/xpm_fifo_async_inst/gnuram_async_fifo.xpm_fifo_base_inst/xpm_fifo_rst_inst/FSM_sequential_gen_rst_ic.curr_rrst_state_reg[1]/C
                            (rising edge-triggered cell FDRE clocked by clk_out1_dma_axis_ip_example_clk_wiz_0_0  {rise@0.000ns fall@44.289ns period=88.577ns})
  Destination:            dma_axis_ip_example_i/i2s_transmitter_0/inst/I2S_TX_V1_0_SYS_INST/AXIS_FIFO_INST/xpm_fifo_async_inst/gnuram_async_fifo.xpm_fifo_base_inst/xpm_fifo_rst_inst/FSM_sequential_gen_rst_ic.curr_rrst_state_reg[0]/D
                            (rising edge-triggered cell FDRE clocked by clk_out1_dma_axis_ip_example_clk_wiz_0_0  {rise@0.000ns fall@44.289ns period=88.577ns})
  Path Group:             clk_out1_dma_axis_ip_example_clk_wiz_0_0
  Path Type:              Hold (Min at Fast Process Corner)
  Requirement:            0.000ns  (clk_out1_dma_axis_ip_example_clk_wiz_0_0 rise@0.000ns - clk_out1_dma_axis_ip_example_clk_wiz_0_0 rise@0.000ns)
  Data Path Delay:        0.090ns  (logic 0.059ns (65.667%)  route 0.031ns (34.334%))
  Logic Levels:           1  (LUT3=1)
  Clock Path Skew:        0.006ns (DCD - SCD - CPR)
    Destination Clock Delay (DCD):    2.233ns
    Source Clock Delay      (SCD):    2.481ns
    Clock Pessimism Removal (CPR):    -0.254ns
  Clock Net Delay (Source):      1.109ns (routing 0.529ns, distribution 0.580ns)
  Clock Net Delay (Destination): 1.250ns (routing 0.591ns, distribution 0.659ns)

    Location             Delay type                Incr(ns)  Path(ns)    Netlist Resource(s)
  -------------------------------------------------------------------    -------------------
                         (clock clk_out1_dma_axis_ip_example_clk_wiz_0_0 rise edge)
                                                      0.000     0.000 r  
    BUFG_PS_X0Y67        BUFG_PS                      0.000     0.000 r  dma_axis_ip_example_i/zynq_ultra_ps_e_0/inst/buffer_pl_clk_0.PL_CLK_0_BUFG/O
                         net (fo=5975, routed)        0.979     0.979    dma_axis_ip_example_i/clk_wiz_0/inst/clk_in1
    MMCM_X0Y2            MMCME4_ADV (Prop_MMCM_CLKIN1_CLKOUT0)
                                                      0.230     1.209 r  dma_axis_ip_example_i/clk_wiz_0/inst/mmcme4_adv_inst/CLKOUT0
                         net (fo=1, routed)           0.146     1.355    dma_axis_ip_example_i/clk_wiz_0/inst/clk_out1_dma_axis_ip_example_clk_wiz_0_0
    BUFGCE_X0Y66         BUFGCE (Prop_BUFCE_BUFGCE_I_O)
                                                      0.017     1.372 r  dma_axis_ip_example_i/clk_wiz_0/inst/clkout1_buf/O
    X0Y1 (CLOCK_ROOT)    net (fo=313, routed)         1.109     2.481    dma_axis_ip_example_i/i2s_transmitter_0/inst/I2S_TX_V1_0_SYS_INST/AXIS_FIFO_INST/xpm_fifo_async_inst/gnuram_async_fifo.xpm_fifo_base_inst/xpm_fifo_rst_inst/rd_clk
    SLICE_X7Y69          FDRE                                         r  dma_axis_ip_example_i/i2s_transmitter_0/inst/I2S_TX_V1_0_SYS_INST/AXIS_FIFO_INST/xpm_fifo_async_inst/gnuram_async_fifo.xpm_fifo_base_inst/xpm_fifo_rst_inst/FSM_sequential_gen_rst_ic.curr_rrst_state_reg[1]/C
  -------------------------------------------------------------------    -------------------
    SLICE_X7Y69          FDRE (Prop_HFF_SLICEL_C_Q)
                                                      0.039     2.520 r  dma_axis_ip_example_i/i2s_transmitter_0/inst/I2S_TX_V1_0_SYS_INST/AXIS_FIFO_INST/xpm_fifo_async_inst/gnuram_async_fifo.xpm_fifo_base_inst/xpm_fifo_rst_inst/FSM_sequential_gen_rst_ic.curr_rrst_state_reg[1]/Q
                         net (fo=3, routed)           0.025     2.545    dma_axis_ip_example_i/i2s_transmitter_0/inst/I2S_TX_V1_0_SYS_INST/AXIS_FIFO_INST/xpm_fifo_async_inst/gnuram_async_fifo.xpm_fifo_base_inst/xpm_fifo_rst_inst/gen_rst_ic.curr_rrst_state[1]
    SLICE_X7Y69          LUT3 (Prop_H5LUT_SLICEL_I1_O)
                                                      0.020     2.565 r  dma_axis_ip_example_i/i2s_transmitter_0/inst/I2S_TX_V1_0_SYS_INST/AXIS_FIFO_INST/xpm_fifo_async_inst/gnuram_async_fifo.xpm_fifo_base_inst/xpm_fifo_rst_inst/__0/i_/O
                         net (fo=1, routed)           0.006     2.571    dma_axis_ip_example_i/i2s_transmitter_0/inst/I2S_TX_V1_0_SYS_INST/AXIS_FIFO_INST/xpm_fifo_async_inst/gnuram_async_fifo.xpm_fifo_base_inst/xpm_fifo_rst_inst/gen_rst_ic.next_rrst_state[0]
    SLICE_X7Y69          FDRE                                         r  dma_axis_ip_example_i/i2s_transmitter_0/inst/I2S_TX_V1_0_SYS_INST/AXIS_FIFO_INST/xpm_fifo_async_inst/gnuram_async_fifo.xpm_fifo_base_inst/xpm_fifo_rst_inst/FSM_sequential_gen_rst_ic.curr_rrst_state_reg[0]/D
  -------------------------------------------------------------------    -------------------

                         (clock clk_out1_dma_axis_ip_example_clk_wiz_0_0 rise edge)
                                                      0.000     0.000 r  
    BUFG_PS_X0Y67        BUFG_PS                      0.000     0.000 r  dma_axis_ip_example_i/zynq_ultra_ps_e_0/inst/buffer_pl_clk_0.PL_CLK_0_BUFG/O
                         net (fo=5975, routed)        1.093     1.093    dma_axis_ip_example_i/clk_wiz_0/inst/clk_in1
    MMCM_X0Y2            MMCME4_ADV (Prop_MMCM_CLKIN1_CLKOUT0)
                                                     -0.295     0.798 r  dma_axis_ip_example_i/clk_wiz_0/inst/mmcme4_adv_inst/CLKOUT0
                         net (fo=1, routed)           0.166     0.964    dma_axis_ip_example_i/clk_wiz_0/inst/clk_out1_dma_axis_ip_example_clk_wiz_0_0
    BUFGCE_X0Y66         BUFGCE (Prop_BUFCE_BUFGCE_I_O)
                                                      0.019     0.983 r  dma_axis_ip_example_i/clk_wiz_0/inst/clkout1_buf/O
    X0Y1 (CLOCK_ROOT)    net (fo=313, routed)         1.250     2.233    dma_axis_ip_example_i/i2s_transmitter_0/inst/I2S_TX_V1_0_SYS_INST/AXIS_FIFO_INST/xpm_fifo_async_inst/gnuram_async_fifo.xpm_fifo_base_inst/xpm_fifo_rst_inst/rd_clk
    SLICE_X7Y69          FDRE                                         r  dma_axis_ip_example_i/i2s_transmitter_0/inst/I2S_TX_V1_0_SYS_INST/AXIS_FIFO_INST/xpm_fifo_async_inst/gnuram_async_fifo.xpm_fifo_base_inst/xpm_fifo_rst_inst/FSM_sequential_gen_rst_ic.curr_rrst_state_reg[0]/C
                         clock pessimism              0.254     2.487    
    SLICE_X7Y69          FDRE (Hold_HFF2_SLICEL_C_D)
                                                      0.047     2.534    dma_axis_ip_example_i/i2s_transmitter_0/inst/I2S_TX_V1_0_SYS_INST/AXIS_FIFO_INST/xpm_fifo_async_inst/gnuram_async_fifo.xpm_fifo_base_inst/xpm_fifo_rst_inst/FSM_sequential_gen_rst_ic.curr_rrst_state_reg[0]
  -------------------------------------------------------------------
                         required time                         -2.534    
                         arrival time                           2.571    
  -------------------------------------------------------------------
                         slack                                  0.037    

Slack (MET) :             0.039ns  (arrival time - required time)
  Source:                 dma_axis_ip_example_i/i2s_transmitter_0/inst/I2S_TX_V1_0_SYS_INST/AXIS_FIFO_INST/xpm_fifo_async_inst/gnuram_async_fifo.xpm_fifo_base_inst/gen_cdc_pntr.wr_pntr_cdc_dc_inst/dest_graysync_ff_reg[3][6]/C
                            (rising edge-triggered cell FDRE clocked by clk_out1_dma_axis_ip_example_clk_wiz_0_0  {rise@0.000ns fall@44.289ns period=88.577ns})
  Destination:            dma_axis_ip_example_i/i2s_transmitter_0/inst/I2S_TX_V1_0_SYS_INST/AXIS_FIFO_INST/xpm_fifo_async_inst/gnuram_async_fifo.xpm_fifo_base_inst/gen_cdc_pntr.wpr_gray_reg_dc/reg_out_i_reg[6]/D
                            (rising edge-triggered cell FDRE clocked by clk_out1_dma_axis_ip_example_clk_wiz_0_0  {rise@0.000ns fall@44.289ns period=88.577ns})
  Path Group:             clk_out1_dma_axis_ip_example_clk_wiz_0_0
  Path Type:              Hold (Min at Fast Process Corner)
  Requirement:            0.000ns  (clk_out1_dma_axis_ip_example_clk_wiz_0_0 rise@0.000ns - clk_out1_dma_axis_ip_example_clk_wiz_0_0 rise@0.000ns)
  Data Path Delay:        0.129ns  (logic 0.062ns (47.897%)  route 0.067ns (52.103%))
  Logic Levels:           1  (LUT2=1)
  Clock Path Skew:        0.045ns (DCD - SCD - CPR)
    Destination Clock Delay (DCD):    2.226ns
    Source Clock Delay      (SCD):    2.479ns
    Clock Pessimism Removal (CPR):    -0.297ns
  Clock Net Delay (Source):      1.107ns (routing 0.529ns, distribution 0.578ns)
  Clock Net Delay (Destination): 1.243ns (routing 0.591ns, distribution 0.652ns)

    Location             Delay type                Incr(ns)  Path(ns)    Netlist Resource(s)
  -------------------------------------------------------------------    -------------------
                         (clock clk_out1_dma_axis_ip_example_clk_wiz_0_0 rise edge)
                                                      0.000     0.000 r  
    BUFG_PS_X0Y67        BUFG_PS                      0.000     0.000 r  dma_axis_ip_example_i/zynq_ultra_ps_e_0/inst/buffer_pl_clk_0.PL_CLK_0_BUFG/O
                         net (fo=5975, routed)        0.979     0.979    dma_axis_ip_example_i/clk_wiz_0/inst/clk_in1
    MMCM_X0Y2            MMCME4_ADV (Prop_MMCM_CLKIN1_CLKOUT0)
                                                      0.230     1.209 r  dma_axis_ip_example_i/clk_wiz_0/inst/mmcme4_adv_inst/CLKOUT0
                         net (fo=1, routed)           0.146     1.355    dma_axis_ip_example_i/clk_wiz_0/inst/clk_out1_dma_axis_ip_example_clk_wiz_0_0
    BUFGCE_X0Y66         BUFGCE (Prop_BUFCE_BUFGCE_I_O)
                                                      0.017     1.372 r  dma_axis_ip_example_i/clk_wiz_0/inst/clkout1_buf/O
    X0Y1 (CLOCK_ROOT)    net (fo=313, routed)         1.107     2.479    dma_axis_ip_example_i/i2s_transmitter_0/inst/I2S_TX_V1_0_SYS_INST/AXIS_FIFO_INST/xpm_fifo_async_inst/gnuram_async_fifo.xpm_fifo_base_inst/gen_cdc_pntr.wr_pntr_cdc_dc_inst/dest_clk
    SLICE_X7Y66          FDRE                                         r  dma_axis_ip_example_i/i2s_transmitter_0/inst/I2S_TX_V1_0_SYS_INST/AXIS_FIFO_INST/xpm_fifo_async_inst/gnuram_async_fifo.xpm_fifo_base_inst/gen_cdc_pntr.wr_pntr_cdc_dc_inst/dest_graysync_ff_reg[3][6]/C
  -------------------------------------------------------------------    -------------------
    SLICE_X7Y66          FDRE (Prop_GFF2_SLICEL_C_Q)
                                                      0.040     2.519 r  dma_axis_ip_example_i/i2s_transmitter_0/inst/I2S_TX_V1_0_SYS_INST/AXIS_FIFO_INST/xpm_fifo_async_inst/gnuram_async_fifo.xpm_fifo_base_inst/gen_cdc_pntr.wr_pntr_cdc_dc_inst/dest_graysync_ff_reg[3][6]/Q
                         net (fo=5, routed)           0.050     2.569    dma_axis_ip_example_i/i2s_transmitter_0/inst/I2S_TX_V1_0_SYS_INST/AXIS_FIFO_INST/xpm_fifo_async_inst/gnuram_async_fifo.xpm_fifo_base_inst/gen_cdc_pntr.wr_pntr_cdc_dc_inst/dest_graysync_ff[3][6]
    SLICE_X6Y66          LUT2 (Prop_C6LUT_SLICEL_I0_O)
                                                      0.022     2.591 r  dma_axis_ip_example_i/i2s_transmitter_0/inst/I2S_TX_V1_0_SYS_INST/AXIS_FIFO_INST/xpm_fifo_async_inst/gnuram_async_fifo.xpm_fifo_base_inst/gen_cdc_pntr.wr_pntr_cdc_dc_inst/dest_out_bin[6]_INST_0/O
                         net (fo=1, routed)           0.017     2.608    dma_axis_ip_example_i/i2s_transmitter_0/inst/I2S_TX_V1_0_SYS_INST/AXIS_FIFO_INST/xpm_fifo_async_inst/gnuram_async_fifo.xpm_fifo_base_inst/gen_cdc_pntr.wpr_gray_reg_dc/D[6]
    SLICE_X6Y66          FDRE                                         r  dma_axis_ip_example_i/i2s_transmitter_0/inst/I2S_TX_V1_0_SYS_INST/AXIS_FIFO_INST/xpm_fifo_async_inst/gnuram_async_fifo.xpm_fifo_base_inst/gen_cdc_pntr.wpr_gray_reg_dc/reg_out_i_reg[6]/D
  -------------------------------------------------------------------    -------------------

                         (clock clk_out1_dma_axis_ip_example_clk_wiz_0_0 rise edge)
                                                      0.000     0.000 r  
    BUFG_PS_X0Y67        BUFG_PS                      0.000     0.000 r  dma_axis_ip_example_i/zynq_ultra_ps_e_0/inst/buffer_pl_clk_0.PL_CLK_0_BUFG/O
                         net (fo=5975, routed)        1.093     1.093    dma_axis_ip_example_i/clk_wiz_0/inst/clk_in1
    MMCM_X0Y2            MMCME4_ADV (Prop_MMCM_CLKIN1_CLKOUT0)
                                                     -0.295     0.798 r  dma_axis_ip_example_i/clk_wiz_0/inst/mmcme4_adv_inst/CLKOUT0
                         net (fo=1, routed)           0.166     0.964    dma_axis_ip_example_i/clk_wiz_0/inst/clk_out1_dma_axis_ip_example_clk_wiz_0_0
    BUFGCE_X0Y66         BUFGCE (Prop_BUFCE_BUFGCE_I_O)
                                                      0.019     0.983 r  dma_axis_ip_example_i/clk_wiz_0/inst/clkout1_buf/O
    X0Y1 (CLOCK_ROOT)    net (fo=313, routed)         1.243     2.226    dma_axis_ip_example_i/i2s_transmitter_0/inst/I2S_TX_V1_0_SYS_INST/AXIS_FIFO_INST/xpm_fifo_async_inst/gnuram_async_fifo.xpm_fifo_base_inst/gen_cdc_pntr.wpr_gray_reg_dc/rd_clk
    SLICE_X6Y66          FDRE                                         r  dma_axis_ip_example_i/i2s_transmitter_0/inst/I2S_TX_V1_0_SYS_INST/AXIS_FIFO_INST/xpm_fifo_async_inst/gnuram_async_fifo.xpm_fifo_base_inst/gen_cdc_pntr.wpr_gray_reg_dc/reg_out_i_reg[6]/C
                         clock pessimism              0.297     2.523    
    SLICE_X6Y66          FDRE (Hold_CFF_SLICEL_C_D)
                                                      0.046     2.569    dma_axis_ip_example_i/i2s_transmitter_0/inst/I2S_TX_V1_0_SYS_INST/AXIS_FIFO_INST/xpm_fifo_async_inst/gnuram_async_fifo.xpm_fifo_base_inst/gen_cdc_pntr.wpr_gray_reg_dc/reg_out_i_reg[6]
  -------------------------------------------------------------------
                         required time                         -2.569    
                         arrival time                           2.608    
  -------------------------------------------------------------------
                         slack                                  0.039    

Slack (MET) :             0.043ns  (arrival time - required time)
  Source:                 dma_axis_ip_example_i/proc_sys_reset_0/U0/EXT_LPF/AUX_LPF[2].asr_lpf_reg[2]/C
                            (rising edge-triggered cell FDRE clocked by clk_out1_dma_axis_ip_example_clk_wiz_0_0  {rise@0.000ns fall@44.289ns period=88.577ns})
  Destination:            dma_axis_ip_example_i/proc_sys_reset_0/U0/EXT_LPF/lpf_asr_reg/D
                            (rising edge-triggered cell FDRE clocked by clk_out1_dma_axis_ip_example_clk_wiz_0_0  {rise@0.000ns fall@44.289ns period=88.577ns})
  Path Group:             clk_out1_dma_axis_ip_example_clk_wiz_0_0
  Path Type:              Hold (Min at Fast Process Corner)
  Requirement:            0.000ns  (clk_out1_dma_axis_ip_example_clk_wiz_0_0 rise@0.000ns - clk_out1_dma_axis_ip_example_clk_wiz_0_0 rise@0.000ns)
  Data Path Delay:        0.095ns  (logic 0.053ns (55.879%)  route 0.042ns (44.121%))
  Logic Levels:           1  (LUT5=1)
  Clock Path Skew:        0.006ns (DCD - SCD - CPR)
    Destination Clock Delay (DCD):    2.204ns
    Source Clock Delay      (SCD):    2.455ns
    Clock Pessimism Removal (CPR):    -0.257ns
  Clock Net Delay (Source):      1.083ns (routing 0.529ns, distribution 0.554ns)
  Clock Net Delay (Destination): 1.221ns (routing 0.591ns, distribution 0.630ns)

    Location             Delay type                Incr(ns)  Path(ns)    Netlist Resource(s)
  -------------------------------------------------------------------    -------------------
                         (clock clk_out1_dma_axis_ip_example_clk_wiz_0_0 rise edge)
                                                      0.000     0.000 r  
    BUFG_PS_X0Y67        BUFG_PS                      0.000     0.000 r  dma_axis_ip_example_i/zynq_ultra_ps_e_0/inst/buffer_pl_clk_0.PL_CLK_0_BUFG/O
                         net (fo=5975, routed)        0.979     0.979    dma_axis_ip_example_i/clk_wiz_0/inst/clk_in1
    MMCM_X0Y2            MMCME4_ADV (Prop_MMCM_CLKIN1_CLKOUT0)
                                                      0.230     1.209 r  dma_axis_ip_example_i/clk_wiz_0/inst/mmcme4_adv_inst/CLKOUT0
                         net (fo=1, routed)           0.146     1.355    dma_axis_ip_example_i/clk_wiz_0/inst/clk_out1_dma_axis_ip_example_clk_wiz_0_0
    BUFGCE_X0Y66         BUFGCE (Prop_BUFCE_BUFGCE_I_O)
                                                      0.017     1.372 r  dma_axis_ip_example_i/clk_wiz_0/inst/clkout1_buf/O
    X0Y1 (CLOCK_ROOT)    net (fo=313, routed)         1.083     2.455    dma_axis_ip_example_i/proc_sys_reset_0/U0/EXT_LPF/slowest_sync_clk
    SLICE_X15Y73         FDRE                                         r  dma_axis_ip_example_i/proc_sys_reset_0/U0/EXT_LPF/AUX_LPF[2].asr_lpf_reg[2]/C
  -------------------------------------------------------------------    -------------------
    SLICE_X15Y73         FDRE (Prop_BFF_SLICEL_C_Q)
                                                      0.039     2.494 r  dma_axis_ip_example_i/proc_sys_reset_0/U0/EXT_LPF/AUX_LPF[2].asr_lpf_reg[2]/Q
                         net (fo=2, routed)           0.026     2.520    dma_axis_ip_example_i/proc_sys_reset_0/U0/EXT_LPF/ACTIVE_LOW_AUX.ACT_LO_AUX/p_1_in
    SLICE_X15Y73         LUT5 (Prop_D6LUT_SLICEL_I1_O)
                                                      0.014     2.534 r  dma_axis_ip_example_i/proc_sys_reset_0/U0/EXT_LPF/ACTIVE_LOW_AUX.ACT_LO_AUX/lpf_asr_i_1/O
                         net (fo=1, routed)           0.016     2.550    dma_axis_ip_example_i/proc_sys_reset_0/U0/EXT_LPF/ACTIVE_LOW_AUX.ACT_LO_AUX_n_0
    SLICE_X15Y73         FDRE                                         r  dma_axis_ip_example_i/proc_sys_reset_0/U0/EXT_LPF/lpf_asr_reg/D
  -------------------------------------------------------------------    -------------------

                         (clock clk_out1_dma_axis_ip_example_clk_wiz_0_0 rise edge)
                                                      0.000     0.000 r  
    BUFG_PS_X0Y67        BUFG_PS                      0.000     0.000 r  dma_axis_ip_example_i/zynq_ultra_ps_e_0/inst/buffer_pl_clk_0.PL_CLK_0_BUFG/O
                         net (fo=5975, routed)        1.093     1.093    dma_axis_ip_example_i/clk_wiz_0/inst/clk_in1
    MMCM_X0Y2            MMCME4_ADV (Prop_MMCM_CLKIN1_CLKOUT0)
                                                     -0.295     0.798 r  dma_axis_ip_example_i/clk_wiz_0/inst/mmcme4_adv_inst/CLKOUT0
                         net (fo=1, routed)           0.166     0.964    dma_axis_ip_example_i/clk_wiz_0/inst/clk_out1_dma_axis_ip_example_clk_wiz_0_0
    BUFGCE_X0Y66         BUFGCE (Prop_BUFCE_BUFGCE_I_O)
                                                      0.019     0.983 r  dma_axis_ip_example_i/clk_wiz_0/inst/clkout1_buf/O
    X0Y1 (CLOCK_ROOT)    net (fo=313, routed)         1.221     2.204    dma_axis_ip_example_i/proc_sys_reset_0/U0/EXT_LPF/slowest_sync_clk
    SLICE_X15Y73         FDRE                                         r  dma_axis_ip_example_i/proc_sys_reset_0/U0/EXT_LPF/lpf_asr_reg/C
                         clock pessimism              0.257     2.461    
    SLICE_X15Y73         FDRE (Hold_DFF_SLICEL_C_D)
                                                      0.046     2.507    dma_axis_ip_example_i/proc_sys_reset_0/U0/EXT_LPF/lpf_asr_reg
  -------------------------------------------------------------------
                         required time                         -2.507    
                         arrival time                           2.550    
  -------------------------------------------------------------------
                         slack                                  0.043    

Slack (MET) :             0.044ns  (arrival time - required time)
  Source:                 dma_axis_ip_example_i/i2s_transmitter_0/inst/I2S_TX_V1_0_SYS_INST/AXIS_FIFO_INST/xpm_fifo_async_inst/gnuram_async_fifo.xpm_fifo_base_inst/rdpp1_inst/count_value_i_reg[3]/C
                            (rising edge-triggered cell FDRE clocked by clk_out1_dma_axis_ip_example_clk_wiz_0_0  {rise@0.000ns fall@44.289ns period=88.577ns})
  Destination:            dma_axis_ip_example_i/i2s_transmitter_0/inst/I2S_TX_V1_0_SYS_INST/AXIS_FIFO_INST/xpm_fifo_async_inst/gnuram_async_fifo.xpm_fifo_base_inst/rdpp1_inst/count_value_i_reg[4]/D
                            (rising edge-triggered cell FDRE clocked by clk_out1_dma_axis_ip_example_clk_wiz_0_0  {rise@0.000ns fall@44.289ns period=88.577ns})
  Path Group:             clk_out1_dma_axis_ip_example_clk_wiz_0_0
  Path Type:              Hold (Min at Fast Process Corner)
  Requirement:            0.000ns  (clk_out1_dma_axis_ip_example_clk_wiz_0_0 rise@0.000ns - clk_out1_dma_axis_ip_example_clk_wiz_0_0 rise@0.000ns)
  Data Path Delay:        0.097ns  (logic 0.060ns (62.058%)  route 0.037ns (37.941%))
  Logic Levels:           1  (LUT5=1)
  Clock Path Skew:        0.006ns (DCD - SCD - CPR)
    Destination Clock Delay (DCD):    2.228ns
    Source Clock Delay      (SCD):    2.476ns
    Clock Pessimism Removal (CPR):    -0.254ns
  Clock Net Delay (Source):      1.104ns (routing 0.529ns, distribution 0.575ns)
  Clock Net Delay (Destination): 1.245ns (routing 0.591ns, distribution 0.654ns)

    Location             Delay type                Incr(ns)  Path(ns)    Netlist Resource(s)
  -------------------------------------------------------------------    -------------------
                         (clock clk_out1_dma_axis_ip_example_clk_wiz_0_0 rise edge)
                                                      0.000     0.000 r  
    BUFG_PS_X0Y67        BUFG_PS                      0.000     0.000 r  dma_axis_ip_example_i/zynq_ultra_ps_e_0/inst/buffer_pl_clk_0.PL_CLK_0_BUFG/O
                         net (fo=5975, routed)        0.979     0.979    dma_axis_ip_example_i/clk_wiz_0/inst/clk_in1
    MMCM_X0Y2            MMCME4_ADV (Prop_MMCM_CLKIN1_CLKOUT0)
                                                      0.230     1.209 r  dma_axis_ip_example_i/clk_wiz_0/inst/mmcme4_adv_inst/CLKOUT0
                         net (fo=1, routed)           0.146     1.355    dma_axis_ip_example_i/clk_wiz_0/inst/clk_out1_dma_axis_ip_example_clk_wiz_0_0
    BUFGCE_X0Y66         BUFGCE (Prop_BUFCE_BUFGCE_I_O)
                                                      0.017     1.372 r  dma_axis_ip_example_i/clk_wiz_0/inst/clkout1_buf/O
    X0Y1 (CLOCK_ROOT)    net (fo=313, routed)         1.104     2.476    dma_axis_ip_example_i/i2s_transmitter_0/inst/I2S_TX_V1_0_SYS_INST/AXIS_FIFO_INST/xpm_fifo_async_inst/gnuram_async_fifo.xpm_fifo_base_inst/rdpp1_inst/rd_clk
    SLICE_X9Y68          FDRE                                         r  dma_axis_ip_example_i/i2s_transmitter_0/inst/I2S_TX_V1_0_SYS_INST/AXIS_FIFO_INST/xpm_fifo_async_inst/gnuram_async_fifo.xpm_fifo_base_inst/rdpp1_inst/count_value_i_reg[3]/C
  -------------------------------------------------------------------    -------------------
    SLICE_X9Y68          FDRE (Prop_BFF_SLICEM_C_Q)
                                                      0.038     2.514 r  dma_axis_ip_example_i/i2s_transmitter_0/inst/I2S_TX_V1_0_SYS_INST/AXIS_FIFO_INST/xpm_fifo_async_inst/gnuram_async_fifo.xpm_fifo_base_inst/rdpp1_inst/count_value_i_reg[3]/Q
                         net (fo=5, routed)           0.029     2.543    dma_axis_ip_example_i/i2s_transmitter_0/inst/I2S_TX_V1_0_SYS_INST/AXIS_FIFO_INST/xpm_fifo_async_inst/gnuram_async_fifo.xpm_fifo_base_inst/rdpp1_inst/Q[0]
    SLICE_X9Y68          LUT5 (Prop_B5LUT_SLICEM_I3_O)
                                                      0.022     2.565 r  dma_axis_ip_example_i/i2s_transmitter_0/inst/I2S_TX_V1_0_SYS_INST/AXIS_FIFO_INST/xpm_fifo_async_inst/gnuram_async_fifo.xpm_fifo_base_inst/rdpp1_inst/count_value_i[4]_i_1__3/O
                         net (fo=1, routed)           0.008     2.573    dma_axis_ip_example_i/i2s_transmitter_0/inst/I2S_TX_V1_0_SYS_INST/AXIS_FIFO_INST/xpm_fifo_async_inst/gnuram_async_fifo.xpm_fifo_base_inst/rdpp1_inst/count_value_i[4]_i_1__3_n_0
    SLICE_X9Y68          FDRE                                         r  dma_axis_ip_example_i/i2s_transmitter_0/inst/I2S_TX_V1_0_SYS_INST/AXIS_FIFO_INST/xpm_fifo_async_inst/gnuram_async_fifo.xpm_fifo_base_inst/rdpp1_inst/count_value_i_reg[4]/D
  -------------------------------------------------------------------    -------------------

                         (clock clk_out1_dma_axis_ip_example_clk_wiz_0_0 rise edge)
                                                      0.000     0.000 r  
    BUFG_PS_X0Y67        BUFG_PS                      0.000     0.000 r  dma_axis_ip_example_i/zynq_ultra_ps_e_0/inst/buffer_pl_clk_0.PL_CLK_0_BUFG/O
                         net (fo=5975, routed)        1.093     1.093    dma_axis_ip_example_i/clk_wiz_0/inst/clk_in1
    MMCM_X0Y2            MMCME4_ADV (Prop_MMCM_CLKIN1_CLKOUT0)
                                                     -0.295     0.798 r  dma_axis_ip_example_i/clk_wiz_0/inst/mmcme4_adv_inst/CLKOUT0
                         net (fo=1, routed)           0.166     0.964    dma_axis_ip_example_i/clk_wiz_0/inst/clk_out1_dma_axis_ip_example_clk_wiz_0_0
    BUFGCE_X0Y66         BUFGCE (Prop_BUFCE_BUFGCE_I_O)
                                                      0.019     0.983 r  dma_axis_ip_example_i/clk_wiz_0/inst/clkout1_buf/O
    X0Y1 (CLOCK_ROOT)    net (fo=313, routed)         1.245     2.228    dma_axis_ip_example_i/i2s_transmitter_0/inst/I2S_TX_V1_0_SYS_INST/AXIS_FIFO_INST/xpm_fifo_async_inst/gnuram_async_fifo.xpm_fifo_base_inst/rdpp1_inst/rd_clk
    SLICE_X9Y68          FDRE                                         r  dma_axis_ip_example_i/i2s_transmitter_0/inst/I2S_TX_V1_0_SYS_INST/AXIS_FIFO_INST/xpm_fifo_async_inst/gnuram_async_fifo.xpm_fifo_base_inst/rdpp1_inst/count_value_i_reg[4]/C
                         clock pessimism              0.254     2.482    
    SLICE_X9Y68          FDRE (Hold_BFF2_SLICEM_C_D)
                                                      0.047     2.529    dma_axis_ip_example_i/i2s_transmitter_0/inst/I2S_TX_V1_0_SYS_INST/AXIS_FIFO_INST/xpm_fifo_async_inst/gnuram_async_fifo.xpm_fifo_base_inst/rdpp1_inst/count_value_i_reg[4]
  -------------------------------------------------------------------
                         required time                         -2.529    
                         arrival time                           2.573    
  -------------------------------------------------------------------
                         slack                                  0.044    

Slack (MET) :             0.044ns  (arrival time - required time)
  Source:                 dma_axis_ip_example_i/i2s_transmitter_0/inst/I2S_TX_V1_0_SYS_INST/AXIS_FIFO_INST/xpm_fifo_async_inst/gnuram_async_fifo.xpm_fifo_base_inst/rdpp1_inst/count_value_i_reg[5]/C
                            (rising edge-triggered cell FDRE clocked by clk_out1_dma_axis_ip_example_clk_wiz_0_0  {rise@0.000ns fall@44.289ns period=88.577ns})
  Destination:            dma_axis_ip_example_i/i2s_transmitter_0/inst/I2S_TX_V1_0_SYS_INST/AXIS_FIFO_INST/xpm_fifo_async_inst/gnuram_async_fifo.xpm_fifo_base_inst/rdpp1_inst/count_value_i_reg[6]/D
                            (rising edge-triggered cell FDRE clocked by clk_out1_dma_axis_ip_example_clk_wiz_0_0  {rise@0.000ns fall@44.289ns period=88.577ns})
  Path Group:             clk_out1_dma_axis_ip_example_clk_wiz_0_0
  Path Type:              Hold (Min at Fast Process Corner)
  Requirement:            0.000ns  (clk_out1_dma_axis_ip_example_clk_wiz_0_0 rise@0.000ns - clk_out1_dma_axis_ip_example_clk_wiz_0_0 rise@0.000ns)
  Data Path Delay:        0.096ns  (logic 0.053ns (55.384%)  route 0.043ns (44.616%))
  Logic Levels:           1  (LUT6=1)
  Clock Path Skew:        0.006ns (DCD - SCD - CPR)
    Destination Clock Delay (DCD):    2.233ns
    Source Clock Delay      (SCD):    2.481ns
    Clock Pessimism Removal (CPR):    -0.254ns
  Clock Net Delay (Source):      1.109ns (routing 0.529ns, distribution 0.580ns)
  Clock Net Delay (Destination): 1.250ns (routing 0.591ns, distribution 0.659ns)

    Location             Delay type                Incr(ns)  Path(ns)    Netlist Resource(s)
  -------------------------------------------------------------------    -------------------
                         (clock clk_out1_dma_axis_ip_example_clk_wiz_0_0 rise edge)
                                                      0.000     0.000 r  
    BUFG_PS_X0Y67        BUFG_PS                      0.000     0.000 r  dma_axis_ip_example_i/zynq_ultra_ps_e_0/inst/buffer_pl_clk_0.PL_CLK_0_BUFG/O
                         net (fo=5975, routed)        0.979     0.979    dma_axis_ip_example_i/clk_wiz_0/inst/clk_in1
    MMCM_X0Y2            MMCME4_ADV (Prop_MMCM_CLKIN1_CLKOUT0)
                                                      0.230     1.209 r  dma_axis_ip_example_i/clk_wiz_0/inst/mmcme4_adv_inst/CLKOUT0
                         net (fo=1, routed)           0.146     1.355    dma_axis_ip_example_i/clk_wiz_0/inst/clk_out1_dma_axis_ip_example_clk_wiz_0_0
    BUFGCE_X0Y66         BUFGCE (Prop_BUFCE_BUFGCE_I_O)
                                                      0.017     1.372 r  dma_axis_ip_example_i/clk_wiz_0/inst/clkout1_buf/O
    X0Y1 (CLOCK_ROOT)    net (fo=313, routed)         1.109     2.481    dma_axis_ip_example_i/i2s_transmitter_0/inst/I2S_TX_V1_0_SYS_INST/AXIS_FIFO_INST/xpm_fifo_async_inst/gnuram_async_fifo.xpm_fifo_base_inst/rdpp1_inst/rd_clk
    SLICE_X8Y68          FDRE                                         r  dma_axis_ip_example_i/i2s_transmitter_0/inst/I2S_TX_V1_0_SYS_INST/AXIS_FIFO_INST/xpm_fifo_async_inst/gnuram_async_fifo.xpm_fifo_base_inst/rdpp1_inst/count_value_i_reg[5]/C
  -------------------------------------------------------------------    -------------------
    SLICE_X8Y68          FDRE (Prop_HFF_SLICEL_C_Q)
                                                      0.039     2.520 r  dma_axis_ip_example_i/i2s_transmitter_0/inst/I2S_TX_V1_0_SYS_INST/AXIS_FIFO_INST/xpm_fifo_async_inst/gnuram_async_fifo.xpm_fifo_base_inst/rdpp1_inst/count_value_i_reg[5]/Q
                         net (fo=3, routed)           0.027     2.547    dma_axis_ip_example_i/i2s_transmitter_0/inst/I2S_TX_V1_0_SYS_INST/AXIS_FIFO_INST/xpm_fifo_async_inst/gnuram_async_fifo.xpm_fifo_base_inst/rdpp1_inst/Q[2]
    SLICE_X8Y68          LUT6 (Prop_G6LUT_SLICEL_I0_O)
                                                      0.014     2.561 r  dma_axis_ip_example_i/i2s_transmitter_0/inst/I2S_TX_V1_0_SYS_INST/AXIS_FIFO_INST/xpm_fifo_async_inst/gnuram_async_fifo.xpm_fifo_base_inst/rdpp1_inst/count_value_i[6]_i_1__3/O
                         net (fo=1, routed)           0.016     2.577    dma_axis_ip_example_i/i2s_transmitter_0/inst/I2S_TX_V1_0_SYS_INST/AXIS_FIFO_INST/xpm_fifo_async_inst/gnuram_async_fifo.xpm_fifo_base_inst/rdpp1_inst/count_value_i[6]_i_1__3_n_0
    SLICE_X8Y68          FDRE                                         r  dma_axis_ip_example_i/i2s_transmitter_0/inst/I2S_TX_V1_0_SYS_INST/AXIS_FIFO_INST/xpm_fifo_async_inst/gnuram_async_fifo.xpm_fifo_base_inst/rdpp1_inst/count_value_i_reg[6]/D
  -------------------------------------------------------------------    -------------------

                         (clock clk_out1_dma_axis_ip_example_clk_wiz_0_0 rise edge)
                                                      0.000     0.000 r  
    BUFG_PS_X0Y67        BUFG_PS                      0.000     0.000 r  dma_axis_ip_example_i/zynq_ultra_ps_e_0/inst/buffer_pl_clk_0.PL_CLK_0_BUFG/O
                         net (fo=5975, routed)        1.093     1.093    dma_axis_ip_example_i/clk_wiz_0/inst/clk_in1
    MMCM_X0Y2            MMCME4_ADV (Prop_MMCM_CLKIN1_CLKOUT0)
                                                     -0.295     0.798 r  dma_axis_ip_example_i/clk_wiz_0/inst/mmcme4_adv_inst/CLKOUT0
                         net (fo=1, routed)           0.166     0.964    dma_axis_ip_example_i/clk_wiz_0/inst/clk_out1_dma_axis_ip_example_clk_wiz_0_0
    BUFGCE_X0Y66         BUFGCE (Prop_BUFCE_BUFGCE_I_O)
                                                      0.019     0.983 r  dma_axis_ip_example_i/clk_wiz_0/inst/clkout1_buf/O
    X0Y1 (CLOCK_ROOT)    net (fo=313, routed)         1.250     2.233    dma_axis_ip_example_i/i2s_transmitter_0/inst/I2S_TX_V1_0_SYS_INST/AXIS_FIFO_INST/xpm_fifo_async_inst/gnuram_async_fifo.xpm_fifo_base_inst/rdpp1_inst/rd_clk
    SLICE_X8Y68          FDRE                                         r  dma_axis_ip_example_i/i2s_transmitter_0/inst/I2S_TX_V1_0_SYS_INST/AXIS_FIFO_INST/xpm_fifo_async_inst/gnuram_async_fifo.xpm_fifo_base_inst/rdpp1_inst/count_value_i_reg[6]/C
                         clock pessimism              0.254     2.487    
    SLICE_X8Y68          FDRE (Hold_GFF_SLICEL_C_D)
                                                      0.046     2.533    dma_axis_ip_example_i/i2s_transmitter_0/inst/I2S_TX_V1_0_SYS_INST/AXIS_FIFO_INST/xpm_fifo_async_inst/gnuram_async_fifo.xpm_fifo_base_inst/rdpp1_inst/count_value_i_reg[6]
  -------------------------------------------------------------------
                         required time                         -2.533    
                         arrival time                           2.577    
  -------------------------------------------------------------------
                         slack                                  0.044    

Slack (MET) :             0.044ns  (arrival time - required time)
  Source:                 dma_axis_ip_example_i/i2s_transmitter_0/inst/I2S_TX_V1_0_SYS_INST/AXIS_FIFO_INST/xpm_fifo_async_inst/gnuram_async_fifo.xpm_fifo_base_inst/FSM_sequential_gen_fwft.curr_fwft_state_reg[0]/C
                            (rising edge-triggered cell FDRE clocked by clk_out1_dma_axis_ip_example_clk_wiz_0_0  {rise@0.000ns fall@44.289ns period=88.577ns})
  Destination:            dma_axis_ip_example_i/i2s_transmitter_0/inst/I2S_TX_V1_0_SYS_INST/AXIS_FIFO_INST/xpm_fifo_async_inst/gnuram_async_fifo.xpm_fifo_base_inst/gen_fwft.empty_fwft_i_reg/D
                            (rising edge-triggered cell FDSE clocked by clk_out1_dma_axis_ip_example_clk_wiz_0_0  {rise@0.000ns fall@44.289ns period=88.577ns})
  Path Group:             clk_out1_dma_axis_ip_example_clk_wiz_0_0
  Path Type:              Hold (Min at Fast Process Corner)
  Requirement:            0.000ns  (clk_out1_dma_axis_ip_example_clk_wiz_0_0 rise@0.000ns - clk_out1_dma_axis_ip_example_clk_wiz_0_0 rise@0.000ns)
  Data Path Delay:        0.097ns  (logic 0.060ns (61.615%)  route 0.037ns (38.385%))
  Logic Levels:           1  (LUT4=1)
  Clock Path Skew:        0.006ns (DCD - SCD - CPR)
    Destination Clock Delay (DCD):    2.226ns
    Source Clock Delay      (SCD):    2.476ns
    Clock Pessimism Removal (CPR):    -0.255ns
  Clock Net Delay (Source):      1.104ns (routing 0.529ns, distribution 0.575ns)
  Clock Net Delay (Destination): 1.243ns (routing 0.591ns, distribution 0.652ns)

    Location             Delay type                Incr(ns)  Path(ns)    Netlist Resource(s)
  -------------------------------------------------------------------    -------------------
                         (clock clk_out1_dma_axis_ip_example_clk_wiz_0_0 rise edge)
                                                      0.000     0.000 r  
    BUFG_PS_X0Y67        BUFG_PS                      0.000     0.000 r  dma_axis_ip_example_i/zynq_ultra_ps_e_0/inst/buffer_pl_clk_0.PL_CLK_0_BUFG/O
                         net (fo=5975, routed)        0.979     0.979    dma_axis_ip_example_i/clk_wiz_0/inst/clk_in1
    MMCM_X0Y2            MMCME4_ADV (Prop_MMCM_CLKIN1_CLKOUT0)
                                                      0.230     1.209 r  dma_axis_ip_example_i/clk_wiz_0/inst/mmcme4_adv_inst/CLKOUT0
                         net (fo=1, routed)           0.146     1.355    dma_axis_ip_example_i/clk_wiz_0/inst/clk_out1_dma_axis_ip_example_clk_wiz_0_0
    BUFGCE_X0Y66         BUFGCE (Prop_BUFCE_BUFGCE_I_O)
                                                      0.017     1.372 r  dma_axis_ip_example_i/clk_wiz_0/inst/clkout1_buf/O
    X0Y1 (CLOCK_ROOT)    net (fo=313, routed)         1.104     2.476    dma_axis_ip_example_i/i2s_transmitter_0/inst/I2S_TX_V1_0_SYS_INST/AXIS_FIFO_INST/xpm_fifo_async_inst/gnuram_async_fifo.xpm_fifo_base_inst/rd_clk
    SLICE_X6Y66          FDRE                                         r  dma_axis_ip_example_i/i2s_transmitter_0/inst/I2S_TX_V1_0_SYS_INST/AXIS_FIFO_INST/xpm_fifo_async_inst/gnuram_async_fifo.xpm_fifo_base_inst/FSM_sequential_gen_fwft.curr_fwft_state_reg[0]/C
  -------------------------------------------------------------------    -------------------
    SLICE_X6Y66          FDRE (Prop_DFF_SLICEL_C_Q)
                                                      0.039     2.515 r  dma_axis_ip_example_i/i2s_transmitter_0/inst/I2S_TX_V1_0_SYS_INST/AXIS_FIFO_INST/xpm_fifo_async_inst/gnuram_async_fifo.xpm_fifo_base_inst/FSM_sequential_gen_fwft.curr_fwft_state_reg[0]/Q
                         net (fo=17, routed)          0.030     2.545    dma_axis_ip_example_i/i2s_transmitter_0/inst/I2S_TX_V1_0_SYS_INST/AXIS_FIFO_INST/xpm_fifo_async_inst/gnuram_async_fifo.xpm_fifo_base_inst/curr_fwft_state[0]
    SLICE_X6Y66          LUT4 (Prop_B5LUT_SLICEL_I3_O)
                                                      0.021     2.566 r  dma_axis_ip_example_i/i2s_transmitter_0/inst/I2S_TX_V1_0_SYS_INST/AXIS_FIFO_INST/xpm_fifo_async_inst/gnuram_async_fifo.xpm_fifo_base_inst/gen_fwft.empty_fwft_i_i_1/O
                         net (fo=1, routed)           0.007     2.573    dma_axis_ip_example_i/i2s_transmitter_0/inst/I2S_TX_V1_0_SYS_INST/AXIS_FIFO_INST/xpm_fifo_async_inst/gnuram_async_fifo.xpm_fifo_base_inst/data_valid_fwft1
    SLICE_X6Y66          FDSE                                         r  dma_axis_ip_example_i/i2s_transmitter_0/inst/I2S_TX_V1_0_SYS_INST/AXIS_FIFO_INST/xpm_fifo_async_inst/gnuram_async_fifo.xpm_fifo_base_inst/gen_fwft.empty_fwft_i_reg/D
  -------------------------------------------------------------------    -------------------

                         (clock clk_out1_dma_axis_ip_example_clk_wiz_0_0 rise edge)
                                                      0.000     0.000 r  
    BUFG_PS_X0Y67        BUFG_PS                      0.000     0.000 r  dma_axis_ip_example_i/zynq_ultra_ps_e_0/inst/buffer_pl_clk_0.PL_CLK_0_BUFG/O
                         net (fo=5975, routed)        1.093     1.093    dma_axis_ip_example_i/clk_wiz_0/inst/clk_in1
    MMCM_X0Y2            MMCME4_ADV (Prop_MMCM_CLKIN1_CLKOUT0)
                                                     -0.295     0.798 r  dma_axis_ip_example_i/clk_wiz_0/inst/mmcme4_adv_inst/CLKOUT0
                         net (fo=1, routed)           0.166     0.964    dma_axis_ip_example_i/clk_wiz_0/inst/clk_out1_dma_axis_ip_example_clk_wiz_0_0
    BUFGCE_X0Y66         BUFGCE (Prop_BUFCE_BUFGCE_I_O)
                                                      0.019     0.983 r  dma_axis_ip_example_i/clk_wiz_0/inst/clkout1_buf/O
    X0Y1 (CLOCK_ROOT)    net (fo=313, routed)         1.243     2.226    dma_axis_ip_example_i/i2s_transmitter_0/inst/I2S_TX_V1_0_SYS_INST/AXIS_FIFO_INST/xpm_fifo_async_inst/gnuram_async_fifo.xpm_fifo_base_inst/rd_clk
    SLICE_X6Y66          FDSE                                         r  dma_axis_ip_example_i/i2s_transmitter_0/inst/I2S_TX_V1_0_SYS_INST/AXIS_FIFO_INST/xpm_fifo_async_inst/gnuram_async_fifo.xpm_fifo_base_inst/gen_fwft.empty_fwft_i_reg/C
                         clock pessimism              0.255     2.482    
    SLICE_X6Y66          FDSE (Hold_BFF2_SLICEL_C_D)
                                                      0.047     2.529    dma_axis_ip_example_i/i2s_transmitter_0/inst/I2S_TX_V1_0_SYS_INST/AXIS_FIFO_INST/xpm_fifo_async_inst/gnuram_async_fifo.xpm_fifo_base_inst/gen_fwft.empty_fwft_i_reg
  -------------------------------------------------------------------
                         required time                         -2.529    
                         arrival time                           2.573    
  -------------------------------------------------------------------
                         slack                                  0.044    





Pulse Width Checks
--------------------------------------------------------------------------------------
Clock Name:         clk_out1_dma_axis_ip_example_clk_wiz_0_0
Waveform(ns):       { 0.000 44.289 }
Period(ns):         88.577
Sources:            { dma_axis_ip_example_i/clk_wiz_0/inst/mmcme4_adv_inst/CLKOUT0 }

Check Type        Corner  Lib Pin             Reference Pin  Required(ns)  Actual(ns)  Slack(ns)  Location      Pin
Min Period        n/a     RAMB18E2/CLKARDCLK  n/a            1.355         88.577      87.222     RAMB18_X0Y25  dma_axis_ip_example_i/i2s_transmitter_0/inst/I2S_TX_V1_0_SYS_INST/AXIS_FIFO_INST/xpm_fifo_async_inst/gnuram_async_fifo.xpm_fifo_base_inst/gen_sdpram.xpm_memory_base_inst/gen_wr_a.gen_word_narrow.mem_reg/CLKARDCLK
Min Period        n/a     BUFGCE/I            n/a            1.290         88.577      87.287     BUFGCE_X0Y66  dma_axis_ip_example_i/clk_wiz_0/inst/clkout1_buf/I
Min Period        n/a     MMCME4_ADV/CLKOUT0  n/a            1.071         88.577      87.506     MMCM_X0Y2     dma_axis_ip_example_i/clk_wiz_0/inst/mmcme4_adv_inst/CLKOUT0
Min Period        n/a     SRL16E/CLK          n/a            1.064         88.577      87.513     SLICE_X16Y73  dma_axis_ip_example_i/proc_sys_reset_0/U0/EXT_LPF/POR_SRL_I/CLK
Min Period        n/a     FDRE/C              n/a            0.550         88.577      88.027     SLICE_X7Y64   dma_axis_ip_example_i/i2s_transmitter_0/inst/I2S_TX_V1_0_SYS_INST/FSM_sequential_stmAudChCtrl_reg[0]/C
Min Period        n/a     FDRE/C              n/a            0.550         88.577      88.027     SLICE_X7Y64   dma_axis_ip_example_i/i2s_transmitter_0/inst/I2S_TX_V1_0_SYS_INST/FSM_sequential_stmAudChCtrl_reg[1]/C
Min Period        n/a     FDRE/C              n/a            0.550         88.577      88.027     SLICE_X5Y64   dma_axis_ip_example_i/i2s_transmitter_0/inst/I2S_TX_V1_0_SYS_INST/genblk2[0].mclk_rAudData_reg[0][0]/C
Min Period        n/a     FDRE/C              n/a            0.550         88.577      88.027     SLICE_X5Y61   dma_axis_ip_example_i/i2s_transmitter_0/inst/I2S_TX_V1_0_SYS_INST/genblk2[0].mclk_rAudData_reg[0][10]/C
Min Period        n/a     FDRE/C              n/a            0.550         88.577      88.027     SLICE_X1Y62   dma_axis_ip_example_i/i2s_transmitter_0/inst/I2S_TX_V1_0_SYS_INST/genblk2[0].mclk_rAudData_reg[0][11]/C
Min Period        n/a     FDRE/C              n/a            0.550         88.577      88.027     SLICE_X0Y62   dma_axis_ip_example_i/i2s_transmitter_0/inst/I2S_TX_V1_0_SYS_INST/genblk2[0].mclk_rAudData_reg[0][12]/C
Low Pulse Width   Slow    RAMB18E2/CLKARDCLK  n/a            0.542         44.289      43.747     RAMB18_X0Y25  dma_axis_ip_example_i/i2s_transmitter_0/inst/I2S_TX_V1_0_SYS_INST/AXIS_FIFO_INST/xpm_fifo_async_inst/gnuram_async_fifo.xpm_fifo_base_inst/gen_sdpram.xpm_memory_base_inst/gen_wr_a.gen_word_narrow.mem_reg/CLKARDCLK
Low Pulse Width   Fast    RAMB18E2/CLKARDCLK  n/a            0.542         44.289      43.747     RAMB18_X0Y25  dma_axis_ip_example_i/i2s_transmitter_0/inst/I2S_TX_V1_0_SYS_INST/AXIS_FIFO_INST/xpm_fifo_async_inst/gnuram_async_fifo.xpm_fifo_base_inst/gen_sdpram.xpm_memory_base_inst/gen_wr_a.gen_word_narrow.mem_reg/CLKARDCLK
Low Pulse Width   Slow    SRL16E/CLK          n/a            0.532         44.289      43.757     SLICE_X16Y73  dma_axis_ip_example_i/proc_sys_reset_0/U0/EXT_LPF/POR_SRL_I/CLK
Low Pulse Width   Fast    SRL16E/CLK          n/a            0.532         44.289      43.757     SLICE_X16Y73  dma_axis_ip_example_i/proc_sys_reset_0/U0/EXT_LPF/POR_SRL_I/CLK
Low Pulse Width   Slow    FDRE/C              n/a            0.275         44.289      44.014     SLICE_X7Y64   dma_axis_ip_example_i/i2s_transmitter_0/inst/I2S_TX_V1_0_SYS_INST/FSM_sequential_stmAudChCtrl_reg[0]/C
Low Pulse Width   Fast    FDRE/C              n/a            0.275         44.289      44.014     SLICE_X7Y64   dma_axis_ip_example_i/i2s_transmitter_0/inst/I2S_TX_V1_0_SYS_INST/FSM_sequential_stmAudChCtrl_reg[0]/C
Low Pulse Width   Slow    FDRE/C              n/a            0.275         44.289      44.014     SLICE_X7Y64   dma_axis_ip_example_i/i2s_transmitter_0/inst/I2S_TX_V1_0_SYS_INST/FSM_sequential_stmAudChCtrl_reg[1]/C
Low Pulse Width   Fast    FDRE/C              n/a            0.275         44.289      44.014     SLICE_X7Y64   dma_axis_ip_example_i/i2s_transmitter_0/inst/I2S_TX_V1_0_SYS_INST/FSM_sequential_stmAudChCtrl_reg[1]/C
Low Pulse Width   Slow    FDRE/C              n/a            0.275         44.289      44.014     SLICE_X5Y64   dma_axis_ip_example_i/i2s_transmitter_0/inst/I2S_TX_V1_0_SYS_INST/genblk2[0].mclk_rAudData_reg[0][0]/C
Low Pulse Width   Fast    FDRE/C              n/a            0.275         44.289      44.014     SLICE_X5Y64   dma_axis_ip_example_i/i2s_transmitter_0/inst/I2S_TX_V1_0_SYS_INST/genblk2[0].mclk_rAudData_reg[0][0]/C
High Pulse Width  Slow    RAMB18E2/CLKARDCLK  n/a            0.542         44.289      43.747     RAMB18_X0Y25  dma_axis_ip_example_i/i2s_transmitter_0/inst/I2S_TX_V1_0_SYS_INST/AXIS_FIFO_INST/xpm_fifo_async_inst/gnuram_async_fifo.xpm_fifo_base_inst/gen_sdpram.xpm_memory_base_inst/gen_wr_a.gen_word_narrow.mem_reg/CLKARDCLK
High Pulse Width  Fast    RAMB18E2/CLKARDCLK  n/a            0.542         44.289      43.747     RAMB18_X0Y25  dma_axis_ip_example_i/i2s_transmitter_0/inst/I2S_TX_V1_0_SYS_INST/AXIS_FIFO_INST/xpm_fifo_async_inst/gnuram_async_fifo.xpm_fifo_base_inst/gen_sdpram.xpm_memory_base_inst/gen_wr_a.gen_word_narrow.mem_reg/CLKARDCLK
High Pulse Width  Slow    SRL16E/CLK          n/a            0.532         44.289      43.757     SLICE_X16Y73  dma_axis_ip_example_i/proc_sys_reset_0/U0/EXT_LPF/POR_SRL_I/CLK
High Pulse Width  Fast    SRL16E/CLK          n/a            0.532         44.289      43.757     SLICE_X16Y73  dma_axis_ip_example_i/proc_sys_reset_0/U0/EXT_LPF/POR_SRL_I/CLK
High Pulse Width  Slow    FDRE/C              n/a            0.275         44.289      44.014     SLICE_X7Y64   dma_axis_ip_example_i/i2s_transmitter_0/inst/I2S_TX_V1_0_SYS_INST/FSM_sequential_stmAudChCtrl_reg[0]/C
High Pulse Width  Fast    FDRE/C              n/a            0.275         44.289      44.014     SLICE_X7Y64   dma_axis_ip_example_i/i2s_transmitter_0/inst/I2S_TX_V1_0_SYS_INST/FSM_sequential_stmAudChCtrl_reg[0]/C
High Pulse Width  Slow    FDRE/C              n/a            0.275         44.289      44.014     SLICE_X7Y64   dma_axis_ip_example_i/i2s_transmitter_0/inst/I2S_TX_V1_0_SYS_INST/FSM_sequential_stmAudChCtrl_reg[1]/C
High Pulse Width  Fast    FDRE/C              n/a            0.275         44.289      44.014     SLICE_X7Y64   dma_axis_ip_example_i/i2s_transmitter_0/inst/I2S_TX_V1_0_SYS_INST/FSM_sequential_stmAudChCtrl_reg[1]/C
High Pulse Width  Slow    FDRE/C              n/a            0.275         44.289      44.014     SLICE_X5Y64   dma_axis_ip_example_i/i2s_transmitter_0/inst/I2S_TX_V1_0_SYS_INST/genblk2[0].mclk_rAudData_reg[0][0]/C
High Pulse Width  Fast    FDRE/C              n/a            0.275         44.289      44.014     SLICE_X5Y64   dma_axis_ip_example_i/i2s_transmitter_0/inst/I2S_TX_V1_0_SYS_INST/genblk2[0].mclk_rAudData_reg[0][0]/C



---------------------------------------------------------------------------------------------------
From Clock:  clk_out1_dma_axis_ip_example_clk_wiz_0_0
  To Clock:  clk_pl_0

Setup :            0  Failing Endpoints,  Worst Slack       88.189ns,  Total Violation        0.000ns
Hold  :           NA  Failing Endpoints,  Worst Slack           NA  ,  Total Violation           NA
---------------------------------------------------------------------------------------------------


Max Delay Paths
--------------------------------------------------------------------------------------
Slack (MET) :             88.189ns  (required time - arrival time)
  Source:                 dma_axis_ip_example_i/i2s_transmitter_0/inst/I2S_TX_V1_0_SYS_INST/AXIS_FIFO_INST/xpm_fifo_async_inst/gnuram_async_fifo.xpm_fifo_base_inst/gen_cdc_pntr.rd_pntr_cdc_inst/src_gray_ff_reg[5]/C
                            (rising edge-triggered cell FDRE clocked by clk_out1_dma_axis_ip_example_clk_wiz_0_0  {rise@0.000ns fall@44.289ns period=88.577ns})
  Destination:            dma_axis_ip_example_i/i2s_transmitter_0/inst/I2S_TX_V1_0_SYS_INST/AXIS_FIFO_INST/xpm_fifo_async_inst/gnuram_async_fifo.xpm_fifo_base_inst/gen_cdc_pntr.rd_pntr_cdc_inst/dest_graysync_ff_reg[0][5]/D
                            (rising edge-triggered cell FDRE clocked by clk_pl_0  {rise@0.000ns fall@5.000ns period=10.000ns})
  Path Group:             clk_pl_0
  Path Type:              Setup (Max at Slow Process Corner)
  Requirement:            88.577ns  (MaxDelay Path 88.577ns)
  Data Path Delay:        0.413ns  (logic 0.079ns (19.128%)  route 0.334ns (80.872%))
  Logic Levels:           0  
  Timing Exception:       MaxDelay Path 88.577ns -datapath_only

    Location             Delay type                Incr(ns)  Path(ns)    Netlist Resource(s)
  -------------------------------------------------------------------    -------------------
    SLICE_X5Y68                                       0.000     0.000 r  dma_axis_ip_example_i/i2s_transmitter_0/inst/I2S_TX_V1_0_SYS_INST/AXIS_FIFO_INST/xpm_fifo_async_inst/gnuram_async_fifo.xpm_fifo_base_inst/gen_cdc_pntr.rd_pntr_cdc_inst/src_gray_ff_reg[5]/C
    SLICE_X5Y68          FDRE (Prop_GFF2_SLICEM_C_Q)
                                                      0.079     0.079 r  dma_axis_ip_example_i/i2s_transmitter_0/inst/I2S_TX_V1_0_SYS_INST/AXIS_FIFO_INST/xpm_fifo_async_inst/gnuram_async_fifo.xpm_fifo_base_inst/gen_cdc_pntr.rd_pntr_cdc_inst/src_gray_ff_reg[5]/Q
                         net (fo=1, routed)           0.334     0.413    dma_axis_ip_example_i/i2s_transmitter_0/inst/I2S_TX_V1_0_SYS_INST/AXIS_FIFO_INST/xpm_fifo_async_inst/gnuram_async_fifo.xpm_fifo_base_inst/gen_cdc_pntr.rd_pntr_cdc_inst/async_path[5]
    SLICE_X5Y68          FDRE                                         r  dma_axis_ip_example_i/i2s_transmitter_0/inst/I2S_TX_V1_0_SYS_INST/AXIS_FIFO_INST/xpm_fifo_async_inst/gnuram_async_fifo.xpm_fifo_base_inst/gen_cdc_pntr.rd_pntr_cdc_inst/dest_graysync_ff_reg[0][5]/D
  -------------------------------------------------------------------    -------------------

                         max delay                   88.577    88.577    
    SLICE_X5Y68          FDRE (Setup_CFF2_SLICEM_C_D)
                                                      0.025    88.602    dma_axis_ip_example_i/i2s_transmitter_0/inst/I2S_TX_V1_0_SYS_INST/AXIS_FIFO_INST/xpm_fifo_async_inst/gnuram_async_fifo.xpm_fifo_base_inst/gen_cdc_pntr.rd_pntr_cdc_inst/dest_graysync_ff_reg[0][5]
  -------------------------------------------------------------------
                         required time                         88.602    
                         arrival time                          -0.413    
  -------------------------------------------------------------------
                         slack                                 88.189    

Slack (MET) :             88.267ns  (required time - arrival time)
  Source:                 dma_axis_ip_example_i/i2s_transmitter_0/inst/I2S_TX_V1_0_SYS_INST/AXIS_FIFO_INST/xpm_fifo_async_inst/gnuram_async_fifo.xpm_fifo_base_inst/gen_cdc_pntr.rd_pntr_cdc_inst/src_gray_ff_reg[0]/C
                            (rising edge-triggered cell FDRE clocked by clk_out1_dma_axis_ip_example_clk_wiz_0_0  {rise@0.000ns fall@44.289ns period=88.577ns})
  Destination:            dma_axis_ip_example_i/i2s_transmitter_0/inst/I2S_TX_V1_0_SYS_INST/AXIS_FIFO_INST/xpm_fifo_async_inst/gnuram_async_fifo.xpm_fifo_base_inst/gen_cdc_pntr.rd_pntr_cdc_inst/dest_graysync_ff_reg[0][0]/D
                            (rising edge-triggered cell FDRE clocked by clk_pl_0  {rise@0.000ns fall@5.000ns period=10.000ns})
  Path Group:             clk_pl_0
  Path Type:              Setup (Max at Slow Process Corner)
  Requirement:            88.577ns  (MaxDelay Path 88.577ns)
  Data Path Delay:        0.335ns  (logic 0.079ns (23.582%)  route 0.256ns (76.418%))
  Logic Levels:           0  
  Timing Exception:       MaxDelay Path 88.577ns -datapath_only

    Location             Delay type                Incr(ns)  Path(ns)    Netlist Resource(s)
  -------------------------------------------------------------------    -------------------
    SLICE_X6Y69                                       0.000     0.000 r  dma_axis_ip_example_i/i2s_transmitter_0/inst/I2S_TX_V1_0_SYS_INST/AXIS_FIFO_INST/xpm_fifo_async_inst/gnuram_async_fifo.xpm_fifo_base_inst/gen_cdc_pntr.rd_pntr_cdc_inst/src_gray_ff_reg[0]/C
    SLICE_X6Y69          FDRE (Prop_HFF_SLICEL_C_Q)
                                                      0.079     0.079 r  dma_axis_ip_example_i/i2s_transmitter_0/inst/I2S_TX_V1_0_SYS_INST/AXIS_FIFO_INST/xpm_fifo_async_inst/gnuram_async_fifo.xpm_fifo_base_inst/gen_cdc_pntr.rd_pntr_cdc_inst/src_gray_ff_reg[0]/Q
                         net (fo=1, routed)           0.256     0.335    dma_axis_ip_example_i/i2s_transmitter_0/inst/I2S_TX_V1_0_SYS_INST/AXIS_FIFO_INST/xpm_fifo_async_inst/gnuram_async_fifo.xpm_fifo_base_inst/gen_cdc_pntr.rd_pntr_cdc_inst/async_path[0]
    SLICE_X6Y69          FDRE                                         r  dma_axis_ip_example_i/i2s_transmitter_0/inst/I2S_TX_V1_0_SYS_INST/AXIS_FIFO_INST/xpm_fifo_async_inst/gnuram_async_fifo.xpm_fifo_base_inst/gen_cdc_pntr.rd_pntr_cdc_inst/dest_graysync_ff_reg[0][0]/D
  -------------------------------------------------------------------    -------------------

                         max delay                   88.577    88.577    
    SLICE_X6Y69          FDRE (Setup_DFF2_SLICEL_C_D)
                                                      0.025    88.602    dma_axis_ip_example_i/i2s_transmitter_0/inst/I2S_TX_V1_0_SYS_INST/AXIS_FIFO_INST/xpm_fifo_async_inst/gnuram_async_fifo.xpm_fifo_base_inst/gen_cdc_pntr.rd_pntr_cdc_inst/dest_graysync_ff_reg[0][0]
  -------------------------------------------------------------------
                         required time                         88.602    
                         arrival time                          -0.335    
  -------------------------------------------------------------------
                         slack                                 88.267    

Slack (MET) :             88.286ns  (required time - arrival time)
  Source:                 dma_axis_ip_example_i/i2s_transmitter_0/inst/I2S_TX_V1_0_SYS_INST/AXIS_FIFO_INST/xpm_fifo_async_inst/gnuram_async_fifo.xpm_fifo_base_inst/gen_cdc_pntr.rd_pntr_cdc_inst/src_gray_ff_reg[2]/C
                            (rising edge-triggered cell FDRE clocked by clk_out1_dma_axis_ip_example_clk_wiz_0_0  {rise@0.000ns fall@44.289ns period=88.577ns})
  Destination:            dma_axis_ip_example_i/i2s_transmitter_0/inst/I2S_TX_V1_0_SYS_INST/AXIS_FIFO_INST/xpm_fifo_async_inst/gnuram_async_fifo.xpm_fifo_base_inst/gen_cdc_pntr.rd_pntr_cdc_inst/dest_graysync_ff_reg[0][2]/D
                            (rising edge-triggered cell FDRE clocked by clk_pl_0  {rise@0.000ns fall@5.000ns period=10.000ns})
  Path Group:             clk_pl_0
  Path Type:              Setup (Max at Slow Process Corner)
  Requirement:            88.577ns  (MaxDelay Path 88.577ns)
  Data Path Delay:        0.316ns  (logic 0.079ns (25.000%)  route 0.237ns (75.000%))
  Logic Levels:           0  
  Timing Exception:       MaxDelay Path 88.577ns -datapath_only

    Location             Delay type                Incr(ns)  Path(ns)    Netlist Resource(s)
  -------------------------------------------------------------------    -------------------
    SLICE_X5Y68                                       0.000     0.000 r  dma_axis_ip_example_i/i2s_transmitter_0/inst/I2S_TX_V1_0_SYS_INST/AXIS_FIFO_INST/xpm_fifo_async_inst/gnuram_async_fifo.xpm_fifo_base_inst/gen_cdc_pntr.rd_pntr_cdc_inst/src_gray_ff_reg[2]/C
    SLICE_X5Y68          FDRE (Prop_HFF_SLICEM_C_Q)
                                                      0.079     0.079 r  dma_axis_ip_example_i/i2s_transmitter_0/inst/I2S_TX_V1_0_SYS_INST/AXIS_FIFO_INST/xpm_fifo_async_inst/gnuram_async_fifo.xpm_fifo_base_inst/gen_cdc_pntr.rd_pntr_cdc_inst/src_gray_ff_reg[2]/Q
                         net (fo=1, routed)           0.237     0.316    dma_axis_ip_example_i/i2s_transmitter_0/inst/I2S_TX_V1_0_SYS_INST/AXIS_FIFO_INST/xpm_fifo_async_inst/gnuram_async_fifo.xpm_fifo_base_inst/gen_cdc_pntr.rd_pntr_cdc_inst/async_path[2]
    SLICE_X5Y69          FDRE                                         r  dma_axis_ip_example_i/i2s_transmitter_0/inst/I2S_TX_V1_0_SYS_INST/AXIS_FIFO_INST/xpm_fifo_async_inst/gnuram_async_fifo.xpm_fifo_base_inst/gen_cdc_pntr.rd_pntr_cdc_inst/dest_graysync_ff_reg[0][2]/D
  -------------------------------------------------------------------    -------------------

                         max delay                   88.577    88.577    
    SLICE_X5Y69          FDRE (Setup_DFF2_SLICEM_C_D)
                                                      0.025    88.602    dma_axis_ip_example_i/i2s_transmitter_0/inst/I2S_TX_V1_0_SYS_INST/AXIS_FIFO_INST/xpm_fifo_async_inst/gnuram_async_fifo.xpm_fifo_base_inst/gen_cdc_pntr.rd_pntr_cdc_inst/dest_graysync_ff_reg[0][2]
  -------------------------------------------------------------------
                         required time                         88.602    
                         arrival time                          -0.316    
  -------------------------------------------------------------------
                         slack                                 88.286    

Slack (MET) :             88.315ns  (required time - arrival time)
  Source:                 dma_axis_ip_example_i/i2s_transmitter_0/inst/I2S_TX_V1_0_SYS_INST/AXIS_FIFO_INST/xpm_fifo_async_inst/gnuram_async_fifo.xpm_fifo_base_inst/gen_cdc_pntr.rd_pntr_cdc_inst/src_gray_ff_reg[6]/C
                            (rising edge-triggered cell FDRE clocked by clk_out1_dma_axis_ip_example_clk_wiz_0_0  {rise@0.000ns fall@44.289ns period=88.577ns})
  Destination:            dma_axis_ip_example_i/i2s_transmitter_0/inst/I2S_TX_V1_0_SYS_INST/AXIS_FIFO_INST/xpm_fifo_async_inst/gnuram_async_fifo.xpm_fifo_base_inst/gen_cdc_pntr.rd_pntr_cdc_inst/dest_graysync_ff_reg[0][6]/D
                            (rising edge-triggered cell FDRE clocked by clk_pl_0  {rise@0.000ns fall@5.000ns period=10.000ns})
  Path Group:             clk_pl_0
  Path Type:              Setup (Max at Slow Process Corner)
  Requirement:            88.577ns  (MaxDelay Path 88.577ns)
  Data Path Delay:        0.287ns  (logic 0.079ns (27.526%)  route 0.208ns (72.474%))
  Logic Levels:           0  
  Timing Exception:       MaxDelay Path 88.577ns -datapath_only

    Location             Delay type                Incr(ns)  Path(ns)    Netlist Resource(s)
  -------------------------------------------------------------------    -------------------
    SLICE_X6Y69                                       0.000     0.000 r  dma_axis_ip_example_i/i2s_transmitter_0/inst/I2S_TX_V1_0_SYS_INST/AXIS_FIFO_INST/xpm_fifo_async_inst/gnuram_async_fifo.xpm_fifo_base_inst/gen_cdc_pntr.rd_pntr_cdc_inst/src_gray_ff_reg[6]/C
    SLICE_X6Y69          FDRE (Prop_EFF_SLICEL_C_Q)
                                                      0.079     0.079 r  dma_axis_ip_example_i/i2s_transmitter_0/inst/I2S_TX_V1_0_SYS_INST/AXIS_FIFO_INST/xpm_fifo_async_inst/gnuram_async_fifo.xpm_fifo_base_inst/gen_cdc_pntr.rd_pntr_cdc_inst/src_gray_ff_reg[6]/Q
                         net (fo=1, routed)           0.208     0.287    dma_axis_ip_example_i/i2s_transmitter_0/inst/I2S_TX_V1_0_SYS_INST/AXIS_FIFO_INST/xpm_fifo_async_inst/gnuram_async_fifo.xpm_fifo_base_inst/gen_cdc_pntr.rd_pntr_cdc_inst/async_path[6]
    SLICE_X6Y71          FDRE                                         r  dma_axis_ip_example_i/i2s_transmitter_0/inst/I2S_TX_V1_0_SYS_INST/AXIS_FIFO_INST/xpm_fifo_async_inst/gnuram_async_fifo.xpm_fifo_base_inst/gen_cdc_pntr.rd_pntr_cdc_inst/dest_graysync_ff_reg[0][6]/D
  -------------------------------------------------------------------    -------------------

                         max delay                   88.577    88.577    
    SLICE_X6Y71          FDRE (Setup_HFF2_SLICEL_C_D)
                                                      0.025    88.602    dma_axis_ip_example_i/i2s_transmitter_0/inst/I2S_TX_V1_0_SYS_INST/AXIS_FIFO_INST/xpm_fifo_async_inst/gnuram_async_fifo.xpm_fifo_base_inst/gen_cdc_pntr.rd_pntr_cdc_inst/dest_graysync_ff_reg[0][6]
  -------------------------------------------------------------------
                         required time                         88.602    
                         arrival time                          -0.287    
  -------------------------------------------------------------------
                         slack                                 88.315    

Slack (MET) :             88.329ns  (required time - arrival time)
  Source:                 dma_axis_ip_example_i/i2s_transmitter_0/inst/I2S_TX_V1_0_SYS_INST/AXIS_FIFO_INST/xpm_fifo_async_inst/gnuram_async_fifo.xpm_fifo_base_inst/gen_cdc_pntr.rd_pntr_cdc_inst/src_gray_ff_reg[1]/C
                            (rising edge-triggered cell FDRE clocked by clk_out1_dma_axis_ip_example_clk_wiz_0_0  {rise@0.000ns fall@44.289ns period=88.577ns})
  Destination:            dma_axis_ip_example_i/i2s_transmitter_0/inst/I2S_TX_V1_0_SYS_INST/AXIS_FIFO_INST/xpm_fifo_async_inst/gnuram_async_fifo.xpm_fifo_base_inst/gen_cdc_pntr.rd_pntr_cdc_inst/dest_graysync_ff_reg[0][1]/D
                            (rising edge-triggered cell FDRE clocked by clk_pl_0  {rise@0.000ns fall@5.000ns period=10.000ns})
  Path Group:             clk_pl_0
  Path Type:              Setup (Max at Slow Process Corner)
  Requirement:            88.577ns  (MaxDelay Path 88.577ns)
  Data Path Delay:        0.273ns  (logic 0.080ns (29.304%)  route 0.193ns (70.696%))
  Logic Levels:           0  
  Timing Exception:       MaxDelay Path 88.577ns -datapath_only

    Location             Delay type                Incr(ns)  Path(ns)    Netlist Resource(s)
  -------------------------------------------------------------------    -------------------
    SLICE_X6Y69                                       0.000     0.000 r  dma_axis_ip_example_i/i2s_transmitter_0/inst/I2S_TX_V1_0_SYS_INST/AXIS_FIFO_INST/xpm_fifo_async_inst/gnuram_async_fifo.xpm_fifo_base_inst/gen_cdc_pntr.rd_pntr_cdc_inst/src_gray_ff_reg[1]/C
    SLICE_X6Y69          FDRE (Prop_HFF2_SLICEL_C_Q)
                                                      0.080     0.080 r  dma_axis_ip_example_i/i2s_transmitter_0/inst/I2S_TX_V1_0_SYS_INST/AXIS_FIFO_INST/xpm_fifo_async_inst/gnuram_async_fifo.xpm_fifo_base_inst/gen_cdc_pntr.rd_pntr_cdc_inst/src_gray_ff_reg[1]/Q
                         net (fo=1, routed)           0.193     0.273    dma_axis_ip_example_i/i2s_transmitter_0/inst/I2S_TX_V1_0_SYS_INST/AXIS_FIFO_INST/xpm_fifo_async_inst/gnuram_async_fifo.xpm_fifo_base_inst/gen_cdc_pntr.rd_pntr_cdc_inst/async_path[1]
    SLICE_X6Y69          FDRE                                         r  dma_axis_ip_example_i/i2s_transmitter_0/inst/I2S_TX_V1_0_SYS_INST/AXIS_FIFO_INST/xpm_fifo_async_inst/gnuram_async_fifo.xpm_fifo_base_inst/gen_cdc_pntr.rd_pntr_cdc_inst/dest_graysync_ff_reg[0][1]/D
  -------------------------------------------------------------------    -------------------

                         max delay                   88.577    88.577    
    SLICE_X6Y69          FDRE (Setup_CFF2_SLICEL_C_D)
                                                      0.025    88.602    dma_axis_ip_example_i/i2s_transmitter_0/inst/I2S_TX_V1_0_SYS_INST/AXIS_FIFO_INST/xpm_fifo_async_inst/gnuram_async_fifo.xpm_fifo_base_inst/gen_cdc_pntr.rd_pntr_cdc_inst/dest_graysync_ff_reg[0][1]
  -------------------------------------------------------------------
                         required time                         88.602    
                         arrival time                          -0.273    
  -------------------------------------------------------------------
                         slack                                 88.329    

Slack (MET) :             88.334ns  (required time - arrival time)
  Source:                 dma_axis_ip_example_i/i2s_transmitter_0/inst/I2S_TX_V1_0_SYS_INST/AXIS_FIFO_INST/xpm_fifo_async_inst/gnuram_async_fifo.xpm_fifo_base_inst/gen_cdc_pntr.rd_pntr_cdc_inst/src_gray_ff_reg[4]/C
                            (rising edge-triggered cell FDRE clocked by clk_out1_dma_axis_ip_example_clk_wiz_0_0  {rise@0.000ns fall@44.289ns period=88.577ns})
  Destination:            dma_axis_ip_example_i/i2s_transmitter_0/inst/I2S_TX_V1_0_SYS_INST/AXIS_FIFO_INST/xpm_fifo_async_inst/gnuram_async_fifo.xpm_fifo_base_inst/gen_cdc_pntr.rd_pntr_cdc_inst/dest_graysync_ff_reg[0][4]/D
                            (rising edge-triggered cell FDRE clocked by clk_pl_0  {rise@0.000ns fall@5.000ns period=10.000ns})
  Path Group:             clk_pl_0
  Path Type:              Setup (Max at Slow Process Corner)
  Requirement:            88.577ns  (MaxDelay Path 88.577ns)
  Data Path Delay:        0.268ns  (logic 0.078ns (29.104%)  route 0.190ns (70.896%))
  Logic Levels:           0  
  Timing Exception:       MaxDelay Path 88.577ns -datapath_only

    Location             Delay type                Incr(ns)  Path(ns)    Netlist Resource(s)
  -------------------------------------------------------------------    -------------------
    SLICE_X5Y68                                       0.000     0.000 r  dma_axis_ip_example_i/i2s_transmitter_0/inst/I2S_TX_V1_0_SYS_INST/AXIS_FIFO_INST/xpm_fifo_async_inst/gnuram_async_fifo.xpm_fifo_base_inst/gen_cdc_pntr.rd_pntr_cdc_inst/src_gray_ff_reg[4]/C
    SLICE_X5Y68          FDRE (Prop_GFF_SLICEM_C_Q)
                                                      0.078     0.078 r  dma_axis_ip_example_i/i2s_transmitter_0/inst/I2S_TX_V1_0_SYS_INST/AXIS_FIFO_INST/xpm_fifo_async_inst/gnuram_async_fifo.xpm_fifo_base_inst/gen_cdc_pntr.rd_pntr_cdc_inst/src_gray_ff_reg[4]/Q
                         net (fo=1, routed)           0.190     0.268    dma_axis_ip_example_i/i2s_transmitter_0/inst/I2S_TX_V1_0_SYS_INST/AXIS_FIFO_INST/xpm_fifo_async_inst/gnuram_async_fifo.xpm_fifo_base_inst/gen_cdc_pntr.rd_pntr_cdc_inst/async_path[4]
    SLICE_X5Y68          FDRE                                         r  dma_axis_ip_example_i/i2s_transmitter_0/inst/I2S_TX_V1_0_SYS_INST/AXIS_FIFO_INST/xpm_fifo_async_inst/gnuram_async_fifo.xpm_fifo_base_inst/gen_cdc_pntr.rd_pntr_cdc_inst/dest_graysync_ff_reg[0][4]/D
  -------------------------------------------------------------------    -------------------

                         max delay                   88.577    88.577    
    SLICE_X5Y68          FDRE (Setup_DFF2_SLICEM_C_D)
                                                      0.025    88.602    dma_axis_ip_example_i/i2s_transmitter_0/inst/I2S_TX_V1_0_SYS_INST/AXIS_FIFO_INST/xpm_fifo_async_inst/gnuram_async_fifo.xpm_fifo_base_inst/gen_cdc_pntr.rd_pntr_cdc_inst/dest_graysync_ff_reg[0][4]
  -------------------------------------------------------------------
                         required time                         88.602    
                         arrival time                          -0.268    
  -------------------------------------------------------------------
                         slack                                 88.334    

Slack (MET) :             88.354ns  (required time - arrival time)
  Source:                 dma_axis_ip_example_i/i2s_transmitter_0/inst/I2S_TX_V1_0_SYS_INST/AXIS_FIFO_INST/xpm_fifo_async_inst/gnuram_async_fifo.xpm_fifo_base_inst/gen_cdc_pntr.rd_pntr_cdc_inst/src_gray_ff_reg[3]/C
                            (rising edge-triggered cell FDRE clocked by clk_out1_dma_axis_ip_example_clk_wiz_0_0  {rise@0.000ns fall@44.289ns period=88.577ns})
  Destination:            dma_axis_ip_example_i/i2s_transmitter_0/inst/I2S_TX_V1_0_SYS_INST/AXIS_FIFO_INST/xpm_fifo_async_inst/gnuram_async_fifo.xpm_fifo_base_inst/gen_cdc_pntr.rd_pntr_cdc_inst/dest_graysync_ff_reg[0][3]/D
                            (rising edge-triggered cell FDRE clocked by clk_pl_0  {rise@0.000ns fall@5.000ns period=10.000ns})
  Path Group:             clk_pl_0
  Path Type:              Setup (Max at Slow Process Corner)
  Requirement:            88.577ns  (MaxDelay Path 88.577ns)
  Data Path Delay:        0.248ns  (logic 0.078ns (31.452%)  route 0.170ns (68.548%))
  Logic Levels:           0  
  Timing Exception:       MaxDelay Path 88.577ns -datapath_only

    Location             Delay type                Incr(ns)  Path(ns)    Netlist Resource(s)
  -------------------------------------------------------------------    -------------------
    SLICE_X5Y68                                       0.000     0.000 r  dma_axis_ip_example_i/i2s_transmitter_0/inst/I2S_TX_V1_0_SYS_INST/AXIS_FIFO_INST/xpm_fifo_async_inst/gnuram_async_fifo.xpm_fifo_base_inst/gen_cdc_pntr.rd_pntr_cdc_inst/src_gray_ff_reg[3]/C
    SLICE_X5Y68          FDRE (Prop_HFF2_SLICEM_C_Q)
                                                      0.078     0.078 r  dma_axis_ip_example_i/i2s_transmitter_0/inst/I2S_TX_V1_0_SYS_INST/AXIS_FIFO_INST/xpm_fifo_async_inst/gnuram_async_fifo.xpm_fifo_base_inst/gen_cdc_pntr.rd_pntr_cdc_inst/src_gray_ff_reg[3]/Q
                         net (fo=1, routed)           0.170     0.248    dma_axis_ip_example_i/i2s_transmitter_0/inst/I2S_TX_V1_0_SYS_INST/AXIS_FIFO_INST/xpm_fifo_async_inst/gnuram_async_fifo.xpm_fifo_base_inst/gen_cdc_pntr.rd_pntr_cdc_inst/async_path[3]
    SLICE_X5Y69          FDRE                                         r  dma_axis_ip_example_i/i2s_transmitter_0/inst/I2S_TX_V1_0_SYS_INST/AXIS_FIFO_INST/xpm_fifo_async_inst/gnuram_async_fifo.xpm_fifo_base_inst/gen_cdc_pntr.rd_pntr_cdc_inst/dest_graysync_ff_reg[0][3]/D
  -------------------------------------------------------------------    -------------------

                         max delay                   88.577    88.577    
    SLICE_X5Y69          FDRE (Setup_CFF2_SLICEM_C_D)
                                                      0.025    88.602    dma_axis_ip_example_i/i2s_transmitter_0/inst/I2S_TX_V1_0_SYS_INST/AXIS_FIFO_INST/xpm_fifo_async_inst/gnuram_async_fifo.xpm_fifo_base_inst/gen_cdc_pntr.rd_pntr_cdc_inst/dest_graysync_ff_reg[0][3]
  -------------------------------------------------------------------
                         required time                         88.602    
                         arrival time                          -0.248    
  -------------------------------------------------------------------
                         slack                                 88.354    





---------------------------------------------------------------------------------------------------
From Clock:  clk_pl_0
  To Clock:  clk_out1_dma_axis_ip_example_clk_wiz_0_0

Setup :            0  Failing Endpoints,  Worst Slack        9.483ns,  Total Violation        0.000ns
Hold  :           NA  Failing Endpoints,  Worst Slack           NA  ,  Total Violation           NA
---------------------------------------------------------------------------------------------------


Max Delay Paths
--------------------------------------------------------------------------------------
Slack (MET) :             9.483ns  (required time - arrival time)
  Source:                 dma_axis_ip_example_i/i2s_transmitter_0/inst/I2S_TX_V1_0_SYS_INST/AXIS_FIFO_INST/xpm_fifo_async_inst/gnuram_async_fifo.xpm_fifo_base_inst/gen_cdc_pntr.wr_pntr_cdc_inst/src_gray_ff_reg[5]/C
                            (rising edge-triggered cell FDRE clocked by clk_pl_0  {rise@0.000ns fall@5.000ns period=10.000ns})
  Destination:            dma_axis_ip_example_i/i2s_transmitter_0/inst/I2S_TX_V1_0_SYS_INST/AXIS_FIFO_INST/xpm_fifo_async_inst/gnuram_async_fifo.xpm_fifo_base_inst/gen_cdc_pntr.wr_pntr_cdc_inst/dest_graysync_ff_reg[0][5]/D
                            (rising edge-triggered cell FDRE clocked by clk_out1_dma_axis_ip_example_clk_wiz_0_0  {rise@0.000ns fall@44.289ns period=88.577ns})
  Path Group:             clk_out1_dma_axis_ip_example_clk_wiz_0_0
  Path Type:              Setup (Max at Slow Process Corner)
  Requirement:            10.000ns  (MaxDelay Path 10.000ns)
  Data Path Delay:        0.542ns  (logic 0.079ns (14.576%)  route 0.463ns (85.424%))
  Logic Levels:           0  
  Timing Exception:       MaxDelay Path 10.000ns -datapath_only

    Location             Delay type                Incr(ns)  Path(ns)    Netlist Resource(s)
  -------------------------------------------------------------------    -------------------
    SLICE_X5Y65                                       0.000     0.000 r  dma_axis_ip_example_i/i2s_transmitter_0/inst/I2S_TX_V1_0_SYS_INST/AXIS_FIFO_INST/xpm_fifo_async_inst/gnuram_async_fifo.xpm_fifo_base_inst/gen_cdc_pntr.wr_pntr_cdc_inst/src_gray_ff_reg[5]/C
    SLICE_X5Y65          FDRE (Prop_FFF2_SLICEM_C_Q)
                                                      0.079     0.079 r  dma_axis_ip_example_i/i2s_transmitter_0/inst/I2S_TX_V1_0_SYS_INST/AXIS_FIFO_INST/xpm_fifo_async_inst/gnuram_async_fifo.xpm_fifo_base_inst/gen_cdc_pntr.wr_pntr_cdc_inst/src_gray_ff_reg[5]/Q
                         net (fo=1, routed)           0.463     0.542    dma_axis_ip_example_i/i2s_transmitter_0/inst/I2S_TX_V1_0_SYS_INST/AXIS_FIFO_INST/xpm_fifo_async_inst/gnuram_async_fifo.xpm_fifo_base_inst/gen_cdc_pntr.wr_pntr_cdc_inst/async_path[5]
    SLICE_X5Y64          FDRE                                         r  dma_axis_ip_example_i/i2s_transmitter_0/inst/I2S_TX_V1_0_SYS_INST/AXIS_FIFO_INST/xpm_fifo_async_inst/gnuram_async_fifo.xpm_fifo_base_inst/gen_cdc_pntr.wr_pntr_cdc_inst/dest_graysync_ff_reg[0][5]/D
  -------------------------------------------------------------------    -------------------

                         max delay                   10.000    10.000    
    SLICE_X5Y64          FDRE (Setup_DFF2_SLICEM_C_D)
                                                      0.025    10.025    dma_axis_ip_example_i/i2s_transmitter_0/inst/I2S_TX_V1_0_SYS_INST/AXIS_FIFO_INST/xpm_fifo_async_inst/gnuram_async_fifo.xpm_fifo_base_inst/gen_cdc_pntr.wr_pntr_cdc_inst/dest_graysync_ff_reg[0][5]
  -------------------------------------------------------------------
                         required time                         10.025    
                         arrival time                          -0.542    
  -------------------------------------------------------------------
                         slack                                  9.483    

Slack (MET) :             9.487ns  (required time - arrival time)
  Source:                 dma_axis_ip_example_i/i2s_transmitter_0/inst/I2S_TX_V1_0_SYS_INST/AXIS_FIFO_INST/xpm_fifo_async_inst/gnuram_async_fifo.xpm_fifo_base_inst/gen_cdc_pntr.wr_pntr_cdc_inst/src_gray_ff_reg[3]/C
                            (rising edge-triggered cell FDRE clocked by clk_pl_0  {rise@0.000ns fall@5.000ns period=10.000ns})
  Destination:            dma_axis_ip_example_i/i2s_transmitter_0/inst/I2S_TX_V1_0_SYS_INST/AXIS_FIFO_INST/xpm_fifo_async_inst/gnuram_async_fifo.xpm_fifo_base_inst/gen_cdc_pntr.wr_pntr_cdc_inst/dest_graysync_ff_reg[0][3]/D
                            (rising edge-triggered cell FDRE clocked by clk_out1_dma_axis_ip_example_clk_wiz_0_0  {rise@0.000ns fall@44.289ns period=88.577ns})
  Path Group:             clk_out1_dma_axis_ip_example_clk_wiz_0_0
  Path Type:              Setup (Max at Slow Process Corner)
  Requirement:            10.000ns  (MaxDelay Path 10.000ns)
  Data Path Delay:        0.538ns  (logic 0.079ns (14.684%)  route 0.459ns (85.316%))
  Logic Levels:           0  
  Timing Exception:       MaxDelay Path 10.000ns -datapath_only

    Location             Delay type                Incr(ns)  Path(ns)    Netlist Resource(s)
  -------------------------------------------------------------------    -------------------
    SLICE_X5Y67                                       0.000     0.000 r  dma_axis_ip_example_i/i2s_transmitter_0/inst/I2S_TX_V1_0_SYS_INST/AXIS_FIFO_INST/xpm_fifo_async_inst/gnuram_async_fifo.xpm_fifo_base_inst/gen_cdc_pntr.wr_pntr_cdc_inst/src_gray_ff_reg[3]/C
    SLICE_X5Y67          FDRE (Prop_FFF2_SLICEM_C_Q)
                                                      0.079     0.079 r  dma_axis_ip_example_i/i2s_transmitter_0/inst/I2S_TX_V1_0_SYS_INST/AXIS_FIFO_INST/xpm_fifo_async_inst/gnuram_async_fifo.xpm_fifo_base_inst/gen_cdc_pntr.wr_pntr_cdc_inst/src_gray_ff_reg[3]/Q
                         net (fo=1, routed)           0.459     0.538    dma_axis_ip_example_i/i2s_transmitter_0/inst/I2S_TX_V1_0_SYS_INST/AXIS_FIFO_INST/xpm_fifo_async_inst/gnuram_async_fifo.xpm_fifo_base_inst/gen_cdc_pntr.wr_pntr_cdc_inst/async_path[3]
    SLICE_X5Y68          FDRE                                         r  dma_axis_ip_example_i/i2s_transmitter_0/inst/I2S_TX_V1_0_SYS_INST/AXIS_FIFO_INST/xpm_fifo_async_inst/gnuram_async_fifo.xpm_fifo_base_inst/gen_cdc_pntr.wr_pntr_cdc_inst/dest_graysync_ff_reg[0][3]/D
  -------------------------------------------------------------------    -------------------

                         max delay                   10.000    10.000    
    SLICE_X5Y68          FDRE (Setup_FFF2_SLICEM_C_D)
                                                      0.025    10.025    dma_axis_ip_example_i/i2s_transmitter_0/inst/I2S_TX_V1_0_SYS_INST/AXIS_FIFO_INST/xpm_fifo_async_inst/gnuram_async_fifo.xpm_fifo_base_inst/gen_cdc_pntr.wr_pntr_cdc_inst/dest_graysync_ff_reg[0][3]
  -------------------------------------------------------------------
                         required time                         10.025    
                         arrival time                          -0.538    
  -------------------------------------------------------------------
                         slack                                  9.487    

Slack (MET) :             9.516ns  (required time - arrival time)
  Source:                 dma_axis_ip_example_i/i2s_transmitter_0/inst/I2S_TX_V1_0_SYS_INST/AXIS_FIFO_INST/xpm_fifo_async_inst/gnuram_async_fifo.xpm_fifo_base_inst/gen_cdc_pntr.wr_pntr_cdc_inst/src_gray_ff_reg[4]/C
                            (rising edge-triggered cell FDRE clocked by clk_pl_0  {rise@0.000ns fall@5.000ns period=10.000ns})
  Destination:            dma_axis_ip_example_i/i2s_transmitter_0/inst/I2S_TX_V1_0_SYS_INST/AXIS_FIFO_INST/xpm_fifo_async_inst/gnuram_async_fifo.xpm_fifo_base_inst/gen_cdc_pntr.wr_pntr_cdc_inst/dest_graysync_ff_reg[0][4]/D
                            (rising edge-triggered cell FDRE clocked by clk_out1_dma_axis_ip_example_clk_wiz_0_0  {rise@0.000ns fall@44.289ns period=88.577ns})
  Path Group:             clk_out1_dma_axis_ip_example_clk_wiz_0_0
  Path Type:              Setup (Max at Slow Process Corner)
  Requirement:            10.000ns  (MaxDelay Path 10.000ns)
  Data Path Delay:        0.509ns  (logic 0.076ns (14.931%)  route 0.433ns (85.069%))
  Logic Levels:           0  
  Timing Exception:       MaxDelay Path 10.000ns -datapath_only

    Location             Delay type                Incr(ns)  Path(ns)    Netlist Resource(s)
  -------------------------------------------------------------------    -------------------
    SLICE_X5Y65                                       0.000     0.000 r  dma_axis_ip_example_i/i2s_transmitter_0/inst/I2S_TX_V1_0_SYS_INST/AXIS_FIFO_INST/xpm_fifo_async_inst/gnuram_async_fifo.xpm_fifo_base_inst/gen_cdc_pntr.wr_pntr_cdc_inst/src_gray_ff_reg[4]/C
    SLICE_X5Y65          FDRE (Prop_FFF_SLICEM_C_Q)
                                                      0.076     0.076 r  dma_axis_ip_example_i/i2s_transmitter_0/inst/I2S_TX_V1_0_SYS_INST/AXIS_FIFO_INST/xpm_fifo_async_inst/gnuram_async_fifo.xpm_fifo_base_inst/gen_cdc_pntr.wr_pntr_cdc_inst/src_gray_ff_reg[4]/Q
                         net (fo=1, routed)           0.433     0.509    dma_axis_ip_example_i/i2s_transmitter_0/inst/I2S_TX_V1_0_SYS_INST/AXIS_FIFO_INST/xpm_fifo_async_inst/gnuram_async_fifo.xpm_fifo_base_inst/gen_cdc_pntr.wr_pntr_cdc_inst/async_path[4]
    SLICE_X6Y65          FDRE                                         r  dma_axis_ip_example_i/i2s_transmitter_0/inst/I2S_TX_V1_0_SYS_INST/AXIS_FIFO_INST/xpm_fifo_async_inst/gnuram_async_fifo.xpm_fifo_base_inst/gen_cdc_pntr.wr_pntr_cdc_inst/dest_graysync_ff_reg[0][4]/D
  -------------------------------------------------------------------    -------------------

                         max delay                   10.000    10.000    
    SLICE_X6Y65          FDRE (Setup_HFF2_SLICEL_C_D)
                                                      0.025    10.025    dma_axis_ip_example_i/i2s_transmitter_0/inst/I2S_TX_V1_0_SYS_INST/AXIS_FIFO_INST/xpm_fifo_async_inst/gnuram_async_fifo.xpm_fifo_base_inst/gen_cdc_pntr.wr_pntr_cdc_inst/dest_graysync_ff_reg[0][4]
  -------------------------------------------------------------------
                         required time                         10.025    
                         arrival time                          -0.509    
  -------------------------------------------------------------------
                         slack                                  9.516    

Slack (MET) :             9.531ns  (required time - arrival time)
  Source:                 dma_axis_ip_example_i/i2s_transmitter_0/inst/I2S_TX_V1_0_SYS_INST/AXIS_FIFO_INST/xpm_fifo_async_inst/gnuram_async_fifo.xpm_fifo_base_inst/gen_cdc_pntr.wr_pntr_cdc_dc_inst/src_gray_ff_reg[5]/C
                            (rising edge-triggered cell FDRE clocked by clk_pl_0  {rise@0.000ns fall@5.000ns period=10.000ns})
  Destination:            dma_axis_ip_example_i/i2s_transmitter_0/inst/I2S_TX_V1_0_SYS_INST/AXIS_FIFO_INST/xpm_fifo_async_inst/gnuram_async_fifo.xpm_fifo_base_inst/gen_cdc_pntr.wr_pntr_cdc_dc_inst/dest_graysync_ff_reg[0][5]/D
                            (rising edge-triggered cell FDRE clocked by clk_out1_dma_axis_ip_example_clk_wiz_0_0  {rise@0.000ns fall@44.289ns period=88.577ns})
  Path Group:             clk_out1_dma_axis_ip_example_clk_wiz_0_0
  Path Type:              Setup (Max at Slow Process Corner)
  Requirement:            10.000ns  (MaxDelay Path 10.000ns)
  Data Path Delay:        0.494ns  (logic 0.079ns (15.992%)  route 0.415ns (84.008%))
  Logic Levels:           0  
  Timing Exception:       MaxDelay Path 10.000ns -datapath_only

    Location             Delay type                Incr(ns)  Path(ns)    Netlist Resource(s)
  -------------------------------------------------------------------    -------------------
    SLICE_X5Y67                                       0.000     0.000 r  dma_axis_ip_example_i/i2s_transmitter_0/inst/I2S_TX_V1_0_SYS_INST/AXIS_FIFO_INST/xpm_fifo_async_inst/gnuram_async_fifo.xpm_fifo_base_inst/gen_cdc_pntr.wr_pntr_cdc_dc_inst/src_gray_ff_reg[5]/C
    SLICE_X5Y67          FDRE (Prop_GFF2_SLICEM_C_Q)
                                                      0.079     0.079 r  dma_axis_ip_example_i/i2s_transmitter_0/inst/I2S_TX_V1_0_SYS_INST/AXIS_FIFO_INST/xpm_fifo_async_inst/gnuram_async_fifo.xpm_fifo_base_inst/gen_cdc_pntr.wr_pntr_cdc_dc_inst/src_gray_ff_reg[5]/Q
                         net (fo=1, routed)           0.415     0.494    dma_axis_ip_example_i/i2s_transmitter_0/inst/I2S_TX_V1_0_SYS_INST/AXIS_FIFO_INST/xpm_fifo_async_inst/gnuram_async_fifo.xpm_fifo_base_inst/gen_cdc_pntr.wr_pntr_cdc_dc_inst/async_path[5]
    SLICE_X5Y67          FDRE                                         r  dma_axis_ip_example_i/i2s_transmitter_0/inst/I2S_TX_V1_0_SYS_INST/AXIS_FIFO_INST/xpm_fifo_async_inst/gnuram_async_fifo.xpm_fifo_base_inst/gen_cdc_pntr.wr_pntr_cdc_dc_inst/dest_graysync_ff_reg[0][5]/D
  -------------------------------------------------------------------    -------------------

                         max delay                   10.000    10.000    
    SLICE_X5Y67          FDRE (Setup_DFF2_SLICEM_C_D)
                                                      0.025    10.025    dma_axis_ip_example_i/i2s_transmitter_0/inst/I2S_TX_V1_0_SYS_INST/AXIS_FIFO_INST/xpm_fifo_async_inst/gnuram_async_fifo.xpm_fifo_base_inst/gen_cdc_pntr.wr_pntr_cdc_dc_inst/dest_graysync_ff_reg[0][5]
  -------------------------------------------------------------------
                         required time                         10.025    
                         arrival time                          -0.494    
  -------------------------------------------------------------------
                         slack                                  9.531    

Slack (MET) :             9.579ns  (required time - arrival time)
  Source:                 dma_axis_ip_example_i/i2s_transmitter_0/inst/I2S_TX_V1_0_SYS_INST/AXIS_FIFO_INST/xpm_fifo_async_inst/gnuram_async_fifo.xpm_fifo_base_inst/gen_cdc_pntr.wr_pntr_cdc_inst/src_gray_ff_reg[2]/C
                            (rising edge-triggered cell FDRE clocked by clk_pl_0  {rise@0.000ns fall@5.000ns period=10.000ns})
  Destination:            dma_axis_ip_example_i/i2s_transmitter_0/inst/I2S_TX_V1_0_SYS_INST/AXIS_FIFO_INST/xpm_fifo_async_inst/gnuram_async_fifo.xpm_fifo_base_inst/gen_cdc_pntr.wr_pntr_cdc_inst/dest_graysync_ff_reg[0][2]/D
                            (rising edge-triggered cell FDRE clocked by clk_out1_dma_axis_ip_example_clk_wiz_0_0  {rise@0.000ns fall@44.289ns period=88.577ns})
  Path Group:             clk_out1_dma_axis_ip_example_clk_wiz_0_0
  Path Type:              Setup (Max at Slow Process Corner)
  Requirement:            10.000ns  (MaxDelay Path 10.000ns)
  Data Path Delay:        0.446ns  (logic 0.076ns (17.040%)  route 0.370ns (82.960%))
  Logic Levels:           0  
  Timing Exception:       MaxDelay Path 10.000ns -datapath_only

    Location             Delay type                Incr(ns)  Path(ns)    Netlist Resource(s)
  -------------------------------------------------------------------    -------------------
    SLICE_X5Y67                                       0.000     0.000 r  dma_axis_ip_example_i/i2s_transmitter_0/inst/I2S_TX_V1_0_SYS_INST/AXIS_FIFO_INST/xpm_fifo_async_inst/gnuram_async_fifo.xpm_fifo_base_inst/gen_cdc_pntr.wr_pntr_cdc_inst/src_gray_ff_reg[2]/C
    SLICE_X5Y67          FDRE (Prop_FFF_SLICEM_C_Q)
                                                      0.076     0.076 r  dma_axis_ip_example_i/i2s_transmitter_0/inst/I2S_TX_V1_0_SYS_INST/AXIS_FIFO_INST/xpm_fifo_async_inst/gnuram_async_fifo.xpm_fifo_base_inst/gen_cdc_pntr.wr_pntr_cdc_inst/src_gray_ff_reg[2]/Q
                         net (fo=1, routed)           0.370     0.446    dma_axis_ip_example_i/i2s_transmitter_0/inst/I2S_TX_V1_0_SYS_INST/AXIS_FIFO_INST/xpm_fifo_async_inst/gnuram_async_fifo.xpm_fifo_base_inst/gen_cdc_pntr.wr_pntr_cdc_inst/async_path[2]
    SLICE_X6Y69          FDRE                                         r  dma_axis_ip_example_i/i2s_transmitter_0/inst/I2S_TX_V1_0_SYS_INST/AXIS_FIFO_INST/xpm_fifo_async_inst/gnuram_async_fifo.xpm_fifo_base_inst/gen_cdc_pntr.wr_pntr_cdc_inst/dest_graysync_ff_reg[0][2]/D
  -------------------------------------------------------------------    -------------------

                         max delay                   10.000    10.000    
    SLICE_X6Y69          FDRE (Setup_GFF2_SLICEL_C_D)
                                                      0.025    10.025    dma_axis_ip_example_i/i2s_transmitter_0/inst/I2S_TX_V1_0_SYS_INST/AXIS_FIFO_INST/xpm_fifo_async_inst/gnuram_async_fifo.xpm_fifo_base_inst/gen_cdc_pntr.wr_pntr_cdc_inst/dest_graysync_ff_reg[0][2]
  -------------------------------------------------------------------
                         required time                         10.025    
                         arrival time                          -0.446    
  -------------------------------------------------------------------
                         slack                                  9.579    

Slack (MET) :             9.600ns  (required time - arrival time)
  Source:                 dma_axis_ip_example_i/i2s_transmitter_0/inst/I2S_TX_V1_0_SYS_INST/AXIS_FIFO_INST/xpm_fifo_async_inst/gnuram_async_fifo.xpm_fifo_base_inst/gen_cdc_pntr.wr_pntr_cdc_dc_inst/src_gray_ff_reg[7]/C
                            (rising edge-triggered cell FDRE clocked by clk_pl_0  {rise@0.000ns fall@5.000ns period=10.000ns})
  Destination:            dma_axis_ip_example_i/i2s_transmitter_0/inst/I2S_TX_V1_0_SYS_INST/AXIS_FIFO_INST/xpm_fifo_async_inst/gnuram_async_fifo.xpm_fifo_base_inst/gen_cdc_pntr.wr_pntr_cdc_dc_inst/dest_graysync_ff_reg[0][7]/D
                            (rising edge-triggered cell FDRE clocked by clk_out1_dma_axis_ip_example_clk_wiz_0_0  {rise@0.000ns fall@44.289ns period=88.577ns})
  Path Group:             clk_out1_dma_axis_ip_example_clk_wiz_0_0
  Path Type:              Setup (Max at Slow Process Corner)
  Requirement:            10.000ns  (MaxDelay Path 10.000ns)
  Data Path Delay:        0.425ns  (logic 0.076ns (17.882%)  route 0.349ns (82.118%))
  Logic Levels:           0  
  Timing Exception:       MaxDelay Path 10.000ns -datapath_only

    Location             Delay type                Incr(ns)  Path(ns)    Netlist Resource(s)
  -------------------------------------------------------------------    -------------------
    SLICE_X5Y65                                       0.000     0.000 r  dma_axis_ip_example_i/i2s_transmitter_0/inst/I2S_TX_V1_0_SYS_INST/AXIS_FIFO_INST/xpm_fifo_async_inst/gnuram_async_fifo.xpm_fifo_base_inst/gen_cdc_pntr.wr_pntr_cdc_dc_inst/src_gray_ff_reg[7]/C
    SLICE_X5Y65          FDRE (Prop_EFF_SLICEM_C_Q)
                                                      0.076     0.076 r  dma_axis_ip_example_i/i2s_transmitter_0/inst/I2S_TX_V1_0_SYS_INST/AXIS_FIFO_INST/xpm_fifo_async_inst/gnuram_async_fifo.xpm_fifo_base_inst/gen_cdc_pntr.wr_pntr_cdc_dc_inst/src_gray_ff_reg[7]/Q
                         net (fo=1, routed)           0.349     0.425    dma_axis_ip_example_i/i2s_transmitter_0/inst/I2S_TX_V1_0_SYS_INST/AXIS_FIFO_INST/xpm_fifo_async_inst/gnuram_async_fifo.xpm_fifo_base_inst/gen_cdc_pntr.wr_pntr_cdc_dc_inst/async_path[7]
    SLICE_X6Y65          FDRE                                         r  dma_axis_ip_example_i/i2s_transmitter_0/inst/I2S_TX_V1_0_SYS_INST/AXIS_FIFO_INST/xpm_fifo_async_inst/gnuram_async_fifo.xpm_fifo_base_inst/gen_cdc_pntr.wr_pntr_cdc_dc_inst/dest_graysync_ff_reg[0][7]/D
  -------------------------------------------------------------------    -------------------

                         max delay                   10.000    10.000    
    SLICE_X6Y65          FDRE (Setup_DFF2_SLICEL_C_D)
                                                      0.025    10.025    dma_axis_ip_example_i/i2s_transmitter_0/inst/I2S_TX_V1_0_SYS_INST/AXIS_FIFO_INST/xpm_fifo_async_inst/gnuram_async_fifo.xpm_fifo_base_inst/gen_cdc_pntr.wr_pntr_cdc_dc_inst/dest_graysync_ff_reg[0][7]
  -------------------------------------------------------------------
                         required time                         10.025    
                         arrival time                          -0.425    
  -------------------------------------------------------------------
                         slack                                  9.600    

Slack (MET) :             9.623ns  (required time - arrival time)
  Source:                 dma_axis_ip_example_i/i2s_transmitter_0/inst/I2S_TX_V1_0_SYS_INST/AXIS_FIFO_INST/xpm_fifo_async_inst/gnuram_async_fifo.xpm_fifo_base_inst/gen_cdc_pntr.wr_pntr_cdc_dc_inst/src_gray_ff_reg[6]/C
                            (rising edge-triggered cell FDRE clocked by clk_pl_0  {rise@0.000ns fall@5.000ns period=10.000ns})
  Destination:            dma_axis_ip_example_i/i2s_transmitter_0/inst/I2S_TX_V1_0_SYS_INST/AXIS_FIFO_INST/xpm_fifo_async_inst/gnuram_async_fifo.xpm_fifo_base_inst/gen_cdc_pntr.wr_pntr_cdc_dc_inst/dest_graysync_ff_reg[0][6]/D
                            (rising edge-triggered cell FDRE clocked by clk_out1_dma_axis_ip_example_clk_wiz_0_0  {rise@0.000ns fall@44.289ns period=88.577ns})
  Path Group:             clk_out1_dma_axis_ip_example_clk_wiz_0_0
  Path Type:              Setup (Max at Slow Process Corner)
  Requirement:            10.000ns  (MaxDelay Path 10.000ns)
  Data Path Delay:        0.402ns  (logic 0.078ns (19.403%)  route 0.324ns (80.597%))
  Logic Levels:           0  
  Timing Exception:       MaxDelay Path 10.000ns -datapath_only

    Location             Delay type                Incr(ns)  Path(ns)    Netlist Resource(s)
  -------------------------------------------------------------------    -------------------
    SLICE_X5Y65                                       0.000     0.000 r  dma_axis_ip_example_i/i2s_transmitter_0/inst/I2S_TX_V1_0_SYS_INST/AXIS_FIFO_INST/xpm_fifo_async_inst/gnuram_async_fifo.xpm_fifo_base_inst/gen_cdc_pntr.wr_pntr_cdc_dc_inst/src_gray_ff_reg[6]/C
    SLICE_X5Y65          FDRE (Prop_GFF_SLICEM_C_Q)
                                                      0.078     0.078 r  dma_axis_ip_example_i/i2s_transmitter_0/inst/I2S_TX_V1_0_SYS_INST/AXIS_FIFO_INST/xpm_fifo_async_inst/gnuram_async_fifo.xpm_fifo_base_inst/gen_cdc_pntr.wr_pntr_cdc_dc_inst/src_gray_ff_reg[6]/Q
                         net (fo=1, routed)           0.324     0.402    dma_axis_ip_example_i/i2s_transmitter_0/inst/I2S_TX_V1_0_SYS_INST/AXIS_FIFO_INST/xpm_fifo_async_inst/gnuram_async_fifo.xpm_fifo_base_inst/gen_cdc_pntr.wr_pntr_cdc_dc_inst/async_path[6]
    SLICE_X7Y66          FDRE                                         r  dma_axis_ip_example_i/i2s_transmitter_0/inst/I2S_TX_V1_0_SYS_INST/AXIS_FIFO_INST/xpm_fifo_async_inst/gnuram_async_fifo.xpm_fifo_base_inst/gen_cdc_pntr.wr_pntr_cdc_dc_inst/dest_graysync_ff_reg[0][6]/D
  -------------------------------------------------------------------    -------------------

                         max delay                   10.000    10.000    
    SLICE_X7Y66          FDRE (Setup_HFF2_SLICEL_C_D)
                                                      0.025    10.025    dma_axis_ip_example_i/i2s_transmitter_0/inst/I2S_TX_V1_0_SYS_INST/AXIS_FIFO_INST/xpm_fifo_async_inst/gnuram_async_fifo.xpm_fifo_base_inst/gen_cdc_pntr.wr_pntr_cdc_dc_inst/dest_graysync_ff_reg[0][6]
  -------------------------------------------------------------------
                         required time                         10.025    
                         arrival time                          -0.402    
  -------------------------------------------------------------------
                         slack                                  9.623    

Slack (MET) :             9.635ns  (required time - arrival time)
  Source:                 dma_axis_ip_example_i/i2s_transmitter_0/inst/I2S_TX_V1_0_SYS_INST/AXIS_FIFO_INST/xpm_fifo_async_inst/gnuram_async_fifo.xpm_fifo_base_inst/gen_cdc_pntr.wr_pntr_cdc_dc_inst/src_gray_ff_reg[2]/C
                            (rising edge-triggered cell FDRE clocked by clk_pl_0  {rise@0.000ns fall@5.000ns period=10.000ns})
  Destination:            dma_axis_ip_example_i/i2s_transmitter_0/inst/I2S_TX_V1_0_SYS_INST/AXIS_FIFO_INST/xpm_fifo_async_inst/gnuram_async_fifo.xpm_fifo_base_inst/gen_cdc_pntr.wr_pntr_cdc_dc_inst/dest_graysync_ff_reg[0][2]/D
                            (rising edge-triggered cell FDRE clocked by clk_out1_dma_axis_ip_example_clk_wiz_0_0  {rise@0.000ns fall@44.289ns period=88.577ns})
  Path Group:             clk_out1_dma_axis_ip_example_clk_wiz_0_0
  Path Type:              Setup (Max at Slow Process Corner)
  Requirement:            10.000ns  (MaxDelay Path 10.000ns)
  Data Path Delay:        0.390ns  (logic 0.079ns (20.256%)  route 0.311ns (79.744%))
  Logic Levels:           0  
  Timing Exception:       MaxDelay Path 10.000ns -datapath_only

    Location             Delay type                Incr(ns)  Path(ns)    Netlist Resource(s)
  -------------------------------------------------------------------    -------------------
    SLICE_X5Y67                                       0.000     0.000 r  dma_axis_ip_example_i/i2s_transmitter_0/inst/I2S_TX_V1_0_SYS_INST/AXIS_FIFO_INST/xpm_fifo_async_inst/gnuram_async_fifo.xpm_fifo_base_inst/gen_cdc_pntr.wr_pntr_cdc_dc_inst/src_gray_ff_reg[2]/C
    SLICE_X5Y67          FDRE (Prop_HFF_SLICEM_C_Q)
                                                      0.079     0.079 r  dma_axis_ip_example_i/i2s_transmitter_0/inst/I2S_TX_V1_0_SYS_INST/AXIS_FIFO_INST/xpm_fifo_async_inst/gnuram_async_fifo.xpm_fifo_base_inst/gen_cdc_pntr.wr_pntr_cdc_dc_inst/src_gray_ff_reg[2]/Q
                         net (fo=1, routed)           0.311     0.390    dma_axis_ip_example_i/i2s_transmitter_0/inst/I2S_TX_V1_0_SYS_INST/AXIS_FIFO_INST/xpm_fifo_async_inst/gnuram_async_fifo.xpm_fifo_base_inst/gen_cdc_pntr.wr_pntr_cdc_dc_inst/async_path[2]
    SLICE_X6Y68          FDRE                                         r  dma_axis_ip_example_i/i2s_transmitter_0/inst/I2S_TX_V1_0_SYS_INST/AXIS_FIFO_INST/xpm_fifo_async_inst/gnuram_async_fifo.xpm_fifo_base_inst/gen_cdc_pntr.wr_pntr_cdc_dc_inst/dest_graysync_ff_reg[0][2]/D
  -------------------------------------------------------------------    -------------------

                         max delay                   10.000    10.000    
    SLICE_X6Y68          FDRE (Setup_DFF2_SLICEL_C_D)
                                                      0.025    10.025    dma_axis_ip_example_i/i2s_transmitter_0/inst/I2S_TX_V1_0_SYS_INST/AXIS_FIFO_INST/xpm_fifo_async_inst/gnuram_async_fifo.xpm_fifo_base_inst/gen_cdc_pntr.wr_pntr_cdc_dc_inst/dest_graysync_ff_reg[0][2]
  -------------------------------------------------------------------
                         required time                         10.025    
                         arrival time                          -0.390    
  -------------------------------------------------------------------
                         slack                                  9.635    

Slack (MET) :             9.653ns  (required time - arrival time)
  Source:                 dma_axis_ip_example_i/i2s_transmitter_0/inst/I2S_TX_V1_0_SYS_INST/AXIS_FIFO_INST/xpm_fifo_async_inst/gnuram_async_fifo.xpm_fifo_base_inst/gen_cdc_pntr.wr_pntr_cdc_inst/src_gray_ff_reg[1]/C
                            (rising edge-triggered cell FDRE clocked by clk_pl_0  {rise@0.000ns fall@5.000ns period=10.000ns})
  Destination:            dma_axis_ip_example_i/i2s_transmitter_0/inst/I2S_TX_V1_0_SYS_INST/AXIS_FIFO_INST/xpm_fifo_async_inst/gnuram_async_fifo.xpm_fifo_base_inst/gen_cdc_pntr.wr_pntr_cdc_inst/dest_graysync_ff_reg[0][1]/D
                            (rising edge-triggered cell FDRE clocked by clk_out1_dma_axis_ip_example_clk_wiz_0_0  {rise@0.000ns fall@44.289ns period=88.577ns})
  Path Group:             clk_out1_dma_axis_ip_example_clk_wiz_0_0
  Path Type:              Setup (Max at Slow Process Corner)
  Requirement:            10.000ns  (MaxDelay Path 10.000ns)
  Data Path Delay:        0.372ns  (logic 0.081ns (21.774%)  route 0.291ns (78.226%))
  Logic Levels:           0  
  Timing Exception:       MaxDelay Path 10.000ns -datapath_only

    Location             Delay type                Incr(ns)  Path(ns)    Netlist Resource(s)
  -------------------------------------------------------------------    -------------------
    SLICE_X7Y67                                       0.000     0.000 r  dma_axis_ip_example_i/i2s_transmitter_0/inst/I2S_TX_V1_0_SYS_INST/AXIS_FIFO_INST/xpm_fifo_async_inst/gnuram_async_fifo.xpm_fifo_base_inst/gen_cdc_pntr.wr_pntr_cdc_inst/src_gray_ff_reg[1]/C
    SLICE_X7Y67          FDRE (Prop_DFF2_SLICEL_C_Q)
                                                      0.081     0.081 r  dma_axis_ip_example_i/i2s_transmitter_0/inst/I2S_TX_V1_0_SYS_INST/AXIS_FIFO_INST/xpm_fifo_async_inst/gnuram_async_fifo.xpm_fifo_base_inst/gen_cdc_pntr.wr_pntr_cdc_inst/src_gray_ff_reg[1]/Q
                         net (fo=1, routed)           0.291     0.372    dma_axis_ip_example_i/i2s_transmitter_0/inst/I2S_TX_V1_0_SYS_INST/AXIS_FIFO_INST/xpm_fifo_async_inst/gnuram_async_fifo.xpm_fifo_base_inst/gen_cdc_pntr.wr_pntr_cdc_inst/async_path[1]
    SLICE_X7Y67          FDRE                                         r  dma_axis_ip_example_i/i2s_transmitter_0/inst/I2S_TX_V1_0_SYS_INST/AXIS_FIFO_INST/xpm_fifo_async_inst/gnuram_async_fifo.xpm_fifo_base_inst/gen_cdc_pntr.wr_pntr_cdc_inst/dest_graysync_ff_reg[0][1]/D
  -------------------------------------------------------------------    -------------------

                         max delay                   10.000    10.000    
    SLICE_X7Y67          FDRE (Setup_HFF2_SLICEL_C_D)
                                                      0.025    10.025    dma_axis_ip_example_i/i2s_transmitter_0/inst/I2S_TX_V1_0_SYS_INST/AXIS_FIFO_INST/xpm_fifo_async_inst/gnuram_async_fifo.xpm_fifo_base_inst/gen_cdc_pntr.wr_pntr_cdc_inst/dest_graysync_ff_reg[0][1]
  -------------------------------------------------------------------
                         required time                         10.025    
                         arrival time                          -0.372    
  -------------------------------------------------------------------
                         slack                                  9.653    

Slack (MET) :             9.660ns  (required time - arrival time)
  Source:                 dma_axis_ip_example_i/i2s_transmitter_0/inst/I2S_TX_V1_0_SYS_INST/AXIS_FIFO_INST/xpm_fifo_async_inst/gnuram_async_fifo.xpm_fifo_base_inst/gen_cdc_pntr.wr_pntr_cdc_dc_inst/src_gray_ff_reg[4]/C
                            (rising edge-triggered cell FDRE clocked by clk_pl_0  {rise@0.000ns fall@5.000ns period=10.000ns})
  Destination:            dma_axis_ip_example_i/i2s_transmitter_0/inst/I2S_TX_V1_0_SYS_INST/AXIS_FIFO_INST/xpm_fifo_async_inst/gnuram_async_fifo.xpm_fifo_base_inst/gen_cdc_pntr.wr_pntr_cdc_dc_inst/dest_graysync_ff_reg[0][4]/D
                            (rising edge-triggered cell FDRE clocked by clk_out1_dma_axis_ip_example_clk_wiz_0_0  {rise@0.000ns fall@44.289ns period=88.577ns})
  Path Group:             clk_out1_dma_axis_ip_example_clk_wiz_0_0
  Path Type:              Setup (Max at Slow Process Corner)
  Requirement:            10.000ns  (MaxDelay Path 10.000ns)
  Data Path Delay:        0.365ns  (logic 0.078ns (21.370%)  route 0.287ns (78.630%))
  Logic Levels:           0  
  Timing Exception:       MaxDelay Path 10.000ns -datapath_only

    Location             Delay type                Incr(ns)  Path(ns)    Netlist Resource(s)
  -------------------------------------------------------------------    -------------------
    SLICE_X5Y67                                       0.000     0.000 r  dma_axis_ip_example_i/i2s_transmitter_0/inst/I2S_TX_V1_0_SYS_INST/AXIS_FIFO_INST/xpm_fifo_async_inst/gnuram_async_fifo.xpm_fifo_base_inst/gen_cdc_pntr.wr_pntr_cdc_dc_inst/src_gray_ff_reg[4]/C
    SLICE_X5Y67          FDRE (Prop_GFF_SLICEM_C_Q)
                                                      0.078     0.078 r  dma_axis_ip_example_i/i2s_transmitter_0/inst/I2S_TX_V1_0_SYS_INST/AXIS_FIFO_INST/xpm_fifo_async_inst/gnuram_async_fifo.xpm_fifo_base_inst/gen_cdc_pntr.wr_pntr_cdc_dc_inst/src_gray_ff_reg[4]/Q
                         net (fo=1, routed)           0.287     0.365    dma_axis_ip_example_i/i2s_transmitter_0/inst/I2S_TX_V1_0_SYS_INST/AXIS_FIFO_INST/xpm_fifo_async_inst/gnuram_async_fifo.xpm_fifo_base_inst/gen_cdc_pntr.wr_pntr_cdc_dc_inst/async_path[4]
    SLICE_X6Y66          FDRE                                         r  dma_axis_ip_example_i/i2s_transmitter_0/inst/I2S_TX_V1_0_SYS_INST/AXIS_FIFO_INST/xpm_fifo_async_inst/gnuram_async_fifo.xpm_fifo_base_inst/gen_cdc_pntr.wr_pntr_cdc_dc_inst/dest_graysync_ff_reg[0][4]/D
  -------------------------------------------------------------------    -------------------

                         max delay                   10.000    10.000    
    SLICE_X6Y66          FDRE (Setup_HFF2_SLICEL_C_D)
                                                      0.025    10.025    dma_axis_ip_example_i/i2s_transmitter_0/inst/I2S_TX_V1_0_SYS_INST/AXIS_FIFO_INST/xpm_fifo_async_inst/gnuram_async_fifo.xpm_fifo_base_inst/gen_cdc_pntr.wr_pntr_cdc_dc_inst/dest_graysync_ff_reg[0][4]
  -------------------------------------------------------------------
                         required time                         10.025    
                         arrival time                          -0.365    
  -------------------------------------------------------------------
                         slack                                  9.660    





---------------------------------------------------------------------------------------------------
Path Group:  **async_default**
From Clock:  clk_pl_0
  To Clock:  clk_pl_0

Setup :            0  Failing Endpoints,  Worst Slack        8.723ns,  Total Violation        0.000ns
Hold  :            0  Failing Endpoints,  Worst Slack        0.210ns,  Total Violation        0.000ns
---------------------------------------------------------------------------------------------------


Max Delay Paths
--------------------------------------------------------------------------------------
Slack (MET) :             8.723ns  (required time - arrival time)
  Source:                 dma_axis_ip_example_i/ps7_0_axi_periph/s00_couplers/auto_ds/inst/gen_downsizer.gen_simple_downsizer.axi_downsizer_inst/USE_WRITE.write_addr_inst/cmd_queue/inst/fifo_gen_inst/inst_fifo_gen/gconvfifo.rf/grf.rf/rstblk/ngwrdrst.grst.g7serrst.gnsckt_wrst.gcc_rst.sckt_wr_rst_cc_reg[1]/C
                            (rising edge-triggered cell FDRE clocked by clk_pl_0  {rise@0.000ns fall@5.000ns period=10.000ns})
  Destination:            dma_axis_ip_example_i/ps7_0_axi_periph/s00_couplers/auto_ds/inst/gen_downsizer.gen_simple_downsizer.axi_downsizer_inst/USE_WRITE.write_addr_inst/cmd_queue/inst/fifo_gen_inst/inst_fifo_gen/gconvfifo.rf/grf.rf/gntv_or_sync_fifo.gl0.rd/gr1.gr1_int.rfwft/empty_fwft_fb_o_i_reg/PRE
                            (recovery check against rising-edge clock clk_pl_0  {rise@0.000ns fall@5.000ns period=10.000ns})
  Path Group:             **async_default**
  Path Type:              Recovery (Max at Slow Process Corner)
  Requirement:            10.000ns  (clk_pl_0 rise@10.000ns - clk_pl_0 rise@0.000ns)
  Data Path Delay:        1.010ns  (logic 0.229ns (22.680%)  route 0.781ns (77.320%))
  Logic Levels:           1  (LUT3=1)
  Clock Path Skew:        -0.072ns (DCD - SCD + CPR)
    Destination Clock Delay (DCD):    1.763ns = ( 11.763 - 10.000 ) 
    Source Clock Delay      (SCD):    1.998ns
    Clock Pessimism Removal (CPR):    0.163ns
  Clock Uncertainty:      0.130ns  ((TSJ^2 + DJ^2)^1/2) / 2 + PE
    Total System Jitter     (TSJ):    0.071ns
    Discrete Jitter          (DJ):    0.250ns
    Phase Error              (PE):    0.000ns
  Clock Net Delay (Source):      1.799ns (routing 0.753ns, distribution 1.046ns)
  Clock Net Delay (Destination): 1.603ns (routing 0.683ns, distribution 0.920ns)

    Location             Delay type                Incr(ns)  Path(ns)    Netlist Resource(s)
  -------------------------------------------------------------------    -------------------
                         (clock clk_pl_0 rise edge)
                                                      0.000     0.000 r  
    PS8_X0Y0             PS8                          0.000     0.000 r  dma_axis_ip_example_i/zynq_ultra_ps_e_0/inst/PS8_i/PLCLK[0]
                         net (fo=1, routed)           0.171     0.171    dma_axis_ip_example_i/zynq_ultra_ps_e_0/inst/pl_clk_unbuffered[0]
    BUFG_PS_X0Y67        BUFG_PS (Prop_BUFG_PS_I_O)
                                                      0.028     0.199 r  dma_axis_ip_example_i/zynq_ultra_ps_e_0/inst/buffer_pl_clk_0.PL_CLK_0_BUFG/O
    X0Y1 (CLOCK_ROOT)    net (fo=5975, routed)        1.799     1.998    dma_axis_ip_example_i/ps7_0_axi_periph/s00_couplers/auto_ds/inst/gen_downsizer.gen_simple_downsizer.axi_downsizer_inst/USE_WRITE.write_addr_inst/cmd_queue/inst/fifo_gen_inst/inst_fifo_gen/gconvfifo.rf/grf.rf/rstblk/clk
    SLICE_X4Y30          FDRE                                         r  dma_axis_ip_example_i/ps7_0_axi_periph/s00_couplers/auto_ds/inst/gen_downsizer.gen_simple_downsizer.axi_downsizer_inst/USE_WRITE.write_addr_inst/cmd_queue/inst/fifo_gen_inst/inst_fifo_gen/gconvfifo.rf/grf.rf/rstblk/ngwrdrst.grst.g7serrst.gnsckt_wrst.gcc_rst.sckt_wr_rst_cc_reg[1]/C
  -------------------------------------------------------------------    -------------------
    SLICE_X4Y30          FDRE (Prop_EFF2_SLICEM_C_Q)
                                                      0.079     2.077 f  dma_axis_ip_example_i/ps7_0_axi_periph/s00_couplers/auto_ds/inst/gen_downsizer.gen_simple_downsizer.axi_downsizer_inst/USE_WRITE.write_addr_inst/cmd_queue/inst/fifo_gen_inst/inst_fifo_gen/gconvfifo.rf/grf.rf/rstblk/ngwrdrst.grst.g7serrst.gnsckt_wrst.gcc_rst.sckt_wr_rst_cc_reg[1]/Q
                         net (fo=2, routed)           0.281     2.358    dma_axis_ip_example_i/ps7_0_axi_periph/s00_couplers/auto_ds/inst/gen_downsizer.gen_simple_downsizer.axi_downsizer_inst/USE_WRITE.write_addr_inst/cmd_queue/inst/fifo_gen_inst/inst_fifo_gen/gconvfifo.rf/grf.rf/rstblk/ngwrdrst.grst.g7serrst.gnsckt_wrst.gcc_rst.sckt_wr_rst_cc[1]
    SLICE_X4Y30          LUT3 (Prop_G6LUT_SLICEM_I0_O)
                                                      0.150     2.508 f  dma_axis_ip_example_i/ps7_0_axi_periph/s00_couplers/auto_ds/inst/gen_downsizer.gen_simple_downsizer.axi_downsizer_inst/USE_WRITE.write_addr_inst/cmd_queue/inst/fifo_gen_inst/inst_fifo_gen/gconvfifo.rf/grf.rf/rstblk/gpregsm1.curr_fwft_state[1]_i_2/O
                         net (fo=32, routed)          0.499     3.008    dma_axis_ip_example_i/ps7_0_axi_periph/s00_couplers/auto_ds/inst/gen_downsizer.gen_simple_downsizer.axi_downsizer_inst/USE_WRITE.write_addr_inst/cmd_queue/inst/fifo_gen_inst/inst_fifo_gen/gconvfifo.rf/grf.rf/gntv_or_sync_fifo.gl0.rd/gr1.gr1_int.rfwft/gpregsm1.user_valid_reg_0
    SLICE_X5Y33          FDPE                                         f  dma_axis_ip_example_i/ps7_0_axi_periph/s00_couplers/auto_ds/inst/gen_downsizer.gen_simple_downsizer.axi_downsizer_inst/USE_WRITE.write_addr_inst/cmd_queue/inst/fifo_gen_inst/inst_fifo_gen/gconvfifo.rf/grf.rf/gntv_or_sync_fifo.gl0.rd/gr1.gr1_int.rfwft/empty_fwft_fb_o_i_reg/PRE
  -------------------------------------------------------------------    -------------------

                         (clock clk_pl_0 rise edge)
                                                     10.000    10.000 r  
    PS8_X0Y0             PS8                          0.000    10.000 r  dma_axis_ip_example_i/zynq_ultra_ps_e_0/inst/PS8_i/PLCLK[0]
                         net (fo=1, routed)           0.135    10.135    dma_axis_ip_example_i/zynq_ultra_ps_e_0/inst/pl_clk_unbuffered[0]
    BUFG_PS_X0Y67        BUFG_PS (Prop_BUFG_PS_I_O)
                                                      0.025    10.160 r  dma_axis_ip_example_i/zynq_ultra_ps_e_0/inst/buffer_pl_clk_0.PL_CLK_0_BUFG/O
    X0Y1 (CLOCK_ROOT)    net (fo=5975, routed)        1.603    11.763    dma_axis_ip_example_i/ps7_0_axi_periph/s00_couplers/auto_ds/inst/gen_downsizer.gen_simple_downsizer.axi_downsizer_inst/USE_WRITE.write_addr_inst/cmd_queue/inst/fifo_gen_inst/inst_fifo_gen/gconvfifo.rf/grf.rf/gntv_or_sync_fifo.gl0.rd/gr1.gr1_int.rfwft/clk
    SLICE_X5Y33          FDPE                                         r  dma_axis_ip_example_i/ps7_0_axi_periph/s00_couplers/auto_ds/inst/gen_downsizer.gen_simple_downsizer.axi_downsizer_inst/USE_WRITE.write_addr_inst/cmd_queue/inst/fifo_gen_inst/inst_fifo_gen/gconvfifo.rf/grf.rf/gntv_or_sync_fifo.gl0.rd/gr1.gr1_int.rfwft/empty_fwft_fb_o_i_reg/C
                         clock pessimism              0.163    11.926    
                         clock uncertainty           -0.130    11.796    
    SLICE_X5Y33          FDPE (Recov_DFF2_SLICEM_C_PRE)
                                                     -0.066    11.730    dma_axis_ip_example_i/ps7_0_axi_periph/s00_couplers/auto_ds/inst/gen_downsizer.gen_simple_downsizer.axi_downsizer_inst/USE_WRITE.write_addr_inst/cmd_queue/inst/fifo_gen_inst/inst_fifo_gen/gconvfifo.rf/grf.rf/gntv_or_sync_fifo.gl0.rd/gr1.gr1_int.rfwft/empty_fwft_fb_o_i_reg
  -------------------------------------------------------------------
                         required time                         11.730    
                         arrival time                          -3.008    
  -------------------------------------------------------------------
                         slack                                  8.723    

Slack (MET) :             8.723ns  (required time - arrival time)
  Source:                 dma_axis_ip_example_i/ps7_0_axi_periph/s00_couplers/auto_ds/inst/gen_downsizer.gen_simple_downsizer.axi_downsizer_inst/USE_WRITE.write_addr_inst/cmd_queue/inst/fifo_gen_inst/inst_fifo_gen/gconvfifo.rf/grf.rf/rstblk/ngwrdrst.grst.g7serrst.gnsckt_wrst.gcc_rst.sckt_wr_rst_cc_reg[1]/C
                            (rising edge-triggered cell FDRE clocked by clk_pl_0  {rise@0.000ns fall@5.000ns period=10.000ns})
  Destination:            dma_axis_ip_example_i/ps7_0_axi_periph/s00_couplers/auto_ds/inst/gen_downsizer.gen_simple_downsizer.axi_downsizer_inst/USE_WRITE.write_addr_inst/cmd_queue/inst/fifo_gen_inst/inst_fifo_gen/gconvfifo.rf/grf.rf/gntv_or_sync_fifo.gl0.rd/gr1.gr1_int.rfwft/gpregsm1.curr_fwft_state_reg[0]/CLR
                            (recovery check against rising-edge clock clk_pl_0  {rise@0.000ns fall@5.000ns period=10.000ns})
  Path Group:             **async_default**
  Path Type:              Recovery (Max at Slow Process Corner)
  Requirement:            10.000ns  (clk_pl_0 rise@10.000ns - clk_pl_0 rise@0.000ns)
  Data Path Delay:        1.010ns  (logic 0.229ns (22.680%)  route 0.781ns (77.320%))
  Logic Levels:           1  (LUT3=1)
  Clock Path Skew:        -0.072ns (DCD - SCD + CPR)
    Destination Clock Delay (DCD):    1.763ns = ( 11.763 - 10.000 ) 
    Source Clock Delay      (SCD):    1.998ns
    Clock Pessimism Removal (CPR):    0.163ns
  Clock Uncertainty:      0.130ns  ((TSJ^2 + DJ^2)^1/2) / 2 + PE
    Total System Jitter     (TSJ):    0.071ns
    Discrete Jitter          (DJ):    0.250ns
    Phase Error              (PE):    0.000ns
  Clock Net Delay (Source):      1.799ns (routing 0.753ns, distribution 1.046ns)
  Clock Net Delay (Destination): 1.603ns (routing 0.683ns, distribution 0.920ns)

    Location             Delay type                Incr(ns)  Path(ns)    Netlist Resource(s)
  -------------------------------------------------------------------    -------------------
                         (clock clk_pl_0 rise edge)
                                                      0.000     0.000 r  
    PS8_X0Y0             PS8                          0.000     0.000 r  dma_axis_ip_example_i/zynq_ultra_ps_e_0/inst/PS8_i/PLCLK[0]
                         net (fo=1, routed)           0.171     0.171    dma_axis_ip_example_i/zynq_ultra_ps_e_0/inst/pl_clk_unbuffered[0]
    BUFG_PS_X0Y67        BUFG_PS (Prop_BUFG_PS_I_O)
                                                      0.028     0.199 r  dma_axis_ip_example_i/zynq_ultra_ps_e_0/inst/buffer_pl_clk_0.PL_CLK_0_BUFG/O
    X0Y1 (CLOCK_ROOT)    net (fo=5975, routed)        1.799     1.998    dma_axis_ip_example_i/ps7_0_axi_periph/s00_couplers/auto_ds/inst/gen_downsizer.gen_simple_downsizer.axi_downsizer_inst/USE_WRITE.write_addr_inst/cmd_queue/inst/fifo_gen_inst/inst_fifo_gen/gconvfifo.rf/grf.rf/rstblk/clk
    SLICE_X4Y30          FDRE                                         r  dma_axis_ip_example_i/ps7_0_axi_periph/s00_couplers/auto_ds/inst/gen_downsizer.gen_simple_downsizer.axi_downsizer_inst/USE_WRITE.write_addr_inst/cmd_queue/inst/fifo_gen_inst/inst_fifo_gen/gconvfifo.rf/grf.rf/rstblk/ngwrdrst.grst.g7serrst.gnsckt_wrst.gcc_rst.sckt_wr_rst_cc_reg[1]/C
  -------------------------------------------------------------------    -------------------
    SLICE_X4Y30          FDRE (Prop_EFF2_SLICEM_C_Q)
                                                      0.079     2.077 f  dma_axis_ip_example_i/ps7_0_axi_periph/s00_couplers/auto_ds/inst/gen_downsizer.gen_simple_downsizer.axi_downsizer_inst/USE_WRITE.write_addr_inst/cmd_queue/inst/fifo_gen_inst/inst_fifo_gen/gconvfifo.rf/grf.rf/rstblk/ngwrdrst.grst.g7serrst.gnsckt_wrst.gcc_rst.sckt_wr_rst_cc_reg[1]/Q
                         net (fo=2, routed)           0.281     2.358    dma_axis_ip_example_i/ps7_0_axi_periph/s00_couplers/auto_ds/inst/gen_downsizer.gen_simple_downsizer.axi_downsizer_inst/USE_WRITE.write_addr_inst/cmd_queue/inst/fifo_gen_inst/inst_fifo_gen/gconvfifo.rf/grf.rf/rstblk/ngwrdrst.grst.g7serrst.gnsckt_wrst.gcc_rst.sckt_wr_rst_cc[1]
    SLICE_X4Y30          LUT3 (Prop_G6LUT_SLICEM_I0_O)
                                                      0.150     2.508 f  dma_axis_ip_example_i/ps7_0_axi_periph/s00_couplers/auto_ds/inst/gen_downsizer.gen_simple_downsizer.axi_downsizer_inst/USE_WRITE.write_addr_inst/cmd_queue/inst/fifo_gen_inst/inst_fifo_gen/gconvfifo.rf/grf.rf/rstblk/gpregsm1.curr_fwft_state[1]_i_2/O
                         net (fo=32, routed)          0.499     3.008    dma_axis_ip_example_i/ps7_0_axi_periph/s00_couplers/auto_ds/inst/gen_downsizer.gen_simple_downsizer.axi_downsizer_inst/USE_WRITE.write_addr_inst/cmd_queue/inst/fifo_gen_inst/inst_fifo_gen/gconvfifo.rf/grf.rf/gntv_or_sync_fifo.gl0.rd/gr1.gr1_int.rfwft/gpregsm1.user_valid_reg_0
    SLICE_X5Y33          FDCE                                         f  dma_axis_ip_example_i/ps7_0_axi_periph/s00_couplers/auto_ds/inst/gen_downsizer.gen_simple_downsizer.axi_downsizer_inst/USE_WRITE.write_addr_inst/cmd_queue/inst/fifo_gen_inst/inst_fifo_gen/gconvfifo.rf/grf.rf/gntv_or_sync_fifo.gl0.rd/gr1.gr1_int.rfwft/gpregsm1.curr_fwft_state_reg[0]/CLR
  -------------------------------------------------------------------    -------------------

                         (clock clk_pl_0 rise edge)
                                                     10.000    10.000 r  
    PS8_X0Y0             PS8                          0.000    10.000 r  dma_axis_ip_example_i/zynq_ultra_ps_e_0/inst/PS8_i/PLCLK[0]
                         net (fo=1, routed)           0.135    10.135    dma_axis_ip_example_i/zynq_ultra_ps_e_0/inst/pl_clk_unbuffered[0]
    BUFG_PS_X0Y67        BUFG_PS (Prop_BUFG_PS_I_O)
                                                      0.025    10.160 r  dma_axis_ip_example_i/zynq_ultra_ps_e_0/inst/buffer_pl_clk_0.PL_CLK_0_BUFG/O
    X0Y1 (CLOCK_ROOT)    net (fo=5975, routed)        1.603    11.763    dma_axis_ip_example_i/ps7_0_axi_periph/s00_couplers/auto_ds/inst/gen_downsizer.gen_simple_downsizer.axi_downsizer_inst/USE_WRITE.write_addr_inst/cmd_queue/inst/fifo_gen_inst/inst_fifo_gen/gconvfifo.rf/grf.rf/gntv_or_sync_fifo.gl0.rd/gr1.gr1_int.rfwft/clk
    SLICE_X5Y33          FDCE                                         r  dma_axis_ip_example_i/ps7_0_axi_periph/s00_couplers/auto_ds/inst/gen_downsizer.gen_simple_downsizer.axi_downsizer_inst/USE_WRITE.write_addr_inst/cmd_queue/inst/fifo_gen_inst/inst_fifo_gen/gconvfifo.rf/grf.rf/gntv_or_sync_fifo.gl0.rd/gr1.gr1_int.rfwft/gpregsm1.curr_fwft_state_reg[0]/C
                         clock pessimism              0.163    11.926    
                         clock uncertainty           -0.130    11.796    
    SLICE_X5Y33          FDCE (Recov_CFF_SLICEM_C_CLR)
                                                     -0.066    11.730    dma_axis_ip_example_i/ps7_0_axi_periph/s00_couplers/auto_ds/inst/gen_downsizer.gen_simple_downsizer.axi_downsizer_inst/USE_WRITE.write_addr_inst/cmd_queue/inst/fifo_gen_inst/inst_fifo_gen/gconvfifo.rf/grf.rf/gntv_or_sync_fifo.gl0.rd/gr1.gr1_int.rfwft/gpregsm1.curr_fwft_state_reg[0]
  -------------------------------------------------------------------
                         required time                         11.730    
                         arrival time                          -3.008    
  -------------------------------------------------------------------
                         slack                                  8.723    

Slack (MET) :             8.723ns  (required time - arrival time)
  Source:                 dma_axis_ip_example_i/ps7_0_axi_periph/s00_couplers/auto_ds/inst/gen_downsizer.gen_simple_downsizer.axi_downsizer_inst/USE_WRITE.write_addr_inst/cmd_queue/inst/fifo_gen_inst/inst_fifo_gen/gconvfifo.rf/grf.rf/rstblk/ngwrdrst.grst.g7serrst.gnsckt_wrst.gcc_rst.sckt_wr_rst_cc_reg[1]/C
                            (rising edge-triggered cell FDRE clocked by clk_pl_0  {rise@0.000ns fall@5.000ns period=10.000ns})
  Destination:            dma_axis_ip_example_i/ps7_0_axi_periph/s00_couplers/auto_ds/inst/gen_downsizer.gen_simple_downsizer.axi_downsizer_inst/USE_WRITE.write_addr_inst/cmd_queue/inst/fifo_gen_inst/inst_fifo_gen/gconvfifo.rf/grf.rf/gntv_or_sync_fifo.gl0.rd/gr1.gr1_int.rfwft/gpregsm1.curr_fwft_state_reg[1]/CLR
                            (recovery check against rising-edge clock clk_pl_0  {rise@0.000ns fall@5.000ns period=10.000ns})
  Path Group:             **async_default**
  Path Type:              Recovery (Max at Slow Process Corner)
  Requirement:            10.000ns  (clk_pl_0 rise@10.000ns - clk_pl_0 rise@0.000ns)
  Data Path Delay:        1.010ns  (logic 0.229ns (22.680%)  route 0.781ns (77.320%))
  Logic Levels:           1  (LUT3=1)
  Clock Path Skew:        -0.072ns (DCD - SCD + CPR)
    Destination Clock Delay (DCD):    1.763ns = ( 11.763 - 10.000 ) 
    Source Clock Delay      (SCD):    1.998ns
    Clock Pessimism Removal (CPR):    0.163ns
  Clock Uncertainty:      0.130ns  ((TSJ^2 + DJ^2)^1/2) / 2 + PE
    Total System Jitter     (TSJ):    0.071ns
    Discrete Jitter          (DJ):    0.250ns
    Phase Error              (PE):    0.000ns
  Clock Net Delay (Source):      1.799ns (routing 0.753ns, distribution 1.046ns)
  Clock Net Delay (Destination): 1.603ns (routing 0.683ns, distribution 0.920ns)

    Location             Delay type                Incr(ns)  Path(ns)    Netlist Resource(s)
  -------------------------------------------------------------------    -------------------
                         (clock clk_pl_0 rise edge)
                                                      0.000     0.000 r  
    PS8_X0Y0             PS8                          0.000     0.000 r  dma_axis_ip_example_i/zynq_ultra_ps_e_0/inst/PS8_i/PLCLK[0]
                         net (fo=1, routed)           0.171     0.171    dma_axis_ip_example_i/zynq_ultra_ps_e_0/inst/pl_clk_unbuffered[0]
    BUFG_PS_X0Y67        BUFG_PS (Prop_BUFG_PS_I_O)
                                                      0.028     0.199 r  dma_axis_ip_example_i/zynq_ultra_ps_e_0/inst/buffer_pl_clk_0.PL_CLK_0_BUFG/O
    X0Y1 (CLOCK_ROOT)    net (fo=5975, routed)        1.799     1.998    dma_axis_ip_example_i/ps7_0_axi_periph/s00_couplers/auto_ds/inst/gen_downsizer.gen_simple_downsizer.axi_downsizer_inst/USE_WRITE.write_addr_inst/cmd_queue/inst/fifo_gen_inst/inst_fifo_gen/gconvfifo.rf/grf.rf/rstblk/clk
    SLICE_X4Y30          FDRE                                         r  dma_axis_ip_example_i/ps7_0_axi_periph/s00_couplers/auto_ds/inst/gen_downsizer.gen_simple_downsizer.axi_downsizer_inst/USE_WRITE.write_addr_inst/cmd_queue/inst/fifo_gen_inst/inst_fifo_gen/gconvfifo.rf/grf.rf/rstblk/ngwrdrst.grst.g7serrst.gnsckt_wrst.gcc_rst.sckt_wr_rst_cc_reg[1]/C
  -------------------------------------------------------------------    -------------------
    SLICE_X4Y30          FDRE (Prop_EFF2_SLICEM_C_Q)
                                                      0.079     2.077 f  dma_axis_ip_example_i/ps7_0_axi_periph/s00_couplers/auto_ds/inst/gen_downsizer.gen_simple_downsizer.axi_downsizer_inst/USE_WRITE.write_addr_inst/cmd_queue/inst/fifo_gen_inst/inst_fifo_gen/gconvfifo.rf/grf.rf/rstblk/ngwrdrst.grst.g7serrst.gnsckt_wrst.gcc_rst.sckt_wr_rst_cc_reg[1]/Q
                         net (fo=2, routed)           0.281     2.358    dma_axis_ip_example_i/ps7_0_axi_periph/s00_couplers/auto_ds/inst/gen_downsizer.gen_simple_downsizer.axi_downsizer_inst/USE_WRITE.write_addr_inst/cmd_queue/inst/fifo_gen_inst/inst_fifo_gen/gconvfifo.rf/grf.rf/rstblk/ngwrdrst.grst.g7serrst.gnsckt_wrst.gcc_rst.sckt_wr_rst_cc[1]
    SLICE_X4Y30          LUT3 (Prop_G6LUT_SLICEM_I0_O)
                                                      0.150     2.508 f  dma_axis_ip_example_i/ps7_0_axi_periph/s00_couplers/auto_ds/inst/gen_downsizer.gen_simple_downsizer.axi_downsizer_inst/USE_WRITE.write_addr_inst/cmd_queue/inst/fifo_gen_inst/inst_fifo_gen/gconvfifo.rf/grf.rf/rstblk/gpregsm1.curr_fwft_state[1]_i_2/O
                         net (fo=32, routed)          0.499     3.008    dma_axis_ip_example_i/ps7_0_axi_periph/s00_couplers/auto_ds/inst/gen_downsizer.gen_simple_downsizer.axi_downsizer_inst/USE_WRITE.write_addr_inst/cmd_queue/inst/fifo_gen_inst/inst_fifo_gen/gconvfifo.rf/grf.rf/gntv_or_sync_fifo.gl0.rd/gr1.gr1_int.rfwft/gpregsm1.user_valid_reg_0
    SLICE_X5Y33          FDCE                                         f  dma_axis_ip_example_i/ps7_0_axi_periph/s00_couplers/auto_ds/inst/gen_downsizer.gen_simple_downsizer.axi_downsizer_inst/USE_WRITE.write_addr_inst/cmd_queue/inst/fifo_gen_inst/inst_fifo_gen/gconvfifo.rf/grf.rf/gntv_or_sync_fifo.gl0.rd/gr1.gr1_int.rfwft/gpregsm1.curr_fwft_state_reg[1]/CLR
  -------------------------------------------------------------------    -------------------

                         (clock clk_pl_0 rise edge)
                                                     10.000    10.000 r  
    PS8_X0Y0             PS8                          0.000    10.000 r  dma_axis_ip_example_i/zynq_ultra_ps_e_0/inst/PS8_i/PLCLK[0]
                         net (fo=1, routed)           0.135    10.135    dma_axis_ip_example_i/zynq_ultra_ps_e_0/inst/pl_clk_unbuffered[0]
    BUFG_PS_X0Y67        BUFG_PS (Prop_BUFG_PS_I_O)
                                                      0.025    10.160 r  dma_axis_ip_example_i/zynq_ultra_ps_e_0/inst/buffer_pl_clk_0.PL_CLK_0_BUFG/O
    X0Y1 (CLOCK_ROOT)    net (fo=5975, routed)        1.603    11.763    dma_axis_ip_example_i/ps7_0_axi_periph/s00_couplers/auto_ds/inst/gen_downsizer.gen_simple_downsizer.axi_downsizer_inst/USE_WRITE.write_addr_inst/cmd_queue/inst/fifo_gen_inst/inst_fifo_gen/gconvfifo.rf/grf.rf/gntv_or_sync_fifo.gl0.rd/gr1.gr1_int.rfwft/clk
    SLICE_X5Y33          FDCE                                         r  dma_axis_ip_example_i/ps7_0_axi_periph/s00_couplers/auto_ds/inst/gen_downsizer.gen_simple_downsizer.axi_downsizer_inst/USE_WRITE.write_addr_inst/cmd_queue/inst/fifo_gen_inst/inst_fifo_gen/gconvfifo.rf/grf.rf/gntv_or_sync_fifo.gl0.rd/gr1.gr1_int.rfwft/gpregsm1.curr_fwft_state_reg[1]/C
                         clock pessimism              0.163    11.926    
                         clock uncertainty           -0.130    11.796    
    SLICE_X5Y33          FDCE (Recov_CFF2_SLICEM_C_CLR)
                                                     -0.066    11.730    dma_axis_ip_example_i/ps7_0_axi_periph/s00_couplers/auto_ds/inst/gen_downsizer.gen_simple_downsizer.axi_downsizer_inst/USE_WRITE.write_addr_inst/cmd_queue/inst/fifo_gen_inst/inst_fifo_gen/gconvfifo.rf/grf.rf/gntv_or_sync_fifo.gl0.rd/gr1.gr1_int.rfwft/gpregsm1.curr_fwft_state_reg[1]
  -------------------------------------------------------------------
                         required time                         11.730    
                         arrival time                          -3.008    
  -------------------------------------------------------------------
                         slack                                  8.723    

Slack (MET) :             8.723ns  (required time - arrival time)
  Source:                 dma_axis_ip_example_i/ps7_0_axi_periph/s00_couplers/auto_ds/inst/gen_downsizer.gen_simple_downsizer.axi_downsizer_inst/USE_WRITE.write_addr_inst/cmd_queue/inst/fifo_gen_inst/inst_fifo_gen/gconvfifo.rf/grf.rf/rstblk/ngwrdrst.grst.g7serrst.gnsckt_wrst.gcc_rst.sckt_wr_rst_cc_reg[1]/C
                            (rising edge-triggered cell FDRE clocked by clk_pl_0  {rise@0.000ns fall@5.000ns period=10.000ns})
  Destination:            dma_axis_ip_example_i/ps7_0_axi_periph/s00_couplers/auto_ds/inst/gen_downsizer.gen_simple_downsizer.axi_downsizer_inst/USE_WRITE.write_addr_inst/cmd_queue/inst/fifo_gen_inst/inst_fifo_gen/gconvfifo.rf/grf.rf/gntv_or_sync_fifo.gl0.rd/gr1.gr1_int.rfwft/gpregsm1.user_valid_reg/CLR
                            (recovery check against rising-edge clock clk_pl_0  {rise@0.000ns fall@5.000ns period=10.000ns})
  Path Group:             **async_default**
  Path Type:              Recovery (Max at Slow Process Corner)
  Requirement:            10.000ns  (clk_pl_0 rise@10.000ns - clk_pl_0 rise@0.000ns)
  Data Path Delay:        1.010ns  (logic 0.229ns (22.680%)  route 0.781ns (77.320%))
  Logic Levels:           1  (LUT3=1)
  Clock Path Skew:        -0.072ns (DCD - SCD + CPR)
    Destination Clock Delay (DCD):    1.763ns = ( 11.763 - 10.000 ) 
    Source Clock Delay      (SCD):    1.998ns
    Clock Pessimism Removal (CPR):    0.163ns
  Clock Uncertainty:      0.130ns  ((TSJ^2 + DJ^2)^1/2) / 2 + PE
    Total System Jitter     (TSJ):    0.071ns
    Discrete Jitter          (DJ):    0.250ns
    Phase Error              (PE):    0.000ns
  Clock Net Delay (Source):      1.799ns (routing 0.753ns, distribution 1.046ns)
  Clock Net Delay (Destination): 1.603ns (routing 0.683ns, distribution 0.920ns)

    Location             Delay type                Incr(ns)  Path(ns)    Netlist Resource(s)
  -------------------------------------------------------------------    -------------------
                         (clock clk_pl_0 rise edge)
                                                      0.000     0.000 r  
    PS8_X0Y0             PS8                          0.000     0.000 r  dma_axis_ip_example_i/zynq_ultra_ps_e_0/inst/PS8_i/PLCLK[0]
                         net (fo=1, routed)           0.171     0.171    dma_axis_ip_example_i/zynq_ultra_ps_e_0/inst/pl_clk_unbuffered[0]
    BUFG_PS_X0Y67        BUFG_PS (Prop_BUFG_PS_I_O)
                                                      0.028     0.199 r  dma_axis_ip_example_i/zynq_ultra_ps_e_0/inst/buffer_pl_clk_0.PL_CLK_0_BUFG/O
    X0Y1 (CLOCK_ROOT)    net (fo=5975, routed)        1.799     1.998    dma_axis_ip_example_i/ps7_0_axi_periph/s00_couplers/auto_ds/inst/gen_downsizer.gen_simple_downsizer.axi_downsizer_inst/USE_WRITE.write_addr_inst/cmd_queue/inst/fifo_gen_inst/inst_fifo_gen/gconvfifo.rf/grf.rf/rstblk/clk
    SLICE_X4Y30          FDRE                                         r  dma_axis_ip_example_i/ps7_0_axi_periph/s00_couplers/auto_ds/inst/gen_downsizer.gen_simple_downsizer.axi_downsizer_inst/USE_WRITE.write_addr_inst/cmd_queue/inst/fifo_gen_inst/inst_fifo_gen/gconvfifo.rf/grf.rf/rstblk/ngwrdrst.grst.g7serrst.gnsckt_wrst.gcc_rst.sckt_wr_rst_cc_reg[1]/C
  -------------------------------------------------------------------    -------------------
    SLICE_X4Y30          FDRE (Prop_EFF2_SLICEM_C_Q)
                                                      0.079     2.077 f  dma_axis_ip_example_i/ps7_0_axi_periph/s00_couplers/auto_ds/inst/gen_downsizer.gen_simple_downsizer.axi_downsizer_inst/USE_WRITE.write_addr_inst/cmd_queue/inst/fifo_gen_inst/inst_fifo_gen/gconvfifo.rf/grf.rf/rstblk/ngwrdrst.grst.g7serrst.gnsckt_wrst.gcc_rst.sckt_wr_rst_cc_reg[1]/Q
                         net (fo=2, routed)           0.281     2.358    dma_axis_ip_example_i/ps7_0_axi_periph/s00_couplers/auto_ds/inst/gen_downsizer.gen_simple_downsizer.axi_downsizer_inst/USE_WRITE.write_addr_inst/cmd_queue/inst/fifo_gen_inst/inst_fifo_gen/gconvfifo.rf/grf.rf/rstblk/ngwrdrst.grst.g7serrst.gnsckt_wrst.gcc_rst.sckt_wr_rst_cc[1]
    SLICE_X4Y30          LUT3 (Prop_G6LUT_SLICEM_I0_O)
                                                      0.150     2.508 f  dma_axis_ip_example_i/ps7_0_axi_periph/s00_couplers/auto_ds/inst/gen_downsizer.gen_simple_downsizer.axi_downsizer_inst/USE_WRITE.write_addr_inst/cmd_queue/inst/fifo_gen_inst/inst_fifo_gen/gconvfifo.rf/grf.rf/rstblk/gpregsm1.curr_fwft_state[1]_i_2/O
                         net (fo=32, routed)          0.499     3.008    dma_axis_ip_example_i/ps7_0_axi_periph/s00_couplers/auto_ds/inst/gen_downsizer.gen_simple_downsizer.axi_downsizer_inst/USE_WRITE.write_addr_inst/cmd_queue/inst/fifo_gen_inst/inst_fifo_gen/gconvfifo.rf/grf.rf/gntv_or_sync_fifo.gl0.rd/gr1.gr1_int.rfwft/gpregsm1.user_valid_reg_0
    SLICE_X5Y33          FDCE                                         f  dma_axis_ip_example_i/ps7_0_axi_periph/s00_couplers/auto_ds/inst/gen_downsizer.gen_simple_downsizer.axi_downsizer_inst/USE_WRITE.write_addr_inst/cmd_queue/inst/fifo_gen_inst/inst_fifo_gen/gconvfifo.rf/grf.rf/gntv_or_sync_fifo.gl0.rd/gr1.gr1_int.rfwft/gpregsm1.user_valid_reg/CLR
  -------------------------------------------------------------------    -------------------

                         (clock clk_pl_0 rise edge)
                                                     10.000    10.000 r  
    PS8_X0Y0             PS8                          0.000    10.000 r  dma_axis_ip_example_i/zynq_ultra_ps_e_0/inst/PS8_i/PLCLK[0]
                         net (fo=1, routed)           0.135    10.135    dma_axis_ip_example_i/zynq_ultra_ps_e_0/inst/pl_clk_unbuffered[0]
    BUFG_PS_X0Y67        BUFG_PS (Prop_BUFG_PS_I_O)
                                                      0.025    10.160 r  dma_axis_ip_example_i/zynq_ultra_ps_e_0/inst/buffer_pl_clk_0.PL_CLK_0_BUFG/O
    X0Y1 (CLOCK_ROOT)    net (fo=5975, routed)        1.603    11.763    dma_axis_ip_example_i/ps7_0_axi_periph/s00_couplers/auto_ds/inst/gen_downsizer.gen_simple_downsizer.axi_downsizer_inst/USE_WRITE.write_addr_inst/cmd_queue/inst/fifo_gen_inst/inst_fifo_gen/gconvfifo.rf/grf.rf/gntv_or_sync_fifo.gl0.rd/gr1.gr1_int.rfwft/clk
    SLICE_X5Y33          FDCE                                         r  dma_axis_ip_example_i/ps7_0_axi_periph/s00_couplers/auto_ds/inst/gen_downsizer.gen_simple_downsizer.axi_downsizer_inst/USE_WRITE.write_addr_inst/cmd_queue/inst/fifo_gen_inst/inst_fifo_gen/gconvfifo.rf/grf.rf/gntv_or_sync_fifo.gl0.rd/gr1.gr1_int.rfwft/gpregsm1.user_valid_reg/C
                         clock pessimism              0.163    11.926    
                         clock uncertainty           -0.130    11.796    
    SLICE_X5Y33          FDCE (Recov_BFF2_SLICEM_C_CLR)
                                                     -0.066    11.730    dma_axis_ip_example_i/ps7_0_axi_periph/s00_couplers/auto_ds/inst/gen_downsizer.gen_simple_downsizer.axi_downsizer_inst/USE_WRITE.write_addr_inst/cmd_queue/inst/fifo_gen_inst/inst_fifo_gen/gconvfifo.rf/grf.rf/gntv_or_sync_fifo.gl0.rd/gr1.gr1_int.rfwft/gpregsm1.user_valid_reg
  -------------------------------------------------------------------
                         required time                         11.730    
                         arrival time                          -3.008    
  -------------------------------------------------------------------
                         slack                                  8.723    

Slack (MET) :             8.725ns  (required time - arrival time)
  Source:                 dma_axis_ip_example_i/ps7_0_axi_periph/s00_couplers/auto_ds/inst/gen_downsizer.gen_simple_downsizer.axi_downsizer_inst/USE_WRITE.write_addr_inst/cmd_queue/inst/fifo_gen_inst/inst_fifo_gen/gconvfifo.rf/grf.rf/rstblk/ngwrdrst.grst.g7serrst.gnsckt_wrst.gcc_rst.sckt_wr_rst_cc_reg[1]/C
                            (rising edge-triggered cell FDRE clocked by clk_pl_0  {rise@0.000ns fall@5.000ns period=10.000ns})
  Destination:            dma_axis_ip_example_i/ps7_0_axi_periph/s00_couplers/auto_ds/inst/gen_downsizer.gen_simple_downsizer.axi_downsizer_inst/USE_WRITE.write_addr_inst/cmd_queue/inst/fifo_gen_inst/inst_fifo_gen/gconvfifo.rf/grf.rf/gntv_or_sync_fifo.gl0.rd/gr1.gr1_int.rfwft/aempty_fwft_fb_i_reg/PRE
                            (recovery check against rising-edge clock clk_pl_0  {rise@0.000ns fall@5.000ns period=10.000ns})
  Path Group:             **async_default**
  Path Type:              Recovery (Max at Slow Process Corner)
  Requirement:            10.000ns  (clk_pl_0 rise@10.000ns - clk_pl_0 rise@0.000ns)
  Data Path Delay:        1.007ns  (logic 0.229ns (22.748%)  route 0.778ns (77.252%))
  Logic Levels:           1  (LUT3=1)
  Clock Path Skew:        -0.073ns (DCD - SCD + CPR)
    Destination Clock Delay (DCD):    1.762ns = ( 11.762 - 10.000 ) 
    Source Clock Delay      (SCD):    1.998ns
    Clock Pessimism Removal (CPR):    0.163ns
  Clock Uncertainty:      0.130ns  ((TSJ^2 + DJ^2)^1/2) / 2 + PE
    Total System Jitter     (TSJ):    0.071ns
    Discrete Jitter          (DJ):    0.250ns
    Phase Error              (PE):    0.000ns
  Clock Net Delay (Source):      1.799ns (routing 0.753ns, distribution 1.046ns)
  Clock Net Delay (Destination): 1.602ns (routing 0.683ns, distribution 0.919ns)

    Location             Delay type                Incr(ns)  Path(ns)    Netlist Resource(s)
  -------------------------------------------------------------------    -------------------
                         (clock clk_pl_0 rise edge)
                                                      0.000     0.000 r  
    PS8_X0Y0             PS8                          0.000     0.000 r  dma_axis_ip_example_i/zynq_ultra_ps_e_0/inst/PS8_i/PLCLK[0]
                         net (fo=1, routed)           0.171     0.171    dma_axis_ip_example_i/zynq_ultra_ps_e_0/inst/pl_clk_unbuffered[0]
    BUFG_PS_X0Y67        BUFG_PS (Prop_BUFG_PS_I_O)
                                                      0.028     0.199 r  dma_axis_ip_example_i/zynq_ultra_ps_e_0/inst/buffer_pl_clk_0.PL_CLK_0_BUFG/O
    X0Y1 (CLOCK_ROOT)    net (fo=5975, routed)        1.799     1.998    dma_axis_ip_example_i/ps7_0_axi_periph/s00_couplers/auto_ds/inst/gen_downsizer.gen_simple_downsizer.axi_downsizer_inst/USE_WRITE.write_addr_inst/cmd_queue/inst/fifo_gen_inst/inst_fifo_gen/gconvfifo.rf/grf.rf/rstblk/clk
    SLICE_X4Y30          FDRE                                         r  dma_axis_ip_example_i/ps7_0_axi_periph/s00_couplers/auto_ds/inst/gen_downsizer.gen_simple_downsizer.axi_downsizer_inst/USE_WRITE.write_addr_inst/cmd_queue/inst/fifo_gen_inst/inst_fifo_gen/gconvfifo.rf/grf.rf/rstblk/ngwrdrst.grst.g7serrst.gnsckt_wrst.gcc_rst.sckt_wr_rst_cc_reg[1]/C
  -------------------------------------------------------------------    -------------------
    SLICE_X4Y30          FDRE (Prop_EFF2_SLICEM_C_Q)
                                                      0.079     2.077 f  dma_axis_ip_example_i/ps7_0_axi_periph/s00_couplers/auto_ds/inst/gen_downsizer.gen_simple_downsizer.axi_downsizer_inst/USE_WRITE.write_addr_inst/cmd_queue/inst/fifo_gen_inst/inst_fifo_gen/gconvfifo.rf/grf.rf/rstblk/ngwrdrst.grst.g7serrst.gnsckt_wrst.gcc_rst.sckt_wr_rst_cc_reg[1]/Q
                         net (fo=2, routed)           0.281     2.358    dma_axis_ip_example_i/ps7_0_axi_periph/s00_couplers/auto_ds/inst/gen_downsizer.gen_simple_downsizer.axi_downsizer_inst/USE_WRITE.write_addr_inst/cmd_queue/inst/fifo_gen_inst/inst_fifo_gen/gconvfifo.rf/grf.rf/rstblk/ngwrdrst.grst.g7serrst.gnsckt_wrst.gcc_rst.sckt_wr_rst_cc[1]
    SLICE_X4Y30          LUT3 (Prop_G6LUT_SLICEM_I0_O)
                                                      0.150     2.508 f  dma_axis_ip_example_i/ps7_0_axi_periph/s00_couplers/auto_ds/inst/gen_downsizer.gen_simple_downsizer.axi_downsizer_inst/USE_WRITE.write_addr_inst/cmd_queue/inst/fifo_gen_inst/inst_fifo_gen/gconvfifo.rf/grf.rf/rstblk/gpregsm1.curr_fwft_state[1]_i_2/O
                         net (fo=32, routed)          0.496     3.005    dma_axis_ip_example_i/ps7_0_axi_periph/s00_couplers/auto_ds/inst/gen_downsizer.gen_simple_downsizer.axi_downsizer_inst/USE_WRITE.write_addr_inst/cmd_queue/inst/fifo_gen_inst/inst_fifo_gen/gconvfifo.rf/grf.rf/gntv_or_sync_fifo.gl0.rd/gr1.gr1_int.rfwft/gpregsm1.user_valid_reg_0
    SLICE_X5Y33          FDPE                                         f  dma_axis_ip_example_i/ps7_0_axi_periph/s00_couplers/auto_ds/inst/gen_downsizer.gen_simple_downsizer.axi_downsizer_inst/USE_WRITE.write_addr_inst/cmd_queue/inst/fifo_gen_inst/inst_fifo_gen/gconvfifo.rf/grf.rf/gntv_or_sync_fifo.gl0.rd/gr1.gr1_int.rfwft/aempty_fwft_fb_i_reg/PRE
  -------------------------------------------------------------------    -------------------

                         (clock clk_pl_0 rise edge)
                                                     10.000    10.000 r  
    PS8_X0Y0             PS8                          0.000    10.000 r  dma_axis_ip_example_i/zynq_ultra_ps_e_0/inst/PS8_i/PLCLK[0]
                         net (fo=1, routed)           0.135    10.135    dma_axis_ip_example_i/zynq_ultra_ps_e_0/inst/pl_clk_unbuffered[0]
    BUFG_PS_X0Y67        BUFG_PS (Prop_BUFG_PS_I_O)
                                                      0.025    10.160 r  dma_axis_ip_example_i/zynq_ultra_ps_e_0/inst/buffer_pl_clk_0.PL_CLK_0_BUFG/O
    X0Y1 (CLOCK_ROOT)    net (fo=5975, routed)        1.602    11.762    dma_axis_ip_example_i/ps7_0_axi_periph/s00_couplers/auto_ds/inst/gen_downsizer.gen_simple_downsizer.axi_downsizer_inst/USE_WRITE.write_addr_inst/cmd_queue/inst/fifo_gen_inst/inst_fifo_gen/gconvfifo.rf/grf.rf/gntv_or_sync_fifo.gl0.rd/gr1.gr1_int.rfwft/clk
    SLICE_X5Y33          FDPE                                         r  dma_axis_ip_example_i/ps7_0_axi_periph/s00_couplers/auto_ds/inst/gen_downsizer.gen_simple_downsizer.axi_downsizer_inst/USE_WRITE.write_addr_inst/cmd_queue/inst/fifo_gen_inst/inst_fifo_gen/gconvfifo.rf/grf.rf/gntv_or_sync_fifo.gl0.rd/gr1.gr1_int.rfwft/aempty_fwft_fb_i_reg/C
                         clock pessimism              0.163    11.925    
                         clock uncertainty           -0.130    11.795    
    SLICE_X5Y33          FDPE (Recov_EFF_SLICEM_C_PRE)
                                                     -0.066    11.729    dma_axis_ip_example_i/ps7_0_axi_periph/s00_couplers/auto_ds/inst/gen_downsizer.gen_simple_downsizer.axi_downsizer_inst/USE_WRITE.write_addr_inst/cmd_queue/inst/fifo_gen_inst/inst_fifo_gen/gconvfifo.rf/grf.rf/gntv_or_sync_fifo.gl0.rd/gr1.gr1_int.rfwft/aempty_fwft_fb_i_reg
  -------------------------------------------------------------------
                         required time                         11.729    
                         arrival time                          -3.005    
  -------------------------------------------------------------------
                         slack                                  8.725    

Slack (MET) :             8.725ns  (required time - arrival time)
  Source:                 dma_axis_ip_example_i/ps7_0_axi_periph/s00_couplers/auto_ds/inst/gen_downsizer.gen_simple_downsizer.axi_downsizer_inst/USE_WRITE.write_addr_inst/cmd_queue/inst/fifo_gen_inst/inst_fifo_gen/gconvfifo.rf/grf.rf/rstblk/ngwrdrst.grst.g7serrst.gnsckt_wrst.gcc_rst.sckt_wr_rst_cc_reg[1]/C
                            (rising edge-triggered cell FDRE clocked by clk_pl_0  {rise@0.000ns fall@5.000ns period=10.000ns})
  Destination:            dma_axis_ip_example_i/ps7_0_axi_periph/s00_couplers/auto_ds/inst/gen_downsizer.gen_simple_downsizer.axi_downsizer_inst/USE_WRITE.write_addr_inst/cmd_queue/inst/fifo_gen_inst/inst_fifo_gen/gconvfifo.rf/grf.rf/gntv_or_sync_fifo.gl0.rd/gr1.gr1_int.rfwft/aempty_fwft_i_reg/PRE
                            (recovery check against rising-edge clock clk_pl_0  {rise@0.000ns fall@5.000ns period=10.000ns})
  Path Group:             **async_default**
  Path Type:              Recovery (Max at Slow Process Corner)
  Requirement:            10.000ns  (clk_pl_0 rise@10.000ns - clk_pl_0 rise@0.000ns)
  Data Path Delay:        1.007ns  (logic 0.229ns (22.748%)  route 0.778ns (77.252%))
  Logic Levels:           1  (LUT3=1)
  Clock Path Skew:        -0.073ns (DCD - SCD + CPR)
    Destination Clock Delay (DCD):    1.762ns = ( 11.762 - 10.000 ) 
    Source Clock Delay      (SCD):    1.998ns
    Clock Pessimism Removal (CPR):    0.163ns
  Clock Uncertainty:      0.130ns  ((TSJ^2 + DJ^2)^1/2) / 2 + PE
    Total System Jitter     (TSJ):    0.071ns
    Discrete Jitter          (DJ):    0.250ns
    Phase Error              (PE):    0.000ns
  Clock Net Delay (Source):      1.799ns (routing 0.753ns, distribution 1.046ns)
  Clock Net Delay (Destination): 1.602ns (routing 0.683ns, distribution 0.919ns)

    Location             Delay type                Incr(ns)  Path(ns)    Netlist Resource(s)
  -------------------------------------------------------------------    -------------------
                         (clock clk_pl_0 rise edge)
                                                      0.000     0.000 r  
    PS8_X0Y0             PS8                          0.000     0.000 r  dma_axis_ip_example_i/zynq_ultra_ps_e_0/inst/PS8_i/PLCLK[0]
                         net (fo=1, routed)           0.171     0.171    dma_axis_ip_example_i/zynq_ultra_ps_e_0/inst/pl_clk_unbuffered[0]
    BUFG_PS_X0Y67        BUFG_PS (Prop_BUFG_PS_I_O)
                                                      0.028     0.199 r  dma_axis_ip_example_i/zynq_ultra_ps_e_0/inst/buffer_pl_clk_0.PL_CLK_0_BUFG/O
    X0Y1 (CLOCK_ROOT)    net (fo=5975, routed)        1.799     1.998    dma_axis_ip_example_i/ps7_0_axi_periph/s00_couplers/auto_ds/inst/gen_downsizer.gen_simple_downsizer.axi_downsizer_inst/USE_WRITE.write_addr_inst/cmd_queue/inst/fifo_gen_inst/inst_fifo_gen/gconvfifo.rf/grf.rf/rstblk/clk
    SLICE_X4Y30          FDRE                                         r  dma_axis_ip_example_i/ps7_0_axi_periph/s00_couplers/auto_ds/inst/gen_downsizer.gen_simple_downsizer.axi_downsizer_inst/USE_WRITE.write_addr_inst/cmd_queue/inst/fifo_gen_inst/inst_fifo_gen/gconvfifo.rf/grf.rf/rstblk/ngwrdrst.grst.g7serrst.gnsckt_wrst.gcc_rst.sckt_wr_rst_cc_reg[1]/C
  -------------------------------------------------------------------    -------------------
    SLICE_X4Y30          FDRE (Prop_EFF2_SLICEM_C_Q)
                                                      0.079     2.077 f  dma_axis_ip_example_i/ps7_0_axi_periph/s00_couplers/auto_ds/inst/gen_downsizer.gen_simple_downsizer.axi_downsizer_inst/USE_WRITE.write_addr_inst/cmd_queue/inst/fifo_gen_inst/inst_fifo_gen/gconvfifo.rf/grf.rf/rstblk/ngwrdrst.grst.g7serrst.gnsckt_wrst.gcc_rst.sckt_wr_rst_cc_reg[1]/Q
                         net (fo=2, routed)           0.281     2.358    dma_axis_ip_example_i/ps7_0_axi_periph/s00_couplers/auto_ds/inst/gen_downsizer.gen_simple_downsizer.axi_downsizer_inst/USE_WRITE.write_addr_inst/cmd_queue/inst/fifo_gen_inst/inst_fifo_gen/gconvfifo.rf/grf.rf/rstblk/ngwrdrst.grst.g7serrst.gnsckt_wrst.gcc_rst.sckt_wr_rst_cc[1]
    SLICE_X4Y30          LUT3 (Prop_G6LUT_SLICEM_I0_O)
                                                      0.150     2.508 f  dma_axis_ip_example_i/ps7_0_axi_periph/s00_couplers/auto_ds/inst/gen_downsizer.gen_simple_downsizer.axi_downsizer_inst/USE_WRITE.write_addr_inst/cmd_queue/inst/fifo_gen_inst/inst_fifo_gen/gconvfifo.rf/grf.rf/rstblk/gpregsm1.curr_fwft_state[1]_i_2/O
                         net (fo=32, routed)          0.496     3.005    dma_axis_ip_example_i/ps7_0_axi_periph/s00_couplers/auto_ds/inst/gen_downsizer.gen_simple_downsizer.axi_downsizer_inst/USE_WRITE.write_addr_inst/cmd_queue/inst/fifo_gen_inst/inst_fifo_gen/gconvfifo.rf/grf.rf/gntv_or_sync_fifo.gl0.rd/gr1.gr1_int.rfwft/gpregsm1.user_valid_reg_0
    SLICE_X5Y33          FDPE                                         f  dma_axis_ip_example_i/ps7_0_axi_periph/s00_couplers/auto_ds/inst/gen_downsizer.gen_simple_downsizer.axi_downsizer_inst/USE_WRITE.write_addr_inst/cmd_queue/inst/fifo_gen_inst/inst_fifo_gen/gconvfifo.rf/grf.rf/gntv_or_sync_fifo.gl0.rd/gr1.gr1_int.rfwft/aempty_fwft_i_reg/PRE
  -------------------------------------------------------------------    -------------------

                         (clock clk_pl_0 rise edge)
                                                     10.000    10.000 r  
    PS8_X0Y0             PS8                          0.000    10.000 r  dma_axis_ip_example_i/zynq_ultra_ps_e_0/inst/PS8_i/PLCLK[0]
                         net (fo=1, routed)           0.135    10.135    dma_axis_ip_example_i/zynq_ultra_ps_e_0/inst/pl_clk_unbuffered[0]
    BUFG_PS_X0Y67        BUFG_PS (Prop_BUFG_PS_I_O)
                                                      0.025    10.160 r  dma_axis_ip_example_i/zynq_ultra_ps_e_0/inst/buffer_pl_clk_0.PL_CLK_0_BUFG/O
    X0Y1 (CLOCK_ROOT)    net (fo=5975, routed)        1.602    11.762    dma_axis_ip_example_i/ps7_0_axi_periph/s00_couplers/auto_ds/inst/gen_downsizer.gen_simple_downsizer.axi_downsizer_inst/USE_WRITE.write_addr_inst/cmd_queue/inst/fifo_gen_inst/inst_fifo_gen/gconvfifo.rf/grf.rf/gntv_or_sync_fifo.gl0.rd/gr1.gr1_int.rfwft/clk
    SLICE_X5Y33          FDPE                                         r  dma_axis_ip_example_i/ps7_0_axi_periph/s00_couplers/auto_ds/inst/gen_downsizer.gen_simple_downsizer.axi_downsizer_inst/USE_WRITE.write_addr_inst/cmd_queue/inst/fifo_gen_inst/inst_fifo_gen/gconvfifo.rf/grf.rf/gntv_or_sync_fifo.gl0.rd/gr1.gr1_int.rfwft/aempty_fwft_i_reg/C
                         clock pessimism              0.163    11.925    
                         clock uncertainty           -0.130    11.795    
    SLICE_X5Y33          FDPE (Recov_EFF2_SLICEM_C_PRE)
                                                     -0.066    11.729    dma_axis_ip_example_i/ps7_0_axi_periph/s00_couplers/auto_ds/inst/gen_downsizer.gen_simple_downsizer.axi_downsizer_inst/USE_WRITE.write_addr_inst/cmd_queue/inst/fifo_gen_inst/inst_fifo_gen/gconvfifo.rf/grf.rf/gntv_or_sync_fifo.gl0.rd/gr1.gr1_int.rfwft/aempty_fwft_i_reg
  -------------------------------------------------------------------
                         required time                         11.729    
                         arrival time                          -3.005    
  -------------------------------------------------------------------
                         slack                                  8.725    

Slack (MET) :             8.725ns  (required time - arrival time)
  Source:                 dma_axis_ip_example_i/ps7_0_axi_periph/s00_couplers/auto_ds/inst/gen_downsizer.gen_simple_downsizer.axi_downsizer_inst/USE_WRITE.write_addr_inst/cmd_queue/inst/fifo_gen_inst/inst_fifo_gen/gconvfifo.rf/grf.rf/rstblk/ngwrdrst.grst.g7serrst.gnsckt_wrst.gcc_rst.sckt_wr_rst_cc_reg[1]/C
                            (rising edge-triggered cell FDRE clocked by clk_pl_0  {rise@0.000ns fall@5.000ns period=10.000ns})
  Destination:            dma_axis_ip_example_i/ps7_0_axi_periph/s00_couplers/auto_ds/inst/gen_downsizer.gen_simple_downsizer.axi_downsizer_inst/USE_WRITE.write_addr_inst/cmd_queue/inst/fifo_gen_inst/inst_fifo_gen/gconvfifo.rf/grf.rf/gntv_or_sync_fifo.gl0.rd/gr1.gr1_int.rfwft/empty_fwft_fb_i_reg/PRE
                            (recovery check against rising-edge clock clk_pl_0  {rise@0.000ns fall@5.000ns period=10.000ns})
  Path Group:             **async_default**
  Path Type:              Recovery (Max at Slow Process Corner)
  Requirement:            10.000ns  (clk_pl_0 rise@10.000ns - clk_pl_0 rise@0.000ns)
  Data Path Delay:        1.007ns  (logic 0.229ns (22.748%)  route 0.778ns (77.252%))
  Logic Levels:           1  (LUT3=1)
  Clock Path Skew:        -0.073ns (DCD - SCD + CPR)
    Destination Clock Delay (DCD):    1.762ns = ( 11.762 - 10.000 ) 
    Source Clock Delay      (SCD):    1.998ns
    Clock Pessimism Removal (CPR):    0.163ns
  Clock Uncertainty:      0.130ns  ((TSJ^2 + DJ^2)^1/2) / 2 + PE
    Total System Jitter     (TSJ):    0.071ns
    Discrete Jitter          (DJ):    0.250ns
    Phase Error              (PE):    0.000ns
  Clock Net Delay (Source):      1.799ns (routing 0.753ns, distribution 1.046ns)
  Clock Net Delay (Destination): 1.602ns (routing 0.683ns, distribution 0.919ns)

    Location             Delay type                Incr(ns)  Path(ns)    Netlist Resource(s)
  -------------------------------------------------------------------    -------------------
                         (clock clk_pl_0 rise edge)
                                                      0.000     0.000 r  
    PS8_X0Y0             PS8                          0.000     0.000 r  dma_axis_ip_example_i/zynq_ultra_ps_e_0/inst/PS8_i/PLCLK[0]
                         net (fo=1, routed)           0.171     0.171    dma_axis_ip_example_i/zynq_ultra_ps_e_0/inst/pl_clk_unbuffered[0]
    BUFG_PS_X0Y67        BUFG_PS (Prop_BUFG_PS_I_O)
                                                      0.028     0.199 r  dma_axis_ip_example_i/zynq_ultra_ps_e_0/inst/buffer_pl_clk_0.PL_CLK_0_BUFG/O
    X0Y1 (CLOCK_ROOT)    net (fo=5975, routed)        1.799     1.998    dma_axis_ip_example_i/ps7_0_axi_periph/s00_couplers/auto_ds/inst/gen_downsizer.gen_simple_downsizer.axi_downsizer_inst/USE_WRITE.write_addr_inst/cmd_queue/inst/fifo_gen_inst/inst_fifo_gen/gconvfifo.rf/grf.rf/rstblk/clk
    SLICE_X4Y30          FDRE                                         r  dma_axis_ip_example_i/ps7_0_axi_periph/s00_couplers/auto_ds/inst/gen_downsizer.gen_simple_downsizer.axi_downsizer_inst/USE_WRITE.write_addr_inst/cmd_queue/inst/fifo_gen_inst/inst_fifo_gen/gconvfifo.rf/grf.rf/rstblk/ngwrdrst.grst.g7serrst.gnsckt_wrst.gcc_rst.sckt_wr_rst_cc_reg[1]/C
  -------------------------------------------------------------------    -------------------
    SLICE_X4Y30          FDRE (Prop_EFF2_SLICEM_C_Q)
                                                      0.079     2.077 f  dma_axis_ip_example_i/ps7_0_axi_periph/s00_couplers/auto_ds/inst/gen_downsizer.gen_simple_downsizer.axi_downsizer_inst/USE_WRITE.write_addr_inst/cmd_queue/inst/fifo_gen_inst/inst_fifo_gen/gconvfifo.rf/grf.rf/rstblk/ngwrdrst.grst.g7serrst.gnsckt_wrst.gcc_rst.sckt_wr_rst_cc_reg[1]/Q
                         net (fo=2, routed)           0.281     2.358    dma_axis_ip_example_i/ps7_0_axi_periph/s00_couplers/auto_ds/inst/gen_downsizer.gen_simple_downsizer.axi_downsizer_inst/USE_WRITE.write_addr_inst/cmd_queue/inst/fifo_gen_inst/inst_fifo_gen/gconvfifo.rf/grf.rf/rstblk/ngwrdrst.grst.g7serrst.gnsckt_wrst.gcc_rst.sckt_wr_rst_cc[1]
    SLICE_X4Y30          LUT3 (Prop_G6LUT_SLICEM_I0_O)
                                                      0.150     2.508 f  dma_axis_ip_example_i/ps7_0_axi_periph/s00_couplers/auto_ds/inst/gen_downsizer.gen_simple_downsizer.axi_downsizer_inst/USE_WRITE.write_addr_inst/cmd_queue/inst/fifo_gen_inst/inst_fifo_gen/gconvfifo.rf/grf.rf/rstblk/gpregsm1.curr_fwft_state[1]_i_2/O
                         net (fo=32, routed)          0.496     3.005    dma_axis_ip_example_i/ps7_0_axi_periph/s00_couplers/auto_ds/inst/gen_downsizer.gen_simple_downsizer.axi_downsizer_inst/USE_WRITE.write_addr_inst/cmd_queue/inst/fifo_gen_inst/inst_fifo_gen/gconvfifo.rf/grf.rf/gntv_or_sync_fifo.gl0.rd/gr1.gr1_int.rfwft/gpregsm1.user_valid_reg_0
    SLICE_X5Y33          FDPE                                         f  dma_axis_ip_example_i/ps7_0_axi_periph/s00_couplers/auto_ds/inst/gen_downsizer.gen_simple_downsizer.axi_downsizer_inst/USE_WRITE.write_addr_inst/cmd_queue/inst/fifo_gen_inst/inst_fifo_gen/gconvfifo.rf/grf.rf/gntv_or_sync_fifo.gl0.rd/gr1.gr1_int.rfwft/empty_fwft_fb_i_reg/PRE
  -------------------------------------------------------------------    -------------------

                         (clock clk_pl_0 rise edge)
                                                     10.000    10.000 r  
    PS8_X0Y0             PS8                          0.000    10.000 r  dma_axis_ip_example_i/zynq_ultra_ps_e_0/inst/PS8_i/PLCLK[0]
                         net (fo=1, routed)           0.135    10.135    dma_axis_ip_example_i/zynq_ultra_ps_e_0/inst/pl_clk_unbuffered[0]
    BUFG_PS_X0Y67        BUFG_PS (Prop_BUFG_PS_I_O)
                                                      0.025    10.160 r  dma_axis_ip_example_i/zynq_ultra_ps_e_0/inst/buffer_pl_clk_0.PL_CLK_0_BUFG/O
    X0Y1 (CLOCK_ROOT)    net (fo=5975, routed)        1.602    11.762    dma_axis_ip_example_i/ps7_0_axi_periph/s00_couplers/auto_ds/inst/gen_downsizer.gen_simple_downsizer.axi_downsizer_inst/USE_WRITE.write_addr_inst/cmd_queue/inst/fifo_gen_inst/inst_fifo_gen/gconvfifo.rf/grf.rf/gntv_or_sync_fifo.gl0.rd/gr1.gr1_int.rfwft/clk
    SLICE_X5Y33          FDPE                                         r  dma_axis_ip_example_i/ps7_0_axi_periph/s00_couplers/auto_ds/inst/gen_downsizer.gen_simple_downsizer.axi_downsizer_inst/USE_WRITE.write_addr_inst/cmd_queue/inst/fifo_gen_inst/inst_fifo_gen/gconvfifo.rf/grf.rf/gntv_or_sync_fifo.gl0.rd/gr1.gr1_int.rfwft/empty_fwft_fb_i_reg/C
                         clock pessimism              0.163    11.925    
                         clock uncertainty           -0.130    11.795    
    SLICE_X5Y33          FDPE (Recov_FFF_SLICEM_C_PRE)
                                                     -0.066    11.729    dma_axis_ip_example_i/ps7_0_axi_periph/s00_couplers/auto_ds/inst/gen_downsizer.gen_simple_downsizer.axi_downsizer_inst/USE_WRITE.write_addr_inst/cmd_queue/inst/fifo_gen_inst/inst_fifo_gen/gconvfifo.rf/grf.rf/gntv_or_sync_fifo.gl0.rd/gr1.gr1_int.rfwft/empty_fwft_fb_i_reg
  -------------------------------------------------------------------
                         required time                         11.729    
                         arrival time                          -3.005    
  -------------------------------------------------------------------
                         slack                                  8.725    

Slack (MET) :             8.725ns  (required time - arrival time)
  Source:                 dma_axis_ip_example_i/ps7_0_axi_periph/s00_couplers/auto_ds/inst/gen_downsizer.gen_simple_downsizer.axi_downsizer_inst/USE_WRITE.write_addr_inst/cmd_queue/inst/fifo_gen_inst/inst_fifo_gen/gconvfifo.rf/grf.rf/rstblk/ngwrdrst.grst.g7serrst.gnsckt_wrst.gcc_rst.sckt_wr_rst_cc_reg[1]/C
                            (rising edge-triggered cell FDRE clocked by clk_pl_0  {rise@0.000ns fall@5.000ns period=10.000ns})
  Destination:            dma_axis_ip_example_i/ps7_0_axi_periph/s00_couplers/auto_ds/inst/gen_downsizer.gen_simple_downsizer.axi_downsizer_inst/USE_WRITE.write_addr_inst/cmd_queue/inst/fifo_gen_inst/inst_fifo_gen/gconvfifo.rf/grf.rf/gntv_or_sync_fifo.gl0.rd/gr1.gr1_int.rfwft/empty_fwft_i_reg/PRE
                            (recovery check against rising-edge clock clk_pl_0  {rise@0.000ns fall@5.000ns period=10.000ns})
  Path Group:             **async_default**
  Path Type:              Recovery (Max at Slow Process Corner)
  Requirement:            10.000ns  (clk_pl_0 rise@10.000ns - clk_pl_0 rise@0.000ns)
  Data Path Delay:        1.007ns  (logic 0.229ns (22.748%)  route 0.778ns (77.252%))
  Logic Levels:           1  (LUT3=1)
  Clock Path Skew:        -0.073ns (DCD - SCD + CPR)
    Destination Clock Delay (DCD):    1.762ns = ( 11.762 - 10.000 ) 
    Source Clock Delay      (SCD):    1.998ns
    Clock Pessimism Removal (CPR):    0.163ns
  Clock Uncertainty:      0.130ns  ((TSJ^2 + DJ^2)^1/2) / 2 + PE
    Total System Jitter     (TSJ):    0.071ns
    Discrete Jitter          (DJ):    0.250ns
    Phase Error              (PE):    0.000ns
  Clock Net Delay (Source):      1.799ns (routing 0.753ns, distribution 1.046ns)
  Clock Net Delay (Destination): 1.602ns (routing 0.683ns, distribution 0.919ns)

    Location             Delay type                Incr(ns)  Path(ns)    Netlist Resource(s)
  -------------------------------------------------------------------    -------------------
                         (clock clk_pl_0 rise edge)
                                                      0.000     0.000 r  
    PS8_X0Y0             PS8                          0.000     0.000 r  dma_axis_ip_example_i/zynq_ultra_ps_e_0/inst/PS8_i/PLCLK[0]
                         net (fo=1, routed)           0.171     0.171    dma_axis_ip_example_i/zynq_ultra_ps_e_0/inst/pl_clk_unbuffered[0]
    BUFG_PS_X0Y67        BUFG_PS (Prop_BUFG_PS_I_O)
                                                      0.028     0.199 r  dma_axis_ip_example_i/zynq_ultra_ps_e_0/inst/buffer_pl_clk_0.PL_CLK_0_BUFG/O
    X0Y1 (CLOCK_ROOT)    net (fo=5975, routed)        1.799     1.998    dma_axis_ip_example_i/ps7_0_axi_periph/s00_couplers/auto_ds/inst/gen_downsizer.gen_simple_downsizer.axi_downsizer_inst/USE_WRITE.write_addr_inst/cmd_queue/inst/fifo_gen_inst/inst_fifo_gen/gconvfifo.rf/grf.rf/rstblk/clk
    SLICE_X4Y30          FDRE                                         r  dma_axis_ip_example_i/ps7_0_axi_periph/s00_couplers/auto_ds/inst/gen_downsizer.gen_simple_downsizer.axi_downsizer_inst/USE_WRITE.write_addr_inst/cmd_queue/inst/fifo_gen_inst/inst_fifo_gen/gconvfifo.rf/grf.rf/rstblk/ngwrdrst.grst.g7serrst.gnsckt_wrst.gcc_rst.sckt_wr_rst_cc_reg[1]/C
  -------------------------------------------------------------------    -------------------
    SLICE_X4Y30          FDRE (Prop_EFF2_SLICEM_C_Q)
                                                      0.079     2.077 f  dma_axis_ip_example_i/ps7_0_axi_periph/s00_couplers/auto_ds/inst/gen_downsizer.gen_simple_downsizer.axi_downsizer_inst/USE_WRITE.write_addr_inst/cmd_queue/inst/fifo_gen_inst/inst_fifo_gen/gconvfifo.rf/grf.rf/rstblk/ngwrdrst.grst.g7serrst.gnsckt_wrst.gcc_rst.sckt_wr_rst_cc_reg[1]/Q
                         net (fo=2, routed)           0.281     2.358    dma_axis_ip_example_i/ps7_0_axi_periph/s00_couplers/auto_ds/inst/gen_downsizer.gen_simple_downsizer.axi_downsizer_inst/USE_WRITE.write_addr_inst/cmd_queue/inst/fifo_gen_inst/inst_fifo_gen/gconvfifo.rf/grf.rf/rstblk/ngwrdrst.grst.g7serrst.gnsckt_wrst.gcc_rst.sckt_wr_rst_cc[1]
    SLICE_X4Y30          LUT3 (Prop_G6LUT_SLICEM_I0_O)
                                                      0.150     2.508 f  dma_axis_ip_example_i/ps7_0_axi_periph/s00_couplers/auto_ds/inst/gen_downsizer.gen_simple_downsizer.axi_downsizer_inst/USE_WRITE.write_addr_inst/cmd_queue/inst/fifo_gen_inst/inst_fifo_gen/gconvfifo.rf/grf.rf/rstblk/gpregsm1.curr_fwft_state[1]_i_2/O
                         net (fo=32, routed)          0.496     3.005    dma_axis_ip_example_i/ps7_0_axi_periph/s00_couplers/auto_ds/inst/gen_downsizer.gen_simple_downsizer.axi_downsizer_inst/USE_WRITE.write_addr_inst/cmd_queue/inst/fifo_gen_inst/inst_fifo_gen/gconvfifo.rf/grf.rf/gntv_or_sync_fifo.gl0.rd/gr1.gr1_int.rfwft/gpregsm1.user_valid_reg_0
    SLICE_X5Y33          FDPE                                         f  dma_axis_ip_example_i/ps7_0_axi_periph/s00_couplers/auto_ds/inst/gen_downsizer.gen_simple_downsizer.axi_downsizer_inst/USE_WRITE.write_addr_inst/cmd_queue/inst/fifo_gen_inst/inst_fifo_gen/gconvfifo.rf/grf.rf/gntv_or_sync_fifo.gl0.rd/gr1.gr1_int.rfwft/empty_fwft_i_reg/PRE
  -------------------------------------------------------------------    -------------------

                         (clock clk_pl_0 rise edge)
                                                     10.000    10.000 r  
    PS8_X0Y0             PS8                          0.000    10.000 r  dma_axis_ip_example_i/zynq_ultra_ps_e_0/inst/PS8_i/PLCLK[0]
                         net (fo=1, routed)           0.135    10.135    dma_axis_ip_example_i/zynq_ultra_ps_e_0/inst/pl_clk_unbuffered[0]
    BUFG_PS_X0Y67        BUFG_PS (Prop_BUFG_PS_I_O)
                                                      0.025    10.160 r  dma_axis_ip_example_i/zynq_ultra_ps_e_0/inst/buffer_pl_clk_0.PL_CLK_0_BUFG/O
    X0Y1 (CLOCK_ROOT)    net (fo=5975, routed)        1.602    11.762    dma_axis_ip_example_i/ps7_0_axi_periph/s00_couplers/auto_ds/inst/gen_downsizer.gen_simple_downsizer.axi_downsizer_inst/USE_WRITE.write_addr_inst/cmd_queue/inst/fifo_gen_inst/inst_fifo_gen/gconvfifo.rf/grf.rf/gntv_or_sync_fifo.gl0.rd/gr1.gr1_int.rfwft/clk
    SLICE_X5Y33          FDPE                                         r  dma_axis_ip_example_i/ps7_0_axi_periph/s00_couplers/auto_ds/inst/gen_downsizer.gen_simple_downsizer.axi_downsizer_inst/USE_WRITE.write_addr_inst/cmd_queue/inst/fifo_gen_inst/inst_fifo_gen/gconvfifo.rf/grf.rf/gntv_or_sync_fifo.gl0.rd/gr1.gr1_int.rfwft/empty_fwft_i_reg/C
                         clock pessimism              0.163    11.925    
                         clock uncertainty           -0.130    11.795    
    SLICE_X5Y33          FDPE (Recov_FFF2_SLICEM_C_PRE)
                                                     -0.066    11.729    dma_axis_ip_example_i/ps7_0_axi_periph/s00_couplers/auto_ds/inst/gen_downsizer.gen_simple_downsizer.axi_downsizer_inst/USE_WRITE.write_addr_inst/cmd_queue/inst/fifo_gen_inst/inst_fifo_gen/gconvfifo.rf/grf.rf/gntv_or_sync_fifo.gl0.rd/gr1.gr1_int.rfwft/empty_fwft_i_reg
  -------------------------------------------------------------------
                         required time                         11.729    
                         arrival time                          -3.005    
  -------------------------------------------------------------------
                         slack                                  8.725    

Slack (MET) :             8.742ns  (required time - arrival time)
  Source:                 dma_axis_ip_example_i/ps7_0_axi_periph/s00_couplers/auto_ds/inst/gen_downsizer.gen_simple_downsizer.axi_downsizer_inst/USE_READ.read_addr_inst/cmd_queue/inst/fifo_gen_inst/inst_fifo_gen/gconvfifo.rf/grf.rf/rstblk/ngwrdrst.grst.g7serrst.gnsckt_wrst.rst_wr_reg2_inst/arststages_ff_reg[1]/C
                            (rising edge-triggered cell FDPE clocked by clk_pl_0  {rise@0.000ns fall@5.000ns period=10.000ns})
  Destination:            dma_axis_ip_example_i/ps7_0_axi_periph/s00_couplers/auto_ds/inst/gen_downsizer.gen_simple_downsizer.axi_downsizer_inst/USE_READ.read_addr_inst/cmd_queue/inst/fifo_gen_inst/inst_fifo_gen/gconvfifo.rf/grf.rf/gntv_or_sync_fifo.gl0.rd/gr1.gr1_int.rfwft/empty_fwft_fb_o_i_reg/PRE
                            (recovery check against rising-edge clock clk_pl_0  {rise@0.000ns fall@5.000ns period=10.000ns})
  Path Group:             **async_default**
  Path Type:              Recovery (Max at Slow Process Corner)
  Requirement:            10.000ns  (clk_pl_0 rise@10.000ns - clk_pl_0 rise@0.000ns)
  Data Path Delay:        0.971ns  (logic 0.180ns (18.534%)  route 0.791ns (81.466%))
  Logic Levels:           1  (LUT3=1)
  Clock Path Skew:        -0.091ns (DCD - SCD + CPR)
    Destination Clock Delay (DCD):    1.764ns = ( 11.764 - 10.000 ) 
    Source Clock Delay      (SCD):    2.018ns
    Clock Pessimism Removal (CPR):    0.163ns
  Clock Uncertainty:      0.130ns  ((TSJ^2 + DJ^2)^1/2) / 2 + PE
    Total System Jitter     (TSJ):    0.071ns
    Discrete Jitter          (DJ):    0.250ns
    Phase Error              (PE):    0.000ns
  Clock Net Delay (Source):      1.819ns (routing 0.753ns, distribution 1.066ns)
  Clock Net Delay (Destination): 1.604ns (routing 0.683ns, distribution 0.921ns)

    Location             Delay type                Incr(ns)  Path(ns)    Netlist Resource(s)
  -------------------------------------------------------------------    -------------------
                         (clock clk_pl_0 rise edge)
                                                      0.000     0.000 r  
    PS8_X0Y0             PS8                          0.000     0.000 r  dma_axis_ip_example_i/zynq_ultra_ps_e_0/inst/PS8_i/PLCLK[0]
                         net (fo=1, routed)           0.171     0.171    dma_axis_ip_example_i/zynq_ultra_ps_e_0/inst/pl_clk_unbuffered[0]
    BUFG_PS_X0Y67        BUFG_PS (Prop_BUFG_PS_I_O)
                                                      0.028     0.199 r  dma_axis_ip_example_i/zynq_ultra_ps_e_0/inst/buffer_pl_clk_0.PL_CLK_0_BUFG/O
    X0Y1 (CLOCK_ROOT)    net (fo=5975, routed)        1.819     2.018    dma_axis_ip_example_i/ps7_0_axi_periph/s00_couplers/auto_ds/inst/gen_downsizer.gen_simple_downsizer.axi_downsizer_inst/USE_READ.read_addr_inst/cmd_queue/inst/fifo_gen_inst/inst_fifo_gen/gconvfifo.rf/grf.rf/rstblk/ngwrdrst.grst.g7serrst.gnsckt_wrst.rst_wr_reg2_inst/dest_clk
    SLICE_X4Y44          FDPE                                         r  dma_axis_ip_example_i/ps7_0_axi_periph/s00_couplers/auto_ds/inst/gen_downsizer.gen_simple_downsizer.axi_downsizer_inst/USE_READ.read_addr_inst/cmd_queue/inst/fifo_gen_inst/inst_fifo_gen/gconvfifo.rf/grf.rf/rstblk/ngwrdrst.grst.g7serrst.gnsckt_wrst.rst_wr_reg2_inst/arststages_ff_reg[1]/C
  -------------------------------------------------------------------    -------------------
    SLICE_X4Y44          FDPE (Prop_AFF2_SLICEM_C_Q)
                                                      0.080     2.098 f  dma_axis_ip_example_i/ps7_0_axi_periph/s00_couplers/auto_ds/inst/gen_downsizer.gen_simple_downsizer.axi_downsizer_inst/USE_READ.read_addr_inst/cmd_queue/inst/fifo_gen_inst/inst_fifo_gen/gconvfifo.rf/grf.rf/rstblk/ngwrdrst.grst.g7serrst.gnsckt_wrst.rst_wr_reg2_inst/arststages_ff_reg[1]/Q
                         net (fo=3, routed)           0.243     2.341    dma_axis_ip_example_i/ps7_0_axi_periph/s00_couplers/auto_ds/inst/gen_downsizer.gen_simple_downsizer.axi_downsizer_inst/USE_READ.read_addr_inst/cmd_queue/inst/fifo_gen_inst/inst_fifo_gen/gconvfifo.rf/grf.rf/rstblk/ngwrdrst.rst_wr_reg2
    SLICE_X4Y44          LUT3 (Prop_G6LUT_SLICEM_I2_O)
                                                      0.100     2.441 f  dma_axis_ip_example_i/ps7_0_axi_periph/s00_couplers/auto_ds/inst/gen_downsizer.gen_simple_downsizer.axi_downsizer_inst/USE_READ.read_addr_inst/cmd_queue/inst/fifo_gen_inst/inst_fifo_gen/gconvfifo.rf/grf.rf/rstblk/gpregsm1.curr_fwft_state[1]_i_2/O
                         net (fo=32, routed)          0.548     2.989    dma_axis_ip_example_i/ps7_0_axi_periph/s00_couplers/auto_ds/inst/gen_downsizer.gen_simple_downsizer.axi_downsizer_inst/USE_READ.read_addr_inst/cmd_queue/inst/fifo_gen_inst/inst_fifo_gen/gconvfifo.rf/grf.rf/gntv_or_sync_fifo.gl0.rd/gr1.gr1_int.rfwft/gpregsm1.user_valid_reg_0
    SLICE_X3Y44          FDPE                                         f  dma_axis_ip_example_i/ps7_0_axi_periph/s00_couplers/auto_ds/inst/gen_downsizer.gen_simple_downsizer.axi_downsizer_inst/USE_READ.read_addr_inst/cmd_queue/inst/fifo_gen_inst/inst_fifo_gen/gconvfifo.rf/grf.rf/gntv_or_sync_fifo.gl0.rd/gr1.gr1_int.rfwft/empty_fwft_fb_o_i_reg/PRE
  -------------------------------------------------------------------    -------------------

                         (clock clk_pl_0 rise edge)
                                                     10.000    10.000 r  
    PS8_X0Y0             PS8                          0.000    10.000 r  dma_axis_ip_example_i/zynq_ultra_ps_e_0/inst/PS8_i/PLCLK[0]
                         net (fo=1, routed)           0.135    10.135    dma_axis_ip_example_i/zynq_ultra_ps_e_0/inst/pl_clk_unbuffered[0]
    BUFG_PS_X0Y67        BUFG_PS (Prop_BUFG_PS_I_O)
                                                      0.025    10.160 r  dma_axis_ip_example_i/zynq_ultra_ps_e_0/inst/buffer_pl_clk_0.PL_CLK_0_BUFG/O
    X0Y1 (CLOCK_ROOT)    net (fo=5975, routed)        1.604    11.764    dma_axis_ip_example_i/ps7_0_axi_periph/s00_couplers/auto_ds/inst/gen_downsizer.gen_simple_downsizer.axi_downsizer_inst/USE_READ.read_addr_inst/cmd_queue/inst/fifo_gen_inst/inst_fifo_gen/gconvfifo.rf/grf.rf/gntv_or_sync_fifo.gl0.rd/gr1.gr1_int.rfwft/clk
    SLICE_X3Y44          FDPE                                         r  dma_axis_ip_example_i/ps7_0_axi_periph/s00_couplers/auto_ds/inst/gen_downsizer.gen_simple_downsizer.axi_downsizer_inst/USE_READ.read_addr_inst/cmd_queue/inst/fifo_gen_inst/inst_fifo_gen/gconvfifo.rf/grf.rf/gntv_or_sync_fifo.gl0.rd/gr1.gr1_int.rfwft/empty_fwft_fb_o_i_reg/C
                         clock pessimism              0.163    11.927    
                         clock uncertainty           -0.130    11.797    
    SLICE_X3Y44          FDPE (Recov_DFF2_SLICEL_C_PRE)
                                                     -0.066    11.731    dma_axis_ip_example_i/ps7_0_axi_periph/s00_couplers/auto_ds/inst/gen_downsizer.gen_simple_downsizer.axi_downsizer_inst/USE_READ.read_addr_inst/cmd_queue/inst/fifo_gen_inst/inst_fifo_gen/gconvfifo.rf/grf.rf/gntv_or_sync_fifo.gl0.rd/gr1.gr1_int.rfwft/empty_fwft_fb_o_i_reg
  -------------------------------------------------------------------
                         required time                         11.731    
                         arrival time                          -2.989    
  -------------------------------------------------------------------
                         slack                                  8.742    

Slack (MET) :             8.742ns  (required time - arrival time)
  Source:                 dma_axis_ip_example_i/ps7_0_axi_periph/s00_couplers/auto_ds/inst/gen_downsizer.gen_simple_downsizer.axi_downsizer_inst/USE_READ.read_addr_inst/cmd_queue/inst/fifo_gen_inst/inst_fifo_gen/gconvfifo.rf/grf.rf/rstblk/ngwrdrst.grst.g7serrst.gnsckt_wrst.rst_wr_reg2_inst/arststages_ff_reg[1]/C
                            (rising edge-triggered cell FDPE clocked by clk_pl_0  {rise@0.000ns fall@5.000ns period=10.000ns})
  Destination:            dma_axis_ip_example_i/ps7_0_axi_periph/s00_couplers/auto_ds/inst/gen_downsizer.gen_simple_downsizer.axi_downsizer_inst/USE_READ.read_addr_inst/cmd_queue/inst/fifo_gen_inst/inst_fifo_gen/gconvfifo.rf/grf.rf/gntv_or_sync_fifo.gl0.rd/gr1.gr1_int.rfwft/gpregsm1.curr_fwft_state_reg[0]/CLR
                            (recovery check against rising-edge clock clk_pl_0  {rise@0.000ns fall@5.000ns period=10.000ns})
  Path Group:             **async_default**
  Path Type:              Recovery (Max at Slow Process Corner)
  Requirement:            10.000ns  (clk_pl_0 rise@10.000ns - clk_pl_0 rise@0.000ns)
  Data Path Delay:        0.971ns  (logic 0.180ns (18.534%)  route 0.791ns (81.466%))
  Logic Levels:           1  (LUT3=1)
  Clock Path Skew:        -0.091ns (DCD - SCD + CPR)
    Destination Clock Delay (DCD):    1.764ns = ( 11.764 - 10.000 ) 
    Source Clock Delay      (SCD):    2.018ns
    Clock Pessimism Removal (CPR):    0.163ns
  Clock Uncertainty:      0.130ns  ((TSJ^2 + DJ^2)^1/2) / 2 + PE
    Total System Jitter     (TSJ):    0.071ns
    Discrete Jitter          (DJ):    0.250ns
    Phase Error              (PE):    0.000ns
  Clock Net Delay (Source):      1.819ns (routing 0.753ns, distribution 1.066ns)
  Clock Net Delay (Destination): 1.604ns (routing 0.683ns, distribution 0.921ns)

    Location             Delay type                Incr(ns)  Path(ns)    Netlist Resource(s)
  -------------------------------------------------------------------    -------------------
                         (clock clk_pl_0 rise edge)
                                                      0.000     0.000 r  
    PS8_X0Y0             PS8                          0.000     0.000 r  dma_axis_ip_example_i/zynq_ultra_ps_e_0/inst/PS8_i/PLCLK[0]
                         net (fo=1, routed)           0.171     0.171    dma_axis_ip_example_i/zynq_ultra_ps_e_0/inst/pl_clk_unbuffered[0]
    BUFG_PS_X0Y67        BUFG_PS (Prop_BUFG_PS_I_O)
                                                      0.028     0.199 r  dma_axis_ip_example_i/zynq_ultra_ps_e_0/inst/buffer_pl_clk_0.PL_CLK_0_BUFG/O
    X0Y1 (CLOCK_ROOT)    net (fo=5975, routed)        1.819     2.018    dma_axis_ip_example_i/ps7_0_axi_periph/s00_couplers/auto_ds/inst/gen_downsizer.gen_simple_downsizer.axi_downsizer_inst/USE_READ.read_addr_inst/cmd_queue/inst/fifo_gen_inst/inst_fifo_gen/gconvfifo.rf/grf.rf/rstblk/ngwrdrst.grst.g7serrst.gnsckt_wrst.rst_wr_reg2_inst/dest_clk
    SLICE_X4Y44          FDPE                                         r  dma_axis_ip_example_i/ps7_0_axi_periph/s00_couplers/auto_ds/inst/gen_downsizer.gen_simple_downsizer.axi_downsizer_inst/USE_READ.read_addr_inst/cmd_queue/inst/fifo_gen_inst/inst_fifo_gen/gconvfifo.rf/grf.rf/rstblk/ngwrdrst.grst.g7serrst.gnsckt_wrst.rst_wr_reg2_inst/arststages_ff_reg[1]/C
  -------------------------------------------------------------------    -------------------
    SLICE_X4Y44          FDPE (Prop_AFF2_SLICEM_C_Q)
                                                      0.080     2.098 f  dma_axis_ip_example_i/ps7_0_axi_periph/s00_couplers/auto_ds/inst/gen_downsizer.gen_simple_downsizer.axi_downsizer_inst/USE_READ.read_addr_inst/cmd_queue/inst/fifo_gen_inst/inst_fifo_gen/gconvfifo.rf/grf.rf/rstblk/ngwrdrst.grst.g7serrst.gnsckt_wrst.rst_wr_reg2_inst/arststages_ff_reg[1]/Q
                         net (fo=3, routed)           0.243     2.341    dma_axis_ip_example_i/ps7_0_axi_periph/s00_couplers/auto_ds/inst/gen_downsizer.gen_simple_downsizer.axi_downsizer_inst/USE_READ.read_addr_inst/cmd_queue/inst/fifo_gen_inst/inst_fifo_gen/gconvfifo.rf/grf.rf/rstblk/ngwrdrst.rst_wr_reg2
    SLICE_X4Y44          LUT3 (Prop_G6LUT_SLICEM_I2_O)
                                                      0.100     2.441 f  dma_axis_ip_example_i/ps7_0_axi_periph/s00_couplers/auto_ds/inst/gen_downsizer.gen_simple_downsizer.axi_downsizer_inst/USE_READ.read_addr_inst/cmd_queue/inst/fifo_gen_inst/inst_fifo_gen/gconvfifo.rf/grf.rf/rstblk/gpregsm1.curr_fwft_state[1]_i_2/O
                         net (fo=32, routed)          0.548     2.989    dma_axis_ip_example_i/ps7_0_axi_periph/s00_couplers/auto_ds/inst/gen_downsizer.gen_simple_downsizer.axi_downsizer_inst/USE_READ.read_addr_inst/cmd_queue/inst/fifo_gen_inst/inst_fifo_gen/gconvfifo.rf/grf.rf/gntv_or_sync_fifo.gl0.rd/gr1.gr1_int.rfwft/gpregsm1.user_valid_reg_0
    SLICE_X3Y44          FDCE                                         f  dma_axis_ip_example_i/ps7_0_axi_periph/s00_couplers/auto_ds/inst/gen_downsizer.gen_simple_downsizer.axi_downsizer_inst/USE_READ.read_addr_inst/cmd_queue/inst/fifo_gen_inst/inst_fifo_gen/gconvfifo.rf/grf.rf/gntv_or_sync_fifo.gl0.rd/gr1.gr1_int.rfwft/gpregsm1.curr_fwft_state_reg[0]/CLR
  -------------------------------------------------------------------    -------------------

                         (clock clk_pl_0 rise edge)
                                                     10.000    10.000 r  
    PS8_X0Y0             PS8                          0.000    10.000 r  dma_axis_ip_example_i/zynq_ultra_ps_e_0/inst/PS8_i/PLCLK[0]
                         net (fo=1, routed)           0.135    10.135    dma_axis_ip_example_i/zynq_ultra_ps_e_0/inst/pl_clk_unbuffered[0]
    BUFG_PS_X0Y67        BUFG_PS (Prop_BUFG_PS_I_O)
                                                      0.025    10.160 r  dma_axis_ip_example_i/zynq_ultra_ps_e_0/inst/buffer_pl_clk_0.PL_CLK_0_BUFG/O
    X0Y1 (CLOCK_ROOT)    net (fo=5975, routed)        1.604    11.764    dma_axis_ip_example_i/ps7_0_axi_periph/s00_couplers/auto_ds/inst/gen_downsizer.gen_simple_downsizer.axi_downsizer_inst/USE_READ.read_addr_inst/cmd_queue/inst/fifo_gen_inst/inst_fifo_gen/gconvfifo.rf/grf.rf/gntv_or_sync_fifo.gl0.rd/gr1.gr1_int.rfwft/clk
    SLICE_X3Y44          FDCE                                         r  dma_axis_ip_example_i/ps7_0_axi_periph/s00_couplers/auto_ds/inst/gen_downsizer.gen_simple_downsizer.axi_downsizer_inst/USE_READ.read_addr_inst/cmd_queue/inst/fifo_gen_inst/inst_fifo_gen/gconvfifo.rf/grf.rf/gntv_or_sync_fifo.gl0.rd/gr1.gr1_int.rfwft/gpregsm1.curr_fwft_state_reg[0]/C
                         clock pessimism              0.163    11.927    
                         clock uncertainty           -0.130    11.797    
    SLICE_X3Y44          FDCE (Recov_CFF_SLICEL_C_CLR)
                                                     -0.066    11.731    dma_axis_ip_example_i/ps7_0_axi_periph/s00_couplers/auto_ds/inst/gen_downsizer.gen_simple_downsizer.axi_downsizer_inst/USE_READ.read_addr_inst/cmd_queue/inst/fifo_gen_inst/inst_fifo_gen/gconvfifo.rf/grf.rf/gntv_or_sync_fifo.gl0.rd/gr1.gr1_int.rfwft/gpregsm1.curr_fwft_state_reg[0]
  -------------------------------------------------------------------
                         required time                         11.731    
                         arrival time                          -2.989    
  -------------------------------------------------------------------
                         slack                                  8.742    





Min Delay Paths
--------------------------------------------------------------------------------------
Slack (MET) :             0.210ns  (arrival time - required time)
  Source:                 dma_axis_ip_example_i/ps7_0_axi_periph/s00_couplers/auto_ds/inst/gen_downsizer.gen_simple_downsizer.axi_downsizer_inst/USE_READ.read_addr_inst/cmd_queue/inst/fifo_gen_inst/inst_fifo_gen/gconvfifo.rf/grf.rf/rstblk/ngwrdrst.grst.g7serrst.gnsckt_wrst.gcc_rst.sckt_wr_rst_cc_reg[0]/C
                            (rising edge-triggered cell FDRE clocked by clk_pl_0  {rise@0.000ns fall@5.000ns period=10.000ns})
  Destination:            dma_axis_ip_example_i/ps7_0_axi_periph/s00_couplers/auto_ds/inst/gen_downsizer.gen_simple_downsizer.axi_downsizer_inst/USE_READ.read_addr_inst/cmd_queue/inst/fifo_gen_inst/inst_fifo_gen/gconvfifo.rf/grf.rf/gntv_or_sync_fifo.gl0.rd/grss.rsts/ram_empty_fb_i_reg/PRE
                            (removal check against rising-edge clock clk_pl_0  {rise@0.000ns fall@5.000ns period=10.000ns})
  Path Group:             **async_default**
  Path Type:              Removal (Min at Fast Process Corner)
  Requirement:            0.000ns  (clk_pl_0 rise@0.000ns - clk_pl_0 rise@0.000ns)
  Data Path Delay:        0.240ns  (logic 0.088ns (36.641%)  route 0.152ns (63.359%))
  Logic Levels:           1  (LUT3=1)
  Clock Path Skew:        0.050ns (DCD - SCD - CPR)
    Destination Clock Delay (DCD):    1.268ns
    Source Clock Delay      (SCD):    1.110ns
    Clock Pessimism Removal (CPR):    0.109ns
  Clock Net Delay (Source):      0.999ns (routing 0.410ns, distribution 0.589ns)
  Clock Net Delay (Destination): 1.130ns (routing 0.459ns, distribution 0.671ns)

    Location             Delay type                Incr(ns)  Path(ns)    Netlist Resource(s)
  -------------------------------------------------------------------    -------------------
                         (clock clk_pl_0 rise edge)
                                                      0.000     0.000 r  
    PS8_X0Y0             PS8                          0.000     0.000 r  dma_axis_ip_example_i/zynq_ultra_ps_e_0/inst/PS8_i/PLCLK[0]
                         net (fo=1, routed)           0.094     0.094    dma_axis_ip_example_i/zynq_ultra_ps_e_0/inst/pl_clk_unbuffered[0]
    BUFG_PS_X0Y67        BUFG_PS (Prop_BUFG_PS_I_O)
                                                      0.017     0.111 r  dma_axis_ip_example_i/zynq_ultra_ps_e_0/inst/buffer_pl_clk_0.PL_CLK_0_BUFG/O
    X0Y1 (CLOCK_ROOT)    net (fo=5975, routed)        0.999     1.110    dma_axis_ip_example_i/ps7_0_axi_periph/s00_couplers/auto_ds/inst/gen_downsizer.gen_simple_downsizer.axi_downsizer_inst/USE_READ.read_addr_inst/cmd_queue/inst/fifo_gen_inst/inst_fifo_gen/gconvfifo.rf/grf.rf/rstblk/clk
    SLICE_X4Y44          FDRE                                         r  dma_axis_ip_example_i/ps7_0_axi_periph/s00_couplers/auto_ds/inst/gen_downsizer.gen_simple_downsizer.axi_downsizer_inst/USE_READ.read_addr_inst/cmd_queue/inst/fifo_gen_inst/inst_fifo_gen/gconvfifo.rf/grf.rf/rstblk/ngwrdrst.grst.g7serrst.gnsckt_wrst.gcc_rst.sckt_wr_rst_cc_reg[0]/C
  -------------------------------------------------------------------    -------------------
    SLICE_X4Y44          FDRE (Prop_EFF_SLICEM_C_Q)
                                                      0.038     1.148 f  dma_axis_ip_example_i/ps7_0_axi_periph/s00_couplers/auto_ds/inst/gen_downsizer.gen_simple_downsizer.axi_downsizer_inst/USE_READ.read_addr_inst/cmd_queue/inst/fifo_gen_inst/inst_fifo_gen/gconvfifo.rf/grf.rf/rstblk/ngwrdrst.grst.g7serrst.gnsckt_wrst.gcc_rst.sckt_wr_rst_cc_reg[0]/Q
                         net (fo=3, routed)           0.032     1.180    dma_axis_ip_example_i/ps7_0_axi_periph/s00_couplers/auto_ds/inst/gen_downsizer.gen_simple_downsizer.axi_downsizer_inst/USE_READ.read_addr_inst/cmd_queue/inst/fifo_gen_inst/inst_fifo_gen/gconvfifo.rf/grf.rf/rstblk/ngwrdrst.grst.g7serrst.gnsckt_wrst.gcc_rst.sckt_wr_rst_cc[0]
    SLICE_X4Y44          LUT3 (Prop_G6LUT_SLICEM_I1_O)
                                                      0.050     1.230 f  dma_axis_ip_example_i/ps7_0_axi_periph/s00_couplers/auto_ds/inst/gen_downsizer.gen_simple_downsizer.axi_downsizer_inst/USE_READ.read_addr_inst/cmd_queue/inst/fifo_gen_inst/inst_fifo_gen/gconvfifo.rf/grf.rf/rstblk/gpregsm1.curr_fwft_state[1]_i_2/O
                         net (fo=32, routed)          0.120     1.350    dma_axis_ip_example_i/ps7_0_axi_periph/s00_couplers/auto_ds/inst/gen_downsizer.gen_simple_downsizer.axi_downsizer_inst/USE_READ.read_addr_inst/cmd_queue/inst/fifo_gen_inst/inst_fifo_gen/gconvfifo.rf/grf.rf/gntv_or_sync_fifo.gl0.rd/grss.rsts/ram_empty_i_reg_1
    SLICE_X3Y45          FDPE                                         f  dma_axis_ip_example_i/ps7_0_axi_periph/s00_couplers/auto_ds/inst/gen_downsizer.gen_simple_downsizer.axi_downsizer_inst/USE_READ.read_addr_inst/cmd_queue/inst/fifo_gen_inst/inst_fifo_gen/gconvfifo.rf/grf.rf/gntv_or_sync_fifo.gl0.rd/grss.rsts/ram_empty_fb_i_reg/PRE
  -------------------------------------------------------------------    -------------------

                         (clock clk_pl_0 rise edge)
                                                      0.000     0.000 r  
    PS8_X0Y0             PS8                          0.000     0.000 r  dma_axis_ip_example_i/zynq_ultra_ps_e_0/inst/PS8_i/PLCLK[0]
                         net (fo=1, routed)           0.120     0.120    dma_axis_ip_example_i/zynq_ultra_ps_e_0/inst/pl_clk_unbuffered[0]
    BUFG_PS_X0Y67        BUFG_PS (Prop_BUFG_PS_I_O)
                                                      0.018     0.138 r  dma_axis_ip_example_i/zynq_ultra_ps_e_0/inst/buffer_pl_clk_0.PL_CLK_0_BUFG/O
    X0Y1 (CLOCK_ROOT)    net (fo=5975, routed)        1.130     1.268    dma_axis_ip_example_i/ps7_0_axi_periph/s00_couplers/auto_ds/inst/gen_downsizer.gen_simple_downsizer.axi_downsizer_inst/USE_READ.read_addr_inst/cmd_queue/inst/fifo_gen_inst/inst_fifo_gen/gconvfifo.rf/grf.rf/gntv_or_sync_fifo.gl0.rd/grss.rsts/clk
    SLICE_X3Y45          FDPE                                         r  dma_axis_ip_example_i/ps7_0_axi_periph/s00_couplers/auto_ds/inst/gen_downsizer.gen_simple_downsizer.axi_downsizer_inst/USE_READ.read_addr_inst/cmd_queue/inst/fifo_gen_inst/inst_fifo_gen/gconvfifo.rf/grf.rf/gntv_or_sync_fifo.gl0.rd/grss.rsts/ram_empty_fb_i_reg/C
                         clock pessimism             -0.109     1.159    
    SLICE_X3Y45          FDPE (Remov_HFF_SLICEL_C_PRE)
                                                     -0.020     1.139    dma_axis_ip_example_i/ps7_0_axi_periph/s00_couplers/auto_ds/inst/gen_downsizer.gen_simple_downsizer.axi_downsizer_inst/USE_READ.read_addr_inst/cmd_queue/inst/fifo_gen_inst/inst_fifo_gen/gconvfifo.rf/grf.rf/gntv_or_sync_fifo.gl0.rd/grss.rsts/ram_empty_fb_i_reg
  -------------------------------------------------------------------
                         required time                         -1.139    
                         arrival time                           1.350    
  -------------------------------------------------------------------
                         slack                                  0.210    

Slack (MET) :             0.210ns  (arrival time - required time)
  Source:                 dma_axis_ip_example_i/ps7_0_axi_periph/s00_couplers/auto_ds/inst/gen_downsizer.gen_simple_downsizer.axi_downsizer_inst/USE_READ.read_addr_inst/cmd_queue/inst/fifo_gen_inst/inst_fifo_gen/gconvfifo.rf/grf.rf/rstblk/ngwrdrst.grst.g7serrst.gnsckt_wrst.gcc_rst.sckt_wr_rst_cc_reg[0]/C
                            (rising edge-triggered cell FDRE clocked by clk_pl_0  {rise@0.000ns fall@5.000ns period=10.000ns})
  Destination:            dma_axis_ip_example_i/ps7_0_axi_periph/s00_couplers/auto_ds/inst/gen_downsizer.gen_simple_downsizer.axi_downsizer_inst/USE_READ.read_addr_inst/cmd_queue/inst/fifo_gen_inst/inst_fifo_gen/gconvfifo.rf/grf.rf/gntv_or_sync_fifo.gl0.rd/grss.rsts/ram_empty_i_reg/PRE
                            (removal check against rising-edge clock clk_pl_0  {rise@0.000ns fall@5.000ns period=10.000ns})
  Path Group:             **async_default**
  Path Type:              Removal (Min at Fast Process Corner)
  Requirement:            0.000ns  (clk_pl_0 rise@0.000ns - clk_pl_0 rise@0.000ns)
  Data Path Delay:        0.240ns  (logic 0.088ns (36.641%)  route 0.152ns (63.359%))
  Logic Levels:           1  (LUT3=1)
  Clock Path Skew:        0.050ns (DCD - SCD - CPR)
    Destination Clock Delay (DCD):    1.268ns
    Source Clock Delay      (SCD):    1.110ns
    Clock Pessimism Removal (CPR):    0.109ns
  Clock Net Delay (Source):      0.999ns (routing 0.410ns, distribution 0.589ns)
  Clock Net Delay (Destination): 1.130ns (routing 0.459ns, distribution 0.671ns)

    Location             Delay type                Incr(ns)  Path(ns)    Netlist Resource(s)
  -------------------------------------------------------------------    -------------------
                         (clock clk_pl_0 rise edge)
                                                      0.000     0.000 r  
    PS8_X0Y0             PS8                          0.000     0.000 r  dma_axis_ip_example_i/zynq_ultra_ps_e_0/inst/PS8_i/PLCLK[0]
                         net (fo=1, routed)           0.094     0.094    dma_axis_ip_example_i/zynq_ultra_ps_e_0/inst/pl_clk_unbuffered[0]
    BUFG_PS_X0Y67        BUFG_PS (Prop_BUFG_PS_I_O)
                                                      0.017     0.111 r  dma_axis_ip_example_i/zynq_ultra_ps_e_0/inst/buffer_pl_clk_0.PL_CLK_0_BUFG/O
    X0Y1 (CLOCK_ROOT)    net (fo=5975, routed)        0.999     1.110    dma_axis_ip_example_i/ps7_0_axi_periph/s00_couplers/auto_ds/inst/gen_downsizer.gen_simple_downsizer.axi_downsizer_inst/USE_READ.read_addr_inst/cmd_queue/inst/fifo_gen_inst/inst_fifo_gen/gconvfifo.rf/grf.rf/rstblk/clk
    SLICE_X4Y44          FDRE                                         r  dma_axis_ip_example_i/ps7_0_axi_periph/s00_couplers/auto_ds/inst/gen_downsizer.gen_simple_downsizer.axi_downsizer_inst/USE_READ.read_addr_inst/cmd_queue/inst/fifo_gen_inst/inst_fifo_gen/gconvfifo.rf/grf.rf/rstblk/ngwrdrst.grst.g7serrst.gnsckt_wrst.gcc_rst.sckt_wr_rst_cc_reg[0]/C
  -------------------------------------------------------------------    -------------------
    SLICE_X4Y44          FDRE (Prop_EFF_SLICEM_C_Q)
                                                      0.038     1.148 f  dma_axis_ip_example_i/ps7_0_axi_periph/s00_couplers/auto_ds/inst/gen_downsizer.gen_simple_downsizer.axi_downsizer_inst/USE_READ.read_addr_inst/cmd_queue/inst/fifo_gen_inst/inst_fifo_gen/gconvfifo.rf/grf.rf/rstblk/ngwrdrst.grst.g7serrst.gnsckt_wrst.gcc_rst.sckt_wr_rst_cc_reg[0]/Q
                         net (fo=3, routed)           0.032     1.180    dma_axis_ip_example_i/ps7_0_axi_periph/s00_couplers/auto_ds/inst/gen_downsizer.gen_simple_downsizer.axi_downsizer_inst/USE_READ.read_addr_inst/cmd_queue/inst/fifo_gen_inst/inst_fifo_gen/gconvfifo.rf/grf.rf/rstblk/ngwrdrst.grst.g7serrst.gnsckt_wrst.gcc_rst.sckt_wr_rst_cc[0]
    SLICE_X4Y44          LUT3 (Prop_G6LUT_SLICEM_I1_O)
                                                      0.050     1.230 f  dma_axis_ip_example_i/ps7_0_axi_periph/s00_couplers/auto_ds/inst/gen_downsizer.gen_simple_downsizer.axi_downsizer_inst/USE_READ.read_addr_inst/cmd_queue/inst/fifo_gen_inst/inst_fifo_gen/gconvfifo.rf/grf.rf/rstblk/gpregsm1.curr_fwft_state[1]_i_2/O
                         net (fo=32, routed)          0.120     1.350    dma_axis_ip_example_i/ps7_0_axi_periph/s00_couplers/auto_ds/inst/gen_downsizer.gen_simple_downsizer.axi_downsizer_inst/USE_READ.read_addr_inst/cmd_queue/inst/fifo_gen_inst/inst_fifo_gen/gconvfifo.rf/grf.rf/gntv_or_sync_fifo.gl0.rd/grss.rsts/ram_empty_i_reg_1
    SLICE_X3Y45          FDPE                                         f  dma_axis_ip_example_i/ps7_0_axi_periph/s00_couplers/auto_ds/inst/gen_downsizer.gen_simple_downsizer.axi_downsizer_inst/USE_READ.read_addr_inst/cmd_queue/inst/fifo_gen_inst/inst_fifo_gen/gconvfifo.rf/grf.rf/gntv_or_sync_fifo.gl0.rd/grss.rsts/ram_empty_i_reg/PRE
  -------------------------------------------------------------------    -------------------

                         (clock clk_pl_0 rise edge)
                                                      0.000     0.000 r  
    PS8_X0Y0             PS8                          0.000     0.000 r  dma_axis_ip_example_i/zynq_ultra_ps_e_0/inst/PS8_i/PLCLK[0]
                         net (fo=1, routed)           0.120     0.120    dma_axis_ip_example_i/zynq_ultra_ps_e_0/inst/pl_clk_unbuffered[0]
    BUFG_PS_X0Y67        BUFG_PS (Prop_BUFG_PS_I_O)
                                                      0.018     0.138 r  dma_axis_ip_example_i/zynq_ultra_ps_e_0/inst/buffer_pl_clk_0.PL_CLK_0_BUFG/O
    X0Y1 (CLOCK_ROOT)    net (fo=5975, routed)        1.130     1.268    dma_axis_ip_example_i/ps7_0_axi_periph/s00_couplers/auto_ds/inst/gen_downsizer.gen_simple_downsizer.axi_downsizer_inst/USE_READ.read_addr_inst/cmd_queue/inst/fifo_gen_inst/inst_fifo_gen/gconvfifo.rf/grf.rf/gntv_or_sync_fifo.gl0.rd/grss.rsts/clk
    SLICE_X3Y45          FDPE                                         r  dma_axis_ip_example_i/ps7_0_axi_periph/s00_couplers/auto_ds/inst/gen_downsizer.gen_simple_downsizer.axi_downsizer_inst/USE_READ.read_addr_inst/cmd_queue/inst/fifo_gen_inst/inst_fifo_gen/gconvfifo.rf/grf.rf/gntv_or_sync_fifo.gl0.rd/grss.rsts/ram_empty_i_reg/C
                         clock pessimism             -0.109     1.159    
    SLICE_X3Y45          FDPE (Remov_GFF_SLICEL_C_PRE)
                                                     -0.020     1.139    dma_axis_ip_example_i/ps7_0_axi_periph/s00_couplers/auto_ds/inst/gen_downsizer.gen_simple_downsizer.axi_downsizer_inst/USE_READ.read_addr_inst/cmd_queue/inst/fifo_gen_inst/inst_fifo_gen/gconvfifo.rf/grf.rf/gntv_or_sync_fifo.gl0.rd/grss.rsts/ram_empty_i_reg
  -------------------------------------------------------------------
                         required time                         -1.139    
                         arrival time                           1.350    
  -------------------------------------------------------------------
                         slack                                  0.210    

Slack (MET) :             0.210ns  (arrival time - required time)
  Source:                 dma_axis_ip_example_i/ps7_0_axi_periph/s00_couplers/auto_ds/inst/gen_downsizer.gen_simple_downsizer.axi_downsizer_inst/USE_READ.read_addr_inst/cmd_queue/inst/fifo_gen_inst/inst_fifo_gen/gconvfifo.rf/grf.rf/rstblk/ngwrdrst.grst.g7serrst.gnsckt_wrst.gcc_rst.sckt_wr_rst_cc_reg[0]/C
                            (rising edge-triggered cell FDRE clocked by clk_pl_0  {rise@0.000ns fall@5.000ns period=10.000ns})
  Destination:            dma_axis_ip_example_i/ps7_0_axi_periph/s00_couplers/auto_ds/inst/gen_downsizer.gen_simple_downsizer.axi_downsizer_inst/USE_READ.read_addr_inst/cmd_queue/inst/fifo_gen_inst/inst_fifo_gen/gconvfifo.rf/grf.rf/gntv_or_sync_fifo.gl0.wr/gwss.wsts/ram_full_fb_i_reg/CLR
                            (removal check against rising-edge clock clk_pl_0  {rise@0.000ns fall@5.000ns period=10.000ns})
  Path Group:             **async_default**
  Path Type:              Removal (Min at Fast Process Corner)
  Requirement:            0.000ns  (clk_pl_0 rise@0.000ns - clk_pl_0 rise@0.000ns)
  Data Path Delay:        0.240ns  (logic 0.088ns (36.641%)  route 0.152ns (63.359%))
  Logic Levels:           1  (LUT3=1)
  Clock Path Skew:        0.050ns (DCD - SCD - CPR)
    Destination Clock Delay (DCD):    1.268ns
    Source Clock Delay      (SCD):    1.110ns
    Clock Pessimism Removal (CPR):    0.109ns
  Clock Net Delay (Source):      0.999ns (routing 0.410ns, distribution 0.589ns)
  Clock Net Delay (Destination): 1.130ns (routing 0.459ns, distribution 0.671ns)

    Location             Delay type                Incr(ns)  Path(ns)    Netlist Resource(s)
  -------------------------------------------------------------------    -------------------
                         (clock clk_pl_0 rise edge)
                                                      0.000     0.000 r  
    PS8_X0Y0             PS8                          0.000     0.000 r  dma_axis_ip_example_i/zynq_ultra_ps_e_0/inst/PS8_i/PLCLK[0]
                         net (fo=1, routed)           0.094     0.094    dma_axis_ip_example_i/zynq_ultra_ps_e_0/inst/pl_clk_unbuffered[0]
    BUFG_PS_X0Y67        BUFG_PS (Prop_BUFG_PS_I_O)
                                                      0.017     0.111 r  dma_axis_ip_example_i/zynq_ultra_ps_e_0/inst/buffer_pl_clk_0.PL_CLK_0_BUFG/O
    X0Y1 (CLOCK_ROOT)    net (fo=5975, routed)        0.999     1.110    dma_axis_ip_example_i/ps7_0_axi_periph/s00_couplers/auto_ds/inst/gen_downsizer.gen_simple_downsizer.axi_downsizer_inst/USE_READ.read_addr_inst/cmd_queue/inst/fifo_gen_inst/inst_fifo_gen/gconvfifo.rf/grf.rf/rstblk/clk
    SLICE_X4Y44          FDRE                                         r  dma_axis_ip_example_i/ps7_0_axi_periph/s00_couplers/auto_ds/inst/gen_downsizer.gen_simple_downsizer.axi_downsizer_inst/USE_READ.read_addr_inst/cmd_queue/inst/fifo_gen_inst/inst_fifo_gen/gconvfifo.rf/grf.rf/rstblk/ngwrdrst.grst.g7serrst.gnsckt_wrst.gcc_rst.sckt_wr_rst_cc_reg[0]/C
  -------------------------------------------------------------------    -------------------
    SLICE_X4Y44          FDRE (Prop_EFF_SLICEM_C_Q)
                                                      0.038     1.148 f  dma_axis_ip_example_i/ps7_0_axi_periph/s00_couplers/auto_ds/inst/gen_downsizer.gen_simple_downsizer.axi_downsizer_inst/USE_READ.read_addr_inst/cmd_queue/inst/fifo_gen_inst/inst_fifo_gen/gconvfifo.rf/grf.rf/rstblk/ngwrdrst.grst.g7serrst.gnsckt_wrst.gcc_rst.sckt_wr_rst_cc_reg[0]/Q
                         net (fo=3, routed)           0.032     1.180    dma_axis_ip_example_i/ps7_0_axi_periph/s00_couplers/auto_ds/inst/gen_downsizer.gen_simple_downsizer.axi_downsizer_inst/USE_READ.read_addr_inst/cmd_queue/inst/fifo_gen_inst/inst_fifo_gen/gconvfifo.rf/grf.rf/rstblk/ngwrdrst.grst.g7serrst.gnsckt_wrst.gcc_rst.sckt_wr_rst_cc[0]
    SLICE_X4Y44          LUT3 (Prop_G6LUT_SLICEM_I1_O)
                                                      0.050     1.230 f  dma_axis_ip_example_i/ps7_0_axi_periph/s00_couplers/auto_ds/inst/gen_downsizer.gen_simple_downsizer.axi_downsizer_inst/USE_READ.read_addr_inst/cmd_queue/inst/fifo_gen_inst/inst_fifo_gen/gconvfifo.rf/grf.rf/rstblk/gpregsm1.curr_fwft_state[1]_i_2/O
                         net (fo=32, routed)          0.120     1.350    dma_axis_ip_example_i/ps7_0_axi_periph/s00_couplers/auto_ds/inst/gen_downsizer.gen_simple_downsizer.axi_downsizer_inst/USE_READ.read_addr_inst/cmd_queue/inst/fifo_gen_inst/inst_fifo_gen/gconvfifo.rf/grf.rf/gntv_or_sync_fifo.gl0.wr/gwss.wsts/AR[0]
    SLICE_X3Y45          FDCE                                         f  dma_axis_ip_example_i/ps7_0_axi_periph/s00_couplers/auto_ds/inst/gen_downsizer.gen_simple_downsizer.axi_downsizer_inst/USE_READ.read_addr_inst/cmd_queue/inst/fifo_gen_inst/inst_fifo_gen/gconvfifo.rf/grf.rf/gntv_or_sync_fifo.gl0.wr/gwss.wsts/ram_full_fb_i_reg/CLR
  -------------------------------------------------------------------    -------------------

                         (clock clk_pl_0 rise edge)
                                                      0.000     0.000 r  
    PS8_X0Y0             PS8                          0.000     0.000 r  dma_axis_ip_example_i/zynq_ultra_ps_e_0/inst/PS8_i/PLCLK[0]
                         net (fo=1, routed)           0.120     0.120    dma_axis_ip_example_i/zynq_ultra_ps_e_0/inst/pl_clk_unbuffered[0]
    BUFG_PS_X0Y67        BUFG_PS (Prop_BUFG_PS_I_O)
                                                      0.018     0.138 r  dma_axis_ip_example_i/zynq_ultra_ps_e_0/inst/buffer_pl_clk_0.PL_CLK_0_BUFG/O
    X0Y1 (CLOCK_ROOT)    net (fo=5975, routed)        1.130     1.268    dma_axis_ip_example_i/ps7_0_axi_periph/s00_couplers/auto_ds/inst/gen_downsizer.gen_simple_downsizer.axi_downsizer_inst/USE_READ.read_addr_inst/cmd_queue/inst/fifo_gen_inst/inst_fifo_gen/gconvfifo.rf/grf.rf/gntv_or_sync_fifo.gl0.wr/gwss.wsts/clk
    SLICE_X3Y45          FDCE                                         r  dma_axis_ip_example_i/ps7_0_axi_periph/s00_couplers/auto_ds/inst/gen_downsizer.gen_simple_downsizer.axi_downsizer_inst/USE_READ.read_addr_inst/cmd_queue/inst/fifo_gen_inst/inst_fifo_gen/gconvfifo.rf/grf.rf/gntv_or_sync_fifo.gl0.wr/gwss.wsts/ram_full_fb_i_reg/C
                         clock pessimism             -0.109     1.159    
    SLICE_X3Y45          FDCE (Remov_FFF_SLICEL_C_CLR)
                                                     -0.020     1.139    dma_axis_ip_example_i/ps7_0_axi_periph/s00_couplers/auto_ds/inst/gen_downsizer.gen_simple_downsizer.axi_downsizer_inst/USE_READ.read_addr_inst/cmd_queue/inst/fifo_gen_inst/inst_fifo_gen/gconvfifo.rf/grf.rf/gntv_or_sync_fifo.gl0.wr/gwss.wsts/ram_full_fb_i_reg
  -------------------------------------------------------------------
                         required time                         -1.139    
                         arrival time                           1.350    
  -------------------------------------------------------------------
                         slack                                  0.210    

Slack (MET) :             0.210ns  (arrival time - required time)
  Source:                 dma_axis_ip_example_i/ps7_0_axi_periph/s00_couplers/auto_ds/inst/gen_downsizer.gen_simple_downsizer.axi_downsizer_inst/USE_READ.read_addr_inst/cmd_queue/inst/fifo_gen_inst/inst_fifo_gen/gconvfifo.rf/grf.rf/rstblk/ngwrdrst.grst.g7serrst.gnsckt_wrst.gcc_rst.sckt_wr_rst_cc_reg[0]/C
                            (rising edge-triggered cell FDRE clocked by clk_pl_0  {rise@0.000ns fall@5.000ns period=10.000ns})
  Destination:            dma_axis_ip_example_i/ps7_0_axi_periph/s00_couplers/auto_ds/inst/gen_downsizer.gen_simple_downsizer.axi_downsizer_inst/USE_READ.read_addr_inst/cmd_queue/inst/fifo_gen_inst/inst_fifo_gen/gconvfifo.rf/grf.rf/gntv_or_sync_fifo.gl0.wr/wpntr/gcc0.gc0.count_d1_reg[2]/CLR
                            (removal check against rising-edge clock clk_pl_0  {rise@0.000ns fall@5.000ns period=10.000ns})
  Path Group:             **async_default**
  Path Type:              Removal (Min at Fast Process Corner)
  Requirement:            0.000ns  (clk_pl_0 rise@0.000ns - clk_pl_0 rise@0.000ns)
  Data Path Delay:        0.240ns  (logic 0.088ns (36.641%)  route 0.152ns (63.359%))
  Logic Levels:           1  (LUT3=1)
  Clock Path Skew:        0.050ns (DCD - SCD - CPR)
    Destination Clock Delay (DCD):    1.268ns
    Source Clock Delay      (SCD):    1.110ns
    Clock Pessimism Removal (CPR):    0.109ns
  Clock Net Delay (Source):      0.999ns (routing 0.410ns, distribution 0.589ns)
  Clock Net Delay (Destination): 1.130ns (routing 0.459ns, distribution 0.671ns)

    Location             Delay type                Incr(ns)  Path(ns)    Netlist Resource(s)
  -------------------------------------------------------------------    -------------------
                         (clock clk_pl_0 rise edge)
                                                      0.000     0.000 r  
    PS8_X0Y0             PS8                          0.000     0.000 r  dma_axis_ip_example_i/zynq_ultra_ps_e_0/inst/PS8_i/PLCLK[0]
                         net (fo=1, routed)           0.094     0.094    dma_axis_ip_example_i/zynq_ultra_ps_e_0/inst/pl_clk_unbuffered[0]
    BUFG_PS_X0Y67        BUFG_PS (Prop_BUFG_PS_I_O)
                                                      0.017     0.111 r  dma_axis_ip_example_i/zynq_ultra_ps_e_0/inst/buffer_pl_clk_0.PL_CLK_0_BUFG/O
    X0Y1 (CLOCK_ROOT)    net (fo=5975, routed)        0.999     1.110    dma_axis_ip_example_i/ps7_0_axi_periph/s00_couplers/auto_ds/inst/gen_downsizer.gen_simple_downsizer.axi_downsizer_inst/USE_READ.read_addr_inst/cmd_queue/inst/fifo_gen_inst/inst_fifo_gen/gconvfifo.rf/grf.rf/rstblk/clk
    SLICE_X4Y44          FDRE                                         r  dma_axis_ip_example_i/ps7_0_axi_periph/s00_couplers/auto_ds/inst/gen_downsizer.gen_simple_downsizer.axi_downsizer_inst/USE_READ.read_addr_inst/cmd_queue/inst/fifo_gen_inst/inst_fifo_gen/gconvfifo.rf/grf.rf/rstblk/ngwrdrst.grst.g7serrst.gnsckt_wrst.gcc_rst.sckt_wr_rst_cc_reg[0]/C
  -------------------------------------------------------------------    -------------------
    SLICE_X4Y44          FDRE (Prop_EFF_SLICEM_C_Q)
                                                      0.038     1.148 f  dma_axis_ip_example_i/ps7_0_axi_periph/s00_couplers/auto_ds/inst/gen_downsizer.gen_simple_downsizer.axi_downsizer_inst/USE_READ.read_addr_inst/cmd_queue/inst/fifo_gen_inst/inst_fifo_gen/gconvfifo.rf/grf.rf/rstblk/ngwrdrst.grst.g7serrst.gnsckt_wrst.gcc_rst.sckt_wr_rst_cc_reg[0]/Q
                         net (fo=3, routed)           0.032     1.180    dma_axis_ip_example_i/ps7_0_axi_periph/s00_couplers/auto_ds/inst/gen_downsizer.gen_simple_downsizer.axi_downsizer_inst/USE_READ.read_addr_inst/cmd_queue/inst/fifo_gen_inst/inst_fifo_gen/gconvfifo.rf/grf.rf/rstblk/ngwrdrst.grst.g7serrst.gnsckt_wrst.gcc_rst.sckt_wr_rst_cc[0]
    SLICE_X4Y44          LUT3 (Prop_G6LUT_SLICEM_I1_O)
                                                      0.050     1.230 f  dma_axis_ip_example_i/ps7_0_axi_periph/s00_couplers/auto_ds/inst/gen_downsizer.gen_simple_downsizer.axi_downsizer_inst/USE_READ.read_addr_inst/cmd_queue/inst/fifo_gen_inst/inst_fifo_gen/gconvfifo.rf/grf.rf/rstblk/gpregsm1.curr_fwft_state[1]_i_2/O
                         net (fo=32, routed)          0.120     1.350    dma_axis_ip_example_i/ps7_0_axi_periph/s00_couplers/auto_ds/inst/gen_downsizer.gen_simple_downsizer.axi_downsizer_inst/USE_READ.read_addr_inst/cmd_queue/inst/fifo_gen_inst/inst_fifo_gen/gconvfifo.rf/grf.rf/gntv_or_sync_fifo.gl0.wr/wpntr/AR[0]
    SLICE_X3Y45          FDCE                                         f  dma_axis_ip_example_i/ps7_0_axi_periph/s00_couplers/auto_ds/inst/gen_downsizer.gen_simple_downsizer.axi_downsizer_inst/USE_READ.read_addr_inst/cmd_queue/inst/fifo_gen_inst/inst_fifo_gen/gconvfifo.rf/grf.rf/gntv_or_sync_fifo.gl0.wr/wpntr/gcc0.gc0.count_d1_reg[2]/CLR
  -------------------------------------------------------------------    -------------------

                         (clock clk_pl_0 rise edge)
                                                      0.000     0.000 r  
    PS8_X0Y0             PS8                          0.000     0.000 r  dma_axis_ip_example_i/zynq_ultra_ps_e_0/inst/PS8_i/PLCLK[0]
                         net (fo=1, routed)           0.120     0.120    dma_axis_ip_example_i/zynq_ultra_ps_e_0/inst/pl_clk_unbuffered[0]
    BUFG_PS_X0Y67        BUFG_PS (Prop_BUFG_PS_I_O)
                                                      0.018     0.138 r  dma_axis_ip_example_i/zynq_ultra_ps_e_0/inst/buffer_pl_clk_0.PL_CLK_0_BUFG/O
    X0Y1 (CLOCK_ROOT)    net (fo=5975, routed)        1.130     1.268    dma_axis_ip_example_i/ps7_0_axi_periph/s00_couplers/auto_ds/inst/gen_downsizer.gen_simple_downsizer.axi_downsizer_inst/USE_READ.read_addr_inst/cmd_queue/inst/fifo_gen_inst/inst_fifo_gen/gconvfifo.rf/grf.rf/gntv_or_sync_fifo.gl0.wr/wpntr/clk
    SLICE_X3Y45          FDCE                                         r  dma_axis_ip_example_i/ps7_0_axi_periph/s00_couplers/auto_ds/inst/gen_downsizer.gen_simple_downsizer.axi_downsizer_inst/USE_READ.read_addr_inst/cmd_queue/inst/fifo_gen_inst/inst_fifo_gen/gconvfifo.rf/grf.rf/gntv_or_sync_fifo.gl0.wr/wpntr/gcc0.gc0.count_d1_reg[2]/C
                         clock pessimism             -0.109     1.159    
    SLICE_X3Y45          FDCE (Remov_HFF2_SLICEL_C_CLR)
                                                     -0.020     1.139    dma_axis_ip_example_i/ps7_0_axi_periph/s00_couplers/auto_ds/inst/gen_downsizer.gen_simple_downsizer.axi_downsizer_inst/USE_READ.read_addr_inst/cmd_queue/inst/fifo_gen_inst/inst_fifo_gen/gconvfifo.rf/grf.rf/gntv_or_sync_fifo.gl0.wr/wpntr/gcc0.gc0.count_d1_reg[2]
  -------------------------------------------------------------------
                         required time                         -1.139    
                         arrival time                           1.350    
  -------------------------------------------------------------------
                         slack                                  0.210    

Slack (MET) :             0.210ns  (arrival time - required time)
  Source:                 dma_axis_ip_example_i/ps7_0_axi_periph/s00_couplers/auto_ds/inst/gen_downsizer.gen_simple_downsizer.axi_downsizer_inst/USE_READ.read_addr_inst/cmd_queue/inst/fifo_gen_inst/inst_fifo_gen/gconvfifo.rf/grf.rf/rstblk/ngwrdrst.grst.g7serrst.gnsckt_wrst.gcc_rst.sckt_wr_rst_cc_reg[0]/C
                            (rising edge-triggered cell FDRE clocked by clk_pl_0  {rise@0.000ns fall@5.000ns period=10.000ns})
  Destination:            dma_axis_ip_example_i/ps7_0_axi_periph/s00_couplers/auto_ds/inst/gen_downsizer.gen_simple_downsizer.axi_downsizer_inst/USE_READ.read_addr_inst/cmd_queue/inst/fifo_gen_inst/inst_fifo_gen/gconvfifo.rf/grf.rf/gntv_or_sync_fifo.gl0.wr/wpntr/gcc0.gc0.count_d1_reg[3]/CLR
                            (removal check against rising-edge clock clk_pl_0  {rise@0.000ns fall@5.000ns period=10.000ns})
  Path Group:             **async_default**
  Path Type:              Removal (Min at Fast Process Corner)
  Requirement:            0.000ns  (clk_pl_0 rise@0.000ns - clk_pl_0 rise@0.000ns)
  Data Path Delay:        0.240ns  (logic 0.088ns (36.641%)  route 0.152ns (63.359%))
  Logic Levels:           1  (LUT3=1)
  Clock Path Skew:        0.050ns (DCD - SCD - CPR)
    Destination Clock Delay (DCD):    1.268ns
    Source Clock Delay      (SCD):    1.110ns
    Clock Pessimism Removal (CPR):    0.109ns
  Clock Net Delay (Source):      0.999ns (routing 0.410ns, distribution 0.589ns)
  Clock Net Delay (Destination): 1.130ns (routing 0.459ns, distribution 0.671ns)

    Location             Delay type                Incr(ns)  Path(ns)    Netlist Resource(s)
  -------------------------------------------------------------------    -------------------
                         (clock clk_pl_0 rise edge)
                                                      0.000     0.000 r  
    PS8_X0Y0             PS8                          0.000     0.000 r  dma_axis_ip_example_i/zynq_ultra_ps_e_0/inst/PS8_i/PLCLK[0]
                         net (fo=1, routed)           0.094     0.094    dma_axis_ip_example_i/zynq_ultra_ps_e_0/inst/pl_clk_unbuffered[0]
    BUFG_PS_X0Y67        BUFG_PS (Prop_BUFG_PS_I_O)
                                                      0.017     0.111 r  dma_axis_ip_example_i/zynq_ultra_ps_e_0/inst/buffer_pl_clk_0.PL_CLK_0_BUFG/O
    X0Y1 (CLOCK_ROOT)    net (fo=5975, routed)        0.999     1.110    dma_axis_ip_example_i/ps7_0_axi_periph/s00_couplers/auto_ds/inst/gen_downsizer.gen_simple_downsizer.axi_downsizer_inst/USE_READ.read_addr_inst/cmd_queue/inst/fifo_gen_inst/inst_fifo_gen/gconvfifo.rf/grf.rf/rstblk/clk
    SLICE_X4Y44          FDRE                                         r  dma_axis_ip_example_i/ps7_0_axi_periph/s00_couplers/auto_ds/inst/gen_downsizer.gen_simple_downsizer.axi_downsizer_inst/USE_READ.read_addr_inst/cmd_queue/inst/fifo_gen_inst/inst_fifo_gen/gconvfifo.rf/grf.rf/rstblk/ngwrdrst.grst.g7serrst.gnsckt_wrst.gcc_rst.sckt_wr_rst_cc_reg[0]/C
  -------------------------------------------------------------------    -------------------
    SLICE_X4Y44          FDRE (Prop_EFF_SLICEM_C_Q)
                                                      0.038     1.148 f  dma_axis_ip_example_i/ps7_0_axi_periph/s00_couplers/auto_ds/inst/gen_downsizer.gen_simple_downsizer.axi_downsizer_inst/USE_READ.read_addr_inst/cmd_queue/inst/fifo_gen_inst/inst_fifo_gen/gconvfifo.rf/grf.rf/rstblk/ngwrdrst.grst.g7serrst.gnsckt_wrst.gcc_rst.sckt_wr_rst_cc_reg[0]/Q
                         net (fo=3, routed)           0.032     1.180    dma_axis_ip_example_i/ps7_0_axi_periph/s00_couplers/auto_ds/inst/gen_downsizer.gen_simple_downsizer.axi_downsizer_inst/USE_READ.read_addr_inst/cmd_queue/inst/fifo_gen_inst/inst_fifo_gen/gconvfifo.rf/grf.rf/rstblk/ngwrdrst.grst.g7serrst.gnsckt_wrst.gcc_rst.sckt_wr_rst_cc[0]
    SLICE_X4Y44          LUT3 (Prop_G6LUT_SLICEM_I1_O)
                                                      0.050     1.230 f  dma_axis_ip_example_i/ps7_0_axi_periph/s00_couplers/auto_ds/inst/gen_downsizer.gen_simple_downsizer.axi_downsizer_inst/USE_READ.read_addr_inst/cmd_queue/inst/fifo_gen_inst/inst_fifo_gen/gconvfifo.rf/grf.rf/rstblk/gpregsm1.curr_fwft_state[1]_i_2/O
                         net (fo=32, routed)          0.120     1.350    dma_axis_ip_example_i/ps7_0_axi_periph/s00_couplers/auto_ds/inst/gen_downsizer.gen_simple_downsizer.axi_downsizer_inst/USE_READ.read_addr_inst/cmd_queue/inst/fifo_gen_inst/inst_fifo_gen/gconvfifo.rf/grf.rf/gntv_or_sync_fifo.gl0.wr/wpntr/AR[0]
    SLICE_X3Y45          FDCE                                         f  dma_axis_ip_example_i/ps7_0_axi_periph/s00_couplers/auto_ds/inst/gen_downsizer.gen_simple_downsizer.axi_downsizer_inst/USE_READ.read_addr_inst/cmd_queue/inst/fifo_gen_inst/inst_fifo_gen/gconvfifo.rf/grf.rf/gntv_or_sync_fifo.gl0.wr/wpntr/gcc0.gc0.count_d1_reg[3]/CLR
  -------------------------------------------------------------------    -------------------

                         (clock clk_pl_0 rise edge)
                                                      0.000     0.000 r  
    PS8_X0Y0             PS8                          0.000     0.000 r  dma_axis_ip_example_i/zynq_ultra_ps_e_0/inst/PS8_i/PLCLK[0]
                         net (fo=1, routed)           0.120     0.120    dma_axis_ip_example_i/zynq_ultra_ps_e_0/inst/pl_clk_unbuffered[0]
    BUFG_PS_X0Y67        BUFG_PS (Prop_BUFG_PS_I_O)
                                                      0.018     0.138 r  dma_axis_ip_example_i/zynq_ultra_ps_e_0/inst/buffer_pl_clk_0.PL_CLK_0_BUFG/O
    X0Y1 (CLOCK_ROOT)    net (fo=5975, routed)        1.130     1.268    dma_axis_ip_example_i/ps7_0_axi_periph/s00_couplers/auto_ds/inst/gen_downsizer.gen_simple_downsizer.axi_downsizer_inst/USE_READ.read_addr_inst/cmd_queue/inst/fifo_gen_inst/inst_fifo_gen/gconvfifo.rf/grf.rf/gntv_or_sync_fifo.gl0.wr/wpntr/clk
    SLICE_X3Y45          FDCE                                         r  dma_axis_ip_example_i/ps7_0_axi_periph/s00_couplers/auto_ds/inst/gen_downsizer.gen_simple_downsizer.axi_downsizer_inst/USE_READ.read_addr_inst/cmd_queue/inst/fifo_gen_inst/inst_fifo_gen/gconvfifo.rf/grf.rf/gntv_or_sync_fifo.gl0.wr/wpntr/gcc0.gc0.count_d1_reg[3]/C
                         clock pessimism             -0.109     1.159    
    SLICE_X3Y45          FDCE (Remov_GFF2_SLICEL_C_CLR)
                                                     -0.020     1.139    dma_axis_ip_example_i/ps7_0_axi_periph/s00_couplers/auto_ds/inst/gen_downsizer.gen_simple_downsizer.axi_downsizer_inst/USE_READ.read_addr_inst/cmd_queue/inst/fifo_gen_inst/inst_fifo_gen/gconvfifo.rf/grf.rf/gntv_or_sync_fifo.gl0.wr/wpntr/gcc0.gc0.count_d1_reg[3]
  -------------------------------------------------------------------
                         required time                         -1.139    
                         arrival time                           1.350    
  -------------------------------------------------------------------
                         slack                                  0.210    

Slack (MET) :             0.210ns  (arrival time - required time)
  Source:                 dma_axis_ip_example_i/ps7_0_axi_periph/s00_couplers/auto_ds/inst/gen_downsizer.gen_simple_downsizer.axi_downsizer_inst/USE_READ.read_addr_inst/cmd_queue/inst/fifo_gen_inst/inst_fifo_gen/gconvfifo.rf/grf.rf/rstblk/ngwrdrst.grst.g7serrst.gnsckt_wrst.gcc_rst.sckt_wr_rst_cc_reg[0]/C
                            (rising edge-triggered cell FDRE clocked by clk_pl_0  {rise@0.000ns fall@5.000ns period=10.000ns})
  Destination:            dma_axis_ip_example_i/ps7_0_axi_periph/s00_couplers/auto_ds/inst/gen_downsizer.gen_simple_downsizer.axi_downsizer_inst/USE_READ.read_addr_inst/cmd_queue/inst/fifo_gen_inst/inst_fifo_gen/gconvfifo.rf/grf.rf/gntv_or_sync_fifo.gl0.wr/wpntr/gcc0.gc0.count_d1_reg[4]/CLR
                            (removal check against rising-edge clock clk_pl_0  {rise@0.000ns fall@5.000ns period=10.000ns})
  Path Group:             **async_default**
  Path Type:              Removal (Min at Fast Process Corner)
  Requirement:            0.000ns  (clk_pl_0 rise@0.000ns - clk_pl_0 rise@0.000ns)
  Data Path Delay:        0.240ns  (logic 0.088ns (36.641%)  route 0.152ns (63.359%))
  Logic Levels:           1  (LUT3=1)
  Clock Path Skew:        0.050ns (DCD - SCD - CPR)
    Destination Clock Delay (DCD):    1.268ns
    Source Clock Delay      (SCD):    1.110ns
    Clock Pessimism Removal (CPR):    0.109ns
  Clock Net Delay (Source):      0.999ns (routing 0.410ns, distribution 0.589ns)
  Clock Net Delay (Destination): 1.130ns (routing 0.459ns, distribution 0.671ns)

    Location             Delay type                Incr(ns)  Path(ns)    Netlist Resource(s)
  -------------------------------------------------------------------    -------------------
                         (clock clk_pl_0 rise edge)
                                                      0.000     0.000 r  
    PS8_X0Y0             PS8                          0.000     0.000 r  dma_axis_ip_example_i/zynq_ultra_ps_e_0/inst/PS8_i/PLCLK[0]
                         net (fo=1, routed)           0.094     0.094    dma_axis_ip_example_i/zynq_ultra_ps_e_0/inst/pl_clk_unbuffered[0]
    BUFG_PS_X0Y67        BUFG_PS (Prop_BUFG_PS_I_O)
                                                      0.017     0.111 r  dma_axis_ip_example_i/zynq_ultra_ps_e_0/inst/buffer_pl_clk_0.PL_CLK_0_BUFG/O
    X0Y1 (CLOCK_ROOT)    net (fo=5975, routed)        0.999     1.110    dma_axis_ip_example_i/ps7_0_axi_periph/s00_couplers/auto_ds/inst/gen_downsizer.gen_simple_downsizer.axi_downsizer_inst/USE_READ.read_addr_inst/cmd_queue/inst/fifo_gen_inst/inst_fifo_gen/gconvfifo.rf/grf.rf/rstblk/clk
    SLICE_X4Y44          FDRE                                         r  dma_axis_ip_example_i/ps7_0_axi_periph/s00_couplers/auto_ds/inst/gen_downsizer.gen_simple_downsizer.axi_downsizer_inst/USE_READ.read_addr_inst/cmd_queue/inst/fifo_gen_inst/inst_fifo_gen/gconvfifo.rf/grf.rf/rstblk/ngwrdrst.grst.g7serrst.gnsckt_wrst.gcc_rst.sckt_wr_rst_cc_reg[0]/C
  -------------------------------------------------------------------    -------------------
    SLICE_X4Y44          FDRE (Prop_EFF_SLICEM_C_Q)
                                                      0.038     1.148 f  dma_axis_ip_example_i/ps7_0_axi_periph/s00_couplers/auto_ds/inst/gen_downsizer.gen_simple_downsizer.axi_downsizer_inst/USE_READ.read_addr_inst/cmd_queue/inst/fifo_gen_inst/inst_fifo_gen/gconvfifo.rf/grf.rf/rstblk/ngwrdrst.grst.g7serrst.gnsckt_wrst.gcc_rst.sckt_wr_rst_cc_reg[0]/Q
                         net (fo=3, routed)           0.032     1.180    dma_axis_ip_example_i/ps7_0_axi_periph/s00_couplers/auto_ds/inst/gen_downsizer.gen_simple_downsizer.axi_downsizer_inst/USE_READ.read_addr_inst/cmd_queue/inst/fifo_gen_inst/inst_fifo_gen/gconvfifo.rf/grf.rf/rstblk/ngwrdrst.grst.g7serrst.gnsckt_wrst.gcc_rst.sckt_wr_rst_cc[0]
    SLICE_X4Y44          LUT3 (Prop_G6LUT_SLICEM_I1_O)
                                                      0.050     1.230 f  dma_axis_ip_example_i/ps7_0_axi_periph/s00_couplers/auto_ds/inst/gen_downsizer.gen_simple_downsizer.axi_downsizer_inst/USE_READ.read_addr_inst/cmd_queue/inst/fifo_gen_inst/inst_fifo_gen/gconvfifo.rf/grf.rf/rstblk/gpregsm1.curr_fwft_state[1]_i_2/O
                         net (fo=32, routed)          0.120     1.350    dma_axis_ip_example_i/ps7_0_axi_periph/s00_couplers/auto_ds/inst/gen_downsizer.gen_simple_downsizer.axi_downsizer_inst/USE_READ.read_addr_inst/cmd_queue/inst/fifo_gen_inst/inst_fifo_gen/gconvfifo.rf/grf.rf/gntv_or_sync_fifo.gl0.wr/wpntr/AR[0]
    SLICE_X3Y45          FDCE                                         f  dma_axis_ip_example_i/ps7_0_axi_periph/s00_couplers/auto_ds/inst/gen_downsizer.gen_simple_downsizer.axi_downsizer_inst/USE_READ.read_addr_inst/cmd_queue/inst/fifo_gen_inst/inst_fifo_gen/gconvfifo.rf/grf.rf/gntv_or_sync_fifo.gl0.wr/wpntr/gcc0.gc0.count_d1_reg[4]/CLR
  -------------------------------------------------------------------    -------------------

                         (clock clk_pl_0 rise edge)
                                                      0.000     0.000 r  
    PS8_X0Y0             PS8                          0.000     0.000 r  dma_axis_ip_example_i/zynq_ultra_ps_e_0/inst/PS8_i/PLCLK[0]
                         net (fo=1, routed)           0.120     0.120    dma_axis_ip_example_i/zynq_ultra_ps_e_0/inst/pl_clk_unbuffered[0]
    BUFG_PS_X0Y67        BUFG_PS (Prop_BUFG_PS_I_O)
                                                      0.018     0.138 r  dma_axis_ip_example_i/zynq_ultra_ps_e_0/inst/buffer_pl_clk_0.PL_CLK_0_BUFG/O
    X0Y1 (CLOCK_ROOT)    net (fo=5975, routed)        1.130     1.268    dma_axis_ip_example_i/ps7_0_axi_periph/s00_couplers/auto_ds/inst/gen_downsizer.gen_simple_downsizer.axi_downsizer_inst/USE_READ.read_addr_inst/cmd_queue/inst/fifo_gen_inst/inst_fifo_gen/gconvfifo.rf/grf.rf/gntv_or_sync_fifo.gl0.wr/wpntr/clk
    SLICE_X3Y45          FDCE                                         r  dma_axis_ip_example_i/ps7_0_axi_periph/s00_couplers/auto_ds/inst/gen_downsizer.gen_simple_downsizer.axi_downsizer_inst/USE_READ.read_addr_inst/cmd_queue/inst/fifo_gen_inst/inst_fifo_gen/gconvfifo.rf/grf.rf/gntv_or_sync_fifo.gl0.wr/wpntr/gcc0.gc0.count_d1_reg[4]/C
                         clock pessimism             -0.109     1.159    
    SLICE_X3Y45          FDCE (Remov_FFF2_SLICEL_C_CLR)
                                                     -0.020     1.139    dma_axis_ip_example_i/ps7_0_axi_periph/s00_couplers/auto_ds/inst/gen_downsizer.gen_simple_downsizer.axi_downsizer_inst/USE_READ.read_addr_inst/cmd_queue/inst/fifo_gen_inst/inst_fifo_gen/gconvfifo.rf/grf.rf/gntv_or_sync_fifo.gl0.wr/wpntr/gcc0.gc0.count_d1_reg[4]
  -------------------------------------------------------------------
                         required time                         -1.139    
                         arrival time                           1.350    
  -------------------------------------------------------------------
                         slack                                  0.210    

Slack (MET) :             0.210ns  (arrival time - required time)
  Source:                 dma_axis_ip_example_i/ps7_0_axi_periph/s00_couplers/auto_ds/inst/gen_downsizer.gen_simple_downsizer.axi_downsizer_inst/USE_READ.read_addr_inst/cmd_queue/inst/fifo_gen_inst/inst_fifo_gen/gconvfifo.rf/grf.rf/rstblk/ngwrdrst.grst.g7serrst.gnsckt_wrst.gcc_rst.sckt_wr_rst_cc_reg[0]/C
                            (rising edge-triggered cell FDRE clocked by clk_pl_0  {rise@0.000ns fall@5.000ns period=10.000ns})
  Destination:            dma_axis_ip_example_i/ps7_0_axi_periph/s00_couplers/auto_ds/inst/gen_downsizer.gen_simple_downsizer.axi_downsizer_inst/USE_READ.read_addr_inst/cmd_queue/inst/fifo_gen_inst/inst_fifo_gen/gconvfifo.rf/grf.rf/gntv_or_sync_fifo.gl0.wr/wpntr/gcc0.gc0.count_reg[1]/CLR
                            (removal check against rising-edge clock clk_pl_0  {rise@0.000ns fall@5.000ns period=10.000ns})
  Path Group:             **async_default**
  Path Type:              Removal (Min at Fast Process Corner)
  Requirement:            0.000ns  (clk_pl_0 rise@0.000ns - clk_pl_0 rise@0.000ns)
  Data Path Delay:        0.240ns  (logic 0.088ns (36.641%)  route 0.152ns (63.359%))
  Logic Levels:           1  (LUT3=1)
  Clock Path Skew:        0.050ns (DCD - SCD - CPR)
    Destination Clock Delay (DCD):    1.268ns
    Source Clock Delay      (SCD):    1.110ns
    Clock Pessimism Removal (CPR):    0.109ns
  Clock Net Delay (Source):      0.999ns (routing 0.410ns, distribution 0.589ns)
  Clock Net Delay (Destination): 1.130ns (routing 0.459ns, distribution 0.671ns)

    Location             Delay type                Incr(ns)  Path(ns)    Netlist Resource(s)
  -------------------------------------------------------------------    -------------------
                         (clock clk_pl_0 rise edge)
                                                      0.000     0.000 r  
    PS8_X0Y0             PS8                          0.000     0.000 r  dma_axis_ip_example_i/zynq_ultra_ps_e_0/inst/PS8_i/PLCLK[0]
                         net (fo=1, routed)           0.094     0.094    dma_axis_ip_example_i/zynq_ultra_ps_e_0/inst/pl_clk_unbuffered[0]
    BUFG_PS_X0Y67        BUFG_PS (Prop_BUFG_PS_I_O)
                                                      0.017     0.111 r  dma_axis_ip_example_i/zynq_ultra_ps_e_0/inst/buffer_pl_clk_0.PL_CLK_0_BUFG/O
    X0Y1 (CLOCK_ROOT)    net (fo=5975, routed)        0.999     1.110    dma_axis_ip_example_i/ps7_0_axi_periph/s00_couplers/auto_ds/inst/gen_downsizer.gen_simple_downsizer.axi_downsizer_inst/USE_READ.read_addr_inst/cmd_queue/inst/fifo_gen_inst/inst_fifo_gen/gconvfifo.rf/grf.rf/rstblk/clk
    SLICE_X4Y44          FDRE                                         r  dma_axis_ip_example_i/ps7_0_axi_periph/s00_couplers/auto_ds/inst/gen_downsizer.gen_simple_downsizer.axi_downsizer_inst/USE_READ.read_addr_inst/cmd_queue/inst/fifo_gen_inst/inst_fifo_gen/gconvfifo.rf/grf.rf/rstblk/ngwrdrst.grst.g7serrst.gnsckt_wrst.gcc_rst.sckt_wr_rst_cc_reg[0]/C
  -------------------------------------------------------------------    -------------------
    SLICE_X4Y44          FDRE (Prop_EFF_SLICEM_C_Q)
                                                      0.038     1.148 f  dma_axis_ip_example_i/ps7_0_axi_periph/s00_couplers/auto_ds/inst/gen_downsizer.gen_simple_downsizer.axi_downsizer_inst/USE_READ.read_addr_inst/cmd_queue/inst/fifo_gen_inst/inst_fifo_gen/gconvfifo.rf/grf.rf/rstblk/ngwrdrst.grst.g7serrst.gnsckt_wrst.gcc_rst.sckt_wr_rst_cc_reg[0]/Q
                         net (fo=3, routed)           0.032     1.180    dma_axis_ip_example_i/ps7_0_axi_periph/s00_couplers/auto_ds/inst/gen_downsizer.gen_simple_downsizer.axi_downsizer_inst/USE_READ.read_addr_inst/cmd_queue/inst/fifo_gen_inst/inst_fifo_gen/gconvfifo.rf/grf.rf/rstblk/ngwrdrst.grst.g7serrst.gnsckt_wrst.gcc_rst.sckt_wr_rst_cc[0]
    SLICE_X4Y44          LUT3 (Prop_G6LUT_SLICEM_I1_O)
                                                      0.050     1.230 f  dma_axis_ip_example_i/ps7_0_axi_periph/s00_couplers/auto_ds/inst/gen_downsizer.gen_simple_downsizer.axi_downsizer_inst/USE_READ.read_addr_inst/cmd_queue/inst/fifo_gen_inst/inst_fifo_gen/gconvfifo.rf/grf.rf/rstblk/gpregsm1.curr_fwft_state[1]_i_2/O
                         net (fo=32, routed)          0.120     1.350    dma_axis_ip_example_i/ps7_0_axi_periph/s00_couplers/auto_ds/inst/gen_downsizer.gen_simple_downsizer.axi_downsizer_inst/USE_READ.read_addr_inst/cmd_queue/inst/fifo_gen_inst/inst_fifo_gen/gconvfifo.rf/grf.rf/gntv_or_sync_fifo.gl0.wr/wpntr/AR[0]
    SLICE_X3Y45          FDCE                                         f  dma_axis_ip_example_i/ps7_0_axi_periph/s00_couplers/auto_ds/inst/gen_downsizer.gen_simple_downsizer.axi_downsizer_inst/USE_READ.read_addr_inst/cmd_queue/inst/fifo_gen_inst/inst_fifo_gen/gconvfifo.rf/grf.rf/gntv_or_sync_fifo.gl0.wr/wpntr/gcc0.gc0.count_reg[1]/CLR
  -------------------------------------------------------------------    -------------------

                         (clock clk_pl_0 rise edge)
                                                      0.000     0.000 r  
    PS8_X0Y0             PS8                          0.000     0.000 r  dma_axis_ip_example_i/zynq_ultra_ps_e_0/inst/PS8_i/PLCLK[0]
                         net (fo=1, routed)           0.120     0.120    dma_axis_ip_example_i/zynq_ultra_ps_e_0/inst/pl_clk_unbuffered[0]
    BUFG_PS_X0Y67        BUFG_PS (Prop_BUFG_PS_I_O)
                                                      0.018     0.138 r  dma_axis_ip_example_i/zynq_ultra_ps_e_0/inst/buffer_pl_clk_0.PL_CLK_0_BUFG/O
    X0Y1 (CLOCK_ROOT)    net (fo=5975, routed)        1.130     1.268    dma_axis_ip_example_i/ps7_0_axi_periph/s00_couplers/auto_ds/inst/gen_downsizer.gen_simple_downsizer.axi_downsizer_inst/USE_READ.read_addr_inst/cmd_queue/inst/fifo_gen_inst/inst_fifo_gen/gconvfifo.rf/grf.rf/gntv_or_sync_fifo.gl0.wr/wpntr/clk
    SLICE_X3Y45          FDCE                                         r  dma_axis_ip_example_i/ps7_0_axi_periph/s00_couplers/auto_ds/inst/gen_downsizer.gen_simple_downsizer.axi_downsizer_inst/USE_READ.read_addr_inst/cmd_queue/inst/fifo_gen_inst/inst_fifo_gen/gconvfifo.rf/grf.rf/gntv_or_sync_fifo.gl0.wr/wpntr/gcc0.gc0.count_reg[1]/C
                         clock pessimism             -0.109     1.159    
    SLICE_X3Y45          FDCE (Remov_EFF2_SLICEL_C_CLR)
                                                     -0.020     1.139    dma_axis_ip_example_i/ps7_0_axi_periph/s00_couplers/auto_ds/inst/gen_downsizer.gen_simple_downsizer.axi_downsizer_inst/USE_READ.read_addr_inst/cmd_queue/inst/fifo_gen_inst/inst_fifo_gen/gconvfifo.rf/grf.rf/gntv_or_sync_fifo.gl0.wr/wpntr/gcc0.gc0.count_reg[1]
  -------------------------------------------------------------------
                         required time                         -1.139    
                         arrival time                           1.350    
  -------------------------------------------------------------------
                         slack                                  0.210    

Slack (MET) :             0.214ns  (arrival time - required time)
  Source:                 dma_axis_ip_example_i/ps7_0_axi_periph/s00_couplers/auto_ds/inst/gen_downsizer.gen_simple_downsizer.axi_downsizer_inst/USE_READ.read_addr_inst/cmd_queue/inst/fifo_gen_inst/inst_fifo_gen/gconvfifo.rf/grf.rf/rstblk/ngwrdrst.grst.g7serrst.gnsckt_wrst.gcc_rst.sckt_wr_rst_cc_reg[0]/C
                            (rising edge-triggered cell FDRE clocked by clk_pl_0  {rise@0.000ns fall@5.000ns period=10.000ns})
  Destination:            dma_axis_ip_example_i/ps7_0_axi_periph/s00_couplers/auto_ds/inst/gen_downsizer.gen_simple_downsizer.axi_downsizer_inst/USE_READ.read_addr_inst/cmd_queue/inst/fifo_gen_inst/inst_fifo_gen/gconvfifo.rf/grf.rf/gntv_or_sync_fifo.gl0.wr/wpntr/gcc0.gc0.count_d1_reg[1]/CLR
                            (removal check against rising-edge clock clk_pl_0  {rise@0.000ns fall@5.000ns period=10.000ns})
  Path Group:             **async_default**
  Path Type:              Removal (Min at Fast Process Corner)
  Requirement:            0.000ns  (clk_pl_0 rise@0.000ns - clk_pl_0 rise@0.000ns)
  Data Path Delay:        0.240ns  (logic 0.088ns (36.641%)  route 0.152ns (63.359%))
  Logic Levels:           1  (LUT3=1)
  Clock Path Skew:        0.046ns (DCD - SCD - CPR)
    Destination Clock Delay (DCD):    1.264ns
    Source Clock Delay      (SCD):    1.110ns
    Clock Pessimism Removal (CPR):    0.109ns
  Clock Net Delay (Source):      0.999ns (routing 0.410ns, distribution 0.589ns)
  Clock Net Delay (Destination): 1.126ns (routing 0.459ns, distribution 0.667ns)

    Location             Delay type                Incr(ns)  Path(ns)    Netlist Resource(s)
  -------------------------------------------------------------------    -------------------
                         (clock clk_pl_0 rise edge)
                                                      0.000     0.000 r  
    PS8_X0Y0             PS8                          0.000     0.000 r  dma_axis_ip_example_i/zynq_ultra_ps_e_0/inst/PS8_i/PLCLK[0]
                         net (fo=1, routed)           0.094     0.094    dma_axis_ip_example_i/zynq_ultra_ps_e_0/inst/pl_clk_unbuffered[0]
    BUFG_PS_X0Y67        BUFG_PS (Prop_BUFG_PS_I_O)
                                                      0.017     0.111 r  dma_axis_ip_example_i/zynq_ultra_ps_e_0/inst/buffer_pl_clk_0.PL_CLK_0_BUFG/O
    X0Y1 (CLOCK_ROOT)    net (fo=5975, routed)        0.999     1.110    dma_axis_ip_example_i/ps7_0_axi_periph/s00_couplers/auto_ds/inst/gen_downsizer.gen_simple_downsizer.axi_downsizer_inst/USE_READ.read_addr_inst/cmd_queue/inst/fifo_gen_inst/inst_fifo_gen/gconvfifo.rf/grf.rf/rstblk/clk
    SLICE_X4Y44          FDRE                                         r  dma_axis_ip_example_i/ps7_0_axi_periph/s00_couplers/auto_ds/inst/gen_downsizer.gen_simple_downsizer.axi_downsizer_inst/USE_READ.read_addr_inst/cmd_queue/inst/fifo_gen_inst/inst_fifo_gen/gconvfifo.rf/grf.rf/rstblk/ngwrdrst.grst.g7serrst.gnsckt_wrst.gcc_rst.sckt_wr_rst_cc_reg[0]/C
  -------------------------------------------------------------------    -------------------
    SLICE_X4Y44          FDRE (Prop_EFF_SLICEM_C_Q)
                                                      0.038     1.148 f  dma_axis_ip_example_i/ps7_0_axi_periph/s00_couplers/auto_ds/inst/gen_downsizer.gen_simple_downsizer.axi_downsizer_inst/USE_READ.read_addr_inst/cmd_queue/inst/fifo_gen_inst/inst_fifo_gen/gconvfifo.rf/grf.rf/rstblk/ngwrdrst.grst.g7serrst.gnsckt_wrst.gcc_rst.sckt_wr_rst_cc_reg[0]/Q
                         net (fo=3, routed)           0.032     1.180    dma_axis_ip_example_i/ps7_0_axi_periph/s00_couplers/auto_ds/inst/gen_downsizer.gen_simple_downsizer.axi_downsizer_inst/USE_READ.read_addr_inst/cmd_queue/inst/fifo_gen_inst/inst_fifo_gen/gconvfifo.rf/grf.rf/rstblk/ngwrdrst.grst.g7serrst.gnsckt_wrst.gcc_rst.sckt_wr_rst_cc[0]
    SLICE_X4Y44          LUT3 (Prop_G6LUT_SLICEM_I1_O)
                                                      0.050     1.230 f  dma_axis_ip_example_i/ps7_0_axi_periph/s00_couplers/auto_ds/inst/gen_downsizer.gen_simple_downsizer.axi_downsizer_inst/USE_READ.read_addr_inst/cmd_queue/inst/fifo_gen_inst/inst_fifo_gen/gconvfifo.rf/grf.rf/rstblk/gpregsm1.curr_fwft_state[1]_i_2/O
                         net (fo=32, routed)          0.120     1.350    dma_axis_ip_example_i/ps7_0_axi_periph/s00_couplers/auto_ds/inst/gen_downsizer.gen_simple_downsizer.axi_downsizer_inst/USE_READ.read_addr_inst/cmd_queue/inst/fifo_gen_inst/inst_fifo_gen/gconvfifo.rf/grf.rf/gntv_or_sync_fifo.gl0.wr/wpntr/AR[0]
    SLICE_X3Y45          FDCE                                         f  dma_axis_ip_example_i/ps7_0_axi_periph/s00_couplers/auto_ds/inst/gen_downsizer.gen_simple_downsizer.axi_downsizer_inst/USE_READ.read_addr_inst/cmd_queue/inst/fifo_gen_inst/inst_fifo_gen/gconvfifo.rf/grf.rf/gntv_or_sync_fifo.gl0.wr/wpntr/gcc0.gc0.count_d1_reg[1]/CLR
  -------------------------------------------------------------------    -------------------

                         (clock clk_pl_0 rise edge)
                                                      0.000     0.000 r  
    PS8_X0Y0             PS8                          0.000     0.000 r  dma_axis_ip_example_i/zynq_ultra_ps_e_0/inst/PS8_i/PLCLK[0]
                         net (fo=1, routed)           0.120     0.120    dma_axis_ip_example_i/zynq_ultra_ps_e_0/inst/pl_clk_unbuffered[0]
    BUFG_PS_X0Y67        BUFG_PS (Prop_BUFG_PS_I_O)
                                                      0.018     0.138 r  dma_axis_ip_example_i/zynq_ultra_ps_e_0/inst/buffer_pl_clk_0.PL_CLK_0_BUFG/O
    X0Y1 (CLOCK_ROOT)    net (fo=5975, routed)        1.126     1.264    dma_axis_ip_example_i/ps7_0_axi_periph/s00_couplers/auto_ds/inst/gen_downsizer.gen_simple_downsizer.axi_downsizer_inst/USE_READ.read_addr_inst/cmd_queue/inst/fifo_gen_inst/inst_fifo_gen/gconvfifo.rf/grf.rf/gntv_or_sync_fifo.gl0.wr/wpntr/clk
    SLICE_X3Y45          FDCE                                         r  dma_axis_ip_example_i/ps7_0_axi_periph/s00_couplers/auto_ds/inst/gen_downsizer.gen_simple_downsizer.axi_downsizer_inst/USE_READ.read_addr_inst/cmd_queue/inst/fifo_gen_inst/inst_fifo_gen/gconvfifo.rf/grf.rf/gntv_or_sync_fifo.gl0.wr/wpntr/gcc0.gc0.count_d1_reg[1]/C
                         clock pessimism             -0.109     1.155    
    SLICE_X3Y45          FDCE (Remov_AFF_SLICEL_C_CLR)
                                                     -0.020     1.135    dma_axis_ip_example_i/ps7_0_axi_periph/s00_couplers/auto_ds/inst/gen_downsizer.gen_simple_downsizer.axi_downsizer_inst/USE_READ.read_addr_inst/cmd_queue/inst/fifo_gen_inst/inst_fifo_gen/gconvfifo.rf/grf.rf/gntv_or_sync_fifo.gl0.wr/wpntr/gcc0.gc0.count_d1_reg[1]
  -------------------------------------------------------------------
                         required time                         -1.135    
                         arrival time                           1.350    
  -------------------------------------------------------------------
                         slack                                  0.214    

Slack (MET) :             0.214ns  (arrival time - required time)
  Source:                 dma_axis_ip_example_i/ps7_0_axi_periph/s00_couplers/auto_ds/inst/gen_downsizer.gen_simple_downsizer.axi_downsizer_inst/USE_READ.read_addr_inst/cmd_queue/inst/fifo_gen_inst/inst_fifo_gen/gconvfifo.rf/grf.rf/rstblk/ngwrdrst.grst.g7serrst.gnsckt_wrst.gcc_rst.sckt_wr_rst_cc_reg[0]/C
                            (rising edge-triggered cell FDRE clocked by clk_pl_0  {rise@0.000ns fall@5.000ns period=10.000ns})
  Destination:            dma_axis_ip_example_i/ps7_0_axi_periph/s00_couplers/auto_ds/inst/gen_downsizer.gen_simple_downsizer.axi_downsizer_inst/USE_READ.read_addr_inst/cmd_queue/inst/fifo_gen_inst/inst_fifo_gen/gconvfifo.rf/grf.rf/gntv_or_sync_fifo.gl0.wr/wpntr/gcc0.gc0.count_reg[2]/CLR
                            (removal check against rising-edge clock clk_pl_0  {rise@0.000ns fall@5.000ns period=10.000ns})
  Path Group:             **async_default**
  Path Type:              Removal (Min at Fast Process Corner)
  Requirement:            0.000ns  (clk_pl_0 rise@0.000ns - clk_pl_0 rise@0.000ns)
  Data Path Delay:        0.240ns  (logic 0.088ns (36.641%)  route 0.152ns (63.359%))
  Logic Levels:           1  (LUT3=1)
  Clock Path Skew:        0.046ns (DCD - SCD - CPR)
    Destination Clock Delay (DCD):    1.264ns
    Source Clock Delay      (SCD):    1.110ns
    Clock Pessimism Removal (CPR):    0.109ns
  Clock Net Delay (Source):      0.999ns (routing 0.410ns, distribution 0.589ns)
  Clock Net Delay (Destination): 1.126ns (routing 0.459ns, distribution 0.667ns)

    Location             Delay type                Incr(ns)  Path(ns)    Netlist Resource(s)
  -------------------------------------------------------------------    -------------------
                         (clock clk_pl_0 rise edge)
                                                      0.000     0.000 r  
    PS8_X0Y0             PS8                          0.000     0.000 r  dma_axis_ip_example_i/zynq_ultra_ps_e_0/inst/PS8_i/PLCLK[0]
                         net (fo=1, routed)           0.094     0.094    dma_axis_ip_example_i/zynq_ultra_ps_e_0/inst/pl_clk_unbuffered[0]
    BUFG_PS_X0Y67        BUFG_PS (Prop_BUFG_PS_I_O)
                                                      0.017     0.111 r  dma_axis_ip_example_i/zynq_ultra_ps_e_0/inst/buffer_pl_clk_0.PL_CLK_0_BUFG/O
    X0Y1 (CLOCK_ROOT)    net (fo=5975, routed)        0.999     1.110    dma_axis_ip_example_i/ps7_0_axi_periph/s00_couplers/auto_ds/inst/gen_downsizer.gen_simple_downsizer.axi_downsizer_inst/USE_READ.read_addr_inst/cmd_queue/inst/fifo_gen_inst/inst_fifo_gen/gconvfifo.rf/grf.rf/rstblk/clk
    SLICE_X4Y44          FDRE                                         r  dma_axis_ip_example_i/ps7_0_axi_periph/s00_couplers/auto_ds/inst/gen_downsizer.gen_simple_downsizer.axi_downsizer_inst/USE_READ.read_addr_inst/cmd_queue/inst/fifo_gen_inst/inst_fifo_gen/gconvfifo.rf/grf.rf/rstblk/ngwrdrst.grst.g7serrst.gnsckt_wrst.gcc_rst.sckt_wr_rst_cc_reg[0]/C
  -------------------------------------------------------------------    -------------------
    SLICE_X4Y44          FDRE (Prop_EFF_SLICEM_C_Q)
                                                      0.038     1.148 f  dma_axis_ip_example_i/ps7_0_axi_periph/s00_couplers/auto_ds/inst/gen_downsizer.gen_simple_downsizer.axi_downsizer_inst/USE_READ.read_addr_inst/cmd_queue/inst/fifo_gen_inst/inst_fifo_gen/gconvfifo.rf/grf.rf/rstblk/ngwrdrst.grst.g7serrst.gnsckt_wrst.gcc_rst.sckt_wr_rst_cc_reg[0]/Q
                         net (fo=3, routed)           0.032     1.180    dma_axis_ip_example_i/ps7_0_axi_periph/s00_couplers/auto_ds/inst/gen_downsizer.gen_simple_downsizer.axi_downsizer_inst/USE_READ.read_addr_inst/cmd_queue/inst/fifo_gen_inst/inst_fifo_gen/gconvfifo.rf/grf.rf/rstblk/ngwrdrst.grst.g7serrst.gnsckt_wrst.gcc_rst.sckt_wr_rst_cc[0]
    SLICE_X4Y44          LUT3 (Prop_G6LUT_SLICEM_I1_O)
                                                      0.050     1.230 f  dma_axis_ip_example_i/ps7_0_axi_periph/s00_couplers/auto_ds/inst/gen_downsizer.gen_simple_downsizer.axi_downsizer_inst/USE_READ.read_addr_inst/cmd_queue/inst/fifo_gen_inst/inst_fifo_gen/gconvfifo.rf/grf.rf/rstblk/gpregsm1.curr_fwft_state[1]_i_2/O
                         net (fo=32, routed)          0.120     1.350    dma_axis_ip_example_i/ps7_0_axi_periph/s00_couplers/auto_ds/inst/gen_downsizer.gen_simple_downsizer.axi_downsizer_inst/USE_READ.read_addr_inst/cmd_queue/inst/fifo_gen_inst/inst_fifo_gen/gconvfifo.rf/grf.rf/gntv_or_sync_fifo.gl0.wr/wpntr/AR[0]
    SLICE_X3Y45          FDCE                                         f  dma_axis_ip_example_i/ps7_0_axi_periph/s00_couplers/auto_ds/inst/gen_downsizer.gen_simple_downsizer.axi_downsizer_inst/USE_READ.read_addr_inst/cmd_queue/inst/fifo_gen_inst/inst_fifo_gen/gconvfifo.rf/grf.rf/gntv_or_sync_fifo.gl0.wr/wpntr/gcc0.gc0.count_reg[2]/CLR
  -------------------------------------------------------------------    -------------------

                         (clock clk_pl_0 rise edge)
                                                      0.000     0.000 r  
    PS8_X0Y0             PS8                          0.000     0.000 r  dma_axis_ip_example_i/zynq_ultra_ps_e_0/inst/PS8_i/PLCLK[0]
                         net (fo=1, routed)           0.120     0.120    dma_axis_ip_example_i/zynq_ultra_ps_e_0/inst/pl_clk_unbuffered[0]
    BUFG_PS_X0Y67        BUFG_PS (Prop_BUFG_PS_I_O)
                                                      0.018     0.138 r  dma_axis_ip_example_i/zynq_ultra_ps_e_0/inst/buffer_pl_clk_0.PL_CLK_0_BUFG/O
    X0Y1 (CLOCK_ROOT)    net (fo=5975, routed)        1.126     1.264    dma_axis_ip_example_i/ps7_0_axi_periph/s00_couplers/auto_ds/inst/gen_downsizer.gen_simple_downsizer.axi_downsizer_inst/USE_READ.read_addr_inst/cmd_queue/inst/fifo_gen_inst/inst_fifo_gen/gconvfifo.rf/grf.rf/gntv_or_sync_fifo.gl0.wr/wpntr/clk
    SLICE_X3Y45          FDCE                                         r  dma_axis_ip_example_i/ps7_0_axi_periph/s00_couplers/auto_ds/inst/gen_downsizer.gen_simple_downsizer.axi_downsizer_inst/USE_READ.read_addr_inst/cmd_queue/inst/fifo_gen_inst/inst_fifo_gen/gconvfifo.rf/grf.rf/gntv_or_sync_fifo.gl0.wr/wpntr/gcc0.gc0.count_reg[2]/C
                         clock pessimism             -0.109     1.155    
    SLICE_X3Y45          FDCE (Remov_BFF2_SLICEL_C_CLR)
                                                     -0.020     1.135    dma_axis_ip_example_i/ps7_0_axi_periph/s00_couplers/auto_ds/inst/gen_downsizer.gen_simple_downsizer.axi_downsizer_inst/USE_READ.read_addr_inst/cmd_queue/inst/fifo_gen_inst/inst_fifo_gen/gconvfifo.rf/grf.rf/gntv_or_sync_fifo.gl0.wr/wpntr/gcc0.gc0.count_reg[2]
  -------------------------------------------------------------------
                         required time                         -1.135    
                         arrival time                           1.350    
  -------------------------------------------------------------------
                         slack                                  0.214    

Slack (MET) :             0.214ns  (arrival time - required time)
  Source:                 dma_axis_ip_example_i/ps7_0_axi_periph/s00_couplers/auto_ds/inst/gen_downsizer.gen_simple_downsizer.axi_downsizer_inst/USE_READ.read_addr_inst/cmd_queue/inst/fifo_gen_inst/inst_fifo_gen/gconvfifo.rf/grf.rf/rstblk/ngwrdrst.grst.g7serrst.gnsckt_wrst.gcc_rst.sckt_wr_rst_cc_reg[0]/C
                            (rising edge-triggered cell FDRE clocked by clk_pl_0  {rise@0.000ns fall@5.000ns period=10.000ns})
  Destination:            dma_axis_ip_example_i/ps7_0_axi_periph/s00_couplers/auto_ds/inst/gen_downsizer.gen_simple_downsizer.axi_downsizer_inst/USE_READ.read_addr_inst/cmd_queue/inst/fifo_gen_inst/inst_fifo_gen/gconvfifo.rf/grf.rf/gntv_or_sync_fifo.gl0.wr/wpntr/gcc0.gc0.count_reg[3]/CLR
                            (removal check against rising-edge clock clk_pl_0  {rise@0.000ns fall@5.000ns period=10.000ns})
  Path Group:             **async_default**
  Path Type:              Removal (Min at Fast Process Corner)
  Requirement:            0.000ns  (clk_pl_0 rise@0.000ns - clk_pl_0 rise@0.000ns)
  Data Path Delay:        0.240ns  (logic 0.088ns (36.641%)  route 0.152ns (63.359%))
  Logic Levels:           1  (LUT3=1)
  Clock Path Skew:        0.046ns (DCD - SCD - CPR)
    Destination Clock Delay (DCD):    1.264ns
    Source Clock Delay      (SCD):    1.110ns
    Clock Pessimism Removal (CPR):    0.109ns
  Clock Net Delay (Source):      0.999ns (routing 0.410ns, distribution 0.589ns)
  Clock Net Delay (Destination): 1.126ns (routing 0.459ns, distribution 0.667ns)

    Location             Delay type                Incr(ns)  Path(ns)    Netlist Resource(s)
  -------------------------------------------------------------------    -------------------
                         (clock clk_pl_0 rise edge)
                                                      0.000     0.000 r  
    PS8_X0Y0             PS8                          0.000     0.000 r  dma_axis_ip_example_i/zynq_ultra_ps_e_0/inst/PS8_i/PLCLK[0]
                         net (fo=1, routed)           0.094     0.094    dma_axis_ip_example_i/zynq_ultra_ps_e_0/inst/pl_clk_unbuffered[0]
    BUFG_PS_X0Y67        BUFG_PS (Prop_BUFG_PS_I_O)
                                                      0.017     0.111 r  dma_axis_ip_example_i/zynq_ultra_ps_e_0/inst/buffer_pl_clk_0.PL_CLK_0_BUFG/O
    X0Y1 (CLOCK_ROOT)    net (fo=5975, routed)        0.999     1.110    dma_axis_ip_example_i/ps7_0_axi_periph/s00_couplers/auto_ds/inst/gen_downsizer.gen_simple_downsizer.axi_downsizer_inst/USE_READ.read_addr_inst/cmd_queue/inst/fifo_gen_inst/inst_fifo_gen/gconvfifo.rf/grf.rf/rstblk/clk
    SLICE_X4Y44          FDRE                                         r  dma_axis_ip_example_i/ps7_0_axi_periph/s00_couplers/auto_ds/inst/gen_downsizer.gen_simple_downsizer.axi_downsizer_inst/USE_READ.read_addr_inst/cmd_queue/inst/fifo_gen_inst/inst_fifo_gen/gconvfifo.rf/grf.rf/rstblk/ngwrdrst.grst.g7serrst.gnsckt_wrst.gcc_rst.sckt_wr_rst_cc_reg[0]/C
  -------------------------------------------------------------------    -------------------
    SLICE_X4Y44          FDRE (Prop_EFF_SLICEM_C_Q)
                                                      0.038     1.148 f  dma_axis_ip_example_i/ps7_0_axi_periph/s00_couplers/auto_ds/inst/gen_downsizer.gen_simple_downsizer.axi_downsizer_inst/USE_READ.read_addr_inst/cmd_queue/inst/fifo_gen_inst/inst_fifo_gen/gconvfifo.rf/grf.rf/rstblk/ngwrdrst.grst.g7serrst.gnsckt_wrst.gcc_rst.sckt_wr_rst_cc_reg[0]/Q
                         net (fo=3, routed)           0.032     1.180    dma_axis_ip_example_i/ps7_0_axi_periph/s00_couplers/auto_ds/inst/gen_downsizer.gen_simple_downsizer.axi_downsizer_inst/USE_READ.read_addr_inst/cmd_queue/inst/fifo_gen_inst/inst_fifo_gen/gconvfifo.rf/grf.rf/rstblk/ngwrdrst.grst.g7serrst.gnsckt_wrst.gcc_rst.sckt_wr_rst_cc[0]
    SLICE_X4Y44          LUT3 (Prop_G6LUT_SLICEM_I1_O)
                                                      0.050     1.230 f  dma_axis_ip_example_i/ps7_0_axi_periph/s00_couplers/auto_ds/inst/gen_downsizer.gen_simple_downsizer.axi_downsizer_inst/USE_READ.read_addr_inst/cmd_queue/inst/fifo_gen_inst/inst_fifo_gen/gconvfifo.rf/grf.rf/rstblk/gpregsm1.curr_fwft_state[1]_i_2/O
                         net (fo=32, routed)          0.120     1.350    dma_axis_ip_example_i/ps7_0_axi_periph/s00_couplers/auto_ds/inst/gen_downsizer.gen_simple_downsizer.axi_downsizer_inst/USE_READ.read_addr_inst/cmd_queue/inst/fifo_gen_inst/inst_fifo_gen/gconvfifo.rf/grf.rf/gntv_or_sync_fifo.gl0.wr/wpntr/AR[0]
    SLICE_X3Y45          FDCE                                         f  dma_axis_ip_example_i/ps7_0_axi_periph/s00_couplers/auto_ds/inst/gen_downsizer.gen_simple_downsizer.axi_downsizer_inst/USE_READ.read_addr_inst/cmd_queue/inst/fifo_gen_inst/inst_fifo_gen/gconvfifo.rf/grf.rf/gntv_or_sync_fifo.gl0.wr/wpntr/gcc0.gc0.count_reg[3]/CLR
  -------------------------------------------------------------------    -------------------

                         (clock clk_pl_0 rise edge)
                                                      0.000     0.000 r  
    PS8_X0Y0             PS8                          0.000     0.000 r  dma_axis_ip_example_i/zynq_ultra_ps_e_0/inst/PS8_i/PLCLK[0]
                         net (fo=1, routed)           0.120     0.120    dma_axis_ip_example_i/zynq_ultra_ps_e_0/inst/pl_clk_unbuffered[0]
    BUFG_PS_X0Y67        BUFG_PS (Prop_BUFG_PS_I_O)
                                                      0.018     0.138 r  dma_axis_ip_example_i/zynq_ultra_ps_e_0/inst/buffer_pl_clk_0.PL_CLK_0_BUFG/O
    X0Y1 (CLOCK_ROOT)    net (fo=5975, routed)        1.126     1.264    dma_axis_ip_example_i/ps7_0_axi_periph/s00_couplers/auto_ds/inst/gen_downsizer.gen_simple_downsizer.axi_downsizer_inst/USE_READ.read_addr_inst/cmd_queue/inst/fifo_gen_inst/inst_fifo_gen/gconvfifo.rf/grf.rf/gntv_or_sync_fifo.gl0.wr/wpntr/clk
    SLICE_X3Y45          FDCE                                         r  dma_axis_ip_example_i/ps7_0_axi_periph/s00_couplers/auto_ds/inst/gen_downsizer.gen_simple_downsizer.axi_downsizer_inst/USE_READ.read_addr_inst/cmd_queue/inst/fifo_gen_inst/inst_fifo_gen/gconvfifo.rf/grf.rf/gntv_or_sync_fifo.gl0.wr/wpntr/gcc0.gc0.count_reg[3]/C
                         clock pessimism             -0.109     1.155    
    SLICE_X3Y45          FDCE (Remov_CFF_SLICEL_C_CLR)
                                                     -0.020     1.135    dma_axis_ip_example_i/ps7_0_axi_periph/s00_couplers/auto_ds/inst/gen_downsizer.gen_simple_downsizer.axi_downsizer_inst/USE_READ.read_addr_inst/cmd_queue/inst/fifo_gen_inst/inst_fifo_gen/gconvfifo.rf/grf.rf/gntv_or_sync_fifo.gl0.wr/wpntr/gcc0.gc0.count_reg[3]
  -------------------------------------------------------------------
                         required time                         -1.135    
                         arrival time                           1.350    
  -------------------------------------------------------------------
                         slack                                  0.214    





--------------------------------------------------------------------------------------
Path Group:  (none)
From Clock:  clk_pl_0
  To Clock:  clk_out1_dma_axis_ip_example_clk_wiz_0_0

Max Delay            16 Endpoints
Min Delay            31 Endpoints
--------------------------------------------------------------------------------------


Max Delay Paths
--------------------------------------------------------------------------------------
Slack:                    inf
  Source:                 dma_axis_ip_example_i/rst_ps7_0_100M/U0/ACTIVE_LOW_PR_OUT_DFF[0].FDRE_PER_N/C
                            (rising edge-triggered cell FDRE clocked by clk_pl_0  {rise@0.000ns fall@5.000ns period=10.000ns})
  Destination:            dma_axis_ip_example_i/proc_sys_reset_0/U0/EXT_LPF/ACTIVE_LOW_EXT.ACT_LO_EXT/GENERATE_LEVEL_P_S_CDC.SINGLE_BIT.CROSS_PLEVEL_IN2SCNDRY_IN_cdc_to/D
                            (rising edge-triggered cell FDRE clocked by clk_out1_dma_axis_ip_example_clk_wiz_0_0  {rise@0.000ns fall@44.289ns period=88.577ns})
  Path Group:             (none)
  Path Type:              Setup (Max at Slow Process Corner)
  Data Path Delay:        1.269ns  (logic 0.228ns (17.962%)  route 1.041ns (82.038%))
  Logic Levels:           1  (LUT1=1)
  Clock Path Skew:        2.253ns (DCD - SCD + CPR)
    Destination Clock Delay (DCD):    4.245ns
    Source Clock Delay      (SCD):    1.992ns
    Clock Pessimism Removal (CPR):    0.000ns
  Clock Uncertainty:      0.432ns  ((TSJ^2 + DJ^2)^1/2) / 2 + PE
    Total System Jitter     (TSJ):    0.071ns
    Discrete Jitter          (DJ):    0.480ns
    Phase Error              (PE):    0.190ns
  Clock Net Delay (Source):      1.793ns (routing 0.753ns, distribution 1.040ns)
  Clock Net Delay (Destination): 1.766ns (routing 0.883ns, distribution 0.883ns)
  Timing Exception:       False Path

    Location             Delay type                Incr(ns)  Path(ns)    Netlist Resource(s)
  -------------------------------------------------------------------    -------------------
                         (clock clk_pl_0 rise edge)
                                                      0.000     0.000 r  
    PS8_X0Y0             PS8                          0.000     0.000 r  dma_axis_ip_example_i/zynq_ultra_ps_e_0/inst/PS8_i/PLCLK[0]
                         net (fo=1, routed)           0.171     0.171    dma_axis_ip_example_i/zynq_ultra_ps_e_0/inst/pl_clk_unbuffered[0]
    BUFG_PS_X0Y67        BUFG_PS (Prop_BUFG_PS_I_O)
                                                      0.028     0.199 r  dma_axis_ip_example_i/zynq_ultra_ps_e_0/inst/buffer_pl_clk_0.PL_CLK_0_BUFG/O
    X0Y1 (CLOCK_ROOT)    net (fo=5975, routed)        1.793     1.992    dma_axis_ip_example_i/rst_ps7_0_100M/U0/slowest_sync_clk
    SLICE_X5Y67          FDRE                                         r  dma_axis_ip_example_i/rst_ps7_0_100M/U0/ACTIVE_LOW_PR_OUT_DFF[0].FDRE_PER_N/C
  -------------------------------------------------------------------    -------------------
    SLICE_X5Y67          FDRE (Prop_EFF_SLICEM_C_Q)
                                                      0.076     2.068 f  dma_axis_ip_example_i/rst_ps7_0_100M/U0/ACTIVE_LOW_PR_OUT_DFF[0].FDRE_PER_N/Q
                         net (fo=870, routed)         0.867     2.935    dma_axis_ip_example_i/proc_sys_reset_0/U0/EXT_LPF/ACTIVE_LOW_EXT.ACT_LO_EXT/ext_reset_in
    SLICE_X16Y72         LUT1 (Prop_H6LUT_SLICEM_I0_O)
                                                      0.152     3.087 r  dma_axis_ip_example_i/proc_sys_reset_0/U0/EXT_LPF/ACTIVE_LOW_EXT.ACT_LO_EXT/GENERATE_LEVEL_P_S_CDC.SINGLE_BIT.CROSS_PLEVEL_IN2SCNDRY_IN_cdc_to_i_1/O
                         net (fo=1, routed)           0.174     3.261    dma_axis_ip_example_i/proc_sys_reset_0/U0/EXT_LPF/ACTIVE_LOW_EXT.ACT_LO_EXT/exr_d1
    SLICE_X16Y72         FDRE                                         r  dma_axis_ip_example_i/proc_sys_reset_0/U0/EXT_LPF/ACTIVE_LOW_EXT.ACT_LO_EXT/GENERATE_LEVEL_P_S_CDC.SINGLE_BIT.CROSS_PLEVEL_IN2SCNDRY_IN_cdc_to/D
  -------------------------------------------------------------------    -------------------

                         (clock clk_out1_dma_axis_ip_example_clk_wiz_0_0 rise edge)
                                                      0.000     0.000 r  
    BUFG_PS_X0Y67        BUFG_PS                      0.000     0.000 r  dma_axis_ip_example_i/zynq_ultra_ps_e_0/inst/buffer_pl_clk_0.PL_CLK_0_BUFG/O
                         net (fo=5975, routed)        1.610     1.610    dma_axis_ip_example_i/clk_wiz_0/inst/clk_in1
    MMCM_X0Y2            MMCME4_ADV (Prop_MMCM_CLKIN1_CLKOUT0)
                                                      0.630     2.240 r  dma_axis_ip_example_i/clk_wiz_0/inst/mmcme4_adv_inst/CLKOUT0
                         net (fo=1, routed)           0.215     2.455    dma_axis_ip_example_i/clk_wiz_0/inst/clk_out1_dma_axis_ip_example_clk_wiz_0_0
    BUFGCE_X0Y66         BUFGCE (Prop_BUFCE_BUFGCE_I_O)
                                                      0.024     2.479 r  dma_axis_ip_example_i/clk_wiz_0/inst/clkout1_buf/O
    X0Y1 (CLOCK_ROOT)    net (fo=313, routed)         1.766     4.245    dma_axis_ip_example_i/proc_sys_reset_0/U0/EXT_LPF/ACTIVE_LOW_EXT.ACT_LO_EXT/slowest_sync_clk
    SLICE_X16Y72         FDRE                                         r  dma_axis_ip_example_i/proc_sys_reset_0/U0/EXT_LPF/ACTIVE_LOW_EXT.ACT_LO_EXT/GENERATE_LEVEL_P_S_CDC.SINGLE_BIT.CROSS_PLEVEL_IN2SCNDRY_IN_cdc_to/C

Slack:                    inf
  Source:                 dma_axis_ip_example_i/i2s_transmitter_0/inst/I2S_TX_V1_0_SYS_INST/CDC_SCLKDIV_INST/src_ff_reg[7]/C
                            (rising edge-triggered cell FDRE clocked by clk_pl_0  {rise@0.000ns fall@5.000ns period=10.000ns})
  Destination:            dma_axis_ip_example_i/i2s_transmitter_0/inst/I2S_TX_V1_0_SYS_INST/CDC_SCLKDIV_INST/syncstages_ff_reg[0][7]/D
                            (rising edge-triggered cell FDRE clocked by clk_out1_dma_axis_ip_example_clk_wiz_0_0  {rise@0.000ns fall@44.289ns period=88.577ns})
  Path Group:             (none)
  Path Type:              Setup (Max at Slow Process Corner)
  Data Path Delay:        0.450ns  (logic 0.078ns (17.333%)  route 0.372ns (82.667%))
  Logic Levels:           0  
  Clock Path Skew:        2.278ns (DCD - SCD + CPR)
    Destination Clock Delay (DCD):    4.282ns
    Source Clock Delay      (SCD):    2.004ns
    Clock Pessimism Removal (CPR):    0.000ns
  Clock Uncertainty:      0.432ns  ((TSJ^2 + DJ^2)^1/2) / 2 + PE
    Total System Jitter     (TSJ):    0.071ns
    Discrete Jitter          (DJ):    0.480ns
    Phase Error              (PE):    0.190ns
  Clock Net Delay (Source):      1.805ns (routing 0.753ns, distribution 1.052ns)
  Clock Net Delay (Destination): 1.803ns (routing 0.883ns, distribution 0.920ns)
  Timing Exception:       False Path

    Location             Delay type                Incr(ns)  Path(ns)    Netlist Resource(s)
  -------------------------------------------------------------------    -------------------
                         (clock clk_pl_0 rise edge)
                                                      0.000     0.000 r  
    PS8_X0Y0             PS8                          0.000     0.000 r  dma_axis_ip_example_i/zynq_ultra_ps_e_0/inst/PS8_i/PLCLK[0]
                         net (fo=1, routed)           0.171     0.171    dma_axis_ip_example_i/zynq_ultra_ps_e_0/inst/pl_clk_unbuffered[0]
    BUFG_PS_X0Y67        BUFG_PS (Prop_BUFG_PS_I_O)
                                                      0.028     0.199 r  dma_axis_ip_example_i/zynq_ultra_ps_e_0/inst/buffer_pl_clk_0.PL_CLK_0_BUFG/O
    X0Y1 (CLOCK_ROOT)    net (fo=5975, routed)        1.805     2.004    dma_axis_ip_example_i/i2s_transmitter_0/inst/I2S_TX_V1_0_SYS_INST/CDC_SCLKDIV_INST/src_clk
    SLICE_X9Y60          FDRE                                         r  dma_axis_ip_example_i/i2s_transmitter_0/inst/I2S_TX_V1_0_SYS_INST/CDC_SCLKDIV_INST/src_ff_reg[7]/C
  -------------------------------------------------------------------    -------------------
    SLICE_X9Y60          FDRE (Prop_CFF_SLICEM_C_Q)
                                                      0.078     2.082 r  dma_axis_ip_example_i/i2s_transmitter_0/inst/I2S_TX_V1_0_SYS_INST/CDC_SCLKDIV_INST/src_ff_reg[7]/Q
                         net (fo=1, routed)           0.372     2.454    dma_axis_ip_example_i/i2s_transmitter_0/inst/I2S_TX_V1_0_SYS_INST/CDC_SCLKDIV_INST/async_path_bit[7]
    SLICE_X5Y60          FDRE                                         r  dma_axis_ip_example_i/i2s_transmitter_0/inst/I2S_TX_V1_0_SYS_INST/CDC_SCLKDIV_INST/syncstages_ff_reg[0][7]/D
  -------------------------------------------------------------------    -------------------

                         (clock clk_out1_dma_axis_ip_example_clk_wiz_0_0 rise edge)
                                                      0.000     0.000 r  
    BUFG_PS_X0Y67        BUFG_PS                      0.000     0.000 r  dma_axis_ip_example_i/zynq_ultra_ps_e_0/inst/buffer_pl_clk_0.PL_CLK_0_BUFG/O
                         net (fo=5975, routed)        1.610     1.610    dma_axis_ip_example_i/clk_wiz_0/inst/clk_in1
    MMCM_X0Y2            MMCME4_ADV (Prop_MMCM_CLKIN1_CLKOUT0)
                                                      0.630     2.240 r  dma_axis_ip_example_i/clk_wiz_0/inst/mmcme4_adv_inst/CLKOUT0
                         net (fo=1, routed)           0.215     2.455    dma_axis_ip_example_i/clk_wiz_0/inst/clk_out1_dma_axis_ip_example_clk_wiz_0_0
    BUFGCE_X0Y66         BUFGCE (Prop_BUFCE_BUFGCE_I_O)
                                                      0.024     2.479 r  dma_axis_ip_example_i/clk_wiz_0/inst/clkout1_buf/O
    X0Y1 (CLOCK_ROOT)    net (fo=313, routed)         1.803     4.282    dma_axis_ip_example_i/i2s_transmitter_0/inst/I2S_TX_V1_0_SYS_INST/CDC_SCLKDIV_INST/dest_clk
    SLICE_X5Y60          FDRE                                         r  dma_axis_ip_example_i/i2s_transmitter_0/inst/I2S_TX_V1_0_SYS_INST/CDC_SCLKDIV_INST/syncstages_ff_reg[0][7]/C

Slack:                    inf
  Source:                 dma_axis_ip_example_i/i2s_transmitter_0/inst/I2S_TX_V1_0_SYS_INST/CDC_SCLKDIV_INST/src_ff_reg[2]/C
                            (rising edge-triggered cell FDRE clocked by clk_pl_0  {rise@0.000ns fall@5.000ns period=10.000ns})
  Destination:            dma_axis_ip_example_i/i2s_transmitter_0/inst/I2S_TX_V1_0_SYS_INST/CDC_SCLKDIV_INST/syncstages_ff_reg[0][2]/D
                            (rising edge-triggered cell FDRE clocked by clk_out1_dma_axis_ip_example_clk_wiz_0_0  {rise@0.000ns fall@44.289ns period=88.577ns})
  Path Group:             (none)
  Path Type:              Setup (Max at Slow Process Corner)
  Data Path Delay:        0.436ns  (logic 0.081ns (18.578%)  route 0.355ns (81.422%))
  Logic Levels:           0  
  Clock Path Skew:        2.265ns (DCD - SCD + CPR)
    Destination Clock Delay (DCD):    4.279ns
    Source Clock Delay      (SCD):    2.014ns
    Clock Pessimism Removal (CPR):    0.000ns
  Clock Uncertainty:      0.432ns  ((TSJ^2 + DJ^2)^1/2) / 2 + PE
    Total System Jitter     (TSJ):    0.071ns
    Discrete Jitter          (DJ):    0.480ns
    Phase Error              (PE):    0.190ns
  Clock Net Delay (Source):      1.815ns (routing 0.753ns, distribution 1.062ns)
  Clock Net Delay (Destination): 1.800ns (routing 0.883ns, distribution 0.917ns)
  Timing Exception:       False Path

    Location             Delay type                Incr(ns)  Path(ns)    Netlist Resource(s)
  -------------------------------------------------------------------    -------------------
                         (clock clk_pl_0 rise edge)
                                                      0.000     0.000 r  
    PS8_X0Y0             PS8                          0.000     0.000 r  dma_axis_ip_example_i/zynq_ultra_ps_e_0/inst/PS8_i/PLCLK[0]
                         net (fo=1, routed)           0.171     0.171    dma_axis_ip_example_i/zynq_ultra_ps_e_0/inst/pl_clk_unbuffered[0]
    BUFG_PS_X0Y67        BUFG_PS (Prop_BUFG_PS_I_O)
                                                      0.028     0.199 r  dma_axis_ip_example_i/zynq_ultra_ps_e_0/inst/buffer_pl_clk_0.PL_CLK_0_BUFG/O
    X0Y1 (CLOCK_ROOT)    net (fo=5975, routed)        1.815     2.014    dma_axis_ip_example_i/i2s_transmitter_0/inst/I2S_TX_V1_0_SYS_INST/CDC_SCLKDIV_INST/src_clk
    SLICE_X7Y60          FDRE                                         r  dma_axis_ip_example_i/i2s_transmitter_0/inst/I2S_TX_V1_0_SYS_INST/CDC_SCLKDIV_INST/src_ff_reg[2]/C
  -------------------------------------------------------------------    -------------------
    SLICE_X7Y60          FDRE (Prop_FFF2_SLICEL_C_Q)
                                                      0.081     2.095 r  dma_axis_ip_example_i/i2s_transmitter_0/inst/I2S_TX_V1_0_SYS_INST/CDC_SCLKDIV_INST/src_ff_reg[2]/Q
                         net (fo=1, routed)           0.355     2.450    dma_axis_ip_example_i/i2s_transmitter_0/inst/I2S_TX_V1_0_SYS_INST/CDC_SCLKDIV_INST/async_path_bit[2]
    SLICE_X4Y60          FDRE                                         r  dma_axis_ip_example_i/i2s_transmitter_0/inst/I2S_TX_V1_0_SYS_INST/CDC_SCLKDIV_INST/syncstages_ff_reg[0][2]/D
  -------------------------------------------------------------------    -------------------

                         (clock clk_out1_dma_axis_ip_example_clk_wiz_0_0 rise edge)
                                                      0.000     0.000 r  
    BUFG_PS_X0Y67        BUFG_PS                      0.000     0.000 r  dma_axis_ip_example_i/zynq_ultra_ps_e_0/inst/buffer_pl_clk_0.PL_CLK_0_BUFG/O
                         net (fo=5975, routed)        1.610     1.610    dma_axis_ip_example_i/clk_wiz_0/inst/clk_in1
    MMCM_X0Y2            MMCME4_ADV (Prop_MMCM_CLKIN1_CLKOUT0)
                                                      0.630     2.240 r  dma_axis_ip_example_i/clk_wiz_0/inst/mmcme4_adv_inst/CLKOUT0
                         net (fo=1, routed)           0.215     2.455    dma_axis_ip_example_i/clk_wiz_0/inst/clk_out1_dma_axis_ip_example_clk_wiz_0_0
    BUFGCE_X0Y66         BUFGCE (Prop_BUFCE_BUFGCE_I_O)
                                                      0.024     2.479 r  dma_axis_ip_example_i/clk_wiz_0/inst/clkout1_buf/O
    X0Y1 (CLOCK_ROOT)    net (fo=313, routed)         1.800     4.279    dma_axis_ip_example_i/i2s_transmitter_0/inst/I2S_TX_V1_0_SYS_INST/CDC_SCLKDIV_INST/dest_clk
    SLICE_X4Y60          FDRE                                         r  dma_axis_ip_example_i/i2s_transmitter_0/inst/I2S_TX_V1_0_SYS_INST/CDC_SCLKDIV_INST/syncstages_ff_reg[0][2]/C

Slack:                    inf
  Source:                 dma_axis_ip_example_i/i2s_transmitter_0/inst/I2S_TX_V1_0_SYS_INST/AXIS_FIFO_INST/xpm_fifo_async_inst/gnuram_async_fifo.xpm_fifo_base_inst/xpm_fifo_rst_inst/gen_rst_ic.fifo_wr_rst_ic_reg/C
                            (rising edge-triggered cell FDRE clocked by clk_pl_0  {rise@0.000ns fall@5.000ns period=10.000ns})
  Destination:            dma_axis_ip_example_i/i2s_transmitter_0/inst/I2S_TX_V1_0_SYS_INST/AXIS_FIFO_INST/xpm_fifo_async_inst/gnuram_async_fifo.xpm_fifo_base_inst/xpm_fifo_rst_inst/gen_rst_ic.wrst_rd_inst/syncstages_ff_reg[0]/D
                            (rising edge-triggered cell FDRE clocked by clk_out1_dma_axis_ip_example_clk_wiz_0_0  {rise@0.000ns fall@44.289ns period=88.577ns})
  Path Group:             (none)
  Path Type:              Setup (Max at Slow Process Corner)
  Data Path Delay:        0.433ns  (logic 0.079ns (18.233%)  route 0.354ns (81.767%))
  Logic Levels:           0  
  Clock Path Skew:        2.288ns (DCD - SCD + CPR)
    Destination Clock Delay (DCD):    4.280ns
    Source Clock Delay      (SCD):    1.992ns
    Clock Pessimism Removal (CPR):    0.000ns
  Clock Uncertainty:      0.432ns  ((TSJ^2 + DJ^2)^1/2) / 2 + PE
    Total System Jitter     (TSJ):    0.071ns
    Discrete Jitter          (DJ):    0.480ns
    Phase Error              (PE):    0.190ns
  Clock Net Delay (Source):      1.793ns (routing 0.753ns, distribution 1.040ns)
  Clock Net Delay (Destination): 1.801ns (routing 0.883ns, distribution 0.918ns)
  Timing Exception:       False Path

    Location             Delay type                Incr(ns)  Path(ns)    Netlist Resource(s)
  -------------------------------------------------------------------    -------------------
                         (clock clk_pl_0 rise edge)
                                                      0.000     0.000 r  
    PS8_X0Y0             PS8                          0.000     0.000 r  dma_axis_ip_example_i/zynq_ultra_ps_e_0/inst/PS8_i/PLCLK[0]
                         net (fo=1, routed)           0.171     0.171    dma_axis_ip_example_i/zynq_ultra_ps_e_0/inst/pl_clk_unbuffered[0]
    BUFG_PS_X0Y67        BUFG_PS (Prop_BUFG_PS_I_O)
                                                      0.028     0.199 r  dma_axis_ip_example_i/zynq_ultra_ps_e_0/inst/buffer_pl_clk_0.PL_CLK_0_BUFG/O
    X0Y1 (CLOCK_ROOT)    net (fo=5975, routed)        1.793     1.992    dma_axis_ip_example_i/i2s_transmitter_0/inst/I2S_TX_V1_0_SYS_INST/AXIS_FIFO_INST/xpm_fifo_async_inst/gnuram_async_fifo.xpm_fifo_base_inst/xpm_fifo_rst_inst/wr_clk
    SLICE_X8Y75          FDRE                                         r  dma_axis_ip_example_i/i2s_transmitter_0/inst/I2S_TX_V1_0_SYS_INST/AXIS_FIFO_INST/xpm_fifo_async_inst/gnuram_async_fifo.xpm_fifo_base_inst/xpm_fifo_rst_inst/gen_rst_ic.fifo_wr_rst_ic_reg/C
  -------------------------------------------------------------------    -------------------
    SLICE_X8Y75          FDRE (Prop_DFF_SLICEL_C_Q)
                                                      0.079     2.071 r  dma_axis_ip_example_i/i2s_transmitter_0/inst/I2S_TX_V1_0_SYS_INST/AXIS_FIFO_INST/xpm_fifo_async_inst/gnuram_async_fifo.xpm_fifo_base_inst/xpm_fifo_rst_inst/gen_rst_ic.fifo_wr_rst_ic_reg/Q
                         net (fo=2, routed)           0.354     2.425    dma_axis_ip_example_i/i2s_transmitter_0/inst/I2S_TX_V1_0_SYS_INST/AXIS_FIFO_INST/xpm_fifo_async_inst/gnuram_async_fifo.xpm_fifo_base_inst/xpm_fifo_rst_inst/gen_rst_ic.wrst_rd_inst/src_rst
    SLICE_X7Y69          FDRE                                         r  dma_axis_ip_example_i/i2s_transmitter_0/inst/I2S_TX_V1_0_SYS_INST/AXIS_FIFO_INST/xpm_fifo_async_inst/gnuram_async_fifo.xpm_fifo_base_inst/xpm_fifo_rst_inst/gen_rst_ic.wrst_rd_inst/syncstages_ff_reg[0]/D
  -------------------------------------------------------------------    -------------------

                         (clock clk_out1_dma_axis_ip_example_clk_wiz_0_0 rise edge)
                                                      0.000     0.000 r  
    BUFG_PS_X0Y67        BUFG_PS                      0.000     0.000 r  dma_axis_ip_example_i/zynq_ultra_ps_e_0/inst/buffer_pl_clk_0.PL_CLK_0_BUFG/O
                         net (fo=5975, routed)        1.610     1.610    dma_axis_ip_example_i/clk_wiz_0/inst/clk_in1
    MMCM_X0Y2            MMCME4_ADV (Prop_MMCM_CLKIN1_CLKOUT0)
                                                      0.630     2.240 r  dma_axis_ip_example_i/clk_wiz_0/inst/mmcme4_adv_inst/CLKOUT0
                         net (fo=1, routed)           0.215     2.455    dma_axis_ip_example_i/clk_wiz_0/inst/clk_out1_dma_axis_ip_example_clk_wiz_0_0
    BUFGCE_X0Y66         BUFGCE (Prop_BUFCE_BUFGCE_I_O)
                                                      0.024     2.479 r  dma_axis_ip_example_i/clk_wiz_0/inst/clkout1_buf/O
    X0Y1 (CLOCK_ROOT)    net (fo=313, routed)         1.801     4.280    dma_axis_ip_example_i/i2s_transmitter_0/inst/I2S_TX_V1_0_SYS_INST/AXIS_FIFO_INST/xpm_fifo_async_inst/gnuram_async_fifo.xpm_fifo_base_inst/xpm_fifo_rst_inst/gen_rst_ic.wrst_rd_inst/dest_clk
    SLICE_X7Y69          FDRE                                         r  dma_axis_ip_example_i/i2s_transmitter_0/inst/I2S_TX_V1_0_SYS_INST/AXIS_FIFO_INST/xpm_fifo_async_inst/gnuram_async_fifo.xpm_fifo_base_inst/xpm_fifo_rst_inst/gen_rst_ic.wrst_rd_inst/syncstages_ff_reg[0]/C

Slack:                    inf
  Source:                 dma_axis_ip_example_i/i2s_transmitter_0/inst/I2S_TX_V1_0_SYS_INST/genblk1[0].CDC_CHMUX_INST/src_ff_reg[2]/C
                            (rising edge-triggered cell FDRE clocked by clk_pl_0  {rise@0.000ns fall@5.000ns period=10.000ns})
  Destination:            dma_axis_ip_example_i/i2s_transmitter_0/inst/I2S_TX_V1_0_SYS_INST/genblk1[0].CDC_CHMUX_INST/syncstages_ff_reg[0][2]/D
                            (rising edge-triggered cell FDRE clocked by clk_out1_dma_axis_ip_example_clk_wiz_0_0  {rise@0.000ns fall@44.289ns period=88.577ns})
  Path Group:             (none)
  Path Type:              Setup (Max at Slow Process Corner)
  Data Path Delay:        0.356ns  (logic 0.079ns (22.191%)  route 0.277ns (77.809%))
  Logic Levels:           0  
  Clock Path Skew:        2.271ns (DCD - SCD + CPR)
    Destination Clock Delay (DCD):    4.291ns
    Source Clock Delay      (SCD):    2.020ns
    Clock Pessimism Removal (CPR):    0.000ns
  Clock Uncertainty:      0.432ns  ((TSJ^2 + DJ^2)^1/2) / 2 + PE
    Total System Jitter     (TSJ):    0.071ns
    Discrete Jitter          (DJ):    0.480ns
    Phase Error              (PE):    0.190ns
  Clock Net Delay (Source):      1.821ns (routing 0.753ns, distribution 1.068ns)
  Clock Net Delay (Destination): 1.812ns (routing 0.883ns, distribution 0.929ns)
  Timing Exception:       False Path

    Location             Delay type                Incr(ns)  Path(ns)    Netlist Resource(s)
  -------------------------------------------------------------------    -------------------
                         (clock clk_pl_0 rise edge)
                                                      0.000     0.000 r  
    PS8_X0Y0             PS8                          0.000     0.000 r  dma_axis_ip_example_i/zynq_ultra_ps_e_0/inst/PS8_i/PLCLK[0]
                         net (fo=1, routed)           0.171     0.171    dma_axis_ip_example_i/zynq_ultra_ps_e_0/inst/pl_clk_unbuffered[0]
    BUFG_PS_X0Y67        BUFG_PS (Prop_BUFG_PS_I_O)
                                                      0.028     0.199 r  dma_axis_ip_example_i/zynq_ultra_ps_e_0/inst/buffer_pl_clk_0.PL_CLK_0_BUFG/O
    X0Y1 (CLOCK_ROOT)    net (fo=5975, routed)        1.821     2.020    dma_axis_ip_example_i/i2s_transmitter_0/inst/I2S_TX_V1_0_SYS_INST/genblk1[0].CDC_CHMUX_INST/src_clk
    SLICE_X7Y61          FDRE                                         r  dma_axis_ip_example_i/i2s_transmitter_0/inst/I2S_TX_V1_0_SYS_INST/genblk1[0].CDC_CHMUX_INST/src_ff_reg[2]/C
  -------------------------------------------------------------------    -------------------
    SLICE_X7Y61          FDRE (Prop_CFF_SLICEL_C_Q)
                                                      0.079     2.099 r  dma_axis_ip_example_i/i2s_transmitter_0/inst/I2S_TX_V1_0_SYS_INST/genblk1[0].CDC_CHMUX_INST/src_ff_reg[2]/Q
                         net (fo=1, routed)           0.277     2.376    dma_axis_ip_example_i/i2s_transmitter_0/inst/I2S_TX_V1_0_SYS_INST/genblk1[0].CDC_CHMUX_INST/async_path_bit[2]
    SLICE_X5Y62          FDRE                                         r  dma_axis_ip_example_i/i2s_transmitter_0/inst/I2S_TX_V1_0_SYS_INST/genblk1[0].CDC_CHMUX_INST/syncstages_ff_reg[0][2]/D
  -------------------------------------------------------------------    -------------------

                         (clock clk_out1_dma_axis_ip_example_clk_wiz_0_0 rise edge)
                                                      0.000     0.000 r  
    BUFG_PS_X0Y67        BUFG_PS                      0.000     0.000 r  dma_axis_ip_example_i/zynq_ultra_ps_e_0/inst/buffer_pl_clk_0.PL_CLK_0_BUFG/O
                         net (fo=5975, routed)        1.610     1.610    dma_axis_ip_example_i/clk_wiz_0/inst/clk_in1
    MMCM_X0Y2            MMCME4_ADV (Prop_MMCM_CLKIN1_CLKOUT0)
                                                      0.630     2.240 r  dma_axis_ip_example_i/clk_wiz_0/inst/mmcme4_adv_inst/CLKOUT0
                         net (fo=1, routed)           0.215     2.455    dma_axis_ip_example_i/clk_wiz_0/inst/clk_out1_dma_axis_ip_example_clk_wiz_0_0
    BUFGCE_X0Y66         BUFGCE (Prop_BUFCE_BUFGCE_I_O)
                                                      0.024     2.479 r  dma_axis_ip_example_i/clk_wiz_0/inst/clkout1_buf/O
    X0Y1 (CLOCK_ROOT)    net (fo=313, routed)         1.812     4.291    dma_axis_ip_example_i/i2s_transmitter_0/inst/I2S_TX_V1_0_SYS_INST/genblk1[0].CDC_CHMUX_INST/dest_clk
    SLICE_X5Y62          FDRE                                         r  dma_axis_ip_example_i/i2s_transmitter_0/inst/I2S_TX_V1_0_SYS_INST/genblk1[0].CDC_CHMUX_INST/syncstages_ff_reg[0][2]/C

Slack:                    inf
  Source:                 dma_axis_ip_example_i/i2s_transmitter_0/inst/I2S_TX_V1_0_SYS_INST/CDC_SCLKDIV_INST/src_ff_reg[3]/C
                            (rising edge-triggered cell FDRE clocked by clk_pl_0  {rise@0.000ns fall@5.000ns period=10.000ns})
  Destination:            dma_axis_ip_example_i/i2s_transmitter_0/inst/I2S_TX_V1_0_SYS_INST/CDC_SCLKDIV_INST/syncstages_ff_reg[0][3]/D
                            (rising edge-triggered cell FDRE clocked by clk_out1_dma_axis_ip_example_clk_wiz_0_0  {rise@0.000ns fall@44.289ns period=88.577ns})
  Path Group:             (none)
  Path Type:              Setup (Max at Slow Process Corner)
  Data Path Delay:        0.335ns  (logic 0.076ns (22.687%)  route 0.259ns (77.313%))
  Logic Levels:           0  
  Clock Path Skew:        2.247ns (DCD - SCD + CPR)
    Destination Clock Delay (DCD):    4.287ns
    Source Clock Delay      (SCD):    2.040ns
    Clock Pessimism Removal (CPR):    0.000ns
  Clock Uncertainty:      0.432ns  ((TSJ^2 + DJ^2)^1/2) / 2 + PE
    Total System Jitter     (TSJ):    0.071ns
    Discrete Jitter          (DJ):    0.480ns
    Phase Error              (PE):    0.190ns
  Clock Net Delay (Source):      1.841ns (routing 0.753ns, distribution 1.088ns)
  Clock Net Delay (Destination): 1.808ns (routing 0.883ns, distribution 0.925ns)
  Timing Exception:       False Path

    Location             Delay type                Incr(ns)  Path(ns)    Netlist Resource(s)
  -------------------------------------------------------------------    -------------------
                         (clock clk_pl_0 rise edge)
                                                      0.000     0.000 r  
    PS8_X0Y0             PS8                          0.000     0.000 r  dma_axis_ip_example_i/zynq_ultra_ps_e_0/inst/PS8_i/PLCLK[0]
                         net (fo=1, routed)           0.171     0.171    dma_axis_ip_example_i/zynq_ultra_ps_e_0/inst/pl_clk_unbuffered[0]
    BUFG_PS_X0Y67        BUFG_PS (Prop_BUFG_PS_I_O)
                                                      0.028     0.199 r  dma_axis_ip_example_i/zynq_ultra_ps_e_0/inst/buffer_pl_clk_0.PL_CLK_0_BUFG/O
    X0Y1 (CLOCK_ROOT)    net (fo=5975, routed)        1.841     2.040    dma_axis_ip_example_i/i2s_transmitter_0/inst/I2S_TX_V1_0_SYS_INST/CDC_SCLKDIV_INST/src_clk
    SLICE_X9Y58          FDRE                                         r  dma_axis_ip_example_i/i2s_transmitter_0/inst/I2S_TX_V1_0_SYS_INST/CDC_SCLKDIV_INST/src_ff_reg[3]/C
  -------------------------------------------------------------------    -------------------
    SLICE_X9Y58          FDRE (Prop_FFF_SLICEM_C_Q)
                                                      0.076     2.116 r  dma_axis_ip_example_i/i2s_transmitter_0/inst/I2S_TX_V1_0_SYS_INST/CDC_SCLKDIV_INST/src_ff_reg[3]/Q
                         net (fo=1, routed)           0.259     2.375    dma_axis_ip_example_i/i2s_transmitter_0/inst/I2S_TX_V1_0_SYS_INST/CDC_SCLKDIV_INST/async_path_bit[3]
    SLICE_X6Y58          FDRE                                         r  dma_axis_ip_example_i/i2s_transmitter_0/inst/I2S_TX_V1_0_SYS_INST/CDC_SCLKDIV_INST/syncstages_ff_reg[0][3]/D
  -------------------------------------------------------------------    -------------------

                         (clock clk_out1_dma_axis_ip_example_clk_wiz_0_0 rise edge)
                                                      0.000     0.000 r  
    BUFG_PS_X0Y67        BUFG_PS                      0.000     0.000 r  dma_axis_ip_example_i/zynq_ultra_ps_e_0/inst/buffer_pl_clk_0.PL_CLK_0_BUFG/O
                         net (fo=5975, routed)        1.610     1.610    dma_axis_ip_example_i/clk_wiz_0/inst/clk_in1
    MMCM_X0Y2            MMCME4_ADV (Prop_MMCM_CLKIN1_CLKOUT0)
                                                      0.630     2.240 r  dma_axis_ip_example_i/clk_wiz_0/inst/mmcme4_adv_inst/CLKOUT0
                         net (fo=1, routed)           0.215     2.455    dma_axis_ip_example_i/clk_wiz_0/inst/clk_out1_dma_axis_ip_example_clk_wiz_0_0
    BUFGCE_X0Y66         BUFGCE (Prop_BUFCE_BUFGCE_I_O)
                                                      0.024     2.479 r  dma_axis_ip_example_i/clk_wiz_0/inst/clkout1_buf/O
    X0Y1 (CLOCK_ROOT)    net (fo=313, routed)         1.808     4.287    dma_axis_ip_example_i/i2s_transmitter_0/inst/I2S_TX_V1_0_SYS_INST/CDC_SCLKDIV_INST/dest_clk
    SLICE_X6Y58          FDRE                                         r  dma_axis_ip_example_i/i2s_transmitter_0/inst/I2S_TX_V1_0_SYS_INST/CDC_SCLKDIV_INST/syncstages_ff_reg[0][3]/C

Slack:                    inf
  Source:                 dma_axis_ip_example_i/i2s_transmitter_0/inst/I2S_TX_V1_0_SYS_INST/genblk1[0].CDC_CHMUX_INST/src_ff_reg[1]/C
                            (rising edge-triggered cell FDRE clocked by clk_pl_0  {rise@0.000ns fall@5.000ns period=10.000ns})
  Destination:            dma_axis_ip_example_i/i2s_transmitter_0/inst/I2S_TX_V1_0_SYS_INST/genblk1[0].CDC_CHMUX_INST/syncstages_ff_reg[0][1]/D
                            (rising edge-triggered cell FDRE clocked by clk_out1_dma_axis_ip_example_clk_wiz_0_0  {rise@0.000ns fall@44.289ns period=88.577ns})
  Path Group:             (none)
  Path Type:              Setup (Max at Slow Process Corner)
  Data Path Delay:        0.320ns  (logic 0.079ns (24.688%)  route 0.241ns (75.313%))
  Logic Levels:           0  
  Clock Path Skew:        2.262ns (DCD - SCD + CPR)
    Destination Clock Delay (DCD):    4.287ns
    Source Clock Delay      (SCD):    2.025ns
    Clock Pessimism Removal (CPR):    0.000ns
  Clock Uncertainty:      0.432ns  ((TSJ^2 + DJ^2)^1/2) / 2 + PE
    Total System Jitter     (TSJ):    0.071ns
    Discrete Jitter          (DJ):    0.480ns
    Phase Error              (PE):    0.190ns
  Clock Net Delay (Source):      1.826ns (routing 0.753ns, distribution 1.073ns)
  Clock Net Delay (Destination): 1.808ns (routing 0.883ns, distribution 0.925ns)
  Timing Exception:       False Path

    Location             Delay type                Incr(ns)  Path(ns)    Netlist Resource(s)
  -------------------------------------------------------------------    -------------------
                         (clock clk_pl_0 rise edge)
                                                      0.000     0.000 r  
    PS8_X0Y0             PS8                          0.000     0.000 r  dma_axis_ip_example_i/zynq_ultra_ps_e_0/inst/PS8_i/PLCLK[0]
                         net (fo=1, routed)           0.171     0.171    dma_axis_ip_example_i/zynq_ultra_ps_e_0/inst/pl_clk_unbuffered[0]
    BUFG_PS_X0Y67        BUFG_PS (Prop_BUFG_PS_I_O)
                                                      0.028     0.199 r  dma_axis_ip_example_i/zynq_ultra_ps_e_0/inst/buffer_pl_clk_0.PL_CLK_0_BUFG/O
    X0Y1 (CLOCK_ROOT)    net (fo=5975, routed)        1.826     2.025    dma_axis_ip_example_i/i2s_transmitter_0/inst/I2S_TX_V1_0_SYS_INST/genblk1[0].CDC_CHMUX_INST/src_clk
    SLICE_X7Y61          FDRE                                         r  dma_axis_ip_example_i/i2s_transmitter_0/inst/I2S_TX_V1_0_SYS_INST/genblk1[0].CDC_CHMUX_INST/src_ff_reg[1]/C
  -------------------------------------------------------------------    -------------------
    SLICE_X7Y61          FDRE (Prop_HFF_SLICEL_C_Q)
                                                      0.079     2.104 r  dma_axis_ip_example_i/i2s_transmitter_0/inst/I2S_TX_V1_0_SYS_INST/genblk1[0].CDC_CHMUX_INST/src_ff_reg[1]/Q
                         net (fo=1, routed)           0.241     2.345    dma_axis_ip_example_i/i2s_transmitter_0/inst/I2S_TX_V1_0_SYS_INST/genblk1[0].CDC_CHMUX_INST/async_path_bit[1]
    SLICE_X6Y63          FDRE                                         r  dma_axis_ip_example_i/i2s_transmitter_0/inst/I2S_TX_V1_0_SYS_INST/genblk1[0].CDC_CHMUX_INST/syncstages_ff_reg[0][1]/D
  -------------------------------------------------------------------    -------------------

                         (clock clk_out1_dma_axis_ip_example_clk_wiz_0_0 rise edge)
                                                      0.000     0.000 r  
    BUFG_PS_X0Y67        BUFG_PS                      0.000     0.000 r  dma_axis_ip_example_i/zynq_ultra_ps_e_0/inst/buffer_pl_clk_0.PL_CLK_0_BUFG/O
                         net (fo=5975, routed)        1.610     1.610    dma_axis_ip_example_i/clk_wiz_0/inst/clk_in1
    MMCM_X0Y2            MMCME4_ADV (Prop_MMCM_CLKIN1_CLKOUT0)
                                                      0.630     2.240 r  dma_axis_ip_example_i/clk_wiz_0/inst/mmcme4_adv_inst/CLKOUT0
                         net (fo=1, routed)           0.215     2.455    dma_axis_ip_example_i/clk_wiz_0/inst/clk_out1_dma_axis_ip_example_clk_wiz_0_0
    BUFGCE_X0Y66         BUFGCE (Prop_BUFCE_BUFGCE_I_O)
                                                      0.024     2.479 r  dma_axis_ip_example_i/clk_wiz_0/inst/clkout1_buf/O
    X0Y1 (CLOCK_ROOT)    net (fo=313, routed)         1.808     4.287    dma_axis_ip_example_i/i2s_transmitter_0/inst/I2S_TX_V1_0_SYS_INST/genblk1[0].CDC_CHMUX_INST/dest_clk
    SLICE_X6Y63          FDRE                                         r  dma_axis_ip_example_i/i2s_transmitter_0/inst/I2S_TX_V1_0_SYS_INST/genblk1[0].CDC_CHMUX_INST/syncstages_ff_reg[0][1]/C

Slack:                    inf
  Source:                 dma_axis_ip_example_i/i2s_transmitter_0/inst/I2S_TX_V1_0_SYS_INST/CDC_SCLKDIV_INST/src_ff_reg[0]/C
                            (rising edge-triggered cell FDRE clocked by clk_pl_0  {rise@0.000ns fall@5.000ns period=10.000ns})
  Destination:            dma_axis_ip_example_i/i2s_transmitter_0/inst/I2S_TX_V1_0_SYS_INST/CDC_SCLKDIV_INST/syncstages_ff_reg[0][0]/D
                            (rising edge-triggered cell FDRE clocked by clk_out1_dma_axis_ip_example_clk_wiz_0_0  {rise@0.000ns fall@44.289ns period=88.577ns})
  Path Group:             (none)
  Path Type:              Setup (Max at Slow Process Corner)
  Data Path Delay:        0.330ns  (logic 0.079ns (23.939%)  route 0.251ns (76.061%))
  Logic Levels:           0  
  Clock Path Skew:        2.268ns (DCD - SCD + CPR)
    Destination Clock Delay (DCD):    4.282ns
    Source Clock Delay      (SCD):    2.014ns
    Clock Pessimism Removal (CPR):    0.000ns
  Clock Uncertainty:      0.432ns  ((TSJ^2 + DJ^2)^1/2) / 2 + PE
    Total System Jitter     (TSJ):    0.071ns
    Discrete Jitter          (DJ):    0.480ns
    Phase Error              (PE):    0.190ns
  Clock Net Delay (Source):      1.815ns (routing 0.753ns, distribution 1.062ns)
  Clock Net Delay (Destination): 1.803ns (routing 0.883ns, distribution 0.920ns)
  Timing Exception:       False Path

    Location             Delay type                Incr(ns)  Path(ns)    Netlist Resource(s)
  -------------------------------------------------------------------    -------------------
                         (clock clk_pl_0 rise edge)
                                                      0.000     0.000 r  
    PS8_X0Y0             PS8                          0.000     0.000 r  dma_axis_ip_example_i/zynq_ultra_ps_e_0/inst/PS8_i/PLCLK[0]
                         net (fo=1, routed)           0.171     0.171    dma_axis_ip_example_i/zynq_ultra_ps_e_0/inst/pl_clk_unbuffered[0]
    BUFG_PS_X0Y67        BUFG_PS (Prop_BUFG_PS_I_O)
                                                      0.028     0.199 r  dma_axis_ip_example_i/zynq_ultra_ps_e_0/inst/buffer_pl_clk_0.PL_CLK_0_BUFG/O
    X0Y1 (CLOCK_ROOT)    net (fo=5975, routed)        1.815     2.014    dma_axis_ip_example_i/i2s_transmitter_0/inst/I2S_TX_V1_0_SYS_INST/CDC_SCLKDIV_INST/src_clk
    SLICE_X7Y60          FDRE                                         r  dma_axis_ip_example_i/i2s_transmitter_0/inst/I2S_TX_V1_0_SYS_INST/CDC_SCLKDIV_INST/src_ff_reg[0]/C
  -------------------------------------------------------------------    -------------------
    SLICE_X7Y60          FDRE (Prop_EFF_SLICEL_C_Q)
                                                      0.079     2.093 r  dma_axis_ip_example_i/i2s_transmitter_0/inst/I2S_TX_V1_0_SYS_INST/CDC_SCLKDIV_INST/src_ff_reg[0]/Q
                         net (fo=1, routed)           0.251     2.344    dma_axis_ip_example_i/i2s_transmitter_0/inst/I2S_TX_V1_0_SYS_INST/CDC_SCLKDIV_INST/async_path_bit[0]
    SLICE_X5Y60          FDRE                                         r  dma_axis_ip_example_i/i2s_transmitter_0/inst/I2S_TX_V1_0_SYS_INST/CDC_SCLKDIV_INST/syncstages_ff_reg[0][0]/D
  -------------------------------------------------------------------    -------------------

                         (clock clk_out1_dma_axis_ip_example_clk_wiz_0_0 rise edge)
                                                      0.000     0.000 r  
    BUFG_PS_X0Y67        BUFG_PS                      0.000     0.000 r  dma_axis_ip_example_i/zynq_ultra_ps_e_0/inst/buffer_pl_clk_0.PL_CLK_0_BUFG/O
                         net (fo=5975, routed)        1.610     1.610    dma_axis_ip_example_i/clk_wiz_0/inst/clk_in1
    MMCM_X0Y2            MMCME4_ADV (Prop_MMCM_CLKIN1_CLKOUT0)
                                                      0.630     2.240 r  dma_axis_ip_example_i/clk_wiz_0/inst/mmcme4_adv_inst/CLKOUT0
                         net (fo=1, routed)           0.215     2.455    dma_axis_ip_example_i/clk_wiz_0/inst/clk_out1_dma_axis_ip_example_clk_wiz_0_0
    BUFGCE_X0Y66         BUFGCE (Prop_BUFCE_BUFGCE_I_O)
                                                      0.024     2.479 r  dma_axis_ip_example_i/clk_wiz_0/inst/clkout1_buf/O
    X0Y1 (CLOCK_ROOT)    net (fo=313, routed)         1.803     4.282    dma_axis_ip_example_i/i2s_transmitter_0/inst/I2S_TX_V1_0_SYS_INST/CDC_SCLKDIV_INST/dest_clk
    SLICE_X5Y60          FDRE                                         r  dma_axis_ip_example_i/i2s_transmitter_0/inst/I2S_TX_V1_0_SYS_INST/CDC_SCLKDIV_INST/syncstages_ff_reg[0][0]/C

Slack:                    inf
  Source:                 dma_axis_ip_example_i/i2s_transmitter_0/inst/I2S_TX_V1_0_SYS_INST/CDC_SCLKDIV_INST/src_ff_reg[1]/C
                            (rising edge-triggered cell FDRE clocked by clk_pl_0  {rise@0.000ns fall@5.000ns period=10.000ns})
  Destination:            dma_axis_ip_example_i/i2s_transmitter_0/inst/I2S_TX_V1_0_SYS_INST/CDC_SCLKDIV_INST/syncstages_ff_reg[0][1]/D
                            (rising edge-triggered cell FDRE clocked by clk_out1_dma_axis_ip_example_clk_wiz_0_0  {rise@0.000ns fall@44.289ns period=88.577ns})
  Path Group:             (none)
  Path Type:              Setup (Max at Slow Process Corner)
  Data Path Delay:        0.317ns  (logic 0.079ns (24.921%)  route 0.238ns (75.079%))
  Logic Levels:           0  
  Clock Path Skew:        2.269ns (DCD - SCD + CPR)
    Destination Clock Delay (DCD):    4.283ns
    Source Clock Delay      (SCD):    2.014ns
    Clock Pessimism Removal (CPR):    0.000ns
  Clock Uncertainty:      0.432ns  ((TSJ^2 + DJ^2)^1/2) / 2 + PE
    Total System Jitter     (TSJ):    0.071ns
    Discrete Jitter          (DJ):    0.480ns
    Phase Error              (PE):    0.190ns
  Clock Net Delay (Source):      1.815ns (routing 0.753ns, distribution 1.062ns)
  Clock Net Delay (Destination): 1.804ns (routing 0.883ns, distribution 0.921ns)
  Timing Exception:       False Path

    Location             Delay type                Incr(ns)  Path(ns)    Netlist Resource(s)
  -------------------------------------------------------------------    -------------------
                         (clock clk_pl_0 rise edge)
                                                      0.000     0.000 r  
    PS8_X0Y0             PS8                          0.000     0.000 r  dma_axis_ip_example_i/zynq_ultra_ps_e_0/inst/PS8_i/PLCLK[0]
                         net (fo=1, routed)           0.171     0.171    dma_axis_ip_example_i/zynq_ultra_ps_e_0/inst/pl_clk_unbuffered[0]
    BUFG_PS_X0Y67        BUFG_PS (Prop_BUFG_PS_I_O)
                                                      0.028     0.199 r  dma_axis_ip_example_i/zynq_ultra_ps_e_0/inst/buffer_pl_clk_0.PL_CLK_0_BUFG/O
    X0Y1 (CLOCK_ROOT)    net (fo=5975, routed)        1.815     2.014    dma_axis_ip_example_i/i2s_transmitter_0/inst/I2S_TX_V1_0_SYS_INST/CDC_SCLKDIV_INST/src_clk
    SLICE_X7Y60          FDRE                                         r  dma_axis_ip_example_i/i2s_transmitter_0/inst/I2S_TX_V1_0_SYS_INST/CDC_SCLKDIV_INST/src_ff_reg[1]/C
  -------------------------------------------------------------------    -------------------
    SLICE_X7Y60          FDRE (Prop_FFF_SLICEL_C_Q)
                                                      0.079     2.093 r  dma_axis_ip_example_i/i2s_transmitter_0/inst/I2S_TX_V1_0_SYS_INST/CDC_SCLKDIV_INST/src_ff_reg[1]/Q
                         net (fo=1, routed)           0.238     2.331    dma_axis_ip_example_i/i2s_transmitter_0/inst/I2S_TX_V1_0_SYS_INST/CDC_SCLKDIV_INST/async_path_bit[1]
    SLICE_X5Y60          FDRE                                         r  dma_axis_ip_example_i/i2s_transmitter_0/inst/I2S_TX_V1_0_SYS_INST/CDC_SCLKDIV_INST/syncstages_ff_reg[0][1]/D
  -------------------------------------------------------------------    -------------------

                         (clock clk_out1_dma_axis_ip_example_clk_wiz_0_0 rise edge)
                                                      0.000     0.000 r  
    BUFG_PS_X0Y67        BUFG_PS                      0.000     0.000 r  dma_axis_ip_example_i/zynq_ultra_ps_e_0/inst/buffer_pl_clk_0.PL_CLK_0_BUFG/O
                         net (fo=5975, routed)        1.610     1.610    dma_axis_ip_example_i/clk_wiz_0/inst/clk_in1
    MMCM_X0Y2            MMCME4_ADV (Prop_MMCM_CLKIN1_CLKOUT0)
                                                      0.630     2.240 r  dma_axis_ip_example_i/clk_wiz_0/inst/mmcme4_adv_inst/CLKOUT0
                         net (fo=1, routed)           0.215     2.455    dma_axis_ip_example_i/clk_wiz_0/inst/clk_out1_dma_axis_ip_example_clk_wiz_0_0
    BUFGCE_X0Y66         BUFGCE (Prop_BUFCE_BUFGCE_I_O)
                                                      0.024     2.479 r  dma_axis_ip_example_i/clk_wiz_0/inst/clkout1_buf/O
    X0Y1 (CLOCK_ROOT)    net (fo=313, routed)         1.804     4.283    dma_axis_ip_example_i/i2s_transmitter_0/inst/I2S_TX_V1_0_SYS_INST/CDC_SCLKDIV_INST/dest_clk
    SLICE_X5Y60          FDRE                                         r  dma_axis_ip_example_i/i2s_transmitter_0/inst/I2S_TX_V1_0_SYS_INST/CDC_SCLKDIV_INST/syncstages_ff_reg[0][1]/C

Slack:                    inf
  Source:                 dma_axis_ip_example_i/i2s_transmitter_0/inst/I2S_TX_V1_0_SYS_INST/genblk1[0].CDC_CHMUX_INST/src_ff_reg[0]/C
                            (rising edge-triggered cell FDRE clocked by clk_pl_0  {rise@0.000ns fall@5.000ns period=10.000ns})
  Destination:            dma_axis_ip_example_i/i2s_transmitter_0/inst/I2S_TX_V1_0_SYS_INST/genblk1[0].CDC_CHMUX_INST/syncstages_ff_reg[0][0]/D
                            (rising edge-triggered cell FDRE clocked by clk_out1_dma_axis_ip_example_clk_wiz_0_0  {rise@0.000ns fall@44.289ns period=88.577ns})
  Path Group:             (none)
  Path Type:              Setup (Max at Slow Process Corner)
  Data Path Delay:        0.298ns  (logic 0.079ns (26.510%)  route 0.219ns (73.490%))
  Logic Levels:           0  
  Clock Path Skew:        2.272ns (DCD - SCD + CPR)
    Destination Clock Delay (DCD):    4.292ns
    Source Clock Delay      (SCD):    2.020ns
    Clock Pessimism Removal (CPR):    0.000ns
  Clock Uncertainty:      0.432ns  ((TSJ^2 + DJ^2)^1/2) / 2 + PE
    Total System Jitter     (TSJ):    0.071ns
    Discrete Jitter          (DJ):    0.480ns
    Phase Error              (PE):    0.190ns
  Clock Net Delay (Source):      1.821ns (routing 0.753ns, distribution 1.068ns)
  Clock Net Delay (Destination): 1.813ns (routing 0.883ns, distribution 0.930ns)
  Timing Exception:       False Path

    Location             Delay type                Incr(ns)  Path(ns)    Netlist Resource(s)
  -------------------------------------------------------------------    -------------------
                         (clock clk_pl_0 rise edge)
                                                      0.000     0.000 r  
    PS8_X0Y0             PS8                          0.000     0.000 r  dma_axis_ip_example_i/zynq_ultra_ps_e_0/inst/PS8_i/PLCLK[0]
                         net (fo=1, routed)           0.171     0.171    dma_axis_ip_example_i/zynq_ultra_ps_e_0/inst/pl_clk_unbuffered[0]
    BUFG_PS_X0Y67        BUFG_PS (Prop_BUFG_PS_I_O)
                                                      0.028     0.199 r  dma_axis_ip_example_i/zynq_ultra_ps_e_0/inst/buffer_pl_clk_0.PL_CLK_0_BUFG/O
    X0Y1 (CLOCK_ROOT)    net (fo=5975, routed)        1.821     2.020    dma_axis_ip_example_i/i2s_transmitter_0/inst/I2S_TX_V1_0_SYS_INST/genblk1[0].CDC_CHMUX_INST/src_clk
    SLICE_X7Y61          FDRE                                         r  dma_axis_ip_example_i/i2s_transmitter_0/inst/I2S_TX_V1_0_SYS_INST/genblk1[0].CDC_CHMUX_INST/src_ff_reg[0]/C
  -------------------------------------------------------------------    -------------------
    SLICE_X7Y61          FDRE (Prop_BFF_SLICEL_C_Q)
                                                      0.079     2.099 r  dma_axis_ip_example_i/i2s_transmitter_0/inst/I2S_TX_V1_0_SYS_INST/genblk1[0].CDC_CHMUX_INST/src_ff_reg[0]/Q
                         net (fo=1, routed)           0.219     2.318    dma_axis_ip_example_i/i2s_transmitter_0/inst/I2S_TX_V1_0_SYS_INST/genblk1[0].CDC_CHMUX_INST/async_path_bit[0]
    SLICE_X5Y62          FDRE                                         r  dma_axis_ip_example_i/i2s_transmitter_0/inst/I2S_TX_V1_0_SYS_INST/genblk1[0].CDC_CHMUX_INST/syncstages_ff_reg[0][0]/D
  -------------------------------------------------------------------    -------------------

                         (clock clk_out1_dma_axis_ip_example_clk_wiz_0_0 rise edge)
                                                      0.000     0.000 r  
    BUFG_PS_X0Y67        BUFG_PS                      0.000     0.000 r  dma_axis_ip_example_i/zynq_ultra_ps_e_0/inst/buffer_pl_clk_0.PL_CLK_0_BUFG/O
                         net (fo=5975, routed)        1.610     1.610    dma_axis_ip_example_i/clk_wiz_0/inst/clk_in1
    MMCM_X0Y2            MMCME4_ADV (Prop_MMCM_CLKIN1_CLKOUT0)
                                                      0.630     2.240 r  dma_axis_ip_example_i/clk_wiz_0/inst/mmcme4_adv_inst/CLKOUT0
                         net (fo=1, routed)           0.215     2.455    dma_axis_ip_example_i/clk_wiz_0/inst/clk_out1_dma_axis_ip_example_clk_wiz_0_0
    BUFGCE_X0Y66         BUFGCE (Prop_BUFCE_BUFGCE_I_O)
                                                      0.024     2.479 r  dma_axis_ip_example_i/clk_wiz_0/inst/clkout1_buf/O
    X0Y1 (CLOCK_ROOT)    net (fo=313, routed)         1.813     4.292    dma_axis_ip_example_i/i2s_transmitter_0/inst/I2S_TX_V1_0_SYS_INST/genblk1[0].CDC_CHMUX_INST/dest_clk
    SLICE_X5Y62          FDRE                                         r  dma_axis_ip_example_i/i2s_transmitter_0/inst/I2S_TX_V1_0_SYS_INST/genblk1[0].CDC_CHMUX_INST/syncstages_ff_reg[0][0]/C





Min Delay Paths
--------------------------------------------------------------------------------------
Slack:                    inf
  Source:                 dma_axis_ip_example_i/i2s_transmitter_0/inst/I2S_TX_V1_0_SYS_INST/AXIS_FIFO_INST/xpm_fifo_async_inst/gnuram_async_fifo.xpm_fifo_base_inst/gen_cdc_pntr.wr_pntr_cdc_dc_inst/src_gray_ff_reg[0]/C
                            (rising edge-triggered cell FDRE clocked by clk_pl_0  {rise@0.000ns fall@5.000ns period=10.000ns})
  Destination:            dma_axis_ip_example_i/i2s_transmitter_0/inst/I2S_TX_V1_0_SYS_INST/AXIS_FIFO_INST/xpm_fifo_async_inst/gnuram_async_fifo.xpm_fifo_base_inst/gen_cdc_pntr.wr_pntr_cdc_dc_inst/dest_graysync_ff_reg[0][0]/D
                            (rising edge-triggered cell FDRE clocked by clk_out1_dma_axis_ip_example_clk_wiz_0_0  {rise@0.000ns fall@44.289ns period=88.577ns})
  Path Group:             (none)
  Path Type:              Hold (Min at Fast Process Corner)
  Data Path Delay:        0.101ns  (logic 0.039ns (38.614%)  route 0.062ns (61.386%))
  Logic Levels:           0  
  Clock Path Skew:        1.148ns (DCD - SCD - CPR)
    Destination Clock Delay (DCD):    2.243ns
    Source Clock Delay      (SCD):    1.095ns
    Clock Pessimism Removal (CPR):    -0.000ns
  Clock Uncertainty:      0.432ns  ((TSJ^2 + DJ^2)^1/2) / 2 + PE
    Total System Jitter     (TSJ):    0.071ns
    Discrete Jitter          (DJ):    0.480ns
    Phase Error              (PE):    0.190ns
  Clock Net Delay (Source):      0.984ns (routing 0.410ns, distribution 0.574ns)
  Clock Net Delay (Destination): 1.260ns (routing 0.591ns, distribution 0.669ns)
  Timing Exception:       False Path

    Location             Delay type                Incr(ns)  Path(ns)    Netlist Resource(s)
  -------------------------------------------------------------------    -------------------
                         (clock clk_pl_0 rise edge)
                                                      0.000     0.000 r  
    PS8_X0Y0             PS8                          0.000     0.000 r  dma_axis_ip_example_i/zynq_ultra_ps_e_0/inst/PS8_i/PLCLK[0]
                         net (fo=1, routed)           0.094     0.094    dma_axis_ip_example_i/zynq_ultra_ps_e_0/inst/pl_clk_unbuffered[0]
    BUFG_PS_X0Y67        BUFG_PS (Prop_BUFG_PS_I_O)
                                                      0.017     0.111 r  dma_axis_ip_example_i/zynq_ultra_ps_e_0/inst/buffer_pl_clk_0.PL_CLK_0_BUFG/O
    X0Y1 (CLOCK_ROOT)    net (fo=5975, routed)        0.984     1.095    dma_axis_ip_example_i/i2s_transmitter_0/inst/I2S_TX_V1_0_SYS_INST/AXIS_FIFO_INST/xpm_fifo_async_inst/gnuram_async_fifo.xpm_fifo_base_inst/gen_cdc_pntr.wr_pntr_cdc_dc_inst/src_clk
    SLICE_X5Y65          FDRE                                         r  dma_axis_ip_example_i/i2s_transmitter_0/inst/I2S_TX_V1_0_SYS_INST/AXIS_FIFO_INST/xpm_fifo_async_inst/gnuram_async_fifo.xpm_fifo_base_inst/gen_cdc_pntr.wr_pntr_cdc_dc_inst/src_gray_ff_reg[0]/C
  -------------------------------------------------------------------    -------------------
    SLICE_X5Y65          FDRE (Prop_HFF_SLICEM_C_Q)
                                                      0.039     1.134 r  dma_axis_ip_example_i/i2s_transmitter_0/inst/I2S_TX_V1_0_SYS_INST/AXIS_FIFO_INST/xpm_fifo_async_inst/gnuram_async_fifo.xpm_fifo_base_inst/gen_cdc_pntr.wr_pntr_cdc_dc_inst/src_gray_ff_reg[0]/Q
                         net (fo=1, routed)           0.062     1.196    dma_axis_ip_example_i/i2s_transmitter_0/inst/I2S_TX_V1_0_SYS_INST/AXIS_FIFO_INST/xpm_fifo_async_inst/gnuram_async_fifo.xpm_fifo_base_inst/gen_cdc_pntr.wr_pntr_cdc_dc_inst/async_path[0]
    SLICE_X5Y64          FDRE                                         r  dma_axis_ip_example_i/i2s_transmitter_0/inst/I2S_TX_V1_0_SYS_INST/AXIS_FIFO_INST/xpm_fifo_async_inst/gnuram_async_fifo.xpm_fifo_base_inst/gen_cdc_pntr.wr_pntr_cdc_dc_inst/dest_graysync_ff_reg[0][0]/D
  -------------------------------------------------------------------    -------------------

                         (clock clk_out1_dma_axis_ip_example_clk_wiz_0_0 rise edge)
                                                      0.000     0.000 r  
    BUFG_PS_X0Y67        BUFG_PS                      0.000     0.000 r  dma_axis_ip_example_i/zynq_ultra_ps_e_0/inst/buffer_pl_clk_0.PL_CLK_0_BUFG/O
                         net (fo=5975, routed)        1.093     1.093    dma_axis_ip_example_i/clk_wiz_0/inst/clk_in1
    MMCM_X0Y2            MMCME4_ADV (Prop_MMCM_CLKIN1_CLKOUT0)
                                                     -0.295     0.798 r  dma_axis_ip_example_i/clk_wiz_0/inst/mmcme4_adv_inst/CLKOUT0
                         net (fo=1, routed)           0.166     0.964    dma_axis_ip_example_i/clk_wiz_0/inst/clk_out1_dma_axis_ip_example_clk_wiz_0_0
    BUFGCE_X0Y66         BUFGCE (Prop_BUFCE_BUFGCE_I_O)
                                                      0.019     0.983 r  dma_axis_ip_example_i/clk_wiz_0/inst/clkout1_buf/O
    X0Y1 (CLOCK_ROOT)    net (fo=313, routed)         1.260     2.243    dma_axis_ip_example_i/i2s_transmitter_0/inst/I2S_TX_V1_0_SYS_INST/AXIS_FIFO_INST/xpm_fifo_async_inst/gnuram_async_fifo.xpm_fifo_base_inst/gen_cdc_pntr.wr_pntr_cdc_dc_inst/dest_clk
    SLICE_X5Y64          FDRE                                         r  dma_axis_ip_example_i/i2s_transmitter_0/inst/I2S_TX_V1_0_SYS_INST/AXIS_FIFO_INST/xpm_fifo_async_inst/gnuram_async_fifo.xpm_fifo_base_inst/gen_cdc_pntr.wr_pntr_cdc_dc_inst/dest_graysync_ff_reg[0][0]/C

Slack:                    inf
  Source:                 dma_axis_ip_example_i/i2s_transmitter_0/inst/I2S_TX_V1_0_SYS_INST/CDC_LR_MCLK_INST/src_ff_reg/C
                            (rising edge-triggered cell FDRE clocked by clk_pl_0  {rise@0.000ns fall@5.000ns period=10.000ns})
  Destination:            dma_axis_ip_example_i/i2s_transmitter_0/inst/I2S_TX_V1_0_SYS_INST/CDC_LR_MCLK_INST/syncstages_ff_reg[0]/D
                            (rising edge-triggered cell FDRE clocked by clk_out1_dma_axis_ip_example_clk_wiz_0_0  {rise@0.000ns fall@44.289ns period=88.577ns})
  Path Group:             (none)
  Path Type:              Hold (Min at Fast Process Corner)
  Data Path Delay:        0.095ns  (logic 0.039ns (41.053%)  route 0.056ns (58.947%))
  Logic Levels:           0  
  Clock Path Skew:        1.134ns (DCD - SCD - CPR)
    Destination Clock Delay (DCD):    2.243ns
    Source Clock Delay      (SCD):    1.110ns
    Clock Pessimism Removal (CPR):    -0.000ns
  Clock Uncertainty:      0.432ns  ((TSJ^2 + DJ^2)^1/2) / 2 + PE
    Total System Jitter     (TSJ):    0.071ns
    Discrete Jitter          (DJ):    0.480ns
    Phase Error              (PE):    0.190ns
  Clock Net Delay (Source):      0.999ns (routing 0.410ns, distribution 0.589ns)
  Clock Net Delay (Destination): 1.260ns (routing 0.591ns, distribution 0.669ns)
  Timing Exception:       False Path

    Location             Delay type                Incr(ns)  Path(ns)    Netlist Resource(s)
  -------------------------------------------------------------------    -------------------
                         (clock clk_pl_0 rise edge)
                                                      0.000     0.000 r  
    PS8_X0Y0             PS8                          0.000     0.000 r  dma_axis_ip_example_i/zynq_ultra_ps_e_0/inst/PS8_i/PLCLK[0]
                         net (fo=1, routed)           0.094     0.094    dma_axis_ip_example_i/zynq_ultra_ps_e_0/inst/pl_clk_unbuffered[0]
    BUFG_PS_X0Y67        BUFG_PS (Prop_BUFG_PS_I_O)
                                                      0.017     0.111 r  dma_axis_ip_example_i/zynq_ultra_ps_e_0/inst/buffer_pl_clk_0.PL_CLK_0_BUFG/O
    X0Y1 (CLOCK_ROOT)    net (fo=5975, routed)        0.999     1.110    dma_axis_ip_example_i/i2s_transmitter_0/inst/I2S_TX_V1_0_SYS_INST/CDC_LR_MCLK_INST/src_clk
    SLICE_X6Y59          FDRE                                         r  dma_axis_ip_example_i/i2s_transmitter_0/inst/I2S_TX_V1_0_SYS_INST/CDC_LR_MCLK_INST/src_ff_reg/C
  -------------------------------------------------------------------    -------------------
    SLICE_X6Y59          FDRE (Prop_AFF_SLICEL_C_Q)
                                                      0.039     1.149 r  dma_axis_ip_example_i/i2s_transmitter_0/inst/I2S_TX_V1_0_SYS_INST/CDC_LR_MCLK_INST/src_ff_reg/Q
                         net (fo=1, routed)           0.056     1.205    dma_axis_ip_example_i/i2s_transmitter_0/inst/I2S_TX_V1_0_SYS_INST/CDC_LR_MCLK_INST/p_0_in[0]
    SLICE_X6Y58          FDRE                                         r  dma_axis_ip_example_i/i2s_transmitter_0/inst/I2S_TX_V1_0_SYS_INST/CDC_LR_MCLK_INST/syncstages_ff_reg[0]/D
  -------------------------------------------------------------------    -------------------

                         (clock clk_out1_dma_axis_ip_example_clk_wiz_0_0 rise edge)
                                                      0.000     0.000 r  
    BUFG_PS_X0Y67        BUFG_PS                      0.000     0.000 r  dma_axis_ip_example_i/zynq_ultra_ps_e_0/inst/buffer_pl_clk_0.PL_CLK_0_BUFG/O
                         net (fo=5975, routed)        1.093     1.093    dma_axis_ip_example_i/clk_wiz_0/inst/clk_in1
    MMCM_X0Y2            MMCME4_ADV (Prop_MMCM_CLKIN1_CLKOUT0)
                                                     -0.295     0.798 r  dma_axis_ip_example_i/clk_wiz_0/inst/mmcme4_adv_inst/CLKOUT0
                         net (fo=1, routed)           0.166     0.964    dma_axis_ip_example_i/clk_wiz_0/inst/clk_out1_dma_axis_ip_example_clk_wiz_0_0
    BUFGCE_X0Y66         BUFGCE (Prop_BUFCE_BUFGCE_I_O)
                                                      0.019     0.983 r  dma_axis_ip_example_i/clk_wiz_0/inst/clkout1_buf/O
    X0Y1 (CLOCK_ROOT)    net (fo=313, routed)         1.260     2.243    dma_axis_ip_example_i/i2s_transmitter_0/inst/I2S_TX_V1_0_SYS_INST/CDC_LR_MCLK_INST/dest_clk
    SLICE_X6Y58          FDRE                                         r  dma_axis_ip_example_i/i2s_transmitter_0/inst/I2S_TX_V1_0_SYS_INST/CDC_LR_MCLK_INST/syncstages_ff_reg[0]/C

Slack:                    inf
  Source:                 dma_axis_ip_example_i/i2s_transmitter_0/inst/I2S_TX_V1_0_SYS_INST/AXIS_FIFO_INST/xpm_fifo_async_inst/gnuram_async_fifo.xpm_fifo_base_inst/gen_cdc_pntr.wr_pntr_cdc_inst/src_gray_ff_reg[6]/C
                            (rising edge-triggered cell FDRE clocked by clk_pl_0  {rise@0.000ns fall@5.000ns period=10.000ns})
  Destination:            dma_axis_ip_example_i/i2s_transmitter_0/inst/I2S_TX_V1_0_SYS_INST/AXIS_FIFO_INST/xpm_fifo_async_inst/gnuram_async_fifo.xpm_fifo_base_inst/gen_cdc_pntr.wr_pntr_cdc_inst/dest_graysync_ff_reg[0][6]/D
                            (rising edge-triggered cell FDRE clocked by clk_out1_dma_axis_ip_example_clk_wiz_0_0  {rise@0.000ns fall@44.289ns period=88.577ns})
  Path Group:             (none)
  Path Type:              Hold (Min at Fast Process Corner)
  Data Path Delay:        0.115ns  (logic 0.039ns (33.913%)  route 0.076ns (66.087%))
  Logic Levels:           0  
  Clock Path Skew:        1.125ns (DCD - SCD - CPR)
    Destination Clock Delay (DCD):    2.225ns
    Source Clock Delay      (SCD):    1.100ns
    Clock Pessimism Removal (CPR):    -0.000ns
  Clock Uncertainty:      0.432ns  ((TSJ^2 + DJ^2)^1/2) / 2 + PE
    Total System Jitter     (TSJ):    0.071ns
    Discrete Jitter          (DJ):    0.480ns
    Phase Error              (PE):    0.190ns
  Clock Net Delay (Source):      0.989ns (routing 0.410ns, distribution 0.579ns)
  Clock Net Delay (Destination): 1.242ns (routing 0.591ns, distribution 0.651ns)
  Timing Exception:       False Path

    Location             Delay type                Incr(ns)  Path(ns)    Netlist Resource(s)
  -------------------------------------------------------------------    -------------------
                         (clock clk_pl_0 rise edge)
                                                      0.000     0.000 r  
    PS8_X0Y0             PS8                          0.000     0.000 r  dma_axis_ip_example_i/zynq_ultra_ps_e_0/inst/PS8_i/PLCLK[0]
                         net (fo=1, routed)           0.094     0.094    dma_axis_ip_example_i/zynq_ultra_ps_e_0/inst/pl_clk_unbuffered[0]
    BUFG_PS_X0Y67        BUFG_PS (Prop_BUFG_PS_I_O)
                                                      0.017     0.111 r  dma_axis_ip_example_i/zynq_ultra_ps_e_0/inst/buffer_pl_clk_0.PL_CLK_0_BUFG/O
    X0Y1 (CLOCK_ROOT)    net (fo=5975, routed)        0.989     1.100    dma_axis_ip_example_i/i2s_transmitter_0/inst/I2S_TX_V1_0_SYS_INST/AXIS_FIFO_INST/xpm_fifo_async_inst/gnuram_async_fifo.xpm_fifo_base_inst/gen_cdc_pntr.wr_pntr_cdc_inst/src_clk
    SLICE_X7Y67          FDRE                                         r  dma_axis_ip_example_i/i2s_transmitter_0/inst/I2S_TX_V1_0_SYS_INST/AXIS_FIFO_INST/xpm_fifo_async_inst/gnuram_async_fifo.xpm_fifo_base_inst/gen_cdc_pntr.wr_pntr_cdc_inst/src_gray_ff_reg[6]/C
  -------------------------------------------------------------------    -------------------
    SLICE_X7Y67          FDRE (Prop_AFF_SLICEL_C_Q)
                                                      0.039     1.139 r  dma_axis_ip_example_i/i2s_transmitter_0/inst/I2S_TX_V1_0_SYS_INST/AXIS_FIFO_INST/xpm_fifo_async_inst/gnuram_async_fifo.xpm_fifo_base_inst/gen_cdc_pntr.wr_pntr_cdc_inst/src_gray_ff_reg[6]/Q
                         net (fo=1, routed)           0.076     1.215    dma_axis_ip_example_i/i2s_transmitter_0/inst/I2S_TX_V1_0_SYS_INST/AXIS_FIFO_INST/xpm_fifo_async_inst/gnuram_async_fifo.xpm_fifo_base_inst/gen_cdc_pntr.wr_pntr_cdc_inst/async_path[6]
    SLICE_X7Y67          FDRE                                         r  dma_axis_ip_example_i/i2s_transmitter_0/inst/I2S_TX_V1_0_SYS_INST/AXIS_FIFO_INST/xpm_fifo_async_inst/gnuram_async_fifo.xpm_fifo_base_inst/gen_cdc_pntr.wr_pntr_cdc_inst/dest_graysync_ff_reg[0][6]/D
  -------------------------------------------------------------------    -------------------

                         (clock clk_out1_dma_axis_ip_example_clk_wiz_0_0 rise edge)
                                                      0.000     0.000 r  
    BUFG_PS_X0Y67        BUFG_PS                      0.000     0.000 r  dma_axis_ip_example_i/zynq_ultra_ps_e_0/inst/buffer_pl_clk_0.PL_CLK_0_BUFG/O
                         net (fo=5975, routed)        1.093     1.093    dma_axis_ip_example_i/clk_wiz_0/inst/clk_in1
    MMCM_X0Y2            MMCME4_ADV (Prop_MMCM_CLKIN1_CLKOUT0)
                                                     -0.295     0.798 r  dma_axis_ip_example_i/clk_wiz_0/inst/mmcme4_adv_inst/CLKOUT0
                         net (fo=1, routed)           0.166     0.964    dma_axis_ip_example_i/clk_wiz_0/inst/clk_out1_dma_axis_ip_example_clk_wiz_0_0
    BUFGCE_X0Y66         BUFGCE (Prop_BUFCE_BUFGCE_I_O)
                                                      0.019     0.983 r  dma_axis_ip_example_i/clk_wiz_0/inst/clkout1_buf/O
    X0Y1 (CLOCK_ROOT)    net (fo=313, routed)         1.242     2.225    dma_axis_ip_example_i/i2s_transmitter_0/inst/I2S_TX_V1_0_SYS_INST/AXIS_FIFO_INST/xpm_fifo_async_inst/gnuram_async_fifo.xpm_fifo_base_inst/gen_cdc_pntr.wr_pntr_cdc_inst/dest_clk
    SLICE_X7Y67          FDRE                                         r  dma_axis_ip_example_i/i2s_transmitter_0/inst/I2S_TX_V1_0_SYS_INST/AXIS_FIFO_INST/xpm_fifo_async_inst/gnuram_async_fifo.xpm_fifo_base_inst/gen_cdc_pntr.wr_pntr_cdc_inst/dest_graysync_ff_reg[0][6]/C

Slack:                    inf
  Source:                 dma_axis_ip_example_i/i2s_transmitter_0/inst/I2S_TX_V1_0_SYS_INST/CDC_SCLKDIV_INST/src_ff_reg[5]/C
                            (rising edge-triggered cell FDRE clocked by clk_pl_0  {rise@0.000ns fall@5.000ns period=10.000ns})
  Destination:            dma_axis_ip_example_i/i2s_transmitter_0/inst/I2S_TX_V1_0_SYS_INST/CDC_SCLKDIV_INST/syncstages_ff_reg[0][5]/D
                            (rising edge-triggered cell FDRE clocked by clk_out1_dma_axis_ip_example_clk_wiz_0_0  {rise@0.000ns fall@44.289ns period=88.577ns})
  Path Group:             (none)
  Path Type:              Hold (Min at Fast Process Corner)
  Data Path Delay:        0.117ns  (logic 0.040ns (34.188%)  route 0.077ns (65.812%))
  Logic Levels:           0  
  Clock Path Skew:        1.119ns (DCD - SCD - CPR)
    Destination Clock Delay (DCD):    2.222ns
    Source Clock Delay      (SCD):    1.103ns
    Clock Pessimism Removal (CPR):    -0.000ns
  Clock Uncertainty:      0.432ns  ((TSJ^2 + DJ^2)^1/2) / 2 + PE
    Total System Jitter     (TSJ):    0.071ns
    Discrete Jitter          (DJ):    0.480ns
    Phase Error              (PE):    0.190ns
  Clock Net Delay (Source):      0.992ns (routing 0.410ns, distribution 0.582ns)
  Clock Net Delay (Destination): 1.239ns (routing 0.591ns, distribution 0.648ns)
  Timing Exception:       False Path

    Location             Delay type                Incr(ns)  Path(ns)    Netlist Resource(s)
  -------------------------------------------------------------------    -------------------
                         (clock clk_pl_0 rise edge)
                                                      0.000     0.000 r  
    PS8_X0Y0             PS8                          0.000     0.000 r  dma_axis_ip_example_i/zynq_ultra_ps_e_0/inst/PS8_i/PLCLK[0]
                         net (fo=1, routed)           0.094     0.094    dma_axis_ip_example_i/zynq_ultra_ps_e_0/inst/pl_clk_unbuffered[0]
    BUFG_PS_X0Y67        BUFG_PS (Prop_BUFG_PS_I_O)
                                                      0.017     0.111 r  dma_axis_ip_example_i/zynq_ultra_ps_e_0/inst/buffer_pl_clk_0.PL_CLK_0_BUFG/O
    X0Y1 (CLOCK_ROOT)    net (fo=5975, routed)        0.992     1.103    dma_axis_ip_example_i/i2s_transmitter_0/inst/I2S_TX_V1_0_SYS_INST/CDC_SCLKDIV_INST/src_clk
    SLICE_X7Y60          FDRE                                         r  dma_axis_ip_example_i/i2s_transmitter_0/inst/I2S_TX_V1_0_SYS_INST/CDC_SCLKDIV_INST/src_ff_reg[5]/C
  -------------------------------------------------------------------    -------------------
    SLICE_X7Y60          FDRE (Prop_GFF2_SLICEL_C_Q)
                                                      0.040     1.143 r  dma_axis_ip_example_i/i2s_transmitter_0/inst/I2S_TX_V1_0_SYS_INST/CDC_SCLKDIV_INST/src_ff_reg[5]/Q
                         net (fo=1, routed)           0.077     1.220    dma_axis_ip_example_i/i2s_transmitter_0/inst/I2S_TX_V1_0_SYS_INST/CDC_SCLKDIV_INST/async_path_bit[5]
    SLICE_X7Y60          FDRE                                         r  dma_axis_ip_example_i/i2s_transmitter_0/inst/I2S_TX_V1_0_SYS_INST/CDC_SCLKDIV_INST/syncstages_ff_reg[0][5]/D
  -------------------------------------------------------------------    -------------------

                         (clock clk_out1_dma_axis_ip_example_clk_wiz_0_0 rise edge)
                                                      0.000     0.000 r  
    BUFG_PS_X0Y67        BUFG_PS                      0.000     0.000 r  dma_axis_ip_example_i/zynq_ultra_ps_e_0/inst/buffer_pl_clk_0.PL_CLK_0_BUFG/O
                         net (fo=5975, routed)        1.093     1.093    dma_axis_ip_example_i/clk_wiz_0/inst/clk_in1
    MMCM_X0Y2            MMCME4_ADV (Prop_MMCM_CLKIN1_CLKOUT0)
                                                     -0.295     0.798 r  dma_axis_ip_example_i/clk_wiz_0/inst/mmcme4_adv_inst/CLKOUT0
                         net (fo=1, routed)           0.166     0.964    dma_axis_ip_example_i/clk_wiz_0/inst/clk_out1_dma_axis_ip_example_clk_wiz_0_0
    BUFGCE_X0Y66         BUFGCE (Prop_BUFCE_BUFGCE_I_O)
                                                      0.019     0.983 r  dma_axis_ip_example_i/clk_wiz_0/inst/clkout1_buf/O
    X0Y1 (CLOCK_ROOT)    net (fo=313, routed)         1.239     2.222    dma_axis_ip_example_i/i2s_transmitter_0/inst/I2S_TX_V1_0_SYS_INST/CDC_SCLKDIV_INST/dest_clk
    SLICE_X7Y60          FDRE                                         r  dma_axis_ip_example_i/i2s_transmitter_0/inst/I2S_TX_V1_0_SYS_INST/CDC_SCLKDIV_INST/syncstages_ff_reg[0][5]/C

Slack:                    inf
  Source:                 dma_axis_ip_example_i/i2s_transmitter_0/inst/I2S_TX_V1_0_SYS_INST/CDC_JUSTIFY_MCLK_INST/src_ff_reg/C
                            (rising edge-triggered cell FDRE clocked by clk_pl_0  {rise@0.000ns fall@5.000ns period=10.000ns})
  Destination:            dma_axis_ip_example_i/i2s_transmitter_0/inst/I2S_TX_V1_0_SYS_INST/CDC_JUSTIFY_MCLK_INST/syncstages_ff_reg[0]/D
                            (rising edge-triggered cell FDRE clocked by clk_out1_dma_axis_ip_example_clk_wiz_0_0  {rise@0.000ns fall@44.289ns period=88.577ns})
  Path Group:             (none)
  Path Type:              Hold (Min at Fast Process Corner)
  Data Path Delay:        0.125ns  (logic 0.038ns (30.400%)  route 0.087ns (69.600%))
  Logic Levels:           0  
  Clock Path Skew:        1.136ns (DCD - SCD - CPR)
    Destination Clock Delay (DCD):    2.232ns
    Source Clock Delay      (SCD):    1.096ns
    Clock Pessimism Removal (CPR):    -0.000ns
  Clock Uncertainty:      0.432ns  ((TSJ^2 + DJ^2)^1/2) / 2 + PE
    Total System Jitter     (TSJ):    0.071ns
    Discrete Jitter          (DJ):    0.480ns
    Phase Error              (PE):    0.190ns
  Clock Net Delay (Source):      0.985ns (routing 0.410ns, distribution 0.575ns)
  Clock Net Delay (Destination): 1.249ns (routing 0.591ns, distribution 0.658ns)
  Timing Exception:       False Path

    Location             Delay type                Incr(ns)  Path(ns)    Netlist Resource(s)
  -------------------------------------------------------------------    -------------------
                         (clock clk_pl_0 rise edge)
                                                      0.000     0.000 r  
    PS8_X0Y0             PS8                          0.000     0.000 r  dma_axis_ip_example_i/zynq_ultra_ps_e_0/inst/PS8_i/PLCLK[0]
                         net (fo=1, routed)           0.094     0.094    dma_axis_ip_example_i/zynq_ultra_ps_e_0/inst/pl_clk_unbuffered[0]
    BUFG_PS_X0Y67        BUFG_PS (Prop_BUFG_PS_I_O)
                                                      0.017     0.111 r  dma_axis_ip_example_i/zynq_ultra_ps_e_0/inst/buffer_pl_clk_0.PL_CLK_0_BUFG/O
    X0Y1 (CLOCK_ROOT)    net (fo=5975, routed)        0.985     1.096    dma_axis_ip_example_i/i2s_transmitter_0/inst/I2S_TX_V1_0_SYS_INST/CDC_JUSTIFY_MCLK_INST/src_clk
    SLICE_X4Y60          FDRE                                         r  dma_axis_ip_example_i/i2s_transmitter_0/inst/I2S_TX_V1_0_SYS_INST/CDC_JUSTIFY_MCLK_INST/src_ff_reg/C
  -------------------------------------------------------------------    -------------------
    SLICE_X4Y60          FDRE (Prop_EFF_SLICEM_C_Q)
                                                      0.038     1.134 r  dma_axis_ip_example_i/i2s_transmitter_0/inst/I2S_TX_V1_0_SYS_INST/CDC_JUSTIFY_MCLK_INST/src_ff_reg/Q
                         net (fo=1, routed)           0.087     1.221    dma_axis_ip_example_i/i2s_transmitter_0/inst/I2S_TX_V1_0_SYS_INST/CDC_JUSTIFY_MCLK_INST/p_0_in[0]
    SLICE_X4Y60          FDRE                                         r  dma_axis_ip_example_i/i2s_transmitter_0/inst/I2S_TX_V1_0_SYS_INST/CDC_JUSTIFY_MCLK_INST/syncstages_ff_reg[0]/D
  -------------------------------------------------------------------    -------------------

                         (clock clk_out1_dma_axis_ip_example_clk_wiz_0_0 rise edge)
                                                      0.000     0.000 r  
    BUFG_PS_X0Y67        BUFG_PS                      0.000     0.000 r  dma_axis_ip_example_i/zynq_ultra_ps_e_0/inst/buffer_pl_clk_0.PL_CLK_0_BUFG/O
                         net (fo=5975, routed)        1.093     1.093    dma_axis_ip_example_i/clk_wiz_0/inst/clk_in1
    MMCM_X0Y2            MMCME4_ADV (Prop_MMCM_CLKIN1_CLKOUT0)
                                                     -0.295     0.798 r  dma_axis_ip_example_i/clk_wiz_0/inst/mmcme4_adv_inst/CLKOUT0
                         net (fo=1, routed)           0.166     0.964    dma_axis_ip_example_i/clk_wiz_0/inst/clk_out1_dma_axis_ip_example_clk_wiz_0_0
    BUFGCE_X0Y66         BUFGCE (Prop_BUFCE_BUFGCE_I_O)
                                                      0.019     0.983 r  dma_axis_ip_example_i/clk_wiz_0/inst/clkout1_buf/O
    X0Y1 (CLOCK_ROOT)    net (fo=313, routed)         1.249     2.232    dma_axis_ip_example_i/i2s_transmitter_0/inst/I2S_TX_V1_0_SYS_INST/CDC_JUSTIFY_MCLK_INST/dest_clk
    SLICE_X4Y60          FDRE                                         r  dma_axis_ip_example_i/i2s_transmitter_0/inst/I2S_TX_V1_0_SYS_INST/CDC_JUSTIFY_MCLK_INST/syncstages_ff_reg[0]/C

Slack:                    inf
  Source:                 dma_axis_ip_example_i/i2s_transmitter_0/inst/I2S_TX_V1_0_SYS_INST/AXIS_FIFO_INST/xpm_fifo_async_inst/gnuram_async_fifo.xpm_fifo_base_inst/gen_cdc_pntr.wr_pntr_cdc_dc_inst/src_gray_ff_reg[3]/C
                            (rising edge-triggered cell FDRE clocked by clk_pl_0  {rise@0.000ns fall@5.000ns period=10.000ns})
  Destination:            dma_axis_ip_example_i/i2s_transmitter_0/inst/I2S_TX_V1_0_SYS_INST/AXIS_FIFO_INST/xpm_fifo_async_inst/gnuram_async_fifo.xpm_fifo_base_inst/gen_cdc_pntr.wr_pntr_cdc_dc_inst/dest_graysync_ff_reg[0][3]/D
                            (rising edge-triggered cell FDRE clocked by clk_out1_dma_axis_ip_example_clk_wiz_0_0  {rise@0.000ns fall@44.289ns period=88.577ns})
  Path Group:             (none)
  Path Type:              Hold (Min at Fast Process Corner)
  Data Path Delay:        0.132ns  (logic 0.039ns (29.545%)  route 0.093ns (70.455%))
  Logic Levels:           0  
  Clock Path Skew:        1.134ns (DCD - SCD - CPR)
    Destination Clock Delay (DCD):    2.229ns
    Source Clock Delay      (SCD):    1.095ns
    Clock Pessimism Removal (CPR):    -0.000ns
  Clock Uncertainty:      0.432ns  ((TSJ^2 + DJ^2)^1/2) / 2 + PE
    Total System Jitter     (TSJ):    0.071ns
    Discrete Jitter          (DJ):    0.480ns
    Phase Error              (PE):    0.190ns
  Clock Net Delay (Source):      0.984ns (routing 0.410ns, distribution 0.574ns)
  Clock Net Delay (Destination): 1.246ns (routing 0.591ns, distribution 0.655ns)
  Timing Exception:       False Path

    Location             Delay type                Incr(ns)  Path(ns)    Netlist Resource(s)
  -------------------------------------------------------------------    -------------------
                         (clock clk_pl_0 rise edge)
                                                      0.000     0.000 r  
    PS8_X0Y0             PS8                          0.000     0.000 r  dma_axis_ip_example_i/zynq_ultra_ps_e_0/inst/PS8_i/PLCLK[0]
                         net (fo=1, routed)           0.094     0.094    dma_axis_ip_example_i/zynq_ultra_ps_e_0/inst/pl_clk_unbuffered[0]
    BUFG_PS_X0Y67        BUFG_PS (Prop_BUFG_PS_I_O)
                                                      0.017     0.111 r  dma_axis_ip_example_i/zynq_ultra_ps_e_0/inst/buffer_pl_clk_0.PL_CLK_0_BUFG/O
    X0Y1 (CLOCK_ROOT)    net (fo=5975, routed)        0.984     1.095    dma_axis_ip_example_i/i2s_transmitter_0/inst/I2S_TX_V1_0_SYS_INST/AXIS_FIFO_INST/xpm_fifo_async_inst/gnuram_async_fifo.xpm_fifo_base_inst/gen_cdc_pntr.wr_pntr_cdc_dc_inst/src_clk
    SLICE_X5Y67          FDRE                                         r  dma_axis_ip_example_i/i2s_transmitter_0/inst/I2S_TX_V1_0_SYS_INST/AXIS_FIFO_INST/xpm_fifo_async_inst/gnuram_async_fifo.xpm_fifo_base_inst/gen_cdc_pntr.wr_pntr_cdc_dc_inst/src_gray_ff_reg[3]/C
  -------------------------------------------------------------------    -------------------
    SLICE_X5Y67          FDRE (Prop_HFF2_SLICEM_C_Q)
                                                      0.039     1.134 r  dma_axis_ip_example_i/i2s_transmitter_0/inst/I2S_TX_V1_0_SYS_INST/AXIS_FIFO_INST/xpm_fifo_async_inst/gnuram_async_fifo.xpm_fifo_base_inst/gen_cdc_pntr.wr_pntr_cdc_dc_inst/src_gray_ff_reg[3]/Q
                         net (fo=1, routed)           0.093     1.227    dma_axis_ip_example_i/i2s_transmitter_0/inst/I2S_TX_V1_0_SYS_INST/AXIS_FIFO_INST/xpm_fifo_async_inst/gnuram_async_fifo.xpm_fifo_base_inst/gen_cdc_pntr.wr_pntr_cdc_dc_inst/async_path[3]
    SLICE_X5Y70          FDRE                                         r  dma_axis_ip_example_i/i2s_transmitter_0/inst/I2S_TX_V1_0_SYS_INST/AXIS_FIFO_INST/xpm_fifo_async_inst/gnuram_async_fifo.xpm_fifo_base_inst/gen_cdc_pntr.wr_pntr_cdc_dc_inst/dest_graysync_ff_reg[0][3]/D
  -------------------------------------------------------------------    -------------------

                         (clock clk_out1_dma_axis_ip_example_clk_wiz_0_0 rise edge)
                                                      0.000     0.000 r  
    BUFG_PS_X0Y67        BUFG_PS                      0.000     0.000 r  dma_axis_ip_example_i/zynq_ultra_ps_e_0/inst/buffer_pl_clk_0.PL_CLK_0_BUFG/O
                         net (fo=5975, routed)        1.093     1.093    dma_axis_ip_example_i/clk_wiz_0/inst/clk_in1
    MMCM_X0Y2            MMCME4_ADV (Prop_MMCM_CLKIN1_CLKOUT0)
                                                     -0.295     0.798 r  dma_axis_ip_example_i/clk_wiz_0/inst/mmcme4_adv_inst/CLKOUT0
                         net (fo=1, routed)           0.166     0.964    dma_axis_ip_example_i/clk_wiz_0/inst/clk_out1_dma_axis_ip_example_clk_wiz_0_0
    BUFGCE_X0Y66         BUFGCE (Prop_BUFCE_BUFGCE_I_O)
                                                      0.019     0.983 r  dma_axis_ip_example_i/clk_wiz_0/inst/clkout1_buf/O
    X0Y1 (CLOCK_ROOT)    net (fo=313, routed)         1.246     2.229    dma_axis_ip_example_i/i2s_transmitter_0/inst/I2S_TX_V1_0_SYS_INST/AXIS_FIFO_INST/xpm_fifo_async_inst/gnuram_async_fifo.xpm_fifo_base_inst/gen_cdc_pntr.wr_pntr_cdc_dc_inst/dest_clk
    SLICE_X5Y70          FDRE                                         r  dma_axis_ip_example_i/i2s_transmitter_0/inst/I2S_TX_V1_0_SYS_INST/AXIS_FIFO_INST/xpm_fifo_async_inst/gnuram_async_fifo.xpm_fifo_base_inst/gen_cdc_pntr.wr_pntr_cdc_dc_inst/dest_graysync_ff_reg[0][3]/C

Slack:                    inf
  Source:                 dma_axis_ip_example_i/i2s_transmitter_0/inst/I2S_TX_V1_0_SYS_INST/CDC_ENABLE_MCLK_INST/src_ff_reg/C
                            (rising edge-triggered cell FDRE clocked by clk_pl_0  {rise@0.000ns fall@5.000ns period=10.000ns})
  Destination:            dma_axis_ip_example_i/i2s_transmitter_0/inst/I2S_TX_V1_0_SYS_INST/CDC_ENABLE_MCLK_INST/syncstages_ff_reg[0]/D
                            (rising edge-triggered cell FDRE clocked by clk_out1_dma_axis_ip_example_clk_wiz_0_0  {rise@0.000ns fall@44.289ns period=88.577ns})
  Path Group:             (none)
  Path Type:              Hold (Min at Fast Process Corner)
  Data Path Delay:        0.121ns  (logic 0.039ns (32.231%)  route 0.082ns (67.769%))
  Logic Levels:           0  
  Clock Path Skew:        1.133ns (DCD - SCD - CPR)
    Destination Clock Delay (DCD):    2.240ns
    Source Clock Delay      (SCD):    1.107ns
    Clock Pessimism Removal (CPR):    -0.000ns
  Clock Uncertainty:      0.432ns  ((TSJ^2 + DJ^2)^1/2) / 2 + PE
    Total System Jitter     (TSJ):    0.071ns
    Discrete Jitter          (DJ):    0.480ns
    Phase Error              (PE):    0.190ns
  Clock Net Delay (Source):      0.996ns (routing 0.410ns, distribution 0.586ns)
  Clock Net Delay (Destination): 1.257ns (routing 0.591ns, distribution 0.666ns)
  Timing Exception:       False Path

    Location             Delay type                Incr(ns)  Path(ns)    Netlist Resource(s)
  -------------------------------------------------------------------    -------------------
                         (clock clk_pl_0 rise edge)
                                                      0.000     0.000 r  
    PS8_X0Y0             PS8                          0.000     0.000 r  dma_axis_ip_example_i/zynq_ultra_ps_e_0/inst/PS8_i/PLCLK[0]
                         net (fo=1, routed)           0.094     0.094    dma_axis_ip_example_i/zynq_ultra_ps_e_0/inst/pl_clk_unbuffered[0]
    BUFG_PS_X0Y67        BUFG_PS (Prop_BUFG_PS_I_O)
                                                      0.017     0.111 r  dma_axis_ip_example_i/zynq_ultra_ps_e_0/inst/buffer_pl_clk_0.PL_CLK_0_BUFG/O
    X0Y1 (CLOCK_ROOT)    net (fo=5975, routed)        0.996     1.107    dma_axis_ip_example_i/i2s_transmitter_0/inst/I2S_TX_V1_0_SYS_INST/CDC_ENABLE_MCLK_INST/src_clk
    SLICE_X7Y61          FDRE                                         r  dma_axis_ip_example_i/i2s_transmitter_0/inst/I2S_TX_V1_0_SYS_INST/CDC_ENABLE_MCLK_INST/src_ff_reg/C
  -------------------------------------------------------------------    -------------------
    SLICE_X7Y61          FDRE (Prop_FFF_SLICEL_C_Q)
                                                      0.039     1.146 r  dma_axis_ip_example_i/i2s_transmitter_0/inst/I2S_TX_V1_0_SYS_INST/CDC_ENABLE_MCLK_INST/src_ff_reg/Q
                         net (fo=1, routed)           0.082     1.228    dma_axis_ip_example_i/i2s_transmitter_0/inst/I2S_TX_V1_0_SYS_INST/CDC_ENABLE_MCLK_INST/p_0_in[0]
    SLICE_X6Y63          FDRE                                         r  dma_axis_ip_example_i/i2s_transmitter_0/inst/I2S_TX_V1_0_SYS_INST/CDC_ENABLE_MCLK_INST/syncstages_ff_reg[0]/D
  -------------------------------------------------------------------    -------------------

                         (clock clk_out1_dma_axis_ip_example_clk_wiz_0_0 rise edge)
                                                      0.000     0.000 r  
    BUFG_PS_X0Y67        BUFG_PS                      0.000     0.000 r  dma_axis_ip_example_i/zynq_ultra_ps_e_0/inst/buffer_pl_clk_0.PL_CLK_0_BUFG/O
                         net (fo=5975, routed)        1.093     1.093    dma_axis_ip_example_i/clk_wiz_0/inst/clk_in1
    MMCM_X0Y2            MMCME4_ADV (Prop_MMCM_CLKIN1_CLKOUT0)
                                                     -0.295     0.798 r  dma_axis_ip_example_i/clk_wiz_0/inst/mmcme4_adv_inst/CLKOUT0
                         net (fo=1, routed)           0.166     0.964    dma_axis_ip_example_i/clk_wiz_0/inst/clk_out1_dma_axis_ip_example_clk_wiz_0_0
    BUFGCE_X0Y66         BUFGCE (Prop_BUFCE_BUFGCE_I_O)
                                                      0.019     0.983 r  dma_axis_ip_example_i/clk_wiz_0/inst/clkout1_buf/O
    X0Y1 (CLOCK_ROOT)    net (fo=313, routed)         1.257     2.240    dma_axis_ip_example_i/i2s_transmitter_0/inst/I2S_TX_V1_0_SYS_INST/CDC_ENABLE_MCLK_INST/dest_clk
    SLICE_X6Y63          FDRE                                         r  dma_axis_ip_example_i/i2s_transmitter_0/inst/I2S_TX_V1_0_SYS_INST/CDC_ENABLE_MCLK_INST/syncstages_ff_reg[0]/C

Slack:                    inf
  Source:                 dma_axis_ip_example_i/i2s_transmitter_0/inst/I2S_TX_V1_0_SYS_INST/CDC_SCLKDIV_INST/src_ff_reg[4]/C
                            (rising edge-triggered cell FDRE clocked by clk_pl_0  {rise@0.000ns fall@5.000ns period=10.000ns})
  Destination:            dma_axis_ip_example_i/i2s_transmitter_0/inst/I2S_TX_V1_0_SYS_INST/CDC_SCLKDIV_INST/syncstages_ff_reg[0][4]/D
                            (rising edge-triggered cell FDRE clocked by clk_out1_dma_axis_ip_example_clk_wiz_0_0  {rise@0.000ns fall@44.289ns period=88.577ns})
  Path Group:             (none)
  Path Type:              Hold (Min at Fast Process Corner)
  Data Path Delay:        0.125ns  (logic 0.039ns (31.200%)  route 0.086ns (68.800%))
  Logic Levels:           0  
  Clock Path Skew:        1.119ns (DCD - SCD - CPR)
    Destination Clock Delay (DCD):    2.222ns
    Source Clock Delay      (SCD):    1.103ns
    Clock Pessimism Removal (CPR):    -0.000ns
  Clock Uncertainty:      0.432ns  ((TSJ^2 + DJ^2)^1/2) / 2 + PE
    Total System Jitter     (TSJ):    0.071ns
    Discrete Jitter          (DJ):    0.480ns
    Phase Error              (PE):    0.190ns
  Clock Net Delay (Source):      0.992ns (routing 0.410ns, distribution 0.582ns)
  Clock Net Delay (Destination): 1.239ns (routing 0.591ns, distribution 0.648ns)
  Timing Exception:       False Path

    Location             Delay type                Incr(ns)  Path(ns)    Netlist Resource(s)
  -------------------------------------------------------------------    -------------------
                         (clock clk_pl_0 rise edge)
                                                      0.000     0.000 r  
    PS8_X0Y0             PS8                          0.000     0.000 r  dma_axis_ip_example_i/zynq_ultra_ps_e_0/inst/PS8_i/PLCLK[0]
                         net (fo=1, routed)           0.094     0.094    dma_axis_ip_example_i/zynq_ultra_ps_e_0/inst/pl_clk_unbuffered[0]
    BUFG_PS_X0Y67        BUFG_PS (Prop_BUFG_PS_I_O)
                                                      0.017     0.111 r  dma_axis_ip_example_i/zynq_ultra_ps_e_0/inst/buffer_pl_clk_0.PL_CLK_0_BUFG/O
    X0Y1 (CLOCK_ROOT)    net (fo=5975, routed)        0.992     1.103    dma_axis_ip_example_i/i2s_transmitter_0/inst/I2S_TX_V1_0_SYS_INST/CDC_SCLKDIV_INST/src_clk
    SLICE_X7Y60          FDRE                                         r  dma_axis_ip_example_i/i2s_transmitter_0/inst/I2S_TX_V1_0_SYS_INST/CDC_SCLKDIV_INST/src_ff_reg[4]/C
  -------------------------------------------------------------------    -------------------
    SLICE_X7Y60          FDRE (Prop_GFF_SLICEL_C_Q)
                                                      0.039     1.142 r  dma_axis_ip_example_i/i2s_transmitter_0/inst/I2S_TX_V1_0_SYS_INST/CDC_SCLKDIV_INST/src_ff_reg[4]/Q
                         net (fo=1, routed)           0.086     1.228    dma_axis_ip_example_i/i2s_transmitter_0/inst/I2S_TX_V1_0_SYS_INST/CDC_SCLKDIV_INST/async_path_bit[4]
    SLICE_X7Y60          FDRE                                         r  dma_axis_ip_example_i/i2s_transmitter_0/inst/I2S_TX_V1_0_SYS_INST/CDC_SCLKDIV_INST/syncstages_ff_reg[0][4]/D
  -------------------------------------------------------------------    -------------------

                         (clock clk_out1_dma_axis_ip_example_clk_wiz_0_0 rise edge)
                                                      0.000     0.000 r  
    BUFG_PS_X0Y67        BUFG_PS                      0.000     0.000 r  dma_axis_ip_example_i/zynq_ultra_ps_e_0/inst/buffer_pl_clk_0.PL_CLK_0_BUFG/O
                         net (fo=5975, routed)        1.093     1.093    dma_axis_ip_example_i/clk_wiz_0/inst/clk_in1
    MMCM_X0Y2            MMCME4_ADV (Prop_MMCM_CLKIN1_CLKOUT0)
                                                     -0.295     0.798 r  dma_axis_ip_example_i/clk_wiz_0/inst/mmcme4_adv_inst/CLKOUT0
                         net (fo=1, routed)           0.166     0.964    dma_axis_ip_example_i/clk_wiz_0/inst/clk_out1_dma_axis_ip_example_clk_wiz_0_0
    BUFGCE_X0Y66         BUFGCE (Prop_BUFCE_BUFGCE_I_O)
                                                      0.019     0.983 r  dma_axis_ip_example_i/clk_wiz_0/inst/clkout1_buf/O
    X0Y1 (CLOCK_ROOT)    net (fo=313, routed)         1.239     2.222    dma_axis_ip_example_i/i2s_transmitter_0/inst/I2S_TX_V1_0_SYS_INST/CDC_SCLKDIV_INST/dest_clk
    SLICE_X7Y60          FDRE                                         r  dma_axis_ip_example_i/i2s_transmitter_0/inst/I2S_TX_V1_0_SYS_INST/CDC_SCLKDIV_INST/syncstages_ff_reg[0][4]/C

Slack:                    inf
  Source:                 dma_axis_ip_example_i/i2s_transmitter_0/inst/I2S_TX_V1_0_SYS_INST/CDC_SCLKDIV_INST/src_ff_reg[6]/C
                            (rising edge-triggered cell FDRE clocked by clk_pl_0  {rise@0.000ns fall@5.000ns period=10.000ns})
  Destination:            dma_axis_ip_example_i/i2s_transmitter_0/inst/I2S_TX_V1_0_SYS_INST/CDC_SCLKDIV_INST/syncstages_ff_reg[0][6]/D
                            (rising edge-triggered cell FDRE clocked by clk_out1_dma_axis_ip_example_clk_wiz_0_0  {rise@0.000ns fall@44.289ns period=88.577ns})
  Path Group:             (none)
  Path Type:              Hold (Min at Fast Process Corner)
  Data Path Delay:        0.125ns  (logic 0.039ns (31.200%)  route 0.086ns (68.800%))
  Logic Levels:           0  
  Clock Path Skew:        1.132ns (DCD - SCD - CPR)
    Destination Clock Delay (DCD):    2.235ns
    Source Clock Delay      (SCD):    1.103ns
    Clock Pessimism Removal (CPR):    -0.000ns
  Clock Uncertainty:      0.432ns  ((TSJ^2 + DJ^2)^1/2) / 2 + PE
    Total System Jitter     (TSJ):    0.071ns
    Discrete Jitter          (DJ):    0.480ns
    Phase Error              (PE):    0.190ns
  Clock Net Delay (Source):      0.992ns (routing 0.410ns, distribution 0.582ns)
  Clock Net Delay (Destination): 1.252ns (routing 0.591ns, distribution 0.661ns)
  Timing Exception:       False Path

    Location             Delay type                Incr(ns)  Path(ns)    Netlist Resource(s)
  -------------------------------------------------------------------    -------------------
                         (clock clk_pl_0 rise edge)
                                                      0.000     0.000 r  
    PS8_X0Y0             PS8                          0.000     0.000 r  dma_axis_ip_example_i/zynq_ultra_ps_e_0/inst/PS8_i/PLCLK[0]
                         net (fo=1, routed)           0.094     0.094    dma_axis_ip_example_i/zynq_ultra_ps_e_0/inst/pl_clk_unbuffered[0]
    BUFG_PS_X0Y67        BUFG_PS (Prop_BUFG_PS_I_O)
                                                      0.017     0.111 r  dma_axis_ip_example_i/zynq_ultra_ps_e_0/inst/buffer_pl_clk_0.PL_CLK_0_BUFG/O
    X0Y1 (CLOCK_ROOT)    net (fo=5975, routed)        0.992     1.103    dma_axis_ip_example_i/i2s_transmitter_0/inst/I2S_TX_V1_0_SYS_INST/CDC_SCLKDIV_INST/src_clk
    SLICE_X7Y60          FDRE                                         r  dma_axis_ip_example_i/i2s_transmitter_0/inst/I2S_TX_V1_0_SYS_INST/CDC_SCLKDIV_INST/src_ff_reg[6]/C
  -------------------------------------------------------------------    -------------------
    SLICE_X7Y60          FDRE (Prop_HFF_SLICEL_C_Q)
                                                      0.039     1.142 r  dma_axis_ip_example_i/i2s_transmitter_0/inst/I2S_TX_V1_0_SYS_INST/CDC_SCLKDIV_INST/src_ff_reg[6]/Q
                         net (fo=1, routed)           0.086     1.228    dma_axis_ip_example_i/i2s_transmitter_0/inst/I2S_TX_V1_0_SYS_INST/CDC_SCLKDIV_INST/async_path_bit[6]
    SLICE_X5Y60          FDRE                                         r  dma_axis_ip_example_i/i2s_transmitter_0/inst/I2S_TX_V1_0_SYS_INST/CDC_SCLKDIV_INST/syncstages_ff_reg[0][6]/D
  -------------------------------------------------------------------    -------------------

                         (clock clk_out1_dma_axis_ip_example_clk_wiz_0_0 rise edge)
                                                      0.000     0.000 r  
    BUFG_PS_X0Y67        BUFG_PS                      0.000     0.000 r  dma_axis_ip_example_i/zynq_ultra_ps_e_0/inst/buffer_pl_clk_0.PL_CLK_0_BUFG/O
                         net (fo=5975, routed)        1.093     1.093    dma_axis_ip_example_i/clk_wiz_0/inst/clk_in1
    MMCM_X0Y2            MMCME4_ADV (Prop_MMCM_CLKIN1_CLKOUT0)
                                                     -0.295     0.798 r  dma_axis_ip_example_i/clk_wiz_0/inst/mmcme4_adv_inst/CLKOUT0
                         net (fo=1, routed)           0.166     0.964    dma_axis_ip_example_i/clk_wiz_0/inst/clk_out1_dma_axis_ip_example_clk_wiz_0_0
    BUFGCE_X0Y66         BUFGCE (Prop_BUFCE_BUFGCE_I_O)
                                                      0.019     0.983 r  dma_axis_ip_example_i/clk_wiz_0/inst/clkout1_buf/O
    X0Y1 (CLOCK_ROOT)    net (fo=313, routed)         1.252     2.235    dma_axis_ip_example_i/i2s_transmitter_0/inst/I2S_TX_V1_0_SYS_INST/CDC_SCLKDIV_INST/dest_clk
    SLICE_X5Y60          FDRE                                         r  dma_axis_ip_example_i/i2s_transmitter_0/inst/I2S_TX_V1_0_SYS_INST/CDC_SCLKDIV_INST/syncstages_ff_reg[0][6]/C

Slack:                    inf
  Source:                 dma_axis_ip_example_i/i2s_transmitter_0/inst/I2S_TX_V1_0_SYS_INST/genblk1[0].CDC_CHMUX_INST/src_ff_reg[0]/C
                            (rising edge-triggered cell FDRE clocked by clk_pl_0  {rise@0.000ns fall@5.000ns period=10.000ns})
  Destination:            dma_axis_ip_example_i/i2s_transmitter_0/inst/I2S_TX_V1_0_SYS_INST/genblk1[0].CDC_CHMUX_INST/syncstages_ff_reg[0][0]/D
                            (rising edge-triggered cell FDRE clocked by clk_out1_dma_axis_ip_example_clk_wiz_0_0  {rise@0.000ns fall@44.289ns period=88.577ns})
  Path Group:             (none)
  Path Type:              Hold (Min at Fast Process Corner)
  Data Path Delay:        0.127ns  (logic 0.039ns (30.709%)  route 0.088ns (69.291%))
  Logic Levels:           0  
  Clock Path Skew:        1.140ns (DCD - SCD - CPR)
    Destination Clock Delay (DCD):    2.244ns
    Source Clock Delay      (SCD):    1.104ns
    Clock Pessimism Removal (CPR):    -0.000ns
  Clock Uncertainty:      0.432ns  ((TSJ^2 + DJ^2)^1/2) / 2 + PE
    Total System Jitter     (TSJ):    0.071ns
    Discrete Jitter          (DJ):    0.480ns
    Phase Error              (PE):    0.190ns
  Clock Net Delay (Source):      0.993ns (routing 0.410ns, distribution 0.583ns)
  Clock Net Delay (Destination): 1.261ns (routing 0.591ns, distribution 0.670ns)
  Timing Exception:       False Path

    Location             Delay type                Incr(ns)  Path(ns)    Netlist Resource(s)
  -------------------------------------------------------------------    -------------------
                         (clock clk_pl_0 rise edge)
                                                      0.000     0.000 r  
    PS8_X0Y0             PS8                          0.000     0.000 r  dma_axis_ip_example_i/zynq_ultra_ps_e_0/inst/PS8_i/PLCLK[0]
                         net (fo=1, routed)           0.094     0.094    dma_axis_ip_example_i/zynq_ultra_ps_e_0/inst/pl_clk_unbuffered[0]
    BUFG_PS_X0Y67        BUFG_PS (Prop_BUFG_PS_I_O)
                                                      0.017     0.111 r  dma_axis_ip_example_i/zynq_ultra_ps_e_0/inst/buffer_pl_clk_0.PL_CLK_0_BUFG/O
    X0Y1 (CLOCK_ROOT)    net (fo=5975, routed)        0.993     1.104    dma_axis_ip_example_i/i2s_transmitter_0/inst/I2S_TX_V1_0_SYS_INST/genblk1[0].CDC_CHMUX_INST/src_clk
    SLICE_X7Y61          FDRE                                         r  dma_axis_ip_example_i/i2s_transmitter_0/inst/I2S_TX_V1_0_SYS_INST/genblk1[0].CDC_CHMUX_INST/src_ff_reg[0]/C
  -------------------------------------------------------------------    -------------------
    SLICE_X7Y61          FDRE (Prop_BFF_SLICEL_C_Q)
                                                      0.039     1.143 r  dma_axis_ip_example_i/i2s_transmitter_0/inst/I2S_TX_V1_0_SYS_INST/genblk1[0].CDC_CHMUX_INST/src_ff_reg[0]/Q
                         net (fo=1, routed)           0.088     1.231    dma_axis_ip_example_i/i2s_transmitter_0/inst/I2S_TX_V1_0_SYS_INST/genblk1[0].CDC_CHMUX_INST/async_path_bit[0]
    SLICE_X5Y62          FDRE                                         r  dma_axis_ip_example_i/i2s_transmitter_0/inst/I2S_TX_V1_0_SYS_INST/genblk1[0].CDC_CHMUX_INST/syncstages_ff_reg[0][0]/D
  -------------------------------------------------------------------    -------------------

                         (clock clk_out1_dma_axis_ip_example_clk_wiz_0_0 rise edge)
                                                      0.000     0.000 r  
    BUFG_PS_X0Y67        BUFG_PS                      0.000     0.000 r  dma_axis_ip_example_i/zynq_ultra_ps_e_0/inst/buffer_pl_clk_0.PL_CLK_0_BUFG/O
                         net (fo=5975, routed)        1.093     1.093    dma_axis_ip_example_i/clk_wiz_0/inst/clk_in1
    MMCM_X0Y2            MMCME4_ADV (Prop_MMCM_CLKIN1_CLKOUT0)
                                                     -0.295     0.798 r  dma_axis_ip_example_i/clk_wiz_0/inst/mmcme4_adv_inst/CLKOUT0
                         net (fo=1, routed)           0.166     0.964    dma_axis_ip_example_i/clk_wiz_0/inst/clk_out1_dma_axis_ip_example_clk_wiz_0_0
    BUFGCE_X0Y66         BUFGCE (Prop_BUFCE_BUFGCE_I_O)
                                                      0.019     0.983 r  dma_axis_ip_example_i/clk_wiz_0/inst/clkout1_buf/O
    X0Y1 (CLOCK_ROOT)    net (fo=313, routed)         1.261     2.244    dma_axis_ip_example_i/i2s_transmitter_0/inst/I2S_TX_V1_0_SYS_INST/genblk1[0].CDC_CHMUX_INST/dest_clk
    SLICE_X5Y62          FDRE                                         r  dma_axis_ip_example_i/i2s_transmitter_0/inst/I2S_TX_V1_0_SYS_INST/genblk1[0].CDC_CHMUX_INST/syncstages_ff_reg[0][0]/C





--------------------------------------------------------------------------------------
Path Group:  (none)
From Clock:  
  To Clock:  clk_pl_0

Max Delay             1 Endpoint
Min Delay             1 Endpoint
--------------------------------------------------------------------------------------


Max Delay Paths
--------------------------------------------------------------------------------------
Slack:                    inf
  Source:                 dma_axis_ip_example_i/zynq_ultra_ps_e_0/inst/PS8_i/EMIOGPIOO[95]
                            (internal pin)
  Destination:            dma_axis_ip_example_i/rst_ps7_0_100M/U0/EXT_LPF/ACTIVE_LOW_EXT.ACT_LO_EXT/GENERATE_LEVEL_P_S_CDC.SINGLE_BIT.CROSS_PLEVEL_IN2SCNDRY_IN_cdc_to/D
                            (rising edge-triggered cell FDRE clocked by clk_pl_0  {rise@0.000ns fall@5.000ns period=10.000ns})
  Path Group:             (none)
  Path Type:              Setup (Max at Slow Process Corner)
  Data Path Delay:        1.693ns  (logic 0.152ns (8.978%)  route 1.541ns (91.022%))
  Logic Levels:           1  (LUT1=1)
  Clock Uncertainty:      0.127ns  ((TSJ^2 + DJ^2)^1/2) / 2 + PE
    Total System Jitter     (TSJ):    0.050ns
    Discrete Jitter          (DJ):    0.250ns
    Phase Error              (PE):    0.000ns
  Clock Net Delay (Destination): 1.600ns (routing 0.683ns, distribution 0.917ns)
  Timing Exception:       False Path

    Location             Delay type                Incr(ns)  Path(ns)    Netlist Resource(s)
  -------------------------------------------------------------------    -------------------
    PS8_X0Y0             PS8                          0.000     0.000 f  dma_axis_ip_example_i/zynq_ultra_ps_e_0/inst/PS8_i/EMIOGPIOO[95]
                         net (fo=1, routed)           1.295     1.295    dma_axis_ip_example_i/rst_ps7_0_100M/U0/EXT_LPF/ACTIVE_LOW_EXT.ACT_LO_EXT/ext_reset_in
    SLICE_X5Y75          LUT1 (Prop_H6LUT_SLICEM_I0_O)
                                                      0.152     1.447 r  dma_axis_ip_example_i/rst_ps7_0_100M/U0/EXT_LPF/ACTIVE_LOW_EXT.ACT_LO_EXT/GENERATE_LEVEL_P_S_CDC.SINGLE_BIT.CROSS_PLEVEL_IN2SCNDRY_IN_cdc_to_i_1/O
                         net (fo=1, routed)           0.246     1.693    dma_axis_ip_example_i/rst_ps7_0_100M/U0/EXT_LPF/ACTIVE_LOW_EXT.ACT_LO_EXT/exr_d1
    SLICE_X5Y74          FDRE                                         r  dma_axis_ip_example_i/rst_ps7_0_100M/U0/EXT_LPF/ACTIVE_LOW_EXT.ACT_LO_EXT/GENERATE_LEVEL_P_S_CDC.SINGLE_BIT.CROSS_PLEVEL_IN2SCNDRY_IN_cdc_to/D
  -------------------------------------------------------------------    -------------------

                         (clock clk_pl_0 rise edge)
                                                      0.000     0.000 r  
    PS8_X0Y0             PS8                          0.000     0.000 r  dma_axis_ip_example_i/zynq_ultra_ps_e_0/inst/PS8_i/PLCLK[0]
                         net (fo=1, routed)           0.135     0.135    dma_axis_ip_example_i/zynq_ultra_ps_e_0/inst/pl_clk_unbuffered[0]
    BUFG_PS_X0Y67        BUFG_PS (Prop_BUFG_PS_I_O)
                                                      0.025     0.160 r  dma_axis_ip_example_i/zynq_ultra_ps_e_0/inst/buffer_pl_clk_0.PL_CLK_0_BUFG/O
    X0Y1 (CLOCK_ROOT)    net (fo=5975, routed)        1.600     1.760    dma_axis_ip_example_i/rst_ps7_0_100M/U0/EXT_LPF/ACTIVE_LOW_EXT.ACT_LO_EXT/slowest_sync_clk
    SLICE_X5Y74          FDRE                                         r  dma_axis_ip_example_i/rst_ps7_0_100M/U0/EXT_LPF/ACTIVE_LOW_EXT.ACT_LO_EXT/GENERATE_LEVEL_P_S_CDC.SINGLE_BIT.CROSS_PLEVEL_IN2SCNDRY_IN_cdc_to/C





Min Delay Paths
--------------------------------------------------------------------------------------
Slack:                    inf
  Source:                 dma_axis_ip_example_i/zynq_ultra_ps_e_0/inst/PS8_i/EMIOGPIOO[95]
                            (internal pin)
  Destination:            dma_axis_ip_example_i/rst_ps7_0_100M/U0/EXT_LPF/ACTIVE_LOW_EXT.ACT_LO_EXT/GENERATE_LEVEL_P_S_CDC.SINGLE_BIT.CROSS_PLEVEL_IN2SCNDRY_IN_cdc_to/D
                            (rising edge-triggered cell FDRE clocked by clk_pl_0  {rise@0.000ns fall@5.000ns period=10.000ns})
  Path Group:             (none)
  Path Type:              Hold (Min at Fast Process Corner)
  Data Path Delay:        0.831ns  (logic 0.061ns (7.341%)  route 0.770ns (92.659%))
  Logic Levels:           1  (LUT1=1)
  Clock Uncertainty:      0.127ns  ((TSJ^2 + DJ^2)^1/2) / 2 + PE
    Total System Jitter     (TSJ):    0.050ns
    Discrete Jitter          (DJ):    0.250ns
    Phase Error              (PE):    0.000ns
  Clock Net Delay (Destination): 1.119ns (routing 0.459ns, distribution 0.660ns)
  Timing Exception:       False Path

    Location             Delay type                Incr(ns)  Path(ns)    Netlist Resource(s)
  -------------------------------------------------------------------    -------------------
    PS8_X0Y0             PS8                          0.000     0.000 f  dma_axis_ip_example_i/zynq_ultra_ps_e_0/inst/PS8_i/EMIOGPIOO[95]
                         net (fo=1, routed)           0.674     0.674    dma_axis_ip_example_i/rst_ps7_0_100M/U0/EXT_LPF/ACTIVE_LOW_EXT.ACT_LO_EXT/ext_reset_in
    SLICE_X5Y75          LUT1 (Prop_H6LUT_SLICEM_I0_O)
                                                      0.061     0.735 r  dma_axis_ip_example_i/rst_ps7_0_100M/U0/EXT_LPF/ACTIVE_LOW_EXT.ACT_LO_EXT/GENERATE_LEVEL_P_S_CDC.SINGLE_BIT.CROSS_PLEVEL_IN2SCNDRY_IN_cdc_to_i_1/O
                         net (fo=1, routed)           0.096     0.831    dma_axis_ip_example_i/rst_ps7_0_100M/U0/EXT_LPF/ACTIVE_LOW_EXT.ACT_LO_EXT/exr_d1
    SLICE_X5Y74          FDRE                                         r  dma_axis_ip_example_i/rst_ps7_0_100M/U0/EXT_LPF/ACTIVE_LOW_EXT.ACT_LO_EXT/GENERATE_LEVEL_P_S_CDC.SINGLE_BIT.CROSS_PLEVEL_IN2SCNDRY_IN_cdc_to/D
  -------------------------------------------------------------------    -------------------

                         (clock clk_pl_0 rise edge)
                                                      0.000     0.000 r  
    PS8_X0Y0             PS8                          0.000     0.000 r  dma_axis_ip_example_i/zynq_ultra_ps_e_0/inst/PS8_i/PLCLK[0]
                         net (fo=1, routed)           0.120     0.120    dma_axis_ip_example_i/zynq_ultra_ps_e_0/inst/pl_clk_unbuffered[0]
    BUFG_PS_X0Y67        BUFG_PS (Prop_BUFG_PS_I_O)
                                                      0.018     0.138 r  dma_axis_ip_example_i/zynq_ultra_ps_e_0/inst/buffer_pl_clk_0.PL_CLK_0_BUFG/O
    X0Y1 (CLOCK_ROOT)    net (fo=5975, routed)        1.119     1.257    dma_axis_ip_example_i/rst_ps7_0_100M/U0/EXT_LPF/ACTIVE_LOW_EXT.ACT_LO_EXT/slowest_sync_clk
    SLICE_X5Y74          FDRE                                         r  dma_axis_ip_example_i/rst_ps7_0_100M/U0/EXT_LPF/ACTIVE_LOW_EXT.ACT_LO_EXT/GENERATE_LEVEL_P_S_CDC.SINGLE_BIT.CROSS_PLEVEL_IN2SCNDRY_IN_cdc_to/C





--------------------------------------------------------------------------------------
Path Group:  (none)
From Clock:  clk_out1_dma_axis_ip_example_clk_wiz_0_0
  To Clock:  clk_pl_0

Max Delay             4 Endpoints
Min Delay            11 Endpoints
--------------------------------------------------------------------------------------


Max Delay Paths
--------------------------------------------------------------------------------------
Slack:                    inf
  Source:                 dma_axis_ip_example_i/i2s_transmitter_0/inst/I2S_TX_V1_0_SYS_INST/AXIS_FIFO_INST/xpm_fifo_async_inst/gnuram_async_fifo.xpm_fifo_base_inst/xpm_fifo_rst_inst/gen_rst_ic.fifo_rd_rst_ic_reg/C
                            (rising edge-triggered cell FDRE clocked by clk_out1_dma_axis_ip_example_clk_wiz_0_0  {rise@0.000ns fall@44.289ns period=88.577ns})
  Destination:            dma_axis_ip_example_i/i2s_transmitter_0/inst/I2S_TX_V1_0_SYS_INST/AXIS_FIFO_INST/xpm_fifo_async_inst/gnuram_async_fifo.xpm_fifo_base_inst/xpm_fifo_rst_inst/gen_rst_ic.rrst_wr_inst/syncstages_ff_reg[0]/D
                            (rising edge-triggered cell FDRE clocked by clk_pl_0  {rise@0.000ns fall@5.000ns period=10.000ns})
  Path Group:             (none)
  Path Type:              Setup (Max at Slow Process Corner)
  Data Path Delay:        0.594ns  (logic 0.079ns (13.306%)  route 0.515ns (86.694%))
  Logic Levels:           0  
  Clock Path Skew:        -2.221ns (DCD - SCD + CPR)
    Destination Clock Delay (DCD):    1.750ns
    Source Clock Delay      (SCD):    3.971ns
    Clock Pessimism Removal (CPR):    0.000ns
  Clock Uncertainty:      0.343ns  ((TSJ^2 + DJ^2)^1/2) / 2 + PE
    Total System Jitter     (TSJ):    0.071ns
    Discrete Jitter          (DJ):    0.300ns
    Phase Error              (PE):    0.190ns
  Clock Net Delay (Source):      2.031ns (routing 0.970ns, distribution 1.061ns)
  Clock Net Delay (Destination): 1.590ns (routing 0.683ns, distribution 0.907ns)
  Timing Exception:       False Path

    Location             Delay type                Incr(ns)  Path(ns)    Netlist Resource(s)
  -------------------------------------------------------------------    -------------------
                         (clock clk_out1_dma_axis_ip_example_clk_wiz_0_0 rise edge)
                                                      0.000     0.000 r  
    BUFG_PS_X0Y67        BUFG_PS                      0.000     0.000 r  dma_axis_ip_example_i/zynq_ultra_ps_e_0/inst/buffer_pl_clk_0.PL_CLK_0_BUFG/O
                         net (fo=5975, routed)        1.794     1.794    dma_axis_ip_example_i/clk_wiz_0/inst/clk_in1
    MMCM_X0Y2            MMCME4_ADV (Prop_MMCM_CLKIN1_CLKOUT0)
                                                     -0.127     1.667 r  dma_axis_ip_example_i/clk_wiz_0/inst/mmcme4_adv_inst/CLKOUT0
                         net (fo=1, routed)           0.245     1.912    dma_axis_ip_example_i/clk_wiz_0/inst/clk_out1_dma_axis_ip_example_clk_wiz_0_0
    BUFGCE_X0Y66         BUFGCE (Prop_BUFCE_BUFGCE_I_O)
                                                      0.028     1.940 r  dma_axis_ip_example_i/clk_wiz_0/inst/clkout1_buf/O
    X0Y1 (CLOCK_ROOT)    net (fo=313, routed)         2.031     3.971    dma_axis_ip_example_i/i2s_transmitter_0/inst/I2S_TX_V1_0_SYS_INST/AXIS_FIFO_INST/xpm_fifo_async_inst/gnuram_async_fifo.xpm_fifo_base_inst/xpm_fifo_rst_inst/rd_clk
    SLICE_X7Y69          FDRE                                         r  dma_axis_ip_example_i/i2s_transmitter_0/inst/I2S_TX_V1_0_SYS_INST/AXIS_FIFO_INST/xpm_fifo_async_inst/gnuram_async_fifo.xpm_fifo_base_inst/xpm_fifo_rst_inst/gen_rst_ic.fifo_rd_rst_ic_reg/C
  -------------------------------------------------------------------    -------------------
    SLICE_X7Y69          FDRE (Prop_GFF_SLICEL_C_Q)
                                                      0.079     4.050 r  dma_axis_ip_example_i/i2s_transmitter_0/inst/I2S_TX_V1_0_SYS_INST/AXIS_FIFO_INST/xpm_fifo_async_inst/gnuram_async_fifo.xpm_fifo_base_inst/xpm_fifo_rst_inst/gen_rst_ic.fifo_rd_rst_ic_reg/Q
                         net (fo=39, routed)          0.515     4.564    dma_axis_ip_example_i/i2s_transmitter_0/inst/I2S_TX_V1_0_SYS_INST/AXIS_FIFO_INST/xpm_fifo_async_inst/gnuram_async_fifo.xpm_fifo_base_inst/xpm_fifo_rst_inst/gen_rst_ic.rrst_wr_inst/src_rst
    SLICE_X8Y78          FDRE                                         r  dma_axis_ip_example_i/i2s_transmitter_0/inst/I2S_TX_V1_0_SYS_INST/AXIS_FIFO_INST/xpm_fifo_async_inst/gnuram_async_fifo.xpm_fifo_base_inst/xpm_fifo_rst_inst/gen_rst_ic.rrst_wr_inst/syncstages_ff_reg[0]/D
  -------------------------------------------------------------------    -------------------

                         (clock clk_pl_0 rise edge)
                                                      0.000     0.000 r  
    PS8_X0Y0             PS8                          0.000     0.000 r  dma_axis_ip_example_i/zynq_ultra_ps_e_0/inst/PS8_i/PLCLK[0]
                         net (fo=1, routed)           0.135     0.135    dma_axis_ip_example_i/zynq_ultra_ps_e_0/inst/pl_clk_unbuffered[0]
    BUFG_PS_X0Y67        BUFG_PS (Prop_BUFG_PS_I_O)
                                                      0.025     0.160 r  dma_axis_ip_example_i/zynq_ultra_ps_e_0/inst/buffer_pl_clk_0.PL_CLK_0_BUFG/O
    X0Y1 (CLOCK_ROOT)    net (fo=5975, routed)        1.590     1.750    dma_axis_ip_example_i/i2s_transmitter_0/inst/I2S_TX_V1_0_SYS_INST/AXIS_FIFO_INST/xpm_fifo_async_inst/gnuram_async_fifo.xpm_fifo_base_inst/xpm_fifo_rst_inst/gen_rst_ic.rrst_wr_inst/dest_clk
    SLICE_X8Y78          FDRE                                         r  dma_axis_ip_example_i/i2s_transmitter_0/inst/I2S_TX_V1_0_SYS_INST/AXIS_FIFO_INST/xpm_fifo_async_inst/gnuram_async_fifo.xpm_fifo_base_inst/xpm_fifo_rst_inst/gen_rst_ic.rrst_wr_inst/syncstages_ff_reg[0]/C

Slack:                    inf
  Source:                 dma_axis_ip_example_i/proc_sys_reset_0/U0/PR_OUT_DFF[0].FDRE_PER/C
                            (rising edge-triggered cell FDRE clocked by clk_out1_dma_axis_ip_example_clk_wiz_0_0  {rise@0.000ns fall@44.289ns period=88.577ns})
  Destination:            dma_axis_ip_example_i/i2s_transmitter_0/inst/I2S_TX_V1_0_SYS_INST/CDC_MRST_INST/arststages_ff_reg[0]/PRE
                            (recovery check against rising-edge clock clk_pl_0  {rise@0.000ns fall@5.000ns period=10.000ns})
  Path Group:             (none)
  Path Type:              Recovery (Max at Slow Process Corner)
  Data Path Delay:        0.518ns  (logic 0.079ns (15.247%)  route 0.439ns (84.753%))
  Logic Levels:           0  
  Clock Path Skew:        -2.200ns (DCD - SCD + CPR)
    Destination Clock Delay (DCD):    1.755ns
    Source Clock Delay      (SCD):    3.954ns
    Clock Pessimism Removal (CPR):    0.000ns
  Clock Uncertainty:      0.343ns  ((TSJ^2 + DJ^2)^1/2) / 2 + PE
    Total System Jitter     (TSJ):    0.071ns
    Discrete Jitter          (DJ):    0.300ns
    Phase Error              (PE):    0.190ns
  Clock Net Delay (Source):      2.014ns (routing 0.970ns, distribution 1.044ns)
  Clock Net Delay (Destination): 1.595ns (routing 0.683ns, distribution 0.912ns)
  Timing Exception:       False Path

    Location             Delay type                Incr(ns)  Path(ns)    Netlist Resource(s)
  -------------------------------------------------------------------    -------------------
                         (clock clk_out1_dma_axis_ip_example_clk_wiz_0_0 rise edge)
                                                      0.000     0.000 r  
    BUFG_PS_X0Y67        BUFG_PS                      0.000     0.000 r  dma_axis_ip_example_i/zynq_ultra_ps_e_0/inst/buffer_pl_clk_0.PL_CLK_0_BUFG/O
                         net (fo=5975, routed)        1.794     1.794    dma_axis_ip_example_i/clk_wiz_0/inst/clk_in1
    MMCM_X0Y2            MMCME4_ADV (Prop_MMCM_CLKIN1_CLKOUT0)
                                                     -0.127     1.667 r  dma_axis_ip_example_i/clk_wiz_0/inst/mmcme4_adv_inst/CLKOUT0
                         net (fo=1, routed)           0.245     1.912    dma_axis_ip_example_i/clk_wiz_0/inst/clk_out1_dma_axis_ip_example_clk_wiz_0_0
    BUFGCE_X0Y66         BUFGCE (Prop_BUFCE_BUFGCE_I_O)
                                                      0.028     1.940 r  dma_axis_ip_example_i/clk_wiz_0/inst/clkout1_buf/O
    X0Y1 (CLOCK_ROOT)    net (fo=313, routed)         2.014     3.954    dma_axis_ip_example_i/proc_sys_reset_0/U0/slowest_sync_clk
    SLICE_X11Y73         FDRE                                         r  dma_axis_ip_example_i/proc_sys_reset_0/U0/PR_OUT_DFF[0].FDRE_PER/C
  -------------------------------------------------------------------    -------------------
    SLICE_X11Y73         FDRE (Prop_EFF_SLICEL_C_Q)
                                                      0.079     4.033 f  dma_axis_ip_example_i/proc_sys_reset_0/U0/PR_OUT_DFF[0].FDRE_PER/Q
                         net (fo=8, routed)           0.439     4.472    dma_axis_ip_example_i/i2s_transmitter_0/inst/I2S_TX_V1_0_SYS_INST/CDC_MRST_INST/src_arst
    SLICE_X8Y66          FDPE                                         f  dma_axis_ip_example_i/i2s_transmitter_0/inst/I2S_TX_V1_0_SYS_INST/CDC_MRST_INST/arststages_ff_reg[0]/PRE
  -------------------------------------------------------------------    -------------------

                         (clock clk_pl_0 rise edge)
                                                      0.000     0.000 r  
    PS8_X0Y0             PS8                          0.000     0.000 r  dma_axis_ip_example_i/zynq_ultra_ps_e_0/inst/PS8_i/PLCLK[0]
                         net (fo=1, routed)           0.135     0.135    dma_axis_ip_example_i/zynq_ultra_ps_e_0/inst/pl_clk_unbuffered[0]
    BUFG_PS_X0Y67        BUFG_PS (Prop_BUFG_PS_I_O)
                                                      0.025     0.160 r  dma_axis_ip_example_i/zynq_ultra_ps_e_0/inst/buffer_pl_clk_0.PL_CLK_0_BUFG/O
    X0Y1 (CLOCK_ROOT)    net (fo=5975, routed)        1.595     1.755    dma_axis_ip_example_i/i2s_transmitter_0/inst/I2S_TX_V1_0_SYS_INST/CDC_MRST_INST/dest_clk
    SLICE_X8Y66          FDPE                                         r  dma_axis_ip_example_i/i2s_transmitter_0/inst/I2S_TX_V1_0_SYS_INST/CDC_MRST_INST/arststages_ff_reg[0]/C

Slack:                    inf
  Source:                 dma_axis_ip_example_i/proc_sys_reset_0/U0/PR_OUT_DFF[0].FDRE_PER/C
                            (rising edge-triggered cell FDRE clocked by clk_out1_dma_axis_ip_example_clk_wiz_0_0  {rise@0.000ns fall@44.289ns period=88.577ns})
  Destination:            dma_axis_ip_example_i/i2s_transmitter_0/inst/I2S_TX_V1_0_SYS_INST/CDC_MRST_INST/arststages_ff_reg[1]/PRE
                            (recovery check against rising-edge clock clk_pl_0  {rise@0.000ns fall@5.000ns period=10.000ns})
  Path Group:             (none)
  Path Type:              Recovery (Max at Slow Process Corner)
  Data Path Delay:        0.518ns  (logic 0.079ns (15.247%)  route 0.439ns (84.753%))
  Logic Levels:           0  
  Clock Path Skew:        -2.200ns (DCD - SCD + CPR)
    Destination Clock Delay (DCD):    1.755ns
    Source Clock Delay      (SCD):    3.954ns
    Clock Pessimism Removal (CPR):    0.000ns
  Clock Uncertainty:      0.343ns  ((TSJ^2 + DJ^2)^1/2) / 2 + PE
    Total System Jitter     (TSJ):    0.071ns
    Discrete Jitter          (DJ):    0.300ns
    Phase Error              (PE):    0.190ns
  Clock Net Delay (Source):      2.014ns (routing 0.970ns, distribution 1.044ns)
  Clock Net Delay (Destination): 1.595ns (routing 0.683ns, distribution 0.912ns)
  Timing Exception:       False Path

    Location             Delay type                Incr(ns)  Path(ns)    Netlist Resource(s)
  -------------------------------------------------------------------    -------------------
                         (clock clk_out1_dma_axis_ip_example_clk_wiz_0_0 rise edge)
                                                      0.000     0.000 r  
    BUFG_PS_X0Y67        BUFG_PS                      0.000     0.000 r  dma_axis_ip_example_i/zynq_ultra_ps_e_0/inst/buffer_pl_clk_0.PL_CLK_0_BUFG/O
                         net (fo=5975, routed)        1.794     1.794    dma_axis_ip_example_i/clk_wiz_0/inst/clk_in1
    MMCM_X0Y2            MMCME4_ADV (Prop_MMCM_CLKIN1_CLKOUT0)
                                                     -0.127     1.667 r  dma_axis_ip_example_i/clk_wiz_0/inst/mmcme4_adv_inst/CLKOUT0
                         net (fo=1, routed)           0.245     1.912    dma_axis_ip_example_i/clk_wiz_0/inst/clk_out1_dma_axis_ip_example_clk_wiz_0_0
    BUFGCE_X0Y66         BUFGCE (Prop_BUFCE_BUFGCE_I_O)
                                                      0.028     1.940 r  dma_axis_ip_example_i/clk_wiz_0/inst/clkout1_buf/O
    X0Y1 (CLOCK_ROOT)    net (fo=313, routed)         2.014     3.954    dma_axis_ip_example_i/proc_sys_reset_0/U0/slowest_sync_clk
    SLICE_X11Y73         FDRE                                         r  dma_axis_ip_example_i/proc_sys_reset_0/U0/PR_OUT_DFF[0].FDRE_PER/C
  -------------------------------------------------------------------    -------------------
    SLICE_X11Y73         FDRE (Prop_EFF_SLICEL_C_Q)
                                                      0.079     4.033 f  dma_axis_ip_example_i/proc_sys_reset_0/U0/PR_OUT_DFF[0].FDRE_PER/Q
                         net (fo=8, routed)           0.439     4.472    dma_axis_ip_example_i/i2s_transmitter_0/inst/I2S_TX_V1_0_SYS_INST/CDC_MRST_INST/src_arst
    SLICE_X8Y66          FDPE                                         f  dma_axis_ip_example_i/i2s_transmitter_0/inst/I2S_TX_V1_0_SYS_INST/CDC_MRST_INST/arststages_ff_reg[1]/PRE
  -------------------------------------------------------------------    -------------------

                         (clock clk_pl_0 rise edge)
                                                      0.000     0.000 r  
    PS8_X0Y0             PS8                          0.000     0.000 r  dma_axis_ip_example_i/zynq_ultra_ps_e_0/inst/PS8_i/PLCLK[0]
                         net (fo=1, routed)           0.135     0.135    dma_axis_ip_example_i/zynq_ultra_ps_e_0/inst/pl_clk_unbuffered[0]
    BUFG_PS_X0Y67        BUFG_PS (Prop_BUFG_PS_I_O)
                                                      0.025     0.160 r  dma_axis_ip_example_i/zynq_ultra_ps_e_0/inst/buffer_pl_clk_0.PL_CLK_0_BUFG/O
    X0Y1 (CLOCK_ROOT)    net (fo=5975, routed)        1.595     1.755    dma_axis_ip_example_i/i2s_transmitter_0/inst/I2S_TX_V1_0_SYS_INST/CDC_MRST_INST/dest_clk
    SLICE_X8Y66          FDPE                                         r  dma_axis_ip_example_i/i2s_transmitter_0/inst/I2S_TX_V1_0_SYS_INST/CDC_MRST_INST/arststages_ff_reg[1]/C

Slack:                    inf
  Source:                 dma_axis_ip_example_i/i2s_transmitter_0/inst/I2S_TX_V1_0_SYS_INST/CDC_AUDUFLOW_INST/src_level_ff_reg/C
                            (rising edge-triggered cell FDRE clocked by clk_out1_dma_axis_ip_example_clk_wiz_0_0  {rise@0.000ns fall@44.289ns period=88.577ns})
  Destination:            dma_axis_ip_example_i/i2s_transmitter_0/inst/I2S_TX_V1_0_SYS_INST/CDC_AUDUFLOW_INST/xpm_cdc_single_inst/syncstages_ff_reg[0]/D
                            (rising edge-triggered cell FDRE clocked by clk_pl_0  {rise@0.000ns fall@5.000ns period=10.000ns})
  Path Group:             (none)
  Path Type:              Setup (Max at Slow Process Corner)
  Data Path Delay:        0.414ns  (logic 0.078ns (18.854%)  route 0.336ns (81.146%))
  Logic Levels:           0  
  Clock Path Skew:        -2.188ns (DCD - SCD + CPR)
    Destination Clock Delay (DCD):    1.766ns
    Source Clock Delay      (SCD):    3.954ns
    Clock Pessimism Removal (CPR):    0.000ns
  Clock Uncertainty:      0.343ns  ((TSJ^2 + DJ^2)^1/2) / 2 + PE
    Total System Jitter     (TSJ):    0.071ns
    Discrete Jitter          (DJ):    0.300ns
    Phase Error              (PE):    0.190ns
  Clock Net Delay (Source):      2.014ns (routing 0.970ns, distribution 1.044ns)
  Clock Net Delay (Destination): 1.606ns (routing 0.683ns, distribution 0.923ns)
  Timing Exception:       False Path

    Location             Delay type                Incr(ns)  Path(ns)    Netlist Resource(s)
  -------------------------------------------------------------------    -------------------
                         (clock clk_out1_dma_axis_ip_example_clk_wiz_0_0 rise edge)
                                                      0.000     0.000 r  
    BUFG_PS_X0Y67        BUFG_PS                      0.000     0.000 r  dma_axis_ip_example_i/zynq_ultra_ps_e_0/inst/buffer_pl_clk_0.PL_CLK_0_BUFG/O
                         net (fo=5975, routed)        1.794     1.794    dma_axis_ip_example_i/clk_wiz_0/inst/clk_in1
    MMCM_X0Y2            MMCME4_ADV (Prop_MMCM_CLKIN1_CLKOUT0)
                                                     -0.127     1.667 r  dma_axis_ip_example_i/clk_wiz_0/inst/mmcme4_adv_inst/CLKOUT0
                         net (fo=1, routed)           0.245     1.912    dma_axis_ip_example_i/clk_wiz_0/inst/clk_out1_dma_axis_ip_example_clk_wiz_0_0
    BUFGCE_X0Y66         BUFGCE (Prop_BUFCE_BUFGCE_I_O)
                                                      0.028     1.940 r  dma_axis_ip_example_i/clk_wiz_0/inst/clkout1_buf/O
    X0Y1 (CLOCK_ROOT)    net (fo=313, routed)         2.014     3.954    dma_axis_ip_example_i/i2s_transmitter_0/inst/I2S_TX_V1_0_SYS_INST/CDC_AUDUFLOW_INST/src_clk
    SLICE_X9Y64          FDRE                                         r  dma_axis_ip_example_i/i2s_transmitter_0/inst/I2S_TX_V1_0_SYS_INST/CDC_AUDUFLOW_INST/src_level_ff_reg/C
  -------------------------------------------------------------------    -------------------
    SLICE_X9Y64          FDRE (Prop_HFF2_SLICEM_C_Q)
                                                      0.078     4.032 r  dma_axis_ip_example_i/i2s_transmitter_0/inst/I2S_TX_V1_0_SYS_INST/CDC_AUDUFLOW_INST/src_level_ff_reg/Q
                         net (fo=2, routed)           0.336     4.368    dma_axis_ip_example_i/i2s_transmitter_0/inst/I2S_TX_V1_0_SYS_INST/CDC_AUDUFLOW_INST/xpm_cdc_single_inst/src_in
    SLICE_X9Y62          FDRE                                         r  dma_axis_ip_example_i/i2s_transmitter_0/inst/I2S_TX_V1_0_SYS_INST/CDC_AUDUFLOW_INST/xpm_cdc_single_inst/syncstages_ff_reg[0]/D
  -------------------------------------------------------------------    -------------------

                         (clock clk_pl_0 rise edge)
                                                      0.000     0.000 r  
    PS8_X0Y0             PS8                          0.000     0.000 r  dma_axis_ip_example_i/zynq_ultra_ps_e_0/inst/PS8_i/PLCLK[0]
                         net (fo=1, routed)           0.135     0.135    dma_axis_ip_example_i/zynq_ultra_ps_e_0/inst/pl_clk_unbuffered[0]
    BUFG_PS_X0Y67        BUFG_PS (Prop_BUFG_PS_I_O)
                                                      0.025     0.160 r  dma_axis_ip_example_i/zynq_ultra_ps_e_0/inst/buffer_pl_clk_0.PL_CLK_0_BUFG/O
    X0Y1 (CLOCK_ROOT)    net (fo=5975, routed)        1.606     1.766    dma_axis_ip_example_i/i2s_transmitter_0/inst/I2S_TX_V1_0_SYS_INST/CDC_AUDUFLOW_INST/xpm_cdc_single_inst/dest_clk
    SLICE_X9Y62          FDRE                                         r  dma_axis_ip_example_i/i2s_transmitter_0/inst/I2S_TX_V1_0_SYS_INST/CDC_AUDUFLOW_INST/xpm_cdc_single_inst/syncstages_ff_reg[0]/C





Min Delay Paths
--------------------------------------------------------------------------------------
Slack:                    inf
  Source:                 dma_axis_ip_example_i/i2s_transmitter_0/inst/I2S_TX_V1_0_SYS_INST/AXIS_FIFO_INST/xpm_fifo_async_inst/gnuram_async_fifo.xpm_fifo_base_inst/gen_cdc_pntr.rd_pntr_cdc_inst/src_gray_ff_reg[3]/C
                            (rising edge-triggered cell FDRE clocked by clk_out1_dma_axis_ip_example_clk_wiz_0_0  {rise@0.000ns fall@44.289ns period=88.577ns})
  Destination:            dma_axis_ip_example_i/i2s_transmitter_0/inst/I2S_TX_V1_0_SYS_INST/AXIS_FIFO_INST/xpm_fifo_async_inst/gnuram_async_fifo.xpm_fifo_base_inst/gen_cdc_pntr.rd_pntr_cdc_inst/dest_graysync_ff_reg[0][3]/D
                            (rising edge-triggered cell FDRE clocked by clk_pl_0  {rise@0.000ns fall@5.000ns period=10.000ns})
  Path Group:             (none)
  Path Type:              Hold (Min at Fast Process Corner)
  Data Path Delay:        0.103ns  (logic 0.039ns (37.864%)  route 0.064ns (62.136%))
  Logic Levels:           0  
  Clock Path Skew:        -1.224ns (DCD - SCD - CPR)
    Destination Clock Delay (DCD):    1.259ns
    Source Clock Delay      (SCD):    2.483ns
    Clock Pessimism Removal (CPR):    -0.000ns
  Clock Uncertainty:      0.343ns  ((TSJ^2 + DJ^2)^1/2) / 2 + PE
    Total System Jitter     (TSJ):    0.071ns
    Discrete Jitter          (DJ):    0.300ns
    Phase Error              (PE):    0.190ns
  Clock Net Delay (Source):      1.111ns (routing 0.529ns, distribution 0.582ns)
  Clock Net Delay (Destination): 1.121ns (routing 0.459ns, distribution 0.662ns)
  Timing Exception:       False Path

    Location             Delay type                Incr(ns)  Path(ns)    Netlist Resource(s)
  -------------------------------------------------------------------    -------------------
                         (clock clk_out1_dma_axis_ip_example_clk_wiz_0_0 rise edge)
                                                      0.000     0.000 r  
    BUFG_PS_X0Y67        BUFG_PS                      0.000     0.000 r  dma_axis_ip_example_i/zynq_ultra_ps_e_0/inst/buffer_pl_clk_0.PL_CLK_0_BUFG/O
                         net (fo=5975, routed)        0.979     0.979    dma_axis_ip_example_i/clk_wiz_0/inst/clk_in1
    MMCM_X0Y2            MMCME4_ADV (Prop_MMCM_CLKIN1_CLKOUT0)
                                                      0.230     1.209 r  dma_axis_ip_example_i/clk_wiz_0/inst/mmcme4_adv_inst/CLKOUT0
                         net (fo=1, routed)           0.146     1.355    dma_axis_ip_example_i/clk_wiz_0/inst/clk_out1_dma_axis_ip_example_clk_wiz_0_0
    BUFGCE_X0Y66         BUFGCE (Prop_BUFCE_BUFGCE_I_O)
                                                      0.017     1.372 r  dma_axis_ip_example_i/clk_wiz_0/inst/clkout1_buf/O
    X0Y1 (CLOCK_ROOT)    net (fo=313, routed)         1.111     2.483    dma_axis_ip_example_i/i2s_transmitter_0/inst/I2S_TX_V1_0_SYS_INST/AXIS_FIFO_INST/xpm_fifo_async_inst/gnuram_async_fifo.xpm_fifo_base_inst/gen_cdc_pntr.rd_pntr_cdc_inst/src_clk
    SLICE_X5Y68          FDRE                                         r  dma_axis_ip_example_i/i2s_transmitter_0/inst/I2S_TX_V1_0_SYS_INST/AXIS_FIFO_INST/xpm_fifo_async_inst/gnuram_async_fifo.xpm_fifo_base_inst/gen_cdc_pntr.rd_pntr_cdc_inst/src_gray_ff_reg[3]/C
  -------------------------------------------------------------------    -------------------
    SLICE_X5Y68          FDRE (Prop_HFF2_SLICEM_C_Q)
                                                      0.039     2.522 r  dma_axis_ip_example_i/i2s_transmitter_0/inst/I2S_TX_V1_0_SYS_INST/AXIS_FIFO_INST/xpm_fifo_async_inst/gnuram_async_fifo.xpm_fifo_base_inst/gen_cdc_pntr.rd_pntr_cdc_inst/src_gray_ff_reg[3]/Q
                         net (fo=1, routed)           0.064     2.586    dma_axis_ip_example_i/i2s_transmitter_0/inst/I2S_TX_V1_0_SYS_INST/AXIS_FIFO_INST/xpm_fifo_async_inst/gnuram_async_fifo.xpm_fifo_base_inst/gen_cdc_pntr.rd_pntr_cdc_inst/async_path[3]
    SLICE_X5Y69          FDRE                                         r  dma_axis_ip_example_i/i2s_transmitter_0/inst/I2S_TX_V1_0_SYS_INST/AXIS_FIFO_INST/xpm_fifo_async_inst/gnuram_async_fifo.xpm_fifo_base_inst/gen_cdc_pntr.rd_pntr_cdc_inst/dest_graysync_ff_reg[0][3]/D
  -------------------------------------------------------------------    -------------------

                         (clock clk_pl_0 rise edge)
                                                      0.000     0.000 r  
    PS8_X0Y0             PS8                          0.000     0.000 r  dma_axis_ip_example_i/zynq_ultra_ps_e_0/inst/PS8_i/PLCLK[0]
                         net (fo=1, routed)           0.120     0.120    dma_axis_ip_example_i/zynq_ultra_ps_e_0/inst/pl_clk_unbuffered[0]
    BUFG_PS_X0Y67        BUFG_PS (Prop_BUFG_PS_I_O)
                                                      0.018     0.138 r  dma_axis_ip_example_i/zynq_ultra_ps_e_0/inst/buffer_pl_clk_0.PL_CLK_0_BUFG/O
    X0Y1 (CLOCK_ROOT)    net (fo=5975, routed)        1.121     1.259    dma_axis_ip_example_i/i2s_transmitter_0/inst/I2S_TX_V1_0_SYS_INST/AXIS_FIFO_INST/xpm_fifo_async_inst/gnuram_async_fifo.xpm_fifo_base_inst/gen_cdc_pntr.rd_pntr_cdc_inst/dest_clk
    SLICE_X5Y69          FDRE                                         r  dma_axis_ip_example_i/i2s_transmitter_0/inst/I2S_TX_V1_0_SYS_INST/AXIS_FIFO_INST/xpm_fifo_async_inst/gnuram_async_fifo.xpm_fifo_base_inst/gen_cdc_pntr.rd_pntr_cdc_inst/dest_graysync_ff_reg[0][3]/C

Slack:                    inf
  Source:                 dma_axis_ip_example_i/i2s_transmitter_0/inst/I2S_TX_V1_0_SYS_INST/AXIS_FIFO_INST/xpm_fifo_async_inst/gnuram_async_fifo.xpm_fifo_base_inst/gen_cdc_pntr.rd_pntr_cdc_inst/src_gray_ff_reg[4]/C
                            (rising edge-triggered cell FDRE clocked by clk_out1_dma_axis_ip_example_clk_wiz_0_0  {rise@0.000ns fall@44.289ns period=88.577ns})
  Destination:            dma_axis_ip_example_i/i2s_transmitter_0/inst/I2S_TX_V1_0_SYS_INST/AXIS_FIFO_INST/xpm_fifo_async_inst/gnuram_async_fifo.xpm_fifo_base_inst/gen_cdc_pntr.rd_pntr_cdc_inst/dest_graysync_ff_reg[0][4]/D
                            (rising edge-triggered cell FDRE clocked by clk_pl_0  {rise@0.000ns fall@5.000ns period=10.000ns})
  Path Group:             (none)
  Path Type:              Hold (Min at Fast Process Corner)
  Data Path Delay:        0.105ns  (logic 0.039ns (37.143%)  route 0.066ns (62.857%))
  Logic Levels:           0  
  Clock Path Skew:        -1.232ns (DCD - SCD - CPR)
    Destination Clock Delay (DCD):    1.251ns
    Source Clock Delay      (SCD):    2.483ns
    Clock Pessimism Removal (CPR):    -0.000ns
  Clock Uncertainty:      0.343ns  ((TSJ^2 + DJ^2)^1/2) / 2 + PE
    Total System Jitter     (TSJ):    0.071ns
    Discrete Jitter          (DJ):    0.300ns
    Phase Error              (PE):    0.190ns
  Clock Net Delay (Source):      1.111ns (routing 0.529ns, distribution 0.582ns)
  Clock Net Delay (Destination): 1.113ns (routing 0.459ns, distribution 0.654ns)
  Timing Exception:       False Path

    Location             Delay type                Incr(ns)  Path(ns)    Netlist Resource(s)
  -------------------------------------------------------------------    -------------------
                         (clock clk_out1_dma_axis_ip_example_clk_wiz_0_0 rise edge)
                                                      0.000     0.000 r  
    BUFG_PS_X0Y67        BUFG_PS                      0.000     0.000 r  dma_axis_ip_example_i/zynq_ultra_ps_e_0/inst/buffer_pl_clk_0.PL_CLK_0_BUFG/O
                         net (fo=5975, routed)        0.979     0.979    dma_axis_ip_example_i/clk_wiz_0/inst/clk_in1
    MMCM_X0Y2            MMCME4_ADV (Prop_MMCM_CLKIN1_CLKOUT0)
                                                      0.230     1.209 r  dma_axis_ip_example_i/clk_wiz_0/inst/mmcme4_adv_inst/CLKOUT0
                         net (fo=1, routed)           0.146     1.355    dma_axis_ip_example_i/clk_wiz_0/inst/clk_out1_dma_axis_ip_example_clk_wiz_0_0
    BUFGCE_X0Y66         BUFGCE (Prop_BUFCE_BUFGCE_I_O)
                                                      0.017     1.372 r  dma_axis_ip_example_i/clk_wiz_0/inst/clkout1_buf/O
    X0Y1 (CLOCK_ROOT)    net (fo=313, routed)         1.111     2.483    dma_axis_ip_example_i/i2s_transmitter_0/inst/I2S_TX_V1_0_SYS_INST/AXIS_FIFO_INST/xpm_fifo_async_inst/gnuram_async_fifo.xpm_fifo_base_inst/gen_cdc_pntr.rd_pntr_cdc_inst/src_clk
    SLICE_X5Y68          FDRE                                         r  dma_axis_ip_example_i/i2s_transmitter_0/inst/I2S_TX_V1_0_SYS_INST/AXIS_FIFO_INST/xpm_fifo_async_inst/gnuram_async_fifo.xpm_fifo_base_inst/gen_cdc_pntr.rd_pntr_cdc_inst/src_gray_ff_reg[4]/C
  -------------------------------------------------------------------    -------------------
    SLICE_X5Y68          FDRE (Prop_GFF_SLICEM_C_Q)
                                                      0.039     2.522 r  dma_axis_ip_example_i/i2s_transmitter_0/inst/I2S_TX_V1_0_SYS_INST/AXIS_FIFO_INST/xpm_fifo_async_inst/gnuram_async_fifo.xpm_fifo_base_inst/gen_cdc_pntr.rd_pntr_cdc_inst/src_gray_ff_reg[4]/Q
                         net (fo=1, routed)           0.066     2.588    dma_axis_ip_example_i/i2s_transmitter_0/inst/I2S_TX_V1_0_SYS_INST/AXIS_FIFO_INST/xpm_fifo_async_inst/gnuram_async_fifo.xpm_fifo_base_inst/gen_cdc_pntr.rd_pntr_cdc_inst/async_path[4]
    SLICE_X5Y68          FDRE                                         r  dma_axis_ip_example_i/i2s_transmitter_0/inst/I2S_TX_V1_0_SYS_INST/AXIS_FIFO_INST/xpm_fifo_async_inst/gnuram_async_fifo.xpm_fifo_base_inst/gen_cdc_pntr.rd_pntr_cdc_inst/dest_graysync_ff_reg[0][4]/D
  -------------------------------------------------------------------    -------------------

                         (clock clk_pl_0 rise edge)
                                                      0.000     0.000 r  
    PS8_X0Y0             PS8                          0.000     0.000 r  dma_axis_ip_example_i/zynq_ultra_ps_e_0/inst/PS8_i/PLCLK[0]
                         net (fo=1, routed)           0.120     0.120    dma_axis_ip_example_i/zynq_ultra_ps_e_0/inst/pl_clk_unbuffered[0]
    BUFG_PS_X0Y67        BUFG_PS (Prop_BUFG_PS_I_O)
                                                      0.018     0.138 r  dma_axis_ip_example_i/zynq_ultra_ps_e_0/inst/buffer_pl_clk_0.PL_CLK_0_BUFG/O
    X0Y1 (CLOCK_ROOT)    net (fo=5975, routed)        1.113     1.251    dma_axis_ip_example_i/i2s_transmitter_0/inst/I2S_TX_V1_0_SYS_INST/AXIS_FIFO_INST/xpm_fifo_async_inst/gnuram_async_fifo.xpm_fifo_base_inst/gen_cdc_pntr.rd_pntr_cdc_inst/dest_clk
    SLICE_X5Y68          FDRE                                         r  dma_axis_ip_example_i/i2s_transmitter_0/inst/I2S_TX_V1_0_SYS_INST/AXIS_FIFO_INST/xpm_fifo_async_inst/gnuram_async_fifo.xpm_fifo_base_inst/gen_cdc_pntr.rd_pntr_cdc_inst/dest_graysync_ff_reg[0][4]/C

Slack:                    inf
  Source:                 dma_axis_ip_example_i/i2s_transmitter_0/inst/I2S_TX_V1_0_SYS_INST/AXIS_FIFO_INST/xpm_fifo_async_inst/gnuram_async_fifo.xpm_fifo_base_inst/gen_cdc_pntr.rd_pntr_cdc_inst/src_gray_ff_reg[1]/C
                            (rising edge-triggered cell FDRE clocked by clk_out1_dma_axis_ip_example_clk_wiz_0_0  {rise@0.000ns fall@44.289ns period=88.577ns})
  Destination:            dma_axis_ip_example_i/i2s_transmitter_0/inst/I2S_TX_V1_0_SYS_INST/AXIS_FIFO_INST/xpm_fifo_async_inst/gnuram_async_fifo.xpm_fifo_base_inst/gen_cdc_pntr.rd_pntr_cdc_inst/dest_graysync_ff_reg[0][1]/D
                            (rising edge-triggered cell FDRE clocked by clk_pl_0  {rise@0.000ns fall@5.000ns period=10.000ns})
  Path Group:             (none)
  Path Type:              Hold (Min at Fast Process Corner)
  Data Path Delay:        0.116ns  (logic 0.039ns (33.621%)  route 0.077ns (66.379%))
  Logic Levels:           0  
  Clock Path Skew:        -1.220ns (DCD - SCD - CPR)
    Destination Clock Delay (DCD):    1.254ns
    Source Clock Delay      (SCD):    2.474ns
    Clock Pessimism Removal (CPR):    -0.000ns
  Clock Uncertainty:      0.343ns  ((TSJ^2 + DJ^2)^1/2) / 2 + PE
    Total System Jitter     (TSJ):    0.071ns
    Discrete Jitter          (DJ):    0.300ns
    Phase Error              (PE):    0.190ns
  Clock Net Delay (Source):      1.102ns (routing 0.529ns, distribution 0.573ns)
  Clock Net Delay (Destination): 1.116ns (routing 0.459ns, distribution 0.657ns)
  Timing Exception:       False Path

    Location             Delay type                Incr(ns)  Path(ns)    Netlist Resource(s)
  -------------------------------------------------------------------    -------------------
                         (clock clk_out1_dma_axis_ip_example_clk_wiz_0_0 rise edge)
                                                      0.000     0.000 r  
    BUFG_PS_X0Y67        BUFG_PS                      0.000     0.000 r  dma_axis_ip_example_i/zynq_ultra_ps_e_0/inst/buffer_pl_clk_0.PL_CLK_0_BUFG/O
                         net (fo=5975, routed)        0.979     0.979    dma_axis_ip_example_i/clk_wiz_0/inst/clk_in1
    MMCM_X0Y2            MMCME4_ADV (Prop_MMCM_CLKIN1_CLKOUT0)
                                                      0.230     1.209 r  dma_axis_ip_example_i/clk_wiz_0/inst/mmcme4_adv_inst/CLKOUT0
                         net (fo=1, routed)           0.146     1.355    dma_axis_ip_example_i/clk_wiz_0/inst/clk_out1_dma_axis_ip_example_clk_wiz_0_0
    BUFGCE_X0Y66         BUFGCE (Prop_BUFCE_BUFGCE_I_O)
                                                      0.017     1.372 r  dma_axis_ip_example_i/clk_wiz_0/inst/clkout1_buf/O
    X0Y1 (CLOCK_ROOT)    net (fo=313, routed)         1.102     2.474    dma_axis_ip_example_i/i2s_transmitter_0/inst/I2S_TX_V1_0_SYS_INST/AXIS_FIFO_INST/xpm_fifo_async_inst/gnuram_async_fifo.xpm_fifo_base_inst/gen_cdc_pntr.rd_pntr_cdc_inst/src_clk
    SLICE_X6Y69          FDRE                                         r  dma_axis_ip_example_i/i2s_transmitter_0/inst/I2S_TX_V1_0_SYS_INST/AXIS_FIFO_INST/xpm_fifo_async_inst/gnuram_async_fifo.xpm_fifo_base_inst/gen_cdc_pntr.rd_pntr_cdc_inst/src_gray_ff_reg[1]/C
  -------------------------------------------------------------------    -------------------
    SLICE_X6Y69          FDRE (Prop_HFF2_SLICEL_C_Q)
                                                      0.039     2.513 r  dma_axis_ip_example_i/i2s_transmitter_0/inst/I2S_TX_V1_0_SYS_INST/AXIS_FIFO_INST/xpm_fifo_async_inst/gnuram_async_fifo.xpm_fifo_base_inst/gen_cdc_pntr.rd_pntr_cdc_inst/src_gray_ff_reg[1]/Q
                         net (fo=1, routed)           0.077     2.590    dma_axis_ip_example_i/i2s_transmitter_0/inst/I2S_TX_V1_0_SYS_INST/AXIS_FIFO_INST/xpm_fifo_async_inst/gnuram_async_fifo.xpm_fifo_base_inst/gen_cdc_pntr.rd_pntr_cdc_inst/async_path[1]
    SLICE_X6Y69          FDRE                                         r  dma_axis_ip_example_i/i2s_transmitter_0/inst/I2S_TX_V1_0_SYS_INST/AXIS_FIFO_INST/xpm_fifo_async_inst/gnuram_async_fifo.xpm_fifo_base_inst/gen_cdc_pntr.rd_pntr_cdc_inst/dest_graysync_ff_reg[0][1]/D
  -------------------------------------------------------------------    -------------------

                         (clock clk_pl_0 rise edge)
                                                      0.000     0.000 r  
    PS8_X0Y0             PS8                          0.000     0.000 r  dma_axis_ip_example_i/zynq_ultra_ps_e_0/inst/PS8_i/PLCLK[0]
                         net (fo=1, routed)           0.120     0.120    dma_axis_ip_example_i/zynq_ultra_ps_e_0/inst/pl_clk_unbuffered[0]
    BUFG_PS_X0Y67        BUFG_PS (Prop_BUFG_PS_I_O)
                                                      0.018     0.138 r  dma_axis_ip_example_i/zynq_ultra_ps_e_0/inst/buffer_pl_clk_0.PL_CLK_0_BUFG/O
    X0Y1 (CLOCK_ROOT)    net (fo=5975, routed)        1.116     1.254    dma_axis_ip_example_i/i2s_transmitter_0/inst/I2S_TX_V1_0_SYS_INST/AXIS_FIFO_INST/xpm_fifo_async_inst/gnuram_async_fifo.xpm_fifo_base_inst/gen_cdc_pntr.rd_pntr_cdc_inst/dest_clk
    SLICE_X6Y69          FDRE                                         r  dma_axis_ip_example_i/i2s_transmitter_0/inst/I2S_TX_V1_0_SYS_INST/AXIS_FIFO_INST/xpm_fifo_async_inst/gnuram_async_fifo.xpm_fifo_base_inst/gen_cdc_pntr.rd_pntr_cdc_inst/dest_graysync_ff_reg[0][1]/C

Slack:                    inf
  Source:                 dma_axis_ip_example_i/i2s_transmitter_0/inst/I2S_TX_V1_0_SYS_INST/AXIS_FIFO_INST/xpm_fifo_async_inst/gnuram_async_fifo.xpm_fifo_base_inst/gen_cdc_pntr.rd_pntr_cdc_inst/src_gray_ff_reg[6]/C
                            (rising edge-triggered cell FDRE clocked by clk_out1_dma_axis_ip_example_clk_wiz_0_0  {rise@0.000ns fall@44.289ns period=88.577ns})
  Destination:            dma_axis_ip_example_i/i2s_transmitter_0/inst/I2S_TX_V1_0_SYS_INST/AXIS_FIFO_INST/xpm_fifo_async_inst/gnuram_async_fifo.xpm_fifo_base_inst/gen_cdc_pntr.rd_pntr_cdc_inst/dest_graysync_ff_reg[0][6]/D
                            (rising edge-triggered cell FDRE clocked by clk_pl_0  {rise@0.000ns fall@5.000ns period=10.000ns})
  Path Group:             (none)
  Path Type:              Hold (Min at Fast Process Corner)
  Data Path Delay:        0.124ns  (logic 0.039ns (31.452%)  route 0.085ns (68.548%))
  Logic Levels:           0  
  Clock Path Skew:        -1.221ns (DCD - SCD - CPR)
    Destination Clock Delay (DCD):    1.253ns
    Source Clock Delay      (SCD):    2.474ns
    Clock Pessimism Removal (CPR):    -0.000ns
  Clock Uncertainty:      0.343ns  ((TSJ^2 + DJ^2)^1/2) / 2 + PE
    Total System Jitter     (TSJ):    0.071ns
    Discrete Jitter          (DJ):    0.300ns
    Phase Error              (PE):    0.190ns
  Clock Net Delay (Source):      1.102ns (routing 0.529ns, distribution 0.573ns)
  Clock Net Delay (Destination): 1.115ns (routing 0.459ns, distribution 0.656ns)
  Timing Exception:       False Path

    Location             Delay type                Incr(ns)  Path(ns)    Netlist Resource(s)
  -------------------------------------------------------------------    -------------------
                         (clock clk_out1_dma_axis_ip_example_clk_wiz_0_0 rise edge)
                                                      0.000     0.000 r  
    BUFG_PS_X0Y67        BUFG_PS                      0.000     0.000 r  dma_axis_ip_example_i/zynq_ultra_ps_e_0/inst/buffer_pl_clk_0.PL_CLK_0_BUFG/O
                         net (fo=5975, routed)        0.979     0.979    dma_axis_ip_example_i/clk_wiz_0/inst/clk_in1
    MMCM_X0Y2            MMCME4_ADV (Prop_MMCM_CLKIN1_CLKOUT0)
                                                      0.230     1.209 r  dma_axis_ip_example_i/clk_wiz_0/inst/mmcme4_adv_inst/CLKOUT0
                         net (fo=1, routed)           0.146     1.355    dma_axis_ip_example_i/clk_wiz_0/inst/clk_out1_dma_axis_ip_example_clk_wiz_0_0
    BUFGCE_X0Y66         BUFGCE (Prop_BUFCE_BUFGCE_I_O)
                                                      0.017     1.372 r  dma_axis_ip_example_i/clk_wiz_0/inst/clkout1_buf/O
    X0Y1 (CLOCK_ROOT)    net (fo=313, routed)         1.102     2.474    dma_axis_ip_example_i/i2s_transmitter_0/inst/I2S_TX_V1_0_SYS_INST/AXIS_FIFO_INST/xpm_fifo_async_inst/gnuram_async_fifo.xpm_fifo_base_inst/gen_cdc_pntr.rd_pntr_cdc_inst/src_clk
    SLICE_X6Y69          FDRE                                         r  dma_axis_ip_example_i/i2s_transmitter_0/inst/I2S_TX_V1_0_SYS_INST/AXIS_FIFO_INST/xpm_fifo_async_inst/gnuram_async_fifo.xpm_fifo_base_inst/gen_cdc_pntr.rd_pntr_cdc_inst/src_gray_ff_reg[6]/C
  -------------------------------------------------------------------    -------------------
    SLICE_X6Y69          FDRE (Prop_EFF_SLICEL_C_Q)
                                                      0.039     2.513 r  dma_axis_ip_example_i/i2s_transmitter_0/inst/I2S_TX_V1_0_SYS_INST/AXIS_FIFO_INST/xpm_fifo_async_inst/gnuram_async_fifo.xpm_fifo_base_inst/gen_cdc_pntr.rd_pntr_cdc_inst/src_gray_ff_reg[6]/Q
                         net (fo=1, routed)           0.085     2.598    dma_axis_ip_example_i/i2s_transmitter_0/inst/I2S_TX_V1_0_SYS_INST/AXIS_FIFO_INST/xpm_fifo_async_inst/gnuram_async_fifo.xpm_fifo_base_inst/gen_cdc_pntr.rd_pntr_cdc_inst/async_path[6]
    SLICE_X6Y71          FDRE                                         r  dma_axis_ip_example_i/i2s_transmitter_0/inst/I2S_TX_V1_0_SYS_INST/AXIS_FIFO_INST/xpm_fifo_async_inst/gnuram_async_fifo.xpm_fifo_base_inst/gen_cdc_pntr.rd_pntr_cdc_inst/dest_graysync_ff_reg[0][6]/D
  -------------------------------------------------------------------    -------------------

                         (clock clk_pl_0 rise edge)
                                                      0.000     0.000 r  
    PS8_X0Y0             PS8                          0.000     0.000 r  dma_axis_ip_example_i/zynq_ultra_ps_e_0/inst/PS8_i/PLCLK[0]
                         net (fo=1, routed)           0.120     0.120    dma_axis_ip_example_i/zynq_ultra_ps_e_0/inst/pl_clk_unbuffered[0]
    BUFG_PS_X0Y67        BUFG_PS (Prop_BUFG_PS_I_O)
                                                      0.018     0.138 r  dma_axis_ip_example_i/zynq_ultra_ps_e_0/inst/buffer_pl_clk_0.PL_CLK_0_BUFG/O
    X0Y1 (CLOCK_ROOT)    net (fo=5975, routed)        1.115     1.253    dma_axis_ip_example_i/i2s_transmitter_0/inst/I2S_TX_V1_0_SYS_INST/AXIS_FIFO_INST/xpm_fifo_async_inst/gnuram_async_fifo.xpm_fifo_base_inst/gen_cdc_pntr.rd_pntr_cdc_inst/dest_clk
    SLICE_X6Y71          FDRE                                         r  dma_axis_ip_example_i/i2s_transmitter_0/inst/I2S_TX_V1_0_SYS_INST/AXIS_FIFO_INST/xpm_fifo_async_inst/gnuram_async_fifo.xpm_fifo_base_inst/gen_cdc_pntr.rd_pntr_cdc_inst/dest_graysync_ff_reg[0][6]/C

Slack:                    inf
  Source:                 dma_axis_ip_example_i/i2s_transmitter_0/inst/I2S_TX_V1_0_SYS_INST/AXIS_FIFO_INST/xpm_fifo_async_inst/gnuram_async_fifo.xpm_fifo_base_inst/gen_cdc_pntr.rd_pntr_cdc_inst/src_gray_ff_reg[2]/C
                            (rising edge-triggered cell FDRE clocked by clk_out1_dma_axis_ip_example_clk_wiz_0_0  {rise@0.000ns fall@44.289ns period=88.577ns})
  Destination:            dma_axis_ip_example_i/i2s_transmitter_0/inst/I2S_TX_V1_0_SYS_INST/AXIS_FIFO_INST/xpm_fifo_async_inst/gnuram_async_fifo.xpm_fifo_base_inst/gen_cdc_pntr.rd_pntr_cdc_inst/dest_graysync_ff_reg[0][2]/D
                            (rising edge-triggered cell FDRE clocked by clk_pl_0  {rise@0.000ns fall@5.000ns period=10.000ns})
  Path Group:             (none)
  Path Type:              Hold (Min at Fast Process Corner)
  Data Path Delay:        0.126ns  (logic 0.039ns (30.952%)  route 0.087ns (69.048%))
  Logic Levels:           0  
  Clock Path Skew:        -1.224ns (DCD - SCD - CPR)
    Destination Clock Delay (DCD):    1.259ns
    Source Clock Delay      (SCD):    2.483ns
    Clock Pessimism Removal (CPR):    -0.000ns
  Clock Uncertainty:      0.343ns  ((TSJ^2 + DJ^2)^1/2) / 2 + PE
    Total System Jitter     (TSJ):    0.071ns
    Discrete Jitter          (DJ):    0.300ns
    Phase Error              (PE):    0.190ns
  Clock Net Delay (Source):      1.111ns (routing 0.529ns, distribution 0.582ns)
  Clock Net Delay (Destination): 1.121ns (routing 0.459ns, distribution 0.662ns)
  Timing Exception:       False Path

    Location             Delay type                Incr(ns)  Path(ns)    Netlist Resource(s)
  -------------------------------------------------------------------    -------------------
                         (clock clk_out1_dma_axis_ip_example_clk_wiz_0_0 rise edge)
                                                      0.000     0.000 r  
    BUFG_PS_X0Y67        BUFG_PS                      0.000     0.000 r  dma_axis_ip_example_i/zynq_ultra_ps_e_0/inst/buffer_pl_clk_0.PL_CLK_0_BUFG/O
                         net (fo=5975, routed)        0.979     0.979    dma_axis_ip_example_i/clk_wiz_0/inst/clk_in1
    MMCM_X0Y2            MMCME4_ADV (Prop_MMCM_CLKIN1_CLKOUT0)
                                                      0.230     1.209 r  dma_axis_ip_example_i/clk_wiz_0/inst/mmcme4_adv_inst/CLKOUT0
                         net (fo=1, routed)           0.146     1.355    dma_axis_ip_example_i/clk_wiz_0/inst/clk_out1_dma_axis_ip_example_clk_wiz_0_0
    BUFGCE_X0Y66         BUFGCE (Prop_BUFCE_BUFGCE_I_O)
                                                      0.017     1.372 r  dma_axis_ip_example_i/clk_wiz_0/inst/clkout1_buf/O
    X0Y1 (CLOCK_ROOT)    net (fo=313, routed)         1.111     2.483    dma_axis_ip_example_i/i2s_transmitter_0/inst/I2S_TX_V1_0_SYS_INST/AXIS_FIFO_INST/xpm_fifo_async_inst/gnuram_async_fifo.xpm_fifo_base_inst/gen_cdc_pntr.rd_pntr_cdc_inst/src_clk
    SLICE_X5Y68          FDRE                                         r  dma_axis_ip_example_i/i2s_transmitter_0/inst/I2S_TX_V1_0_SYS_INST/AXIS_FIFO_INST/xpm_fifo_async_inst/gnuram_async_fifo.xpm_fifo_base_inst/gen_cdc_pntr.rd_pntr_cdc_inst/src_gray_ff_reg[2]/C
  -------------------------------------------------------------------    -------------------
    SLICE_X5Y68          FDRE (Prop_HFF_SLICEM_C_Q)
                                                      0.039     2.522 r  dma_axis_ip_example_i/i2s_transmitter_0/inst/I2S_TX_V1_0_SYS_INST/AXIS_FIFO_INST/xpm_fifo_async_inst/gnuram_async_fifo.xpm_fifo_base_inst/gen_cdc_pntr.rd_pntr_cdc_inst/src_gray_ff_reg[2]/Q
                         net (fo=1, routed)           0.087     2.609    dma_axis_ip_example_i/i2s_transmitter_0/inst/I2S_TX_V1_0_SYS_INST/AXIS_FIFO_INST/xpm_fifo_async_inst/gnuram_async_fifo.xpm_fifo_base_inst/gen_cdc_pntr.rd_pntr_cdc_inst/async_path[2]
    SLICE_X5Y69          FDRE                                         r  dma_axis_ip_example_i/i2s_transmitter_0/inst/I2S_TX_V1_0_SYS_INST/AXIS_FIFO_INST/xpm_fifo_async_inst/gnuram_async_fifo.xpm_fifo_base_inst/gen_cdc_pntr.rd_pntr_cdc_inst/dest_graysync_ff_reg[0][2]/D
  -------------------------------------------------------------------    -------------------

                         (clock clk_pl_0 rise edge)
                                                      0.000     0.000 r  
    PS8_X0Y0             PS8                          0.000     0.000 r  dma_axis_ip_example_i/zynq_ultra_ps_e_0/inst/PS8_i/PLCLK[0]
                         net (fo=1, routed)           0.120     0.120    dma_axis_ip_example_i/zynq_ultra_ps_e_0/inst/pl_clk_unbuffered[0]
    BUFG_PS_X0Y67        BUFG_PS (Prop_BUFG_PS_I_O)
                                                      0.018     0.138 r  dma_axis_ip_example_i/zynq_ultra_ps_e_0/inst/buffer_pl_clk_0.PL_CLK_0_BUFG/O
    X0Y1 (CLOCK_ROOT)    net (fo=5975, routed)        1.121     1.259    dma_axis_ip_example_i/i2s_transmitter_0/inst/I2S_TX_V1_0_SYS_INST/AXIS_FIFO_INST/xpm_fifo_async_inst/gnuram_async_fifo.xpm_fifo_base_inst/gen_cdc_pntr.rd_pntr_cdc_inst/dest_clk
    SLICE_X5Y69          FDRE                                         r  dma_axis_ip_example_i/i2s_transmitter_0/inst/I2S_TX_V1_0_SYS_INST/AXIS_FIFO_INST/xpm_fifo_async_inst/gnuram_async_fifo.xpm_fifo_base_inst/gen_cdc_pntr.rd_pntr_cdc_inst/dest_graysync_ff_reg[0][2]/C

Slack:                    inf
  Source:                 dma_axis_ip_example_i/i2s_transmitter_0/inst/I2S_TX_V1_0_SYS_INST/AXIS_FIFO_INST/xpm_fifo_async_inst/gnuram_async_fifo.xpm_fifo_base_inst/gen_cdc_pntr.rd_pntr_cdc_inst/src_gray_ff_reg[0]/C
                            (rising edge-triggered cell FDRE clocked by clk_out1_dma_axis_ip_example_clk_wiz_0_0  {rise@0.000ns fall@44.289ns period=88.577ns})
  Destination:            dma_axis_ip_example_i/i2s_transmitter_0/inst/I2S_TX_V1_0_SYS_INST/AXIS_FIFO_INST/xpm_fifo_async_inst/gnuram_async_fifo.xpm_fifo_base_inst/gen_cdc_pntr.rd_pntr_cdc_inst/dest_graysync_ff_reg[0][0]/D
                            (rising edge-triggered cell FDRE clocked by clk_pl_0  {rise@0.000ns fall@5.000ns period=10.000ns})
  Path Group:             (none)
  Path Type:              Hold (Min at Fast Process Corner)
  Data Path Delay:        0.141ns  (logic 0.039ns (27.660%)  route 0.102ns (72.340%))
  Logic Levels:           0  
  Clock Path Skew:        -1.220ns (DCD - SCD - CPR)
    Destination Clock Delay (DCD):    1.254ns
    Source Clock Delay      (SCD):    2.474ns
    Clock Pessimism Removal (CPR):    -0.000ns
  Clock Uncertainty:      0.343ns  ((TSJ^2 + DJ^2)^1/2) / 2 + PE
    Total System Jitter     (TSJ):    0.071ns
    Discrete Jitter          (DJ):    0.300ns
    Phase Error              (PE):    0.190ns
  Clock Net Delay (Source):      1.102ns (routing 0.529ns, distribution 0.573ns)
  Clock Net Delay (Destination): 1.116ns (routing 0.459ns, distribution 0.657ns)
  Timing Exception:       False Path

    Location             Delay type                Incr(ns)  Path(ns)    Netlist Resource(s)
  -------------------------------------------------------------------    -------------------
                         (clock clk_out1_dma_axis_ip_example_clk_wiz_0_0 rise edge)
                                                      0.000     0.000 r  
    BUFG_PS_X0Y67        BUFG_PS                      0.000     0.000 r  dma_axis_ip_example_i/zynq_ultra_ps_e_0/inst/buffer_pl_clk_0.PL_CLK_0_BUFG/O
                         net (fo=5975, routed)        0.979     0.979    dma_axis_ip_example_i/clk_wiz_0/inst/clk_in1
    MMCM_X0Y2            MMCME4_ADV (Prop_MMCM_CLKIN1_CLKOUT0)
                                                      0.230     1.209 r  dma_axis_ip_example_i/clk_wiz_0/inst/mmcme4_adv_inst/CLKOUT0
                         net (fo=1, routed)           0.146     1.355    dma_axis_ip_example_i/clk_wiz_0/inst/clk_out1_dma_axis_ip_example_clk_wiz_0_0
    BUFGCE_X0Y66         BUFGCE (Prop_BUFCE_BUFGCE_I_O)
                                                      0.017     1.372 r  dma_axis_ip_example_i/clk_wiz_0/inst/clkout1_buf/O
    X0Y1 (CLOCK_ROOT)    net (fo=313, routed)         1.102     2.474    dma_axis_ip_example_i/i2s_transmitter_0/inst/I2S_TX_V1_0_SYS_INST/AXIS_FIFO_INST/xpm_fifo_async_inst/gnuram_async_fifo.xpm_fifo_base_inst/gen_cdc_pntr.rd_pntr_cdc_inst/src_clk
    SLICE_X6Y69          FDRE                                         r  dma_axis_ip_example_i/i2s_transmitter_0/inst/I2S_TX_V1_0_SYS_INST/AXIS_FIFO_INST/xpm_fifo_async_inst/gnuram_async_fifo.xpm_fifo_base_inst/gen_cdc_pntr.rd_pntr_cdc_inst/src_gray_ff_reg[0]/C
  -------------------------------------------------------------------    -------------------
    SLICE_X6Y69          FDRE (Prop_HFF_SLICEL_C_Q)
                                                      0.039     2.513 r  dma_axis_ip_example_i/i2s_transmitter_0/inst/I2S_TX_V1_0_SYS_INST/AXIS_FIFO_INST/xpm_fifo_async_inst/gnuram_async_fifo.xpm_fifo_base_inst/gen_cdc_pntr.rd_pntr_cdc_inst/src_gray_ff_reg[0]/Q
                         net (fo=1, routed)           0.102     2.615    dma_axis_ip_example_i/i2s_transmitter_0/inst/I2S_TX_V1_0_SYS_INST/AXIS_FIFO_INST/xpm_fifo_async_inst/gnuram_async_fifo.xpm_fifo_base_inst/gen_cdc_pntr.rd_pntr_cdc_inst/async_path[0]
    SLICE_X6Y69          FDRE                                         r  dma_axis_ip_example_i/i2s_transmitter_0/inst/I2S_TX_V1_0_SYS_INST/AXIS_FIFO_INST/xpm_fifo_async_inst/gnuram_async_fifo.xpm_fifo_base_inst/gen_cdc_pntr.rd_pntr_cdc_inst/dest_graysync_ff_reg[0][0]/D
  -------------------------------------------------------------------    -------------------

                         (clock clk_pl_0 rise edge)
                                                      0.000     0.000 r  
    PS8_X0Y0             PS8                          0.000     0.000 r  dma_axis_ip_example_i/zynq_ultra_ps_e_0/inst/PS8_i/PLCLK[0]
                         net (fo=1, routed)           0.120     0.120    dma_axis_ip_example_i/zynq_ultra_ps_e_0/inst/pl_clk_unbuffered[0]
    BUFG_PS_X0Y67        BUFG_PS (Prop_BUFG_PS_I_O)
                                                      0.018     0.138 r  dma_axis_ip_example_i/zynq_ultra_ps_e_0/inst/buffer_pl_clk_0.PL_CLK_0_BUFG/O
    X0Y1 (CLOCK_ROOT)    net (fo=5975, routed)        1.116     1.254    dma_axis_ip_example_i/i2s_transmitter_0/inst/I2S_TX_V1_0_SYS_INST/AXIS_FIFO_INST/xpm_fifo_async_inst/gnuram_async_fifo.xpm_fifo_base_inst/gen_cdc_pntr.rd_pntr_cdc_inst/dest_clk
    SLICE_X6Y69          FDRE                                         r  dma_axis_ip_example_i/i2s_transmitter_0/inst/I2S_TX_V1_0_SYS_INST/AXIS_FIFO_INST/xpm_fifo_async_inst/gnuram_async_fifo.xpm_fifo_base_inst/gen_cdc_pntr.rd_pntr_cdc_inst/dest_graysync_ff_reg[0][0]/C

Slack:                    inf
  Source:                 dma_axis_ip_example_i/i2s_transmitter_0/inst/I2S_TX_V1_0_SYS_INST/CDC_AUDUFLOW_INST/src_level_ff_reg/C
                            (rising edge-triggered cell FDRE clocked by clk_out1_dma_axis_ip_example_clk_wiz_0_0  {rise@0.000ns fall@44.289ns period=88.577ns})
  Destination:            dma_axis_ip_example_i/i2s_transmitter_0/inst/I2S_TX_V1_0_SYS_INST/CDC_AUDUFLOW_INST/xpm_cdc_single_inst/syncstages_ff_reg[0]/D
                            (rising edge-triggered cell FDRE clocked by clk_pl_0  {rise@0.000ns fall@5.000ns period=10.000ns})
  Path Group:             (none)
  Path Type:              Hold (Min at Fast Process Corner)
  Data Path Delay:        0.182ns  (logic 0.039ns (21.477%)  route 0.143ns (78.523%))
  Logic Levels:           0  
  Clock Path Skew:        -1.215ns (DCD - SCD - CPR)
    Destination Clock Delay (DCD):    1.261ns
    Source Clock Delay      (SCD):    2.476ns
    Clock Pessimism Removal (CPR):    -0.000ns
  Clock Uncertainty:      0.343ns  ((TSJ^2 + DJ^2)^1/2) / 2 + PE
    Total System Jitter     (TSJ):    0.071ns
    Discrete Jitter          (DJ):    0.300ns
    Phase Error              (PE):    0.190ns
  Clock Net Delay (Source):      1.104ns (routing 0.529ns, distribution 0.575ns)
  Clock Net Delay (Destination): 1.123ns (routing 0.459ns, distribution 0.664ns)
  Timing Exception:       False Path

    Location             Delay type                Incr(ns)  Path(ns)    Netlist Resource(s)
  -------------------------------------------------------------------    -------------------
                         (clock clk_out1_dma_axis_ip_example_clk_wiz_0_0 rise edge)
                                                      0.000     0.000 r  
    BUFG_PS_X0Y67        BUFG_PS                      0.000     0.000 r  dma_axis_ip_example_i/zynq_ultra_ps_e_0/inst/buffer_pl_clk_0.PL_CLK_0_BUFG/O
                         net (fo=5975, routed)        0.979     0.979    dma_axis_ip_example_i/clk_wiz_0/inst/clk_in1
    MMCM_X0Y2            MMCME4_ADV (Prop_MMCM_CLKIN1_CLKOUT0)
                                                      0.230     1.209 r  dma_axis_ip_example_i/clk_wiz_0/inst/mmcme4_adv_inst/CLKOUT0
                         net (fo=1, routed)           0.146     1.355    dma_axis_ip_example_i/clk_wiz_0/inst/clk_out1_dma_axis_ip_example_clk_wiz_0_0
    BUFGCE_X0Y66         BUFGCE (Prop_BUFCE_BUFGCE_I_O)
                                                      0.017     1.372 r  dma_axis_ip_example_i/clk_wiz_0/inst/clkout1_buf/O
    X0Y1 (CLOCK_ROOT)    net (fo=313, routed)         1.104     2.476    dma_axis_ip_example_i/i2s_transmitter_0/inst/I2S_TX_V1_0_SYS_INST/CDC_AUDUFLOW_INST/src_clk
    SLICE_X9Y64          FDRE                                         r  dma_axis_ip_example_i/i2s_transmitter_0/inst/I2S_TX_V1_0_SYS_INST/CDC_AUDUFLOW_INST/src_level_ff_reg/C
  -------------------------------------------------------------------    -------------------
    SLICE_X9Y64          FDRE (Prop_HFF2_SLICEM_C_Q)
                                                      0.039     2.515 r  dma_axis_ip_example_i/i2s_transmitter_0/inst/I2S_TX_V1_0_SYS_INST/CDC_AUDUFLOW_INST/src_level_ff_reg/Q
                         net (fo=2, routed)           0.143     2.658    dma_axis_ip_example_i/i2s_transmitter_0/inst/I2S_TX_V1_0_SYS_INST/CDC_AUDUFLOW_INST/xpm_cdc_single_inst/src_in
    SLICE_X9Y62          FDRE                                         r  dma_axis_ip_example_i/i2s_transmitter_0/inst/I2S_TX_V1_0_SYS_INST/CDC_AUDUFLOW_INST/xpm_cdc_single_inst/syncstages_ff_reg[0]/D
  -------------------------------------------------------------------    -------------------

                         (clock clk_pl_0 rise edge)
                                                      0.000     0.000 r  
    PS8_X0Y0             PS8                          0.000     0.000 r  dma_axis_ip_example_i/zynq_ultra_ps_e_0/inst/PS8_i/PLCLK[0]
                         net (fo=1, routed)           0.120     0.120    dma_axis_ip_example_i/zynq_ultra_ps_e_0/inst/pl_clk_unbuffered[0]
    BUFG_PS_X0Y67        BUFG_PS (Prop_BUFG_PS_I_O)
                                                      0.018     0.138 r  dma_axis_ip_example_i/zynq_ultra_ps_e_0/inst/buffer_pl_clk_0.PL_CLK_0_BUFG/O
    X0Y1 (CLOCK_ROOT)    net (fo=5975, routed)        1.123     1.261    dma_axis_ip_example_i/i2s_transmitter_0/inst/I2S_TX_V1_0_SYS_INST/CDC_AUDUFLOW_INST/xpm_cdc_single_inst/dest_clk
    SLICE_X9Y62          FDRE                                         r  dma_axis_ip_example_i/i2s_transmitter_0/inst/I2S_TX_V1_0_SYS_INST/CDC_AUDUFLOW_INST/xpm_cdc_single_inst/syncstages_ff_reg[0]/C

Slack:                    inf
  Source:                 dma_axis_ip_example_i/i2s_transmitter_0/inst/I2S_TX_V1_0_SYS_INST/AXIS_FIFO_INST/xpm_fifo_async_inst/gnuram_async_fifo.xpm_fifo_base_inst/gen_cdc_pntr.rd_pntr_cdc_inst/src_gray_ff_reg[5]/C
                            (rising edge-triggered cell FDRE clocked by clk_out1_dma_axis_ip_example_clk_wiz_0_0  {rise@0.000ns fall@44.289ns period=88.577ns})
  Destination:            dma_axis_ip_example_i/i2s_transmitter_0/inst/I2S_TX_V1_0_SYS_INST/AXIS_FIFO_INST/xpm_fifo_async_inst/gnuram_async_fifo.xpm_fifo_base_inst/gen_cdc_pntr.rd_pntr_cdc_inst/dest_graysync_ff_reg[0][5]/D
                            (rising edge-triggered cell FDRE clocked by clk_pl_0  {rise@0.000ns fall@5.000ns period=10.000ns})
  Path Group:             (none)
  Path Type:              Hold (Min at Fast Process Corner)
  Data Path Delay:        0.183ns  (logic 0.039ns (21.311%)  route 0.144ns (78.689%))
  Logic Levels:           0  
  Clock Path Skew:        -1.232ns (DCD - SCD - CPR)
    Destination Clock Delay (DCD):    1.251ns
    Source Clock Delay      (SCD):    2.483ns
    Clock Pessimism Removal (CPR):    -0.000ns
  Clock Uncertainty:      0.343ns  ((TSJ^2 + DJ^2)^1/2) / 2 + PE
    Total System Jitter     (TSJ):    0.071ns
    Discrete Jitter          (DJ):    0.300ns
    Phase Error              (PE):    0.190ns
  Clock Net Delay (Source):      1.111ns (routing 0.529ns, distribution 0.582ns)
  Clock Net Delay (Destination): 1.113ns (routing 0.459ns, distribution 0.654ns)
  Timing Exception:       False Path

    Location             Delay type                Incr(ns)  Path(ns)    Netlist Resource(s)
  -------------------------------------------------------------------    -------------------
                         (clock clk_out1_dma_axis_ip_example_clk_wiz_0_0 rise edge)
                                                      0.000     0.000 r  
    BUFG_PS_X0Y67        BUFG_PS                      0.000     0.000 r  dma_axis_ip_example_i/zynq_ultra_ps_e_0/inst/buffer_pl_clk_0.PL_CLK_0_BUFG/O
                         net (fo=5975, routed)        0.979     0.979    dma_axis_ip_example_i/clk_wiz_0/inst/clk_in1
    MMCM_X0Y2            MMCME4_ADV (Prop_MMCM_CLKIN1_CLKOUT0)
                                                      0.230     1.209 r  dma_axis_ip_example_i/clk_wiz_0/inst/mmcme4_adv_inst/CLKOUT0
                         net (fo=1, routed)           0.146     1.355    dma_axis_ip_example_i/clk_wiz_0/inst/clk_out1_dma_axis_ip_example_clk_wiz_0_0
    BUFGCE_X0Y66         BUFGCE (Prop_BUFCE_BUFGCE_I_O)
                                                      0.017     1.372 r  dma_axis_ip_example_i/clk_wiz_0/inst/clkout1_buf/O
    X0Y1 (CLOCK_ROOT)    net (fo=313, routed)         1.111     2.483    dma_axis_ip_example_i/i2s_transmitter_0/inst/I2S_TX_V1_0_SYS_INST/AXIS_FIFO_INST/xpm_fifo_async_inst/gnuram_async_fifo.xpm_fifo_base_inst/gen_cdc_pntr.rd_pntr_cdc_inst/src_clk
    SLICE_X5Y68          FDRE                                         r  dma_axis_ip_example_i/i2s_transmitter_0/inst/I2S_TX_V1_0_SYS_INST/AXIS_FIFO_INST/xpm_fifo_async_inst/gnuram_async_fifo.xpm_fifo_base_inst/gen_cdc_pntr.rd_pntr_cdc_inst/src_gray_ff_reg[5]/C
  -------------------------------------------------------------------    -------------------
    SLICE_X5Y68          FDRE (Prop_GFF2_SLICEM_C_Q)
                                                      0.039     2.522 r  dma_axis_ip_example_i/i2s_transmitter_0/inst/I2S_TX_V1_0_SYS_INST/AXIS_FIFO_INST/xpm_fifo_async_inst/gnuram_async_fifo.xpm_fifo_base_inst/gen_cdc_pntr.rd_pntr_cdc_inst/src_gray_ff_reg[5]/Q
                         net (fo=1, routed)           0.144     2.666    dma_axis_ip_example_i/i2s_transmitter_0/inst/I2S_TX_V1_0_SYS_INST/AXIS_FIFO_INST/xpm_fifo_async_inst/gnuram_async_fifo.xpm_fifo_base_inst/gen_cdc_pntr.rd_pntr_cdc_inst/async_path[5]
    SLICE_X5Y68          FDRE                                         r  dma_axis_ip_example_i/i2s_transmitter_0/inst/I2S_TX_V1_0_SYS_INST/AXIS_FIFO_INST/xpm_fifo_async_inst/gnuram_async_fifo.xpm_fifo_base_inst/gen_cdc_pntr.rd_pntr_cdc_inst/dest_graysync_ff_reg[0][5]/D
  -------------------------------------------------------------------    -------------------

                         (clock clk_pl_0 rise edge)
                                                      0.000     0.000 r  
    PS8_X0Y0             PS8                          0.000     0.000 r  dma_axis_ip_example_i/zynq_ultra_ps_e_0/inst/PS8_i/PLCLK[0]
                         net (fo=1, routed)           0.120     0.120    dma_axis_ip_example_i/zynq_ultra_ps_e_0/inst/pl_clk_unbuffered[0]
    BUFG_PS_X0Y67        BUFG_PS (Prop_BUFG_PS_I_O)
                                                      0.018     0.138 r  dma_axis_ip_example_i/zynq_ultra_ps_e_0/inst/buffer_pl_clk_0.PL_CLK_0_BUFG/O
    X0Y1 (CLOCK_ROOT)    net (fo=5975, routed)        1.113     1.251    dma_axis_ip_example_i/i2s_transmitter_0/inst/I2S_TX_V1_0_SYS_INST/AXIS_FIFO_INST/xpm_fifo_async_inst/gnuram_async_fifo.xpm_fifo_base_inst/gen_cdc_pntr.rd_pntr_cdc_inst/dest_clk
    SLICE_X5Y68          FDRE                                         r  dma_axis_ip_example_i/i2s_transmitter_0/inst/I2S_TX_V1_0_SYS_INST/AXIS_FIFO_INST/xpm_fifo_async_inst/gnuram_async_fifo.xpm_fifo_base_inst/gen_cdc_pntr.rd_pntr_cdc_inst/dest_graysync_ff_reg[0][5]/C

Slack:                    inf
  Source:                 dma_axis_ip_example_i/proc_sys_reset_0/U0/PR_OUT_DFF[0].FDRE_PER/C
                            (rising edge-triggered cell FDRE clocked by clk_out1_dma_axis_ip_example_clk_wiz_0_0  {rise@0.000ns fall@44.289ns period=88.577ns})
  Destination:            dma_axis_ip_example_i/i2s_transmitter_0/inst/I2S_TX_V1_0_SYS_INST/CDC_MRST_INST/arststages_ff_reg[0]/PRE
                            (removal check against rising-edge clock clk_pl_0  {rise@0.000ns fall@5.000ns period=10.000ns})
  Path Group:             (none)
  Path Type:              Removal (Min at Fast Process Corner)
  Data Path Delay:        0.251ns  (logic 0.039ns (15.509%)  route 0.212ns (84.491%))
  Logic Levels:           0  
  Clock Path Skew:        -1.225ns (DCD - SCD - CPR)
    Destination Clock Delay (DCD):    1.249ns
    Source Clock Delay      (SCD):    2.475ns
    Clock Pessimism Removal (CPR):    -0.000ns
  Clock Uncertainty:      0.343ns  ((TSJ^2 + DJ^2)^1/2) / 2 + PE
    Total System Jitter     (TSJ):    0.071ns
    Discrete Jitter          (DJ):    0.300ns
    Phase Error              (PE):    0.190ns
  Clock Net Delay (Source):      1.103ns (routing 0.529ns, distribution 0.574ns)
  Clock Net Delay (Destination): 1.111ns (routing 0.459ns, distribution 0.652ns)
  Timing Exception:       False Path

    Location             Delay type                Incr(ns)  Path(ns)    Netlist Resource(s)
  -------------------------------------------------------------------    -------------------
                         (clock clk_out1_dma_axis_ip_example_clk_wiz_0_0 rise edge)
                                                      0.000     0.000 r  
    BUFG_PS_X0Y67        BUFG_PS                      0.000     0.000 r  dma_axis_ip_example_i/zynq_ultra_ps_e_0/inst/buffer_pl_clk_0.PL_CLK_0_BUFG/O
                         net (fo=5975, routed)        0.979     0.979    dma_axis_ip_example_i/clk_wiz_0/inst/clk_in1
    MMCM_X0Y2            MMCME4_ADV (Prop_MMCM_CLKIN1_CLKOUT0)
                                                      0.230     1.209 r  dma_axis_ip_example_i/clk_wiz_0/inst/mmcme4_adv_inst/CLKOUT0
                         net (fo=1, routed)           0.146     1.355    dma_axis_ip_example_i/clk_wiz_0/inst/clk_out1_dma_axis_ip_example_clk_wiz_0_0
    BUFGCE_X0Y66         BUFGCE (Prop_BUFCE_BUFGCE_I_O)
                                                      0.017     1.372 r  dma_axis_ip_example_i/clk_wiz_0/inst/clkout1_buf/O
    X0Y1 (CLOCK_ROOT)    net (fo=313, routed)         1.103     2.475    dma_axis_ip_example_i/proc_sys_reset_0/U0/slowest_sync_clk
    SLICE_X11Y73         FDRE                                         r  dma_axis_ip_example_i/proc_sys_reset_0/U0/PR_OUT_DFF[0].FDRE_PER/C
  -------------------------------------------------------------------    -------------------
    SLICE_X11Y73         FDRE (Prop_EFF_SLICEL_C_Q)
                                                      0.039     2.514 f  dma_axis_ip_example_i/proc_sys_reset_0/U0/PR_OUT_DFF[0].FDRE_PER/Q
                         net (fo=8, routed)           0.212     2.726    dma_axis_ip_example_i/i2s_transmitter_0/inst/I2S_TX_V1_0_SYS_INST/CDC_MRST_INST/src_arst
    SLICE_X8Y66          FDPE                                         f  dma_axis_ip_example_i/i2s_transmitter_0/inst/I2S_TX_V1_0_SYS_INST/CDC_MRST_INST/arststages_ff_reg[0]/PRE
  -------------------------------------------------------------------    -------------------

                         (clock clk_pl_0 rise edge)
                                                      0.000     0.000 r  
    PS8_X0Y0             PS8                          0.000     0.000 r  dma_axis_ip_example_i/zynq_ultra_ps_e_0/inst/PS8_i/PLCLK[0]
                         net (fo=1, routed)           0.120     0.120    dma_axis_ip_example_i/zynq_ultra_ps_e_0/inst/pl_clk_unbuffered[0]
    BUFG_PS_X0Y67        BUFG_PS (Prop_BUFG_PS_I_O)
                                                      0.018     0.138 r  dma_axis_ip_example_i/zynq_ultra_ps_e_0/inst/buffer_pl_clk_0.PL_CLK_0_BUFG/O
    X0Y1 (CLOCK_ROOT)    net (fo=5975, routed)        1.111     1.249    dma_axis_ip_example_i/i2s_transmitter_0/inst/I2S_TX_V1_0_SYS_INST/CDC_MRST_INST/dest_clk
    SLICE_X8Y66          FDPE                                         r  dma_axis_ip_example_i/i2s_transmitter_0/inst/I2S_TX_V1_0_SYS_INST/CDC_MRST_INST/arststages_ff_reg[0]/C

Slack:                    inf
  Source:                 dma_axis_ip_example_i/proc_sys_reset_0/U0/PR_OUT_DFF[0].FDRE_PER/C
                            (rising edge-triggered cell FDRE clocked by clk_out1_dma_axis_ip_example_clk_wiz_0_0  {rise@0.000ns fall@44.289ns period=88.577ns})
  Destination:            dma_axis_ip_example_i/i2s_transmitter_0/inst/I2S_TX_V1_0_SYS_INST/CDC_MRST_INST/arststages_ff_reg[1]/PRE
                            (removal check against rising-edge clock clk_pl_0  {rise@0.000ns fall@5.000ns period=10.000ns})
  Path Group:             (none)
  Path Type:              Removal (Min at Fast Process Corner)
  Data Path Delay:        0.251ns  (logic 0.039ns (15.509%)  route 0.212ns (84.491%))
  Logic Levels:           0  
  Clock Path Skew:        -1.225ns (DCD - SCD - CPR)
    Destination Clock Delay (DCD):    1.249ns
    Source Clock Delay      (SCD):    2.475ns
    Clock Pessimism Removal (CPR):    -0.000ns
  Clock Uncertainty:      0.343ns  ((TSJ^2 + DJ^2)^1/2) / 2 + PE
    Total System Jitter     (TSJ):    0.071ns
    Discrete Jitter          (DJ):    0.300ns
    Phase Error              (PE):    0.190ns
  Clock Net Delay (Source):      1.103ns (routing 0.529ns, distribution 0.574ns)
  Clock Net Delay (Destination): 1.111ns (routing 0.459ns, distribution 0.652ns)
  Timing Exception:       False Path

    Location             Delay type                Incr(ns)  Path(ns)    Netlist Resource(s)
  -------------------------------------------------------------------    -------------------
                         (clock clk_out1_dma_axis_ip_example_clk_wiz_0_0 rise edge)
                                                      0.000     0.000 r  
    BUFG_PS_X0Y67        BUFG_PS                      0.000     0.000 r  dma_axis_ip_example_i/zynq_ultra_ps_e_0/inst/buffer_pl_clk_0.PL_CLK_0_BUFG/O
                         net (fo=5975, routed)        0.979     0.979    dma_axis_ip_example_i/clk_wiz_0/inst/clk_in1
    MMCM_X0Y2            MMCME4_ADV (Prop_MMCM_CLKIN1_CLKOUT0)
                                                      0.230     1.209 r  dma_axis_ip_example_i/clk_wiz_0/inst/mmcme4_adv_inst/CLKOUT0
                         net (fo=1, routed)           0.146     1.355    dma_axis_ip_example_i/clk_wiz_0/inst/clk_out1_dma_axis_ip_example_clk_wiz_0_0
    BUFGCE_X0Y66         BUFGCE (Prop_BUFCE_BUFGCE_I_O)
                                                      0.017     1.372 r  dma_axis_ip_example_i/clk_wiz_0/inst/clkout1_buf/O
    X0Y1 (CLOCK_ROOT)    net (fo=313, routed)         1.103     2.475    dma_axis_ip_example_i/proc_sys_reset_0/U0/slowest_sync_clk
    SLICE_X11Y73         FDRE                                         r  dma_axis_ip_example_i/proc_sys_reset_0/U0/PR_OUT_DFF[0].FDRE_PER/C
  -------------------------------------------------------------------    -------------------
    SLICE_X11Y73         FDRE (Prop_EFF_SLICEL_C_Q)
                                                      0.039     2.514 f  dma_axis_ip_example_i/proc_sys_reset_0/U0/PR_OUT_DFF[0].FDRE_PER/Q
                         net (fo=8, routed)           0.212     2.726    dma_axis_ip_example_i/i2s_transmitter_0/inst/I2S_TX_V1_0_SYS_INST/CDC_MRST_INST/src_arst
    SLICE_X8Y66          FDPE                                         f  dma_axis_ip_example_i/i2s_transmitter_0/inst/I2S_TX_V1_0_SYS_INST/CDC_MRST_INST/arststages_ff_reg[1]/PRE
  -------------------------------------------------------------------    -------------------

                         (clock clk_pl_0 rise edge)
                                                      0.000     0.000 r  
    PS8_X0Y0             PS8                          0.000     0.000 r  dma_axis_ip_example_i/zynq_ultra_ps_e_0/inst/PS8_i/PLCLK[0]
                         net (fo=1, routed)           0.120     0.120    dma_axis_ip_example_i/zynq_ultra_ps_e_0/inst/pl_clk_unbuffered[0]
    BUFG_PS_X0Y67        BUFG_PS (Prop_BUFG_PS_I_O)
                                                      0.018     0.138 r  dma_axis_ip_example_i/zynq_ultra_ps_e_0/inst/buffer_pl_clk_0.PL_CLK_0_BUFG/O
    X0Y1 (CLOCK_ROOT)    net (fo=5975, routed)        1.111     1.249    dma_axis_ip_example_i/i2s_transmitter_0/inst/I2S_TX_V1_0_SYS_INST/CDC_MRST_INST/dest_clk
    SLICE_X8Y66          FDPE                                         r  dma_axis_ip_example_i/i2s_transmitter_0/inst/I2S_TX_V1_0_SYS_INST/CDC_MRST_INST/arststages_ff_reg[1]/C





--------------------------------------------------------------------------------------
Path Group:  (none)
From Clock:  clk_pl_0
  To Clock:  clk_pl_0

Max Delay            13 Endpoints
Min Delay            13 Endpoints
--------------------------------------------------------------------------------------


Max Delay Paths
--------------------------------------------------------------------------------------
Slack:                    inf
  Source:                 dma_axis_ip_example_i/rst_ps7_0_100M/U0/ACTIVE_LOW_PR_OUT_DFF[0].FDRE_PER_N/C
                            (rising edge-triggered cell FDRE clocked by clk_pl_0  {rise@0.000ns fall@5.000ns period=10.000ns})
  Destination:            dma_axis_ip_example_i/ps7_0_axi_periph/s00_couplers/auto_ds/inst/gen_downsizer.gen_simple_downsizer.axi_downsizer_inst/USE_READ.read_addr_inst/cmd_queue/inst/fifo_gen_inst/inst_fifo_gen/gconvfifo.rf/grf.rf/rstblk/ngwrdrst.grst.g7serrst.gnsckt_wrst.rst_wr_reg2_inst/arststages_ff_reg[0]/PRE
                            (recovery check against rising-edge clock clk_pl_0  {rise@0.000ns fall@5.000ns period=10.000ns})
  Path Group:             (none)
  Path Type:              Recovery (Max at Slow Process Corner)
  Data Path Delay:        1.224ns  (logic 0.076ns (6.208%)  route 1.148ns (93.792%))
  Logic Levels:           0  
  Clock Path Skew:        -0.225ns (DCD - SCD + CPR)
    Destination Clock Delay (DCD):    1.767ns
    Source Clock Delay      (SCD):    1.992ns
    Clock Pessimism Removal (CPR):    0.000ns
  Clock Uncertainty:      0.130ns  ((TSJ^2 + DJ^2)^1/2) / 2 + PE
    Total System Jitter     (TSJ):    0.071ns
    Discrete Jitter          (DJ):    0.250ns
    Phase Error              (PE):    0.000ns
  Clock Net Delay (Source):      1.793ns (routing 0.753ns, distribution 1.040ns)
  Clock Net Delay (Destination): 1.607ns (routing 0.683ns, distribution 0.924ns)
  Timing Exception:       False Path

    Location             Delay type                Incr(ns)  Path(ns)    Netlist Resource(s)
  -------------------------------------------------------------------    -------------------
                         (clock clk_pl_0 rise edge)
                                                      0.000     0.000 r  
    PS8_X0Y0             PS8                          0.000     0.000 r  dma_axis_ip_example_i/zynq_ultra_ps_e_0/inst/PS8_i/PLCLK[0]
                         net (fo=1, routed)           0.171     0.171    dma_axis_ip_example_i/zynq_ultra_ps_e_0/inst/pl_clk_unbuffered[0]
    BUFG_PS_X0Y67        BUFG_PS (Prop_BUFG_PS_I_O)
                                                      0.028     0.199 r  dma_axis_ip_example_i/zynq_ultra_ps_e_0/inst/buffer_pl_clk_0.PL_CLK_0_BUFG/O
    X0Y1 (CLOCK_ROOT)    net (fo=5975, routed)        1.793     1.992    dma_axis_ip_example_i/rst_ps7_0_100M/U0/slowest_sync_clk
    SLICE_X5Y67          FDRE                                         r  dma_axis_ip_example_i/rst_ps7_0_100M/U0/ACTIVE_LOW_PR_OUT_DFF[0].FDRE_PER_N/C
  -------------------------------------------------------------------    -------------------
    SLICE_X5Y67          FDRE (Prop_EFF_SLICEM_C_Q)
                                                      0.076     2.068 r  dma_axis_ip_example_i/rst_ps7_0_100M/U0/ACTIVE_LOW_PR_OUT_DFF[0].FDRE_PER_N/Q
                         net (fo=870, routed)         1.148     3.216    dma_axis_ip_example_i/ps7_0_axi_periph/s00_couplers/auto_ds/inst/gen_downsizer.gen_simple_downsizer.axi_downsizer_inst/USE_READ.read_addr_inst/cmd_queue/inst/fifo_gen_inst/inst_fifo_gen/gconvfifo.rf/grf.rf/rstblk/ngwrdrst.grst.g7serrst.gnsckt_wrst.rst_wr_reg2_inst/src_arst
    SLICE_X4Y44          FDPE                                         f  dma_axis_ip_example_i/ps7_0_axi_periph/s00_couplers/auto_ds/inst/gen_downsizer.gen_simple_downsizer.axi_downsizer_inst/USE_READ.read_addr_inst/cmd_queue/inst/fifo_gen_inst/inst_fifo_gen/gconvfifo.rf/grf.rf/rstblk/ngwrdrst.grst.g7serrst.gnsckt_wrst.rst_wr_reg2_inst/arststages_ff_reg[0]/PRE  (IS_INVERTED)
  -------------------------------------------------------------------    -------------------

                         (clock clk_pl_0 rise edge)
                                                      0.000     0.000 r  
    PS8_X0Y0             PS8                          0.000     0.000 r  dma_axis_ip_example_i/zynq_ultra_ps_e_0/inst/PS8_i/PLCLK[0]
                         net (fo=1, routed)           0.135     0.135    dma_axis_ip_example_i/zynq_ultra_ps_e_0/inst/pl_clk_unbuffered[0]
    BUFG_PS_X0Y67        BUFG_PS (Prop_BUFG_PS_I_O)
                                                      0.025     0.160 r  dma_axis_ip_example_i/zynq_ultra_ps_e_0/inst/buffer_pl_clk_0.PL_CLK_0_BUFG/O
    X0Y1 (CLOCK_ROOT)    net (fo=5975, routed)        1.607     1.767    dma_axis_ip_example_i/ps7_0_axi_periph/s00_couplers/auto_ds/inst/gen_downsizer.gen_simple_downsizer.axi_downsizer_inst/USE_READ.read_addr_inst/cmd_queue/inst/fifo_gen_inst/inst_fifo_gen/gconvfifo.rf/grf.rf/rstblk/ngwrdrst.grst.g7serrst.gnsckt_wrst.rst_wr_reg2_inst/dest_clk
    SLICE_X4Y44          FDPE                                         r  dma_axis_ip_example_i/ps7_0_axi_periph/s00_couplers/auto_ds/inst/gen_downsizer.gen_simple_downsizer.axi_downsizer_inst/USE_READ.read_addr_inst/cmd_queue/inst/fifo_gen_inst/inst_fifo_gen/gconvfifo.rf/grf.rf/rstblk/ngwrdrst.grst.g7serrst.gnsckt_wrst.rst_wr_reg2_inst/arststages_ff_reg[0]/C

Slack:                    inf
  Source:                 dma_axis_ip_example_i/rst_ps7_0_100M/U0/ACTIVE_LOW_PR_OUT_DFF[0].FDRE_PER_N/C
                            (rising edge-triggered cell FDRE clocked by clk_pl_0  {rise@0.000ns fall@5.000ns period=10.000ns})
  Destination:            dma_axis_ip_example_i/ps7_0_axi_periph/s00_couplers/auto_ds/inst/gen_downsizer.gen_simple_downsizer.axi_downsizer_inst/USE_READ.read_addr_inst/cmd_queue/inst/fifo_gen_inst/inst_fifo_gen/gconvfifo.rf/grf.rf/rstblk/ngwrdrst.grst.g7serrst.gnsckt_wrst.rst_wr_reg2_inst/arststages_ff_reg[1]/PRE
                            (recovery check against rising-edge clock clk_pl_0  {rise@0.000ns fall@5.000ns period=10.000ns})
  Path Group:             (none)
  Path Type:              Recovery (Max at Slow Process Corner)
  Data Path Delay:        1.224ns  (logic 0.076ns (6.208%)  route 1.148ns (93.792%))
  Logic Levels:           0  
  Clock Path Skew:        -0.225ns (DCD - SCD + CPR)
    Destination Clock Delay (DCD):    1.767ns
    Source Clock Delay      (SCD):    1.992ns
    Clock Pessimism Removal (CPR):    0.000ns
  Clock Uncertainty:      0.130ns  ((TSJ^2 + DJ^2)^1/2) / 2 + PE
    Total System Jitter     (TSJ):    0.071ns
    Discrete Jitter          (DJ):    0.250ns
    Phase Error              (PE):    0.000ns
  Clock Net Delay (Source):      1.793ns (routing 0.753ns, distribution 1.040ns)
  Clock Net Delay (Destination): 1.607ns (routing 0.683ns, distribution 0.924ns)
  Timing Exception:       False Path

    Location             Delay type                Incr(ns)  Path(ns)    Netlist Resource(s)
  -------------------------------------------------------------------    -------------------
                         (clock clk_pl_0 rise edge)
                                                      0.000     0.000 r  
    PS8_X0Y0             PS8                          0.000     0.000 r  dma_axis_ip_example_i/zynq_ultra_ps_e_0/inst/PS8_i/PLCLK[0]
                         net (fo=1, routed)           0.171     0.171    dma_axis_ip_example_i/zynq_ultra_ps_e_0/inst/pl_clk_unbuffered[0]
    BUFG_PS_X0Y67        BUFG_PS (Prop_BUFG_PS_I_O)
                                                      0.028     0.199 r  dma_axis_ip_example_i/zynq_ultra_ps_e_0/inst/buffer_pl_clk_0.PL_CLK_0_BUFG/O
    X0Y1 (CLOCK_ROOT)    net (fo=5975, routed)        1.793     1.992    dma_axis_ip_example_i/rst_ps7_0_100M/U0/slowest_sync_clk
    SLICE_X5Y67          FDRE                                         r  dma_axis_ip_example_i/rst_ps7_0_100M/U0/ACTIVE_LOW_PR_OUT_DFF[0].FDRE_PER_N/C
  -------------------------------------------------------------------    -------------------
    SLICE_X5Y67          FDRE (Prop_EFF_SLICEM_C_Q)
                                                      0.076     2.068 r  dma_axis_ip_example_i/rst_ps7_0_100M/U0/ACTIVE_LOW_PR_OUT_DFF[0].FDRE_PER_N/Q
                         net (fo=870, routed)         1.148     3.216    dma_axis_ip_example_i/ps7_0_axi_periph/s00_couplers/auto_ds/inst/gen_downsizer.gen_simple_downsizer.axi_downsizer_inst/USE_READ.read_addr_inst/cmd_queue/inst/fifo_gen_inst/inst_fifo_gen/gconvfifo.rf/grf.rf/rstblk/ngwrdrst.grst.g7serrst.gnsckt_wrst.rst_wr_reg2_inst/src_arst
    SLICE_X4Y44          FDPE                                         f  dma_axis_ip_example_i/ps7_0_axi_periph/s00_couplers/auto_ds/inst/gen_downsizer.gen_simple_downsizer.axi_downsizer_inst/USE_READ.read_addr_inst/cmd_queue/inst/fifo_gen_inst/inst_fifo_gen/gconvfifo.rf/grf.rf/rstblk/ngwrdrst.grst.g7serrst.gnsckt_wrst.rst_wr_reg2_inst/arststages_ff_reg[1]/PRE  (IS_INVERTED)
  -------------------------------------------------------------------    -------------------

                         (clock clk_pl_0 rise edge)
                                                      0.000     0.000 r  
    PS8_X0Y0             PS8                          0.000     0.000 r  dma_axis_ip_example_i/zynq_ultra_ps_e_0/inst/PS8_i/PLCLK[0]
                         net (fo=1, routed)           0.135     0.135    dma_axis_ip_example_i/zynq_ultra_ps_e_0/inst/pl_clk_unbuffered[0]
    BUFG_PS_X0Y67        BUFG_PS (Prop_BUFG_PS_I_O)
                                                      0.025     0.160 r  dma_axis_ip_example_i/zynq_ultra_ps_e_0/inst/buffer_pl_clk_0.PL_CLK_0_BUFG/O
    X0Y1 (CLOCK_ROOT)    net (fo=5975, routed)        1.607     1.767    dma_axis_ip_example_i/ps7_0_axi_periph/s00_couplers/auto_ds/inst/gen_downsizer.gen_simple_downsizer.axi_downsizer_inst/USE_READ.read_addr_inst/cmd_queue/inst/fifo_gen_inst/inst_fifo_gen/gconvfifo.rf/grf.rf/rstblk/ngwrdrst.grst.g7serrst.gnsckt_wrst.rst_wr_reg2_inst/dest_clk
    SLICE_X4Y44          FDPE                                         r  dma_axis_ip_example_i/ps7_0_axi_periph/s00_couplers/auto_ds/inst/gen_downsizer.gen_simple_downsizer.axi_downsizer_inst/USE_READ.read_addr_inst/cmd_queue/inst/fifo_gen_inst/inst_fifo_gen/gconvfifo.rf/grf.rf/rstblk/ngwrdrst.grst.g7serrst.gnsckt_wrst.rst_wr_reg2_inst/arststages_ff_reg[1]/C

Slack:                    inf
  Source:                 dma_axis_ip_example_i/rst_ps7_0_100M/U0/ACTIVE_LOW_PR_OUT_DFF[0].FDRE_PER_N/C
                            (rising edge-triggered cell FDRE clocked by clk_pl_0  {rise@0.000ns fall@5.000ns period=10.000ns})
  Destination:            dma_axis_ip_example_i/ps7_0_axi_periph/s00_couplers/auto_ds/inst/gen_downsizer.gen_simple_downsizer.axi_downsizer_inst/USE_WRITE.write_addr_inst/USE_B_CHANNEL.cmd_b_queue/inst/fifo_gen_inst/inst_fifo_gen/gconvfifo.rf/grf.rf/rstblk/ngwrdrst.grst.g7serrst.gnsckt_wrst.rst_wr_reg2_inst/arststages_ff_reg[0]/PRE
                            (recovery check against rising-edge clock clk_pl_0  {rise@0.000ns fall@5.000ns period=10.000ns})
  Path Group:             (none)
  Path Type:              Recovery (Max at Slow Process Corner)
  Data Path Delay:        1.206ns  (logic 0.076ns (6.301%)  route 1.130ns (93.699%))
  Logic Levels:           0  
  Clock Path Skew:        -0.240ns (DCD - SCD + CPR)
    Destination Clock Delay (DCD):    1.752ns
    Source Clock Delay      (SCD):    1.992ns
    Clock Pessimism Removal (CPR):    0.000ns
  Clock Uncertainty:      0.130ns  ((TSJ^2 + DJ^2)^1/2) / 2 + PE
    Total System Jitter     (TSJ):    0.071ns
    Discrete Jitter          (DJ):    0.250ns
    Phase Error              (PE):    0.000ns
  Clock Net Delay (Source):      1.793ns (routing 0.753ns, distribution 1.040ns)
  Clock Net Delay (Destination): 1.592ns (routing 0.683ns, distribution 0.909ns)
  Timing Exception:       False Path

    Location             Delay type                Incr(ns)  Path(ns)    Netlist Resource(s)
  -------------------------------------------------------------------    -------------------
                         (clock clk_pl_0 rise edge)
                                                      0.000     0.000 r  
    PS8_X0Y0             PS8                          0.000     0.000 r  dma_axis_ip_example_i/zynq_ultra_ps_e_0/inst/PS8_i/PLCLK[0]
                         net (fo=1, routed)           0.171     0.171    dma_axis_ip_example_i/zynq_ultra_ps_e_0/inst/pl_clk_unbuffered[0]
    BUFG_PS_X0Y67        BUFG_PS (Prop_BUFG_PS_I_O)
                                                      0.028     0.199 r  dma_axis_ip_example_i/zynq_ultra_ps_e_0/inst/buffer_pl_clk_0.PL_CLK_0_BUFG/O
    X0Y1 (CLOCK_ROOT)    net (fo=5975, routed)        1.793     1.992    dma_axis_ip_example_i/rst_ps7_0_100M/U0/slowest_sync_clk
    SLICE_X5Y67          FDRE                                         r  dma_axis_ip_example_i/rst_ps7_0_100M/U0/ACTIVE_LOW_PR_OUT_DFF[0].FDRE_PER_N/C
  -------------------------------------------------------------------    -------------------
    SLICE_X5Y67          FDRE (Prop_EFF_SLICEM_C_Q)
                                                      0.076     2.068 r  dma_axis_ip_example_i/rst_ps7_0_100M/U0/ACTIVE_LOW_PR_OUT_DFF[0].FDRE_PER_N/Q
                         net (fo=870, routed)         1.130     3.198    dma_axis_ip_example_i/ps7_0_axi_periph/s00_couplers/auto_ds/inst/gen_downsizer.gen_simple_downsizer.axi_downsizer_inst/USE_WRITE.write_addr_inst/USE_B_CHANNEL.cmd_b_queue/inst/fifo_gen_inst/inst_fifo_gen/gconvfifo.rf/grf.rf/rstblk/ngwrdrst.grst.g7serrst.gnsckt_wrst.rst_wr_reg2_inst/src_arst
    SLICE_X4Y30          FDPE                                         f  dma_axis_ip_example_i/ps7_0_axi_periph/s00_couplers/auto_ds/inst/gen_downsizer.gen_simple_downsizer.axi_downsizer_inst/USE_WRITE.write_addr_inst/USE_B_CHANNEL.cmd_b_queue/inst/fifo_gen_inst/inst_fifo_gen/gconvfifo.rf/grf.rf/rstblk/ngwrdrst.grst.g7serrst.gnsckt_wrst.rst_wr_reg2_inst/arststages_ff_reg[0]/PRE  (IS_INVERTED)
  -------------------------------------------------------------------    -------------------

                         (clock clk_pl_0 rise edge)
                                                      0.000     0.000 r  
    PS8_X0Y0             PS8                          0.000     0.000 r  dma_axis_ip_example_i/zynq_ultra_ps_e_0/inst/PS8_i/PLCLK[0]
                         net (fo=1, routed)           0.135     0.135    dma_axis_ip_example_i/zynq_ultra_ps_e_0/inst/pl_clk_unbuffered[0]
    BUFG_PS_X0Y67        BUFG_PS (Prop_BUFG_PS_I_O)
                                                      0.025     0.160 r  dma_axis_ip_example_i/zynq_ultra_ps_e_0/inst/buffer_pl_clk_0.PL_CLK_0_BUFG/O
    X0Y1 (CLOCK_ROOT)    net (fo=5975, routed)        1.592     1.752    dma_axis_ip_example_i/ps7_0_axi_periph/s00_couplers/auto_ds/inst/gen_downsizer.gen_simple_downsizer.axi_downsizer_inst/USE_WRITE.write_addr_inst/USE_B_CHANNEL.cmd_b_queue/inst/fifo_gen_inst/inst_fifo_gen/gconvfifo.rf/grf.rf/rstblk/ngwrdrst.grst.g7serrst.gnsckt_wrst.rst_wr_reg2_inst/dest_clk
    SLICE_X4Y30          FDPE                                         r  dma_axis_ip_example_i/ps7_0_axi_periph/s00_couplers/auto_ds/inst/gen_downsizer.gen_simple_downsizer.axi_downsizer_inst/USE_WRITE.write_addr_inst/USE_B_CHANNEL.cmd_b_queue/inst/fifo_gen_inst/inst_fifo_gen/gconvfifo.rf/grf.rf/rstblk/ngwrdrst.grst.g7serrst.gnsckt_wrst.rst_wr_reg2_inst/arststages_ff_reg[0]/C

Slack:                    inf
  Source:                 dma_axis_ip_example_i/rst_ps7_0_100M/U0/ACTIVE_LOW_PR_OUT_DFF[0].FDRE_PER_N/C
                            (rising edge-triggered cell FDRE clocked by clk_pl_0  {rise@0.000ns fall@5.000ns period=10.000ns})
  Destination:            dma_axis_ip_example_i/ps7_0_axi_periph/s00_couplers/auto_ds/inst/gen_downsizer.gen_simple_downsizer.axi_downsizer_inst/USE_WRITE.write_addr_inst/USE_B_CHANNEL.cmd_b_queue/inst/fifo_gen_inst/inst_fifo_gen/gconvfifo.rf/grf.rf/rstblk/ngwrdrst.grst.g7serrst.gnsckt_wrst.rst_wr_reg2_inst/arststages_ff_reg[1]/PRE
                            (recovery check against rising-edge clock clk_pl_0  {rise@0.000ns fall@5.000ns period=10.000ns})
  Path Group:             (none)
  Path Type:              Recovery (Max at Slow Process Corner)
  Data Path Delay:        1.206ns  (logic 0.076ns (6.301%)  route 1.130ns (93.699%))
  Logic Levels:           0  
  Clock Path Skew:        -0.240ns (DCD - SCD + CPR)
    Destination Clock Delay (DCD):    1.752ns
    Source Clock Delay      (SCD):    1.992ns
    Clock Pessimism Removal (CPR):    0.000ns
  Clock Uncertainty:      0.130ns  ((TSJ^2 + DJ^2)^1/2) / 2 + PE
    Total System Jitter     (TSJ):    0.071ns
    Discrete Jitter          (DJ):    0.250ns
    Phase Error              (PE):    0.000ns
  Clock Net Delay (Source):      1.793ns (routing 0.753ns, distribution 1.040ns)
  Clock Net Delay (Destination): 1.592ns (routing 0.683ns, distribution 0.909ns)
  Timing Exception:       False Path

    Location             Delay type                Incr(ns)  Path(ns)    Netlist Resource(s)
  -------------------------------------------------------------------    -------------------
                         (clock clk_pl_0 rise edge)
                                                      0.000     0.000 r  
    PS8_X0Y0             PS8                          0.000     0.000 r  dma_axis_ip_example_i/zynq_ultra_ps_e_0/inst/PS8_i/PLCLK[0]
                         net (fo=1, routed)           0.171     0.171    dma_axis_ip_example_i/zynq_ultra_ps_e_0/inst/pl_clk_unbuffered[0]
    BUFG_PS_X0Y67        BUFG_PS (Prop_BUFG_PS_I_O)
                                                      0.028     0.199 r  dma_axis_ip_example_i/zynq_ultra_ps_e_0/inst/buffer_pl_clk_0.PL_CLK_0_BUFG/O
    X0Y1 (CLOCK_ROOT)    net (fo=5975, routed)        1.793     1.992    dma_axis_ip_example_i/rst_ps7_0_100M/U0/slowest_sync_clk
    SLICE_X5Y67          FDRE                                         r  dma_axis_ip_example_i/rst_ps7_0_100M/U0/ACTIVE_LOW_PR_OUT_DFF[0].FDRE_PER_N/C
  -------------------------------------------------------------------    -------------------
    SLICE_X5Y67          FDRE (Prop_EFF_SLICEM_C_Q)
                                                      0.076     2.068 r  dma_axis_ip_example_i/rst_ps7_0_100M/U0/ACTIVE_LOW_PR_OUT_DFF[0].FDRE_PER_N/Q
                         net (fo=870, routed)         1.130     3.198    dma_axis_ip_example_i/ps7_0_axi_periph/s00_couplers/auto_ds/inst/gen_downsizer.gen_simple_downsizer.axi_downsizer_inst/USE_WRITE.write_addr_inst/USE_B_CHANNEL.cmd_b_queue/inst/fifo_gen_inst/inst_fifo_gen/gconvfifo.rf/grf.rf/rstblk/ngwrdrst.grst.g7serrst.gnsckt_wrst.rst_wr_reg2_inst/src_arst
    SLICE_X4Y30          FDPE                                         f  dma_axis_ip_example_i/ps7_0_axi_periph/s00_couplers/auto_ds/inst/gen_downsizer.gen_simple_downsizer.axi_downsizer_inst/USE_WRITE.write_addr_inst/USE_B_CHANNEL.cmd_b_queue/inst/fifo_gen_inst/inst_fifo_gen/gconvfifo.rf/grf.rf/rstblk/ngwrdrst.grst.g7serrst.gnsckt_wrst.rst_wr_reg2_inst/arststages_ff_reg[1]/PRE  (IS_INVERTED)
  -------------------------------------------------------------------    -------------------

                         (clock clk_pl_0 rise edge)
                                                      0.000     0.000 r  
    PS8_X0Y0             PS8                          0.000     0.000 r  dma_axis_ip_example_i/zynq_ultra_ps_e_0/inst/PS8_i/PLCLK[0]
                         net (fo=1, routed)           0.135     0.135    dma_axis_ip_example_i/zynq_ultra_ps_e_0/inst/pl_clk_unbuffered[0]
    BUFG_PS_X0Y67        BUFG_PS (Prop_BUFG_PS_I_O)
                                                      0.025     0.160 r  dma_axis_ip_example_i/zynq_ultra_ps_e_0/inst/buffer_pl_clk_0.PL_CLK_0_BUFG/O
    X0Y1 (CLOCK_ROOT)    net (fo=5975, routed)        1.592     1.752    dma_axis_ip_example_i/ps7_0_axi_periph/s00_couplers/auto_ds/inst/gen_downsizer.gen_simple_downsizer.axi_downsizer_inst/USE_WRITE.write_addr_inst/USE_B_CHANNEL.cmd_b_queue/inst/fifo_gen_inst/inst_fifo_gen/gconvfifo.rf/grf.rf/rstblk/ngwrdrst.grst.g7serrst.gnsckt_wrst.rst_wr_reg2_inst/dest_clk
    SLICE_X4Y30          FDPE                                         r  dma_axis_ip_example_i/ps7_0_axi_periph/s00_couplers/auto_ds/inst/gen_downsizer.gen_simple_downsizer.axi_downsizer_inst/USE_WRITE.write_addr_inst/USE_B_CHANNEL.cmd_b_queue/inst/fifo_gen_inst/inst_fifo_gen/gconvfifo.rf/grf.rf/rstblk/ngwrdrst.grst.g7serrst.gnsckt_wrst.rst_wr_reg2_inst/arststages_ff_reg[1]/C

Slack:                    inf
  Source:                 dma_axis_ip_example_i/rst_ps7_0_100M/U0/ACTIVE_LOW_PR_OUT_DFF[0].FDRE_PER_N/C
                            (rising edge-triggered cell FDRE clocked by clk_pl_0  {rise@0.000ns fall@5.000ns period=10.000ns})
  Destination:            dma_axis_ip_example_i/ps7_0_axi_periph/s00_couplers/auto_ds/inst/gen_downsizer.gen_simple_downsizer.axi_downsizer_inst/USE_WRITE.write_addr_inst/cmd_queue/inst/fifo_gen_inst/inst_fifo_gen/gconvfifo.rf/grf.rf/rstblk/ngwrdrst.grst.g7serrst.gnsckt_wrst.rst_wr_reg2_inst/arststages_ff_reg[0]/PRE
                            (recovery check against rising-edge clock clk_pl_0  {rise@0.000ns fall@5.000ns period=10.000ns})
  Path Group:             (none)
  Path Type:              Recovery (Max at Slow Process Corner)
  Data Path Delay:        1.206ns  (logic 0.076ns (6.301%)  route 1.130ns (93.699%))
  Logic Levels:           0  
  Clock Path Skew:        -0.240ns (DCD - SCD + CPR)
    Destination Clock Delay (DCD):    1.752ns
    Source Clock Delay      (SCD):    1.992ns
    Clock Pessimism Removal (CPR):    0.000ns
  Clock Uncertainty:      0.130ns  ((TSJ^2 + DJ^2)^1/2) / 2 + PE
    Total System Jitter     (TSJ):    0.071ns
    Discrete Jitter          (DJ):    0.250ns
    Phase Error              (PE):    0.000ns
  Clock Net Delay (Source):      1.793ns (routing 0.753ns, distribution 1.040ns)
  Clock Net Delay (Destination): 1.592ns (routing 0.683ns, distribution 0.909ns)
  Timing Exception:       False Path

    Location             Delay type                Incr(ns)  Path(ns)    Netlist Resource(s)
  -------------------------------------------------------------------    -------------------
                         (clock clk_pl_0 rise edge)
                                                      0.000     0.000 r  
    PS8_X0Y0             PS8                          0.000     0.000 r  dma_axis_ip_example_i/zynq_ultra_ps_e_0/inst/PS8_i/PLCLK[0]
                         net (fo=1, routed)           0.171     0.171    dma_axis_ip_example_i/zynq_ultra_ps_e_0/inst/pl_clk_unbuffered[0]
    BUFG_PS_X0Y67        BUFG_PS (Prop_BUFG_PS_I_O)
                                                      0.028     0.199 r  dma_axis_ip_example_i/zynq_ultra_ps_e_0/inst/buffer_pl_clk_0.PL_CLK_0_BUFG/O
    X0Y1 (CLOCK_ROOT)    net (fo=5975, routed)        1.793     1.992    dma_axis_ip_example_i/rst_ps7_0_100M/U0/slowest_sync_clk
    SLICE_X5Y67          FDRE                                         r  dma_axis_ip_example_i/rst_ps7_0_100M/U0/ACTIVE_LOW_PR_OUT_DFF[0].FDRE_PER_N/C
  -------------------------------------------------------------------    -------------------
    SLICE_X5Y67          FDRE (Prop_EFF_SLICEM_C_Q)
                                                      0.076     2.068 r  dma_axis_ip_example_i/rst_ps7_0_100M/U0/ACTIVE_LOW_PR_OUT_DFF[0].FDRE_PER_N/Q
                         net (fo=870, routed)         1.130     3.198    dma_axis_ip_example_i/ps7_0_axi_periph/s00_couplers/auto_ds/inst/gen_downsizer.gen_simple_downsizer.axi_downsizer_inst/USE_WRITE.write_addr_inst/cmd_queue/inst/fifo_gen_inst/inst_fifo_gen/gconvfifo.rf/grf.rf/rstblk/ngwrdrst.grst.g7serrst.gnsckt_wrst.rst_wr_reg2_inst/src_arst
    SLICE_X4Y30          FDPE                                         f  dma_axis_ip_example_i/ps7_0_axi_periph/s00_couplers/auto_ds/inst/gen_downsizer.gen_simple_downsizer.axi_downsizer_inst/USE_WRITE.write_addr_inst/cmd_queue/inst/fifo_gen_inst/inst_fifo_gen/gconvfifo.rf/grf.rf/rstblk/ngwrdrst.grst.g7serrst.gnsckt_wrst.rst_wr_reg2_inst/arststages_ff_reg[0]/PRE  (IS_INVERTED)
  -------------------------------------------------------------------    -------------------

                         (clock clk_pl_0 rise edge)
                                                      0.000     0.000 r  
    PS8_X0Y0             PS8                          0.000     0.000 r  dma_axis_ip_example_i/zynq_ultra_ps_e_0/inst/PS8_i/PLCLK[0]
                         net (fo=1, routed)           0.135     0.135    dma_axis_ip_example_i/zynq_ultra_ps_e_0/inst/pl_clk_unbuffered[0]
    BUFG_PS_X0Y67        BUFG_PS (Prop_BUFG_PS_I_O)
                                                      0.025     0.160 r  dma_axis_ip_example_i/zynq_ultra_ps_e_0/inst/buffer_pl_clk_0.PL_CLK_0_BUFG/O
    X0Y1 (CLOCK_ROOT)    net (fo=5975, routed)        1.592     1.752    dma_axis_ip_example_i/ps7_0_axi_periph/s00_couplers/auto_ds/inst/gen_downsizer.gen_simple_downsizer.axi_downsizer_inst/USE_WRITE.write_addr_inst/cmd_queue/inst/fifo_gen_inst/inst_fifo_gen/gconvfifo.rf/grf.rf/rstblk/ngwrdrst.grst.g7serrst.gnsckt_wrst.rst_wr_reg2_inst/dest_clk
    SLICE_X4Y30          FDPE                                         r  dma_axis_ip_example_i/ps7_0_axi_periph/s00_couplers/auto_ds/inst/gen_downsizer.gen_simple_downsizer.axi_downsizer_inst/USE_WRITE.write_addr_inst/cmd_queue/inst/fifo_gen_inst/inst_fifo_gen/gconvfifo.rf/grf.rf/rstblk/ngwrdrst.grst.g7serrst.gnsckt_wrst.rst_wr_reg2_inst/arststages_ff_reg[0]/C

Slack:                    inf
  Source:                 dma_axis_ip_example_i/rst_ps7_0_100M/U0/ACTIVE_LOW_PR_OUT_DFF[0].FDRE_PER_N/C
                            (rising edge-triggered cell FDRE clocked by clk_pl_0  {rise@0.000ns fall@5.000ns period=10.000ns})
  Destination:            dma_axis_ip_example_i/ps7_0_axi_periph/s00_couplers/auto_ds/inst/gen_downsizer.gen_simple_downsizer.axi_downsizer_inst/USE_WRITE.write_addr_inst/cmd_queue/inst/fifo_gen_inst/inst_fifo_gen/gconvfifo.rf/grf.rf/rstblk/ngwrdrst.grst.g7serrst.gnsckt_wrst.rst_wr_reg2_inst/arststages_ff_reg[1]/PRE
                            (recovery check against rising-edge clock clk_pl_0  {rise@0.000ns fall@5.000ns period=10.000ns})
  Path Group:             (none)
  Path Type:              Recovery (Max at Slow Process Corner)
  Data Path Delay:        1.206ns  (logic 0.076ns (6.301%)  route 1.130ns (93.699%))
  Logic Levels:           0  
  Clock Path Skew:        -0.240ns (DCD - SCD + CPR)
    Destination Clock Delay (DCD):    1.752ns
    Source Clock Delay      (SCD):    1.992ns
    Clock Pessimism Removal (CPR):    0.000ns
  Clock Uncertainty:      0.130ns  ((TSJ^2 + DJ^2)^1/2) / 2 + PE
    Total System Jitter     (TSJ):    0.071ns
    Discrete Jitter          (DJ):    0.250ns
    Phase Error              (PE):    0.000ns
  Clock Net Delay (Source):      1.793ns (routing 0.753ns, distribution 1.040ns)
  Clock Net Delay (Destination): 1.592ns (routing 0.683ns, distribution 0.909ns)
  Timing Exception:       False Path

    Location             Delay type                Incr(ns)  Path(ns)    Netlist Resource(s)
  -------------------------------------------------------------------    -------------------
                         (clock clk_pl_0 rise edge)
                                                      0.000     0.000 r  
    PS8_X0Y0             PS8                          0.000     0.000 r  dma_axis_ip_example_i/zynq_ultra_ps_e_0/inst/PS8_i/PLCLK[0]
                         net (fo=1, routed)           0.171     0.171    dma_axis_ip_example_i/zynq_ultra_ps_e_0/inst/pl_clk_unbuffered[0]
    BUFG_PS_X0Y67        BUFG_PS (Prop_BUFG_PS_I_O)
                                                      0.028     0.199 r  dma_axis_ip_example_i/zynq_ultra_ps_e_0/inst/buffer_pl_clk_0.PL_CLK_0_BUFG/O
    X0Y1 (CLOCK_ROOT)    net (fo=5975, routed)        1.793     1.992    dma_axis_ip_example_i/rst_ps7_0_100M/U0/slowest_sync_clk
    SLICE_X5Y67          FDRE                                         r  dma_axis_ip_example_i/rst_ps7_0_100M/U0/ACTIVE_LOW_PR_OUT_DFF[0].FDRE_PER_N/C
  -------------------------------------------------------------------    -------------------
    SLICE_X5Y67          FDRE (Prop_EFF_SLICEM_C_Q)
                                                      0.076     2.068 r  dma_axis_ip_example_i/rst_ps7_0_100M/U0/ACTIVE_LOW_PR_OUT_DFF[0].FDRE_PER_N/Q
                         net (fo=870, routed)         1.130     3.198    dma_axis_ip_example_i/ps7_0_axi_periph/s00_couplers/auto_ds/inst/gen_downsizer.gen_simple_downsizer.axi_downsizer_inst/USE_WRITE.write_addr_inst/cmd_queue/inst/fifo_gen_inst/inst_fifo_gen/gconvfifo.rf/grf.rf/rstblk/ngwrdrst.grst.g7serrst.gnsckt_wrst.rst_wr_reg2_inst/src_arst
    SLICE_X4Y30          FDPE                                         f  dma_axis_ip_example_i/ps7_0_axi_periph/s00_couplers/auto_ds/inst/gen_downsizer.gen_simple_downsizer.axi_downsizer_inst/USE_WRITE.write_addr_inst/cmd_queue/inst/fifo_gen_inst/inst_fifo_gen/gconvfifo.rf/grf.rf/rstblk/ngwrdrst.grst.g7serrst.gnsckt_wrst.rst_wr_reg2_inst/arststages_ff_reg[1]/PRE  (IS_INVERTED)
  -------------------------------------------------------------------    -------------------

                         (clock clk_pl_0 rise edge)
                                                      0.000     0.000 r  
    PS8_X0Y0             PS8                          0.000     0.000 r  dma_axis_ip_example_i/zynq_ultra_ps_e_0/inst/PS8_i/PLCLK[0]
                         net (fo=1, routed)           0.135     0.135    dma_axis_ip_example_i/zynq_ultra_ps_e_0/inst/pl_clk_unbuffered[0]
    BUFG_PS_X0Y67        BUFG_PS (Prop_BUFG_PS_I_O)
                                                      0.025     0.160 r  dma_axis_ip_example_i/zynq_ultra_ps_e_0/inst/buffer_pl_clk_0.PL_CLK_0_BUFG/O
    X0Y1 (CLOCK_ROOT)    net (fo=5975, routed)        1.592     1.752    dma_axis_ip_example_i/ps7_0_axi_periph/s00_couplers/auto_ds/inst/gen_downsizer.gen_simple_downsizer.axi_downsizer_inst/USE_WRITE.write_addr_inst/cmd_queue/inst/fifo_gen_inst/inst_fifo_gen/gconvfifo.rf/grf.rf/rstblk/ngwrdrst.grst.g7serrst.gnsckt_wrst.rst_wr_reg2_inst/dest_clk
    SLICE_X4Y30          FDPE                                         r  dma_axis_ip_example_i/ps7_0_axi_periph/s00_couplers/auto_ds/inst/gen_downsizer.gen_simple_downsizer.axi_downsizer_inst/USE_WRITE.write_addr_inst/cmd_queue/inst/fifo_gen_inst/inst_fifo_gen/gconvfifo.rf/grf.rf/rstblk/ngwrdrst.grst.g7serrst.gnsckt_wrst.rst_wr_reg2_inst/arststages_ff_reg[1]/C

Slack:                    inf
  Source:                 dma_axis_ip_example_i/rst_ps7_0_100M/U0/ACTIVE_LOW_PR_OUT_DFF[0].FDRE_PER_N/C
                            (rising edge-triggered cell FDRE clocked by clk_pl_0  {rise@0.000ns fall@5.000ns period=10.000ns})
  Destination:            dma_axis_ip_example_i/axi_dma/U0/I_RST_MODULE/REG_HRD_RST_OUT/GENERATE_LEVEL_P_S_CDC.SINGLE_BIT.CROSS_PLEVEL_IN2SCNDRY_IN_cdc_to/D
                            (rising edge-triggered cell FDRE clocked by clk_pl_0  {rise@0.000ns fall@5.000ns period=10.000ns})
  Path Group:             (none)
  Path Type:              Setup (Max at Slow Process Corner)
  Data Path Delay:        1.170ns  (logic 0.076ns (6.497%)  route 1.094ns (93.503%))
  Logic Levels:           0  
  Clock Path Skew:        -0.226ns (DCD - SCD + CPR)
    Destination Clock Delay (DCD):    1.766ns
    Source Clock Delay      (SCD):    1.992ns
    Clock Pessimism Removal (CPR):    0.000ns
  Clock Uncertainty:      0.130ns  ((TSJ^2 + DJ^2)^1/2) / 2 + PE
    Total System Jitter     (TSJ):    0.071ns
    Discrete Jitter          (DJ):    0.250ns
    Phase Error              (PE):    0.000ns
  Clock Net Delay (Source):      1.793ns (routing 0.753ns, distribution 1.040ns)
  Clock Net Delay (Destination): 1.606ns (routing 0.683ns, distribution 0.923ns)
  Timing Exception:       False Path

    Location             Delay type                Incr(ns)  Path(ns)    Netlist Resource(s)
  -------------------------------------------------------------------    -------------------
                         (clock clk_pl_0 rise edge)
                                                      0.000     0.000 r  
    PS8_X0Y0             PS8                          0.000     0.000 r  dma_axis_ip_example_i/zynq_ultra_ps_e_0/inst/PS8_i/PLCLK[0]
                         net (fo=1, routed)           0.171     0.171    dma_axis_ip_example_i/zynq_ultra_ps_e_0/inst/pl_clk_unbuffered[0]
    BUFG_PS_X0Y67        BUFG_PS (Prop_BUFG_PS_I_O)
                                                      0.028     0.199 r  dma_axis_ip_example_i/zynq_ultra_ps_e_0/inst/buffer_pl_clk_0.PL_CLK_0_BUFG/O
    X0Y1 (CLOCK_ROOT)    net (fo=5975, routed)        1.793     1.992    dma_axis_ip_example_i/rst_ps7_0_100M/U0/slowest_sync_clk
    SLICE_X5Y67          FDRE                                         r  dma_axis_ip_example_i/rst_ps7_0_100M/U0/ACTIVE_LOW_PR_OUT_DFF[0].FDRE_PER_N/C
  -------------------------------------------------------------------    -------------------
    SLICE_X5Y67          FDRE (Prop_EFF_SLICEM_C_Q)
                                                      0.076     2.068 r  dma_axis_ip_example_i/rst_ps7_0_100M/U0/ACTIVE_LOW_PR_OUT_DFF[0].FDRE_PER_N/Q
                         net (fo=870, routed)         1.094     3.162    dma_axis_ip_example_i/axi_dma/U0/I_RST_MODULE/REG_HRD_RST_OUT/axi_resetn
    SLICE_X12Y50         FDRE                                         r  dma_axis_ip_example_i/axi_dma/U0/I_RST_MODULE/REG_HRD_RST_OUT/GENERATE_LEVEL_P_S_CDC.SINGLE_BIT.CROSS_PLEVEL_IN2SCNDRY_IN_cdc_to/D
  -------------------------------------------------------------------    -------------------

                         (clock clk_pl_0 rise edge)
                                                      0.000     0.000 r  
    PS8_X0Y0             PS8                          0.000     0.000 r  dma_axis_ip_example_i/zynq_ultra_ps_e_0/inst/PS8_i/PLCLK[0]
                         net (fo=1, routed)           0.135     0.135    dma_axis_ip_example_i/zynq_ultra_ps_e_0/inst/pl_clk_unbuffered[0]
    BUFG_PS_X0Y67        BUFG_PS (Prop_BUFG_PS_I_O)
                                                      0.025     0.160 r  dma_axis_ip_example_i/zynq_ultra_ps_e_0/inst/buffer_pl_clk_0.PL_CLK_0_BUFG/O
    X0Y1 (CLOCK_ROOT)    net (fo=5975, routed)        1.606     1.766    dma_axis_ip_example_i/axi_dma/U0/I_RST_MODULE/REG_HRD_RST_OUT/s_axi_lite_aclk
    SLICE_X12Y50         FDRE                                         r  dma_axis_ip_example_i/axi_dma/U0/I_RST_MODULE/REG_HRD_RST_OUT/GENERATE_LEVEL_P_S_CDC.SINGLE_BIT.CROSS_PLEVEL_IN2SCNDRY_IN_cdc_to/C

Slack:                    inf
  Source:                 dma_axis_ip_example_i/rst_ps7_0_100M/U0/ACTIVE_LOW_PR_OUT_DFF[0].FDRE_PER_N/C
                            (rising edge-triggered cell FDRE clocked by clk_pl_0  {rise@0.000ns fall@5.000ns period=10.000ns})
  Destination:            dma_axis_ip_example_i/axi_dma/U0/I_RST_MODULE/REG_HRD_RST/GENERATE_LEVEL_P_S_CDC.SINGLE_BIT.CROSS_PLEVEL_IN2SCNDRY_IN_cdc_to/D
                            (rising edge-triggered cell FDRE clocked by clk_pl_0  {rise@0.000ns fall@5.000ns period=10.000ns})
  Path Group:             (none)
  Path Type:              Setup (Max at Slow Process Corner)
  Data Path Delay:        1.088ns  (logic 0.076ns (6.986%)  route 1.012ns (93.014%))
  Logic Levels:           0  
  Clock Path Skew:        -0.228ns (DCD - SCD + CPR)
    Destination Clock Delay (DCD):    1.764ns
    Source Clock Delay      (SCD):    1.992ns
    Clock Pessimism Removal (CPR):    0.000ns
  Clock Uncertainty:      0.130ns  ((TSJ^2 + DJ^2)^1/2) / 2 + PE
    Total System Jitter     (TSJ):    0.071ns
    Discrete Jitter          (DJ):    0.250ns
    Phase Error              (PE):    0.000ns
  Clock Net Delay (Source):      1.793ns (routing 0.753ns, distribution 1.040ns)
  Clock Net Delay (Destination): 1.604ns (routing 0.683ns, distribution 0.921ns)
  Timing Exception:       False Path

    Location             Delay type                Incr(ns)  Path(ns)    Netlist Resource(s)
  -------------------------------------------------------------------    -------------------
                         (clock clk_pl_0 rise edge)
                                                      0.000     0.000 r  
    PS8_X0Y0             PS8                          0.000     0.000 r  dma_axis_ip_example_i/zynq_ultra_ps_e_0/inst/PS8_i/PLCLK[0]
                         net (fo=1, routed)           0.171     0.171    dma_axis_ip_example_i/zynq_ultra_ps_e_0/inst/pl_clk_unbuffered[0]
    BUFG_PS_X0Y67        BUFG_PS (Prop_BUFG_PS_I_O)
                                                      0.028     0.199 r  dma_axis_ip_example_i/zynq_ultra_ps_e_0/inst/buffer_pl_clk_0.PL_CLK_0_BUFG/O
    X0Y1 (CLOCK_ROOT)    net (fo=5975, routed)        1.793     1.992    dma_axis_ip_example_i/rst_ps7_0_100M/U0/slowest_sync_clk
    SLICE_X5Y67          FDRE                                         r  dma_axis_ip_example_i/rst_ps7_0_100M/U0/ACTIVE_LOW_PR_OUT_DFF[0].FDRE_PER_N/C
  -------------------------------------------------------------------    -------------------
    SLICE_X5Y67          FDRE (Prop_EFF_SLICEM_C_Q)
                                                      0.076     2.068 r  dma_axis_ip_example_i/rst_ps7_0_100M/U0/ACTIVE_LOW_PR_OUT_DFF[0].FDRE_PER_N/Q
                         net (fo=870, routed)         1.012     3.080    dma_axis_ip_example_i/axi_dma/U0/I_RST_MODULE/REG_HRD_RST/axi_resetn
    SLICE_X1Y60          FDRE                                         r  dma_axis_ip_example_i/axi_dma/U0/I_RST_MODULE/REG_HRD_RST/GENERATE_LEVEL_P_S_CDC.SINGLE_BIT.CROSS_PLEVEL_IN2SCNDRY_IN_cdc_to/D
  -------------------------------------------------------------------    -------------------

                         (clock clk_pl_0 rise edge)
                                                      0.000     0.000 r  
    PS8_X0Y0             PS8                          0.000     0.000 r  dma_axis_ip_example_i/zynq_ultra_ps_e_0/inst/PS8_i/PLCLK[0]
                         net (fo=1, routed)           0.135     0.135    dma_axis_ip_example_i/zynq_ultra_ps_e_0/inst/pl_clk_unbuffered[0]
    BUFG_PS_X0Y67        BUFG_PS (Prop_BUFG_PS_I_O)
                                                      0.025     0.160 r  dma_axis_ip_example_i/zynq_ultra_ps_e_0/inst/buffer_pl_clk_0.PL_CLK_0_BUFG/O
    X0Y1 (CLOCK_ROOT)    net (fo=5975, routed)        1.604     1.764    dma_axis_ip_example_i/axi_dma/U0/I_RST_MODULE/REG_HRD_RST/s_axi_lite_aclk
    SLICE_X1Y60          FDRE                                         r  dma_axis_ip_example_i/axi_dma/U0/I_RST_MODULE/REG_HRD_RST/GENERATE_LEVEL_P_S_CDC.SINGLE_BIT.CROSS_PLEVEL_IN2SCNDRY_IN_cdc_to/C

Slack:                    inf
  Source:                 dma_axis_ip_example_i/rst_ps7_0_100M/U0/ACTIVE_LOW_PR_OUT_DFF[0].FDRE_PER_N/C
                            (rising edge-triggered cell FDRE clocked by clk_pl_0  {rise@0.000ns fall@5.000ns period=10.000ns})
  Destination:            dma_axis_ip_example_i/axis_data_fifo_0/inst/gen_fifo.xpm_fifo_axis_inst/gaxis_rst_sync.xpm_cdc_sync_rst_inst/syncstages_ff_reg[0]/D
                            (rising edge-triggered cell FDRE clocked by clk_pl_0  {rise@0.000ns fall@5.000ns period=10.000ns})
  Path Group:             (none)
  Path Type:              Setup (Max at Slow Process Corner)
  Data Path Delay:        0.837ns  (logic 0.174ns (20.798%)  route 0.663ns (79.202%))
  Logic Levels:           1  (LUT1=1)
  Clock Path Skew:        -0.238ns (DCD - SCD + CPR)
    Destination Clock Delay (DCD):    1.754ns
    Source Clock Delay      (SCD):    1.992ns
    Clock Pessimism Removal (CPR):    0.000ns
  Clock Uncertainty:      0.130ns  ((TSJ^2 + DJ^2)^1/2) / 2 + PE
    Total System Jitter     (TSJ):    0.071ns
    Discrete Jitter          (DJ):    0.250ns
    Phase Error              (PE):    0.000ns
  Clock Net Delay (Source):      1.793ns (routing 0.753ns, distribution 1.040ns)
  Clock Net Delay (Destination): 1.594ns (routing 0.683ns, distribution 0.911ns)
  Timing Exception:       False Path

    Location             Delay type                Incr(ns)  Path(ns)    Netlist Resource(s)
  -------------------------------------------------------------------    -------------------
                         (clock clk_pl_0 rise edge)
                                                      0.000     0.000 r  
    PS8_X0Y0             PS8                          0.000     0.000 r  dma_axis_ip_example_i/zynq_ultra_ps_e_0/inst/PS8_i/PLCLK[0]
                         net (fo=1, routed)           0.171     0.171    dma_axis_ip_example_i/zynq_ultra_ps_e_0/inst/pl_clk_unbuffered[0]
    BUFG_PS_X0Y67        BUFG_PS (Prop_BUFG_PS_I_O)
                                                      0.028     0.199 r  dma_axis_ip_example_i/zynq_ultra_ps_e_0/inst/buffer_pl_clk_0.PL_CLK_0_BUFG/O
    X0Y1 (CLOCK_ROOT)    net (fo=5975, routed)        1.793     1.992    dma_axis_ip_example_i/rst_ps7_0_100M/U0/slowest_sync_clk
    SLICE_X5Y67          FDRE                                         r  dma_axis_ip_example_i/rst_ps7_0_100M/U0/ACTIVE_LOW_PR_OUT_DFF[0].FDRE_PER_N/C
  -------------------------------------------------------------------    -------------------
    SLICE_X5Y67          FDRE (Prop_EFF_SLICEM_C_Q)
                                                      0.076     2.068 f  dma_axis_ip_example_i/rst_ps7_0_100M/U0/ACTIVE_LOW_PR_OUT_DFF[0].FDRE_PER_N/Q
                         net (fo=870, routed)         0.368     2.436    dma_axis_ip_example_i/axis_data_fifo_0/inst/gen_fifo.xpm_fifo_axis_inst/s_aresetn
    SLICE_X7Y66          LUT1 (Prop_A6LUT_SLICEL_I0_O)
                                                      0.098     2.534 r  dma_axis_ip_example_i/axis_data_fifo_0/inst/gen_fifo.xpm_fifo_axis_inst/gaxis_rst_sync.xpm_cdc_sync_rst_inst_i_1/O
                         net (fo=1, routed)           0.295     2.829    dma_axis_ip_example_i/axis_data_fifo_0/inst/gen_fifo.xpm_fifo_axis_inst/gaxis_rst_sync.xpm_cdc_sync_rst_inst/src_rst
    SLICE_X4Y68          FDRE                                         r  dma_axis_ip_example_i/axis_data_fifo_0/inst/gen_fifo.xpm_fifo_axis_inst/gaxis_rst_sync.xpm_cdc_sync_rst_inst/syncstages_ff_reg[0]/D
  -------------------------------------------------------------------    -------------------

                         (clock clk_pl_0 rise edge)
                                                      0.000     0.000 r  
    PS8_X0Y0             PS8                          0.000     0.000 r  dma_axis_ip_example_i/zynq_ultra_ps_e_0/inst/PS8_i/PLCLK[0]
                         net (fo=1, routed)           0.135     0.135    dma_axis_ip_example_i/zynq_ultra_ps_e_0/inst/pl_clk_unbuffered[0]
    BUFG_PS_X0Y67        BUFG_PS (Prop_BUFG_PS_I_O)
                                                      0.025     0.160 r  dma_axis_ip_example_i/zynq_ultra_ps_e_0/inst/buffer_pl_clk_0.PL_CLK_0_BUFG/O
    X0Y1 (CLOCK_ROOT)    net (fo=5975, routed)        1.594     1.754    dma_axis_ip_example_i/axis_data_fifo_0/inst/gen_fifo.xpm_fifo_axis_inst/gaxis_rst_sync.xpm_cdc_sync_rst_inst/dest_clk
    SLICE_X4Y68          FDRE                                         r  dma_axis_ip_example_i/axis_data_fifo_0/inst/gen_fifo.xpm_fifo_axis_inst/gaxis_rst_sync.xpm_cdc_sync_rst_inst/syncstages_ff_reg[0]/C

Slack:                    inf
  Source:                 dma_axis_ip_example_i/i2s_transmitter_0/inst/I2S_TX_V1_0_SYS_INST/CDC_AESCLRCHSTS_INST/src_level_ff_reg/C
                            (rising edge-triggered cell FDRE clocked by clk_pl_0  {rise@0.000ns fall@5.000ns period=10.000ns})
  Destination:            dma_axis_ip_example_i/i2s_transmitter_0/inst/I2S_TX_V1_0_SYS_INST/CDC_AESCLRCHSTS_INST/xpm_cdc_single_inst/syncstages_ff_reg[0]/D
                            (rising edge-triggered cell FDRE clocked by clk_pl_0  {rise@0.000ns fall@5.000ns period=10.000ns})
  Path Group:             (none)
  Path Type:              Setup (Max at Slow Process Corner)
  Data Path Delay:        0.357ns  (logic 0.077ns (21.551%)  route 0.280ns (78.449%))
  Logic Levels:           0  
  Clock Path Skew:        -0.264ns (DCD - SCD + CPR)
    Destination Clock Delay (DCD):    1.762ns
    Source Clock Delay      (SCD):    2.026ns
    Clock Pessimism Removal (CPR):    0.000ns
  Clock Uncertainty:      0.130ns  ((TSJ^2 + DJ^2)^1/2) / 2 + PE
    Total System Jitter     (TSJ):    0.071ns
    Discrete Jitter          (DJ):    0.250ns
    Phase Error              (PE):    0.000ns
  Clock Net Delay (Source):      1.827ns (routing 0.753ns, distribution 1.074ns)
  Clock Net Delay (Destination): 1.602ns (routing 0.683ns, distribution 0.919ns)
  Timing Exception:       False Path

    Location             Delay type                Incr(ns)  Path(ns)    Netlist Resource(s)
  -------------------------------------------------------------------    -------------------
                         (clock clk_pl_0 rise edge)
                                                      0.000     0.000 r  
    PS8_X0Y0             PS8                          0.000     0.000 r  dma_axis_ip_example_i/zynq_ultra_ps_e_0/inst/PS8_i/PLCLK[0]
                         net (fo=1, routed)           0.171     0.171    dma_axis_ip_example_i/zynq_ultra_ps_e_0/inst/pl_clk_unbuffered[0]
    BUFG_PS_X0Y67        BUFG_PS (Prop_BUFG_PS_I_O)
                                                      0.028     0.199 r  dma_axis_ip_example_i/zynq_ultra_ps_e_0/inst/buffer_pl_clk_0.PL_CLK_0_BUFG/O
    X0Y1 (CLOCK_ROOT)    net (fo=5975, routed)        1.827     2.026    dma_axis_ip_example_i/i2s_transmitter_0/inst/I2S_TX_V1_0_SYS_INST/CDC_AESCLRCHSTS_INST/src_clk
    SLICE_X9Y63          FDRE                                         r  dma_axis_ip_example_i/i2s_transmitter_0/inst/I2S_TX_V1_0_SYS_INST/CDC_AESCLRCHSTS_INST/src_level_ff_reg/C
  -------------------------------------------------------------------    -------------------
    SLICE_X9Y63          FDRE (Prop_AFF_SLICEM_C_Q)
                                                      0.077     2.103 r  dma_axis_ip_example_i/i2s_transmitter_0/inst/I2S_TX_V1_0_SYS_INST/CDC_AESCLRCHSTS_INST/src_level_ff_reg/Q
                         net (fo=2, routed)           0.280     2.383    dma_axis_ip_example_i/i2s_transmitter_0/inst/I2S_TX_V1_0_SYS_INST/CDC_AESCLRCHSTS_INST/xpm_cdc_single_inst/src_in
    SLICE_X9Y64          FDRE                                         r  dma_axis_ip_example_i/i2s_transmitter_0/inst/I2S_TX_V1_0_SYS_INST/CDC_AESCLRCHSTS_INST/xpm_cdc_single_inst/syncstages_ff_reg[0]/D
  -------------------------------------------------------------------    -------------------

                         (clock clk_pl_0 rise edge)
                                                      0.000     0.000 r  
    PS8_X0Y0             PS8                          0.000     0.000 r  dma_axis_ip_example_i/zynq_ultra_ps_e_0/inst/PS8_i/PLCLK[0]
                         net (fo=1, routed)           0.135     0.135    dma_axis_ip_example_i/zynq_ultra_ps_e_0/inst/pl_clk_unbuffered[0]
    BUFG_PS_X0Y67        BUFG_PS (Prop_BUFG_PS_I_O)
                                                      0.025     0.160 r  dma_axis_ip_example_i/zynq_ultra_ps_e_0/inst/buffer_pl_clk_0.PL_CLK_0_BUFG/O
    X0Y1 (CLOCK_ROOT)    net (fo=5975, routed)        1.602     1.762    dma_axis_ip_example_i/i2s_transmitter_0/inst/I2S_TX_V1_0_SYS_INST/CDC_AESCLRCHSTS_INST/xpm_cdc_single_inst/dest_clk
    SLICE_X9Y64          FDRE                                         r  dma_axis_ip_example_i/i2s_transmitter_0/inst/I2S_TX_V1_0_SYS_INST/CDC_AESCLRCHSTS_INST/xpm_cdc_single_inst/syncstages_ff_reg[0]/C





Min Delay Paths
--------------------------------------------------------------------------------------
Slack:                    inf
  Source:                 dma_axis_ip_example_i/i2s_transmitter_0/inst/I2S_TX_V1_0_SYS_INST/CDC_AESCHSTSUPD_INST/src_level_ff_reg/C
                            (rising edge-triggered cell FDRE clocked by clk_pl_0  {rise@0.000ns fall@5.000ns period=10.000ns})
  Destination:            dma_axis_ip_example_i/i2s_transmitter_0/inst/I2S_TX_V1_0_SYS_INST/CDC_AESCHSTSUPD_INST/xpm_cdc_single_inst/syncstages_ff_reg[0]/D
                            (rising edge-triggered cell FDRE clocked by clk_pl_0  {rise@0.000ns fall@5.000ns period=10.000ns})
  Path Group:             (none)
  Path Type:              Hold (Min at Fast Process Corner)
  Data Path Delay:        0.117ns  (logic 0.039ns (33.307%)  route 0.078ns (66.693%))
  Logic Levels:           0  
  Clock Path Skew:        0.155ns (DCD - SCD - CPR)
    Destination Clock Delay (DCD):    1.257ns
    Source Clock Delay      (SCD):    1.102ns
    Clock Pessimism Removal (CPR):    -0.000ns
  Clock Uncertainty:      0.130ns  ((TSJ^2 + DJ^2)^1/2) / 2 + PE
    Total System Jitter     (TSJ):    0.071ns
    Discrete Jitter          (DJ):    0.250ns
    Phase Error              (PE):    0.000ns
  Clock Net Delay (Source):      0.991ns (routing 0.410ns, distribution 0.581ns)
  Clock Net Delay (Destination): 1.119ns (routing 0.459ns, distribution 0.660ns)
  Timing Exception:       False Path

    Location             Delay type                Incr(ns)  Path(ns)    Netlist Resource(s)
  -------------------------------------------------------------------    -------------------
                         (clock clk_pl_0 rise edge)
                                                      0.000     0.000 r  
    PS8_X0Y0             PS8                          0.000     0.000 r  dma_axis_ip_example_i/zynq_ultra_ps_e_0/inst/PS8_i/PLCLK[0]
                         net (fo=1, routed)           0.094     0.094    dma_axis_ip_example_i/zynq_ultra_ps_e_0/inst/pl_clk_unbuffered[0]
    BUFG_PS_X0Y67        BUFG_PS (Prop_BUFG_PS_I_O)
                                                      0.017     0.111 r  dma_axis_ip_example_i/zynq_ultra_ps_e_0/inst/buffer_pl_clk_0.PL_CLK_0_BUFG/O
    X0Y1 (CLOCK_ROOT)    net (fo=5975, routed)        0.991     1.102    dma_axis_ip_example_i/i2s_transmitter_0/inst/I2S_TX_V1_0_SYS_INST/CDC_AESCHSTSUPD_INST/src_clk
    SLICE_X10Y64         FDRE                                         r  dma_axis_ip_example_i/i2s_transmitter_0/inst/I2S_TX_V1_0_SYS_INST/CDC_AESCHSTSUPD_INST/src_level_ff_reg/C
  -------------------------------------------------------------------    -------------------
    SLICE_X10Y64         FDRE (Prop_HFF_SLICEL_C_Q)
                                                      0.039     1.141 r  dma_axis_ip_example_i/i2s_transmitter_0/inst/I2S_TX_V1_0_SYS_INST/CDC_AESCHSTSUPD_INST/src_level_ff_reg/Q
                         net (fo=2, routed)           0.078     1.219    dma_axis_ip_example_i/i2s_transmitter_0/inst/I2S_TX_V1_0_SYS_INST/CDC_AESCHSTSUPD_INST/xpm_cdc_single_inst/src_in
    SLICE_X11Y65         FDRE                                         r  dma_axis_ip_example_i/i2s_transmitter_0/inst/I2S_TX_V1_0_SYS_INST/CDC_AESCHSTSUPD_INST/xpm_cdc_single_inst/syncstages_ff_reg[0]/D
  -------------------------------------------------------------------    -------------------

                         (clock clk_pl_0 rise edge)
                                                      0.000     0.000 r  
    PS8_X0Y0             PS8                          0.000     0.000 r  dma_axis_ip_example_i/zynq_ultra_ps_e_0/inst/PS8_i/PLCLK[0]
                         net (fo=1, routed)           0.120     0.120    dma_axis_ip_example_i/zynq_ultra_ps_e_0/inst/pl_clk_unbuffered[0]
    BUFG_PS_X0Y67        BUFG_PS (Prop_BUFG_PS_I_O)
                                                      0.018     0.138 r  dma_axis_ip_example_i/zynq_ultra_ps_e_0/inst/buffer_pl_clk_0.PL_CLK_0_BUFG/O
    X0Y1 (CLOCK_ROOT)    net (fo=5975, routed)        1.119     1.257    dma_axis_ip_example_i/i2s_transmitter_0/inst/I2S_TX_V1_0_SYS_INST/CDC_AESCHSTSUPD_INST/xpm_cdc_single_inst/dest_clk
    SLICE_X11Y65         FDRE                                         r  dma_axis_ip_example_i/i2s_transmitter_0/inst/I2S_TX_V1_0_SYS_INST/CDC_AESCHSTSUPD_INST/xpm_cdc_single_inst/syncstages_ff_reg[0]/C

Slack:                    inf
  Source:                 dma_axis_ip_example_i/i2s_transmitter_0/inst/I2S_TX_V1_0_SYS_INST/CDC_AESBSYNCERR_INST/src_level_ff_reg/C
                            (rising edge-triggered cell FDRE clocked by clk_pl_0  {rise@0.000ns fall@5.000ns period=10.000ns})
  Destination:            dma_axis_ip_example_i/i2s_transmitter_0/inst/I2S_TX_V1_0_SYS_INST/CDC_AESBSYNCERR_INST/xpm_cdc_single_inst/syncstages_ff_reg[0]/D
                            (rising edge-triggered cell FDRE clocked by clk_pl_0  {rise@0.000ns fall@5.000ns period=10.000ns})
  Path Group:             (none)
  Path Type:              Hold (Min at Fast Process Corner)
  Data Path Delay:        0.128ns  (logic 0.038ns (29.666%)  route 0.090ns (70.334%))
  Logic Levels:           0  
  Clock Path Skew:        0.157ns (DCD - SCD - CPR)
    Destination Clock Delay (DCD):    1.263ns
    Source Clock Delay      (SCD):    1.106ns
    Clock Pessimism Removal (CPR):    -0.000ns
  Clock Uncertainty:      0.130ns  ((TSJ^2 + DJ^2)^1/2) / 2 + PE
    Total System Jitter     (TSJ):    0.071ns
    Discrete Jitter          (DJ):    0.250ns
    Phase Error              (PE):    0.000ns
  Clock Net Delay (Source):      0.995ns (routing 0.410ns, distribution 0.585ns)
  Clock Net Delay (Destination): 1.125ns (routing 0.459ns, distribution 0.666ns)
  Timing Exception:       False Path

    Location             Delay type                Incr(ns)  Path(ns)    Netlist Resource(s)
  -------------------------------------------------------------------    -------------------
                         (clock clk_pl_0 rise edge)
                                                      0.000     0.000 r  
    PS8_X0Y0             PS8                          0.000     0.000 r  dma_axis_ip_example_i/zynq_ultra_ps_e_0/inst/PS8_i/PLCLK[0]
                         net (fo=1, routed)           0.094     0.094    dma_axis_ip_example_i/zynq_ultra_ps_e_0/inst/pl_clk_unbuffered[0]
    BUFG_PS_X0Y67        BUFG_PS (Prop_BUFG_PS_I_O)
                                                      0.017     0.111 r  dma_axis_ip_example_i/zynq_ultra_ps_e_0/inst/buffer_pl_clk_0.PL_CLK_0_BUFG/O
    X0Y1 (CLOCK_ROOT)    net (fo=5975, routed)        0.995     1.106    dma_axis_ip_example_i/i2s_transmitter_0/inst/I2S_TX_V1_0_SYS_INST/CDC_AESBSYNCERR_INST/src_clk
    SLICE_X9Y63          FDRE                                         r  dma_axis_ip_example_i/i2s_transmitter_0/inst/I2S_TX_V1_0_SYS_INST/CDC_AESBSYNCERR_INST/src_level_ff_reg/C
  -------------------------------------------------------------------    -------------------
    SLICE_X9Y63          FDRE (Prop_CFF_SLICEM_C_Q)
                                                      0.038     1.144 r  dma_axis_ip_example_i/i2s_transmitter_0/inst/I2S_TX_V1_0_SYS_INST/CDC_AESBSYNCERR_INST/src_level_ff_reg/Q
                         net (fo=2, routed)           0.090     1.234    dma_axis_ip_example_i/i2s_transmitter_0/inst/I2S_TX_V1_0_SYS_INST/CDC_AESBSYNCERR_INST/xpm_cdc_single_inst/src_in
    SLICE_X7Y61          FDRE                                         r  dma_axis_ip_example_i/i2s_transmitter_0/inst/I2S_TX_V1_0_SYS_INST/CDC_AESBSYNCERR_INST/xpm_cdc_single_inst/syncstages_ff_reg[0]/D
  -------------------------------------------------------------------    -------------------

                         (clock clk_pl_0 rise edge)
                                                      0.000     0.000 r  
    PS8_X0Y0             PS8                          0.000     0.000 r  dma_axis_ip_example_i/zynq_ultra_ps_e_0/inst/PS8_i/PLCLK[0]
                         net (fo=1, routed)           0.120     0.120    dma_axis_ip_example_i/zynq_ultra_ps_e_0/inst/pl_clk_unbuffered[0]
    BUFG_PS_X0Y67        BUFG_PS (Prop_BUFG_PS_I_O)
                                                      0.018     0.138 r  dma_axis_ip_example_i/zynq_ultra_ps_e_0/inst/buffer_pl_clk_0.PL_CLK_0_BUFG/O
    X0Y1 (CLOCK_ROOT)    net (fo=5975, routed)        1.125     1.263    dma_axis_ip_example_i/i2s_transmitter_0/inst/I2S_TX_V1_0_SYS_INST/CDC_AESBSYNCERR_INST/xpm_cdc_single_inst/dest_clk
    SLICE_X7Y61          FDRE                                         r  dma_axis_ip_example_i/i2s_transmitter_0/inst/I2S_TX_V1_0_SYS_INST/CDC_AESBSYNCERR_INST/xpm_cdc_single_inst/syncstages_ff_reg[0]/C

Slack:                    inf
  Source:                 dma_axis_ip_example_i/i2s_transmitter_0/inst/I2S_TX_V1_0_SYS_INST/CDC_AESBLKCMPLT_INST/src_level_ff_reg/C
                            (rising edge-triggered cell FDRE clocked by clk_pl_0  {rise@0.000ns fall@5.000ns period=10.000ns})
  Destination:            dma_axis_ip_example_i/i2s_transmitter_0/inst/I2S_TX_V1_0_SYS_INST/CDC_AESBLKCMPLT_INST/xpm_cdc_single_inst/syncstages_ff_reg[0]/D
                            (rising edge-triggered cell FDRE clocked by clk_pl_0  {rise@0.000ns fall@5.000ns period=10.000ns})
  Path Group:             (none)
  Path Type:              Hold (Min at Fast Process Corner)
  Data Path Delay:        0.147ns  (logic 0.039ns (26.514%)  route 0.108ns (73.486%))
  Logic Levels:           0  
  Clock Path Skew:        0.153ns (DCD - SCD - CPR)
    Destination Clock Delay (DCD):    1.258ns
    Source Clock Delay      (SCD):    1.106ns
    Clock Pessimism Removal (CPR):    -0.000ns
  Clock Uncertainty:      0.130ns  ((TSJ^2 + DJ^2)^1/2) / 2 + PE
    Total System Jitter     (TSJ):    0.071ns
    Discrete Jitter          (DJ):    0.250ns
    Phase Error              (PE):    0.000ns
  Clock Net Delay (Source):      0.995ns (routing 0.410ns, distribution 0.585ns)
  Clock Net Delay (Destination): 1.120ns (routing 0.459ns, distribution 0.661ns)
  Timing Exception:       False Path

    Location             Delay type                Incr(ns)  Path(ns)    Netlist Resource(s)
  -------------------------------------------------------------------    -------------------
                         (clock clk_pl_0 rise edge)
                                                      0.000     0.000 r  
    PS8_X0Y0             PS8                          0.000     0.000 r  dma_axis_ip_example_i/zynq_ultra_ps_e_0/inst/PS8_i/PLCLK[0]
                         net (fo=1, routed)           0.094     0.094    dma_axis_ip_example_i/zynq_ultra_ps_e_0/inst/pl_clk_unbuffered[0]
    BUFG_PS_X0Y67        BUFG_PS (Prop_BUFG_PS_I_O)
                                                      0.017     0.111 r  dma_axis_ip_example_i/zynq_ultra_ps_e_0/inst/buffer_pl_clk_0.PL_CLK_0_BUFG/O
    X0Y1 (CLOCK_ROOT)    net (fo=5975, routed)        0.995     1.106    dma_axis_ip_example_i/i2s_transmitter_0/inst/I2S_TX_V1_0_SYS_INST/CDC_AESBLKCMPLT_INST/src_clk
    SLICE_X9Y63          FDRE                                         r  dma_axis_ip_example_i/i2s_transmitter_0/inst/I2S_TX_V1_0_SYS_INST/CDC_AESBLKCMPLT_INST/src_level_ff_reg/C
  -------------------------------------------------------------------    -------------------
    SLICE_X9Y63          FDRE (Prop_DFF_SLICEM_C_Q)
                                                      0.039     1.145 r  dma_axis_ip_example_i/i2s_transmitter_0/inst/I2S_TX_V1_0_SYS_INST/CDC_AESBLKCMPLT_INST/src_level_ff_reg/Q
                         net (fo=2, routed)           0.108     1.253    dma_axis_ip_example_i/i2s_transmitter_0/inst/I2S_TX_V1_0_SYS_INST/CDC_AESBLKCMPLT_INST/xpm_cdc_single_inst/src_in
    SLICE_X8Y63          FDRE                                         r  dma_axis_ip_example_i/i2s_transmitter_0/inst/I2S_TX_V1_0_SYS_INST/CDC_AESBLKCMPLT_INST/xpm_cdc_single_inst/syncstages_ff_reg[0]/D
  -------------------------------------------------------------------    -------------------

                         (clock clk_pl_0 rise edge)
                                                      0.000     0.000 r  
    PS8_X0Y0             PS8                          0.000     0.000 r  dma_axis_ip_example_i/zynq_ultra_ps_e_0/inst/PS8_i/PLCLK[0]
                         net (fo=1, routed)           0.120     0.120    dma_axis_ip_example_i/zynq_ultra_ps_e_0/inst/pl_clk_unbuffered[0]
    BUFG_PS_X0Y67        BUFG_PS (Prop_BUFG_PS_I_O)
                                                      0.018     0.138 r  dma_axis_ip_example_i/zynq_ultra_ps_e_0/inst/buffer_pl_clk_0.PL_CLK_0_BUFG/O
    X0Y1 (CLOCK_ROOT)    net (fo=5975, routed)        1.120     1.258    dma_axis_ip_example_i/i2s_transmitter_0/inst/I2S_TX_V1_0_SYS_INST/CDC_AESBLKCMPLT_INST/xpm_cdc_single_inst/dest_clk
    SLICE_X8Y63          FDRE                                         r  dma_axis_ip_example_i/i2s_transmitter_0/inst/I2S_TX_V1_0_SYS_INST/CDC_AESBLKCMPLT_INST/xpm_cdc_single_inst/syncstages_ff_reg[0]/C

Slack:                    inf
  Source:                 dma_axis_ip_example_i/i2s_transmitter_0/inst/I2S_TX_V1_0_SYS_INST/CDC_AESCLRCHSTS_INST/src_level_ff_reg/C
                            (rising edge-triggered cell FDRE clocked by clk_pl_0  {rise@0.000ns fall@5.000ns period=10.000ns})
  Destination:            dma_axis_ip_example_i/i2s_transmitter_0/inst/I2S_TX_V1_0_SYS_INST/CDC_AESCLRCHSTS_INST/xpm_cdc_single_inst/syncstages_ff_reg[0]/D
                            (rising edge-triggered cell FDRE clocked by clk_pl_0  {rise@0.000ns fall@5.000ns period=10.000ns})
  Path Group:             (none)
  Path Type:              Hold (Min at Fast Process Corner)
  Data Path Delay:        0.156ns  (logic 0.038ns (24.344%)  route 0.118ns (75.656%))
  Logic Levels:           0  
  Clock Path Skew:        0.153ns (DCD - SCD - CPR)
    Destination Clock Delay (DCD):    1.258ns
    Source Clock Delay      (SCD):    1.106ns
    Clock Pessimism Removal (CPR):    -0.000ns
  Clock Uncertainty:      0.130ns  ((TSJ^2 + DJ^2)^1/2) / 2 + PE
    Total System Jitter     (TSJ):    0.071ns
    Discrete Jitter          (DJ):    0.250ns
    Phase Error              (PE):    0.000ns
  Clock Net Delay (Source):      0.995ns (routing 0.410ns, distribution 0.585ns)
  Clock Net Delay (Destination): 1.120ns (routing 0.459ns, distribution 0.661ns)
  Timing Exception:       False Path

    Location             Delay type                Incr(ns)  Path(ns)    Netlist Resource(s)
  -------------------------------------------------------------------    -------------------
                         (clock clk_pl_0 rise edge)
                                                      0.000     0.000 r  
    PS8_X0Y0             PS8                          0.000     0.000 r  dma_axis_ip_example_i/zynq_ultra_ps_e_0/inst/PS8_i/PLCLK[0]
                         net (fo=1, routed)           0.094     0.094    dma_axis_ip_example_i/zynq_ultra_ps_e_0/inst/pl_clk_unbuffered[0]
    BUFG_PS_X0Y67        BUFG_PS (Prop_BUFG_PS_I_O)
                                                      0.017     0.111 r  dma_axis_ip_example_i/zynq_ultra_ps_e_0/inst/buffer_pl_clk_0.PL_CLK_0_BUFG/O
    X0Y1 (CLOCK_ROOT)    net (fo=5975, routed)        0.995     1.106    dma_axis_ip_example_i/i2s_transmitter_0/inst/I2S_TX_V1_0_SYS_INST/CDC_AESCLRCHSTS_INST/src_clk
    SLICE_X9Y63          FDRE                                         r  dma_axis_ip_example_i/i2s_transmitter_0/inst/I2S_TX_V1_0_SYS_INST/CDC_AESCLRCHSTS_INST/src_level_ff_reg/C
  -------------------------------------------------------------------    -------------------
    SLICE_X9Y63          FDRE (Prop_AFF_SLICEM_C_Q)
                                                      0.038     1.144 r  dma_axis_ip_example_i/i2s_transmitter_0/inst/I2S_TX_V1_0_SYS_INST/CDC_AESCLRCHSTS_INST/src_level_ff_reg/Q
                         net (fo=2, routed)           0.118     1.262    dma_axis_ip_example_i/i2s_transmitter_0/inst/I2S_TX_V1_0_SYS_INST/CDC_AESCLRCHSTS_INST/xpm_cdc_single_inst/src_in
    SLICE_X9Y64          FDRE                                         r  dma_axis_ip_example_i/i2s_transmitter_0/inst/I2S_TX_V1_0_SYS_INST/CDC_AESCLRCHSTS_INST/xpm_cdc_single_inst/syncstages_ff_reg[0]/D
  -------------------------------------------------------------------    -------------------

                         (clock clk_pl_0 rise edge)
                                                      0.000     0.000 r  
    PS8_X0Y0             PS8                          0.000     0.000 r  dma_axis_ip_example_i/zynq_ultra_ps_e_0/inst/PS8_i/PLCLK[0]
                         net (fo=1, routed)           0.120     0.120    dma_axis_ip_example_i/zynq_ultra_ps_e_0/inst/pl_clk_unbuffered[0]
    BUFG_PS_X0Y67        BUFG_PS (Prop_BUFG_PS_I_O)
                                                      0.018     0.138 r  dma_axis_ip_example_i/zynq_ultra_ps_e_0/inst/buffer_pl_clk_0.PL_CLK_0_BUFG/O
    X0Y1 (CLOCK_ROOT)    net (fo=5975, routed)        1.120     1.258    dma_axis_ip_example_i/i2s_transmitter_0/inst/I2S_TX_V1_0_SYS_INST/CDC_AESCLRCHSTS_INST/xpm_cdc_single_inst/dest_clk
    SLICE_X9Y64          FDRE                                         r  dma_axis_ip_example_i/i2s_transmitter_0/inst/I2S_TX_V1_0_SYS_INST/CDC_AESCLRCHSTS_INST/xpm_cdc_single_inst/syncstages_ff_reg[0]/C

Slack:                    inf
  Source:                 dma_axis_ip_example_i/rst_ps7_0_100M/U0/ACTIVE_LOW_PR_OUT_DFF[0].FDRE_PER_N/C
                            (rising edge-triggered cell FDRE clocked by clk_pl_0  {rise@0.000ns fall@5.000ns period=10.000ns})
  Destination:            dma_axis_ip_example_i/axis_data_fifo_0/inst/gen_fifo.xpm_fifo_axis_inst/gaxis_rst_sync.xpm_cdc_sync_rst_inst/syncstages_ff_reg[0]/D
                            (rising edge-triggered cell FDRE clocked by clk_pl_0  {rise@0.000ns fall@5.000ns period=10.000ns})
  Path Group:             (none)
  Path Type:              Hold (Min at Fast Process Corner)
  Data Path Delay:        0.393ns  (logic 0.079ns (20.091%)  route 0.314ns (79.909%))
  Logic Levels:           1  (LUT1=1)
  Clock Path Skew:        0.155ns (DCD - SCD - CPR)
    Destination Clock Delay (DCD):    1.250ns
    Source Clock Delay      (SCD):    1.095ns
    Clock Pessimism Removal (CPR):    -0.000ns
  Clock Uncertainty:      0.130ns  ((TSJ^2 + DJ^2)^1/2) / 2 + PE
    Total System Jitter     (TSJ):    0.071ns
    Discrete Jitter          (DJ):    0.250ns
    Phase Error              (PE):    0.000ns
  Clock Net Delay (Source):      0.984ns (routing 0.410ns, distribution 0.574ns)
  Clock Net Delay (Destination): 1.112ns (routing 0.459ns, distribution 0.653ns)
  Timing Exception:       False Path

    Location             Delay type                Incr(ns)  Path(ns)    Netlist Resource(s)
  -------------------------------------------------------------------    -------------------
                         (clock clk_pl_0 rise edge)
                                                      0.000     0.000 r  
    PS8_X0Y0             PS8                          0.000     0.000 r  dma_axis_ip_example_i/zynq_ultra_ps_e_0/inst/PS8_i/PLCLK[0]
                         net (fo=1, routed)           0.094     0.094    dma_axis_ip_example_i/zynq_ultra_ps_e_0/inst/pl_clk_unbuffered[0]
    BUFG_PS_X0Y67        BUFG_PS (Prop_BUFG_PS_I_O)
                                                      0.017     0.111 r  dma_axis_ip_example_i/zynq_ultra_ps_e_0/inst/buffer_pl_clk_0.PL_CLK_0_BUFG/O
    X0Y1 (CLOCK_ROOT)    net (fo=5975, routed)        0.984     1.095    dma_axis_ip_example_i/rst_ps7_0_100M/U0/slowest_sync_clk
    SLICE_X5Y67          FDRE                                         r  dma_axis_ip_example_i/rst_ps7_0_100M/U0/ACTIVE_LOW_PR_OUT_DFF[0].FDRE_PER_N/C
  -------------------------------------------------------------------    -------------------
    SLICE_X5Y67          FDRE (Prop_EFF_SLICEM_C_Q)
                                                      0.038     1.133 f  dma_axis_ip_example_i/rst_ps7_0_100M/U0/ACTIVE_LOW_PR_OUT_DFF[0].FDRE_PER_N/Q
                         net (fo=870, routed)         0.186     1.319    dma_axis_ip_example_i/axis_data_fifo_0/inst/gen_fifo.xpm_fifo_axis_inst/s_aresetn
    SLICE_X7Y66          LUT1 (Prop_A6LUT_SLICEL_I0_O)
                                                      0.041     1.360 r  dma_axis_ip_example_i/axis_data_fifo_0/inst/gen_fifo.xpm_fifo_axis_inst/gaxis_rst_sync.xpm_cdc_sync_rst_inst_i_1/O
                         net (fo=1, routed)           0.128     1.488    dma_axis_ip_example_i/axis_data_fifo_0/inst/gen_fifo.xpm_fifo_axis_inst/gaxis_rst_sync.xpm_cdc_sync_rst_inst/src_rst
    SLICE_X4Y68          FDRE                                         r  dma_axis_ip_example_i/axis_data_fifo_0/inst/gen_fifo.xpm_fifo_axis_inst/gaxis_rst_sync.xpm_cdc_sync_rst_inst/syncstages_ff_reg[0]/D
  -------------------------------------------------------------------    -------------------

                         (clock clk_pl_0 rise edge)
                                                      0.000     0.000 r  
    PS8_X0Y0             PS8                          0.000     0.000 r  dma_axis_ip_example_i/zynq_ultra_ps_e_0/inst/PS8_i/PLCLK[0]
                         net (fo=1, routed)           0.120     0.120    dma_axis_ip_example_i/zynq_ultra_ps_e_0/inst/pl_clk_unbuffered[0]
    BUFG_PS_X0Y67        BUFG_PS (Prop_BUFG_PS_I_O)
                                                      0.018     0.138 r  dma_axis_ip_example_i/zynq_ultra_ps_e_0/inst/buffer_pl_clk_0.PL_CLK_0_BUFG/O
    X0Y1 (CLOCK_ROOT)    net (fo=5975, routed)        1.112     1.250    dma_axis_ip_example_i/axis_data_fifo_0/inst/gen_fifo.xpm_fifo_axis_inst/gaxis_rst_sync.xpm_cdc_sync_rst_inst/dest_clk
    SLICE_X4Y68          FDRE                                         r  dma_axis_ip_example_i/axis_data_fifo_0/inst/gen_fifo.xpm_fifo_axis_inst/gaxis_rst_sync.xpm_cdc_sync_rst_inst/syncstages_ff_reg[0]/C

Slack:                    inf
  Source:                 dma_axis_ip_example_i/rst_ps7_0_100M/U0/ACTIVE_LOW_PR_OUT_DFF[0].FDRE_PER_N/C
                            (rising edge-triggered cell FDRE clocked by clk_pl_0  {rise@0.000ns fall@5.000ns period=10.000ns})
  Destination:            dma_axis_ip_example_i/axi_dma/U0/I_RST_MODULE/REG_HRD_RST/GENERATE_LEVEL_P_S_CDC.SINGLE_BIT.CROSS_PLEVEL_IN2SCNDRY_IN_cdc_to/D
                            (rising edge-triggered cell FDRE clocked by clk_pl_0  {rise@0.000ns fall@5.000ns period=10.000ns})
  Path Group:             (none)
  Path Type:              Hold (Min at Fast Process Corner)
  Data Path Delay:        0.496ns  (logic 0.038ns (7.660%)  route 0.458ns (92.340%))
  Logic Levels:           0  
  Clock Path Skew:        0.163ns (DCD - SCD - CPR)
    Destination Clock Delay (DCD):    1.258ns
    Source Clock Delay      (SCD):    1.095ns
    Clock Pessimism Removal (CPR):    -0.000ns
  Clock Uncertainty:      0.130ns  ((TSJ^2 + DJ^2)^1/2) / 2 + PE
    Total System Jitter     (TSJ):    0.071ns
    Discrete Jitter          (DJ):    0.250ns
    Phase Error              (PE):    0.000ns
  Clock Net Delay (Source):      0.984ns (routing 0.410ns, distribution 0.574ns)
  Clock Net Delay (Destination): 1.120ns (routing 0.459ns, distribution 0.661ns)
  Timing Exception:       False Path

    Location             Delay type                Incr(ns)  Path(ns)    Netlist Resource(s)
  -------------------------------------------------------------------    -------------------
                         (clock clk_pl_0 rise edge)
                                                      0.000     0.000 r  
    PS8_X0Y0             PS8                          0.000     0.000 r  dma_axis_ip_example_i/zynq_ultra_ps_e_0/inst/PS8_i/PLCLK[0]
                         net (fo=1, routed)           0.094     0.094    dma_axis_ip_example_i/zynq_ultra_ps_e_0/inst/pl_clk_unbuffered[0]
    BUFG_PS_X0Y67        BUFG_PS (Prop_BUFG_PS_I_O)
                                                      0.017     0.111 r  dma_axis_ip_example_i/zynq_ultra_ps_e_0/inst/buffer_pl_clk_0.PL_CLK_0_BUFG/O
    X0Y1 (CLOCK_ROOT)    net (fo=5975, routed)        0.984     1.095    dma_axis_ip_example_i/rst_ps7_0_100M/U0/slowest_sync_clk
    SLICE_X5Y67          FDRE                                         r  dma_axis_ip_example_i/rst_ps7_0_100M/U0/ACTIVE_LOW_PR_OUT_DFF[0].FDRE_PER_N/C
  -------------------------------------------------------------------    -------------------
    SLICE_X5Y67          FDRE (Prop_EFF_SLICEM_C_Q)
                                                      0.038     1.133 r  dma_axis_ip_example_i/rst_ps7_0_100M/U0/ACTIVE_LOW_PR_OUT_DFF[0].FDRE_PER_N/Q
                         net (fo=870, routed)         0.458     1.591    dma_axis_ip_example_i/axi_dma/U0/I_RST_MODULE/REG_HRD_RST/axi_resetn
    SLICE_X1Y60          FDRE                                         r  dma_axis_ip_example_i/axi_dma/U0/I_RST_MODULE/REG_HRD_RST/GENERATE_LEVEL_P_S_CDC.SINGLE_BIT.CROSS_PLEVEL_IN2SCNDRY_IN_cdc_to/D
  -------------------------------------------------------------------    -------------------

                         (clock clk_pl_0 rise edge)
                                                      0.000     0.000 r  
    PS8_X0Y0             PS8                          0.000     0.000 r  dma_axis_ip_example_i/zynq_ultra_ps_e_0/inst/PS8_i/PLCLK[0]
                         net (fo=1, routed)           0.120     0.120    dma_axis_ip_example_i/zynq_ultra_ps_e_0/inst/pl_clk_unbuffered[0]
    BUFG_PS_X0Y67        BUFG_PS (Prop_BUFG_PS_I_O)
                                                      0.018     0.138 r  dma_axis_ip_example_i/zynq_ultra_ps_e_0/inst/buffer_pl_clk_0.PL_CLK_0_BUFG/O
    X0Y1 (CLOCK_ROOT)    net (fo=5975, routed)        1.120     1.258    dma_axis_ip_example_i/axi_dma/U0/I_RST_MODULE/REG_HRD_RST/s_axi_lite_aclk
    SLICE_X1Y60          FDRE                                         r  dma_axis_ip_example_i/axi_dma/U0/I_RST_MODULE/REG_HRD_RST/GENERATE_LEVEL_P_S_CDC.SINGLE_BIT.CROSS_PLEVEL_IN2SCNDRY_IN_cdc_to/C

Slack:                    inf
  Source:                 dma_axis_ip_example_i/rst_ps7_0_100M/U0/ACTIVE_LOW_PR_OUT_DFF[0].FDRE_PER_N/C
                            (rising edge-triggered cell FDRE clocked by clk_pl_0  {rise@0.000ns fall@5.000ns period=10.000ns})
  Destination:            dma_axis_ip_example_i/axi_dma/U0/I_RST_MODULE/REG_HRD_RST_OUT/GENERATE_LEVEL_P_S_CDC.SINGLE_BIT.CROSS_PLEVEL_IN2SCNDRY_IN_cdc_to/D
                            (rising edge-triggered cell FDRE clocked by clk_pl_0  {rise@0.000ns fall@5.000ns period=10.000ns})
  Path Group:             (none)
  Path Type:              Hold (Min at Fast Process Corner)
  Data Path Delay:        0.551ns  (logic 0.038ns (6.898%)  route 0.513ns (93.102%))
  Logic Levels:           0  
  Clock Path Skew:        0.172ns (DCD - SCD - CPR)
    Destination Clock Delay (DCD):    1.267ns
    Source Clock Delay      (SCD):    1.095ns
    Clock Pessimism Removal (CPR):    -0.000ns
  Clock Uncertainty:      0.130ns  ((TSJ^2 + DJ^2)^1/2) / 2 + PE
    Total System Jitter     (TSJ):    0.071ns
    Discrete Jitter          (DJ):    0.250ns
    Phase Error              (PE):    0.000ns
  Clock Net Delay (Source):      0.984ns (routing 0.410ns, distribution 0.574ns)
  Clock Net Delay (Destination): 1.129ns (routing 0.459ns, distribution 0.670ns)
  Timing Exception:       False Path

    Location             Delay type                Incr(ns)  Path(ns)    Netlist Resource(s)
  -------------------------------------------------------------------    -------------------
                         (clock clk_pl_0 rise edge)
                                                      0.000     0.000 r  
    PS8_X0Y0             PS8                          0.000     0.000 r  dma_axis_ip_example_i/zynq_ultra_ps_e_0/inst/PS8_i/PLCLK[0]
                         net (fo=1, routed)           0.094     0.094    dma_axis_ip_example_i/zynq_ultra_ps_e_0/inst/pl_clk_unbuffered[0]
    BUFG_PS_X0Y67        BUFG_PS (Prop_BUFG_PS_I_O)
                                                      0.017     0.111 r  dma_axis_ip_example_i/zynq_ultra_ps_e_0/inst/buffer_pl_clk_0.PL_CLK_0_BUFG/O
    X0Y1 (CLOCK_ROOT)    net (fo=5975, routed)        0.984     1.095    dma_axis_ip_example_i/rst_ps7_0_100M/U0/slowest_sync_clk
    SLICE_X5Y67          FDRE                                         r  dma_axis_ip_example_i/rst_ps7_0_100M/U0/ACTIVE_LOW_PR_OUT_DFF[0].FDRE_PER_N/C
  -------------------------------------------------------------------    -------------------
    SLICE_X5Y67          FDRE (Prop_EFF_SLICEM_C_Q)
                                                      0.038     1.133 r  dma_axis_ip_example_i/rst_ps7_0_100M/U0/ACTIVE_LOW_PR_OUT_DFF[0].FDRE_PER_N/Q
                         net (fo=870, routed)         0.513     1.646    dma_axis_ip_example_i/axi_dma/U0/I_RST_MODULE/REG_HRD_RST_OUT/axi_resetn
    SLICE_X12Y50         FDRE                                         r  dma_axis_ip_example_i/axi_dma/U0/I_RST_MODULE/REG_HRD_RST_OUT/GENERATE_LEVEL_P_S_CDC.SINGLE_BIT.CROSS_PLEVEL_IN2SCNDRY_IN_cdc_to/D
  -------------------------------------------------------------------    -------------------

                         (clock clk_pl_0 rise edge)
                                                      0.000     0.000 r  
    PS8_X0Y0             PS8                          0.000     0.000 r  dma_axis_ip_example_i/zynq_ultra_ps_e_0/inst/PS8_i/PLCLK[0]
                         net (fo=1, routed)           0.120     0.120    dma_axis_ip_example_i/zynq_ultra_ps_e_0/inst/pl_clk_unbuffered[0]
    BUFG_PS_X0Y67        BUFG_PS (Prop_BUFG_PS_I_O)
                                                      0.018     0.138 r  dma_axis_ip_example_i/zynq_ultra_ps_e_0/inst/buffer_pl_clk_0.PL_CLK_0_BUFG/O
    X0Y1 (CLOCK_ROOT)    net (fo=5975, routed)        1.129     1.267    dma_axis_ip_example_i/axi_dma/U0/I_RST_MODULE/REG_HRD_RST_OUT/s_axi_lite_aclk
    SLICE_X12Y50         FDRE                                         r  dma_axis_ip_example_i/axi_dma/U0/I_RST_MODULE/REG_HRD_RST_OUT/GENERATE_LEVEL_P_S_CDC.SINGLE_BIT.CROSS_PLEVEL_IN2SCNDRY_IN_cdc_to/C

Slack:                    inf
  Source:                 dma_axis_ip_example_i/rst_ps7_0_100M/U0/ACTIVE_LOW_PR_OUT_DFF[0].FDRE_PER_N/C
                            (rising edge-triggered cell FDRE clocked by clk_pl_0  {rise@0.000ns fall@5.000ns period=10.000ns})
  Destination:            dma_axis_ip_example_i/ps7_0_axi_periph/s00_couplers/auto_ds/inst/gen_downsizer.gen_simple_downsizer.axi_downsizer_inst/USE_WRITE.write_addr_inst/USE_B_CHANNEL.cmd_b_queue/inst/fifo_gen_inst/inst_fifo_gen/gconvfifo.rf/grf.rf/rstblk/ngwrdrst.grst.g7serrst.gnsckt_wrst.rst_wr_reg2_inst/arststages_ff_reg[0]/PRE
                            (removal check against rising-edge clock clk_pl_0  {rise@0.000ns fall@5.000ns period=10.000ns})
  Path Group:             (none)
  Path Type:              Removal (Min at Fast Process Corner)
  Data Path Delay:        0.652ns  (logic 0.038ns (5.827%)  route 0.614ns (94.173%))
  Logic Levels:           0  
  Clock Path Skew:        0.164ns (DCD - SCD - CPR)
    Destination Clock Delay (DCD):    1.259ns
    Source Clock Delay      (SCD):    1.095ns
    Clock Pessimism Removal (CPR):    -0.000ns
  Clock Uncertainty:      0.130ns  ((TSJ^2 + DJ^2)^1/2) / 2 + PE
    Total System Jitter     (TSJ):    0.071ns
    Discrete Jitter          (DJ):    0.250ns
    Phase Error              (PE):    0.000ns
  Clock Net Delay (Source):      0.984ns (routing 0.410ns, distribution 0.574ns)
  Clock Net Delay (Destination): 1.121ns (routing 0.459ns, distribution 0.662ns)
  Timing Exception:       False Path

    Location             Delay type                Incr(ns)  Path(ns)    Netlist Resource(s)
  -------------------------------------------------------------------    -------------------
                         (clock clk_pl_0 rise edge)
                                                      0.000     0.000 r  
    PS8_X0Y0             PS8                          0.000     0.000 r  dma_axis_ip_example_i/zynq_ultra_ps_e_0/inst/PS8_i/PLCLK[0]
                         net (fo=1, routed)           0.094     0.094    dma_axis_ip_example_i/zynq_ultra_ps_e_0/inst/pl_clk_unbuffered[0]
    BUFG_PS_X0Y67        BUFG_PS (Prop_BUFG_PS_I_O)
                                                      0.017     0.111 r  dma_axis_ip_example_i/zynq_ultra_ps_e_0/inst/buffer_pl_clk_0.PL_CLK_0_BUFG/O
    X0Y1 (CLOCK_ROOT)    net (fo=5975, routed)        0.984     1.095    dma_axis_ip_example_i/rst_ps7_0_100M/U0/slowest_sync_clk
    SLICE_X5Y67          FDRE                                         r  dma_axis_ip_example_i/rst_ps7_0_100M/U0/ACTIVE_LOW_PR_OUT_DFF[0].FDRE_PER_N/C
  -------------------------------------------------------------------    -------------------
    SLICE_X5Y67          FDRE (Prop_EFF_SLICEM_C_Q)
                                                      0.038     1.133 r  dma_axis_ip_example_i/rst_ps7_0_100M/U0/ACTIVE_LOW_PR_OUT_DFF[0].FDRE_PER_N/Q
                         net (fo=870, routed)         0.614     1.747    dma_axis_ip_example_i/ps7_0_axi_periph/s00_couplers/auto_ds/inst/gen_downsizer.gen_simple_downsizer.axi_downsizer_inst/USE_WRITE.write_addr_inst/USE_B_CHANNEL.cmd_b_queue/inst/fifo_gen_inst/inst_fifo_gen/gconvfifo.rf/grf.rf/rstblk/ngwrdrst.grst.g7serrst.gnsckt_wrst.rst_wr_reg2_inst/src_arst
    SLICE_X4Y30          FDPE                                         f  dma_axis_ip_example_i/ps7_0_axi_periph/s00_couplers/auto_ds/inst/gen_downsizer.gen_simple_downsizer.axi_downsizer_inst/USE_WRITE.write_addr_inst/USE_B_CHANNEL.cmd_b_queue/inst/fifo_gen_inst/inst_fifo_gen/gconvfifo.rf/grf.rf/rstblk/ngwrdrst.grst.g7serrst.gnsckt_wrst.rst_wr_reg2_inst/arststages_ff_reg[0]/PRE  (IS_INVERTED)
  -------------------------------------------------------------------    -------------------

                         (clock clk_pl_0 rise edge)
                                                      0.000     0.000 r  
    PS8_X0Y0             PS8                          0.000     0.000 r  dma_axis_ip_example_i/zynq_ultra_ps_e_0/inst/PS8_i/PLCLK[0]
                         net (fo=1, routed)           0.120     0.120    dma_axis_ip_example_i/zynq_ultra_ps_e_0/inst/pl_clk_unbuffered[0]
    BUFG_PS_X0Y67        BUFG_PS (Prop_BUFG_PS_I_O)
                                                      0.018     0.138 r  dma_axis_ip_example_i/zynq_ultra_ps_e_0/inst/buffer_pl_clk_0.PL_CLK_0_BUFG/O
    X0Y1 (CLOCK_ROOT)    net (fo=5975, routed)        1.121     1.259    dma_axis_ip_example_i/ps7_0_axi_periph/s00_couplers/auto_ds/inst/gen_downsizer.gen_simple_downsizer.axi_downsizer_inst/USE_WRITE.write_addr_inst/USE_B_CHANNEL.cmd_b_queue/inst/fifo_gen_inst/inst_fifo_gen/gconvfifo.rf/grf.rf/rstblk/ngwrdrst.grst.g7serrst.gnsckt_wrst.rst_wr_reg2_inst/dest_clk
    SLICE_X4Y30          FDPE                                         r  dma_axis_ip_example_i/ps7_0_axi_periph/s00_couplers/auto_ds/inst/gen_downsizer.gen_simple_downsizer.axi_downsizer_inst/USE_WRITE.write_addr_inst/USE_B_CHANNEL.cmd_b_queue/inst/fifo_gen_inst/inst_fifo_gen/gconvfifo.rf/grf.rf/rstblk/ngwrdrst.grst.g7serrst.gnsckt_wrst.rst_wr_reg2_inst/arststages_ff_reg[0]/C

Slack:                    inf
  Source:                 dma_axis_ip_example_i/rst_ps7_0_100M/U0/ACTIVE_LOW_PR_OUT_DFF[0].FDRE_PER_N/C
                            (rising edge-triggered cell FDRE clocked by clk_pl_0  {rise@0.000ns fall@5.000ns period=10.000ns})
  Destination:            dma_axis_ip_example_i/ps7_0_axi_periph/s00_couplers/auto_ds/inst/gen_downsizer.gen_simple_downsizer.axi_downsizer_inst/USE_WRITE.write_addr_inst/USE_B_CHANNEL.cmd_b_queue/inst/fifo_gen_inst/inst_fifo_gen/gconvfifo.rf/grf.rf/rstblk/ngwrdrst.grst.g7serrst.gnsckt_wrst.rst_wr_reg2_inst/arststages_ff_reg[1]/PRE
                            (removal check against rising-edge clock clk_pl_0  {rise@0.000ns fall@5.000ns period=10.000ns})
  Path Group:             (none)
  Path Type:              Removal (Min at Fast Process Corner)
  Data Path Delay:        0.652ns  (logic 0.038ns (5.827%)  route 0.614ns (94.173%))
  Logic Levels:           0  
  Clock Path Skew:        0.164ns (DCD - SCD - CPR)
    Destination Clock Delay (DCD):    1.259ns
    Source Clock Delay      (SCD):    1.095ns
    Clock Pessimism Removal (CPR):    -0.000ns
  Clock Uncertainty:      0.130ns  ((TSJ^2 + DJ^2)^1/2) / 2 + PE
    Total System Jitter     (TSJ):    0.071ns
    Discrete Jitter          (DJ):    0.250ns
    Phase Error              (PE):    0.000ns
  Clock Net Delay (Source):      0.984ns (routing 0.410ns, distribution 0.574ns)
  Clock Net Delay (Destination): 1.121ns (routing 0.459ns, distribution 0.662ns)
  Timing Exception:       False Path

    Location             Delay type                Incr(ns)  Path(ns)    Netlist Resource(s)
  -------------------------------------------------------------------    -------------------
                         (clock clk_pl_0 rise edge)
                                                      0.000     0.000 r  
    PS8_X0Y0             PS8                          0.000     0.000 r  dma_axis_ip_example_i/zynq_ultra_ps_e_0/inst/PS8_i/PLCLK[0]
                         net (fo=1, routed)           0.094     0.094    dma_axis_ip_example_i/zynq_ultra_ps_e_0/inst/pl_clk_unbuffered[0]
    BUFG_PS_X0Y67        BUFG_PS (Prop_BUFG_PS_I_O)
                                                      0.017     0.111 r  dma_axis_ip_example_i/zynq_ultra_ps_e_0/inst/buffer_pl_clk_0.PL_CLK_0_BUFG/O
    X0Y1 (CLOCK_ROOT)    net (fo=5975, routed)        0.984     1.095    dma_axis_ip_example_i/rst_ps7_0_100M/U0/slowest_sync_clk
    SLICE_X5Y67          FDRE                                         r  dma_axis_ip_example_i/rst_ps7_0_100M/U0/ACTIVE_LOW_PR_OUT_DFF[0].FDRE_PER_N/C
  -------------------------------------------------------------------    -------------------
    SLICE_X5Y67          FDRE (Prop_EFF_SLICEM_C_Q)
                                                      0.038     1.133 r  dma_axis_ip_example_i/rst_ps7_0_100M/U0/ACTIVE_LOW_PR_OUT_DFF[0].FDRE_PER_N/Q
                         net (fo=870, routed)         0.614     1.747    dma_axis_ip_example_i/ps7_0_axi_periph/s00_couplers/auto_ds/inst/gen_downsizer.gen_simple_downsizer.axi_downsizer_inst/USE_WRITE.write_addr_inst/USE_B_CHANNEL.cmd_b_queue/inst/fifo_gen_inst/inst_fifo_gen/gconvfifo.rf/grf.rf/rstblk/ngwrdrst.grst.g7serrst.gnsckt_wrst.rst_wr_reg2_inst/src_arst
    SLICE_X4Y30          FDPE                                         f  dma_axis_ip_example_i/ps7_0_axi_periph/s00_couplers/auto_ds/inst/gen_downsizer.gen_simple_downsizer.axi_downsizer_inst/USE_WRITE.write_addr_inst/USE_B_CHANNEL.cmd_b_queue/inst/fifo_gen_inst/inst_fifo_gen/gconvfifo.rf/grf.rf/rstblk/ngwrdrst.grst.g7serrst.gnsckt_wrst.rst_wr_reg2_inst/arststages_ff_reg[1]/PRE  (IS_INVERTED)
  -------------------------------------------------------------------    -------------------

                         (clock clk_pl_0 rise edge)
                                                      0.000     0.000 r  
    PS8_X0Y0             PS8                          0.000     0.000 r  dma_axis_ip_example_i/zynq_ultra_ps_e_0/inst/PS8_i/PLCLK[0]
                         net (fo=1, routed)           0.120     0.120    dma_axis_ip_example_i/zynq_ultra_ps_e_0/inst/pl_clk_unbuffered[0]
    BUFG_PS_X0Y67        BUFG_PS (Prop_BUFG_PS_I_O)
                                                      0.018     0.138 r  dma_axis_ip_example_i/zynq_ultra_ps_e_0/inst/buffer_pl_clk_0.PL_CLK_0_BUFG/O
    X0Y1 (CLOCK_ROOT)    net (fo=5975, routed)        1.121     1.259    dma_axis_ip_example_i/ps7_0_axi_periph/s00_couplers/auto_ds/inst/gen_downsizer.gen_simple_downsizer.axi_downsizer_inst/USE_WRITE.write_addr_inst/USE_B_CHANNEL.cmd_b_queue/inst/fifo_gen_inst/inst_fifo_gen/gconvfifo.rf/grf.rf/rstblk/ngwrdrst.grst.g7serrst.gnsckt_wrst.rst_wr_reg2_inst/dest_clk
    SLICE_X4Y30          FDPE                                         r  dma_axis_ip_example_i/ps7_0_axi_periph/s00_couplers/auto_ds/inst/gen_downsizer.gen_simple_downsizer.axi_downsizer_inst/USE_WRITE.write_addr_inst/USE_B_CHANNEL.cmd_b_queue/inst/fifo_gen_inst/inst_fifo_gen/gconvfifo.rf/grf.rf/rstblk/ngwrdrst.grst.g7serrst.gnsckt_wrst.rst_wr_reg2_inst/arststages_ff_reg[1]/C

Slack:                    inf
  Source:                 dma_axis_ip_example_i/rst_ps7_0_100M/U0/ACTIVE_LOW_PR_OUT_DFF[0].FDRE_PER_N/C
                            (rising edge-triggered cell FDRE clocked by clk_pl_0  {rise@0.000ns fall@5.000ns period=10.000ns})
  Destination:            dma_axis_ip_example_i/ps7_0_axi_periph/s00_couplers/auto_ds/inst/gen_downsizer.gen_simple_downsizer.axi_downsizer_inst/USE_WRITE.write_addr_inst/cmd_queue/inst/fifo_gen_inst/inst_fifo_gen/gconvfifo.rf/grf.rf/rstblk/ngwrdrst.grst.g7serrst.gnsckt_wrst.rst_wr_reg2_inst/arststages_ff_reg[0]/PRE
                            (removal check against rising-edge clock clk_pl_0  {rise@0.000ns fall@5.000ns period=10.000ns})
  Path Group:             (none)
  Path Type:              Removal (Min at Fast Process Corner)
  Data Path Delay:        0.652ns  (logic 0.038ns (5.827%)  route 0.614ns (94.173%))
  Logic Levels:           0  
  Clock Path Skew:        0.164ns (DCD - SCD - CPR)
    Destination Clock Delay (DCD):    1.259ns
    Source Clock Delay      (SCD):    1.095ns
    Clock Pessimism Removal (CPR):    -0.000ns
  Clock Uncertainty:      0.130ns  ((TSJ^2 + DJ^2)^1/2) / 2 + PE
    Total System Jitter     (TSJ):    0.071ns
    Discrete Jitter          (DJ):    0.250ns
    Phase Error              (PE):    0.000ns
  Clock Net Delay (Source):      0.984ns (routing 0.410ns, distribution 0.574ns)
  Clock Net Delay (Destination): 1.121ns (routing 0.459ns, distribution 0.662ns)
  Timing Exception:       False Path

    Location             Delay type                Incr(ns)  Path(ns)    Netlist Resource(s)
  -------------------------------------------------------------------    -------------------
                         (clock clk_pl_0 rise edge)
                                                      0.000     0.000 r  
    PS8_X0Y0             PS8                          0.000     0.000 r  dma_axis_ip_example_i/zynq_ultra_ps_e_0/inst/PS8_i/PLCLK[0]
                         net (fo=1, routed)           0.094     0.094    dma_axis_ip_example_i/zynq_ultra_ps_e_0/inst/pl_clk_unbuffered[0]
    BUFG_PS_X0Y67        BUFG_PS (Prop_BUFG_PS_I_O)
                                                      0.017     0.111 r  dma_axis_ip_example_i/zynq_ultra_ps_e_0/inst/buffer_pl_clk_0.PL_CLK_0_BUFG/O
    X0Y1 (CLOCK_ROOT)    net (fo=5975, routed)        0.984     1.095    dma_axis_ip_example_i/rst_ps7_0_100M/U0/slowest_sync_clk
    SLICE_X5Y67          FDRE                                         r  dma_axis_ip_example_i/rst_ps7_0_100M/U0/ACTIVE_LOW_PR_OUT_DFF[0].FDRE_PER_N/C
  -------------------------------------------------------------------    -------------------
    SLICE_X5Y67          FDRE (Prop_EFF_SLICEM_C_Q)
                                                      0.038     1.133 r  dma_axis_ip_example_i/rst_ps7_0_100M/U0/ACTIVE_LOW_PR_OUT_DFF[0].FDRE_PER_N/Q
                         net (fo=870, routed)         0.614     1.747    dma_axis_ip_example_i/ps7_0_axi_periph/s00_couplers/auto_ds/inst/gen_downsizer.gen_simple_downsizer.axi_downsizer_inst/USE_WRITE.write_addr_inst/cmd_queue/inst/fifo_gen_inst/inst_fifo_gen/gconvfifo.rf/grf.rf/rstblk/ngwrdrst.grst.g7serrst.gnsckt_wrst.rst_wr_reg2_inst/src_arst
    SLICE_X4Y30          FDPE                                         f  dma_axis_ip_example_i/ps7_0_axi_periph/s00_couplers/auto_ds/inst/gen_downsizer.gen_simple_downsizer.axi_downsizer_inst/USE_WRITE.write_addr_inst/cmd_queue/inst/fifo_gen_inst/inst_fifo_gen/gconvfifo.rf/grf.rf/rstblk/ngwrdrst.grst.g7serrst.gnsckt_wrst.rst_wr_reg2_inst/arststages_ff_reg[0]/PRE  (IS_INVERTED)
  -------------------------------------------------------------------    -------------------

                         (clock clk_pl_0 rise edge)
                                                      0.000     0.000 r  
    PS8_X0Y0             PS8                          0.000     0.000 r  dma_axis_ip_example_i/zynq_ultra_ps_e_0/inst/PS8_i/PLCLK[0]
                         net (fo=1, routed)           0.120     0.120    dma_axis_ip_example_i/zynq_ultra_ps_e_0/inst/pl_clk_unbuffered[0]
    BUFG_PS_X0Y67        BUFG_PS (Prop_BUFG_PS_I_O)
                                                      0.018     0.138 r  dma_axis_ip_example_i/zynq_ultra_ps_e_0/inst/buffer_pl_clk_0.PL_CLK_0_BUFG/O
    X0Y1 (CLOCK_ROOT)    net (fo=5975, routed)        1.121     1.259    dma_axis_ip_example_i/ps7_0_axi_periph/s00_couplers/auto_ds/inst/gen_downsizer.gen_simple_downsizer.axi_downsizer_inst/USE_WRITE.write_addr_inst/cmd_queue/inst/fifo_gen_inst/inst_fifo_gen/gconvfifo.rf/grf.rf/rstblk/ngwrdrst.grst.g7serrst.gnsckt_wrst.rst_wr_reg2_inst/dest_clk
    SLICE_X4Y30          FDPE                                         r  dma_axis_ip_example_i/ps7_0_axi_periph/s00_couplers/auto_ds/inst/gen_downsizer.gen_simple_downsizer.axi_downsizer_inst/USE_WRITE.write_addr_inst/cmd_queue/inst/fifo_gen_inst/inst_fifo_gen/gconvfifo.rf/grf.rf/rstblk/ngwrdrst.grst.g7serrst.gnsckt_wrst.rst_wr_reg2_inst/arststages_ff_reg[0]/C





--------------------------------------------------------------------------------------
Path Group:  (none)
From Clock:  clk_out1_dma_axis_ip_example_clk_wiz_0_0
  To Clock:  

Max Delay             4 Endpoints
Min Delay             4 Endpoints
--------------------------------------------------------------------------------------


Max Delay Paths
--------------------------------------------------------------------------------------
Slack:                    inf
  Source:                 dma_axis_ip_example_i/clk_wiz_0/inst/mmcme4_adv_inst/CLKOUT0
                            (clock source 'clk_out1_dma_axis_ip_example_clk_wiz_0_0'  {rise@0.000ns fall@44.289ns period=88.577ns})
  Destination:            clk_out1_0
                            (output port)
  Path Group:             (none)
  Path Type:              Max at Slow Process Corner
  Data Path Delay:        4.224ns  (logic 0.901ns (21.338%)  route 3.323ns (78.662%))
  Logic Levels:           2  (BUFGCE=1 OBUF=1)
  Clock Uncertainty:      0.341ns  ((TSJ^2 + DJ^2)^1/2) / 2 + PE
    Total System Jitter     (TSJ):    0.050ns
    Discrete Jitter          (DJ):    0.300ns
    Phase Error              (PE):    0.190ns
  Clock Net Delay (Source):      1.794ns (routing 0.753ns, distribution 1.041ns)

    Location             Delay type                Incr(ns)  Path(ns)    Netlist Resource(s)
  -------------------------------------------------------------------    -------------------
                         (clock clk_out1_dma_axis_ip_example_clk_wiz_0_0 fall edge)
                                                     44.289    44.289 f  
    BUFG_PS_X0Y67        BUFG_PS                      0.000    44.289 f  dma_axis_ip_example_i/zynq_ultra_ps_e_0/inst/buffer_pl_clk_0.PL_CLK_0_BUFG/O
    X0Y1 (CLOCK_ROOT)    net (fo=5975, routed)        1.794    46.083    dma_axis_ip_example_i/clk_wiz_0/inst/clk_in1
  -------------------------------------------------------------------    -------------------
    MMCM_X0Y2            MMCME4_ADV (Prop_MMCM_CLKIN1_CLKOUT0)
                                                     -0.127    45.956 f  dma_axis_ip_example_i/clk_wiz_0/inst/mmcme4_adv_inst/CLKOUT0
                         net (fo=1, routed)           0.245    46.201    dma_axis_ip_example_i/clk_wiz_0/inst/clk_out1_dma_axis_ip_example_clk_wiz_0_0
    BUFGCE_X0Y66         BUFGCE (Prop_BUFCE_BUFGCE_I_O)
                                                      0.028    46.229 f  dma_axis_ip_example_i/clk_wiz_0/inst/clkout1_buf/O
                         net (fo=313, routed)         3.078    49.307    clk_out1_0_OBUF
    F3                   OBUF (Prop_OUTBUF_HPIOB_S_I_O)
                                                      0.873    50.180 f  clk_out1_0_OBUF_inst/O
                         net (fo=0)                   0.000    50.180    clk_out1_0
    F3                                                                f  clk_out1_0 (OUT)
  -------------------------------------------------------------------    -------------------

Slack:                    inf
  Source:                 dma_axis_ip_example_i/i2s_transmitter_0/inst/I2S_TX_V1_0_SYS_INST/I2S_TX_V1_0_TIMGEN_INST/rLRClk_reg/C
                            (rising edge-triggered cell FDRE clocked by clk_out1_dma_axis_ip_example_clk_wiz_0_0  {rise@0.000ns fall@44.289ns period=88.577ns})
  Destination:            lrclk_out_0
                            (output port)
  Path Group:             (none)
  Path Type:              Max at Slow Process Corner
  Data Path Delay:        3.396ns  (logic 0.976ns (28.746%)  route 2.420ns (71.254%))
  Logic Levels:           1  (OBUF=1)
  Clock Uncertainty:      0.341ns  ((TSJ^2 + DJ^2)^1/2) / 2 + PE
    Total System Jitter     (TSJ):    0.050ns
    Discrete Jitter          (DJ):    0.300ns
    Phase Error              (PE):    0.190ns
  Clock Net Delay (Source):      2.021ns (routing 0.970ns, distribution 1.051ns)

    Location             Delay type                Incr(ns)  Path(ns)    Netlist Resource(s)
  -------------------------------------------------------------------    -------------------
                         (clock clk_out1_dma_axis_ip_example_clk_wiz_0_0 rise edge)
                                                      0.000     0.000 r  
    BUFG_PS_X0Y67        BUFG_PS                      0.000     0.000 r  dma_axis_ip_example_i/zynq_ultra_ps_e_0/inst/buffer_pl_clk_0.PL_CLK_0_BUFG/O
                         net (fo=5975, routed)        1.794     1.794    dma_axis_ip_example_i/clk_wiz_0/inst/clk_in1
    MMCM_X0Y2            MMCME4_ADV (Prop_MMCM_CLKIN1_CLKOUT0)
                                                     -0.127     1.667 r  dma_axis_ip_example_i/clk_wiz_0/inst/mmcme4_adv_inst/CLKOUT0
                         net (fo=1, routed)           0.245     1.912    dma_axis_ip_example_i/clk_wiz_0/inst/clk_out1_dma_axis_ip_example_clk_wiz_0_0
    BUFGCE_X0Y66         BUFGCE (Prop_BUFCE_BUFGCE_I_O)
                                                      0.028     1.940 r  dma_axis_ip_example_i/clk_wiz_0/inst/clkout1_buf/O
    X0Y1 (CLOCK_ROOT)    net (fo=313, routed)         2.021     3.961    dma_axis_ip_example_i/i2s_transmitter_0/inst/I2S_TX_V1_0_SYS_INST/I2S_TX_V1_0_TIMGEN_INST/aud_mclk
    SLICE_X8Y62          FDRE                                         r  dma_axis_ip_example_i/i2s_transmitter_0/inst/I2S_TX_V1_0_SYS_INST/I2S_TX_V1_0_TIMGEN_INST/rLRClk_reg/C
  -------------------------------------------------------------------    -------------------
    SLICE_X8Y62          FDRE (Prop_HFF_SLICEL_C_Q)
                                                      0.079     4.040 r  dma_axis_ip_example_i/i2s_transmitter_0/inst/I2S_TX_V1_0_SYS_INST/I2S_TX_V1_0_TIMGEN_INST/rLRClk_reg/Q
                         net (fo=30, routed)          2.420     6.460    lrclk_out_0_OBUF
    F2                   OBUF (Prop_OUTBUF_HPIOB_M_I_O)
                                                      0.897     7.357 r  lrclk_out_0_OBUF_inst/O
                         net (fo=0)                   0.000     7.357    lrclk_out_0
    F2                                                                r  lrclk_out_0 (OUT)
  -------------------------------------------------------------------    -------------------

Slack:                    inf
  Source:                 dma_axis_ip_example_i/i2s_transmitter_0/inst/I2S_TX_V1_0_SYS_INST/I2S_TX_V1_0_TIMGEN_INST/rSClk_reg/C
                            (rising edge-triggered cell FDRE clocked by clk_out1_dma_axis_ip_example_clk_wiz_0_0  {rise@0.000ns fall@44.289ns period=88.577ns})
  Destination:            sclk_out_0
                            (output port)
  Path Group:             (none)
  Path Type:              Max at Slow Process Corner
  Data Path Delay:        3.367ns  (logic 0.958ns (28.449%)  route 2.409ns (71.551%))
  Logic Levels:           1  (OBUF=1)
  Clock Uncertainty:      0.341ns  ((TSJ^2 + DJ^2)^1/2) / 2 + PE
    Total System Jitter     (TSJ):    0.050ns
    Discrete Jitter          (DJ):    0.300ns
    Phase Error              (PE):    0.190ns
  Clock Net Delay (Source):      2.021ns (routing 0.970ns, distribution 1.051ns)

    Location             Delay type                Incr(ns)  Path(ns)    Netlist Resource(s)
  -------------------------------------------------------------------    -------------------
                         (clock clk_out1_dma_axis_ip_example_clk_wiz_0_0 rise edge)
                                                      0.000     0.000 r  
    BUFG_PS_X0Y67        BUFG_PS                      0.000     0.000 r  dma_axis_ip_example_i/zynq_ultra_ps_e_0/inst/buffer_pl_clk_0.PL_CLK_0_BUFG/O
                         net (fo=5975, routed)        1.794     1.794    dma_axis_ip_example_i/clk_wiz_0/inst/clk_in1
    MMCM_X0Y2            MMCME4_ADV (Prop_MMCM_CLKIN1_CLKOUT0)
                                                     -0.127     1.667 r  dma_axis_ip_example_i/clk_wiz_0/inst/mmcme4_adv_inst/CLKOUT0
                         net (fo=1, routed)           0.245     1.912    dma_axis_ip_example_i/clk_wiz_0/inst/clk_out1_dma_axis_ip_example_clk_wiz_0_0
    BUFGCE_X0Y66         BUFGCE (Prop_BUFCE_BUFGCE_I_O)
                                                      0.028     1.940 r  dma_axis_ip_example_i/clk_wiz_0/inst/clkout1_buf/O
    X0Y1 (CLOCK_ROOT)    net (fo=313, routed)         2.021     3.961    dma_axis_ip_example_i/i2s_transmitter_0/inst/I2S_TX_V1_0_SYS_INST/I2S_TX_V1_0_TIMGEN_INST/aud_mclk
    SLICE_X8Y62          FDRE                                         r  dma_axis_ip_example_i/i2s_transmitter_0/inst/I2S_TX_V1_0_SYS_INST/I2S_TX_V1_0_TIMGEN_INST/rSClk_reg/C
  -------------------------------------------------------------------    -------------------
    SLICE_X8Y62          FDRE (Prop_HFF2_SLICEL_C_Q)
                                                      0.080     4.041 r  dma_axis_ip_example_i/i2s_transmitter_0/inst/I2S_TX_V1_0_SYS_INST/I2S_TX_V1_0_TIMGEN_INST/rSClk_reg/Q
                         net (fo=11, routed)          2.409     6.451    sclk_out_0_OBUF
    G1                   OBUF (Prop_OUTBUF_HPIOB_M_I_O)
                                                      0.878     7.329 r  sclk_out_0_OBUF_inst/O
                         net (fo=0)                   0.000     7.329    sclk_out_0
    G1                                                                r  sclk_out_0 (OUT)
  -------------------------------------------------------------------    -------------------

Slack:                    inf
  Source:                 dma_axis_ip_example_i/i2s_transmitter_0/inst/I2S_TX_V1_0_SYS_INST/genblk4[0].I2S_TX_V1_0_SER_INST/rSDataOut_reg[31]/C
                            (rising edge-triggered cell FDRE clocked by clk_out1_dma_axis_ip_example_clk_wiz_0_0  {rise@0.000ns fall@44.289ns period=88.577ns})
  Destination:            sdata_0_out_0
                            (output port)
  Path Group:             (none)
  Path Type:              Max at Slow Process Corner
  Data Path Delay:        3.331ns  (logic 0.951ns (28.555%)  route 2.380ns (71.445%))
  Logic Levels:           1  (OBUF=1)
  Clock Uncertainty:      0.341ns  ((TSJ^2 + DJ^2)^1/2) / 2 + PE
    Total System Jitter     (TSJ):    0.050ns
    Discrete Jitter          (DJ):    0.300ns
    Phase Error              (PE):    0.190ns
  Clock Net Delay (Source):      2.055ns (routing 0.970ns, distribution 1.085ns)

    Location             Delay type                Incr(ns)  Path(ns)    Netlist Resource(s)
  -------------------------------------------------------------------    -------------------
                         (clock clk_out1_dma_axis_ip_example_clk_wiz_0_0 rise edge)
                                                      0.000     0.000 r  
    BUFG_PS_X0Y67        BUFG_PS                      0.000     0.000 r  dma_axis_ip_example_i/zynq_ultra_ps_e_0/inst/buffer_pl_clk_0.PL_CLK_0_BUFG/O
                         net (fo=5975, routed)        1.794     1.794    dma_axis_ip_example_i/clk_wiz_0/inst/clk_in1
    MMCM_X0Y2            MMCME4_ADV (Prop_MMCM_CLKIN1_CLKOUT0)
                                                     -0.127     1.667 r  dma_axis_ip_example_i/clk_wiz_0/inst/mmcme4_adv_inst/CLKOUT0
                         net (fo=1, routed)           0.245     1.912    dma_axis_ip_example_i/clk_wiz_0/inst/clk_out1_dma_axis_ip_example_clk_wiz_0_0
    BUFGCE_X0Y66         BUFGCE (Prop_BUFCE_BUFGCE_I_O)
                                                      0.028     1.940 r  dma_axis_ip_example_i/clk_wiz_0/inst/clkout1_buf/O
    X0Y1 (CLOCK_ROOT)    net (fo=313, routed)         2.055     3.995    dma_axis_ip_example_i/i2s_transmitter_0/inst/I2S_TX_V1_0_SYS_INST/genblk4[0].I2S_TX_V1_0_SER_INST/aud_mclk
    SLICE_X1Y63          FDRE                                         r  dma_axis_ip_example_i/i2s_transmitter_0/inst/I2S_TX_V1_0_SYS_INST/genblk4[0].I2S_TX_V1_0_SER_INST/rSDataOut_reg[31]/C
  -------------------------------------------------------------------    -------------------
    SLICE_X1Y63          FDRE (Prop_AFF_SLICEM_C_Q)
                                                      0.077     4.072 r  dma_axis_ip_example_i/i2s_transmitter_0/inst/I2S_TX_V1_0_SYS_INST/genblk4[0].I2S_TX_V1_0_SER_INST/rSDataOut_reg[31]/Q
                         net (fo=1, routed)           2.380     6.452    sdata_0_out_0_OBUF
    G3                   OBUF (Prop_OUTBUF_HPIOB_M_I_O)
                                                      0.874     7.326 r  sdata_0_out_0_OBUF_inst/O
                         net (fo=0)                   0.000     7.326    sdata_0_out_0
    G3                                                                r  sdata_0_out_0 (OUT)
  -------------------------------------------------------------------    -------------------





Min Delay Paths
--------------------------------------------------------------------------------------
Slack:                    inf
  Source:                 dma_axis_ip_example_i/clk_wiz_0/inst/mmcme4_adv_inst/CLKOUT0
                            (clock source 'clk_out1_dma_axis_ip_example_clk_wiz_0_0'  {rise@0.000ns fall@44.289ns period=88.577ns})
  Destination:            clk_out1_0
                            (output port)
  Path Group:             (none)
  Path Type:              Min at Fast Process Corner
  Data Path Delay:        2.087ns  (logic 0.383ns (18.337%)  route 1.704ns (81.663%))
  Logic Levels:           2  (BUFGCE=1 OBUF=1)
  Clock Uncertainty:      0.341ns  ((TSJ^2 + DJ^2)^1/2) / 2 + PE
    Total System Jitter     (TSJ):    0.050ns
    Discrete Jitter          (DJ):    0.300ns
    Phase Error              (PE):    0.190ns
  Clock Net Delay (Source):      0.979ns (routing 0.410ns, distribution 0.569ns)

    Location             Delay type                Incr(ns)  Path(ns)    Netlist Resource(s)
  -------------------------------------------------------------------    -------------------
                         (clock clk_out1_dma_axis_ip_example_clk_wiz_0_0 rise edge)
                                                      0.000     0.000 r  
    BUFG_PS_X0Y67        BUFG_PS                      0.000     0.000 r  dma_axis_ip_example_i/zynq_ultra_ps_e_0/inst/buffer_pl_clk_0.PL_CLK_0_BUFG/O
    X0Y1 (CLOCK_ROOT)    net (fo=5975, routed)        0.979     0.979    dma_axis_ip_example_i/clk_wiz_0/inst/clk_in1
  -------------------------------------------------------------------    -------------------
    MMCM_X0Y2            MMCME4_ADV (Prop_MMCM_CLKIN1_CLKOUT0)
                                                      0.230     1.209 r  dma_axis_ip_example_i/clk_wiz_0/inst/mmcme4_adv_inst/CLKOUT0
                         net (fo=1, routed)           0.146     1.355    dma_axis_ip_example_i/clk_wiz_0/inst/clk_out1_dma_axis_ip_example_clk_wiz_0_0
    BUFGCE_X0Y66         BUFGCE (Prop_BUFCE_BUFGCE_I_O)
                                                      0.017     1.372 r  dma_axis_ip_example_i/clk_wiz_0/inst/clkout1_buf/O
                         net (fo=313, routed)         1.558     2.930    clk_out1_0_OBUF
    F3                   OBUF (Prop_OUTBUF_HPIOB_S_I_O)
                                                      0.366     3.296 r  clk_out1_0_OBUF_inst/O
                         net (fo=0)                   0.000     3.296    clk_out1_0
    F3                                                                r  clk_out1_0 (OUT)
  -------------------------------------------------------------------    -------------------

Slack:                    inf
  Source:                 dma_axis_ip_example_i/i2s_transmitter_0/inst/I2S_TX_V1_0_SYS_INST/genblk4[0].I2S_TX_V1_0_SER_INST/rSDataOut_reg[31]/C
                            (rising edge-triggered cell FDRE clocked by clk_out1_dma_axis_ip_example_clk_wiz_0_0  {rise@0.000ns fall@44.289ns period=88.577ns})
  Destination:            sdata_0_out_0
                            (output port)
  Path Group:             (none)
  Path Type:              Min at Fast Process Corner
  Data Path Delay:        1.542ns  (logic 0.404ns (26.220%)  route 1.138ns (73.780%))
  Logic Levels:           1  (OBUF=1)
  Clock Uncertainty:      0.341ns  ((TSJ^2 + DJ^2)^1/2) / 2 + PE
    Total System Jitter     (TSJ):    0.050ns
    Discrete Jitter          (DJ):    0.300ns
    Phase Error              (PE):    0.190ns
  Clock Net Delay (Source):      1.119ns (routing 0.529ns, distribution 0.590ns)

    Location             Delay type                Incr(ns)  Path(ns)    Netlist Resource(s)
  -------------------------------------------------------------------    -------------------
                         (clock clk_out1_dma_axis_ip_example_clk_wiz_0_0 rise edge)
                                                      0.000     0.000 r  
    BUFG_PS_X0Y67        BUFG_PS                      0.000     0.000 r  dma_axis_ip_example_i/zynq_ultra_ps_e_0/inst/buffer_pl_clk_0.PL_CLK_0_BUFG/O
                         net (fo=5975, routed)        0.979     0.979    dma_axis_ip_example_i/clk_wiz_0/inst/clk_in1
    MMCM_X0Y2            MMCME4_ADV (Prop_MMCM_CLKIN1_CLKOUT0)
                                                      0.230     1.209 r  dma_axis_ip_example_i/clk_wiz_0/inst/mmcme4_adv_inst/CLKOUT0
                         net (fo=1, routed)           0.146     1.355    dma_axis_ip_example_i/clk_wiz_0/inst/clk_out1_dma_axis_ip_example_clk_wiz_0_0
    BUFGCE_X0Y66         BUFGCE (Prop_BUFCE_BUFGCE_I_O)
                                                      0.017     1.372 r  dma_axis_ip_example_i/clk_wiz_0/inst/clkout1_buf/O
    X0Y1 (CLOCK_ROOT)    net (fo=313, routed)         1.119     2.491    dma_axis_ip_example_i/i2s_transmitter_0/inst/I2S_TX_V1_0_SYS_INST/genblk4[0].I2S_TX_V1_0_SER_INST/aud_mclk
    SLICE_X1Y63          FDRE                                         r  dma_axis_ip_example_i/i2s_transmitter_0/inst/I2S_TX_V1_0_SYS_INST/genblk4[0].I2S_TX_V1_0_SER_INST/rSDataOut_reg[31]/C
  -------------------------------------------------------------------    -------------------
    SLICE_X1Y63          FDRE (Prop_AFF_SLICEM_C_Q)
                                                      0.038     2.529 r  dma_axis_ip_example_i/i2s_transmitter_0/inst/I2S_TX_V1_0_SYS_INST/genblk4[0].I2S_TX_V1_0_SER_INST/rSDataOut_reg[31]/Q
                         net (fo=1, routed)           1.138     3.667    sdata_0_out_0_OBUF
    G3                   OBUF (Prop_OUTBUF_HPIOB_M_I_O)
                                                      0.366     4.033 r  sdata_0_out_0_OBUF_inst/O
                         net (fo=0)                   0.000     4.033    sdata_0_out_0
    G3                                                                r  sdata_0_out_0 (OUT)
  -------------------------------------------------------------------    -------------------

Slack:                    inf
  Source:                 dma_axis_ip_example_i/i2s_transmitter_0/inst/I2S_TX_V1_0_SYS_INST/I2S_TX_V1_0_TIMGEN_INST/rSClk_reg/C
                            (rising edge-triggered cell FDRE clocked by clk_out1_dma_axis_ip_example_clk_wiz_0_0  {rise@0.000ns fall@44.289ns period=88.577ns})
  Destination:            sclk_out_0
                            (output port)
  Path Group:             (none)
  Path Type:              Min at Fast Process Corner
  Data Path Delay:        1.556ns  (logic 0.409ns (26.297%)  route 1.147ns (73.703%))
  Logic Levels:           1  (OBUF=1)
  Clock Uncertainty:      0.341ns  ((TSJ^2 + DJ^2)^1/2) / 2 + PE
    Total System Jitter     (TSJ):    0.050ns
    Discrete Jitter          (DJ):    0.300ns
    Phase Error              (PE):    0.190ns
  Clock Net Delay (Source):      1.107ns (routing 0.529ns, distribution 0.578ns)

    Location             Delay type                Incr(ns)  Path(ns)    Netlist Resource(s)
  -------------------------------------------------------------------    -------------------
                         (clock clk_out1_dma_axis_ip_example_clk_wiz_0_0 rise edge)
                                                      0.000     0.000 r  
    BUFG_PS_X0Y67        BUFG_PS                      0.000     0.000 r  dma_axis_ip_example_i/zynq_ultra_ps_e_0/inst/buffer_pl_clk_0.PL_CLK_0_BUFG/O
                         net (fo=5975, routed)        0.979     0.979    dma_axis_ip_example_i/clk_wiz_0/inst/clk_in1
    MMCM_X0Y2            MMCME4_ADV (Prop_MMCM_CLKIN1_CLKOUT0)
                                                      0.230     1.209 r  dma_axis_ip_example_i/clk_wiz_0/inst/mmcme4_adv_inst/CLKOUT0
                         net (fo=1, routed)           0.146     1.355    dma_axis_ip_example_i/clk_wiz_0/inst/clk_out1_dma_axis_ip_example_clk_wiz_0_0
    BUFGCE_X0Y66         BUFGCE (Prop_BUFCE_BUFGCE_I_O)
                                                      0.017     1.372 r  dma_axis_ip_example_i/clk_wiz_0/inst/clkout1_buf/O
    X0Y1 (CLOCK_ROOT)    net (fo=313, routed)         1.107     2.479    dma_axis_ip_example_i/i2s_transmitter_0/inst/I2S_TX_V1_0_SYS_INST/I2S_TX_V1_0_TIMGEN_INST/aud_mclk
    SLICE_X8Y62          FDRE                                         r  dma_axis_ip_example_i/i2s_transmitter_0/inst/I2S_TX_V1_0_SYS_INST/I2S_TX_V1_0_TIMGEN_INST/rSClk_reg/C
  -------------------------------------------------------------------    -------------------
    SLICE_X8Y62          FDRE (Prop_HFF2_SLICEL_C_Q)
                                                      0.039     2.518 r  dma_axis_ip_example_i/i2s_transmitter_0/inst/I2S_TX_V1_0_SYS_INST/I2S_TX_V1_0_TIMGEN_INST/rSClk_reg/Q
                         net (fo=11, routed)          1.147     3.664    sclk_out_0_OBUF
    G1                   OBUF (Prop_OUTBUF_HPIOB_M_I_O)
                                                      0.370     4.034 r  sclk_out_0_OBUF_inst/O
                         net (fo=0)                   0.000     4.034    sclk_out_0
    G1                                                                r  sclk_out_0 (OUT)
  -------------------------------------------------------------------    -------------------

Slack:                    inf
  Source:                 dma_axis_ip_example_i/i2s_transmitter_0/inst/I2S_TX_V1_0_SYS_INST/I2S_TX_V1_0_TIMGEN_INST/rLRClk_reg/C
                            (rising edge-triggered cell FDRE clocked by clk_out1_dma_axis_ip_example_clk_wiz_0_0  {rise@0.000ns fall@44.289ns period=88.577ns})
  Destination:            lrclk_out_0
                            (output port)
  Path Group:             (none)
  Path Type:              Min at Fast Process Corner
  Data Path Delay:        1.585ns  (logic 0.428ns (27.015%)  route 1.157ns (72.985%))
  Logic Levels:           1  (OBUF=1)
  Clock Uncertainty:      0.341ns  ((TSJ^2 + DJ^2)^1/2) / 2 + PE
    Total System Jitter     (TSJ):    0.050ns
    Discrete Jitter          (DJ):    0.300ns
    Phase Error              (PE):    0.190ns
  Clock Net Delay (Source):      1.107ns (routing 0.529ns, distribution 0.578ns)

    Location             Delay type                Incr(ns)  Path(ns)    Netlist Resource(s)
  -------------------------------------------------------------------    -------------------
                         (clock clk_out1_dma_axis_ip_example_clk_wiz_0_0 rise edge)
                                                      0.000     0.000 r  
    BUFG_PS_X0Y67        BUFG_PS                      0.000     0.000 r  dma_axis_ip_example_i/zynq_ultra_ps_e_0/inst/buffer_pl_clk_0.PL_CLK_0_BUFG/O
                         net (fo=5975, routed)        0.979     0.979    dma_axis_ip_example_i/clk_wiz_0/inst/clk_in1
    MMCM_X0Y2            MMCME4_ADV (Prop_MMCM_CLKIN1_CLKOUT0)
                                                      0.230     1.209 r  dma_axis_ip_example_i/clk_wiz_0/inst/mmcme4_adv_inst/CLKOUT0
                         net (fo=1, routed)           0.146     1.355    dma_axis_ip_example_i/clk_wiz_0/inst/clk_out1_dma_axis_ip_example_clk_wiz_0_0
    BUFGCE_X0Y66         BUFGCE (Prop_BUFCE_BUFGCE_I_O)
                                                      0.017     1.372 r  dma_axis_ip_example_i/clk_wiz_0/inst/clkout1_buf/O
    X0Y1 (CLOCK_ROOT)    net (fo=313, routed)         1.107     2.479    dma_axis_ip_example_i/i2s_transmitter_0/inst/I2S_TX_V1_0_SYS_INST/I2S_TX_V1_0_TIMGEN_INST/aud_mclk
    SLICE_X8Y62          FDRE                                         r  dma_axis_ip_example_i/i2s_transmitter_0/inst/I2S_TX_V1_0_SYS_INST/I2S_TX_V1_0_TIMGEN_INST/rLRClk_reg/C
  -------------------------------------------------------------------    -------------------
    SLICE_X8Y62          FDRE (Prop_HFF_SLICEL_C_Q)
                                                      0.039     2.518 r  dma_axis_ip_example_i/i2s_transmitter_0/inst/I2S_TX_V1_0_SYS_INST/I2S_TX_V1_0_TIMGEN_INST/rLRClk_reg/Q
                         net (fo=30, routed)          1.157     3.674    lrclk_out_0_OBUF
    F2                   OBUF (Prop_OUTBUF_HPIOB_M_I_O)
                                                      0.389     4.063 r  lrclk_out_0_OBUF_inst/O
                         net (fo=0)                   0.000     4.063    lrclk_out_0
    F2                                                                r  lrclk_out_0 (OUT)
  -------------------------------------------------------------------    -------------------





--------------------------------------------------------------------------------------
Path Group:  (none)
From Clock:  clk_pl_0
  To Clock:  

Max Delay             1 Endpoint
Min Delay             1 Endpoint
--------------------------------------------------------------------------------------


Max Delay Paths
--------------------------------------------------------------------------------------
Slack:                    inf
  Source:                 dma_axis_ip_example_i/i2s_transmitter_0/inst/I2S_TX_V1_0_SYS_INST/I2S_TX_V1_0_AXI_INST/rIrq_reg/C
                            (rising edge-triggered cell FDRE clocked by clk_pl_0  {rise@0.000ns fall@5.000ns period=10.000ns})
  Destination:            irq_0
                            (output port)
  Path Group:             (none)
  Path Type:              Max at Slow Process Corner
  Data Path Delay:        2.919ns  (logic 0.859ns (29.415%)  route 2.060ns (70.585%))
  Logic Levels:           1  (OBUF=1)
  Clock Uncertainty:      0.127ns  ((TSJ^2 + DJ^2)^1/2) / 2 + PE
    Total System Jitter     (TSJ):    0.050ns
    Discrete Jitter          (DJ):    0.250ns
    Phase Error              (PE):    0.000ns
  Clock Net Delay (Source):      1.843ns (routing 0.753ns, distribution 1.090ns)

    Location             Delay type                Incr(ns)  Path(ns)    Netlist Resource(s)
  -------------------------------------------------------------------    -------------------
                         (clock clk_pl_0 rise edge)
                                                      0.000     0.000 r  
    PS8_X0Y0             PS8                          0.000     0.000 r  dma_axis_ip_example_i/zynq_ultra_ps_e_0/inst/PS8_i/PLCLK[0]
                         net (fo=1, routed)           0.171     0.171    dma_axis_ip_example_i/zynq_ultra_ps_e_0/inst/pl_clk_unbuffered[0]
    BUFG_PS_X0Y67        BUFG_PS (Prop_BUFG_PS_I_O)
                                                      0.028     0.199 r  dma_axis_ip_example_i/zynq_ultra_ps_e_0/inst/buffer_pl_clk_0.PL_CLK_0_BUFG/O
    X0Y1 (CLOCK_ROOT)    net (fo=5975, routed)        1.843     2.042    dma_axis_ip_example_i/i2s_transmitter_0/inst/I2S_TX_V1_0_SYS_INST/I2S_TX_V1_0_AXI_INST/s_axi_ctrl_aclk
    SLICE_X9Y59          FDRE                                         r  dma_axis_ip_example_i/i2s_transmitter_0/inst/I2S_TX_V1_0_SYS_INST/I2S_TX_V1_0_AXI_INST/rIrq_reg/C
  -------------------------------------------------------------------    -------------------
    SLICE_X9Y59          FDRE (Prop_DFF_SLICEM_C_Q)
                                                      0.078     2.120 r  dma_axis_ip_example_i/i2s_transmitter_0/inst/I2S_TX_V1_0_SYS_INST/I2S_TX_V1_0_AXI_INST/rIrq_reg/Q
                         net (fo=2, routed)           2.060     4.180    irq_0_OBUF
    AE7                  OBUF (Prop_OUTBUF_HPIOB_S_I_O)
                                                      0.781     4.961 r  irq_0_OBUF_inst/O
                         net (fo=0)                   0.000     4.961    irq_0
    AE7                                                               r  irq_0 (OUT)
  -------------------------------------------------------------------    -------------------





Min Delay Paths
--------------------------------------------------------------------------------------
Slack:                    inf
  Source:                 dma_axis_ip_example_i/i2s_transmitter_0/inst/I2S_TX_V1_0_SYS_INST/I2S_TX_V1_0_AXI_INST/rIrq_reg/C
                            (rising edge-triggered cell FDRE clocked by clk_pl_0  {rise@0.000ns fall@5.000ns period=10.000ns})
  Destination:            irq_0
                            (output port)
  Path Group:             (none)
  Path Type:              Min at Fast Process Corner
  Data Path Delay:        1.369ns  (logic 0.394ns (28.771%)  route 0.975ns (71.229%))
  Logic Levels:           1  (OBUF=1)
  Clock Uncertainty:      0.127ns  ((TSJ^2 + DJ^2)^1/2) / 2 + PE
    Total System Jitter     (TSJ):    0.050ns
    Discrete Jitter          (DJ):    0.250ns
    Phase Error              (PE):    0.000ns
  Clock Net Delay (Source):      1.008ns (routing 0.410ns, distribution 0.598ns)

    Location             Delay type                Incr(ns)  Path(ns)    Netlist Resource(s)
  -------------------------------------------------------------------    -------------------
                         (clock clk_pl_0 rise edge)
                                                      0.000     0.000 r  
    PS8_X0Y0             PS8                          0.000     0.000 r  dma_axis_ip_example_i/zynq_ultra_ps_e_0/inst/PS8_i/PLCLK[0]
                         net (fo=1, routed)           0.094     0.094    dma_axis_ip_example_i/zynq_ultra_ps_e_0/inst/pl_clk_unbuffered[0]
    BUFG_PS_X0Y67        BUFG_PS (Prop_BUFG_PS_I_O)
                                                      0.017     0.111 r  dma_axis_ip_example_i/zynq_ultra_ps_e_0/inst/buffer_pl_clk_0.PL_CLK_0_BUFG/O
    X0Y1 (CLOCK_ROOT)    net (fo=5975, routed)        1.008     1.119    dma_axis_ip_example_i/i2s_transmitter_0/inst/I2S_TX_V1_0_SYS_INST/I2S_TX_V1_0_AXI_INST/s_axi_ctrl_aclk
    SLICE_X9Y59          FDRE                                         r  dma_axis_ip_example_i/i2s_transmitter_0/inst/I2S_TX_V1_0_SYS_INST/I2S_TX_V1_0_AXI_INST/rIrq_reg/C
  -------------------------------------------------------------------    -------------------
    SLICE_X9Y59          FDRE (Prop_DFF_SLICEM_C_Q)
                                                      0.039     1.158 r  dma_axis_ip_example_i/i2s_transmitter_0/inst/I2S_TX_V1_0_SYS_INST/I2S_TX_V1_0_AXI_INST/rIrq_reg/Q
                         net (fo=2, routed)           0.975     2.133    irq_0_OBUF
    AE7                  OBUF (Prop_OUTBUF_HPIOB_S_I_O)
                                                      0.355     2.488 r  irq_0_OBUF_inst/O
                         net (fo=0)                   0.000     2.488    irq_0
    AE7                                                               r  irq_0 (OUT)
  -------------------------------------------------------------------    -------------------





--------------------------------------------------------------------------------------
Path Group:  (none)
From Clock:  
  To Clock:  clk_out1_dma_axis_ip_example_clk_wiz_0_0

Max Delay             1 Endpoint
Min Delay             1 Endpoint
--------------------------------------------------------------------------------------


Max Delay Paths
--------------------------------------------------------------------------------------
Slack:                    inf
  Source:                 dma_axis_ip_example_i/clk_wiz_0/inst/mmcme4_adv_inst/LOCKED
                            (internal pin)
  Destination:            dma_axis_ip_example_i/proc_sys_reset_0/U0/EXT_LPF/lpf_int_reg/D
                            (rising edge-triggered cell FDRE clocked by clk_out1_dma_axis_ip_example_clk_wiz_0_0  {rise@0.000ns fall@44.289ns period=88.577ns})
  Path Group:             (none)
  Path Type:              Setup (Max at Slow Process Corner)
  Data Path Delay:        1.726ns  (logic 0.123ns (7.127%)  route 1.603ns (92.873%))
  Logic Levels:           1  (LUT4=1)
  Clock Uncertainty:      0.341ns  ((TSJ^2 + DJ^2)^1/2) / 2 + PE
    Total System Jitter     (TSJ):    0.050ns
    Discrete Jitter          (DJ):    0.300ns
    Phase Error              (PE):    0.190ns
  Clock Net Delay (Destination): 1.774ns (routing 0.883ns, distribution 0.891ns)

    Location             Delay type                Incr(ns)  Path(ns)    Netlist Resource(s)
  -------------------------------------------------------------------    -------------------
    MMCM_X0Y2            MMCME4_ADV                   0.000     0.000 f  dma_axis_ip_example_i/clk_wiz_0/inst/mmcme4_adv_inst/LOCKED
                         net (fo=2, routed)           1.544     1.544    dma_axis_ip_example_i/proc_sys_reset_0/U0/EXT_LPF/dcm_locked
    SLICE_X16Y73         LUT4 (Prop_G6LUT_SLICEM_I0_O)
                                                      0.123     1.667 r  dma_axis_ip_example_i/proc_sys_reset_0/U0/EXT_LPF/lpf_int0/O
                         net (fo=1, routed)           0.059     1.726    dma_axis_ip_example_i/proc_sys_reset_0/U0/EXT_LPF/lpf_int0__0
    SLICE_X16Y73         FDRE                                         r  dma_axis_ip_example_i/proc_sys_reset_0/U0/EXT_LPF/lpf_int_reg/D
  -------------------------------------------------------------------    -------------------

                         (clock clk_out1_dma_axis_ip_example_clk_wiz_0_0 rise edge)
                                                      0.000     0.000 r  
    BUFG_PS_X0Y67        BUFG_PS                      0.000     0.000 r  dma_axis_ip_example_i/zynq_ultra_ps_e_0/inst/buffer_pl_clk_0.PL_CLK_0_BUFG/O
                         net (fo=5975, routed)        1.610     1.610    dma_axis_ip_example_i/clk_wiz_0/inst/clk_in1
    MMCM_X0Y2            MMCME4_ADV (Prop_MMCM_CLKIN1_CLKOUT0)
                                                      0.630     2.240 r  dma_axis_ip_example_i/clk_wiz_0/inst/mmcme4_adv_inst/CLKOUT0
                         net (fo=1, routed)           0.215     2.455    dma_axis_ip_example_i/clk_wiz_0/inst/clk_out1_dma_axis_ip_example_clk_wiz_0_0
    BUFGCE_X0Y66         BUFGCE (Prop_BUFCE_BUFGCE_I_O)
                                                      0.024     2.479 r  dma_axis_ip_example_i/clk_wiz_0/inst/clkout1_buf/O
    X0Y1 (CLOCK_ROOT)    net (fo=313, routed)         1.774     4.253    dma_axis_ip_example_i/proc_sys_reset_0/U0/EXT_LPF/slowest_sync_clk
    SLICE_X16Y73         FDRE                                         r  dma_axis_ip_example_i/proc_sys_reset_0/U0/EXT_LPF/lpf_int_reg/C





Min Delay Paths
--------------------------------------------------------------------------------------
Slack:                    inf
  Source:                 dma_axis_ip_example_i/clk_wiz_0/inst/mmcme4_adv_inst/LOCKED
                            (internal pin)
  Destination:            dma_axis_ip_example_i/proc_sys_reset_0/U0/EXT_LPF/lpf_int_reg/D
                            (rising edge-triggered cell FDRE clocked by clk_out1_dma_axis_ip_example_clk_wiz_0_0  {rise@0.000ns fall@44.289ns period=88.577ns})
  Path Group:             (none)
  Path Type:              Hold (Min at Fast Process Corner)
  Data Path Delay:        0.880ns  (logic 0.050ns (5.682%)  route 0.830ns (94.318%))
  Logic Levels:           1  (LUT4=1)
  Clock Uncertainty:      0.341ns  ((TSJ^2 + DJ^2)^1/2) / 2 + PE
    Total System Jitter     (TSJ):    0.050ns
    Discrete Jitter          (DJ):    0.300ns
    Phase Error              (PE):    0.190ns
  Clock Net Delay (Destination): 1.234ns (routing 0.591ns, distribution 0.643ns)

    Location             Delay type                Incr(ns)  Path(ns)    Netlist Resource(s)
  -------------------------------------------------------------------    -------------------
    MMCM_X0Y2            MMCME4_ADV                   0.000     0.000 f  dma_axis_ip_example_i/clk_wiz_0/inst/mmcme4_adv_inst/LOCKED
                         net (fo=2, routed)           0.809     0.809    dma_axis_ip_example_i/proc_sys_reset_0/U0/EXT_LPF/dcm_locked
    SLICE_X16Y73         LUT4 (Prop_G6LUT_SLICEM_I0_O)
                                                      0.050     0.859 r  dma_axis_ip_example_i/proc_sys_reset_0/U0/EXT_LPF/lpf_int0/O
                         net (fo=1, routed)           0.021     0.880    dma_axis_ip_example_i/proc_sys_reset_0/U0/EXT_LPF/lpf_int0__0
    SLICE_X16Y73         FDRE                                         r  dma_axis_ip_example_i/proc_sys_reset_0/U0/EXT_LPF/lpf_int_reg/D
  -------------------------------------------------------------------    -------------------

                         (clock clk_out1_dma_axis_ip_example_clk_wiz_0_0 rise edge)
                                                      0.000     0.000 r  
    BUFG_PS_X0Y67        BUFG_PS                      0.000     0.000 r  dma_axis_ip_example_i/zynq_ultra_ps_e_0/inst/buffer_pl_clk_0.PL_CLK_0_BUFG/O
                         net (fo=5975, routed)        1.093     1.093    dma_axis_ip_example_i/clk_wiz_0/inst/clk_in1
    MMCM_X0Y2            MMCME4_ADV (Prop_MMCM_CLKIN1_CLKOUT0)
                                                     -0.295     0.798 r  dma_axis_ip_example_i/clk_wiz_0/inst/mmcme4_adv_inst/CLKOUT0
                         net (fo=1, routed)           0.166     0.964    dma_axis_ip_example_i/clk_wiz_0/inst/clk_out1_dma_axis_ip_example_clk_wiz_0_0
    BUFGCE_X0Y66         BUFGCE (Prop_BUFCE_BUFGCE_I_O)
                                                      0.019     0.983 r  dma_axis_ip_example_i/clk_wiz_0/inst/clkout1_buf/O
    X0Y1 (CLOCK_ROOT)    net (fo=313, routed)         1.234     2.217    dma_axis_ip_example_i/proc_sys_reset_0/U0/EXT_LPF/slowest_sync_clk
    SLICE_X16Y73         FDRE                                         r  dma_axis_ip_example_i/proc_sys_reset_0/U0/EXT_LPF/lpf_int_reg/C





