

================================================================
== Vitis HLS Report for 'exp_generic_double_s'
================================================================
* Date:           Wed Apr  8 16:18:18 2026

* Version:        2024.1 (Build 5069499 on May 21 2024)
* Project:        pedal
* Solution:       hls (Vivado IP Flow Target)
* Product family: zynquplus
* Target device:  xczu3eg-sfvc784-2-e


================================================================
== Performance Estimates
================================================================
+ Timing: 
    * Summary: 
    +--------+----------+----------+------------+
    |  Clock |  Target  | Estimated| Uncertainty|
    +--------+----------+----------+------------+
    |ap_clk  |  15.00 ns|  8.974 ns|     4.05 ns|
    +--------+----------+----------+------------+

+ Latency: 
    * Summary: 
    +---------+---------+-----------+-----------+-----+-----+---------+
    |  Latency (cycles) |   Latency (absolute)  |  Interval | Pipeline|
    |   min   |   max   |    min    |    max    | min | max |   Type  |
    +---------+---------+-----------+-----------+-----+-----+---------+
    |        6|        6|  90.000 ns|  90.000 ns|    1|    1|      yes|
    +---------+---------+-----------+-----------+-----+-----+---------+

    + Detail: 
        * Instance: 
        N/A

        * Loop: 
        N/A



================================================================
== Utilization Estimates
================================================================
* Summary: 
+-----------------+---------+-----+--------+-------+-----+
|       Name      | BRAM_18K| DSP |   FF   |  LUT  | URAM|
+-----------------+---------+-----+--------+-------+-----+
|DSP              |        -|    1|       -|      -|    -|
|Expression       |        -|    -|       0|   2160|    -|
|FIFO             |        -|    -|       -|      -|    -|
|Instance         |        -|   23|       0|    139|    -|
|Memory           |        5|    -|       0|      0|    -|
|Multiplexer      |        -|    -|       0|     14|    -|
|Register         |        -|    -|     890|    256|    -|
+-----------------+---------+-----+--------+-------+-----+
|Total            |        5|   24|     890|   2569|    0|
+-----------------+---------+-----+--------+-------+-----+
|Available        |      432|  360|  141120|  70560|    0|
+-----------------+---------+-----+--------+-------+-----+
|Utilization (%)  |        1|    6|      ~0|      3|    0|
+-----------------+---------+-----+--------+-------+-----+

+ Detail: 
    * Instance: 
    +--------------------------+-----------------------+---------+----+---+----+-----+
    |         Instance         |         Module        | BRAM_18K| DSP| FF| LUT| URAM|
    +--------------------------+-----------------------+---------+----+---+----+-----+
    |mul_13s_71s_71_1_0_U1     |mul_13s_71s_71_1_0     |        0|   4|  0|  65|    0|
    |mul_43ns_36ns_79_1_0_U2   |mul_43ns_36ns_79_1_0   |        0|   4|  0|  19|    0|
    |mul_49ns_44ns_93_1_0_U3   |mul_49ns_44ns_93_1_0   |        0|   6|  0|  20|    0|
    |mul_50ns_50ns_100_1_0_U4  |mul_50ns_50ns_100_1_0  |        0|   9|  0|  21|    0|
    |sparsemux_9_3_64_1_0_U5   |sparsemux_9_3_64_1_0   |        0|   0|  0|  14|    0|
    +--------------------------+-----------------------+---------+----+---+----+-----+
    |Total                     |                       |        0|  23|  0| 139|    0|
    +--------------------------+-----------------------+---------+----+---+----+-----+

    * DSP: 
    +-----------------------------------+--------------------------------+--------------+
    |              Instance             |             Module             |  Expression  |
    +-----------------------------------+--------------------------------+--------------+
    |mac_muladd_16s_15ns_19s_31_4_0_U6  |mac_muladd_16s_15ns_19s_31_4_0  |  i0 + i1 * i2|
    +-----------------------------------+--------------------------------+--------------+

    * Memory: 
    +---------------------------------------------------------------+----------------------------------------------------------------------------------+---------+---+----+-----+------+-----+------+-------------+
    |                             Memory                            |                                      Module                                      | BRAM_18K| FF| LUT| URAM| Words| Bits| Banks| W*Bits*Banks|
    +---------------------------------------------------------------+----------------------------------------------------------------------------------+---------+---+----+-----+------+-----+------+-------------+
    |table_exp_Z1_ap_ufixed_58_1_ap_q_mode_5_ap_o_mode_3_0_array_U  |exp_generic_double_s_table_exp_Z1_ap_ufixed_58_1_ap_q_mode_5_ap_o_mode_3_0_arbkb  |        2|  0|   0|    0|   256|   58|     1|        14848|
    |table_f_Z2_ap_ufixed_59_0_ap_q_mode_5_ap_o_mode_3_0_array_U    |exp_generic_double_s_table_f_Z2_ap_ufixed_59_0_ap_q_mode_5_ap_o_mode_3_0_arradEe  |        2|  0|   0|    0|   256|   42|     1|        10752|
    |table_f_Z3_ap_ufixed_59_0_ap_q_mode_5_ap_o_mode_3_0_array_U    |exp_generic_double_s_table_f_Z3_ap_ufixed_59_0_ap_q_mode_5_ap_o_mode_3_0_arracud  |        1|  0|   0|    0|   256|   26|     1|         6656|
    +---------------------------------------------------------------+----------------------------------------------------------------------------------+---------+---+----+-----+------+-----+------+-------------+
    |Total                                                          |                                                                                  |        5|  0|   0|    0|   768|  126|     3|        32256|
    +---------------------------------------------------------------+----------------------------------------------------------------------------------+---------+---+----+-----+------+-----+------+-------------+

    * FIFO: 
    N/A

    * Expression: 
    +-------------------------+----------+----+---+-----+------------+------------+
    |      Variable Name      | Operation| DSP| FF| LUT | Bitwidth P0| Bitwidth P1|
    +-------------------------+----------+----+---+-----+------------+------------+
    |add_ln126_fu_710_p2      |         +|   0|  0|   43|          36|          36|
    |add_ln145_fu_791_p2      |         +|   0|  0|   51|          44|          44|
    |add_ln243_1_fu_546_p2    |         +|   0|  0|   20|          13|           1|
    |add_ln297_1_fu_900_p2    |         +|   0|  0|  114|         107|         107|
    |add_ln297_fu_873_p2      |         +|   0|  0|   65|          58|           5|
    |exp_Z1P_m_1_l_fu_800_p2  |         +|   0|  0|   59|          52|          52|
    |exp_Z2P_m_1_fu_720_p2    |         +|   0|  0|   51|          44|          44|
    |exp_Z4_m_1_fu_667_p2     |         +|   0|  0|   43|          36|          36|
    |m_exp_fu_324_p2          |         +|   0|  0|   19|          12|          11|
    |out_exp_fu_964_p2        |         +|   0|  0|   18|          11|          10|
    |r_exp_1_fu_914_p2        |         +|   0|  0|   20|          13|           2|
    |e_frac_1_fu_342_p2       |         -|   0|  0|   61|           1|          54|
    |sub_ln229_fu_376_p2      |         -|   0|  0|   18|          10|          11|
    |sub_ln255_fu_591_p2      |         -|   0|  0|   66|          59|          59|
    |and_ln182_1_fu_821_p2    |       and|   0|  0|    2|           1|           1|
    |and_ln182_fu_826_p2      |       and|   0|  0|    2|           1|           1|
    |and_ln18_fu_836_p2       |       and|   0|  0|    2|           1|           1|
    |and_ln309_1_fu_1022_p2   |       and|   0|  0|    2|           1|           1|
    |and_ln309_2_fu_1039_p2   |       and|   0|  0|    2|           1|           1|
    |and_ln309_3_fu_1051_p2   |       and|   0|  0|    2|           1|           1|
    |and_ln309_4_fu_1073_p2   |       and|   0|  0|    2|           1|           1|
    |and_ln309_5_fu_1079_p2   |       and|   0|  0|    2|           1|           1|
    |and_ln309_fu_1012_p2     |       and|   0|  0|    2|           1|           1|
    |ashr_ln229_fu_402_p2     |      ashr|   0|  0|  207|          71|          71|
    |ashr_ln230_fu_442_p2     |      ashr|   0|  0|  179|          64|          64|
    |icmp_ln18_1_fu_314_p2    |      icmp|   0|  0|   59|          52|           1|
    |icmp_ln18_fu_308_p2      |      icmp|   0|  0|   18|          11|           2|
    |icmp_ln243_fu_540_p2     |      icmp|   0|  0|   25|          18|           1|
    |icmp_ln309_1_fu_936_p2   |      icmp|   0|  0|   10|           3|           1|
    |icmp_ln309_2_fu_496_p2   |      icmp|   0|  0|   78|          71|          71|
    |icmp_ln309_fu_474_p2     |      icmp|   0|  0|   19|          12|           1|
    |icmp_ln326_fu_954_p2     |      icmp|   0|  0|   20|          13|          11|
    |or_ln185_fu_849_p2       |        or|   0|  0|    2|           1|           1|
    |or_ln309_1_fu_1028_p2    |        or|   0|  0|    2|           1|           1|
    |or_ln309_2_fu_1056_p2    |        or|   0|  0|    2|           1|           1|
    |or_ln309_3_fu_1067_p2    |        or|   0|  0|    2|           1|           1|
    |or_ln309_fu_942_p2       |        or|   0|  0|    2|           1|           1|
    |e_frac_3_fu_348_p3       |    select|   0|  0|   52|           1|          54|
    |m_fix_fu_414_p3          |    select|   0|  0|   70|           1|          71|
    |r_exp_2_fu_919_p3        |    select|   0|  0|   12|           1|          13|
    |r_exp_fu_560_p3          |    select|   0|  0|   12|           1|          13|
    |retval_1_fu_1094_p2      |    select|   0|  0|   64|           1|          64|
    |retval_1_fu_1094_p4      |    select|   0|  0|   62|           1|           1|
    |select_ln18_fu_841_p3    |    select|   0|  0|   62|           1|          63|
    |select_ln229_fu_386_p3   |    select|   0|  0|   11|           1|          12|
    |select_ln230_fu_480_p3   |    select|   0|  0|   64|           1|          64|
    |select_ln243_fu_552_p3   |    select|   0|  0|   12|           1|          13|
    |select_ln303_fu_990_p3   |    select|   0|  0|   50|           1|          52|
    |shl_ln229_fu_408_p2      |       shl|   0|  0|  207|          71|          71|
    |shl_ln230_fu_436_p2      |       shl|   0|  0|  179|          64|          64|
    |xor_ln182_fu_816_p2      |       xor|   0|  0|    2|           1|           2|
    |xor_ln18_1_fu_1034_p2    |       xor|   0|  0|    2|           1|           2|
    |xor_ln18_fu_831_p2       |       xor|   0|  0|    2|           1|           2|
    |xor_ln309_1_fu_1045_p2   |       xor|   0|  0|    2|           1|           2|
    |xor_ln309_2_fu_1061_p2   |       xor|   0|  0|    2|           1|           2|
    |xor_ln309_fu_1017_p2     |       xor|   0|  0|    2|           1|           2|
    +-------------------------+----------+----+---+-----+------------+------------+
    |Total                    |          |   0|  0| 2160|         977|        1276|
    +-------------------------+----------+----+---+-----+------------+------------+

    * Multiplexer: 
    +-----------+----+-----------+-----+-----------+
    |    Name   | LUT| Input Size| Bits| Total Bits|
    +-----------+----+-----------+-----+-----------+
    |ap_return  |  14|          3|   64|        192|
    +-----------+----+-----------+-----+-----------+
    |Total      |  14|          3|   64|        192|
    +-----------+----+-----------+-----+-----------+

    * Register: 
    +----------------------------------+----+----+-----+-----------+
    |               Name               | FF | LUT| Bits| Const Bits|
    +----------------------------------+----+----+-----+-----------+
    |Z2_reg_1197                       |   8|   0|    8|          0|
    |Z2_reg_1197_pp0_iter4_reg         |   8|   0|    8|          0|
    |Z3_reg_1204                       |   8|   0|    8|          0|
    |Z4_reg_1209                       |  35|   0|   35|          0|
    |ap_ce_reg                         |   1|   0|    1|          0|
    |ap_return_int_reg                 |  64|   0|   64|          0|
    |es_sign_reg_1129                  |   1|   0|    1|          0|
    |exp_Z1P_m_1_reg_1240              |  50|   0|   50|          0|
    |exp_Z2P_m_1_reg_1224              |  44|   0|   44|          0|
    |icmp_ln18_1_reg_1142              |   1|   0|    1|          0|
    |icmp_ln18_reg_1134                |   1|   0|    1|          0|
    |icmp_ln309_2_reg_1171             |   1|   0|    1|          0|
    |icmp_ln309_reg_1163               |   1|   0|    1|          0|
    |m_diff_hi_reg_1192                |   8|   0|    8|          0|
    |m_diff_hi_reg_1192_pp0_iter4_reg  |   8|   0|    8|          0|
    |r_exp_reg_1186                    |  13|   0|   13|          0|
    |tmp_158_reg_1148                  |   1|   0|    1|          0|
    |tmp_158_reg_1148_pp0_iter1_reg    |   1|   0|    1|          0|
    |tmp_162_reg_1176                  |   1|   0|    1|          0|
    |trunc_ln255_reg_1158              |  59|   0|   59|          0|
    |x_int_reg                         |  64|   0|   64|          0|
    |es_sign_reg_1129                  |  64|  32|    1|          0|
    |icmp_ln18_1_reg_1142              |  64|  32|    1|          0|
    |icmp_ln18_reg_1134                |  64|  32|    1|          0|
    |icmp_ln309_2_reg_1171             |  64|  32|    1|          0|
    |icmp_ln309_reg_1163               |  64|  32|    1|          0|
    |r_exp_reg_1186                    |  64|  32|   13|          0|
    |tmp_162_reg_1176                  |  64|  32|    1|          0|
    |trunc_ln255_reg_1158              |  64|  32|   59|          0|
    +----------------------------------+----+----+-----+-----------+
    |Total                             | 890| 256|  456|          0|
    +----------------------------------+----+----+-----+-----------+



================================================================
== Interface
================================================================
* Summary: 
+-----------+-----+-----+------------+---------------------+--------------+
| RTL Ports | Dir | Bits|  Protocol  |    Source Object    |    C Type    |
+-----------+-----+-----+------------+---------------------+--------------+
|ap_clk     |   in|    1|  ap_ctrl_hs|  exp_generic<double>|  return value|
|ap_rst     |   in|    1|  ap_ctrl_hs|  exp_generic<double>|  return value|
|ap_return  |  out|   64|  ap_ctrl_hs|  exp_generic<double>|  return value|
|ap_ce      |   in|    1|  ap_ctrl_hs|  exp_generic<double>|  return value|
|x          |   in|   64|     ap_none|                    x|        scalar|
+-----------+-----+-----+------------+---------------------+--------------+

============================================================
+ Verbose Summary: Synthesis Manager
============================================================
InlineROM: 1
ExposeGlobal: 0
============================================================
+ Verbose Summary: CDFG Model
============================================================
IsTopModel: 0
ResetActiveHigh: 1
IsCombinational: 2
IsDatapathOnly: 1
HasWiredReturn: 1
HasMFsm: 2
HasVarLatency: 0
IsPipeline: 1
IsRtlPipelined: 1
IsInstanceOverlapped: 0
IsDontTouch: 0
HasImplIP: 0
IsGatedGlobalClock: 0

+ Individual pipeline summary: 
  * Pipeline-0: initiation interval (II) = 1, depth = 7


============================================================
+ Verbose Summary: Schedule
============================================================
* Number of FSM states : 7
* Pipeline : 1
  Pipeline-0 : II = 1, D = 7, States = { 1 2 3 4 5 6 7 }
* Dataflow Pipeline: 0

* FSM state transitions: 
1 --> 2 
2 --> 3 
3 --> 4 
4 --> 5 
5 --> 6 
6 --> 7 
7 --> 

* FSM state operations: 

State 1 <SV = 0> <Delay = 6.12>
ST_1 : Operation 8 [1/1] (0.00ns)   --->   "%x_read = read i64 @_ssdm_op_Read.ap_auto.double, i64 %x" [C:\scratch\2024.1\hls_product\545\2024.1\src\shared\hls\clib/hlsmath/include/FloatingPoint\hls_exp_.h:156]   --->   Operation 8 'read' 'x_read' <Predicate = true> <Delay = 0.00>
ST_1 : Operation 9 [1/1] (0.00ns)   --->   "%data = bitcast i64 %x_read" [C:\scratch\2024.1\hls_product\545\2024.1\src\shared\hls\clib/src/hls\utils/x_hls_utils.h:459->C:\scratch\2024.1\hls_product\545\2024.1\src\shared\hls\clib/hlsmath/include/FloatingPoint\hls_exp_.h:160]   --->   Operation 9 'bitcast' 'data' <Predicate = true> <Delay = 0.00>
ST_1 : Operation 10 [1/1] (0.00ns)   --->   "%es_sign = bitselect i1 @_ssdm_op_BitSelect.i1.i64.i32, i64 %data, i32 63" [C:\scratch\2024.1\hls_product\545\2024.1\src\shared\hls\clib/src/hls\utils/x_hls_utils.h:460->C:\scratch\2024.1\hls_product\545\2024.1\src\shared\hls\clib/hlsmath/include/FloatingPoint\hls_exp_.h:160]   --->   Operation 10 'bitselect' 'es_sign' <Predicate = true> <Delay = 0.00>
ST_1 : Operation 11 [1/1] (0.00ns)   --->   "%es_exp = partselect i11 @_ssdm_op_PartSelect.i11.i64.i32.i32, i64 %data, i32 52, i32 62" [C:\scratch\2024.1\hls_product\545\2024.1\src\shared\hls\clib/src/hls\utils/x_hls_utils.h:461->C:\scratch\2024.1\hls_product\545\2024.1\src\shared\hls\clib/hlsmath/include/FloatingPoint\hls_exp_.h:160]   --->   Operation 11 'partselect' 'es_exp' <Predicate = true> <Delay = 0.00>
ST_1 : Operation 12 [1/1] (0.00ns)   --->   "%es_sig = trunc i64 %data" [C:\scratch\2024.1\hls_product\545\2024.1\src\shared\hls\clib/src/hls\utils/x_hls_utils.h:462->C:\scratch\2024.1\hls_product\545\2024.1\src\shared\hls\clib/hlsmath/include/FloatingPoint\hls_exp_.h:160]   --->   Operation 12 'trunc' 'es_sig' <Predicate = true> <Delay = 0.00>
ST_1 : Operation 13 [1/1] (0.79ns)   --->   "%icmp_ln18 = icmp_eq  i11 %es_exp, i11 2047" [C:\scratch\2024.1\hls_product\545\2024.1\src\shared\hls\clib/hlsmath/include/FloatingPoint\hls_isnan.h:18->C:\scratch\2024.1\hls_product\545\2024.1\src\shared\hls\clib/hlsmath/include/FloatingPoint\hls_exp_.h:180]   --->   Operation 13 'icmp' 'icmp_ln18' <Predicate = true> <Delay = 0.79> <CoreInst = "Cmp">   --->   Core 9 'Cmp' <Latency = 0> <II = 1> <Delay = 0.79> <FuncUnit> <Opcode : 'seteq' 'setne' 'setle' 'setge' 'setlt' 'setgt'> <InPorts = 2> <OutPorts = 1>
ST_1 : Operation 14 [1/1] (1.10ns)   --->   "%icmp_ln18_1 = icmp_eq  i52 %es_sig, i52 0" [C:\scratch\2024.1\hls_product\545\2024.1\src\shared\hls\clib/hlsmath/include/FloatingPoint/hls_isinf.h:18->C:\scratch\2024.1\hls_product\545\2024.1\src\shared\hls\clib/hlsmath/include/FloatingPoint\hls_exp_.h:181]   --->   Operation 14 'icmp' 'icmp_ln18_1' <Predicate = true> <Delay = 1.10> <CoreInst = "Cmp">   --->   Core 9 'Cmp' <Latency = 0> <II = 1> <Delay = 1.10> <FuncUnit> <Opcode : 'seteq' 'setne' 'setle' 'setge' 'setlt' 'setgt'> <InPorts = 2> <OutPorts = 1>
ST_1 : Operation 15 [1/1] (0.00ns)   --->   "%zext_ln486 = zext i11 %es_exp" [C:\scratch\2024.1\hls_product\545\2024.1\src\shared\hls\clib/src/hls\utils/x_hls_utils.h:486->C:\scratch\2024.1\hls_product\545\2024.1\src\shared\hls\clib/hlsmath/include/FloatingPoint\hls_exp_.h:208]   --->   Operation 15 'zext' 'zext_ln486' <Predicate = true> <Delay = 0.00>
ST_1 : Operation 16 [1/1] (0.79ns)   --->   "%m_exp = add i12 %zext_ln486, i12 3073" [C:\scratch\2024.1\hls_product\545\2024.1\src\shared\hls\clib/src/hls\utils/x_hls_utils.h:486->C:\scratch\2024.1\hls_product\545\2024.1\src\shared\hls\clib/hlsmath/include/FloatingPoint\hls_exp_.h:208]   --->   Operation 16 'add' 'm_exp' <Predicate = true> <Delay = 0.79> <CoreInst = "Adder">   --->   Core 1 'Adder' <Latency = 0> <II = 1> <Delay = 0.80> <FuncUnit> <Opcode : 'add' 'sub'> <InPorts = 2> <OutPorts = 1>
ST_1 : Operation 17 [1/1] (0.00ns)   --->   "%e_frac = bitconcatenate i53 @_ssdm_op_BitConcatenate.i53.i1.i52, i1 1, i52 %es_sig" [C:\scratch\2024.1\hls_product\545\2024.1\src\shared\hls\clib/hlsmath/include/FloatingPoint\hls_exp_.h:221]   --->   Operation 17 'bitconcatenate' 'e_frac' <Predicate = true> <Delay = 0.00>
ST_1 : Operation 18 [1/1] (0.00ns)   --->   "%zext_ln221 = zext i53 %e_frac" [C:\scratch\2024.1\hls_product\545\2024.1\src\shared\hls\clib/hlsmath/include/FloatingPoint\hls_exp_.h:221]   --->   Operation 18 'zext' 'zext_ln221' <Predicate = true> <Delay = 0.00>
ST_1 : Operation 19 [1/1] (1.10ns)   --->   "%e_frac_1 = sub i54 0, i54 %zext_ln221" [C:\scratch\2024.1\hls_product\545\2024.1\src\shared\hls\clib/hlsmath/include/FloatingPoint\hls_exp_.h:224]   --->   Operation 19 'sub' 'e_frac_1' <Predicate = true> <Delay = 1.10> <CoreInst = "Adder">   --->   Core 1 'Adder' <Latency = 0> <II = 1> <Delay = 1.09> <FuncUnit> <Opcode : 'add' 'sub'> <InPorts = 2> <OutPorts = 1>
ST_1 : Operation 20 [1/1] (0.40ns)   --->   "%e_frac_3 = select i1 %es_sign, i54 %e_frac_1, i54 %zext_ln221" [C:\scratch\2024.1\hls_product\545\2024.1\src\shared\hls\clib/hlsmath/include/FloatingPoint\hls_exp_.h:224]   --->   Operation 20 'select' 'e_frac_3' <Predicate = true> <Delay = 0.40> <CoreInst = "Sel">   --->   Core 73 'Sel' <Latency = 0> <II = 1> <Delay = 0.40> <FuncUnit> <Opcode : 'select'> <InPorts = 3> <OutPorts = 1>
ST_1 : Operation 21 [1/1] (0.00ns)   --->   "%m_frac_l_1 = bitconcatenate i61 @_ssdm_op_BitConcatenate.i61.i54.i7, i54 %e_frac_3, i7 0" [C:\scratch\2024.1\hls_product\545\2024.1\src\shared\hls\clib/hlsmath/include/FloatingPoint\hls_exp_.h:227]   --->   Operation 21 'bitconcatenate' 'm_frac_l_1' <Predicate = true> <Delay = 0.00>
ST_1 : Operation 22 [1/1] (0.00ns)   --->   "%sext_ln227 = sext i61 %m_frac_l_1" [C:\scratch\2024.1\hls_product\545\2024.1\src\shared\hls\clib/hlsmath/include/FloatingPoint\hls_exp_.h:227]   --->   Operation 22 'sext' 'sext_ln227' <Predicate = true> <Delay = 0.00>
ST_1 : Operation 23 [1/1] (0.00ns)   --->   "%tmp = bitselect i1 @_ssdm_op_BitSelect.i1.i12.i32, i12 %m_exp, i32 11" [C:\scratch\2024.1\hls_product\545\2024.1\src\shared\hls\clib/hlsmath/include/FloatingPoint\hls_exp_.h:229]   --->   Operation 23 'bitselect' 'tmp' <Predicate = true> <Delay = 0.00>
ST_1 : Operation 24 [1/1] (0.79ns)   --->   "%sub_ln229 = sub i11 1023, i11 %es_exp" [C:\scratch\2024.1\hls_product\545\2024.1\src\shared\hls\clib/hlsmath/include/FloatingPoint\hls_exp_.h:229]   --->   Operation 24 'sub' 'sub_ln229' <Predicate = true> <Delay = 0.79> <CoreInst = "Adder">   --->   Core 1 'Adder' <Latency = 0> <II = 1> <Delay = 0.79> <FuncUnit> <Opcode : 'add' 'sub'> <InPorts = 2> <OutPorts = 1>
ST_1 : Operation 25 [1/1] (0.00ns)   --->   "%sext_ln229 = sext i11 %sub_ln229" [C:\scratch\2024.1\hls_product\545\2024.1\src\shared\hls\clib/hlsmath/include/FloatingPoint\hls_exp_.h:229]   --->   Operation 25 'sext' 'sext_ln229' <Predicate = true> <Delay = 0.00>
ST_1 : Operation 26 [1/1] (0.37ns)   --->   "%select_ln229 = select i1 %tmp, i12 %sext_ln229, i12 %m_exp" [C:\scratch\2024.1\hls_product\545\2024.1\src\shared\hls\clib/hlsmath/include/FloatingPoint\hls_exp_.h:229]   --->   Operation 26 'select' 'select_ln229' <Predicate = true> <Delay = 0.37> <CoreInst = "Sel">   --->   Core 73 'Sel' <Latency = 0> <II = 1> <Delay = 0.37> <FuncUnit> <Opcode : 'select'> <InPorts = 3> <OutPorts = 1>
ST_1 : Operation 27 [1/1] (0.00ns)   --->   "%sext_ln229_1 = sext i12 %select_ln229" [C:\scratch\2024.1\hls_product\545\2024.1\src\shared\hls\clib/hlsmath/include/FloatingPoint\hls_exp_.h:229]   --->   Operation 27 'sext' 'sext_ln229_1' <Predicate = true> <Delay = 0.00>
ST_1 : Operation 28 [1/1] (0.00ns)   --->   "%zext_ln229 = zext i32 %sext_ln229_1" [C:\scratch\2024.1\hls_product\545\2024.1\src\shared\hls\clib/hlsmath/include/FloatingPoint\hls_exp_.h:229]   --->   Operation 28 'zext' 'zext_ln229' <Predicate = true> <Delay = 0.00>
ST_1 : Operation 29 [1/1] (1.52ns)   --->   "%ashr_ln229 = ashr i71 %sext_ln227, i71 %zext_ln229" [C:\scratch\2024.1\hls_product\545\2024.1\src\shared\hls\clib/hlsmath/include/FloatingPoint\hls_exp_.h:229]   --->   Operation 29 'ashr' 'ashr_ln229' <Predicate = true> <Delay = 1.52> <CoreInst = "Shifter">   --->   Core 75 'Shifter' <Latency = 0> <II = 1> <Delay = 1.53> <FuncUnit> <Opcode : 'shl' 'lshr' 'ashr'> <InPorts = 2> <OutPorts = 1>
ST_1 : Operation 30 [1/1] (1.52ns)   --->   "%shl_ln229 = shl i71 %sext_ln227, i71 %zext_ln229" [C:\scratch\2024.1\hls_product\545\2024.1\src\shared\hls\clib/hlsmath/include/FloatingPoint\hls_exp_.h:229]   --->   Operation 30 'shl' 'shl_ln229' <Predicate = true> <Delay = 1.52> <CoreInst = "Shifter">   --->   Core 75 'Shifter' <Latency = 0> <II = 1> <Delay = 1.53> <FuncUnit> <Opcode : 'shl' 'lshr' 'ashr'> <InPorts = 2> <OutPorts = 1>
ST_1 : Operation 31 [1/1] (0.41ns)   --->   "%m_fix = select i1 %tmp, i71 %ashr_ln229, i71 %shl_ln229" [C:\scratch\2024.1\hls_product\545\2024.1\src\shared\hls\clib/hlsmath/include/FloatingPoint\hls_exp_.h:229]   --->   Operation 31 'select' 'm_fix' <Predicate = true> <Delay = 0.41> <CoreInst = "Sel">   --->   Core 73 'Sel' <Latency = 0> <II = 1> <Delay = 0.41> <FuncUnit> <Opcode : 'select'> <InPorts = 3> <OutPorts = 1>
ST_1 : Operation 32 [1/1] (0.00ns)   --->   "%m_fix_l = partselect i64 @_ssdm_op_PartSelect.i64.i71.i32.i32, i71 %m_fix, i32 7, i32 70" [C:\scratch\2024.1\hls_product\545\2024.1\src\shared\hls\clib/hlsmath/include/FloatingPoint\hls_exp_.h:229]   --->   Operation 32 'partselect' 'm_fix_l' <Predicate = true> <Delay = 0.00>
ST_1 : Operation 33 [1/1] (0.00ns)   --->   "%zext_ln230 = zext i32 %sext_ln229_1" [C:\scratch\2024.1\hls_product\545\2024.1\src\shared\hls\clib/hlsmath/include/FloatingPoint\hls_exp_.h:230]   --->   Operation 33 'zext' 'zext_ln230' <Predicate = true> <Delay = 0.00>
ST_1 : Operation 34 [1/1] (1.53ns)   --->   "%shl_ln230 = shl i64 %m_fix_l, i64 %zext_ln230" [C:\scratch\2024.1\hls_product\545\2024.1\src\shared\hls\clib/hlsmath/include/FloatingPoint\hls_exp_.h:230]   --->   Operation 34 'shl' 'shl_ln230' <Predicate = true> <Delay = 1.53> <CoreInst = "Shifter">   --->   Core 75 'Shifter' <Latency = 0> <II = 1> <Delay = 1.53> <FuncUnit> <Opcode : 'shl' 'lshr' 'ashr'> <InPorts = 2> <OutPorts = 1>
ST_1 : Operation 35 [1/1] (1.53ns)   --->   "%ashr_ln230 = ashr i64 %m_fix_l, i64 %zext_ln230" [C:\scratch\2024.1\hls_product\545\2024.1\src\shared\hls\clib/hlsmath/include/FloatingPoint\hls_exp_.h:230]   --->   Operation 35 'ashr' 'ashr_ln230' <Predicate = true> <Delay = 1.53> <CoreInst = "Shifter">   --->   Core 75 'Shifter' <Latency = 0> <II = 1> <Delay = 1.53> <FuncUnit> <Opcode : 'shl' 'lshr' 'ashr'> <InPorts = 2> <OutPorts = 1>
ST_1 : Operation 36 [1/1] (0.00ns)   --->   "%m_fix_hi = partselect i16 @_ssdm_op_PartSelect.i16.i71.i32.i32, i71 %m_fix, i32 55, i32 70" [C:\scratch\2024.1\hls_product\545\2024.1\src\shared\hls\clib/hlsmath/include/FloatingPoint\hls_exp_.h:235]   --->   Operation 36 'partselect' 'm_fix_hi' <Predicate = true> <Delay = 0.00>
ST_1 : Operation 37 [1/1] (0.00ns)   --->   "%tmp_158 = bitselect i1 @_ssdm_op_BitSelect.i1.i71.i32, i71 %m_fix, i32 70" [C:\scratch\2024.1\hls_product\545\2024.1\src\shared\hls\clib/hlsmath/include/FloatingPoint\hls_exp_.h:240]   --->   Operation 37 'bitselect' 'tmp_158' <Predicate = true> <Delay = 0.00>
ST_1 : Operation 38 [1/1] (0.00ns)   --->   "%sext_ln243 = sext i16 %m_fix_hi" [C:\scratch\2024.1\hls_product\545\2024.1\src\shared\hls\clib/hlsmath/include/FloatingPoint\hls_exp_.h:243]   --->   Operation 38 'sext' 'sext_ln243' <Predicate = true> <Delay = 0.00>
ST_1 : Operation 39 [3/3] (0.99ns) (grouped into DSP with root node add_ln243)   --->   "%mul_ln243 = mul i31 %sext_ln243, i31 23637" [C:\scratch\2024.1\hls_product\545\2024.1\src\shared\hls\clib/hlsmath/include/FloatingPoint\hls_exp_.h:243]   --->   Operation 39 'mul' 'mul_ln243' <Predicate = true> <Delay = 0.99> <CoreInst = "DSP48">   --->   Core 124 'DSP48' <Latency = 3> <II = 1> <Delay = 0.53> <IPBlock> <Opcode : '' 'add' 'sub' 'mul' 'select'> <InPorts = 0> <OutPorts = 1> <Sync> <CReg>
ST_1 : Operation 40 [1/1] (0.00ns)   --->   "%trunc_ln255 = trunc i71 %m_fix" [C:\scratch\2024.1\hls_product\545\2024.1\src\shared\hls\clib/hlsmath/include/FloatingPoint\hls_exp_.h:255]   --->   Operation 40 'trunc' 'trunc_ln255' <Predicate = true> <Delay = 0.00>
ST_1 : Operation 41 [1/1] (0.80ns)   --->   "%icmp_ln309 = icmp_sgt  i12 %m_exp, i12 0" [C:\scratch\2024.1\hls_product\545\2024.1\src\shared\hls\clib/hlsmath/include/FloatingPoint\hls_exp_.h:309]   --->   Operation 41 'icmp' 'icmp_ln309' <Predicate = true> <Delay = 0.80> <CoreInst = "Cmp">   --->   Core 9 'Cmp' <Latency = 0> <II = 1> <Delay = 0.80> <FuncUnit> <Opcode : 'seteq' 'setne' 'setle' 'setge' 'setlt' 'setgt'> <InPorts = 2> <OutPorts = 1>
ST_1 : Operation 42 [1/1] (0.00ns) (grouped into LUT with out node icmp_ln309_2)   --->   "%select_ln230 = select i1 %tmp, i64 %shl_ln230, i64 %ashr_ln230" [C:\scratch\2024.1\hls_product\545\2024.1\src\shared\hls\clib/hlsmath/include/FloatingPoint\hls_exp_.h:230]   --->   Operation 42 'select' 'select_ln230' <Predicate = true> <Delay = 0.00> <CoreInst = "Sel">   --->   Core 73 'Sel' <Latency = 0> <II = 1> <Delay = 0.42> <FuncUnit> <Opcode : 'select'> <InPorts = 3> <OutPorts = 1>
ST_1 : Operation 43 [1/1] (0.00ns) (grouped into LUT with out node icmp_ln309_2)   --->   "%shl_ln7 = bitconcatenate i71 @_ssdm_op_BitConcatenate.i71.i64.i7, i64 %select_ln230, i7 0" [C:\scratch\2024.1\hls_product\545\2024.1\src\shared\hls\clib/hlsmath/include/FloatingPoint\hls_exp_.h:309]   --->   Operation 43 'bitconcatenate' 'shl_ln7' <Predicate = true> <Delay = 0.00>
ST_1 : Operation 44 [1/1] (1.13ns) (out node of the LUT)   --->   "%icmp_ln309_2 = icmp_ne  i71 %shl_ln7, i71 %sext_ln227" [C:\scratch\2024.1\hls_product\545\2024.1\src\shared\hls\clib/hlsmath/include/FloatingPoint\hls_exp_.h:309]   --->   Operation 44 'icmp' 'icmp_ln309_2' <Predicate = true> <Delay = 1.13> <CoreInst = "Cmp">   --->   Core 9 'Cmp' <Latency = 0> <II = 1> <Delay = 1.13> <FuncUnit> <Opcode : 'seteq' 'setne' 'setle' 'setge' 'setlt' 'setgt'> <InPorts = 2> <OutPorts = 1>
ST_1 : Operation 45 [1/1] (0.00ns)   --->   "%tmp_162 = bitselect i1 @_ssdm_op_BitSelect.i1.i54.i32, i54 %e_frac_3, i32 53" [C:\scratch\2024.1\hls_product\545\2024.1\src\shared\hls\clib/hlsmath/include/FloatingPoint\hls_exp_.h:310]   --->   Operation 45 'bitselect' 'tmp_162' <Predicate = true> <Delay = 0.00>

State 2 <SV = 1> <Delay = 0.99>
ST_2 : Operation 46 [2/3] (0.99ns) (grouped into DSP with root node add_ln243)   --->   "%mul_ln243 = mul i31 %sext_ln243, i31 23637" [C:\scratch\2024.1\hls_product\545\2024.1\src\shared\hls\clib/hlsmath/include/FloatingPoint\hls_exp_.h:243]   --->   Operation 46 'mul' 'mul_ln243' <Predicate = true> <Delay = 0.99> <CoreInst = "DSP48">   --->   Core 124 'DSP48' <Latency = 3> <II = 1> <Delay = 0.53> <IPBlock> <Opcode : '' 'add' 'sub' 'mul' 'select'> <InPorts = 0> <OutPorts = 1> <Sync> <CReg>

State 3 <SV = 2> <Delay = 0.64>
ST_3 : Operation 47 [1/3] (0.00ns) (grouped into DSP with root node add_ln243)   --->   "%mul_ln243 = mul i31 %sext_ln243, i31 23637" [C:\scratch\2024.1\hls_product\545\2024.1\src\shared\hls\clib/hlsmath/include/FloatingPoint\hls_exp_.h:243]   --->   Operation 47 'mul' 'mul_ln243' <Predicate = true> <Delay = 0.00> <CoreInst = "DSP48">   --->   Core 124 'DSP48' <Latency = 3> <II = 1> <Delay = 0.53> <IPBlock> <Opcode : '' 'add' 'sub' 'mul' 'select'> <InPorts = 0> <OutPorts = 1> <Sync> <CReg>
ST_3 : Operation 48 [1/1] (0.00ns)   --->   "%shl_ln = bitconcatenate i19 @_ssdm_op_BitConcatenate.i19.i1.i18, i1 %tmp_158, i18 131072" [C:\scratch\2024.1\hls_product\545\2024.1\src\shared\hls\clib/hlsmath/include/FloatingPoint\hls_exp_.h:243]   --->   Operation 48 'bitconcatenate' 'shl_ln' <Predicate = true> <Delay = 0.00>
ST_3 : Operation 49 [1/1] (0.00ns)   --->   "%sext_ln243_1 = sext i19 %shl_ln" [C:\scratch\2024.1\hls_product\545\2024.1\src\shared\hls\clib/hlsmath/include/FloatingPoint\hls_exp_.h:243]   --->   Operation 49 'sext' 'sext_ln243_1' <Predicate = true> <Delay = 0.00>
ST_3 : Operation 50 [2/2] (0.64ns) (root node of the DSP)   --->   "%add_ln243 = add i31 %sext_ln243_1, i31 %mul_ln243" [C:\scratch\2024.1\hls_product\545\2024.1\src\shared\hls\clib/hlsmath/include/FloatingPoint\hls_exp_.h:243]   --->   Operation 50 'add' 'add_ln243' <Predicate = true> <Delay = 0.64> <CoreInst = "DSP48">   --->   Core 124 'DSP48' <Latency = 3> <II = 1> <Delay = 0.53> <IPBlock> <Opcode : '' 'add' 'sub' 'mul' 'select'> <InPorts = 0> <OutPorts = 1> <Sync> <CReg>

State 4 <SV = 3> <Delay = 8.97>
ST_4 : Operation 51 [1/2] (0.64ns) (root node of the DSP)   --->   "%add_ln243 = add i31 %sext_ln243_1, i31 %mul_ln243" [C:\scratch\2024.1\hls_product\545\2024.1\src\shared\hls\clib/hlsmath/include/FloatingPoint\hls_exp_.h:243]   --->   Operation 51 'add' 'add_ln243' <Predicate = true> <Delay = 0.64> <CoreInst = "DSP48">   --->   Core 124 'DSP48' <Latency = 3> <II = 1> <Delay = 0.53> <IPBlock> <Opcode : '' 'add' 'sub' 'mul' 'select'> <InPorts = 0> <OutPorts = 1> <Sync> <CReg>
ST_4 : Operation 52 [1/1] (0.00ns)   --->   "%tmp_176_cast = partselect i13 @_ssdm_op_PartSelect.i13.i31.i32.i32, i31 %add_ln243, i32 18, i32 30" [C:\scratch\2024.1\hls_product\545\2024.1\src\shared\hls\clib/hlsmath/include/FloatingPoint\hls_exp_.h:243]   --->   Operation 52 'partselect' 'tmp_176_cast' <Predicate = true> <Delay = 0.00>
ST_4 : Operation 53 [1/1] (0.00ns) (grouped into LUT with out node r_exp)   --->   "%tmp_159 = bitselect i1 @_ssdm_op_BitSelect.i1.i31.i32, i31 %add_ln243, i32 30" [C:\scratch\2024.1\hls_product\545\2024.1\src\shared\hls\clib/hlsmath/include/FloatingPoint\hls_exp_.h:243]   --->   Operation 53 'bitselect' 'tmp_159' <Predicate = true> <Delay = 0.00>
ST_4 : Operation 54 [1/1] (0.00ns)   --->   "%trunc_ln243 = trunc i31 %add_ln243" [C:\scratch\2024.1\hls_product\545\2024.1\src\shared\hls\clib/hlsmath/include/FloatingPoint\hls_exp_.h:243]   --->   Operation 54 'trunc' 'trunc_ln243' <Predicate = true> <Delay = 0.00>
ST_4 : Operation 55 [1/1] (0.87ns)   --->   "%icmp_ln243 = icmp_ne  i18 %trunc_ln243, i18 0" [C:\scratch\2024.1\hls_product\545\2024.1\src\shared\hls\clib/hlsmath/include/FloatingPoint\hls_exp_.h:243]   --->   Operation 55 'icmp' 'icmp_ln243' <Predicate = true> <Delay = 0.87> <CoreInst = "Cmp">   --->   Core 9 'Cmp' <Latency = 0> <II = 1> <Delay = 0.87> <FuncUnit> <Opcode : 'seteq' 'setne' 'setle' 'setge' 'setlt' 'setgt'> <InPorts = 2> <OutPorts = 1>
ST_4 : Operation 56 [1/1] (0.82ns)   --->   "%add_ln243_1 = add i13 %tmp_176_cast, i13 1" [C:\scratch\2024.1\hls_product\545\2024.1\src\shared\hls\clib/hlsmath/include/FloatingPoint\hls_exp_.h:243]   --->   Operation 56 'add' 'add_ln243_1' <Predicate = true> <Delay = 0.82> <CoreInst = "Adder">   --->   Core 1 'Adder' <Latency = 0> <II = 1> <Delay = 0.82> <FuncUnit> <Opcode : 'add' 'sub'> <InPorts = 2> <OutPorts = 1>
ST_4 : Operation 57 [1/1] (0.00ns) (grouped into LUT with out node r_exp)   --->   "%select_ln243 = select i1 %icmp_ln243, i13 %add_ln243_1, i13 %tmp_176_cast" [C:\scratch\2024.1\hls_product\545\2024.1\src\shared\hls\clib/hlsmath/include/FloatingPoint\hls_exp_.h:243]   --->   Operation 57 'select' 'select_ln243' <Predicate = true> <Delay = 0.00> <CoreInst = "Sel">   --->   Core 73 'Sel' <Latency = 0> <II = 1> <Delay = 0.30> <FuncUnit> <Opcode : 'select'> <InPorts = 3> <OutPorts = 1>
ST_4 : Operation 58 [1/1] (0.30ns) (out node of the LUT)   --->   "%r_exp = select i1 %tmp_159, i13 %select_ln243, i13 %tmp_176_cast" [C:\scratch\2024.1\hls_product\545\2024.1\src\shared\hls\clib/hlsmath/include/FloatingPoint\hls_exp_.h:243]   --->   Operation 58 'select' 'r_exp' <Predicate = true> <Delay = 0.30> <CoreInst = "Sel">   --->   Core 73 'Sel' <Latency = 0> <II = 1> <Delay = 0.30> <FuncUnit> <Opcode : 'select'> <InPorts = 3> <OutPorts = 1>
ST_4 : Operation 59 [1/1] (0.00ns)   --->   "%sext_ln249 = sext i13 %r_exp" [C:\scratch\2024.1\hls_product\545\2024.1\src\shared\hls\clib/hlsmath/include/FloatingPoint\hls_exp_.h:249]   --->   Operation 59 'sext' 'sext_ln249' <Predicate = true> <Delay = 0.00>
ST_4 : Operation 60 [1/1] (4.82ns)   --->   "%mul_ln249 = mul i71 %sext_ln249, i71 1636647506585939924452" [C:\scratch\2024.1\hls_product\545\2024.1\src\shared\hls\clib/hlsmath/include/FloatingPoint\hls_exp_.h:249]   --->   Operation 60 'mul' 'mul_ln249' <Predicate = true> <Delay = 4.82> <CoreInst = "Multiplier">   --->   Core 3 'Multiplier' <Latency = 0> <II = 1> <Delay = 4.82> <FuncUnit> <Opcode : 'mul'> <InPorts = 2> <OutPorts = 1>
ST_4 : Operation 61 [1/1] (0.00ns)   --->   "%tmp_53 = partselect i58 @_ssdm_op_PartSelect.i58.i71.i32.i32, i71 %mul_ln249, i32 13, i32 70" [C:\scratch\2024.1\hls_product\545\2024.1\src\shared\hls\clib/hlsmath/include/FloatingPoint\hls_exp_.h:255]   --->   Operation 61 'partselect' 'tmp_53' <Predicate = true> <Delay = 0.00>
ST_4 : Operation 62 [1/1] (0.00ns)   --->   "%and_ln = bitconcatenate i59 @_ssdm_op_BitConcatenate.i59.i58.i1, i58 %tmp_53, i1 0" [C:\scratch\2024.1\hls_product\545\2024.1\src\shared\hls\clib/hlsmath/include/FloatingPoint\hls_exp_.h:255]   --->   Operation 62 'bitconcatenate' 'and_ln' <Predicate = true> <Delay = 0.00>
ST_4 : Operation 63 [1/1] (1.09ns)   --->   "%sub_ln255 = sub i59 %trunc_ln255, i59 %and_ln" [C:\scratch\2024.1\hls_product\545\2024.1\src\shared\hls\clib/hlsmath/include/FloatingPoint\hls_exp_.h:255]   --->   Operation 63 'sub' 'sub_ln255' <Predicate = true> <Delay = 1.09> <CoreInst = "Adder">   --->   Core 1 'Adder' <Latency = 0> <II = 1> <Delay = 1.09> <FuncUnit> <Opcode : 'add' 'sub'> <InPorts = 2> <OutPorts = 1>
ST_4 : Operation 64 [1/1] (0.00ns)   --->   "%m_diff_hi = partselect i8 @_ssdm_op_PartSelect.i8.i59.i32.i32, i59 %sub_ln255, i32 51, i32 58" [C:\scratch\2024.1\hls_product\545\2024.1\src\shared\hls\clib/hlsmath/include/FloatingPoint\hls_exp_.h:286]   --->   Operation 64 'partselect' 'm_diff_hi' <Predicate = true> <Delay = 0.00>
ST_4 : Operation 65 [1/1] (0.00ns)   --->   "%Z2 = partselect i8 @_ssdm_op_PartSelect.i8.i59.i32.i32, i59 %sub_ln255, i32 43, i32 50" [C:\scratch\2024.1\hls_product\545\2024.1\src\shared\hls\clib/hlsmath/include/FloatingPoint\hls_exp_.h:96->C:\scratch\2024.1\hls_product\545\2024.1\src\shared\hls\clib/hlsmath/include/FloatingPoint\hls_exp_.h:293]   --->   Operation 65 'partselect' 'Z2' <Predicate = true> <Delay = 0.00>
ST_4 : Operation 66 [1/1] (0.00ns)   --->   "%Z3 = partselect i8 @_ssdm_op_PartSelect.i8.i59.i32.i32, i59 %sub_ln255, i32 35, i32 42" [C:\scratch\2024.1\hls_product\545\2024.1\src\shared\hls\clib/hlsmath/include/FloatingPoint\hls_exp_.h:98->C:\scratch\2024.1\hls_product\545\2024.1\src\shared\hls\clib/hlsmath/include/FloatingPoint\hls_exp_.h:293]   --->   Operation 66 'partselect' 'Z3' <Predicate = true> <Delay = 0.00>
ST_4 : Operation 67 [1/1] (0.00ns)   --->   "%Z4 = trunc i59 %sub_ln255" [C:\scratch\2024.1\hls_product\545\2024.1\src\shared\hls\clib/hlsmath/include/FloatingPoint\hls_exp_.h:99->C:\scratch\2024.1\hls_product\545\2024.1\src\shared\hls\clib/hlsmath/include/FloatingPoint\hls_exp_.h:293]   --->   Operation 67 'trunc' 'Z4' <Predicate = true> <Delay = 0.00>
ST_4 : Operation 68 [1/1] (0.00ns)   --->   "%Z4_ind = partselect i8 @_ssdm_op_PartSelect.i8.i59.i32.i32, i59 %sub_ln255, i32 27, i32 34" [C:\scratch\2024.1\hls_product\545\2024.1\src\shared\hls\clib/hlsmath/include/FloatingPoint\hls_exp_.h:113->C:\scratch\2024.1\hls_product\545\2024.1\src\shared\hls\clib/hlsmath/include/FloatingPoint\hls_exp_.h:293]   --->   Operation 68 'partselect' 'Z4_ind' <Predicate = true> <Delay = 0.00>
ST_4 : Operation 69 [1/1] (0.00ns)   --->   "%zext_ln114 = zext i8 %Z4_ind" [C:\scratch\2024.1\hls_product\545\2024.1\src\shared\hls\clib/hlsmath/include/FloatingPoint\hls_exp_.h:114->C:\scratch\2024.1\hls_product\545\2024.1\src\shared\hls\clib/hlsmath/include/FloatingPoint\hls_exp_.h:293]   --->   Operation 69 'zext' 'zext_ln114' <Predicate = true> <Delay = 0.00>
ST_4 : Operation 70 [1/1] (0.00ns)   --->   "%table_f_Z3_ap_ufixed_59_0_ap_q_mode_5_ap_o_mode_3_0_array_addr = getelementptr i26 %table_f_Z3_ap_ufixed_59_0_ap_q_mode_5_ap_o_mode_3_0_array, i64 0, i64 %zext_ln114" [C:\scratch\2024.1\hls_product\545\2024.1\src\shared\hls\clib/hlsmath/include/FloatingPoint\hls_exp_.h:114->C:\scratch\2024.1\hls_product\545\2024.1\src\shared\hls\clib/hlsmath/include/FloatingPoint\hls_exp_.h:293]   --->   Operation 70 'getelementptr' 'table_f_Z3_ap_ufixed_59_0_ap_q_mode_5_ap_o_mode_3_0_array_addr' <Predicate = true> <Delay = 0.00>
ST_4 : Operation 71 [2/2] (1.23ns)   --->   "%table_f_Z3_ap_ufixed_59_0_ap_q_mode_5_ap_o_mode_3_0_array_load = load i8 %table_f_Z3_ap_ufixed_59_0_ap_q_mode_5_ap_o_mode_3_0_array_addr" [C:\scratch\2024.1\hls_product\545\2024.1\src\shared\hls\clib/hlsmath/include/FloatingPoint\hls_exp_.h:114->C:\scratch\2024.1\hls_product\545\2024.1\src\shared\hls\clib/hlsmath/include/FloatingPoint\hls_exp_.h:293]   --->   Operation 71 'load' 'table_f_Z3_ap_ufixed_59_0_ap_q_mode_5_ap_o_mode_3_0_array_load' <Predicate = true> <Delay = 1.23> <CoreInst = "ROM">   --->   Core 100 'ROM' <Latency = 1> <II = 1> <Delay = 1.23> <Storage> <Opcode : 'load'> <Ports = 0> <Width = 26> <Depth = 256> <ROM>
ST_4 : Operation 72 [1/1] (0.00ns)   --->   "%zext_ln119 = zext i8 %Z3" [C:\scratch\2024.1\hls_product\545\2024.1\src\shared\hls\clib/hlsmath/include/FloatingPoint\hls_exp_.h:119->C:\scratch\2024.1\hls_product\545\2024.1\src\shared\hls\clib/hlsmath/include/FloatingPoint\hls_exp_.h:293]   --->   Operation 72 'zext' 'zext_ln119' <Predicate = true> <Delay = 0.00>
ST_4 : Operation 73 [1/1] (0.00ns)   --->   "%table_f_Z3_ap_ufixed_59_0_ap_q_mode_5_ap_o_mode_3_0_array_addr_1 = getelementptr i26 %table_f_Z3_ap_ufixed_59_0_ap_q_mode_5_ap_o_mode_3_0_array, i64 0, i64 %zext_ln119" [C:\scratch\2024.1\hls_product\545\2024.1\src\shared\hls\clib/hlsmath/include/FloatingPoint\hls_exp_.h:119->C:\scratch\2024.1\hls_product\545\2024.1\src\shared\hls\clib/hlsmath/include/FloatingPoint\hls_exp_.h:293]   --->   Operation 73 'getelementptr' 'table_f_Z3_ap_ufixed_59_0_ap_q_mode_5_ap_o_mode_3_0_array_addr_1' <Predicate = true> <Delay = 0.00>
ST_4 : Operation 74 [2/2] (1.23ns)   --->   "%f_Z3 = load i8 %table_f_Z3_ap_ufixed_59_0_ap_q_mode_5_ap_o_mode_3_0_array_addr_1" [C:\scratch\2024.1\hls_product\545\2024.1\src\shared\hls\clib/hlsmath/include/FloatingPoint\hls_exp_.h:119->C:\scratch\2024.1\hls_product\545\2024.1\src\shared\hls\clib/hlsmath/include/FloatingPoint\hls_exp_.h:293]   --->   Operation 74 'load' 'f_Z3' <Predicate = true> <Delay = 1.23> <CoreInst = "ROM">   --->   Core 100 'ROM' <Latency = 1> <II = 1> <Delay = 1.23> <Storage> <Opcode : 'load'> <Ports = 0> <Width = 26> <Depth = 256> <ROM>

State 5 <SV = 4> <Delay = 8.01>
ST_5 : Operation 75 [1/2] (1.23ns)   --->   "%table_f_Z3_ap_ufixed_59_0_ap_q_mode_5_ap_o_mode_3_0_array_load = load i8 %table_f_Z3_ap_ufixed_59_0_ap_q_mode_5_ap_o_mode_3_0_array_addr" [C:\scratch\2024.1\hls_product\545\2024.1\src\shared\hls\clib/hlsmath/include/FloatingPoint\hls_exp_.h:114->C:\scratch\2024.1\hls_product\545\2024.1\src\shared\hls\clib/hlsmath/include/FloatingPoint\hls_exp_.h:293]   --->   Operation 75 'load' 'table_f_Z3_ap_ufixed_59_0_ap_q_mode_5_ap_o_mode_3_0_array_load' <Predicate = true> <Delay = 1.23> <CoreInst = "ROM">   --->   Core 100 'ROM' <Latency = 1> <II = 1> <Delay = 1.23> <Storage> <Opcode : 'load'> <Ports = 0> <Width = 26> <Depth = 256> <ROM>
ST_5 : Operation 76 [1/1] (0.00ns)   --->   "%f_Z4 = partselect i10 @_ssdm_op_PartSelect.i10.i26.i32.i32, i26 %table_f_Z3_ap_ufixed_59_0_ap_q_mode_5_ap_o_mode_3_0_array_load, i32 16, i32 25" [C:\scratch\2024.1\hls_product\545\2024.1\src\shared\hls\clib/hlsmath/include/FloatingPoint\hls_exp_.h:114->C:\scratch\2024.1\hls_product\545\2024.1\src\shared\hls\clib/hlsmath/include/FloatingPoint\hls_exp_.h:293]   --->   Operation 76 'partselect' 'f_Z4' <Predicate = true> <Delay = 0.00>
ST_5 : Operation 77 [1/1] (0.00ns)   --->   "%zext_ln115 = zext i35 %Z4" [C:\scratch\2024.1\hls_product\545\2024.1\src\shared\hls\clib/hlsmath/include/FloatingPoint\hls_exp_.h:115->C:\scratch\2024.1\hls_product\545\2024.1\src\shared\hls\clib/hlsmath/include/FloatingPoint\hls_exp_.h:293]   --->   Operation 77 'zext' 'zext_ln115' <Predicate = true> <Delay = 0.00>
ST_5 : Operation 78 [1/1] (0.00ns)   --->   "%zext_ln115_1 = zext i10 %f_Z4" [C:\scratch\2024.1\hls_product\545\2024.1\src\shared\hls\clib/hlsmath/include/FloatingPoint\hls_exp_.h:115->C:\scratch\2024.1\hls_product\545\2024.1\src\shared\hls\clib/hlsmath/include/FloatingPoint\hls_exp_.h:293]   --->   Operation 78 'zext' 'zext_ln115_1' <Predicate = true> <Delay = 0.00>
ST_5 : Operation 79 [1/1] (1.02ns)   --->   "%exp_Z4_m_1 = add i36 %zext_ln115, i36 %zext_ln115_1" [C:\scratch\2024.1\hls_product\545\2024.1\src\shared\hls\clib/hlsmath/include/FloatingPoint\hls_exp_.h:115->C:\scratch\2024.1\hls_product\545\2024.1\src\shared\hls\clib/hlsmath/include/FloatingPoint\hls_exp_.h:293]   --->   Operation 79 'add' 'exp_Z4_m_1' <Predicate = true> <Delay = 1.02> <CoreInst = "Adder">   --->   Core 1 'Adder' <Latency = 0> <II = 1> <Delay = 1.02> <FuncUnit> <Opcode : 'add' 'sub'> <InPorts = 2> <OutPorts = 1>
ST_5 : Operation 80 [1/2] (1.23ns)   --->   "%f_Z3 = load i8 %table_f_Z3_ap_ufixed_59_0_ap_q_mode_5_ap_o_mode_3_0_array_addr_1" [C:\scratch\2024.1\hls_product\545\2024.1\src\shared\hls\clib/hlsmath/include/FloatingPoint\hls_exp_.h:119->C:\scratch\2024.1\hls_product\545\2024.1\src\shared\hls\clib/hlsmath/include/FloatingPoint\hls_exp_.h:293]   --->   Operation 80 'load' 'f_Z3' <Predicate = true> <Delay = 1.23> <CoreInst = "ROM">   --->   Core 100 'ROM' <Latency = 1> <II = 1> <Delay = 1.23> <Storage> <Opcode : 'load'> <Ports = 0> <Width = 26> <Depth = 256> <ROM>
ST_5 : Operation 81 [1/1] (0.00ns)   --->   "%exp_Z3_m_1 = bitconcatenate i43 @_ssdm_op_BitConcatenate.i43.i8.i9.i26, i8 %Z3, i9 0, i26 %f_Z3" [C:\scratch\2024.1\hls_product\545\2024.1\src\shared\hls\clib/hlsmath/include/FloatingPoint\hls_exp_.h:120->C:\scratch\2024.1\hls_product\545\2024.1\src\shared\hls\clib/hlsmath/include/FloatingPoint\hls_exp_.h:293]   --->   Operation 81 'bitconcatenate' 'exp_Z3_m_1' <Predicate = true> <Delay = 0.00>
ST_5 : Operation 82 [1/1] (0.00ns)   --->   "%zext_ln120 = zext i43 %exp_Z3_m_1" [C:\scratch\2024.1\hls_product\545\2024.1\src\shared\hls\clib/hlsmath/include/FloatingPoint\hls_exp_.h:120->C:\scratch\2024.1\hls_product\545\2024.1\src\shared\hls\clib/hlsmath/include/FloatingPoint\hls_exp_.h:293]   --->   Operation 82 'zext' 'zext_ln120' <Predicate = true> <Delay = 0.00>
ST_5 : Operation 83 [1/1] (0.00ns)   --->   "%zext_ln123 = zext i43 %exp_Z3_m_1" [C:\scratch\2024.1\hls_product\545\2024.1\src\shared\hls\clib/hlsmath/include/FloatingPoint\hls_exp_.h:123->C:\scratch\2024.1\hls_product\545\2024.1\src\shared\hls\clib/hlsmath/include/FloatingPoint\hls_exp_.h:293]   --->   Operation 83 'zext' 'zext_ln123' <Predicate = true> <Delay = 0.00>
ST_5 : Operation 84 [1/1] (0.00ns)   --->   "%zext_ln123_1 = zext i36 %exp_Z4_m_1" [C:\scratch\2024.1\hls_product\545\2024.1\src\shared\hls\clib/hlsmath/include/FloatingPoint\hls_exp_.h:123->C:\scratch\2024.1\hls_product\545\2024.1\src\shared\hls\clib/hlsmath/include/FloatingPoint\hls_exp_.h:293]   --->   Operation 84 'zext' 'zext_ln123_1' <Predicate = true> <Delay = 0.00>
ST_5 : Operation 85 [1/1] (3.67ns)   --->   "%mul_ln123 = mul i79 %zext_ln123, i79 %zext_ln123_1" [C:\scratch\2024.1\hls_product\545\2024.1\src\shared\hls\clib/hlsmath/include/FloatingPoint\hls_exp_.h:123->C:\scratch\2024.1\hls_product\545\2024.1\src\shared\hls\clib/hlsmath/include/FloatingPoint\hls_exp_.h:293]   --->   Operation 85 'mul' 'mul_ln123' <Predicate = true> <Delay = 3.67> <CoreInst = "Multiplier">   --->   Core 3 'Multiplier' <Latency = 0> <II = 1> <Delay = 3.67> <FuncUnit> <Opcode : 'mul'> <InPorts = 2> <OutPorts = 1>
ST_5 : Operation 86 [1/1] (0.00ns)   --->   "%tmp_54 = partselect i20 @_ssdm_op_PartSelect.i20.i79.i32.i32, i79 %mul_ln123, i32 59, i32 78" [C:\scratch\2024.1\hls_product\545\2024.1\src\shared\hls\clib/hlsmath/include/FloatingPoint\hls_exp_.h:126->C:\scratch\2024.1\hls_product\545\2024.1\src\shared\hls\clib/hlsmath/include/FloatingPoint\hls_exp_.h:293]   --->   Operation 86 'partselect' 'tmp_54' <Predicate = true> <Delay = 0.00>
ST_5 : Operation 87 [1/1] (0.00ns)   --->   "%zext_ln126_1 = zext i20 %tmp_54" [C:\scratch\2024.1\hls_product\545\2024.1\src\shared\hls\clib/hlsmath/include/FloatingPoint\hls_exp_.h:126->C:\scratch\2024.1\hls_product\545\2024.1\src\shared\hls\clib/hlsmath/include/FloatingPoint\hls_exp_.h:293]   --->   Operation 87 'zext' 'zext_ln126_1' <Predicate = true> <Delay = 0.00>
ST_5 : Operation 88 [1/1] (1.02ns)   --->   "%add_ln126 = add i36 %exp_Z4_m_1, i36 %zext_ln126_1" [C:\scratch\2024.1\hls_product\545\2024.1\src\shared\hls\clib/hlsmath/include/FloatingPoint\hls_exp_.h:126->C:\scratch\2024.1\hls_product\545\2024.1\src\shared\hls\clib/hlsmath/include/FloatingPoint\hls_exp_.h:293]   --->   Operation 88 'add' 'add_ln126' <Predicate = true> <Delay = 1.02> <CoreInst = "Adder">   --->   Core 1 'Adder' <Latency = 0> <II = 1> <Delay = 1.02> <FuncUnit> <Opcode : 'add' 'sub'> <InPorts = 2> <OutPorts = 1>
ST_5 : Operation 89 [1/1] (0.00ns)   --->   "%zext_ln126 = zext i36 %add_ln126" [C:\scratch\2024.1\hls_product\545\2024.1\src\shared\hls\clib/hlsmath/include/FloatingPoint\hls_exp_.h:126->C:\scratch\2024.1\hls_product\545\2024.1\src\shared\hls\clib/hlsmath/include/FloatingPoint\hls_exp_.h:293]   --->   Operation 89 'zext' 'zext_ln126' <Predicate = true> <Delay = 0.00>
ST_5 : Operation 90 [1/1] (1.05ns)   --->   "%exp_Z2P_m_1 = add i44 %zext_ln126, i44 %zext_ln120" [C:\scratch\2024.1\hls_product\545\2024.1\src\shared\hls\clib/hlsmath/include/FloatingPoint\hls_exp_.h:126->C:\scratch\2024.1\hls_product\545\2024.1\src\shared\hls\clib/hlsmath/include/FloatingPoint\hls_exp_.h:293]   --->   Operation 90 'add' 'exp_Z2P_m_1' <Predicate = true> <Delay = 1.05> <CoreInst = "Adder">   --->   Core 1 'Adder' <Latency = 0> <II = 1> <Delay = 1.06> <FuncUnit> <Opcode : 'add' 'sub'> <InPorts = 2> <OutPorts = 1>
ST_5 : Operation 91 [1/1] (0.00ns)   --->   "%zext_ln138 = zext i8 %Z2" [C:\scratch\2024.1\hls_product\545\2024.1\src\shared\hls\clib/hlsmath/include/FloatingPoint\hls_exp_.h:138->C:\scratch\2024.1\hls_product\545\2024.1\src\shared\hls\clib/hlsmath/include/FloatingPoint\hls_exp_.h:293]   --->   Operation 91 'zext' 'zext_ln138' <Predicate = true> <Delay = 0.00>
ST_5 : Operation 92 [1/1] (0.00ns)   --->   "%table_f_Z2_ap_ufixed_59_0_ap_q_mode_5_ap_o_mode_3_0_array_addr = getelementptr i42 %table_f_Z2_ap_ufixed_59_0_ap_q_mode_5_ap_o_mode_3_0_array, i64 0, i64 %zext_ln138" [C:\scratch\2024.1\hls_product\545\2024.1\src\shared\hls\clib/hlsmath/include/FloatingPoint\hls_exp_.h:138->C:\scratch\2024.1\hls_product\545\2024.1\src\shared\hls\clib/hlsmath/include/FloatingPoint\hls_exp_.h:293]   --->   Operation 92 'getelementptr' 'table_f_Z2_ap_ufixed_59_0_ap_q_mode_5_ap_o_mode_3_0_array_addr' <Predicate = true> <Delay = 0.00>
ST_5 : Operation 93 [2/2] (1.23ns)   --->   "%f_Z2 = load i8 %table_f_Z2_ap_ufixed_59_0_ap_q_mode_5_ap_o_mode_3_0_array_addr" [C:\scratch\2024.1\hls_product\545\2024.1\src\shared\hls\clib/hlsmath/include/FloatingPoint\hls_exp_.h:138->C:\scratch\2024.1\hls_product\545\2024.1\src\shared\hls\clib/hlsmath/include/FloatingPoint\hls_exp_.h:293]   --->   Operation 93 'load' 'f_Z2' <Predicate = true> <Delay = 1.23> <CoreInst = "ROM">   --->   Core 100 'ROM' <Latency = 1> <II = 1> <Delay = 1.23> <Storage> <Opcode : 'load'> <Ports = 0> <Width = 42> <Depth = 256> <ROM>

State 6 <SV = 5> <Delay = 7.30>
ST_6 : Operation 94 [1/1] (0.00ns)   --->   "%zext_ln292 = zext i8 %m_diff_hi" [C:\scratch\2024.1\hls_product\545\2024.1\src\shared\hls\clib/hlsmath/include/FloatingPoint\hls_exp_.h:292]   --->   Operation 94 'zext' 'zext_ln292' <Predicate = true> <Delay = 0.00>
ST_6 : Operation 95 [1/1] (0.00ns)   --->   "%table_exp_Z1_ap_ufixed_58_1_ap_q_mode_5_ap_o_mode_3_0_array_addr = getelementptr i58 %table_exp_Z1_ap_ufixed_58_1_ap_q_mode_5_ap_o_mode_3_0_array, i64 0, i64 %zext_ln292" [C:\scratch\2024.1\hls_product\545\2024.1\src\shared\hls\clib/hlsmath/include/FloatingPoint\hls_exp_.h:292]   --->   Operation 95 'getelementptr' 'table_exp_Z1_ap_ufixed_58_1_ap_q_mode_5_ap_o_mode_3_0_array_addr' <Predicate = true> <Delay = 0.00>
ST_6 : Operation 96 [2/2] (1.23ns)   --->   "%exp_Z1 = load i8 %table_exp_Z1_ap_ufixed_58_1_ap_q_mode_5_ap_o_mode_3_0_array_addr" [C:\scratch\2024.1\hls_product\545\2024.1\src\shared\hls\clib/hlsmath/include/FloatingPoint\hls_exp_.h:292]   --->   Operation 96 'load' 'exp_Z1' <Predicate = true> <Delay = 1.23> <CoreInst = "ROM">   --->   Core 100 'ROM' <Latency = 1> <II = 1> <Delay = 1.23> <Storage> <Opcode : 'load'> <Ports = 0> <Width = 58> <Depth = 256> <ROM>
ST_6 : Operation 97 [1/2] (1.23ns)   --->   "%f_Z2 = load i8 %table_f_Z2_ap_ufixed_59_0_ap_q_mode_5_ap_o_mode_3_0_array_addr" [C:\scratch\2024.1\hls_product\545\2024.1\src\shared\hls\clib/hlsmath/include/FloatingPoint\hls_exp_.h:138->C:\scratch\2024.1\hls_product\545\2024.1\src\shared\hls\clib/hlsmath/include/FloatingPoint\hls_exp_.h:293]   --->   Operation 97 'load' 'f_Z2' <Predicate = true> <Delay = 1.23> <CoreInst = "ROM">   --->   Core 100 'ROM' <Latency = 1> <II = 1> <Delay = 1.23> <Storage> <Opcode : 'load'> <Ports = 0> <Width = 42> <Depth = 256> <ROM>
ST_6 : Operation 98 [1/1] (0.00ns)   --->   "%tmp_55 = partselect i40 @_ssdm_op_PartSelect.i40.i42.i32.i32, i42 %f_Z2, i32 2, i32 41" [C:\scratch\2024.1\hls_product\545\2024.1\src\shared\hls\clib/hlsmath/include/FloatingPoint\hls_exp_.h:139->C:\scratch\2024.1\hls_product\545\2024.1\src\shared\hls\clib/hlsmath/include/FloatingPoint\hls_exp_.h:293]   --->   Operation 98 'partselect' 'tmp_55' <Predicate = true> <Delay = 0.00>
ST_6 : Operation 99 [1/1] (0.00ns)   --->   "%exp_Z2_m_1 = bitconcatenate i49 @_ssdm_op_BitConcatenate.i49.i8.i1.i40, i8 %Z2, i1 0, i40 %tmp_55" [C:\scratch\2024.1\hls_product\545\2024.1\src\shared\hls\clib/hlsmath/include/FloatingPoint\hls_exp_.h:139->C:\scratch\2024.1\hls_product\545\2024.1\src\shared\hls\clib/hlsmath/include/FloatingPoint\hls_exp_.h:293]   --->   Operation 99 'bitconcatenate' 'exp_Z2_m_1' <Predicate = true> <Delay = 0.00>
ST_6 : Operation 100 [1/1] (0.00ns)   --->   "%zext_ln142 = zext i49 %exp_Z2_m_1" [C:\scratch\2024.1\hls_product\545\2024.1\src\shared\hls\clib/hlsmath/include/FloatingPoint\hls_exp_.h:142->C:\scratch\2024.1\hls_product\545\2024.1\src\shared\hls\clib/hlsmath/include/FloatingPoint\hls_exp_.h:293]   --->   Operation 100 'zext' 'zext_ln142' <Predicate = true> <Delay = 0.00>
ST_6 : Operation 101 [1/1] (0.00ns)   --->   "%zext_ln142_1 = zext i44 %exp_Z2P_m_1" [C:\scratch\2024.1\hls_product\545\2024.1\src\shared\hls\clib/hlsmath/include/FloatingPoint\hls_exp_.h:142->C:\scratch\2024.1\hls_product\545\2024.1\src\shared\hls\clib/hlsmath/include/FloatingPoint\hls_exp_.h:293]   --->   Operation 101 'zext' 'zext_ln142_1' <Predicate = true> <Delay = 0.00>
ST_6 : Operation 102 [1/1] (3.90ns)   --->   "%mul_ln142 = mul i93 %zext_ln142, i93 %zext_ln142_1" [C:\scratch\2024.1\hls_product\545\2024.1\src\shared\hls\clib/hlsmath/include/FloatingPoint\hls_exp_.h:142->C:\scratch\2024.1\hls_product\545\2024.1\src\shared\hls\clib/hlsmath/include/FloatingPoint\hls_exp_.h:293]   --->   Operation 102 'mul' 'mul_ln142' <Predicate = true> <Delay = 3.90> <CoreInst = "Multiplier">   --->   Core 3 'Multiplier' <Latency = 0> <II = 1> <Delay = 3.90> <FuncUnit> <Opcode : 'mul'> <InPorts = 2> <OutPorts = 1>
ST_6 : Operation 103 [1/1] (0.00ns)   --->   "%and_ln1 = bitconcatenate i51 @_ssdm_op_BitConcatenate.i51.i8.i1.i40.i2, i8 %Z2, i1 0, i40 %tmp_55, i2 0" [C:\scratch\2024.1\hls_product\545\2024.1\src\shared\hls\clib/hlsmath/include/FloatingPoint\hls_exp_.h:145->C:\scratch\2024.1\hls_product\545\2024.1\src\shared\hls\clib/hlsmath/include/FloatingPoint\hls_exp_.h:293]   --->   Operation 103 'bitconcatenate' 'and_ln1' <Predicate = true> <Delay = 0.00>
ST_6 : Operation 104 [1/1] (0.00ns)   --->   "%zext_ln145 = zext i51 %and_ln1" [C:\scratch\2024.1\hls_product\545\2024.1\src\shared\hls\clib/hlsmath/include/FloatingPoint\hls_exp_.h:145->C:\scratch\2024.1\hls_product\545\2024.1\src\shared\hls\clib/hlsmath/include/FloatingPoint\hls_exp_.h:293]   --->   Operation 104 'zext' 'zext_ln145' <Predicate = true> <Delay = 0.00>
ST_6 : Operation 105 [1/1] (0.00ns)   --->   "%tmp_57 = partselect i36 @_ssdm_op_PartSelect.i36.i93.i32.i32, i93 %mul_ln142, i32 57, i32 92" [C:\scratch\2024.1\hls_product\545\2024.1\src\shared\hls\clib/hlsmath/include/FloatingPoint\hls_exp_.h:145->C:\scratch\2024.1\hls_product\545\2024.1\src\shared\hls\clib/hlsmath/include/FloatingPoint\hls_exp_.h:293]   --->   Operation 105 'partselect' 'tmp_57' <Predicate = true> <Delay = 0.00>
ST_6 : Operation 106 [1/1] (0.00ns)   --->   "%zext_ln145_2 = zext i36 %tmp_57" [C:\scratch\2024.1\hls_product\545\2024.1\src\shared\hls\clib/hlsmath/include/FloatingPoint\hls_exp_.h:145->C:\scratch\2024.1\hls_product\545\2024.1\src\shared\hls\clib/hlsmath/include/FloatingPoint\hls_exp_.h:293]   --->   Operation 106 'zext' 'zext_ln145_2' <Predicate = true> <Delay = 0.00>
ST_6 : Operation 107 [1/1] (1.06ns)   --->   "%add_ln145 = add i44 %exp_Z2P_m_1, i44 %zext_ln145_2" [C:\scratch\2024.1\hls_product\545\2024.1\src\shared\hls\clib/hlsmath/include/FloatingPoint\hls_exp_.h:145->C:\scratch\2024.1\hls_product\545\2024.1\src\shared\hls\clib/hlsmath/include/FloatingPoint\hls_exp_.h:293]   --->   Operation 107 'add' 'add_ln145' <Predicate = true> <Delay = 1.06> <CoreInst = "Adder">   --->   Core 1 'Adder' <Latency = 0> <II = 1> <Delay = 1.06> <FuncUnit> <Opcode : 'add' 'sub'> <InPorts = 2> <OutPorts = 1>
ST_6 : Operation 108 [1/1] (0.00ns)   --->   "%zext_ln145_1 = zext i44 %add_ln145" [C:\scratch\2024.1\hls_product\545\2024.1\src\shared\hls\clib/hlsmath/include/FloatingPoint\hls_exp_.h:145->C:\scratch\2024.1\hls_product\545\2024.1\src\shared\hls\clib/hlsmath/include/FloatingPoint\hls_exp_.h:293]   --->   Operation 108 'zext' 'zext_ln145_1' <Predicate = true> <Delay = 0.00>
ST_6 : Operation 109 [1/1] (1.10ns)   --->   "%exp_Z1P_m_1_l = add i52 %zext_ln145_1, i52 %zext_ln145" [C:\scratch\2024.1\hls_product\545\2024.1\src\shared\hls\clib/hlsmath/include/FloatingPoint\hls_exp_.h:145->C:\scratch\2024.1\hls_product\545\2024.1\src\shared\hls\clib/hlsmath/include/FloatingPoint\hls_exp_.h:293]   --->   Operation 109 'add' 'exp_Z1P_m_1_l' <Predicate = true> <Delay = 1.10> <CoreInst = "Adder">   --->   Core 1 'Adder' <Latency = 0> <II = 1> <Delay = 1.10> <FuncUnit> <Opcode : 'add' 'sub'> <InPorts = 2> <OutPorts = 1>
ST_6 : Operation 110 [1/1] (0.00ns)   --->   "%exp_Z1P_m_1 = partselect i50 @_ssdm_op_PartSelect.i50.i52.i32.i32, i52 %exp_Z1P_m_1_l, i32 2, i32 51" [C:\scratch\2024.1\hls_product\545\2024.1\src\shared\hls\clib/hlsmath/include/FloatingPoint\hls_exp_.h:149->C:\scratch\2024.1\hls_product\545\2024.1\src\shared\hls\clib/hlsmath/include/FloatingPoint\hls_exp_.h:293]   --->   Operation 110 'partselect' 'exp_Z1P_m_1' <Predicate = true> <Delay = 0.00>

State 7 <SV = 6> <Delay = 8.58>
ST_7 : Operation 111 [1/1] (0.00ns)   --->   "%specpipeline_ln158 = specpipeline void @_ssdm_op_SpecPipeline, i32 4294967295, i32 0, i32 0, i32 0, void @empty_1" [C:\scratch\2024.1\hls_product\545\2024.1\src\shared\hls\clib/hlsmath/include/FloatingPoint\hls_exp_.h:158]   --->   Operation 111 'specpipeline' 'specpipeline_ln158' <Predicate = true> <Delay = 0.00>
ST_7 : Operation 112 [1/1] (0.00ns) (grouped into LUT with out node select_ln185)   --->   "%xor_ln182 = xor i1 %es_sign, i1 1" [C:\scratch\2024.1\hls_product\545\2024.1\src\shared\hls\clib/hlsmath/include/FloatingPoint\hls_exp_.h:182]   --->   Operation 112 'xor' 'xor_ln182' <Predicate = true> <Delay = 0.00> <CoreInst = "LogicGate">   --->   Core 74 'LogicGate' <Latency = 0> <II = 1> <Delay = 0.28> <FuncUnit> <Opcode : 'and' 'or' 'xor'> <InPorts = 2> <OutPorts = 1>
ST_7 : Operation 113 [1/1] (0.00ns) (grouped into LUT with out node select_ln185)   --->   "%and_ln182_1 = and i1 %icmp_ln18_1, i1 %xor_ln182" [C:\scratch\2024.1\hls_product\545\2024.1\src\shared\hls\clib/hlsmath/include/FloatingPoint\hls_exp_.h:182]   --->   Operation 113 'and' 'and_ln182_1' <Predicate = true> <Delay = 0.00> <CoreInst = "LogicGate">   --->   Core 74 'LogicGate' <Latency = 0> <II = 1> <Delay = 0.28> <FuncUnit> <Opcode : 'and' 'or' 'xor'> <InPorts = 2> <OutPorts = 1>
ST_7 : Operation 114 [1/1] (0.00ns) (grouped into LUT with out node select_ln185)   --->   "%and_ln182 = and i1 %and_ln182_1, i1 %icmp_ln18" [C:\scratch\2024.1\hls_product\545\2024.1\src\shared\hls\clib/hlsmath/include/FloatingPoint\hls_exp_.h:182]   --->   Operation 114 'and' 'and_ln182' <Predicate = true> <Delay = 0.00> <CoreInst = "LogicGate">   --->   Core 74 'LogicGate' <Latency = 0> <II = 1> <Delay = 0.28> <FuncUnit> <Opcode : 'and' 'or' 'xor'> <InPorts = 2> <OutPorts = 1>
ST_7 : Operation 115 [1/1] (0.00ns) (grouped into LUT with out node and_ln18)   --->   "%xor_ln18 = xor i1 %icmp_ln18_1, i1 1" [C:\scratch\2024.1\hls_product\545\2024.1\src\shared\hls\clib/hlsmath/include/FloatingPoint\hls_isnan.h:18->C:\scratch\2024.1\hls_product\545\2024.1\src\shared\hls\clib/hlsmath/include/FloatingPoint\hls_exp_.h:180]   --->   Operation 115 'xor' 'xor_ln18' <Predicate = true> <Delay = 0.00> <CoreInst = "LogicGate">   --->   Core 74 'LogicGate' <Latency = 0> <II = 1> <Delay = 0.28> <FuncUnit> <Opcode : 'and' 'or' 'xor'> <InPorts = 2> <OutPorts = 1>
ST_7 : Operation 116 [1/1] (0.28ns) (out node of the LUT)   --->   "%and_ln18 = and i1 %icmp_ln18, i1 %xor_ln18" [C:\scratch\2024.1\hls_product\545\2024.1\src\shared\hls\clib/hlsmath/include/FloatingPoint\hls_isnan.h:18->C:\scratch\2024.1\hls_product\545\2024.1\src\shared\hls\clib/hlsmath/include/FloatingPoint\hls_exp_.h:180]   --->   Operation 116 'and' 'and_ln18' <Predicate = true> <Delay = 0.28> <CoreInst = "LogicGate">   --->   Core 74 'LogicGate' <Latency = 0> <II = 1> <Delay = 0.28> <FuncUnit> <Opcode : 'and' 'or' 'xor'> <InPorts = 2> <OutPorts = 1>
ST_7 : Operation 117 [1/1] (0.00ns) (grouped into LUT with out node select_ln185)   --->   "%select_ln18 = select i1 %and_ln18, i64 nan, i64 inf" [C:\scratch\2024.1\hls_product\545\2024.1\src\shared\hls\clib/hlsmath/include/FloatingPoint\hls_isnan.h:18->C:\scratch\2024.1\hls_product\545\2024.1\src\shared\hls\clib/hlsmath/include/FloatingPoint\hls_exp_.h:180]   --->   Operation 117 'select' 'select_ln18' <Predicate = true> <Delay = 0.00> <CoreInst = "Sel">   --->   Core 73 'Sel' <Latency = 0> <II = 1> <Delay = 0.41> <FuncUnit> <Opcode : 'select'> <InPorts = 3> <OutPorts = 1>
ST_7 : Operation 118 [1/1] (0.00ns) (grouped into LUT with out node select_ln185)   --->   "%or_ln185 = or i1 %and_ln18, i1 %and_ln182" [C:\scratch\2024.1\hls_product\545\2024.1\src\shared\hls\clib/hlsmath/include/FloatingPoint\hls_exp_.h:185]   --->   Operation 118 'or' 'or_ln185' <Predicate = true> <Delay = 0.00> <CoreInst = "LogicGate">   --->   Core 74 'LogicGate' <Latency = 0> <II = 1> <Delay = 0.28> <FuncUnit> <Opcode : 'and' 'or' 'xor'> <InPorts = 2> <OutPorts = 1>
ST_7 : Operation 119 [1/1] (0.42ns) (out node of the LUT)   --->   "%select_ln185 = select i1 %or_ln185, i64 %select_ln18, i64 0" [C:\scratch\2024.1\hls_product\545\2024.1\src\shared\hls\clib/hlsmath/include/FloatingPoint\hls_exp_.h:185]   --->   Operation 119 'select' 'select_ln185' <Predicate = true> <Delay = 0.42> <CoreInst = "Sel">   --->   Core 73 'Sel' <Latency = 0> <II = 1> <Delay = 0.42> <FuncUnit> <Opcode : 'select'> <InPorts = 3> <OutPorts = 1>
ST_7 : Operation 120 [1/2] (1.23ns)   --->   "%exp_Z1 = load i8 %table_exp_Z1_ap_ufixed_58_1_ap_q_mode_5_ap_o_mode_3_0_array_addr" [C:\scratch\2024.1\hls_product\545\2024.1\src\shared\hls\clib/hlsmath/include/FloatingPoint\hls_exp_.h:292]   --->   Operation 120 'load' 'exp_Z1' <Predicate = true> <Delay = 1.23> <CoreInst = "ROM">   --->   Core 100 'ROM' <Latency = 1> <II = 1> <Delay = 1.23> <Storage> <Opcode : 'load'> <Ports = 0> <Width = 58> <Depth = 256> <ROM>
ST_7 : Operation 121 [1/1] (0.00ns)   --->   "%exp_Z1_hi = partselect i50 @_ssdm_op_PartSelect.i50.i58.i32.i32, i58 %exp_Z1, i32 8, i32 57" [C:\scratch\2024.1\hls_product\545\2024.1\src\shared\hls\clib/hlsmath/include/FloatingPoint\hls_exp_.h:294]   --->   Operation 121 'partselect' 'exp_Z1_hi' <Predicate = true> <Delay = 0.00>
ST_7 : Operation 122 [1/1] (1.09ns)   --->   "%add_ln297 = add i58 %exp_Z1, i58 16" [C:\scratch\2024.1\hls_product\545\2024.1\src\shared\hls\clib/hlsmath/include/FloatingPoint\hls_exp_.h:297]   --->   Operation 122 'add' 'add_ln297' <Predicate = true> <Delay = 1.09> <CoreInst = "Adder">   --->   Core 1 'Adder' <Latency = 0> <II = 1> <Delay = 1.09> <FuncUnit> <Opcode : 'add' 'sub'> <InPorts = 2> <OutPorts = 1>
ST_7 : Operation 123 [1/1] (0.00ns)   --->   "%zext_ln297 = zext i50 %exp_Z1_hi" [C:\scratch\2024.1\hls_product\545\2024.1\src\shared\hls\clib/hlsmath/include/FloatingPoint\hls_exp_.h:297]   --->   Operation 123 'zext' 'zext_ln297' <Predicate = true> <Delay = 0.00>
ST_7 : Operation 124 [1/1] (0.00ns)   --->   "%zext_ln297_1 = zext i50 %exp_Z1P_m_1" [C:\scratch\2024.1\hls_product\545\2024.1\src\shared\hls\clib/hlsmath/include/FloatingPoint\hls_exp_.h:297]   --->   Operation 124 'zext' 'zext_ln297_1' <Predicate = true> <Delay = 0.00>
ST_7 : Operation 125 [1/1] (3.90ns)   --->   "%mul_ln297 = mul i100 %zext_ln297_1, i100 %zext_ln297" [C:\scratch\2024.1\hls_product\545\2024.1\src\shared\hls\clib/hlsmath/include/FloatingPoint\hls_exp_.h:297]   --->   Operation 125 'mul' 'mul_ln297' <Predicate = true> <Delay = 3.90> <CoreInst = "Multiplier">   --->   Core 3 'Multiplier' <Latency = 0> <II = 1> <Delay = 3.90> <FuncUnit> <Opcode : 'mul'> <InPorts = 2> <OutPorts = 1>
ST_7 : Operation 126 [1/1] (0.00ns)   --->   "%shl_ln6 = bitconcatenate i107 @_ssdm_op_BitConcatenate.i107.i58.i49, i58 %add_ln297, i49 0" [C:\scratch\2024.1\hls_product\545\2024.1\src\shared\hls\clib/hlsmath/include/FloatingPoint\hls_exp_.h:297]   --->   Operation 126 'bitconcatenate' 'shl_ln6' <Predicate = true> <Delay = 0.00>
ST_7 : Operation 127 [1/1] (0.00ns)   --->   "%zext_ln297_2 = zext i100 %mul_ln297" [C:\scratch\2024.1\hls_product\545\2024.1\src\shared\hls\clib/hlsmath/include/FloatingPoint\hls_exp_.h:297]   --->   Operation 127 'zext' 'zext_ln297_2' <Predicate = true> <Delay = 0.00>
ST_7 : Operation 128 [1/1] (1.41ns)   --->   "%add_ln297_1 = add i107 %shl_ln6, i107 %zext_ln297_2" [C:\scratch\2024.1\hls_product\545\2024.1\src\shared\hls\clib/hlsmath/include/FloatingPoint\hls_exp_.h:297]   --->   Operation 128 'add' 'add_ln297_1' <Predicate = true> <Delay = 1.41> <CoreInst = "Adder">   --->   Core 1 'Adder' <Latency = 0> <II = 1> <Delay = 1.41> <FuncUnit> <Opcode : 'add' 'sub'> <InPorts = 2> <OutPorts = 1>
ST_7 : Operation 129 [1/1] (0.00ns)   --->   "%tmp_160 = bitselect i1 @_ssdm_op_BitSelect.i1.i107.i32, i107 %add_ln297_1, i32 106" [C:\scratch\2024.1\hls_product\545\2024.1\src\shared\hls\clib/hlsmath/include/FloatingPoint\hls_exp_.h:303]   --->   Operation 129 'bitselect' 'tmp_160' <Predicate = true> <Delay = 0.00>
ST_7 : Operation 130 [1/1] (0.82ns)   --->   "%r_exp_1 = add i13 %r_exp, i13 8191" [C:\scratch\2024.1\hls_product\545\2024.1\src\shared\hls\clib/hlsmath/include/FloatingPoint\hls_exp_.h:305]   --->   Operation 130 'add' 'r_exp_1' <Predicate = true> <Delay = 0.82> <CoreInst = "Adder">   --->   Core 1 'Adder' <Latency = 0> <II = 1> <Delay = 0.82> <FuncUnit> <Opcode : 'add' 'sub'> <InPorts = 2> <OutPorts = 1>
ST_7 : Operation 131 [1/1] (0.30ns)   --->   "%r_exp_2 = select i1 %tmp_160, i13 %r_exp, i13 %r_exp_1" [C:\scratch\2024.1\hls_product\545\2024.1\src\shared\hls\clib/hlsmath/include/FloatingPoint\hls_exp_.h:303]   --->   Operation 131 'select' 'r_exp_2' <Predicate = true> <Delay = 0.30> <CoreInst = "Sel">   --->   Core 73 'Sel' <Latency = 0> <II = 1> <Delay = 0.30> <FuncUnit> <Opcode : 'select'> <InPorts = 3> <OutPorts = 1>
ST_7 : Operation 132 [1/1] (0.00ns)   --->   "%tmp_161 = partselect i3 @_ssdm_op_PartSelect.i3.i13.i32.i32, i13 %r_exp_2, i32 10, i32 12" [C:\scratch\2024.1\hls_product\545\2024.1\src\shared\hls\clib/hlsmath/include/FloatingPoint\hls_exp_.h:309]   --->   Operation 132 'partselect' 'tmp_161' <Predicate = true> <Delay = 0.00>
ST_7 : Operation 133 [1/1] (0.67ns)   --->   "%icmp_ln309_1 = icmp_sgt  i3 %tmp_161, i3 0" [C:\scratch\2024.1\hls_product\545\2024.1\src\shared\hls\clib/hlsmath/include/FloatingPoint\hls_exp_.h:309]   --->   Operation 133 'icmp' 'icmp_ln309_1' <Predicate = true> <Delay = 0.67> <CoreInst = "Cmp">   --->   Core 9 'Cmp' <Latency = 0> <II = 1> <Delay = 0.67> <FuncUnit> <Opcode : 'seteq' 'setne' 'setle' 'setge' 'setlt' 'setgt'> <InPorts = 2> <OutPorts = 1>
ST_7 : Operation 134 [1/1] (0.28ns)   --->   "%or_ln309 = or i1 %icmp_ln309_2, i1 %icmp_ln309_1" [C:\scratch\2024.1\hls_product\545\2024.1\src\shared\hls\clib/hlsmath/include/FloatingPoint\hls_exp_.h:309]   --->   Operation 134 'or' 'or_ln309' <Predicate = true> <Delay = 0.28> <CoreInst = "LogicGate">   --->   Core 74 'LogicGate' <Latency = 0> <II = 1> <Delay = 0.28> <FuncUnit> <Opcode : 'and' 'or' 'xor'> <InPorts = 2> <OutPorts = 1>
ST_7 : Operation 135 [1/1] (0.42ns)   --->   "%select_ln310 = select i1 %tmp_162, i64 0, i64 inf" [C:\scratch\2024.1\hls_product\545\2024.1\src\shared\hls\clib/hlsmath/include/FloatingPoint\hls_exp_.h:310]   --->   Operation 135 'select' 'select_ln310' <Predicate = true> <Delay = 0.42> <CoreInst = "Sel">   --->   Core 73 'Sel' <Latency = 0> <II = 1> <Delay = 0.41> <FuncUnit> <Opcode : 'select'> <InPorts = 3> <OutPorts = 1>
ST_7 : Operation 136 [1/1] (0.82ns)   --->   "%icmp_ln326 = icmp_slt  i13 %r_exp_2, i13 7170" [C:\scratch\2024.1\hls_product\545\2024.1\src\shared\hls\clib/hlsmath/include/FloatingPoint\hls_exp_.h:326]   --->   Operation 136 'icmp' 'icmp_ln326' <Predicate = true> <Delay = 0.82> <CoreInst = "Cmp">   --->   Core 9 'Cmp' <Latency = 0> <II = 1> <Delay = 0.82> <FuncUnit> <Opcode : 'seteq' 'setne' 'setle' 'setge' 'setlt' 'setgt'> <InPorts = 2> <OutPorts = 1>
ST_7 : Operation 137 [1/1] (0.00ns)   --->   "%trunc_ln336 = trunc i13 %r_exp_2" [C:\scratch\2024.1\hls_product\545\2024.1\src\shared\hls\clib/hlsmath/include/FloatingPoint\hls_exp_.h:336]   --->   Operation 137 'trunc' 'trunc_ln336' <Predicate = true> <Delay = 0.00>
ST_7 : Operation 138 [1/1] (0.79ns)   --->   "%out_exp = add i11 %trunc_ln336, i11 1023" [C:\scratch\2024.1\hls_product\545\2024.1\src\shared\hls\clib/hlsmath/include/FloatingPoint\hls_exp_.h:336]   --->   Operation 138 'add' 'out_exp' <Predicate = true> <Delay = 0.79> <CoreInst = "Adder">   --->   Core 1 'Adder' <Latency = 0> <II = 1> <Delay = 0.79> <FuncUnit> <Opcode : 'add' 'sub'> <InPorts = 2> <OutPorts = 1>
ST_7 : Operation 139 [1/1] (0.00ns)   --->   "%tmp_31 = partselect i52 @_ssdm_op_PartSelect.i52.i107.i32.i32, i107 %add_ln297_1, i32 54, i32 105" [C:\scratch\2024.1\hls_product\545\2024.1\src\shared\hls\clib/src/hls\utils/x_hls_utils.h:479->C:\scratch\2024.1\hls_product\545\2024.1\src\shared\hls\clib/src/hls\utils/x_hls_utils.h:496->C:\scratch\2024.1\hls_product\545\2024.1\src\shared\hls\clib/src/hls\utils/x_hls_utils.h:510->C:\scratch\2024.1\hls_product\545\2024.1\src\shared\hls\clib/hlsmath/include/FloatingPoint\hls_exp_.h:337]   --->   Operation 139 'partselect' 'tmp_31' <Predicate = true> <Delay = 0.00>
ST_7 : Operation 140 [1/1] (0.00ns)   --->   "%tmp_32 = partselect i52 @_ssdm_op_PartSelect.i52.i107.i32.i32, i107 %add_ln297_1, i32 53, i32 104" [C:\scratch\2024.1\hls_product\545\2024.1\src\shared\hls\clib/src/hls\utils/x_hls_utils.h:479->C:\scratch\2024.1\hls_product\545\2024.1\src\shared\hls\clib/src/hls\utils/x_hls_utils.h:496->C:\scratch\2024.1\hls_product\545\2024.1\src\shared\hls\clib/src/hls\utils/x_hls_utils.h:510->C:\scratch\2024.1\hls_product\545\2024.1\src\shared\hls\clib/hlsmath/include/FloatingPoint\hls_exp_.h:337]   --->   Operation 140 'partselect' 'tmp_32' <Predicate = true> <Delay = 0.00>
ST_7 : Operation 141 [1/1] (0.44ns)   --->   "%select_ln303 = select i1 %tmp_160, i52 %tmp_31, i52 %tmp_32" [C:\scratch\2024.1\hls_product\545\2024.1\src\shared\hls\clib/hlsmath/include/FloatingPoint\hls_exp_.h:303]   --->   Operation 141 'select' 'select_ln303' <Predicate = true> <Delay = 0.44> <CoreInst = "Sel">   --->   Core 73 'Sel' <Latency = 0> <II = 1> <Delay = 0.44> <FuncUnit> <Opcode : 'select'> <InPorts = 3> <OutPorts = 1>
ST_7 : Operation 142 [1/1] (0.00ns)   --->   "%t = bitconcatenate i64 @_ssdm_op_BitConcatenate.i64.i1.i11.i52, i1 0, i11 %out_exp, i52 %select_ln303" [C:\scratch\2024.1\hls_product\545\2024.1\src\shared\hls\clib/src/hls\utils/x_hls_utils.h:479->C:\scratch\2024.1\hls_product\545\2024.1\src\shared\hls\clib/src/hls\utils/x_hls_utils.h:496->C:\scratch\2024.1\hls_product\545\2024.1\src\shared\hls\clib/src/hls\utils/x_hls_utils.h:510->C:\scratch\2024.1\hls_product\545\2024.1\src\shared\hls\clib/hlsmath/include/FloatingPoint\hls_exp_.h:337]   --->   Operation 142 'bitconcatenate' 't' <Predicate = true> <Delay = 0.00>
ST_7 : Operation 143 [1/1] (0.00ns)   --->   "%bitcast_ln497 = bitcast i64 %t" [C:\scratch\2024.1\hls_product\545\2024.1\src\shared\hls\clib/src/hls\utils/x_hls_utils.h:497->C:\scratch\2024.1\hls_product\545\2024.1\src\shared\hls\clib/src/hls\utils/x_hls_utils.h:510->C:\scratch\2024.1\hls_product\545\2024.1\src\shared\hls\clib/hlsmath/include/FloatingPoint\hls_exp_.h:337]   --->   Operation 143 'bitcast' 'bitcast_ln497' <Predicate = true> <Delay = 0.00>
ST_7 : Operation 144 [1/1] (0.00ns) (grouped into LUT with out node and_ln309_2)   --->   "%and_ln309 = and i1 %icmp_ln309, i1 %or_ln309" [C:\scratch\2024.1\hls_product\545\2024.1\src\shared\hls\clib/hlsmath/include/FloatingPoint\hls_exp_.h:309]   --->   Operation 144 'and' 'and_ln309' <Predicate = true> <Delay = 0.00> <CoreInst = "LogicGate">   --->   Core 74 'LogicGate' <Latency = 0> <II = 1> <Delay = 0.28> <FuncUnit> <Opcode : 'and' 'or' 'xor'> <InPorts = 2> <OutPorts = 1>
ST_7 : Operation 145 [1/1] (0.00ns) (grouped into LUT with out node and_ln309_2)   --->   "%xor_ln309 = xor i1 %icmp_ln309, i1 1" [C:\scratch\2024.1\hls_product\545\2024.1\src\shared\hls\clib/hlsmath/include/FloatingPoint\hls_exp_.h:309]   --->   Operation 145 'xor' 'xor_ln309' <Predicate = true> <Delay = 0.00> <CoreInst = "LogicGate">   --->   Core 74 'LogicGate' <Latency = 0> <II = 1> <Delay = 0.28> <FuncUnit> <Opcode : 'and' 'or' 'xor'> <InPorts = 2> <OutPorts = 1>
ST_7 : Operation 146 [1/1] (0.00ns) (grouped into LUT with out node and_ln309_2)   --->   "%and_ln309_1 = and i1 %icmp_ln309_1, i1 %xor_ln309" [C:\scratch\2024.1\hls_product\545\2024.1\src\shared\hls\clib/hlsmath/include/FloatingPoint\hls_exp_.h:309]   --->   Operation 146 'and' 'and_ln309_1' <Predicate = true> <Delay = 0.00> <CoreInst = "LogicGate">   --->   Core 74 'LogicGate' <Latency = 0> <II = 1> <Delay = 0.28> <FuncUnit> <Opcode : 'and' 'or' 'xor'> <InPorts = 2> <OutPorts = 1>
ST_7 : Operation 147 [1/1] (0.00ns) (grouped into LUT with out node and_ln309_2)   --->   "%or_ln309_1 = or i1 %and_ln309, i1 %and_ln309_1" [C:\scratch\2024.1\hls_product\545\2024.1\src\shared\hls\clib/hlsmath/include/FloatingPoint\hls_exp_.h:309]   --->   Operation 147 'or' 'or_ln309_1' <Predicate = true> <Delay = 0.00> <CoreInst = "LogicGate">   --->   Core 74 'LogicGate' <Latency = 0> <II = 1> <Delay = 0.28> <FuncUnit> <Opcode : 'and' 'or' 'xor'> <InPorts = 2> <OutPorts = 1>
ST_7 : Operation 148 [1/1] (0.28ns)   --->   "%xor_ln18_1 = xor i1 %icmp_ln18, i1 1" [C:\scratch\2024.1\hls_product\545\2024.1\src\shared\hls\clib/hlsmath/include/FloatingPoint\hls_isnan.h:18->C:\scratch\2024.1\hls_product\545\2024.1\src\shared\hls\clib/hlsmath/include/FloatingPoint\hls_exp_.h:180]   --->   Operation 148 'xor' 'xor_ln18_1' <Predicate = true> <Delay = 0.28> <CoreInst = "LogicGate">   --->   Core 74 'LogicGate' <Latency = 0> <II = 1> <Delay = 0.28> <FuncUnit> <Opcode : 'and' 'or' 'xor'> <InPorts = 2> <OutPorts = 1>
ST_7 : Operation 149 [1/1] (0.28ns) (out node of the LUT)   --->   "%and_ln309_2 = and i1 %or_ln309_1, i1 %xor_ln18_1" [C:\scratch\2024.1\hls_product\545\2024.1\src\shared\hls\clib/hlsmath/include/FloatingPoint\hls_exp_.h:309]   --->   Operation 149 'and' 'and_ln309_2' <Predicate = true> <Delay = 0.28> <CoreInst = "LogicGate">   --->   Core 74 'LogicGate' <Latency = 0> <II = 1> <Delay = 0.28> <FuncUnit> <Opcode : 'and' 'or' 'xor'> <InPorts = 2> <OutPorts = 1>
ST_7 : Operation 150 [1/1] (0.00ns) (grouped into LUT with out node and_ln309_5)   --->   "%xor_ln309_1 = xor i1 %or_ln309, i1 1" [C:\scratch\2024.1\hls_product\545\2024.1\src\shared\hls\clib/hlsmath/include/FloatingPoint\hls_exp_.h:309]   --->   Operation 150 'xor' 'xor_ln309_1' <Predicate = true> <Delay = 0.00> <CoreInst = "LogicGate">   --->   Core 74 'LogicGate' <Latency = 0> <II = 1> <Delay = 0.28> <FuncUnit> <Opcode : 'and' 'or' 'xor'> <InPorts = 2> <OutPorts = 1>
ST_7 : Operation 151 [1/1] (0.00ns) (grouped into LUT with out node and_ln309_5)   --->   "%and_ln309_3 = and i1 %icmp_ln309, i1 %xor_ln309_1" [C:\scratch\2024.1\hls_product\545\2024.1\src\shared\hls\clib/hlsmath/include/FloatingPoint\hls_exp_.h:309]   --->   Operation 151 'and' 'and_ln309_3' <Predicate = true> <Delay = 0.00> <CoreInst = "LogicGate">   --->   Core 74 'LogicGate' <Latency = 0> <II = 1> <Delay = 0.28> <FuncUnit> <Opcode : 'and' 'or' 'xor'> <InPorts = 2> <OutPorts = 1>
ST_7 : Operation 152 [1/1] (0.00ns) (grouped into LUT with out node and_ln309_5)   --->   "%or_ln309_2 = or i1 %icmp_ln309, i1 %icmp_ln309_1" [C:\scratch\2024.1\hls_product\545\2024.1\src\shared\hls\clib/hlsmath/include/FloatingPoint\hls_exp_.h:309]   --->   Operation 152 'or' 'or_ln309_2' <Predicate = true> <Delay = 0.00> <CoreInst = "LogicGate">   --->   Core 74 'LogicGate' <Latency = 0> <II = 1> <Delay = 0.28> <FuncUnit> <Opcode : 'and' 'or' 'xor'> <InPorts = 2> <OutPorts = 1>
ST_7 : Operation 153 [1/1] (0.00ns) (grouped into LUT with out node and_ln309_5)   --->   "%xor_ln309_2 = xor i1 %or_ln309_2, i1 1" [C:\scratch\2024.1\hls_product\545\2024.1\src\shared\hls\clib/hlsmath/include/FloatingPoint\hls_exp_.h:309]   --->   Operation 153 'xor' 'xor_ln309_2' <Predicate = true> <Delay = 0.00> <CoreInst = "LogicGate">   --->   Core 74 'LogicGate' <Latency = 0> <II = 1> <Delay = 0.28> <FuncUnit> <Opcode : 'and' 'or' 'xor'> <InPorts = 2> <OutPorts = 1>
ST_7 : Operation 154 [1/1] (0.00ns) (grouped into LUT with out node and_ln309_5)   --->   "%or_ln309_3 = or i1 %and_ln309_3, i1 %xor_ln309_2" [C:\scratch\2024.1\hls_product\545\2024.1\src\shared\hls\clib/hlsmath/include/FloatingPoint\hls_exp_.h:309]   --->   Operation 154 'or' 'or_ln309_3' <Predicate = true> <Delay = 0.00> <CoreInst = "LogicGate">   --->   Core 74 'LogicGate' <Latency = 0> <II = 1> <Delay = 0.28> <FuncUnit> <Opcode : 'and' 'or' 'xor'> <InPorts = 2> <OutPorts = 1>
ST_7 : Operation 155 [1/1] (0.00ns) (grouped into LUT with out node and_ln309_5)   --->   "%and_ln309_4 = and i1 %or_ln309_3, i1 %xor_ln18_1" [C:\scratch\2024.1\hls_product\545\2024.1\src\shared\hls\clib/hlsmath/include/FloatingPoint\hls_exp_.h:309]   --->   Operation 155 'and' 'and_ln309_4' <Predicate = true> <Delay = 0.00> <CoreInst = "LogicGate">   --->   Core 74 'LogicGate' <Latency = 0> <II = 1> <Delay = 0.28> <FuncUnit> <Opcode : 'and' 'or' 'xor'> <InPorts = 2> <OutPorts = 1>
ST_7 : Operation 156 [1/1] (0.28ns) (out node of the LUT)   --->   "%and_ln309_5 = and i1 %and_ln309_4, i1 %icmp_ln326" [C:\scratch\2024.1\hls_product\545\2024.1\src\shared\hls\clib/hlsmath/include/FloatingPoint\hls_exp_.h:309]   --->   Operation 156 'and' 'and_ln309_5' <Predicate = true> <Delay = 0.28> <CoreInst = "LogicGate">   --->   Core 74 'LogicGate' <Latency = 0> <II = 1> <Delay = 0.28> <FuncUnit> <Opcode : 'and' 'or' 'xor'> <InPorts = 2> <OutPorts = 1>
ST_7 : Operation 157 [1/1] (0.00ns)   --->   "%sel_tmp = bitconcatenate i3 @_ssdm_op_BitConcatenate.i3.i1.i1.i1, i1 %icmp_ln18, i1 %and_ln309_2, i1 %and_ln309_5" [C:\scratch\2024.1\hls_product\545\2024.1\src\shared\hls\clib/hlsmath/include/FloatingPoint\hls_isnan.h:18->C:\scratch\2024.1\hls_product\545\2024.1\src\shared\hls\clib/hlsmath/include/FloatingPoint\hls_exp_.h:180]   --->   Operation 157 'bitconcatenate' 'sel_tmp' <Predicate = true> <Delay = 0.00>
ST_7 : Operation 158 [1/1] (0.47ns)   --->   "%retval_1 = sparsemux i64 @_ssdm_op_SparseMux.ap_auto.4double.double.i3, i3 4, i64 %select_ln185, i3 2, i64 %select_ln310, i3 1, i64 0, i3 0, i64 %bitcast_ln497, i64 <undef>, i3 %sel_tmp" [C:\scratch\2024.1\hls_product\545\2024.1\src\shared\hls\clib/hlsmath/include/FloatingPoint\hls_exp_.h:185]   --->   Operation 158 'sparsemux' 'retval_1' <Predicate = true> <Delay = 0.47> <CoreInst = "SparseMux">   --->   Core 144 'SparseMux' <Latency = 0> <II = 1> <Delay = 0.47> <FuncUnit> <Opcode : 'sparsemux'> <InPorts = 2> <OutPorts = 1>
ST_7 : Operation 159 [1/1] (0.00ns)   --->   "%ret_ln339 = ret i64 %retval_1" [C:\scratch\2024.1\hls_product\545\2024.1\src\shared\hls\clib/hlsmath/include/FloatingPoint\hls_exp_.h:339]   --->   Operation 159 'ret' 'ret_ln339' <Predicate = true> <Delay = 0.00>


============================================================
+ Verbose Summary: Binding
============================================================
STG Binding: 
---------------- STG Properties BEGIN ----------------
- Is combinational: 0
- Is one-state seq: 0
- Is datapath-only: 1
- Is pipelined: 1
- Is top level: 0
Port [ Return ] is wired: 1; IO mode=ap_ctrl_hs:ce=0
Port [ x]:  wired=1; compound=0; hidden=0; nouse=0; global=0; static=0; extern=0; dir=0; type=0; pingpong=0; private_global=0; IO mode=ap_none:ce=0
Port [ table_exp_Z1_ap_ufixed_58_1_ap_q_mode_5_ap_o_mode_3_0_array]:  wired=0; compound=1; hidden=1; nouse=0; global=1; static=1; extern=0; dir=0; type=1; pingpong=0; private_global=1; MemPort=[1]; IO mode=ap_memory:ce=0
Port [ table_f_Z3_ap_ufixed_59_0_ap_q_mode_5_ap_o_mode_3_0_array]:  wired=0; compound=1; hidden=1; nouse=0; global=1; static=1; extern=0; dir=0; type=1; pingpong=0; private_global=1; MemPort=[11]; IO mode=ap_memory:ce=0
Port [ table_f_Z2_ap_ufixed_59_0_ap_q_mode_5_ap_o_mode_3_0_array]:  wired=0; compound=1; hidden=1; nouse=0; global=1; static=1; extern=0; dir=0; type=1; pingpong=0; private_global=1; MemPort=[1]; IO mode=ap_memory:ce=0
---------------- STG Properties END ------------------

---------------- Datapath Model BEGIN ----------------

<LifeTime>
<method=bitvector/>
x_read                                                           (read          ) [ 00000000]
data                                                             (bitcast       ) [ 00000000]
es_sign                                                          (bitselect     ) [ 01111111]
es_exp                                                           (partselect    ) [ 00000000]
es_sig                                                           (trunc         ) [ 00000000]
icmp_ln18                                                        (icmp          ) [ 01111111]
icmp_ln18_1                                                      (icmp          ) [ 01111111]
zext_ln486                                                       (zext          ) [ 00000000]
m_exp                                                            (add           ) [ 00000000]
e_frac                                                           (bitconcatenate) [ 00000000]
zext_ln221                                                       (zext          ) [ 00000000]
e_frac_1                                                         (sub           ) [ 00000000]
e_frac_3                                                         (select        ) [ 00000000]
m_frac_l_1                                                       (bitconcatenate) [ 00000000]
sext_ln227                                                       (sext          ) [ 00000000]
tmp                                                              (bitselect     ) [ 00000000]
sub_ln229                                                        (sub           ) [ 00000000]
sext_ln229                                                       (sext          ) [ 00000000]
select_ln229                                                     (select        ) [ 00000000]
sext_ln229_1                                                     (sext          ) [ 00000000]
zext_ln229                                                       (zext          ) [ 00000000]
ashr_ln229                                                       (ashr          ) [ 00000000]
shl_ln229                                                        (shl           ) [ 00000000]
m_fix                                                            (select        ) [ 00000000]
m_fix_l                                                          (partselect    ) [ 00000000]
zext_ln230                                                       (zext          ) [ 00000000]
shl_ln230                                                        (shl           ) [ 00000000]
ashr_ln230                                                       (ashr          ) [ 00000000]
m_fix_hi                                                         (partselect    ) [ 00000000]
tmp_158                                                          (bitselect     ) [ 01110000]
sext_ln243                                                       (sext          ) [ 01110000]
trunc_ln255                                                      (trunc         ) [ 01111000]
icmp_ln309                                                       (icmp          ) [ 01111111]
select_ln230                                                     (select        ) [ 00000000]
shl_ln7                                                          (bitconcatenate) [ 00000000]
icmp_ln309_2                                                     (icmp          ) [ 01111111]
tmp_162                                                          (bitselect     ) [ 01111111]
mul_ln243                                                        (mul           ) [ 01001000]
shl_ln                                                           (bitconcatenate) [ 00000000]
sext_ln243_1                                                     (sext          ) [ 01001000]
add_ln243                                                        (add           ) [ 00000000]
tmp_176_cast                                                     (partselect    ) [ 00000000]
tmp_159                                                          (bitselect     ) [ 00000000]
trunc_ln243                                                      (trunc         ) [ 00000000]
icmp_ln243                                                       (icmp          ) [ 00000000]
add_ln243_1                                                      (add           ) [ 00000000]
select_ln243                                                     (select        ) [ 00000000]
r_exp                                                            (select        ) [ 01000111]
sext_ln249                                                       (sext          ) [ 00000000]
mul_ln249                                                        (mul           ) [ 00000000]
tmp_53                                                           (partselect    ) [ 00000000]
and_ln                                                           (bitconcatenate) [ 00000000]
sub_ln255                                                        (sub           ) [ 00000000]
m_diff_hi                                                        (partselect    ) [ 01000110]
Z2                                                               (partselect    ) [ 01000110]
Z3                                                               (partselect    ) [ 01000100]
Z4                                                               (trunc         ) [ 01000100]
Z4_ind                                                           (partselect    ) [ 00000000]
zext_ln114                                                       (zext          ) [ 00000000]
table_f_Z3_ap_ufixed_59_0_ap_q_mode_5_ap_o_mode_3_0_array_addr   (getelementptr ) [ 01000100]
zext_ln119                                                       (zext          ) [ 00000000]
table_f_Z3_ap_ufixed_59_0_ap_q_mode_5_ap_o_mode_3_0_array_addr_1 (getelementptr ) [ 01000100]
table_f_Z3_ap_ufixed_59_0_ap_q_mode_5_ap_o_mode_3_0_array_load   (load          ) [ 00000000]
f_Z4                                                             (partselect    ) [ 00000000]
zext_ln115                                                       (zext          ) [ 00000000]
zext_ln115_1                                                     (zext          ) [ 00000000]
exp_Z4_m_1                                                       (add           ) [ 00000000]
f_Z3                                                             (load          ) [ 00000000]
exp_Z3_m_1                                                       (bitconcatenate) [ 00000000]
zext_ln120                                                       (zext          ) [ 00000000]
zext_ln123                                                       (zext          ) [ 00000000]
zext_ln123_1                                                     (zext          ) [ 00000000]
mul_ln123                                                        (mul           ) [ 00000000]
tmp_54                                                           (partselect    ) [ 00000000]
zext_ln126_1                                                     (zext          ) [ 00000000]
add_ln126                                                        (add           ) [ 00000000]
zext_ln126                                                       (zext          ) [ 00000000]
exp_Z2P_m_1                                                      (add           ) [ 01000010]
zext_ln138                                                       (zext          ) [ 00000000]
table_f_Z2_ap_ufixed_59_0_ap_q_mode_5_ap_o_mode_3_0_array_addr   (getelementptr ) [ 01000010]
zext_ln292                                                       (zext          ) [ 00000000]
table_exp_Z1_ap_ufixed_58_1_ap_q_mode_5_ap_o_mode_3_0_array_addr (getelementptr ) [ 01000001]
f_Z2                                                             (load          ) [ 00000000]
tmp_55                                                           (partselect    ) [ 00000000]
exp_Z2_m_1                                                       (bitconcatenate) [ 00000000]
zext_ln142                                                       (zext          ) [ 00000000]
zext_ln142_1                                                     (zext          ) [ 00000000]
mul_ln142                                                        (mul           ) [ 00000000]
and_ln1                                                          (bitconcatenate) [ 00000000]
zext_ln145                                                       (zext          ) [ 00000000]
tmp_57                                                           (partselect    ) [ 00000000]
zext_ln145_2                                                     (zext          ) [ 00000000]
add_ln145                                                        (add           ) [ 00000000]
zext_ln145_1                                                     (zext          ) [ 00000000]
exp_Z1P_m_1_l                                                    (add           ) [ 00000000]
exp_Z1P_m_1                                                      (partselect    ) [ 01000001]
specpipeline_ln158                                               (specpipeline  ) [ 00000000]
xor_ln182                                                        (xor           ) [ 00000000]
and_ln182_1                                                      (and           ) [ 00000000]
and_ln182                                                        (and           ) [ 00000000]
xor_ln18                                                         (xor           ) [ 00000000]
and_ln18                                                         (and           ) [ 00000000]
select_ln18                                                      (select        ) [ 00000000]
or_ln185                                                         (or            ) [ 00000000]
select_ln185                                                     (select        ) [ 00000000]
exp_Z1                                                           (load          ) [ 00000000]
exp_Z1_hi                                                        (partselect    ) [ 00000000]
add_ln297                                                        (add           ) [ 00000000]
zext_ln297                                                       (zext          ) [ 00000000]
zext_ln297_1                                                     (zext          ) [ 00000000]
mul_ln297                                                        (mul           ) [ 00000000]
shl_ln6                                                          (bitconcatenate) [ 00000000]
zext_ln297_2                                                     (zext          ) [ 00000000]
add_ln297_1                                                      (add           ) [ 00000000]
tmp_160                                                          (bitselect     ) [ 00000000]
r_exp_1                                                          (add           ) [ 00000000]
r_exp_2                                                          (select        ) [ 00000000]
tmp_161                                                          (partselect    ) [ 00000000]
icmp_ln309_1                                                     (icmp          ) [ 00000000]
or_ln309                                                         (or            ) [ 00000000]
select_ln310                                                     (select        ) [ 00000000]
icmp_ln326                                                       (icmp          ) [ 00000000]
trunc_ln336                                                      (trunc         ) [ 00000000]
out_exp                                                          (add           ) [ 00000000]
tmp_31                                                           (partselect    ) [ 00000000]
tmp_32                                                           (partselect    ) [ 00000000]
select_ln303                                                     (select        ) [ 00000000]
t                                                                (bitconcatenate) [ 00000000]
bitcast_ln497                                                    (bitcast       ) [ 00000000]
and_ln309                                                        (and           ) [ 00000000]
xor_ln309                                                        (xor           ) [ 00000000]
and_ln309_1                                                      (and           ) [ 00000000]
or_ln309_1                                                       (or            ) [ 00000000]
xor_ln18_1                                                       (xor           ) [ 00000000]
and_ln309_2                                                      (and           ) [ 00000000]
xor_ln309_1                                                      (xor           ) [ 00000000]
and_ln309_3                                                      (and           ) [ 00000000]
or_ln309_2                                                       (or            ) [ 00000000]
xor_ln309_2                                                      (xor           ) [ 00000000]
or_ln309_3                                                       (or            ) [ 00000000]
and_ln309_4                                                      (and           ) [ 00000000]
and_ln309_5                                                      (and           ) [ 00000000]
sel_tmp                                                          (bitconcatenate) [ 00000000]
retval_1                                                         (sparsemux     ) [ 00000000]
ret_ln339                                                        (ret           ) [ 00000000]
</LifeTime>

<model>

<comp_list>
<comp id="0" class="1000" name="x">
<pin_list>
<pin id="1" dir="1" index="0" bw="1" slack="0"/>
</pin_list>
<bind>
<StgValue><ssdm name="x"/></StgValue>
</bind>
</comp>

<comp id="2" class="1000" name="table_exp_Z1_ap_ufixed_58_1_ap_q_mode_5_ap_o_mode_3_0_array">
<pin_list>
<pin id="3" dir="1" index="0" bw="1" slack="0"/>
</pin_list>
<bind>
<StgValue><ssdm name="table_exp_Z1_ap_ufixed_58_1_ap_q_mode_5_ap_o_mode_3_0_array"/><MemPortTyVec>1 </MemPortTyVec>
</StgValue>
</bind>
</comp>

<comp id="4" class="1000" name="table_f_Z3_ap_ufixed_59_0_ap_q_mode_5_ap_o_mode_3_0_array">
<pin_list>
<pin id="5" dir="1" index="0" bw="1" slack="0"/>
</pin_list>
<bind>
<StgValue><ssdm name="table_f_Z3_ap_ufixed_59_0_ap_q_mode_5_ap_o_mode_3_0_array"/><MemPortTyVec>1 1 </MemPortTyVec>
</StgValue>
</bind>
</comp>

<comp id="6" class="1000" name="table_f_Z2_ap_ufixed_59_0_ap_q_mode_5_ap_o_mode_3_0_array">
<pin_list>
<pin id="7" dir="1" index="0" bw="1" slack="0"/>
</pin_list>
<bind>
<StgValue><ssdm name="table_f_Z2_ap_ufixed_59_0_ap_q_mode_5_ap_o_mode_3_0_array"/><MemPortTyVec>1 </MemPortTyVec>
</StgValue>
</bind>
</comp>

<comp id="8" class="1001" name="const_8">
<pin_list>
<pin id="9" dir="1" index="0" bw="1" slack="0"/>
</pin_list>
<bind>
<StgValue><ssdm name="_ssdm_op_Read.ap_auto.double"/></StgValue>
</bind>
</comp>

<comp id="10" class="1001" name="const_10">
<pin_list>
<pin id="11" dir="1" index="0" bw="1" slack="0"/>
</pin_list>
<bind>
<StgValue><ssdm name="_ssdm_op_BitSelect.i1.i64.i32"/></StgValue>
</bind>
</comp>

<comp id="12" class="1001" name="const_12">
<pin_list>
<pin id="13" dir="1" index="0" bw="1" slack="0"/>
</pin_list>
<bind>
<StgValue><ssdm name=""/></StgValue>
</bind>
</comp>

<comp id="14" class="1001" name="const_14">
<pin_list>
<pin id="15" dir="1" index="0" bw="1" slack="0"/>
</pin_list>
<bind>
<StgValue><ssdm name="_ssdm_op_PartSelect.i11.i64.i32.i32"/></StgValue>
</bind>
</comp>

<comp id="16" class="1001" name="const_16">
<pin_list>
<pin id="17" dir="1" index="0" bw="1" slack="0"/>
</pin_list>
<bind>
<StgValue><ssdm name=""/></StgValue>
</bind>
</comp>

<comp id="18" class="1001" name="const_18">
<pin_list>
<pin id="19" dir="1" index="0" bw="1" slack="0"/>
</pin_list>
<bind>
<StgValue><ssdm name=""/></StgValue>
</bind>
</comp>

<comp id="20" class="1001" name="const_20">
<pin_list>
<pin id="21" dir="1" index="0" bw="1" slack="0"/>
</pin_list>
<bind>
<StgValue><ssdm name=""/></StgValue>
</bind>
</comp>

<comp id="22" class="1001" name="const_22">
<pin_list>
<pin id="23" dir="1" index="0" bw="1" slack="0"/>
</pin_list>
<bind>
<StgValue><ssdm name=""/></StgValue>
</bind>
</comp>

<comp id="24" class="1001" name="const_24">
<pin_list>
<pin id="25" dir="1" index="0" bw="1" slack="0"/>
</pin_list>
<bind>
<StgValue><ssdm name=""/></StgValue>
</bind>
</comp>

<comp id="26" class="1001" name="const_26">
<pin_list>
<pin id="27" dir="1" index="0" bw="1" slack="0"/>
</pin_list>
<bind>
<StgValue><ssdm name="_ssdm_op_BitConcatenate.i53.i1.i52"/></StgValue>
</bind>
</comp>

<comp id="28" class="1001" name="const_28">
<pin_list>
<pin id="29" dir="1" index="0" bw="1" slack="0"/>
</pin_list>
<bind>
<StgValue><ssdm name=""/></StgValue>
</bind>
</comp>

<comp id="30" class="1001" name="const_30">
<pin_list>
<pin id="31" dir="1" index="0" bw="1" slack="0"/>
</pin_list>
<bind>
<StgValue><ssdm name=""/></StgValue>
</bind>
</comp>

<comp id="32" class="1001" name="const_32">
<pin_list>
<pin id="33" dir="1" index="0" bw="1" slack="0"/>
</pin_list>
<bind>
<StgValue><ssdm name="_ssdm_op_BitConcatenate.i61.i54.i7"/></StgValue>
</bind>
</comp>

<comp id="34" class="1001" name="const_34">
<pin_list>
<pin id="35" dir="1" index="0" bw="1" slack="0"/>
</pin_list>
<bind>
<StgValue><ssdm name=""/></StgValue>
</bind>
</comp>

<comp id="36" class="1001" name="const_36">
<pin_list>
<pin id="37" dir="1" index="0" bw="1" slack="0"/>
</pin_list>
<bind>
<StgValue><ssdm name="_ssdm_op_BitSelect.i1.i12.i32"/></StgValue>
</bind>
</comp>

<comp id="38" class="1001" name="const_38">
<pin_list>
<pin id="39" dir="1" index="0" bw="1" slack="0"/>
</pin_list>
<bind>
<StgValue><ssdm name=""/></StgValue>
</bind>
</comp>

<comp id="40" class="1001" name="const_40">
<pin_list>
<pin id="41" dir="1" index="0" bw="1" slack="0"/>
</pin_list>
<bind>
<StgValue><ssdm name=""/></StgValue>
</bind>
</comp>

<comp id="42" class="1001" name="const_42">
<pin_list>
<pin id="43" dir="1" index="0" bw="1" slack="0"/>
</pin_list>
<bind>
<StgValue><ssdm name="_ssdm_op_PartSelect.i64.i71.i32.i32"/></StgValue>
</bind>
</comp>

<comp id="44" class="1001" name="const_44">
<pin_list>
<pin id="45" dir="1" index="0" bw="1" slack="0"/>
</pin_list>
<bind>
<StgValue><ssdm name=""/></StgValue>
</bind>
</comp>

<comp id="46" class="1001" name="const_46">
<pin_list>
<pin id="47" dir="1" index="0" bw="1" slack="0"/>
</pin_list>
<bind>
<StgValue><ssdm name=""/></StgValue>
</bind>
</comp>

<comp id="48" class="1001" name="const_48">
<pin_list>
<pin id="49" dir="1" index="0" bw="1" slack="0"/>
</pin_list>
<bind>
<StgValue><ssdm name="_ssdm_op_PartSelect.i16.i71.i32.i32"/></StgValue>
</bind>
</comp>

<comp id="50" class="1001" name="const_50">
<pin_list>
<pin id="51" dir="1" index="0" bw="1" slack="0"/>
</pin_list>
<bind>
<StgValue><ssdm name=""/></StgValue>
</bind>
</comp>

<comp id="52" class="1001" name="const_52">
<pin_list>
<pin id="53" dir="1" index="0" bw="1" slack="0"/>
</pin_list>
<bind>
<StgValue><ssdm name="_ssdm_op_BitSelect.i1.i71.i32"/></StgValue>
</bind>
</comp>

<comp id="54" class="1001" name="const_54">
<pin_list>
<pin id="55" dir="1" index="0" bw="1" slack="0"/>
</pin_list>
<bind>
<StgValue><ssdm name=""/></StgValue>
</bind>
</comp>

<comp id="56" class="1001" name="const_56">
<pin_list>
<pin id="57" dir="1" index="0" bw="1" slack="0"/>
</pin_list>
<bind>
<StgValue><ssdm name=""/></StgValue>
</bind>
</comp>

<comp id="58" class="1001" name="const_58">
<pin_list>
<pin id="59" dir="1" index="0" bw="1" slack="0"/>
</pin_list>
<bind>
<StgValue><ssdm name="_ssdm_op_BitConcatenate.i71.i64.i7"/></StgValue>
</bind>
</comp>

<comp id="60" class="1001" name="const_60">
<pin_list>
<pin id="61" dir="1" index="0" bw="1" slack="0"/>
</pin_list>
<bind>
<StgValue><ssdm name="_ssdm_op_BitSelect.i1.i54.i32"/></StgValue>
</bind>
</comp>

<comp id="62" class="1001" name="const_62">
<pin_list>
<pin id="63" dir="1" index="0" bw="1" slack="0"/>
</pin_list>
<bind>
<StgValue><ssdm name=""/></StgValue>
</bind>
</comp>

<comp id="64" class="1001" name="const_64">
<pin_list>
<pin id="65" dir="1" index="0" bw="1" slack="0"/>
</pin_list>
<bind>
<StgValue><ssdm name="_ssdm_op_BitConcatenate.i19.i1.i18"/></StgValue>
</bind>
</comp>

<comp id="66" class="1001" name="const_66">
<pin_list>
<pin id="67" dir="1" index="0" bw="1" slack="0"/>
</pin_list>
<bind>
<StgValue><ssdm name=""/></StgValue>
</bind>
</comp>

<comp id="68" class="1001" name="const_68">
<pin_list>
<pin id="69" dir="1" index="0" bw="1" slack="0"/>
</pin_list>
<bind>
<StgValue><ssdm name="_ssdm_op_PartSelect.i13.i31.i32.i32"/></StgValue>
</bind>
</comp>

<comp id="70" class="1001" name="const_70">
<pin_list>
<pin id="71" dir="1" index="0" bw="1" slack="0"/>
</pin_list>
<bind>
<StgValue><ssdm name=""/></StgValue>
</bind>
</comp>

<comp id="72" class="1001" name="const_72">
<pin_list>
<pin id="73" dir="1" index="0" bw="1" slack="0"/>
</pin_list>
<bind>
<StgValue><ssdm name=""/></StgValue>
</bind>
</comp>

<comp id="74" class="1001" name="const_74">
<pin_list>
<pin id="75" dir="1" index="0" bw="1" slack="0"/>
</pin_list>
<bind>
<StgValue><ssdm name="_ssdm_op_BitSelect.i1.i31.i32"/></StgValue>
</bind>
</comp>

<comp id="76" class="1001" name="const_76">
<pin_list>
<pin id="77" dir="1" index="0" bw="1" slack="0"/>
</pin_list>
<bind>
<StgValue><ssdm name=""/></StgValue>
</bind>
</comp>

<comp id="78" class="1001" name="const_78">
<pin_list>
<pin id="79" dir="1" index="0" bw="1" slack="0"/>
</pin_list>
<bind>
<StgValue><ssdm name=""/></StgValue>
</bind>
</comp>

<comp id="80" class="1001" name="const_80">
<pin_list>
<pin id="81" dir="1" index="0" bw="1" slack="0"/>
</pin_list>
<bind>
<StgValue><ssdm name=""/></StgValue>
</bind>
</comp>

<comp id="82" class="1001" name="const_82">
<pin_list>
<pin id="83" dir="1" index="0" bw="1" slack="0"/>
</pin_list>
<bind>
<StgValue><ssdm name="_ssdm_op_PartSelect.i58.i71.i32.i32"/></StgValue>
</bind>
</comp>

<comp id="84" class="1001" name="const_84">
<pin_list>
<pin id="85" dir="1" index="0" bw="1" slack="0"/>
</pin_list>
<bind>
<StgValue><ssdm name=""/></StgValue>
</bind>
</comp>

<comp id="86" class="1001" name="const_86">
<pin_list>
<pin id="87" dir="1" index="0" bw="1" slack="0"/>
</pin_list>
<bind>
<StgValue><ssdm name="_ssdm_op_BitConcatenate.i59.i58.i1"/></StgValue>
</bind>
</comp>

<comp id="88" class="1001" name="const_88">
<pin_list>
<pin id="89" dir="1" index="0" bw="1" slack="0"/>
</pin_list>
<bind>
<StgValue><ssdm name=""/></StgValue>
</bind>
</comp>

<comp id="90" class="1001" name="const_90">
<pin_list>
<pin id="91" dir="1" index="0" bw="1" slack="0"/>
</pin_list>
<bind>
<StgValue><ssdm name="_ssdm_op_PartSelect.i8.i59.i32.i32"/></StgValue>
</bind>
</comp>

<comp id="92" class="1001" name="const_92">
<pin_list>
<pin id="93" dir="1" index="0" bw="1" slack="0"/>
</pin_list>
<bind>
<StgValue><ssdm name=""/></StgValue>
</bind>
</comp>

<comp id="94" class="1001" name="const_94">
<pin_list>
<pin id="95" dir="1" index="0" bw="1" slack="0"/>
</pin_list>
<bind>
<StgValue><ssdm name=""/></StgValue>
</bind>
</comp>

<comp id="96" class="1001" name="const_96">
<pin_list>
<pin id="97" dir="1" index="0" bw="1" slack="0"/>
</pin_list>
<bind>
<StgValue><ssdm name=""/></StgValue>
</bind>
</comp>

<comp id="98" class="1001" name="const_98">
<pin_list>
<pin id="99" dir="1" index="0" bw="1" slack="0"/>
</pin_list>
<bind>
<StgValue><ssdm name=""/></StgValue>
</bind>
</comp>

<comp id="100" class="1001" name="const_100">
<pin_list>
<pin id="101" dir="1" index="0" bw="1" slack="0"/>
</pin_list>
<bind>
<StgValue><ssdm name=""/></StgValue>
</bind>
</comp>

<comp id="102" class="1001" name="const_102">
<pin_list>
<pin id="103" dir="1" index="0" bw="1" slack="0"/>
</pin_list>
<bind>
<StgValue><ssdm name=""/></StgValue>
</bind>
</comp>

<comp id="104" class="1001" name="const_104">
<pin_list>
<pin id="105" dir="1" index="0" bw="1" slack="0"/>
</pin_list>
<bind>
<StgValue><ssdm name=""/></StgValue>
</bind>
</comp>

<comp id="106" class="1001" name="const_106">
<pin_list>
<pin id="107" dir="1" index="0" bw="1" slack="0"/>
</pin_list>
<bind>
<StgValue><ssdm name=""/></StgValue>
</bind>
</comp>

<comp id="108" class="1001" name="const_108">
<pin_list>
<pin id="109" dir="1" index="0" bw="1" slack="0"/>
</pin_list>
<bind>
<StgValue><ssdm name=""/></StgValue>
</bind>
</comp>

<comp id="110" class="1001" name="const_110">
<pin_list>
<pin id="111" dir="1" index="0" bw="1" slack="0"/>
</pin_list>
<bind>
<StgValue><ssdm name="_ssdm_op_PartSelect.i10.i26.i32.i32"/></StgValue>
</bind>
</comp>

<comp id="112" class="1001" name="const_112">
<pin_list>
<pin id="113" dir="1" index="0" bw="1" slack="0"/>
</pin_list>
<bind>
<StgValue><ssdm name=""/></StgValue>
</bind>
</comp>

<comp id="114" class="1001" name="const_114">
<pin_list>
<pin id="115" dir="1" index="0" bw="1" slack="0"/>
</pin_list>
<bind>
<StgValue><ssdm name=""/></StgValue>
</bind>
</comp>

<comp id="116" class="1001" name="const_116">
<pin_list>
<pin id="117" dir="1" index="0" bw="1" slack="0"/>
</pin_list>
<bind>
<StgValue><ssdm name="_ssdm_op_BitConcatenate.i43.i8.i9.i26"/></StgValue>
</bind>
</comp>

<comp id="118" class="1001" name="const_118">
<pin_list>
<pin id="119" dir="1" index="0" bw="1" slack="0"/>
</pin_list>
<bind>
<StgValue><ssdm name=""/></StgValue>
</bind>
</comp>

<comp id="120" class="1001" name="const_120">
<pin_list>
<pin id="121" dir="1" index="0" bw="1" slack="0"/>
</pin_list>
<bind>
<StgValue><ssdm name="_ssdm_op_PartSelect.i20.i79.i32.i32"/></StgValue>
</bind>
</comp>

<comp id="122" class="1001" name="const_122">
<pin_list>
<pin id="123" dir="1" index="0" bw="1" slack="0"/>
</pin_list>
<bind>
<StgValue><ssdm name=""/></StgValue>
</bind>
</comp>

<comp id="124" class="1001" name="const_124">
<pin_list>
<pin id="125" dir="1" index="0" bw="1" slack="0"/>
</pin_list>
<bind>
<StgValue><ssdm name=""/></StgValue>
</bind>
</comp>

<comp id="126" class="1001" name="const_126">
<pin_list>
<pin id="127" dir="1" index="0" bw="1" slack="0"/>
</pin_list>
<bind>
<StgValue><ssdm name="_ssdm_op_PartSelect.i40.i42.i32.i32"/></StgValue>
</bind>
</comp>

<comp id="128" class="1001" name="const_128">
<pin_list>
<pin id="129" dir="1" index="0" bw="1" slack="0"/>
</pin_list>
<bind>
<StgValue><ssdm name=""/></StgValue>
</bind>
</comp>

<comp id="130" class="1001" name="const_130">
<pin_list>
<pin id="131" dir="1" index="0" bw="1" slack="0"/>
</pin_list>
<bind>
<StgValue><ssdm name=""/></StgValue>
</bind>
</comp>

<comp id="132" class="1001" name="const_132">
<pin_list>
<pin id="133" dir="1" index="0" bw="1" slack="0"/>
</pin_list>
<bind>
<StgValue><ssdm name="_ssdm_op_BitConcatenate.i49.i8.i1.i40"/></StgValue>
</bind>
</comp>

<comp id="134" class="1001" name="const_134">
<pin_list>
<pin id="135" dir="1" index="0" bw="1" slack="0"/>
</pin_list>
<bind>
<StgValue><ssdm name="_ssdm_op_BitConcatenate.i51.i8.i1.i40.i2"/></StgValue>
</bind>
</comp>

<comp id="136" class="1001" name="const_136">
<pin_list>
<pin id="137" dir="1" index="0" bw="1" slack="0"/>
</pin_list>
<bind>
<StgValue><ssdm name=""/></StgValue>
</bind>
</comp>

<comp id="138" class="1001" name="const_138">
<pin_list>
<pin id="139" dir="1" index="0" bw="1" slack="0"/>
</pin_list>
<bind>
<StgValue><ssdm name="_ssdm_op_PartSelect.i36.i93.i32.i32"/></StgValue>
</bind>
</comp>

<comp id="140" class="1001" name="const_140">
<pin_list>
<pin id="141" dir="1" index="0" bw="1" slack="0"/>
</pin_list>
<bind>
<StgValue><ssdm name=""/></StgValue>
</bind>
</comp>

<comp id="142" class="1001" name="const_142">
<pin_list>
<pin id="143" dir="1" index="0" bw="1" slack="0"/>
</pin_list>
<bind>
<StgValue><ssdm name=""/></StgValue>
</bind>
</comp>

<comp id="144" class="1001" name="const_144">
<pin_list>
<pin id="145" dir="1" index="0" bw="1" slack="0"/>
</pin_list>
<bind>
<StgValue><ssdm name="_ssdm_op_PartSelect.i50.i52.i32.i32"/></StgValue>
</bind>
</comp>

<comp id="146" class="1001" name="const_146">
<pin_list>
<pin id="147" dir="1" index="0" bw="1" slack="2147483647"/>
</pin_list>
<bind>
<StgValue><ssdm name="_ssdm_op_SpecPipeline"/></StgValue>
</bind>
</comp>

<comp id="148" class="1001" name="const_148">
<pin_list>
<pin id="149" dir="1" index="0" bw="1" slack="2147483647"/>
</pin_list>
<bind>
<StgValue><ssdm name=""/></StgValue>
</bind>
</comp>

<comp id="150" class="1001" name="const_150">
<pin_list>
<pin id="151" dir="1" index="0" bw="1" slack="2147483647"/>
</pin_list>
<bind>
<StgValue><ssdm name=""/></StgValue>
</bind>
</comp>

<comp id="152" class="1001" name="const_152">
<pin_list>
<pin id="153" dir="1" index="0" bw="1" slack="2147483647"/>
</pin_list>
<bind>
<StgValue><ssdm name="empty_1"/></StgValue>
</bind>
</comp>

<comp id="154" class="1001" name="const_154">
<pin_list>
<pin id="155" dir="1" index="0" bw="1" slack="0"/>
</pin_list>
<bind>
<StgValue><ssdm name=""/></StgValue>
</bind>
</comp>

<comp id="156" class="1001" name="const_156">
<pin_list>
<pin id="157" dir="1" index="0" bw="1" slack="0"/>
</pin_list>
<bind>
<StgValue><ssdm name=""/></StgValue>
</bind>
</comp>

<comp id="158" class="1001" name="const_158">
<pin_list>
<pin id="159" dir="1" index="0" bw="1" slack="0"/>
</pin_list>
<bind>
<StgValue><ssdm name=""/></StgValue>
</bind>
</comp>

<comp id="160" class="1001" name="const_160">
<pin_list>
<pin id="161" dir="1" index="0" bw="1" slack="0"/>
</pin_list>
<bind>
<StgValue><ssdm name="_ssdm_op_PartSelect.i50.i58.i32.i32"/></StgValue>
</bind>
</comp>

<comp id="162" class="1001" name="const_162">
<pin_list>
<pin id="163" dir="1" index="0" bw="1" slack="0"/>
</pin_list>
<bind>
<StgValue><ssdm name=""/></StgValue>
</bind>
</comp>

<comp id="164" class="1001" name="const_164">
<pin_list>
<pin id="165" dir="1" index="0" bw="1" slack="0"/>
</pin_list>
<bind>
<StgValue><ssdm name=""/></StgValue>
</bind>
</comp>

<comp id="166" class="1001" name="const_166">
<pin_list>
<pin id="167" dir="1" index="0" bw="1" slack="0"/>
</pin_list>
<bind>
<StgValue><ssdm name="_ssdm_op_BitConcatenate.i107.i58.i49"/></StgValue>
</bind>
</comp>

<comp id="168" class="1001" name="const_168">
<pin_list>
<pin id="169" dir="1" index="0" bw="1" slack="0"/>
</pin_list>
<bind>
<StgValue><ssdm name=""/></StgValue>
</bind>
</comp>

<comp id="170" class="1001" name="const_170">
<pin_list>
<pin id="171" dir="1" index="0" bw="1" slack="0"/>
</pin_list>
<bind>
<StgValue><ssdm name="_ssdm_op_BitSelect.i1.i107.i32"/></StgValue>
</bind>
</comp>

<comp id="172" class="1001" name="const_172">
<pin_list>
<pin id="173" dir="1" index="0" bw="1" slack="0"/>
</pin_list>
<bind>
<StgValue><ssdm name=""/></StgValue>
</bind>
</comp>

<comp id="174" class="1001" name="const_174">
<pin_list>
<pin id="175" dir="1" index="0" bw="1" slack="0"/>
</pin_list>
<bind>
<StgValue><ssdm name=""/></StgValue>
</bind>
</comp>

<comp id="176" class="1001" name="const_176">
<pin_list>
<pin id="177" dir="1" index="0" bw="1" slack="0"/>
</pin_list>
<bind>
<StgValue><ssdm name="_ssdm_op_PartSelect.i3.i13.i32.i32"/></StgValue>
</bind>
</comp>

<comp id="178" class="1001" name="const_178">
<pin_list>
<pin id="179" dir="1" index="0" bw="1" slack="0"/>
</pin_list>
<bind>
<StgValue><ssdm name=""/></StgValue>
</bind>
</comp>

<comp id="180" class="1001" name="const_180">
<pin_list>
<pin id="181" dir="1" index="0" bw="1" slack="0"/>
</pin_list>
<bind>
<StgValue><ssdm name=""/></StgValue>
</bind>
</comp>

<comp id="182" class="1001" name="const_182">
<pin_list>
<pin id="183" dir="1" index="0" bw="1" slack="0"/>
</pin_list>
<bind>
<StgValue><ssdm name=""/></StgValue>
</bind>
</comp>

<comp id="184" class="1001" name="const_184">
<pin_list>
<pin id="185" dir="1" index="0" bw="1" slack="0"/>
</pin_list>
<bind>
<StgValue><ssdm name=""/></StgValue>
</bind>
</comp>

<comp id="186" class="1001" name="const_186">
<pin_list>
<pin id="187" dir="1" index="0" bw="1" slack="0"/>
</pin_list>
<bind>
<StgValue><ssdm name="_ssdm_op_PartSelect.i52.i107.i32.i32"/></StgValue>
</bind>
</comp>

<comp id="188" class="1001" name="const_188">
<pin_list>
<pin id="189" dir="1" index="0" bw="1" slack="0"/>
</pin_list>
<bind>
<StgValue><ssdm name=""/></StgValue>
</bind>
</comp>

<comp id="190" class="1001" name="const_190">
<pin_list>
<pin id="191" dir="1" index="0" bw="1" slack="0"/>
</pin_list>
<bind>
<StgValue><ssdm name=""/></StgValue>
</bind>
</comp>

<comp id="192" class="1001" name="const_192">
<pin_list>
<pin id="193" dir="1" index="0" bw="1" slack="0"/>
</pin_list>
<bind>
<StgValue><ssdm name=""/></StgValue>
</bind>
</comp>

<comp id="194" class="1001" name="const_194">
<pin_list>
<pin id="195" dir="1" index="0" bw="1" slack="0"/>
</pin_list>
<bind>
<StgValue><ssdm name="_ssdm_op_BitConcatenate.i64.i1.i11.i52"/></StgValue>
</bind>
</comp>

<comp id="196" class="1001" name="const_196">
<pin_list>
<pin id="197" dir="1" index="0" bw="1" slack="0"/>
</pin_list>
<bind>
<StgValue><ssdm name="_ssdm_op_BitConcatenate.i3.i1.i1.i1"/></StgValue>
</bind>
</comp>

<comp id="198" class="1001" name="const_198">
<pin_list>
<pin id="199" dir="1" index="0" bw="1" slack="0"/>
</pin_list>
<bind>
<StgValue><ssdm name="_ssdm_op_SparseMux.ap_auto.4double.double.i3"/></StgValue>
</bind>
</comp>

<comp id="200" class="1001" name="const_200">
<pin_list>
<pin id="201" dir="1" index="0" bw="1" slack="0"/>
</pin_list>
<bind>
<StgValue><ssdm name=""/></StgValue>
</bind>
</comp>

<comp id="202" class="1001" name="const_202">
<pin_list>
<pin id="203" dir="1" index="0" bw="1" slack="0"/>
</pin_list>
<bind>
<StgValue><ssdm name=""/></StgValue>
</bind>
</comp>

<comp id="204" class="1001" name="const_204">
<pin_list>
<pin id="205" dir="1" index="0" bw="1" slack="0"/>
</pin_list>
<bind>
<StgValue><ssdm name=""/></StgValue>
</bind>
</comp>

<comp id="206" class="1001" name="const_206">
<pin_list>
<pin id="207" dir="1" index="0" bw="1" slack="0"/>
</pin_list>
<bind>
<StgValue><ssdm name=""/></StgValue>
</bind>
</comp>

<comp id="208" class="1004" name="x_read_read_fu_208">
<pin_list>
<pin id="209" dir="0" index="0" bw="64" slack="0"/>
<pin id="210" dir="0" index="1" bw="64" slack="0"/>
<pin id="211" dir="1" index="2" bw="64" slack="0"/>
</pin_list>
<bind>
<opcode="read(1150) " fcode="read"/>
<opset="x_read/1 "/>
</bind>
</comp>

<comp id="214" class="1004" name="table_f_Z3_ap_ufixed_59_0_ap_q_mode_5_ap_o_mode_3_0_array_addr_gep_fu_214">
<pin_list>
<pin id="215" dir="0" index="0" bw="26" slack="0"/>
<pin id="216" dir="0" index="1" bw="1" slack="0"/>
<pin id="217" dir="0" index="2" bw="8" slack="0"/>
<pin id="218" dir="1" index="3" bw="8" slack="0"/>
</pin_list>
<bind>
<opcode="getelementptr(29) " fcode="getelementptr"/>
<opset="table_f_Z3_ap_ufixed_59_0_ap_q_mode_5_ap_o_mode_3_0_array_addr/4 "/>
</bind>
</comp>

<comp id="221" class="1004" name="grp_access_fu_221">
<pin_list>
<pin id="222" dir="0" index="0" bw="8" slack="0"/>
<pin id="223" dir="0" index="1" bw="26" slack="2147483647"/>
<pin id="224" dir="0" index="2" bw="0" slack="0"/>
<pin id="226" dir="0" index="4" bw="8" slack="2147483647"/>
<pin id="227" dir="0" index="5" bw="26" slack="2147483647"/>
<pin id="228" dir="0" index="6" bw="0" slack="2147483647"/>
<pin id="225" dir="1" index="3" bw="26" slack="0"/>
<pin id="229" dir="1" index="7" bw="26" slack="0"/>
</pin_list>
<bind>
<opcode="load(27) " fcode="load"/>
<opset="table_f_Z3_ap_ufixed_59_0_ap_q_mode_5_ap_o_mode_3_0_array_load/4 f_Z3/4 "/>
</bind>
</comp>

<comp id="231" class="1004" name="table_f_Z3_ap_ufixed_59_0_ap_q_mode_5_ap_o_mode_3_0_array_addr_1_gep_fu_231">
<pin_list>
<pin id="232" dir="0" index="0" bw="26" slack="0"/>
<pin id="233" dir="0" index="1" bw="1" slack="0"/>
<pin id="234" dir="0" index="2" bw="8" slack="0"/>
<pin id="235" dir="1" index="3" bw="8" slack="0"/>
</pin_list>
<bind>
<opcode="getelementptr(29) " fcode="getelementptr"/>
<opset="table_f_Z3_ap_ufixed_59_0_ap_q_mode_5_ap_o_mode_3_0_array_addr_1/4 "/>
</bind>
</comp>

<comp id="239" class="1004" name="table_f_Z2_ap_ufixed_59_0_ap_q_mode_5_ap_o_mode_3_0_array_addr_gep_fu_239">
<pin_list>
<pin id="240" dir="0" index="0" bw="42" slack="0"/>
<pin id="241" dir="0" index="1" bw="1" slack="0"/>
<pin id="242" dir="0" index="2" bw="8" slack="0"/>
<pin id="243" dir="1" index="3" bw="8" slack="0"/>
</pin_list>
<bind>
<opcode="getelementptr(29) " fcode="getelementptr"/>
<opset="table_f_Z2_ap_ufixed_59_0_ap_q_mode_5_ap_o_mode_3_0_array_addr/5 "/>
</bind>
</comp>

<comp id="246" class="1004" name="grp_access_fu_246">
<pin_list>
<pin id="247" dir="0" index="0" bw="8" slack="0"/>
<pin id="248" dir="0" index="1" bw="42" slack="2147483647"/>
<pin id="249" dir="0" index="2" bw="0" slack="2147483647"/>
<pin id="250" dir="1" index="3" bw="42" slack="0"/>
</pin_list>
<bind>
<opcode="load(27) " fcode="load"/>
<opset="f_Z2/5 "/>
</bind>
</comp>

<comp id="252" class="1004" name="table_exp_Z1_ap_ufixed_58_1_ap_q_mode_5_ap_o_mode_3_0_array_addr_gep_fu_252">
<pin_list>
<pin id="253" dir="0" index="0" bw="58" slack="0"/>
<pin id="254" dir="0" index="1" bw="1" slack="0"/>
<pin id="255" dir="0" index="2" bw="8" slack="0"/>
<pin id="256" dir="1" index="3" bw="8" slack="0"/>
</pin_list>
<bind>
<opcode="getelementptr(29) " fcode="getelementptr"/>
<opset="table_exp_Z1_ap_ufixed_58_1_ap_q_mode_5_ap_o_mode_3_0_array_addr/6 "/>
</bind>
</comp>

<comp id="259" class="1004" name="grp_access_fu_259">
<pin_list>
<pin id="260" dir="0" index="0" bw="8" slack="0"/>
<pin id="261" dir="0" index="1" bw="58" slack="2147483647"/>
<pin id="262" dir="0" index="2" bw="0" slack="2147483647"/>
<pin id="263" dir="1" index="3" bw="58" slack="0"/>
</pin_list>
<bind>
<opcode="load(27) " fcode="load"/>
<opset="exp_Z1/6 "/>
</bind>
</comp>

<comp id="265" class="1004" name="mul_ln249_fu_265">
<pin_list>
<pin id="266" dir="0" index="0" bw="13" slack="0"/>
<pin id="267" dir="0" index="1" bw="71" slack="0"/>
<pin id="268" dir="1" index="2" bw="71" slack="0"/>
</pin_list>
<bind>
<opcode="mul(12) " fcode="mul"/>
<opset="mul_ln249/4 "/>
</bind>
</comp>

<comp id="270" class="1004" name="mul_ln123_fu_270">
<pin_list>
<pin id="271" dir="0" index="0" bw="43" slack="0"/>
<pin id="272" dir="0" index="1" bw="36" slack="0"/>
<pin id="273" dir="1" index="2" bw="79" slack="0"/>
</pin_list>
<bind>
<opcode="mul(12) " fcode="mul"/>
<opset="mul_ln123/5 "/>
</bind>
</comp>

<comp id="274" class="1004" name="mul_ln142_fu_274">
<pin_list>
<pin id="275" dir="0" index="0" bw="49" slack="0"/>
<pin id="276" dir="0" index="1" bw="44" slack="0"/>
<pin id="277" dir="1" index="2" bw="93" slack="0"/>
</pin_list>
<bind>
<opcode="mul(12) " fcode="mul"/>
<opset="mul_ln142/6 "/>
</bind>
</comp>

<comp id="278" class="1004" name="mul_ln297_fu_278">
<pin_list>
<pin id="279" dir="0" index="0" bw="50" slack="0"/>
<pin id="280" dir="0" index="1" bw="50" slack="0"/>
<pin id="281" dir="1" index="2" bw="100" slack="0"/>
</pin_list>
<bind>
<opcode="mul(12) " fcode="mul"/>
<opset="mul_ln297/7 "/>
</bind>
</comp>

<comp id="282" class="1004" name="data_fu_282">
<pin_list>
<pin id="283" dir="0" index="0" bw="64" slack="0"/>
<pin id="284" dir="1" index="1" bw="64" slack="0"/>
</pin_list>
<bind>
<opcode="bitcast(44) " fcode="bitcast"/>
<opset="data/1 "/>
</bind>
</comp>

<comp id="286" class="1004" name="es_sign_fu_286">
<pin_list>
<pin id="287" dir="0" index="0" bw="1" slack="0"/>
<pin id="288" dir="0" index="1" bw="64" slack="0"/>
<pin id="289" dir="0" index="2" bw="7" slack="0"/>
<pin id="290" dir="1" index="3" bw="1" slack="0"/>
</pin_list>
<bind>
<opcode="bitselect(1000) " fcode="bitselect"/>
<opset="es_sign/1 "/>
</bind>
</comp>

<comp id="294" class="1004" name="es_exp_fu_294">
<pin_list>
<pin id="295" dir="0" index="0" bw="11" slack="0"/>
<pin id="296" dir="0" index="1" bw="64" slack="0"/>
<pin id="297" dir="0" index="2" bw="7" slack="0"/>
<pin id="298" dir="0" index="3" bw="7" slack="0"/>
<pin id="299" dir="1" index="4" bw="11" slack="0"/>
</pin_list>
<bind>
<opcode="partselect(1002) " fcode="partselect"/>
<opset="es_exp/1 "/>
</bind>
</comp>

<comp id="304" class="1004" name="es_sig_fu_304">
<pin_list>
<pin id="305" dir="0" index="0" bw="64" slack="0"/>
<pin id="306" dir="1" index="1" bw="52" slack="0"/>
</pin_list>
<bind>
<opcode="trunc(33) " fcode="trunc"/>
<opset="es_sig/1 "/>
</bind>
</comp>

<comp id="308" class="1004" name="icmp_ln18_fu_308">
<pin_list>
<pin id="309" dir="0" index="0" bw="11" slack="0"/>
<pin id="310" dir="0" index="1" bw="11" slack="0"/>
<pin id="311" dir="1" index="2" bw="1" slack="6"/>
</pin_list>
<bind>
<opcode="icmp(45) " fcode="icmp"/>
<opset="icmp_ln18/1 "/>
</bind>
</comp>

<comp id="314" class="1004" name="icmp_ln18_1_fu_314">
<pin_list>
<pin id="315" dir="0" index="0" bw="52" slack="0"/>
<pin id="316" dir="0" index="1" bw="52" slack="0"/>
<pin id="317" dir="1" index="2" bw="1" slack="6"/>
</pin_list>
<bind>
<opcode="icmp(45) " fcode="icmp"/>
<opset="icmp_ln18_1/1 "/>
</bind>
</comp>

<comp id="320" class="1004" name="zext_ln486_fu_320">
<pin_list>
<pin id="321" dir="0" index="0" bw="11" slack="0"/>
<pin id="322" dir="1" index="1" bw="12" slack="0"/>
</pin_list>
<bind>
<opcode="zext(34) " fcode="zext"/>
<opset="zext_ln486/1 "/>
</bind>
</comp>

<comp id="324" class="1004" name="m_exp_fu_324">
<pin_list>
<pin id="325" dir="0" index="0" bw="11" slack="0"/>
<pin id="326" dir="0" index="1" bw="11" slack="0"/>
<pin id="327" dir="1" index="2" bw="12" slack="0"/>
</pin_list>
<bind>
<opcode="add(8) " fcode="add"/>
<opset="m_exp/1 "/>
</bind>
</comp>

<comp id="330" class="1004" name="e_frac_fu_330">
<pin_list>
<pin id="331" dir="0" index="0" bw="53" slack="0"/>
<pin id="332" dir="0" index="1" bw="1" slack="0"/>
<pin id="333" dir="0" index="2" bw="52" slack="0"/>
<pin id="334" dir="1" index="3" bw="53" slack="0"/>
</pin_list>
<bind>
<opcode="bitconcatenate(1004) " fcode="bitconcatenate"/>
<opset="e_frac/1 "/>
</bind>
</comp>

<comp id="338" class="1004" name="zext_ln221_fu_338">
<pin_list>
<pin id="339" dir="0" index="0" bw="53" slack="0"/>
<pin id="340" dir="1" index="1" bw="54" slack="0"/>
</pin_list>
<bind>
<opcode="zext(34) " fcode="zext"/>
<opset="zext_ln221/1 "/>
</bind>
</comp>

<comp id="342" class="1004" name="e_frac_1_fu_342">
<pin_list>
<pin id="343" dir="0" index="0" bw="1" slack="0"/>
<pin id="344" dir="0" index="1" bw="53" slack="0"/>
<pin id="345" dir="1" index="2" bw="54" slack="0"/>
</pin_list>
<bind>
<opcode="sub(10) " fcode="sub"/>
<opset="e_frac_1/1 "/>
</bind>
</comp>

<comp id="348" class="1004" name="e_frac_3_fu_348">
<pin_list>
<pin id="349" dir="0" index="0" bw="1" slack="0"/>
<pin id="350" dir="0" index="1" bw="54" slack="0"/>
<pin id="351" dir="0" index="2" bw="54" slack="0"/>
<pin id="352" dir="1" index="3" bw="54" slack="0"/>
</pin_list>
<bind>
<opcode="select(49) " fcode="select"/>
<opset="e_frac_3/1 "/>
</bind>
</comp>

<comp id="356" class="1004" name="m_frac_l_1_fu_356">
<pin_list>
<pin id="357" dir="0" index="0" bw="61" slack="0"/>
<pin id="358" dir="0" index="1" bw="54" slack="0"/>
<pin id="359" dir="0" index="2" bw="1" slack="0"/>
<pin id="360" dir="1" index="3" bw="61" slack="0"/>
</pin_list>
<bind>
<opcode="bitconcatenate(1004) " fcode="bitconcatenate"/>
<opset="m_frac_l_1/1 "/>
</bind>
</comp>

<comp id="364" class="1004" name="sext_ln227_fu_364">
<pin_list>
<pin id="365" dir="0" index="0" bw="61" slack="0"/>
<pin id="366" dir="1" index="1" bw="71" slack="0"/>
</pin_list>
<bind>
<opcode="sext(35) " fcode="sext"/>
<opset="sext_ln227/1 "/>
</bind>
</comp>

<comp id="368" class="1004" name="tmp_fu_368">
<pin_list>
<pin id="369" dir="0" index="0" bw="1" slack="0"/>
<pin id="370" dir="0" index="1" bw="12" slack="0"/>
<pin id="371" dir="0" index="2" bw="5" slack="0"/>
<pin id="372" dir="1" index="3" bw="1" slack="0"/>
</pin_list>
<bind>
<opcode="bitselect(1000) " fcode="bitselect"/>
<opset="tmp/1 "/>
</bind>
</comp>

<comp id="376" class="1004" name="sub_ln229_fu_376">
<pin_list>
<pin id="377" dir="0" index="0" bw="11" slack="0"/>
<pin id="378" dir="0" index="1" bw="11" slack="0"/>
<pin id="379" dir="1" index="2" bw="11" slack="0"/>
</pin_list>
<bind>
<opcode="sub(10) " fcode="sub"/>
<opset="sub_ln229/1 "/>
</bind>
</comp>

<comp id="382" class="1004" name="sext_ln229_fu_382">
<pin_list>
<pin id="383" dir="0" index="0" bw="11" slack="0"/>
<pin id="384" dir="1" index="1" bw="12" slack="0"/>
</pin_list>
<bind>
<opcode="sext(35) " fcode="sext"/>
<opset="sext_ln229/1 "/>
</bind>
</comp>

<comp id="386" class="1004" name="select_ln229_fu_386">
<pin_list>
<pin id="387" dir="0" index="0" bw="1" slack="0"/>
<pin id="388" dir="0" index="1" bw="12" slack="0"/>
<pin id="389" dir="0" index="2" bw="12" slack="0"/>
<pin id="390" dir="1" index="3" bw="12" slack="0"/>
</pin_list>
<bind>
<opcode="select(49) " fcode="select"/>
<opset="select_ln229/1 "/>
</bind>
</comp>

<comp id="394" class="1004" name="sext_ln229_1_fu_394">
<pin_list>
<pin id="395" dir="0" index="0" bw="12" slack="0"/>
<pin id="396" dir="1" index="1" bw="32" slack="0"/>
</pin_list>
<bind>
<opcode="sext(35) " fcode="sext"/>
<opset="sext_ln229_1/1 "/>
</bind>
</comp>

<comp id="398" class="1004" name="zext_ln229_fu_398">
<pin_list>
<pin id="399" dir="0" index="0" bw="12" slack="0"/>
<pin id="400" dir="1" index="1" bw="71" slack="0"/>
</pin_list>
<bind>
<opcode="zext(34) " fcode="zext"/>
<opset="zext_ln229/1 "/>
</bind>
</comp>

<comp id="402" class="1004" name="ashr_ln229_fu_402">
<pin_list>
<pin id="403" dir="0" index="0" bw="61" slack="0"/>
<pin id="404" dir="0" index="1" bw="32" slack="0"/>
<pin id="405" dir="1" index="2" bw="71" slack="0"/>
</pin_list>
<bind>
<opcode="ashr(22) " fcode="ashr"/>
<opset="ashr_ln229/1 "/>
</bind>
</comp>

<comp id="408" class="1004" name="shl_ln229_fu_408">
<pin_list>
<pin id="409" dir="0" index="0" bw="61" slack="0"/>
<pin id="410" dir="0" index="1" bw="32" slack="0"/>
<pin id="411" dir="1" index="2" bw="71" slack="0"/>
</pin_list>
<bind>
<opcode="shl(20) " fcode="shl"/>
<opset="shl_ln229/1 "/>
</bind>
</comp>

<comp id="414" class="1004" name="m_fix_fu_414">
<pin_list>
<pin id="415" dir="0" index="0" bw="1" slack="0"/>
<pin id="416" dir="0" index="1" bw="71" slack="0"/>
<pin id="417" dir="0" index="2" bw="71" slack="0"/>
<pin id="418" dir="1" index="3" bw="71" slack="0"/>
</pin_list>
<bind>
<opcode="select(49) " fcode="select"/>
<opset="m_fix/1 "/>
</bind>
</comp>

<comp id="422" class="1004" name="m_fix_l_fu_422">
<pin_list>
<pin id="423" dir="0" index="0" bw="64" slack="0"/>
<pin id="424" dir="0" index="1" bw="71" slack="0"/>
<pin id="425" dir="0" index="2" bw="4" slack="0"/>
<pin id="426" dir="0" index="3" bw="8" slack="0"/>
<pin id="427" dir="1" index="4" bw="64" slack="0"/>
</pin_list>
<bind>
<opcode="partselect(1002) " fcode="partselect"/>
<opset="m_fix_l/1 "/>
</bind>
</comp>

<comp id="432" class="1004" name="zext_ln230_fu_432">
<pin_list>
<pin id="433" dir="0" index="0" bw="12" slack="0"/>
<pin id="434" dir="1" index="1" bw="64" slack="0"/>
</pin_list>
<bind>
<opcode="zext(34) " fcode="zext"/>
<opset="zext_ln230/1 "/>
</bind>
</comp>

<comp id="436" class="1004" name="shl_ln230_fu_436">
<pin_list>
<pin id="437" dir="0" index="0" bw="64" slack="0"/>
<pin id="438" dir="0" index="1" bw="32" slack="0"/>
<pin id="439" dir="1" index="2" bw="64" slack="0"/>
</pin_list>
<bind>
<opcode="shl(20) " fcode="shl"/>
<opset="shl_ln230/1 "/>
</bind>
</comp>

<comp id="442" class="1004" name="ashr_ln230_fu_442">
<pin_list>
<pin id="443" dir="0" index="0" bw="64" slack="0"/>
<pin id="444" dir="0" index="1" bw="32" slack="0"/>
<pin id="445" dir="1" index="2" bw="64" slack="0"/>
</pin_list>
<bind>
<opcode="ashr(22) " fcode="ashr"/>
<opset="ashr_ln230/1 "/>
</bind>
</comp>

<comp id="448" class="1004" name="m_fix_hi_fu_448">
<pin_list>
<pin id="449" dir="0" index="0" bw="16" slack="0"/>
<pin id="450" dir="0" index="1" bw="71" slack="0"/>
<pin id="451" dir="0" index="2" bw="7" slack="0"/>
<pin id="452" dir="0" index="3" bw="8" slack="0"/>
<pin id="453" dir="1" index="4" bw="16" slack="0"/>
</pin_list>
<bind>
<opcode="partselect(1002) " fcode="partselect"/>
<opset="m_fix_hi/1 "/>
</bind>
</comp>

<comp id="458" class="1004" name="tmp_158_fu_458">
<pin_list>
<pin id="459" dir="0" index="0" bw="1" slack="0"/>
<pin id="460" dir="0" index="1" bw="71" slack="0"/>
<pin id="461" dir="0" index="2" bw="8" slack="0"/>
<pin id="462" dir="1" index="3" bw="1" slack="2"/>
</pin_list>
<bind>
<opcode="bitselect(1000) " fcode="bitselect"/>
<opset="tmp_158/1 "/>
</bind>
</comp>

<comp id="466" class="1004" name="sext_ln243_fu_466">
<pin_list>
<pin id="467" dir="0" index="0" bw="16" slack="0"/>
<pin id="468" dir="1" index="1" bw="31" slack="0"/>
</pin_list>
<bind>
<opcode="sext(35) " fcode="sext"/>
<opset="sext_ln243/1 "/>
</bind>
</comp>

<comp id="470" class="1004" name="trunc_ln255_fu_470">
<pin_list>
<pin id="471" dir="0" index="0" bw="71" slack="0"/>
<pin id="472" dir="1" index="1" bw="59" slack="3"/>
</pin_list>
<bind>
<opcode="trunc(33) " fcode="trunc"/>
<opset="trunc_ln255/1 "/>
</bind>
</comp>

<comp id="474" class="1004" name="icmp_ln309_fu_474">
<pin_list>
<pin id="475" dir="0" index="0" bw="12" slack="0"/>
<pin id="476" dir="0" index="1" bw="12" slack="0"/>
<pin id="477" dir="1" index="2" bw="1" slack="6"/>
</pin_list>
<bind>
<opcode="icmp(45) " fcode="icmp"/>
<opset="icmp_ln309/1 "/>
</bind>
</comp>

<comp id="480" class="1004" name="select_ln230_fu_480">
<pin_list>
<pin id="481" dir="0" index="0" bw="1" slack="0"/>
<pin id="482" dir="0" index="1" bw="64" slack="0"/>
<pin id="483" dir="0" index="2" bw="64" slack="0"/>
<pin id="484" dir="1" index="3" bw="64" slack="0"/>
</pin_list>
<bind>
<opcode="select(49) " fcode="select"/>
<opset="select_ln230/1 "/>
</bind>
</comp>

<comp id="488" class="1004" name="shl_ln7_fu_488">
<pin_list>
<pin id="489" dir="0" index="0" bw="71" slack="0"/>
<pin id="490" dir="0" index="1" bw="64" slack="0"/>
<pin id="491" dir="0" index="2" bw="1" slack="0"/>
<pin id="492" dir="1" index="3" bw="71" slack="0"/>
</pin_list>
<bind>
<opcode="bitconcatenate(1004) " fcode="bitconcatenate"/>
<opset="shl_ln7/1 "/>
</bind>
</comp>

<comp id="496" class="1004" name="icmp_ln309_2_fu_496">
<pin_list>
<pin id="497" dir="0" index="0" bw="71" slack="0"/>
<pin id="498" dir="0" index="1" bw="71" slack="0"/>
<pin id="499" dir="1" index="2" bw="1" slack="6"/>
</pin_list>
<bind>
<opcode="icmp(45) " fcode="icmp"/>
<opset="icmp_ln309_2/1 "/>
</bind>
</comp>

<comp id="502" class="1004" name="tmp_162_fu_502">
<pin_list>
<pin id="503" dir="0" index="0" bw="1" slack="0"/>
<pin id="504" dir="0" index="1" bw="54" slack="0"/>
<pin id="505" dir="0" index="2" bw="7" slack="0"/>
<pin id="506" dir="1" index="3" bw="1" slack="6"/>
</pin_list>
<bind>
<opcode="bitselect(1000) " fcode="bitselect"/>
<opset="tmp_162/1 "/>
</bind>
</comp>

<comp id="510" class="1004" name="shl_ln_fu_510">
<pin_list>
<pin id="511" dir="0" index="0" bw="19" slack="0"/>
<pin id="512" dir="0" index="1" bw="1" slack="2"/>
<pin id="513" dir="0" index="2" bw="18" slack="0"/>
<pin id="514" dir="1" index="3" bw="19" slack="0"/>
</pin_list>
<bind>
<opcode="bitconcatenate(1004) " fcode="bitconcatenate"/>
<opset="shl_ln/3 "/>
</bind>
</comp>

<comp id="517" class="1004" name="sext_ln243_1_fu_517">
<pin_list>
<pin id="518" dir="0" index="0" bw="19" slack="0"/>
<pin id="519" dir="1" index="1" bw="31" slack="0"/>
</pin_list>
<bind>
<opcode="sext(35) " fcode="sext"/>
<opset="sext_ln243_1/3 "/>
</bind>
</comp>

<comp id="521" class="1004" name="tmp_176_cast_fu_521">
<pin_list>
<pin id="522" dir="0" index="0" bw="13" slack="0"/>
<pin id="523" dir="0" index="1" bw="31" slack="0"/>
<pin id="524" dir="0" index="2" bw="6" slack="0"/>
<pin id="525" dir="0" index="3" bw="6" slack="0"/>
<pin id="526" dir="1" index="4" bw="13" slack="0"/>
</pin_list>
<bind>
<opcode="partselect(1002) " fcode="partselect"/>
<opset="tmp_176_cast/4 "/>
</bind>
</comp>

<comp id="530" class="1004" name="tmp_159_fu_530">
<pin_list>
<pin id="531" dir="0" index="0" bw="1" slack="0"/>
<pin id="532" dir="0" index="1" bw="31" slack="0"/>
<pin id="533" dir="0" index="2" bw="6" slack="0"/>
<pin id="534" dir="1" index="3" bw="1" slack="0"/>
</pin_list>
<bind>
<opcode="bitselect(1000) " fcode="bitselect"/>
<opset="tmp_159/4 "/>
</bind>
</comp>

<comp id="537" class="1004" name="trunc_ln243_fu_537">
<pin_list>
<pin id="538" dir="0" index="0" bw="31" slack="0"/>
<pin id="539" dir="1" index="1" bw="18" slack="0"/>
</pin_list>
<bind>
<opcode="trunc(33) " fcode="trunc"/>
<opset="trunc_ln243/4 "/>
</bind>
</comp>

<comp id="540" class="1004" name="icmp_ln243_fu_540">
<pin_list>
<pin id="541" dir="0" index="0" bw="18" slack="0"/>
<pin id="542" dir="0" index="1" bw="18" slack="0"/>
<pin id="543" dir="1" index="2" bw="1" slack="0"/>
</pin_list>
<bind>
<opcode="icmp(45) " fcode="icmp"/>
<opset="icmp_ln243/4 "/>
</bind>
</comp>

<comp id="546" class="1004" name="add_ln243_1_fu_546">
<pin_list>
<pin id="547" dir="0" index="0" bw="13" slack="0"/>
<pin id="548" dir="0" index="1" bw="1" slack="0"/>
<pin id="549" dir="1" index="2" bw="13" slack="0"/>
</pin_list>
<bind>
<opcode="add(8) " fcode="add"/>
<opset="add_ln243_1/4 "/>
</bind>
</comp>

<comp id="552" class="1004" name="select_ln243_fu_552">
<pin_list>
<pin id="553" dir="0" index="0" bw="1" slack="0"/>
<pin id="554" dir="0" index="1" bw="13" slack="0"/>
<pin id="555" dir="0" index="2" bw="13" slack="0"/>
<pin id="556" dir="1" index="3" bw="13" slack="0"/>
</pin_list>
<bind>
<opcode="select(49) " fcode="select"/>
<opset="select_ln243/4 "/>
</bind>
</comp>

<comp id="560" class="1004" name="r_exp_fu_560">
<pin_list>
<pin id="561" dir="0" index="0" bw="1" slack="0"/>
<pin id="562" dir="0" index="1" bw="13" slack="0"/>
<pin id="563" dir="0" index="2" bw="13" slack="0"/>
<pin id="564" dir="1" index="3" bw="13" slack="0"/>
</pin_list>
<bind>
<opcode="select(49) " fcode="select"/>
<opset="r_exp/4 "/>
</bind>
</comp>

<comp id="568" class="1004" name="sext_ln249_fu_568">
<pin_list>
<pin id="569" dir="0" index="0" bw="13" slack="0"/>
<pin id="570" dir="1" index="1" bw="71" slack="0"/>
</pin_list>
<bind>
<opcode="sext(35) " fcode="sext"/>
<opset="sext_ln249/4 "/>
</bind>
</comp>

<comp id="573" class="1004" name="tmp_53_fu_573">
<pin_list>
<pin id="574" dir="0" index="0" bw="58" slack="0"/>
<pin id="575" dir="0" index="1" bw="71" slack="0"/>
<pin id="576" dir="0" index="2" bw="5" slack="0"/>
<pin id="577" dir="0" index="3" bw="8" slack="0"/>
<pin id="578" dir="1" index="4" bw="58" slack="0"/>
</pin_list>
<bind>
<opcode="partselect(1002) " fcode="partselect"/>
<opset="tmp_53/4 "/>
</bind>
</comp>

<comp id="583" class="1004" name="and_ln_fu_583">
<pin_list>
<pin id="584" dir="0" index="0" bw="59" slack="0"/>
<pin id="585" dir="0" index="1" bw="58" slack="0"/>
<pin id="586" dir="0" index="2" bw="1" slack="0"/>
<pin id="587" dir="1" index="3" bw="59" slack="0"/>
</pin_list>
<bind>
<opcode="bitconcatenate(1004) " fcode="bitconcatenate"/>
<opset="and_ln/4 "/>
</bind>
</comp>

<comp id="591" class="1004" name="sub_ln255_fu_591">
<pin_list>
<pin id="592" dir="0" index="0" bw="59" slack="3"/>
<pin id="593" dir="0" index="1" bw="59" slack="0"/>
<pin id="594" dir="1" index="2" bw="59" slack="0"/>
</pin_list>
<bind>
<opcode="sub(10) " fcode="sub"/>
<opset="sub_ln255/4 "/>
</bind>
</comp>

<comp id="596" class="1004" name="m_diff_hi_fu_596">
<pin_list>
<pin id="597" dir="0" index="0" bw="8" slack="0"/>
<pin id="598" dir="0" index="1" bw="59" slack="0"/>
<pin id="599" dir="0" index="2" bw="7" slack="0"/>
<pin id="600" dir="0" index="3" bw="7" slack="0"/>
<pin id="601" dir="1" index="4" bw="8" slack="2"/>
</pin_list>
<bind>
<opcode="partselect(1002) " fcode="partselect"/>
<opset="m_diff_hi/4 "/>
</bind>
</comp>

<comp id="606" class="1004" name="Z2_fu_606">
<pin_list>
<pin id="607" dir="0" index="0" bw="8" slack="0"/>
<pin id="608" dir="0" index="1" bw="59" slack="0"/>
<pin id="609" dir="0" index="2" bw="7" slack="0"/>
<pin id="610" dir="0" index="3" bw="7" slack="0"/>
<pin id="611" dir="1" index="4" bw="8" slack="1"/>
</pin_list>
<bind>
<opcode="partselect(1002) " fcode="partselect"/>
<opset="Z2/4 "/>
</bind>
</comp>

<comp id="616" class="1004" name="Z3_fu_616">
<pin_list>
<pin id="617" dir="0" index="0" bw="8" slack="0"/>
<pin id="618" dir="0" index="1" bw="59" slack="0"/>
<pin id="619" dir="0" index="2" bw="7" slack="0"/>
<pin id="620" dir="0" index="3" bw="7" slack="0"/>
<pin id="621" dir="1" index="4" bw="8" slack="0"/>
</pin_list>
<bind>
<opcode="partselect(1002) " fcode="partselect"/>
<opset="Z3/4 "/>
</bind>
</comp>

<comp id="626" class="1004" name="Z4_fu_626">
<pin_list>
<pin id="627" dir="0" index="0" bw="59" slack="0"/>
<pin id="628" dir="1" index="1" bw="35" slack="1"/>
</pin_list>
<bind>
<opcode="trunc(33) " fcode="trunc"/>
<opset="Z4/4 "/>
</bind>
</comp>

<comp id="630" class="1004" name="Z4_ind_fu_630">
<pin_list>
<pin id="631" dir="0" index="0" bw="8" slack="0"/>
<pin id="632" dir="0" index="1" bw="59" slack="0"/>
<pin id="633" dir="0" index="2" bw="6" slack="0"/>
<pin id="634" dir="0" index="3" bw="7" slack="0"/>
<pin id="635" dir="1" index="4" bw="8" slack="0"/>
</pin_list>
<bind>
<opcode="partselect(1002) " fcode="partselect"/>
<opset="Z4_ind/4 "/>
</bind>
</comp>

<comp id="640" class="1004" name="zext_ln114_fu_640">
<pin_list>
<pin id="641" dir="0" index="0" bw="8" slack="0"/>
<pin id="642" dir="1" index="1" bw="64" slack="0"/>
</pin_list>
<bind>
<opcode="zext(34) " fcode="zext"/>
<opset="zext_ln114/4 "/>
</bind>
</comp>

<comp id="645" class="1004" name="zext_ln119_fu_645">
<pin_list>
<pin id="646" dir="0" index="0" bw="8" slack="0"/>
<pin id="647" dir="1" index="1" bw="64" slack="0"/>
</pin_list>
<bind>
<opcode="zext(34) " fcode="zext"/>
<opset="zext_ln119/4 "/>
</bind>
</comp>

<comp id="650" class="1004" name="f_Z4_fu_650">
<pin_list>
<pin id="651" dir="0" index="0" bw="10" slack="0"/>
<pin id="652" dir="0" index="1" bw="26" slack="0"/>
<pin id="653" dir="0" index="2" bw="6" slack="0"/>
<pin id="654" dir="0" index="3" bw="6" slack="0"/>
<pin id="655" dir="1" index="4" bw="10" slack="0"/>
</pin_list>
<bind>
<opcode="partselect(1002) " fcode="partselect"/>
<opset="f_Z4/5 "/>
</bind>
</comp>

<comp id="660" class="1004" name="zext_ln115_fu_660">
<pin_list>
<pin id="661" dir="0" index="0" bw="35" slack="1"/>
<pin id="662" dir="1" index="1" bw="36" slack="0"/>
</pin_list>
<bind>
<opcode="zext(34) " fcode="zext"/>
<opset="zext_ln115/5 "/>
</bind>
</comp>

<comp id="663" class="1004" name="zext_ln115_1_fu_663">
<pin_list>
<pin id="664" dir="0" index="0" bw="10" slack="0"/>
<pin id="665" dir="1" index="1" bw="36" slack="0"/>
</pin_list>
<bind>
<opcode="zext(34) " fcode="zext"/>
<opset="zext_ln115_1/5 "/>
</bind>
</comp>

<comp id="667" class="1004" name="exp_Z4_m_1_fu_667">
<pin_list>
<pin id="668" dir="0" index="0" bw="35" slack="0"/>
<pin id="669" dir="0" index="1" bw="10" slack="0"/>
<pin id="670" dir="1" index="2" bw="36" slack="0"/>
</pin_list>
<bind>
<opcode="add(8) " fcode="add"/>
<opset="exp_Z4_m_1/5 "/>
</bind>
</comp>

<comp id="673" class="1004" name="exp_Z3_m_1_fu_673">
<pin_list>
<pin id="674" dir="0" index="0" bw="43" slack="0"/>
<pin id="675" dir="0" index="1" bw="8" slack="1"/>
<pin id="676" dir="0" index="2" bw="1" slack="0"/>
<pin id="677" dir="0" index="3" bw="26" slack="0"/>
<pin id="678" dir="1" index="4" bw="43" slack="0"/>
</pin_list>
<bind>
<opcode="bitconcatenate(1004) " fcode="bitconcatenate"/>
<opset="exp_Z3_m_1/5 "/>
</bind>
</comp>

<comp id="682" class="1004" name="zext_ln120_fu_682">
<pin_list>
<pin id="683" dir="0" index="0" bw="43" slack="0"/>
<pin id="684" dir="1" index="1" bw="44" slack="0"/>
</pin_list>
<bind>
<opcode="zext(34) " fcode="zext"/>
<opset="zext_ln120/5 "/>
</bind>
</comp>

<comp id="686" class="1004" name="zext_ln123_fu_686">
<pin_list>
<pin id="687" dir="0" index="0" bw="43" slack="0"/>
<pin id="688" dir="1" index="1" bw="79" slack="0"/>
</pin_list>
<bind>
<opcode="zext(34) " fcode="zext"/>
<opset="zext_ln123/5 "/>
</bind>
</comp>

<comp id="691" class="1004" name="zext_ln123_1_fu_691">
<pin_list>
<pin id="692" dir="0" index="0" bw="36" slack="0"/>
<pin id="693" dir="1" index="1" bw="79" slack="0"/>
</pin_list>
<bind>
<opcode="zext(34) " fcode="zext"/>
<opset="zext_ln123_1/5 "/>
</bind>
</comp>

<comp id="696" class="1004" name="tmp_54_fu_696">
<pin_list>
<pin id="697" dir="0" index="0" bw="20" slack="0"/>
<pin id="698" dir="0" index="1" bw="79" slack="0"/>
<pin id="699" dir="0" index="2" bw="7" slack="0"/>
<pin id="700" dir="0" index="3" bw="8" slack="0"/>
<pin id="701" dir="1" index="4" bw="20" slack="0"/>
</pin_list>
<bind>
<opcode="partselect(1002) " fcode="partselect"/>
<opset="tmp_54/5 "/>
</bind>
</comp>

<comp id="706" class="1004" name="zext_ln126_1_fu_706">
<pin_list>
<pin id="707" dir="0" index="0" bw="20" slack="0"/>
<pin id="708" dir="1" index="1" bw="36" slack="0"/>
</pin_list>
<bind>
<opcode="zext(34) " fcode="zext"/>
<opset="zext_ln126_1/5 "/>
</bind>
</comp>

<comp id="710" class="1004" name="add_ln126_fu_710">
<pin_list>
<pin id="711" dir="0" index="0" bw="36" slack="0"/>
<pin id="712" dir="0" index="1" bw="20" slack="0"/>
<pin id="713" dir="1" index="2" bw="36" slack="0"/>
</pin_list>
<bind>
<opcode="add(8) " fcode="add"/>
<opset="add_ln126/5 "/>
</bind>
</comp>

<comp id="716" class="1004" name="zext_ln126_fu_716">
<pin_list>
<pin id="717" dir="0" index="0" bw="36" slack="0"/>
<pin id="718" dir="1" index="1" bw="44" slack="0"/>
</pin_list>
<bind>
<opcode="zext(34) " fcode="zext"/>
<opset="zext_ln126/5 "/>
</bind>
</comp>

<comp id="720" class="1004" name="exp_Z2P_m_1_fu_720">
<pin_list>
<pin id="721" dir="0" index="0" bw="36" slack="0"/>
<pin id="722" dir="0" index="1" bw="43" slack="0"/>
<pin id="723" dir="1" index="2" bw="44" slack="1"/>
</pin_list>
<bind>
<opcode="add(8) " fcode="add"/>
<opset="exp_Z2P_m_1/5 "/>
</bind>
</comp>

<comp id="726" class="1004" name="zext_ln138_fu_726">
<pin_list>
<pin id="727" dir="0" index="0" bw="8" slack="1"/>
<pin id="728" dir="1" index="1" bw="64" slack="0"/>
</pin_list>
<bind>
<opcode="zext(34) " fcode="zext"/>
<opset="zext_ln138/5 "/>
</bind>
</comp>

<comp id="730" class="1004" name="zext_ln292_fu_730">
<pin_list>
<pin id="731" dir="0" index="0" bw="8" slack="2"/>
<pin id="732" dir="1" index="1" bw="64" slack="0"/>
</pin_list>
<bind>
<opcode="zext(34) " fcode="zext"/>
<opset="zext_ln292/6 "/>
</bind>
</comp>

<comp id="734" class="1004" name="tmp_55_fu_734">
<pin_list>
<pin id="735" dir="0" index="0" bw="40" slack="0"/>
<pin id="736" dir="0" index="1" bw="42" slack="0"/>
<pin id="737" dir="0" index="2" bw="3" slack="0"/>
<pin id="738" dir="0" index="3" bw="7" slack="0"/>
<pin id="739" dir="1" index="4" bw="40" slack="0"/>
</pin_list>
<bind>
<opcode="partselect(1002) " fcode="partselect"/>
<opset="tmp_55/6 "/>
</bind>
</comp>

<comp id="744" class="1004" name="exp_Z2_m_1_fu_744">
<pin_list>
<pin id="745" dir="0" index="0" bw="49" slack="0"/>
<pin id="746" dir="0" index="1" bw="8" slack="2"/>
<pin id="747" dir="0" index="2" bw="1" slack="0"/>
<pin id="748" dir="0" index="3" bw="40" slack="0"/>
<pin id="749" dir="1" index="4" bw="49" slack="0"/>
</pin_list>
<bind>
<opcode="bitconcatenate(1004) " fcode="bitconcatenate"/>
<opset="exp_Z2_m_1/6 "/>
</bind>
</comp>

<comp id="753" class="1004" name="zext_ln142_fu_753">
<pin_list>
<pin id="754" dir="0" index="0" bw="49" slack="0"/>
<pin id="755" dir="1" index="1" bw="93" slack="0"/>
</pin_list>
<bind>
<opcode="zext(34) " fcode="zext"/>
<opset="zext_ln142/6 "/>
</bind>
</comp>

<comp id="758" class="1004" name="zext_ln142_1_fu_758">
<pin_list>
<pin id="759" dir="0" index="0" bw="44" slack="1"/>
<pin id="760" dir="1" index="1" bw="93" slack="0"/>
</pin_list>
<bind>
<opcode="zext(34) " fcode="zext"/>
<opset="zext_ln142_1/6 "/>
</bind>
</comp>

<comp id="762" class="1004" name="and_ln1_fu_762">
<pin_list>
<pin id="763" dir="0" index="0" bw="51" slack="0"/>
<pin id="764" dir="0" index="1" bw="8" slack="2"/>
<pin id="765" dir="0" index="2" bw="1" slack="0"/>
<pin id="766" dir="0" index="3" bw="40" slack="0"/>
<pin id="767" dir="0" index="4" bw="1" slack="0"/>
<pin id="768" dir="1" index="5" bw="51" slack="0"/>
</pin_list>
<bind>
<opcode="bitconcatenate(1004) " fcode="bitconcatenate"/>
<opset="and_ln1/6 "/>
</bind>
</comp>

<comp id="773" class="1004" name="zext_ln145_fu_773">
<pin_list>
<pin id="774" dir="0" index="0" bw="51" slack="0"/>
<pin id="775" dir="1" index="1" bw="52" slack="0"/>
</pin_list>
<bind>
<opcode="zext(34) " fcode="zext"/>
<opset="zext_ln145/6 "/>
</bind>
</comp>

<comp id="777" class="1004" name="tmp_57_fu_777">
<pin_list>
<pin id="778" dir="0" index="0" bw="36" slack="0"/>
<pin id="779" dir="0" index="1" bw="93" slack="0"/>
<pin id="780" dir="0" index="2" bw="7" slack="0"/>
<pin id="781" dir="0" index="3" bw="8" slack="0"/>
<pin id="782" dir="1" index="4" bw="36" slack="0"/>
</pin_list>
<bind>
<opcode="partselect(1002) " fcode="partselect"/>
<opset="tmp_57/6 "/>
</bind>
</comp>

<comp id="787" class="1004" name="zext_ln145_2_fu_787">
<pin_list>
<pin id="788" dir="0" index="0" bw="36" slack="0"/>
<pin id="789" dir="1" index="1" bw="44" slack="0"/>
</pin_list>
<bind>
<opcode="zext(34) " fcode="zext"/>
<opset="zext_ln145_2/6 "/>
</bind>
</comp>

<comp id="791" class="1004" name="add_ln145_fu_791">
<pin_list>
<pin id="792" dir="0" index="0" bw="44" slack="1"/>
<pin id="793" dir="0" index="1" bw="36" slack="0"/>
<pin id="794" dir="1" index="2" bw="44" slack="0"/>
</pin_list>
<bind>
<opcode="add(8) " fcode="add"/>
<opset="add_ln145/6 "/>
</bind>
</comp>

<comp id="796" class="1004" name="zext_ln145_1_fu_796">
<pin_list>
<pin id="797" dir="0" index="0" bw="44" slack="0"/>
<pin id="798" dir="1" index="1" bw="52" slack="0"/>
</pin_list>
<bind>
<opcode="zext(34) " fcode="zext"/>
<opset="zext_ln145_1/6 "/>
</bind>
</comp>

<comp id="800" class="1004" name="exp_Z1P_m_1_l_fu_800">
<pin_list>
<pin id="801" dir="0" index="0" bw="44" slack="0"/>
<pin id="802" dir="0" index="1" bw="51" slack="0"/>
<pin id="803" dir="1" index="2" bw="52" slack="0"/>
</pin_list>
<bind>
<opcode="add(8) " fcode="add"/>
<opset="exp_Z1P_m_1_l/6 "/>
</bind>
</comp>

<comp id="806" class="1004" name="exp_Z1P_m_1_fu_806">
<pin_list>
<pin id="807" dir="0" index="0" bw="50" slack="0"/>
<pin id="808" dir="0" index="1" bw="52" slack="0"/>
<pin id="809" dir="0" index="2" bw="3" slack="0"/>
<pin id="810" dir="0" index="3" bw="7" slack="0"/>
<pin id="811" dir="1" index="4" bw="50" slack="1"/>
</pin_list>
<bind>
<opcode="partselect(1002) " fcode="partselect"/>
<opset="exp_Z1P_m_1/6 "/>
</bind>
</comp>

<comp id="816" class="1004" name="xor_ln182_fu_816">
<pin_list>
<pin id="817" dir="0" index="0" bw="1" slack="6"/>
<pin id="818" dir="0" index="1" bw="1" slack="0"/>
<pin id="819" dir="1" index="2" bw="1" slack="0"/>
</pin_list>
<bind>
<opcode="xor(25) " fcode="xor"/>
<opset="xor_ln182/7 "/>
</bind>
</comp>

<comp id="821" class="1004" name="and_ln182_1_fu_821">
<pin_list>
<pin id="822" dir="0" index="0" bw="1" slack="6"/>
<pin id="823" dir="0" index="1" bw="1" slack="0"/>
<pin id="824" dir="1" index="2" bw="1" slack="0"/>
</pin_list>
<bind>
<opcode="and(23) " fcode="and"/>
<opset="and_ln182_1/7 "/>
</bind>
</comp>

<comp id="826" class="1004" name="and_ln182_fu_826">
<pin_list>
<pin id="827" dir="0" index="0" bw="1" slack="0"/>
<pin id="828" dir="0" index="1" bw="1" slack="6"/>
<pin id="829" dir="1" index="2" bw="1" slack="0"/>
</pin_list>
<bind>
<opcode="and(23) " fcode="and"/>
<opset="and_ln182/7 "/>
</bind>
</comp>

<comp id="831" class="1004" name="xor_ln18_fu_831">
<pin_list>
<pin id="832" dir="0" index="0" bw="1" slack="6"/>
<pin id="833" dir="0" index="1" bw="1" slack="0"/>
<pin id="834" dir="1" index="2" bw="1" slack="0"/>
</pin_list>
<bind>
<opcode="xor(25) " fcode="xor"/>
<opset="xor_ln18/7 "/>
</bind>
</comp>

<comp id="836" class="1004" name="and_ln18_fu_836">
<pin_list>
<pin id="837" dir="0" index="0" bw="1" slack="6"/>
<pin id="838" dir="0" index="1" bw="1" slack="0"/>
<pin id="839" dir="1" index="2" bw="1" slack="0"/>
</pin_list>
<bind>
<opcode="and(23) " fcode="and"/>
<opset="and_ln18/7 "/>
</bind>
</comp>

<comp id="841" class="1004" name="select_ln18_fu_841">
<pin_list>
<pin id="842" dir="0" index="0" bw="1" slack="0"/>
<pin id="843" dir="0" index="1" bw="64" slack="0"/>
<pin id="844" dir="0" index="2" bw="64" slack="0"/>
<pin id="845" dir="1" index="3" bw="64" slack="0"/>
</pin_list>
<bind>
<opcode="select(49) " fcode="select"/>
<opset="select_ln18/7 "/>
</bind>
</comp>

<comp id="849" class="1004" name="or_ln185_fu_849">
<pin_list>
<pin id="850" dir="0" index="0" bw="1" slack="0"/>
<pin id="851" dir="0" index="1" bw="1" slack="0"/>
<pin id="852" dir="1" index="2" bw="1" slack="0"/>
</pin_list>
<bind>
<opcode="or(24) " fcode="or"/>
<opset="or_ln185/7 "/>
</bind>
</comp>

<comp id="855" class="1004" name="select_ln185_fu_855">
<pin_list>
<pin id="856" dir="0" index="0" bw="1" slack="0"/>
<pin id="857" dir="0" index="1" bw="64" slack="0"/>
<pin id="858" dir="0" index="2" bw="64" slack="0"/>
<pin id="859" dir="1" index="3" bw="64" slack="0"/>
</pin_list>
<bind>
<opcode="select(49) " fcode="select"/>
<opset="select_ln185/7 "/>
</bind>
</comp>

<comp id="863" class="1004" name="exp_Z1_hi_fu_863">
<pin_list>
<pin id="864" dir="0" index="0" bw="50" slack="0"/>
<pin id="865" dir="0" index="1" bw="58" slack="0"/>
<pin id="866" dir="0" index="2" bw="5" slack="0"/>
<pin id="867" dir="0" index="3" bw="7" slack="0"/>
<pin id="868" dir="1" index="4" bw="50" slack="0"/>
</pin_list>
<bind>
<opcode="partselect(1002) " fcode="partselect"/>
<opset="exp_Z1_hi/7 "/>
</bind>
</comp>

<comp id="873" class="1004" name="add_ln297_fu_873">
<pin_list>
<pin id="874" dir="0" index="0" bw="58" slack="0"/>
<pin id="875" dir="0" index="1" bw="6" slack="0"/>
<pin id="876" dir="1" index="2" bw="58" slack="0"/>
</pin_list>
<bind>
<opcode="add(8) " fcode="add"/>
<opset="add_ln297/7 "/>
</bind>
</comp>

<comp id="879" class="1004" name="zext_ln297_fu_879">
<pin_list>
<pin id="880" dir="0" index="0" bw="50" slack="0"/>
<pin id="881" dir="1" index="1" bw="100" slack="0"/>
</pin_list>
<bind>
<opcode="zext(34) " fcode="zext"/>
<opset="zext_ln297/7 "/>
</bind>
</comp>

<comp id="884" class="1004" name="zext_ln297_1_fu_884">
<pin_list>
<pin id="885" dir="0" index="0" bw="50" slack="1"/>
<pin id="886" dir="1" index="1" bw="100" slack="0"/>
</pin_list>
<bind>
<opcode="zext(34) " fcode="zext"/>
<opset="zext_ln297_1/7 "/>
</bind>
</comp>

<comp id="888" class="1004" name="shl_ln6_fu_888">
<pin_list>
<pin id="889" dir="0" index="0" bw="107" slack="0"/>
<pin id="890" dir="0" index="1" bw="58" slack="0"/>
<pin id="891" dir="0" index="2" bw="1" slack="0"/>
<pin id="892" dir="1" index="3" bw="107" slack="0"/>
</pin_list>
<bind>
<opcode="bitconcatenate(1004) " fcode="bitconcatenate"/>
<opset="shl_ln6/7 "/>
</bind>
</comp>

<comp id="896" class="1004" name="zext_ln297_2_fu_896">
<pin_list>
<pin id="897" dir="0" index="0" bw="100" slack="0"/>
<pin id="898" dir="1" index="1" bw="107" slack="0"/>
</pin_list>
<bind>
<opcode="zext(34) " fcode="zext"/>
<opset="zext_ln297_2/7 "/>
</bind>
</comp>

<comp id="900" class="1004" name="add_ln297_1_fu_900">
<pin_list>
<pin id="901" dir="0" index="0" bw="107" slack="0"/>
<pin id="902" dir="0" index="1" bw="100" slack="0"/>
<pin id="903" dir="1" index="2" bw="107" slack="0"/>
</pin_list>
<bind>
<opcode="add(8) " fcode="add"/>
<opset="add_ln297_1/7 "/>
</bind>
</comp>

<comp id="906" class="1004" name="tmp_160_fu_906">
<pin_list>
<pin id="907" dir="0" index="0" bw="1" slack="0"/>
<pin id="908" dir="0" index="1" bw="107" slack="0"/>
<pin id="909" dir="0" index="2" bw="8" slack="0"/>
<pin id="910" dir="1" index="3" bw="1" slack="0"/>
</pin_list>
<bind>
<opcode="bitselect(1000) " fcode="bitselect"/>
<opset="tmp_160/7 "/>
</bind>
</comp>

<comp id="914" class="1004" name="r_exp_1_fu_914">
<pin_list>
<pin id="915" dir="0" index="0" bw="13" slack="3"/>
<pin id="916" dir="0" index="1" bw="1" slack="0"/>
<pin id="917" dir="1" index="2" bw="13" slack="0"/>
</pin_list>
<bind>
<opcode="add(8) " fcode="add"/>
<opset="r_exp_1/7 "/>
</bind>
</comp>

<comp id="919" class="1004" name="r_exp_2_fu_919">
<pin_list>
<pin id="920" dir="0" index="0" bw="1" slack="0"/>
<pin id="921" dir="0" index="1" bw="13" slack="3"/>
<pin id="922" dir="0" index="2" bw="13" slack="0"/>
<pin id="923" dir="1" index="3" bw="13" slack="0"/>
</pin_list>
<bind>
<opcode="select(49) " fcode="select"/>
<opset="r_exp_2/7 "/>
</bind>
</comp>

<comp id="926" class="1004" name="tmp_161_fu_926">
<pin_list>
<pin id="927" dir="0" index="0" bw="3" slack="0"/>
<pin id="928" dir="0" index="1" bw="13" slack="0"/>
<pin id="929" dir="0" index="2" bw="5" slack="0"/>
<pin id="930" dir="0" index="3" bw="5" slack="0"/>
<pin id="931" dir="1" index="4" bw="3" slack="0"/>
</pin_list>
<bind>
<opcode="partselect(1002) " fcode="partselect"/>
<opset="tmp_161/7 "/>
</bind>
</comp>

<comp id="936" class="1004" name="icmp_ln309_1_fu_936">
<pin_list>
<pin id="937" dir="0" index="0" bw="3" slack="0"/>
<pin id="938" dir="0" index="1" bw="3" slack="0"/>
<pin id="939" dir="1" index="2" bw="1" slack="0"/>
</pin_list>
<bind>
<opcode="icmp(45) " fcode="icmp"/>
<opset="icmp_ln309_1/7 "/>
</bind>
</comp>

<comp id="942" class="1004" name="or_ln309_fu_942">
<pin_list>
<pin id="943" dir="0" index="0" bw="1" slack="6"/>
<pin id="944" dir="0" index="1" bw="1" slack="0"/>
<pin id="945" dir="1" index="2" bw="1" slack="0"/>
</pin_list>
<bind>
<opcode="or(24) " fcode="or"/>
<opset="or_ln309/7 "/>
</bind>
</comp>

<comp id="947" class="1004" name="select_ln310_fu_947">
<pin_list>
<pin id="948" dir="0" index="0" bw="1" slack="6"/>
<pin id="949" dir="0" index="1" bw="64" slack="0"/>
<pin id="950" dir="0" index="2" bw="64" slack="0"/>
<pin id="951" dir="1" index="3" bw="64" slack="0"/>
</pin_list>
<bind>
<opcode="select(49) " fcode="select"/>
<opset="select_ln310/7 "/>
</bind>
</comp>

<comp id="954" class="1004" name="icmp_ln326_fu_954">
<pin_list>
<pin id="955" dir="0" index="0" bw="13" slack="0"/>
<pin id="956" dir="0" index="1" bw="13" slack="0"/>
<pin id="957" dir="1" index="2" bw="1" slack="0"/>
</pin_list>
<bind>
<opcode="icmp(45) " fcode="icmp"/>
<opset="icmp_ln326/7 "/>
</bind>
</comp>

<comp id="960" class="1004" name="trunc_ln336_fu_960">
<pin_list>
<pin id="961" dir="0" index="0" bw="13" slack="0"/>
<pin id="962" dir="1" index="1" bw="11" slack="0"/>
</pin_list>
<bind>
<opcode="trunc(33) " fcode="trunc"/>
<opset="trunc_ln336/7 "/>
</bind>
</comp>

<comp id="964" class="1004" name="out_exp_fu_964">
<pin_list>
<pin id="965" dir="0" index="0" bw="11" slack="0"/>
<pin id="966" dir="0" index="1" bw="11" slack="0"/>
<pin id="967" dir="1" index="2" bw="11" slack="0"/>
</pin_list>
<bind>
<opcode="add(8) " fcode="add"/>
<opset="out_exp/7 "/>
</bind>
</comp>

<comp id="970" class="1004" name="tmp_31_fu_970">
<pin_list>
<pin id="971" dir="0" index="0" bw="52" slack="0"/>
<pin id="972" dir="0" index="1" bw="107" slack="0"/>
<pin id="973" dir="0" index="2" bw="7" slack="0"/>
<pin id="974" dir="0" index="3" bw="8" slack="0"/>
<pin id="975" dir="1" index="4" bw="52" slack="0"/>
</pin_list>
<bind>
<opcode="partselect(1002) " fcode="partselect"/>
<opset="tmp_31/7 "/>
</bind>
</comp>

<comp id="980" class="1004" name="tmp_32_fu_980">
<pin_list>
<pin id="981" dir="0" index="0" bw="52" slack="0"/>
<pin id="982" dir="0" index="1" bw="107" slack="0"/>
<pin id="983" dir="0" index="2" bw="7" slack="0"/>
<pin id="984" dir="0" index="3" bw="8" slack="0"/>
<pin id="985" dir="1" index="4" bw="52" slack="0"/>
</pin_list>
<bind>
<opcode="partselect(1002) " fcode="partselect"/>
<opset="tmp_32/7 "/>
</bind>
</comp>

<comp id="990" class="1004" name="select_ln303_fu_990">
<pin_list>
<pin id="991" dir="0" index="0" bw="1" slack="0"/>
<pin id="992" dir="0" index="1" bw="52" slack="0"/>
<pin id="993" dir="0" index="2" bw="52" slack="0"/>
<pin id="994" dir="1" index="3" bw="52" slack="0"/>
</pin_list>
<bind>
<opcode="select(49) " fcode="select"/>
<opset="select_ln303/7 "/>
</bind>
</comp>

<comp id="998" class="1004" name="t_fu_998">
<pin_list>
<pin id="999" dir="0" index="0" bw="64" slack="0"/>
<pin id="1000" dir="0" index="1" bw="1" slack="0"/>
<pin id="1001" dir="0" index="2" bw="11" slack="0"/>
<pin id="1002" dir="0" index="3" bw="52" slack="0"/>
<pin id="1003" dir="1" index="4" bw="64" slack="0"/>
</pin_list>
<bind>
<opcode="bitconcatenate(1004) " fcode="bitconcatenate"/>
<opset="t/7 "/>
</bind>
</comp>

<comp id="1008" class="1004" name="bitcast_ln497_fu_1008">
<pin_list>
<pin id="1009" dir="0" index="0" bw="64" slack="0"/>
<pin id="1010" dir="1" index="1" bw="64" slack="0"/>
</pin_list>
<bind>
<opcode="bitcast(44) " fcode="bitcast"/>
<opset="bitcast_ln497/7 "/>
</bind>
</comp>

<comp id="1012" class="1004" name="and_ln309_fu_1012">
<pin_list>
<pin id="1013" dir="0" index="0" bw="1" slack="6"/>
<pin id="1014" dir="0" index="1" bw="1" slack="0"/>
<pin id="1015" dir="1" index="2" bw="1" slack="0"/>
</pin_list>
<bind>
<opcode="and(23) " fcode="and"/>
<opset="and_ln309/7 "/>
</bind>
</comp>

<comp id="1017" class="1004" name="xor_ln309_fu_1017">
<pin_list>
<pin id="1018" dir="0" index="0" bw="1" slack="6"/>
<pin id="1019" dir="0" index="1" bw="1" slack="0"/>
<pin id="1020" dir="1" index="2" bw="1" slack="0"/>
</pin_list>
<bind>
<opcode="xor(25) " fcode="xor"/>
<opset="xor_ln309/7 "/>
</bind>
</comp>

<comp id="1022" class="1004" name="and_ln309_1_fu_1022">
<pin_list>
<pin id="1023" dir="0" index="0" bw="1" slack="0"/>
<pin id="1024" dir="0" index="1" bw="1" slack="0"/>
<pin id="1025" dir="1" index="2" bw="1" slack="0"/>
</pin_list>
<bind>
<opcode="and(23) " fcode="and"/>
<opset="and_ln309_1/7 "/>
</bind>
</comp>

<comp id="1028" class="1004" name="or_ln309_1_fu_1028">
<pin_list>
<pin id="1029" dir="0" index="0" bw="1" slack="0"/>
<pin id="1030" dir="0" index="1" bw="1" slack="0"/>
<pin id="1031" dir="1" index="2" bw="1" slack="0"/>
</pin_list>
<bind>
<opcode="or(24) " fcode="or"/>
<opset="or_ln309_1/7 "/>
</bind>
</comp>

<comp id="1034" class="1004" name="xor_ln18_1_fu_1034">
<pin_list>
<pin id="1035" dir="0" index="0" bw="1" slack="6"/>
<pin id="1036" dir="0" index="1" bw="1" slack="0"/>
<pin id="1037" dir="1" index="2" bw="1" slack="0"/>
</pin_list>
<bind>
<opcode="xor(25) " fcode="xor"/>
<opset="xor_ln18_1/7 "/>
</bind>
</comp>

<comp id="1039" class="1004" name="and_ln309_2_fu_1039">
<pin_list>
<pin id="1040" dir="0" index="0" bw="1" slack="0"/>
<pin id="1041" dir="0" index="1" bw="1" slack="0"/>
<pin id="1042" dir="1" index="2" bw="1" slack="0"/>
</pin_list>
<bind>
<opcode="and(23) " fcode="and"/>
<opset="and_ln309_2/7 "/>
</bind>
</comp>

<comp id="1045" class="1004" name="xor_ln309_1_fu_1045">
<pin_list>
<pin id="1046" dir="0" index="0" bw="1" slack="0"/>
<pin id="1047" dir="0" index="1" bw="1" slack="0"/>
<pin id="1048" dir="1" index="2" bw="1" slack="0"/>
</pin_list>
<bind>
<opcode="xor(25) " fcode="xor"/>
<opset="xor_ln309_1/7 "/>
</bind>
</comp>

<comp id="1051" class="1004" name="and_ln309_3_fu_1051">
<pin_list>
<pin id="1052" dir="0" index="0" bw="1" slack="6"/>
<pin id="1053" dir="0" index="1" bw="1" slack="0"/>
<pin id="1054" dir="1" index="2" bw="1" slack="0"/>
</pin_list>
<bind>
<opcode="and(23) " fcode="and"/>
<opset="and_ln309_3/7 "/>
</bind>
</comp>

<comp id="1056" class="1004" name="or_ln309_2_fu_1056">
<pin_list>
<pin id="1057" dir="0" index="0" bw="1" slack="6"/>
<pin id="1058" dir="0" index="1" bw="1" slack="0"/>
<pin id="1059" dir="1" index="2" bw="1" slack="0"/>
</pin_list>
<bind>
<opcode="or(24) " fcode="or"/>
<opset="or_ln309_2/7 "/>
</bind>
</comp>

<comp id="1061" class="1004" name="xor_ln309_2_fu_1061">
<pin_list>
<pin id="1062" dir="0" index="0" bw="1" slack="0"/>
<pin id="1063" dir="0" index="1" bw="1" slack="0"/>
<pin id="1064" dir="1" index="2" bw="1" slack="0"/>
</pin_list>
<bind>
<opcode="xor(25) " fcode="xor"/>
<opset="xor_ln309_2/7 "/>
</bind>
</comp>

<comp id="1067" class="1004" name="or_ln309_3_fu_1067">
<pin_list>
<pin id="1068" dir="0" index="0" bw="1" slack="0"/>
<pin id="1069" dir="0" index="1" bw="1" slack="0"/>
<pin id="1070" dir="1" index="2" bw="1" slack="0"/>
</pin_list>
<bind>
<opcode="or(24) " fcode="or"/>
<opset="or_ln309_3/7 "/>
</bind>
</comp>

<comp id="1073" class="1004" name="and_ln309_4_fu_1073">
<pin_list>
<pin id="1074" dir="0" index="0" bw="1" slack="0"/>
<pin id="1075" dir="0" index="1" bw="1" slack="0"/>
<pin id="1076" dir="1" index="2" bw="1" slack="0"/>
</pin_list>
<bind>
<opcode="and(23) " fcode="and"/>
<opset="and_ln309_4/7 "/>
</bind>
</comp>

<comp id="1079" class="1004" name="and_ln309_5_fu_1079">
<pin_list>
<pin id="1080" dir="0" index="0" bw="1" slack="0"/>
<pin id="1081" dir="0" index="1" bw="1" slack="0"/>
<pin id="1082" dir="1" index="2" bw="1" slack="0"/>
</pin_list>
<bind>
<opcode="and(23) " fcode="and"/>
<opset="and_ln309_5/7 "/>
</bind>
</comp>

<comp id="1085" class="1004" name="sel_tmp_fu_1085">
<pin_list>
<pin id="1086" dir="0" index="0" bw="3" slack="0"/>
<pin id="1087" dir="0" index="1" bw="1" slack="6"/>
<pin id="1088" dir="0" index="2" bw="1" slack="0"/>
<pin id="1089" dir="0" index="3" bw="1" slack="0"/>
<pin id="1090" dir="1" index="4" bw="3" slack="0"/>
</pin_list>
<bind>
<opcode="bitconcatenate(1004) " fcode="bitconcatenate"/>
<opset="sel_tmp/7 "/>
</bind>
</comp>

<comp id="1094" class="1004" name="retval_1_fu_1094">
<pin_list>
<pin id="1095" dir="0" index="0" bw="64" slack="0"/>
<pin id="1096" dir="0" index="1" bw="3" slack="0"/>
<pin id="1097" dir="0" index="2" bw="64" slack="0"/>
<pin id="1098" dir="0" index="3" bw="3" slack="0"/>
<pin id="1099" dir="0" index="4" bw="64" slack="0"/>
<pin id="1100" dir="0" index="5" bw="3" slack="0"/>
<pin id="1101" dir="0" index="6" bw="64" slack="0"/>
<pin id="1102" dir="0" index="7" bw="3" slack="0"/>
<pin id="1103" dir="0" index="8" bw="64" slack="0"/>
<pin id="1104" dir="0" index="9" bw="64" slack="0"/>
<pin id="1105" dir="0" index="10" bw="3" slack="0"/>
<pin id="1106" dir="1" index="11" bw="64" slack="2147483647"/>
</pin_list>
<bind>
<opcode="sparsemux(1197) " fcode="sparsemux"/>
<opset="retval_1/7 "/>
</bind>
</comp>

<comp id="1118" class="1007" name="grp_fu_1118">
<pin_list>
<pin id="1119" dir="0" index="0" bw="16" slack="0"/>
<pin id="1120" dir="0" index="1" bw="15" slack="0"/>
<pin id="1121" dir="0" index="2" bw="19" slack="0"/>
<pin id="1122" dir="1" index="3" bw="31" slack="0"/>
</pin_list>
<bind>
<opcode="muladd(1172) " fcode="muladd"/>
<opset="mul_ln243/1 add_ln243/3 "/>
</bind>
</comp>

<comp id="1129" class="1005" name="es_sign_reg_1129">
<pin_list>
<pin id="1130" dir="0" index="0" bw="1" slack="6"/>
<pin id="1131" dir="1" index="1" bw="1" slack="6"/>
</pin_list>
<bind>
<opset="es_sign "/>
</bind>
</comp>

<comp id="1134" class="1005" name="icmp_ln18_reg_1134">
<pin_list>
<pin id="1135" dir="0" index="0" bw="1" slack="6"/>
<pin id="1136" dir="1" index="1" bw="1" slack="6"/>
</pin_list>
<bind>
<opset="icmp_ln18 "/>
</bind>
</comp>

<comp id="1142" class="1005" name="icmp_ln18_1_reg_1142">
<pin_list>
<pin id="1143" dir="0" index="0" bw="1" slack="6"/>
<pin id="1144" dir="1" index="1" bw="1" slack="6"/>
</pin_list>
<bind>
<opset="icmp_ln18_1 "/>
</bind>
</comp>

<comp id="1148" class="1005" name="tmp_158_reg_1148">
<pin_list>
<pin id="1149" dir="0" index="0" bw="1" slack="2"/>
<pin id="1150" dir="1" index="1" bw="1" slack="2"/>
</pin_list>
<bind>
<opset="tmp_158 "/>
</bind>
</comp>

<comp id="1153" class="1005" name="sext_ln243_reg_1153">
<pin_list>
<pin id="1154" dir="0" index="0" bw="31" slack="1"/>
<pin id="1155" dir="1" index="1" bw="31" slack="1"/>
</pin_list>
<bind>
<opset="sext_ln243 "/>
</bind>
</comp>

<comp id="1158" class="1005" name="trunc_ln255_reg_1158">
<pin_list>
<pin id="1159" dir="0" index="0" bw="59" slack="3"/>
<pin id="1160" dir="1" index="1" bw="59" slack="3"/>
</pin_list>
<bind>
<opset="trunc_ln255 "/>
</bind>
</comp>

<comp id="1163" class="1005" name="icmp_ln309_reg_1163">
<pin_list>
<pin id="1164" dir="0" index="0" bw="1" slack="6"/>
<pin id="1165" dir="1" index="1" bw="1" slack="6"/>
</pin_list>
<bind>
<opset="icmp_ln309 "/>
</bind>
</comp>

<comp id="1171" class="1005" name="icmp_ln309_2_reg_1171">
<pin_list>
<pin id="1172" dir="0" index="0" bw="1" slack="6"/>
<pin id="1173" dir="1" index="1" bw="1" slack="6"/>
</pin_list>
<bind>
<opset="icmp_ln309_2 "/>
</bind>
</comp>

<comp id="1176" class="1005" name="tmp_162_reg_1176">
<pin_list>
<pin id="1177" dir="0" index="0" bw="1" slack="6"/>
<pin id="1178" dir="1" index="1" bw="1" slack="6"/>
</pin_list>
<bind>
<opset="tmp_162 "/>
</bind>
</comp>

<comp id="1181" class="1005" name="sext_ln243_1_reg_1181">
<pin_list>
<pin id="1182" dir="0" index="0" bw="31" slack="1"/>
<pin id="1183" dir="1" index="1" bw="31" slack="1"/>
</pin_list>
<bind>
<opset="sext_ln243_1 "/>
</bind>
</comp>

<comp id="1186" class="1005" name="r_exp_reg_1186">
<pin_list>
<pin id="1187" dir="0" index="0" bw="13" slack="3"/>
<pin id="1188" dir="1" index="1" bw="13" slack="3"/>
</pin_list>
<bind>
<opset="r_exp "/>
</bind>
</comp>

<comp id="1192" class="1005" name="m_diff_hi_reg_1192">
<pin_list>
<pin id="1193" dir="0" index="0" bw="8" slack="2"/>
<pin id="1194" dir="1" index="1" bw="8" slack="2"/>
</pin_list>
<bind>
<opset="m_diff_hi "/>
</bind>
</comp>

<comp id="1197" class="1005" name="Z2_reg_1197">
<pin_list>
<pin id="1198" dir="0" index="0" bw="8" slack="1"/>
<pin id="1199" dir="1" index="1" bw="8" slack="1"/>
</pin_list>
<bind>
<opset="Z2 "/>
</bind>
</comp>

<comp id="1204" class="1005" name="Z3_reg_1204">
<pin_list>
<pin id="1205" dir="0" index="0" bw="8" slack="1"/>
<pin id="1206" dir="1" index="1" bw="8" slack="1"/>
</pin_list>
<bind>
<opset="Z3 "/>
</bind>
</comp>

<comp id="1209" class="1005" name="Z4_reg_1209">
<pin_list>
<pin id="1210" dir="0" index="0" bw="35" slack="1"/>
<pin id="1211" dir="1" index="1" bw="35" slack="1"/>
</pin_list>
<bind>
<opset="Z4 "/>
</bind>
</comp>

<comp id="1214" class="1005" name="table_f_Z3_ap_ufixed_59_0_ap_q_mode_5_ap_o_mode_3_0_array_addr_reg_1214">
<pin_list>
<pin id="1215" dir="0" index="0" bw="8" slack="1"/>
<pin id="1216" dir="1" index="1" bw="8" slack="1"/>
</pin_list>
<bind>
<opset="table_f_Z3_ap_ufixed_59_0_ap_q_mode_5_ap_o_mode_3_0_array_addr "/>
</bind>
</comp>

<comp id="1219" class="1005" name="table_f_Z3_ap_ufixed_59_0_ap_q_mode_5_ap_o_mode_3_0_array_addr_1_reg_1219">
<pin_list>
<pin id="1220" dir="0" index="0" bw="8" slack="1"/>
<pin id="1221" dir="1" index="1" bw="8" slack="1"/>
</pin_list>
<bind>
<opset="table_f_Z3_ap_ufixed_59_0_ap_q_mode_5_ap_o_mode_3_0_array_addr_1 "/>
</bind>
</comp>

<comp id="1224" class="1005" name="exp_Z2P_m_1_reg_1224">
<pin_list>
<pin id="1225" dir="0" index="0" bw="44" slack="1"/>
<pin id="1226" dir="1" index="1" bw="44" slack="1"/>
</pin_list>
<bind>
<opset="exp_Z2P_m_1 "/>
</bind>
</comp>

<comp id="1230" class="1005" name="table_f_Z2_ap_ufixed_59_0_ap_q_mode_5_ap_o_mode_3_0_array_addr_reg_1230">
<pin_list>
<pin id="1231" dir="0" index="0" bw="8" slack="1"/>
<pin id="1232" dir="1" index="1" bw="8" slack="1"/>
</pin_list>
<bind>
<opset="table_f_Z2_ap_ufixed_59_0_ap_q_mode_5_ap_o_mode_3_0_array_addr "/>
</bind>
</comp>

<comp id="1235" class="1005" name="table_exp_Z1_ap_ufixed_58_1_ap_q_mode_5_ap_o_mode_3_0_array_addr_reg_1235">
<pin_list>
<pin id="1236" dir="0" index="0" bw="8" slack="1"/>
<pin id="1237" dir="1" index="1" bw="8" slack="1"/>
</pin_list>
<bind>
<opset="table_exp_Z1_ap_ufixed_58_1_ap_q_mode_5_ap_o_mode_3_0_array_addr "/>
</bind>
</comp>

<comp id="1240" class="1005" name="exp_Z1P_m_1_reg_1240">
<pin_list>
<pin id="1241" dir="0" index="0" bw="50" slack="1"/>
<pin id="1242" dir="1" index="1" bw="50" slack="1"/>
</pin_list>
<bind>
<opset="exp_Z1P_m_1 "/>
</bind>
</comp>

</comp_list>

<net_list>
<net id="212"><net_src comp="8" pin="0"/><net_sink comp="208" pin=0"/></net>

<net id="213"><net_src comp="0" pin="0"/><net_sink comp="208" pin=1"/></net>

<net id="219"><net_src comp="4" pin="0"/><net_sink comp="214" pin=0"/></net>

<net id="220"><net_src comp="108" pin="0"/><net_sink comp="214" pin=1"/></net>

<net id="230"><net_src comp="214" pin="3"/><net_sink comp="221" pin=2"/></net>

<net id="236"><net_src comp="4" pin="0"/><net_sink comp="231" pin=0"/></net>

<net id="237"><net_src comp="108" pin="0"/><net_sink comp="231" pin=1"/></net>

<net id="238"><net_src comp="231" pin="3"/><net_sink comp="221" pin=0"/></net>

<net id="244"><net_src comp="6" pin="0"/><net_sink comp="239" pin=0"/></net>

<net id="245"><net_src comp="108" pin="0"/><net_sink comp="239" pin=1"/></net>

<net id="251"><net_src comp="239" pin="3"/><net_sink comp="246" pin=0"/></net>

<net id="257"><net_src comp="2" pin="0"/><net_sink comp="252" pin=0"/></net>

<net id="258"><net_src comp="108" pin="0"/><net_sink comp="252" pin=1"/></net>

<net id="264"><net_src comp="252" pin="3"/><net_sink comp="259" pin=0"/></net>

<net id="269"><net_src comp="80" pin="0"/><net_sink comp="265" pin=1"/></net>

<net id="285"><net_src comp="208" pin="2"/><net_sink comp="282" pin=0"/></net>

<net id="291"><net_src comp="10" pin="0"/><net_sink comp="286" pin=0"/></net>

<net id="292"><net_src comp="282" pin="1"/><net_sink comp="286" pin=1"/></net>

<net id="293"><net_src comp="12" pin="0"/><net_sink comp="286" pin=2"/></net>

<net id="300"><net_src comp="14" pin="0"/><net_sink comp="294" pin=0"/></net>

<net id="301"><net_src comp="282" pin="1"/><net_sink comp="294" pin=1"/></net>

<net id="302"><net_src comp="16" pin="0"/><net_sink comp="294" pin=2"/></net>

<net id="303"><net_src comp="18" pin="0"/><net_sink comp="294" pin=3"/></net>

<net id="307"><net_src comp="282" pin="1"/><net_sink comp="304" pin=0"/></net>

<net id="312"><net_src comp="294" pin="4"/><net_sink comp="308" pin=0"/></net>

<net id="313"><net_src comp="20" pin="0"/><net_sink comp="308" pin=1"/></net>

<net id="318"><net_src comp="304" pin="1"/><net_sink comp="314" pin=0"/></net>

<net id="319"><net_src comp="22" pin="0"/><net_sink comp="314" pin=1"/></net>

<net id="323"><net_src comp="294" pin="4"/><net_sink comp="320" pin=0"/></net>

<net id="328"><net_src comp="320" pin="1"/><net_sink comp="324" pin=0"/></net>

<net id="329"><net_src comp="24" pin="0"/><net_sink comp="324" pin=1"/></net>

<net id="335"><net_src comp="26" pin="0"/><net_sink comp="330" pin=0"/></net>

<net id="336"><net_src comp="28" pin="0"/><net_sink comp="330" pin=1"/></net>

<net id="337"><net_src comp="304" pin="1"/><net_sink comp="330" pin=2"/></net>

<net id="341"><net_src comp="330" pin="3"/><net_sink comp="338" pin=0"/></net>

<net id="346"><net_src comp="30" pin="0"/><net_sink comp="342" pin=0"/></net>

<net id="347"><net_src comp="338" pin="1"/><net_sink comp="342" pin=1"/></net>

<net id="353"><net_src comp="286" pin="3"/><net_sink comp="348" pin=0"/></net>

<net id="354"><net_src comp="342" pin="2"/><net_sink comp="348" pin=1"/></net>

<net id="355"><net_src comp="338" pin="1"/><net_sink comp="348" pin=2"/></net>

<net id="361"><net_src comp="32" pin="0"/><net_sink comp="356" pin=0"/></net>

<net id="362"><net_src comp="348" pin="3"/><net_sink comp="356" pin=1"/></net>

<net id="363"><net_src comp="34" pin="0"/><net_sink comp="356" pin=2"/></net>

<net id="367"><net_src comp="356" pin="3"/><net_sink comp="364" pin=0"/></net>

<net id="373"><net_src comp="36" pin="0"/><net_sink comp="368" pin=0"/></net>

<net id="374"><net_src comp="324" pin="2"/><net_sink comp="368" pin=1"/></net>

<net id="375"><net_src comp="38" pin="0"/><net_sink comp="368" pin=2"/></net>

<net id="380"><net_src comp="40" pin="0"/><net_sink comp="376" pin=0"/></net>

<net id="381"><net_src comp="294" pin="4"/><net_sink comp="376" pin=1"/></net>

<net id="385"><net_src comp="376" pin="2"/><net_sink comp="382" pin=0"/></net>

<net id="391"><net_src comp="368" pin="3"/><net_sink comp="386" pin=0"/></net>

<net id="392"><net_src comp="382" pin="1"/><net_sink comp="386" pin=1"/></net>

<net id="393"><net_src comp="324" pin="2"/><net_sink comp="386" pin=2"/></net>

<net id="397"><net_src comp="386" pin="3"/><net_sink comp="394" pin=0"/></net>

<net id="401"><net_src comp="394" pin="1"/><net_sink comp="398" pin=0"/></net>

<net id="406"><net_src comp="364" pin="1"/><net_sink comp="402" pin=0"/></net>

<net id="407"><net_src comp="398" pin="1"/><net_sink comp="402" pin=1"/></net>

<net id="412"><net_src comp="364" pin="1"/><net_sink comp="408" pin=0"/></net>

<net id="413"><net_src comp="398" pin="1"/><net_sink comp="408" pin=1"/></net>

<net id="419"><net_src comp="368" pin="3"/><net_sink comp="414" pin=0"/></net>

<net id="420"><net_src comp="402" pin="2"/><net_sink comp="414" pin=1"/></net>

<net id="421"><net_src comp="408" pin="2"/><net_sink comp="414" pin=2"/></net>

<net id="428"><net_src comp="42" pin="0"/><net_sink comp="422" pin=0"/></net>

<net id="429"><net_src comp="414" pin="3"/><net_sink comp="422" pin=1"/></net>

<net id="430"><net_src comp="44" pin="0"/><net_sink comp="422" pin=2"/></net>

<net id="431"><net_src comp="46" pin="0"/><net_sink comp="422" pin=3"/></net>

<net id="435"><net_src comp="394" pin="1"/><net_sink comp="432" pin=0"/></net>

<net id="440"><net_src comp="422" pin="4"/><net_sink comp="436" pin=0"/></net>

<net id="441"><net_src comp="432" pin="1"/><net_sink comp="436" pin=1"/></net>

<net id="446"><net_src comp="422" pin="4"/><net_sink comp="442" pin=0"/></net>

<net id="447"><net_src comp="432" pin="1"/><net_sink comp="442" pin=1"/></net>

<net id="454"><net_src comp="48" pin="0"/><net_sink comp="448" pin=0"/></net>

<net id="455"><net_src comp="414" pin="3"/><net_sink comp="448" pin=1"/></net>

<net id="456"><net_src comp="50" pin="0"/><net_sink comp="448" pin=2"/></net>

<net id="457"><net_src comp="46" pin="0"/><net_sink comp="448" pin=3"/></net>

<net id="463"><net_src comp="52" pin="0"/><net_sink comp="458" pin=0"/></net>

<net id="464"><net_src comp="414" pin="3"/><net_sink comp="458" pin=1"/></net>

<net id="465"><net_src comp="46" pin="0"/><net_sink comp="458" pin=2"/></net>

<net id="469"><net_src comp="448" pin="4"/><net_sink comp="466" pin=0"/></net>

<net id="473"><net_src comp="414" pin="3"/><net_sink comp="470" pin=0"/></net>

<net id="478"><net_src comp="324" pin="2"/><net_sink comp="474" pin=0"/></net>

<net id="479"><net_src comp="56" pin="0"/><net_sink comp="474" pin=1"/></net>

<net id="485"><net_src comp="368" pin="3"/><net_sink comp="480" pin=0"/></net>

<net id="486"><net_src comp="436" pin="2"/><net_sink comp="480" pin=1"/></net>

<net id="487"><net_src comp="442" pin="2"/><net_sink comp="480" pin=2"/></net>

<net id="493"><net_src comp="58" pin="0"/><net_sink comp="488" pin=0"/></net>

<net id="494"><net_src comp="480" pin="3"/><net_sink comp="488" pin=1"/></net>

<net id="495"><net_src comp="34" pin="0"/><net_sink comp="488" pin=2"/></net>

<net id="500"><net_src comp="488" pin="3"/><net_sink comp="496" pin=0"/></net>

<net id="501"><net_src comp="364" pin="1"/><net_sink comp="496" pin=1"/></net>

<net id="507"><net_src comp="60" pin="0"/><net_sink comp="502" pin=0"/></net>

<net id="508"><net_src comp="348" pin="3"/><net_sink comp="502" pin=1"/></net>

<net id="509"><net_src comp="62" pin="0"/><net_sink comp="502" pin=2"/></net>

<net id="515"><net_src comp="64" pin="0"/><net_sink comp="510" pin=0"/></net>

<net id="516"><net_src comp="66" pin="0"/><net_sink comp="510" pin=2"/></net>

<net id="520"><net_src comp="510" pin="3"/><net_sink comp="517" pin=0"/></net>

<net id="527"><net_src comp="68" pin="0"/><net_sink comp="521" pin=0"/></net>

<net id="528"><net_src comp="70" pin="0"/><net_sink comp="521" pin=2"/></net>

<net id="529"><net_src comp="72" pin="0"/><net_sink comp="521" pin=3"/></net>

<net id="535"><net_src comp="74" pin="0"/><net_sink comp="530" pin=0"/></net>

<net id="536"><net_src comp="72" pin="0"/><net_sink comp="530" pin=2"/></net>

<net id="544"><net_src comp="537" pin="1"/><net_sink comp="540" pin=0"/></net>

<net id="545"><net_src comp="76" pin="0"/><net_sink comp="540" pin=1"/></net>

<net id="550"><net_src comp="521" pin="4"/><net_sink comp="546" pin=0"/></net>

<net id="551"><net_src comp="78" pin="0"/><net_sink comp="546" pin=1"/></net>

<net id="557"><net_src comp="540" pin="2"/><net_sink comp="552" pin=0"/></net>

<net id="558"><net_src comp="546" pin="2"/><net_sink comp="552" pin=1"/></net>

<net id="559"><net_src comp="521" pin="4"/><net_sink comp="552" pin=2"/></net>

<net id="565"><net_src comp="530" pin="3"/><net_sink comp="560" pin=0"/></net>

<net id="566"><net_src comp="552" pin="3"/><net_sink comp="560" pin=1"/></net>

<net id="567"><net_src comp="521" pin="4"/><net_sink comp="560" pin=2"/></net>

<net id="571"><net_src comp="560" pin="3"/><net_sink comp="568" pin=0"/></net>

<net id="572"><net_src comp="568" pin="1"/><net_sink comp="265" pin=0"/></net>

<net id="579"><net_src comp="82" pin="0"/><net_sink comp="573" pin=0"/></net>

<net id="580"><net_src comp="265" pin="2"/><net_sink comp="573" pin=1"/></net>

<net id="581"><net_src comp="84" pin="0"/><net_sink comp="573" pin=2"/></net>

<net id="582"><net_src comp="46" pin="0"/><net_sink comp="573" pin=3"/></net>

<net id="588"><net_src comp="86" pin="0"/><net_sink comp="583" pin=0"/></net>

<net id="589"><net_src comp="573" pin="4"/><net_sink comp="583" pin=1"/></net>

<net id="590"><net_src comp="88" pin="0"/><net_sink comp="583" pin=2"/></net>

<net id="595"><net_src comp="583" pin="3"/><net_sink comp="591" pin=1"/></net>

<net id="602"><net_src comp="90" pin="0"/><net_sink comp="596" pin=0"/></net>

<net id="603"><net_src comp="591" pin="2"/><net_sink comp="596" pin=1"/></net>

<net id="604"><net_src comp="92" pin="0"/><net_sink comp="596" pin=2"/></net>

<net id="605"><net_src comp="94" pin="0"/><net_sink comp="596" pin=3"/></net>

<net id="612"><net_src comp="90" pin="0"/><net_sink comp="606" pin=0"/></net>

<net id="613"><net_src comp="591" pin="2"/><net_sink comp="606" pin=1"/></net>

<net id="614"><net_src comp="96" pin="0"/><net_sink comp="606" pin=2"/></net>

<net id="615"><net_src comp="98" pin="0"/><net_sink comp="606" pin=3"/></net>

<net id="622"><net_src comp="90" pin="0"/><net_sink comp="616" pin=0"/></net>

<net id="623"><net_src comp="591" pin="2"/><net_sink comp="616" pin=1"/></net>

<net id="624"><net_src comp="100" pin="0"/><net_sink comp="616" pin=2"/></net>

<net id="625"><net_src comp="102" pin="0"/><net_sink comp="616" pin=3"/></net>

<net id="629"><net_src comp="591" pin="2"/><net_sink comp="626" pin=0"/></net>

<net id="636"><net_src comp="90" pin="0"/><net_sink comp="630" pin=0"/></net>

<net id="637"><net_src comp="591" pin="2"/><net_sink comp="630" pin=1"/></net>

<net id="638"><net_src comp="104" pin="0"/><net_sink comp="630" pin=2"/></net>

<net id="639"><net_src comp="106" pin="0"/><net_sink comp="630" pin=3"/></net>

<net id="643"><net_src comp="630" pin="4"/><net_sink comp="640" pin=0"/></net>

<net id="644"><net_src comp="640" pin="1"/><net_sink comp="214" pin=2"/></net>

<net id="648"><net_src comp="616" pin="4"/><net_sink comp="645" pin=0"/></net>

<net id="649"><net_src comp="645" pin="1"/><net_sink comp="231" pin=2"/></net>

<net id="656"><net_src comp="110" pin="0"/><net_sink comp="650" pin=0"/></net>

<net id="657"><net_src comp="221" pin="7"/><net_sink comp="650" pin=1"/></net>

<net id="658"><net_src comp="112" pin="0"/><net_sink comp="650" pin=2"/></net>

<net id="659"><net_src comp="114" pin="0"/><net_sink comp="650" pin=3"/></net>

<net id="666"><net_src comp="650" pin="4"/><net_sink comp="663" pin=0"/></net>

<net id="671"><net_src comp="660" pin="1"/><net_sink comp="667" pin=0"/></net>

<net id="672"><net_src comp="663" pin="1"/><net_sink comp="667" pin=1"/></net>

<net id="679"><net_src comp="116" pin="0"/><net_sink comp="673" pin=0"/></net>

<net id="680"><net_src comp="118" pin="0"/><net_sink comp="673" pin=2"/></net>

<net id="681"><net_src comp="221" pin="3"/><net_sink comp="673" pin=3"/></net>

<net id="685"><net_src comp="673" pin="4"/><net_sink comp="682" pin=0"/></net>

<net id="689"><net_src comp="673" pin="4"/><net_sink comp="686" pin=0"/></net>

<net id="690"><net_src comp="686" pin="1"/><net_sink comp="270" pin=0"/></net>

<net id="694"><net_src comp="667" pin="2"/><net_sink comp="691" pin=0"/></net>

<net id="695"><net_src comp="691" pin="1"/><net_sink comp="270" pin=1"/></net>

<net id="702"><net_src comp="120" pin="0"/><net_sink comp="696" pin=0"/></net>

<net id="703"><net_src comp="270" pin="2"/><net_sink comp="696" pin=1"/></net>

<net id="704"><net_src comp="122" pin="0"/><net_sink comp="696" pin=2"/></net>

<net id="705"><net_src comp="124" pin="0"/><net_sink comp="696" pin=3"/></net>

<net id="709"><net_src comp="696" pin="4"/><net_sink comp="706" pin=0"/></net>

<net id="714"><net_src comp="667" pin="2"/><net_sink comp="710" pin=0"/></net>

<net id="715"><net_src comp="706" pin="1"/><net_sink comp="710" pin=1"/></net>

<net id="719"><net_src comp="710" pin="2"/><net_sink comp="716" pin=0"/></net>

<net id="724"><net_src comp="716" pin="1"/><net_sink comp="720" pin=0"/></net>

<net id="725"><net_src comp="682" pin="1"/><net_sink comp="720" pin=1"/></net>

<net id="729"><net_src comp="726" pin="1"/><net_sink comp="239" pin=2"/></net>

<net id="733"><net_src comp="730" pin="1"/><net_sink comp="252" pin=2"/></net>

<net id="740"><net_src comp="126" pin="0"/><net_sink comp="734" pin=0"/></net>

<net id="741"><net_src comp="246" pin="3"/><net_sink comp="734" pin=1"/></net>

<net id="742"><net_src comp="128" pin="0"/><net_sink comp="734" pin=2"/></net>

<net id="743"><net_src comp="130" pin="0"/><net_sink comp="734" pin=3"/></net>

<net id="750"><net_src comp="132" pin="0"/><net_sink comp="744" pin=0"/></net>

<net id="751"><net_src comp="88" pin="0"/><net_sink comp="744" pin=2"/></net>

<net id="752"><net_src comp="734" pin="4"/><net_sink comp="744" pin=3"/></net>

<net id="756"><net_src comp="744" pin="4"/><net_sink comp="753" pin=0"/></net>

<net id="757"><net_src comp="753" pin="1"/><net_sink comp="274" pin=0"/></net>

<net id="761"><net_src comp="758" pin="1"/><net_sink comp="274" pin=1"/></net>

<net id="769"><net_src comp="134" pin="0"/><net_sink comp="762" pin=0"/></net>

<net id="770"><net_src comp="88" pin="0"/><net_sink comp="762" pin=2"/></net>

<net id="771"><net_src comp="734" pin="4"/><net_sink comp="762" pin=3"/></net>

<net id="772"><net_src comp="136" pin="0"/><net_sink comp="762" pin=4"/></net>

<net id="776"><net_src comp="762" pin="5"/><net_sink comp="773" pin=0"/></net>

<net id="783"><net_src comp="138" pin="0"/><net_sink comp="777" pin=0"/></net>

<net id="784"><net_src comp="274" pin="2"/><net_sink comp="777" pin=1"/></net>

<net id="785"><net_src comp="140" pin="0"/><net_sink comp="777" pin=2"/></net>

<net id="786"><net_src comp="142" pin="0"/><net_sink comp="777" pin=3"/></net>

<net id="790"><net_src comp="777" pin="4"/><net_sink comp="787" pin=0"/></net>

<net id="795"><net_src comp="787" pin="1"/><net_sink comp="791" pin=1"/></net>

<net id="799"><net_src comp="791" pin="2"/><net_sink comp="796" pin=0"/></net>

<net id="804"><net_src comp="796" pin="1"/><net_sink comp="800" pin=0"/></net>

<net id="805"><net_src comp="773" pin="1"/><net_sink comp="800" pin=1"/></net>

<net id="812"><net_src comp="144" pin="0"/><net_sink comp="806" pin=0"/></net>

<net id="813"><net_src comp="800" pin="2"/><net_sink comp="806" pin=1"/></net>

<net id="814"><net_src comp="128" pin="0"/><net_sink comp="806" pin=2"/></net>

<net id="815"><net_src comp="92" pin="0"/><net_sink comp="806" pin=3"/></net>

<net id="820"><net_src comp="28" pin="0"/><net_sink comp="816" pin=1"/></net>

<net id="825"><net_src comp="816" pin="2"/><net_sink comp="821" pin=1"/></net>

<net id="830"><net_src comp="821" pin="2"/><net_sink comp="826" pin=0"/></net>

<net id="835"><net_src comp="28" pin="0"/><net_sink comp="831" pin=1"/></net>

<net id="840"><net_src comp="831" pin="2"/><net_sink comp="836" pin=1"/></net>

<net id="846"><net_src comp="836" pin="2"/><net_sink comp="841" pin=0"/></net>

<net id="847"><net_src comp="154" pin="0"/><net_sink comp="841" pin=1"/></net>

<net id="848"><net_src comp="156" pin="0"/><net_sink comp="841" pin=2"/></net>

<net id="853"><net_src comp="836" pin="2"/><net_sink comp="849" pin=0"/></net>

<net id="854"><net_src comp="826" pin="2"/><net_sink comp="849" pin=1"/></net>

<net id="860"><net_src comp="849" pin="2"/><net_sink comp="855" pin=0"/></net>

<net id="861"><net_src comp="841" pin="3"/><net_sink comp="855" pin=1"/></net>

<net id="862"><net_src comp="158" pin="0"/><net_sink comp="855" pin=2"/></net>

<net id="869"><net_src comp="160" pin="0"/><net_sink comp="863" pin=0"/></net>

<net id="870"><net_src comp="259" pin="3"/><net_sink comp="863" pin=1"/></net>

<net id="871"><net_src comp="162" pin="0"/><net_sink comp="863" pin=2"/></net>

<net id="872"><net_src comp="140" pin="0"/><net_sink comp="863" pin=3"/></net>

<net id="877"><net_src comp="259" pin="3"/><net_sink comp="873" pin=0"/></net>

<net id="878"><net_src comp="164" pin="0"/><net_sink comp="873" pin=1"/></net>

<net id="882"><net_src comp="863" pin="4"/><net_sink comp="879" pin=0"/></net>

<net id="883"><net_src comp="879" pin="1"/><net_sink comp="278" pin=1"/></net>

<net id="887"><net_src comp="884" pin="1"/><net_sink comp="278" pin=0"/></net>

<net id="893"><net_src comp="166" pin="0"/><net_sink comp="888" pin=0"/></net>

<net id="894"><net_src comp="873" pin="2"/><net_sink comp="888" pin=1"/></net>

<net id="895"><net_src comp="168" pin="0"/><net_sink comp="888" pin=2"/></net>

<net id="899"><net_src comp="278" pin="2"/><net_sink comp="896" pin=0"/></net>

<net id="904"><net_src comp="888" pin="3"/><net_sink comp="900" pin=0"/></net>

<net id="905"><net_src comp="896" pin="1"/><net_sink comp="900" pin=1"/></net>

<net id="911"><net_src comp="170" pin="0"/><net_sink comp="906" pin=0"/></net>

<net id="912"><net_src comp="900" pin="2"/><net_sink comp="906" pin=1"/></net>

<net id="913"><net_src comp="172" pin="0"/><net_sink comp="906" pin=2"/></net>

<net id="918"><net_src comp="174" pin="0"/><net_sink comp="914" pin=1"/></net>

<net id="924"><net_src comp="906" pin="3"/><net_sink comp="919" pin=0"/></net>

<net id="925"><net_src comp="914" pin="2"/><net_sink comp="919" pin=2"/></net>

<net id="932"><net_src comp="176" pin="0"/><net_sink comp="926" pin=0"/></net>

<net id="933"><net_src comp="919" pin="3"/><net_sink comp="926" pin=1"/></net>

<net id="934"><net_src comp="178" pin="0"/><net_sink comp="926" pin=2"/></net>

<net id="935"><net_src comp="180" pin="0"/><net_sink comp="926" pin=3"/></net>

<net id="940"><net_src comp="926" pin="4"/><net_sink comp="936" pin=0"/></net>

<net id="941"><net_src comp="182" pin="0"/><net_sink comp="936" pin=1"/></net>

<net id="946"><net_src comp="936" pin="2"/><net_sink comp="942" pin=1"/></net>

<net id="952"><net_src comp="158" pin="0"/><net_sink comp="947" pin=1"/></net>

<net id="953"><net_src comp="156" pin="0"/><net_sink comp="947" pin=2"/></net>

<net id="958"><net_src comp="919" pin="3"/><net_sink comp="954" pin=0"/></net>

<net id="959"><net_src comp="184" pin="0"/><net_sink comp="954" pin=1"/></net>

<net id="963"><net_src comp="919" pin="3"/><net_sink comp="960" pin=0"/></net>

<net id="968"><net_src comp="960" pin="1"/><net_sink comp="964" pin=0"/></net>

<net id="969"><net_src comp="40" pin="0"/><net_sink comp="964" pin=1"/></net>

<net id="976"><net_src comp="186" pin="0"/><net_sink comp="970" pin=0"/></net>

<net id="977"><net_src comp="900" pin="2"/><net_sink comp="970" pin=1"/></net>

<net id="978"><net_src comp="188" pin="0"/><net_sink comp="970" pin=2"/></net>

<net id="979"><net_src comp="190" pin="0"/><net_sink comp="970" pin=3"/></net>

<net id="986"><net_src comp="186" pin="0"/><net_sink comp="980" pin=0"/></net>

<net id="987"><net_src comp="900" pin="2"/><net_sink comp="980" pin=1"/></net>

<net id="988"><net_src comp="62" pin="0"/><net_sink comp="980" pin=2"/></net>

<net id="989"><net_src comp="192" pin="0"/><net_sink comp="980" pin=3"/></net>

<net id="995"><net_src comp="906" pin="3"/><net_sink comp="990" pin=0"/></net>

<net id="996"><net_src comp="970" pin="4"/><net_sink comp="990" pin=1"/></net>

<net id="997"><net_src comp="980" pin="4"/><net_sink comp="990" pin=2"/></net>

<net id="1004"><net_src comp="194" pin="0"/><net_sink comp="998" pin=0"/></net>

<net id="1005"><net_src comp="88" pin="0"/><net_sink comp="998" pin=1"/></net>

<net id="1006"><net_src comp="964" pin="2"/><net_sink comp="998" pin=2"/></net>

<net id="1007"><net_src comp="990" pin="3"/><net_sink comp="998" pin=3"/></net>

<net id="1011"><net_src comp="998" pin="4"/><net_sink comp="1008" pin=0"/></net>

<net id="1016"><net_src comp="942" pin="2"/><net_sink comp="1012" pin=1"/></net>

<net id="1021"><net_src comp="28" pin="0"/><net_sink comp="1017" pin=1"/></net>

<net id="1026"><net_src comp="936" pin="2"/><net_sink comp="1022" pin=0"/></net>

<net id="1027"><net_src comp="1017" pin="2"/><net_sink comp="1022" pin=1"/></net>

<net id="1032"><net_src comp="1012" pin="2"/><net_sink comp="1028" pin=0"/></net>

<net id="1033"><net_src comp="1022" pin="2"/><net_sink comp="1028" pin=1"/></net>

<net id="1038"><net_src comp="28" pin="0"/><net_sink comp="1034" pin=1"/></net>

<net id="1043"><net_src comp="1028" pin="2"/><net_sink comp="1039" pin=0"/></net>

<net id="1044"><net_src comp="1034" pin="2"/><net_sink comp="1039" pin=1"/></net>

<net id="1049"><net_src comp="942" pin="2"/><net_sink comp="1045" pin=0"/></net>

<net id="1050"><net_src comp="28" pin="0"/><net_sink comp="1045" pin=1"/></net>

<net id="1055"><net_src comp="1045" pin="2"/><net_sink comp="1051" pin=1"/></net>

<net id="1060"><net_src comp="936" pin="2"/><net_sink comp="1056" pin=1"/></net>

<net id="1065"><net_src comp="1056" pin="2"/><net_sink comp="1061" pin=0"/></net>

<net id="1066"><net_src comp="28" pin="0"/><net_sink comp="1061" pin=1"/></net>

<net id="1071"><net_src comp="1051" pin="2"/><net_sink comp="1067" pin=0"/></net>

<net id="1072"><net_src comp="1061" pin="2"/><net_sink comp="1067" pin=1"/></net>

<net id="1077"><net_src comp="1067" pin="2"/><net_sink comp="1073" pin=0"/></net>

<net id="1078"><net_src comp="1034" pin="2"/><net_sink comp="1073" pin=1"/></net>

<net id="1083"><net_src comp="1073" pin="2"/><net_sink comp="1079" pin=0"/></net>

<net id="1084"><net_src comp="954" pin="2"/><net_sink comp="1079" pin=1"/></net>

<net id="1091"><net_src comp="196" pin="0"/><net_sink comp="1085" pin=0"/></net>

<net id="1092"><net_src comp="1039" pin="2"/><net_sink comp="1085" pin=2"/></net>

<net id="1093"><net_src comp="1079" pin="2"/><net_sink comp="1085" pin=3"/></net>

<net id="1107"><net_src comp="198" pin="0"/><net_sink comp="1094" pin=0"/></net>

<net id="1108"><net_src comp="200" pin="0"/><net_sink comp="1094" pin=1"/></net>

<net id="1109"><net_src comp="855" pin="3"/><net_sink comp="1094" pin=2"/></net>

<net id="1110"><net_src comp="202" pin="0"/><net_sink comp="1094" pin=3"/></net>

<net id="1111"><net_src comp="947" pin="3"/><net_sink comp="1094" pin=4"/></net>

<net id="1112"><net_src comp="204" pin="0"/><net_sink comp="1094" pin=5"/></net>

<net id="1113"><net_src comp="158" pin="0"/><net_sink comp="1094" pin=6"/></net>

<net id="1114"><net_src comp="182" pin="0"/><net_sink comp="1094" pin=7"/></net>

<net id="1115"><net_src comp="1008" pin="1"/><net_sink comp="1094" pin=8"/></net>

<net id="1116"><net_src comp="206" pin="0"/><net_sink comp="1094" pin=9"/></net>

<net id="1117"><net_src comp="1085" pin="4"/><net_sink comp="1094" pin=10"/></net>

<net id="1123"><net_src comp="466" pin="1"/><net_sink comp="1118" pin=0"/></net>

<net id="1124"><net_src comp="54" pin="0"/><net_sink comp="1118" pin=1"/></net>

<net id="1125"><net_src comp="517" pin="1"/><net_sink comp="1118" pin=2"/></net>

<net id="1126"><net_src comp="1118" pin="3"/><net_sink comp="521" pin=1"/></net>

<net id="1127"><net_src comp="1118" pin="3"/><net_sink comp="530" pin=1"/></net>

<net id="1128"><net_src comp="1118" pin="3"/><net_sink comp="537" pin=0"/></net>

<net id="1132"><net_src comp="286" pin="3"/><net_sink comp="1129" pin=0"/></net>

<net id="1133"><net_src comp="1129" pin="1"/><net_sink comp="816" pin=0"/></net>

<net id="1137"><net_src comp="308" pin="2"/><net_sink comp="1134" pin=0"/></net>

<net id="1138"><net_src comp="1134" pin="1"/><net_sink comp="826" pin=1"/></net>

<net id="1139"><net_src comp="1134" pin="1"/><net_sink comp="836" pin=0"/></net>

<net id="1140"><net_src comp="1134" pin="1"/><net_sink comp="1034" pin=0"/></net>

<net id="1141"><net_src comp="1134" pin="1"/><net_sink comp="1085" pin=1"/></net>

<net id="1145"><net_src comp="314" pin="2"/><net_sink comp="1142" pin=0"/></net>

<net id="1146"><net_src comp="1142" pin="1"/><net_sink comp="821" pin=0"/></net>

<net id="1147"><net_src comp="1142" pin="1"/><net_sink comp="831" pin=0"/></net>

<net id="1151"><net_src comp="458" pin="3"/><net_sink comp="1148" pin=0"/></net>

<net id="1152"><net_src comp="1148" pin="1"/><net_sink comp="510" pin=1"/></net>

<net id="1156"><net_src comp="466" pin="1"/><net_sink comp="1153" pin=0"/></net>

<net id="1157"><net_src comp="1153" pin="1"/><net_sink comp="1118" pin=0"/></net>

<net id="1161"><net_src comp="470" pin="1"/><net_sink comp="1158" pin=0"/></net>

<net id="1162"><net_src comp="1158" pin="1"/><net_sink comp="591" pin=0"/></net>

<net id="1166"><net_src comp="474" pin="2"/><net_sink comp="1163" pin=0"/></net>

<net id="1167"><net_src comp="1163" pin="1"/><net_sink comp="1012" pin=0"/></net>

<net id="1168"><net_src comp="1163" pin="1"/><net_sink comp="1017" pin=0"/></net>

<net id="1169"><net_src comp="1163" pin="1"/><net_sink comp="1051" pin=0"/></net>

<net id="1170"><net_src comp="1163" pin="1"/><net_sink comp="1056" pin=0"/></net>

<net id="1174"><net_src comp="496" pin="2"/><net_sink comp="1171" pin=0"/></net>

<net id="1175"><net_src comp="1171" pin="1"/><net_sink comp="942" pin=0"/></net>

<net id="1179"><net_src comp="502" pin="3"/><net_sink comp="1176" pin=0"/></net>

<net id="1180"><net_src comp="1176" pin="1"/><net_sink comp="947" pin=0"/></net>

<net id="1184"><net_src comp="517" pin="1"/><net_sink comp="1181" pin=0"/></net>

<net id="1185"><net_src comp="1181" pin="1"/><net_sink comp="1118" pin=0"/></net>

<net id="1189"><net_src comp="560" pin="3"/><net_sink comp="1186" pin=0"/></net>

<net id="1190"><net_src comp="1186" pin="1"/><net_sink comp="914" pin=0"/></net>

<net id="1191"><net_src comp="1186" pin="1"/><net_sink comp="919" pin=1"/></net>

<net id="1195"><net_src comp="596" pin="4"/><net_sink comp="1192" pin=0"/></net>

<net id="1196"><net_src comp="1192" pin="1"/><net_sink comp="730" pin=0"/></net>

<net id="1200"><net_src comp="606" pin="4"/><net_sink comp="1197" pin=0"/></net>

<net id="1201"><net_src comp="1197" pin="1"/><net_sink comp="726" pin=0"/></net>

<net id="1202"><net_src comp="1197" pin="1"/><net_sink comp="744" pin=1"/></net>

<net id="1203"><net_src comp="1197" pin="1"/><net_sink comp="762" pin=1"/></net>

<net id="1207"><net_src comp="616" pin="4"/><net_sink comp="1204" pin=0"/></net>

<net id="1208"><net_src comp="1204" pin="1"/><net_sink comp="673" pin=1"/></net>

<net id="1212"><net_src comp="626" pin="1"/><net_sink comp="1209" pin=0"/></net>

<net id="1213"><net_src comp="1209" pin="1"/><net_sink comp="660" pin=0"/></net>

<net id="1217"><net_src comp="214" pin="3"/><net_sink comp="1214" pin=0"/></net>

<net id="1218"><net_src comp="1214" pin="1"/><net_sink comp="221" pin=2"/></net>

<net id="1222"><net_src comp="231" pin="3"/><net_sink comp="1219" pin=0"/></net>

<net id="1223"><net_src comp="1219" pin="1"/><net_sink comp="221" pin=0"/></net>

<net id="1227"><net_src comp="720" pin="2"/><net_sink comp="1224" pin=0"/></net>

<net id="1228"><net_src comp="1224" pin="1"/><net_sink comp="758" pin=0"/></net>

<net id="1229"><net_src comp="1224" pin="1"/><net_sink comp="791" pin=0"/></net>

<net id="1233"><net_src comp="239" pin="3"/><net_sink comp="1230" pin=0"/></net>

<net id="1234"><net_src comp="1230" pin="1"/><net_sink comp="246" pin=0"/></net>

<net id="1238"><net_src comp="252" pin="3"/><net_sink comp="1235" pin=0"/></net>

<net id="1239"><net_src comp="1235" pin="1"/><net_sink comp="259" pin=0"/></net>

<net id="1243"><net_src comp="806" pin="4"/><net_sink comp="1240" pin=0"/></net>

<net id="1244"><net_src comp="1240" pin="1"/><net_sink comp="884" pin=0"/></net>

</net_list>

</model> 
---------------- Datapath Model END ------------------

* FSMD analyzer results:
  - Output states:
	Port: x | {}
	Port: table_exp_Z1_ap_ufixed_58_1_ap_q_mode_5_ap_o_mode_3_0_array | {}
	Port: table_f_Z3_ap_ufixed_59_0_ap_q_mode_5_ap_o_mode_3_0_array | {}
	Port: table_f_Z2_ap_ufixed_59_0_ap_q_mode_5_ap_o_mode_3_0_array | {}
 - Input state : 
	Port: exp_generic<double> : x | {1 }
	Port: exp_generic<double> : table_exp_Z1_ap_ufixed_58_1_ap_q_mode_5_ap_o_mode_3_0_array | {6 7 }
	Port: exp_generic<double> : table_f_Z3_ap_ufixed_59_0_ap_q_mode_5_ap_o_mode_3_0_array | {4 5 }
	Port: exp_generic<double> : table_f_Z2_ap_ufixed_59_0_ap_q_mode_5_ap_o_mode_3_0_array | {5 6 }
  - Chain level:
	State 1
		es_sign : 1
		es_exp : 1
		es_sig : 1
		icmp_ln18 : 2
		icmp_ln18_1 : 2
		zext_ln486 : 2
		m_exp : 3
		e_frac : 2
		zext_ln221 : 3
		e_frac_1 : 4
		e_frac_3 : 5
		m_frac_l_1 : 6
		sext_ln227 : 7
		tmp : 4
		sub_ln229 : 2
		sext_ln229 : 3
		select_ln229 : 5
		sext_ln229_1 : 6
		zext_ln229 : 7
		ashr_ln229 : 8
		shl_ln229 : 8
		m_fix : 9
		m_fix_l : 10
		zext_ln230 : 7
		shl_ln230 : 11
		ashr_ln230 : 11
		m_fix_hi : 10
		tmp_158 : 10
		sext_ln243 : 11
		mul_ln243 : 12
		trunc_ln255 : 10
		icmp_ln309 : 4
		select_ln230 : 12
		shl_ln7 : 13
		icmp_ln309_2 : 14
		tmp_162 : 6
	State 2
	State 3
		sext_ln243_1 : 1
		add_ln243 : 2
	State 4
		tmp_176_cast : 1
		tmp_159 : 1
		trunc_ln243 : 1
		icmp_ln243 : 2
		add_ln243_1 : 2
		select_ln243 : 3
		r_exp : 4
		sext_ln249 : 5
		mul_ln249 : 6
		tmp_53 : 7
		and_ln : 8
		sub_ln255 : 9
		m_diff_hi : 10
		Z2 : 10
		Z3 : 10
		Z4 : 10
		Z4_ind : 10
		zext_ln114 : 11
		table_f_Z3_ap_ufixed_59_0_ap_q_mode_5_ap_o_mode_3_0_array_addr : 12
		table_f_Z3_ap_ufixed_59_0_ap_q_mode_5_ap_o_mode_3_0_array_load : 13
		zext_ln119 : 11
		table_f_Z3_ap_ufixed_59_0_ap_q_mode_5_ap_o_mode_3_0_array_addr_1 : 12
		f_Z3 : 13
	State 5
		f_Z4 : 1
		zext_ln115_1 : 2
		exp_Z4_m_1 : 3
		exp_Z3_m_1 : 1
		zext_ln120 : 2
		zext_ln123 : 2
		zext_ln123_1 : 4
		mul_ln123 : 5
		tmp_54 : 6
		zext_ln126_1 : 7
		add_ln126 : 8
		zext_ln126 : 9
		exp_Z2P_m_1 : 10
		table_f_Z2_ap_ufixed_59_0_ap_q_mode_5_ap_o_mode_3_0_array_addr : 1
		f_Z2 : 2
	State 6
		table_exp_Z1_ap_ufixed_58_1_ap_q_mode_5_ap_o_mode_3_0_array_addr : 1
		exp_Z1 : 2
		tmp_55 : 1
		exp_Z2_m_1 : 2
		zext_ln142 : 3
		mul_ln142 : 4
		and_ln1 : 2
		zext_ln145 : 3
		tmp_57 : 5
		zext_ln145_2 : 6
		add_ln145 : 7
		zext_ln145_1 : 8
		exp_Z1P_m_1_l : 9
		exp_Z1P_m_1 : 10
	State 7
		exp_Z1_hi : 1
		add_ln297 : 1
		zext_ln297 : 2
		mul_ln297 : 3
		shl_ln6 : 2
		zext_ln297_2 : 4
		add_ln297_1 : 5
		tmp_160 : 6
		r_exp_2 : 7
		tmp_161 : 8
		icmp_ln309_1 : 9
		or_ln309 : 10
		icmp_ln326 : 8
		trunc_ln336 : 8
		out_exp : 9
		tmp_31 : 6
		tmp_32 : 6
		select_ln303 : 7
		t : 10
		bitcast_ln497 : 11
		and_ln309 : 10
		and_ln309_1 : 10
		or_ln309_1 : 10
		and_ln309_2 : 10
		xor_ln309_1 : 10
		and_ln309_3 : 10
		or_ln309_2 : 10
		xor_ln309_2 : 10
		or_ln309_3 : 10
		and_ln309_4 : 10
		and_ln309_5 : 10
		sel_tmp : 10
		retval_1 : 11
		ret_ln339 : 12


============================================================
+ Verbose Summary: Datapath Resource usage 
============================================================

* Functional unit list:
|----------|----------------------|---------|---------|---------|
| Operation|    Functional Unit   |   DSP   |    FF   |   LUT   |
|----------|----------------------|---------|---------|---------|
|          |     m_exp_fu_324     |    0    |    0    |    18   |
|          |  add_ln243_1_fu_546  |    0    |    0    |    20   |
|          |   exp_Z4_m_1_fu_667  |    0    |    0    |    42   |
|          |   add_ln126_fu_710   |    0    |    0    |    43   |
|          |  exp_Z2P_m_1_fu_720  |    0    |    0    |    50   |
|    add   |   add_ln145_fu_791   |    0    |    0    |    51   |
|          | exp_Z1P_m_1_l_fu_800 |    0    |    0    |    58   |
|          |   add_ln297_fu_873   |    0    |    0    |    65   |
|          |  add_ln297_1_fu_900  |    0    |    0    |   114   |
|          |    r_exp_1_fu_914    |    0    |    0    |    20   |
|          |    out_exp_fu_964    |    0    |    0    |    18   |
|----------|----------------------|---------|---------|---------|
|          |    e_frac_3_fu_348   |    0    |    0    |    52   |
|          |  select_ln229_fu_386 |    0    |    0    |    11   |
|          |     m_fix_fu_414     |    0    |    0    |    70   |
|          |  select_ln230_fu_480 |    0    |    0    |    64   |
|          |  select_ln243_fu_552 |    0    |    0    |    12   |
|  select  |     r_exp_fu_560     |    0    |    0    |    12   |
|          |  select_ln18_fu_841  |    0    |    0    |    64   |
|          |  select_ln185_fu_855 |    0    |    0    |    64   |
|          |    r_exp_2_fu_919    |    0    |    0    |    12   |
|          |  select_ln310_fu_947 |    0    |    0    |    64   |
|          |  select_ln303_fu_990 |    0    |    0    |    50   |
|----------|----------------------|---------|---------|---------|
|   ashr   |   ashr_ln229_fu_402  |    0    |    0    |   172   |
|          |   ashr_ln230_fu_442  |    0    |    0    |   179   |
|----------|----------------------|---------|---------|---------|
|    shl   |   shl_ln229_fu_408   |    0    |    0    |   172   |
|          |   shl_ln230_fu_436   |    0    |    0    |   179   |
|----------|----------------------|---------|---------|---------|
|          |   icmp_ln18_fu_308   |    0    |    0    |    18   |
|          |  icmp_ln18_1_fu_314  |    0    |    0    |    59   |
|          |   icmp_ln309_fu_474  |    0    |    0    |    19   |
|   icmp   |  icmp_ln309_2_fu_496 |    0    |    0    |    78   |
|          |   icmp_ln243_fu_540  |    0    |    0    |    25   |
|          |  icmp_ln309_1_fu_936 |    0    |    0    |    10   |
|          |   icmp_ln326_fu_954  |    0    |    0    |    20   |
|----------|----------------------|---------|---------|---------|
|          |   mul_ln249_fu_265   |    4    |    0    |    65   |
|    mul   |   mul_ln123_fu_270   |    4    |    0    |    19   |
|          |   mul_ln142_fu_274   |    6    |    0    |    20   |
|          |   mul_ln297_fu_278   |    9    |    0    |    21   |
|----------|----------------------|---------|---------|---------|
|          |    e_frac_1_fu_342   |    0    |    0    |    60   |
|    sub   |   sub_ln229_fu_376   |    0    |    0    |    18   |
|          |   sub_ln255_fu_591   |    0    |    0    |    66   |
|----------|----------------------|---------|---------|---------|
|          |  and_ln182_1_fu_821  |    0    |    0    |    2    |
|          |   and_ln182_fu_826   |    0    |    0    |    2    |
|          |    and_ln18_fu_836   |    0    |    0    |    2    |
|          |   and_ln309_fu_1012  |    0    |    0    |    2    |
|    and   |  and_ln309_1_fu_1022 |    0    |    0    |    2    |
|          |  and_ln309_2_fu_1039 |    0    |    0    |    2    |
|          |  and_ln309_3_fu_1051 |    0    |    0    |    2    |
|          |  and_ln309_4_fu_1073 |    0    |    0    |    2    |
|          |  and_ln309_5_fu_1079 |    0    |    0    |    2    |
|----------|----------------------|---------|---------|---------|
| sparsemux|   retval_1_fu_1094   |    0    |    0    |    14   |
|----------|----------------------|---------|---------|---------|
|          |   xor_ln182_fu_816   |    0    |    0    |    2    |
|          |    xor_ln18_fu_831   |    0    |    0    |    2    |
|    xor   |   xor_ln309_fu_1017  |    0    |    0    |    2    |
|          |  xor_ln18_1_fu_1034  |    0    |    0    |    2    |
|          |  xor_ln309_1_fu_1045 |    0    |    0    |    2    |
|          |  xor_ln309_2_fu_1061 |    0    |    0    |    2    |
|----------|----------------------|---------|---------|---------|
|          |    or_ln185_fu_849   |    0    |    0    |    2    |
|          |    or_ln309_fu_942   |    0    |    0    |    2    |
|    or    |  or_ln309_1_fu_1028  |    0    |    0    |    2    |
|          |  or_ln309_2_fu_1056  |    0    |    0    |    2    |
|          |  or_ln309_3_fu_1067  |    0    |    0    |    2    |
|----------|----------------------|---------|---------|---------|
|  muladd  |      grp_fu_1118     |    1    |    0    |    0    |
|----------|----------------------|---------|---------|---------|
|   read   |  x_read_read_fu_208  |    0    |    0    |    0    |
|----------|----------------------|---------|---------|---------|
|          |    es_sign_fu_286    |    0    |    0    |    0    |
|          |      tmp_fu_368      |    0    |    0    |    0    |
| bitselect|    tmp_158_fu_458    |    0    |    0    |    0    |
|          |    tmp_162_fu_502    |    0    |    0    |    0    |
|          |    tmp_159_fu_530    |    0    |    0    |    0    |
|          |    tmp_160_fu_906    |    0    |    0    |    0    |
|----------|----------------------|---------|---------|---------|
|          |     es_exp_fu_294    |    0    |    0    |    0    |
|          |    m_fix_l_fu_422    |    0    |    0    |    0    |
|          |    m_fix_hi_fu_448   |    0    |    0    |    0    |
|          |  tmp_176_cast_fu_521 |    0    |    0    |    0    |
|          |     tmp_53_fu_573    |    0    |    0    |    0    |
|          |   m_diff_hi_fu_596   |    0    |    0    |    0    |
|          |       Z2_fu_606      |    0    |    0    |    0    |
|          |       Z3_fu_616      |    0    |    0    |    0    |
|partselect|     Z4_ind_fu_630    |    0    |    0    |    0    |
|          |      f_Z4_fu_650     |    0    |    0    |    0    |
|          |     tmp_54_fu_696    |    0    |    0    |    0    |
|          |     tmp_55_fu_734    |    0    |    0    |    0    |
|          |     tmp_57_fu_777    |    0    |    0    |    0    |
|          |  exp_Z1P_m_1_fu_806  |    0    |    0    |    0    |
|          |   exp_Z1_hi_fu_863   |    0    |    0    |    0    |
|          |    tmp_161_fu_926    |    0    |    0    |    0    |
|          |     tmp_31_fu_970    |    0    |    0    |    0    |
|          |     tmp_32_fu_980    |    0    |    0    |    0    |
|----------|----------------------|---------|---------|---------|
|          |     es_sig_fu_304    |    0    |    0    |    0    |
|          |  trunc_ln255_fu_470  |    0    |    0    |    0    |
|   trunc  |  trunc_ln243_fu_537  |    0    |    0    |    0    |
|          |       Z4_fu_626      |    0    |    0    |    0    |
|          |  trunc_ln336_fu_960  |    0    |    0    |    0    |
|----------|----------------------|---------|---------|---------|
|          |   zext_ln486_fu_320  |    0    |    0    |    0    |
|          |   zext_ln221_fu_338  |    0    |    0    |    0    |
|          |   zext_ln229_fu_398  |    0    |    0    |    0    |
|          |   zext_ln230_fu_432  |    0    |    0    |    0    |
|          |   zext_ln114_fu_640  |    0    |    0    |    0    |
|          |   zext_ln119_fu_645  |    0    |    0    |    0    |
|          |   zext_ln115_fu_660  |    0    |    0    |    0    |
|          |  zext_ln115_1_fu_663 |    0    |    0    |    0    |
|          |   zext_ln120_fu_682  |    0    |    0    |    0    |
|          |   zext_ln123_fu_686  |    0    |    0    |    0    |
|          |  zext_ln123_1_fu_691 |    0    |    0    |    0    |
|   zext   |  zext_ln126_1_fu_706 |    0    |    0    |    0    |
|          |   zext_ln126_fu_716  |    0    |    0    |    0    |
|          |   zext_ln138_fu_726  |    0    |    0    |    0    |
|          |   zext_ln292_fu_730  |    0    |    0    |    0    |
|          |   zext_ln142_fu_753  |    0    |    0    |    0    |
|          |  zext_ln142_1_fu_758 |    0    |    0    |    0    |
|          |   zext_ln145_fu_773  |    0    |    0    |    0    |
|          |  zext_ln145_2_fu_787 |    0    |    0    |    0    |
|          |  zext_ln145_1_fu_796 |    0    |    0    |    0    |
|          |   zext_ln297_fu_879  |    0    |    0    |    0    |
|          |  zext_ln297_1_fu_884 |    0    |    0    |    0    |
|          |  zext_ln297_2_fu_896 |    0    |    0    |    0    |
|----------|----------------------|---------|---------|---------|
|          |     e_frac_fu_330    |    0    |    0    |    0    |
|          |   m_frac_l_1_fu_356  |    0    |    0    |    0    |
|          |    shl_ln7_fu_488    |    0    |    0    |    0    |
|          |     shl_ln_fu_510    |    0    |    0    |    0    |
|          |     and_ln_fu_583    |    0    |    0    |    0    |
|bitconcatenate|   exp_Z3_m_1_fu_673  |    0    |    0    |    0    |
|          |   exp_Z2_m_1_fu_744  |    0    |    0    |    0    |
|          |    and_ln1_fu_762    |    0    |    0    |    0    |
|          |    shl_ln6_fu_888    |    0    |    0    |    0    |
|          |       t_fu_998       |    0    |    0    |    0    |
|          |    sel_tmp_fu_1085   |    0    |    0    |    0    |
|----------|----------------------|---------|---------|---------|
|          |   sext_ln227_fu_364  |    0    |    0    |    0    |
|          |   sext_ln229_fu_382  |    0    |    0    |    0    |
|   sext   |  sext_ln229_1_fu_394 |    0    |    0    |    0    |
|          |   sext_ln243_fu_466  |    0    |    0    |    0    |
|          |  sext_ln243_1_fu_517 |    0    |    0    |    0    |
|          |   sext_ln249_fu_568  |    0    |    0    |    0    |
|----------|----------------------|---------|---------|---------|
|   Total  |                      |    24   |    0    |   2228  |
|----------|----------------------|---------|---------|---------|

Memories:
N/A

* Register list:
+-------------------------------------------------------------------------+--------+
|                                                                         |   FF   |
+-------------------------------------------------------------------------+--------+
|                               Z2_reg_1197                               |    8   |
|                               Z3_reg_1204                               |    8   |
|                               Z4_reg_1209                               |   35   |
|                             es_sign_reg_1129                            |    1   |
|                           exp_Z1P_m_1_reg_1240                          |   50   |
|                           exp_Z2P_m_1_reg_1224                          |   44   |
|                           icmp_ln18_1_reg_1142                          |    1   |
|                            icmp_ln18_reg_1134                           |    1   |
|                          icmp_ln309_2_reg_1171                          |    1   |
|                           icmp_ln309_reg_1163                           |    1   |
|                            m_diff_hi_reg_1192                           |    8   |
|                              r_exp_reg_1186                             |   13   |
|                          sext_ln243_1_reg_1181                          |   31   |
|                           sext_ln243_reg_1153                           |   31   |
|table_exp_Z1_ap_ufixed_58_1_ap_q_mode_5_ap_o_mode_3_0_array_addr_reg_1235|    8   |
| table_f_Z2_ap_ufixed_59_0_ap_q_mode_5_ap_o_mode_3_0_array_addr_reg_1230 |    8   |
|table_f_Z3_ap_ufixed_59_0_ap_q_mode_5_ap_o_mode_3_0_array_addr_1_reg_1219|    8   |
| table_f_Z3_ap_ufixed_59_0_ap_q_mode_5_ap_o_mode_3_0_array_addr_reg_1214 |    8   |
|                             tmp_158_reg_1148                            |    1   |
|                             tmp_162_reg_1176                            |    1   |
|                           trunc_ln255_reg_1158                          |   59   |
+-------------------------------------------------------------------------+--------+
|                                  Total                                  |   326  |
+-------------------------------------------------------------------------+--------+

* Multiplexer (MUX) list: 
|-------------------|------|------|------|--------||---------||---------||---------|
|        Comp       |  Pin | Size |  BW  | S x BW ||  Delay  ||    FF   ||   LUT   |
|-------------------|------|------|------|--------||---------||---------||---------|
| grp_access_fu_221 |  p0  |   2  |   8  |   16   ||    0    ||    9    |
| grp_access_fu_221 |  p2  |   2  |   0  |    0   ||    0    ||    9    |
| grp_access_fu_246 |  p0  |   2  |   8  |   16   ||    0    ||    9    |
| grp_access_fu_259 |  p0  |   2  |   8  |   16   ||    0    ||    9    |
|    grp_fu_1118    |  p0  |   3  |  16  |   48   ||    0    ||    14   |
|-------------------|------|------|------|--------||---------||---------||---------|
|       Total       |      |      |      |   96   ||  2.184  ||    0    ||    50   |
|-------------------|------|------|------|--------||---------||---------||---------|



* Summary:
+-----------+--------+--------+--------+--------+
|           |   DSP  |  Delay |   FF   |   LUT  |
+-----------+--------+--------+--------+--------+
|  Function |   24   |    -   |    0   |  2228  |
|   Memory  |    -   |    -   |    -   |    -   |
|Multiplexer|    -   |    2   |    0   |   50   |
|  Register |    -   |    -   |   326  |    -   |
+-----------+--------+--------+--------+--------+
|   Total   |   24   |    2   |   326  |  2278  |
+-----------+--------+--------+--------+--------+
