

================================================================
== Vitis HLS Report for 'generic_tanh_float_s'
================================================================
* Date:           Wed Apr  8 16:18:35 2026

* Version:        2024.1 (Build 5069499 on May 21 2024)
* Project:        pedal
* Solution:       hls (Vivado IP Flow Target)
* Product family: zynquplus
* Target device:  xczu3eg-sfvc784-2-e


================================================================
== Performance Estimates
================================================================
+ Timing: 
    * Summary: 
    +--------+----------+-----------+------------+
    |  Clock |  Target  | Estimated | Uncertainty|
    +--------+----------+-----------+------------+
    |ap_clk  |  15.00 ns|  10.544 ns|     4.05 ns|
    +--------+----------+-----------+------------+

+ Latency: 
    * Summary: 
    +---------+---------+----------+----------+-----+-----+---------+
    |  Latency (cycles) |  Latency (absolute) |  Interval | Pipeline|
    |   min   |   max   |    min   |    max   | min | max |   Type  |
    +---------+---------+----------+----------+-----+-----+---------+
    |       32|       32|  0.480 us|  0.480 us|    1|    1|      yes|
    +---------+---------+----------+----------+-----+-----+---------+

    + Detail: 
        * Instance: 
        +--------------------------------+----------------------+---------+---------+-----------+-----------+-----+-----+---------+
        |                                |                      |  Latency (cycles) |   Latency (absolute)  |  Interval | Pipeline|
        |            Instance            |        Module        |   min   |   max   |    min    |    max    | min | max |   Type  |
        +--------------------------------+----------------------+---------+---------+-----------+-----------+-----+-----+---------+
        |grp_exp_generic_double_s_fu_89  |exp_generic_double_s  |        6|        6|  90.000 ns|  90.000 ns|    1|    1|      yes|
        +--------------------------------+----------------------+---------+---------+-----------+-----------+-----+-----+---------+

        * Loop: 
        N/A



================================================================
== Utilization Estimates
================================================================
* Summary: 
+-----------------+---------+-----+--------+-------+-----+
|       Name      | BRAM_18K| DSP |   FF   |  LUT  | URAM|
+-----------------+---------+-----+--------+-------+-----+
|DSP              |        -|    -|       -|      -|    -|
|Expression       |        -|    -|       0|    273|    -|
|FIFO             |        -|    -|       -|      -|    -|
|Instance         |        5|   40|    2333|   4436|    -|
|Memory           |        -|    -|       -|      -|    -|
|Multiplexer      |        -|    -|       0|     82|    -|
|Register         |        -|    -|    2868|    352|    -|
+-----------------+---------+-----+--------+-------+-----+
|Total            |        5|   40|    5201|   5143|    0|
+-----------------+---------+-----+--------+-------+-----+
|Available        |      432|  360|  141120|  70560|    0|
+-----------------+---------+-----+--------+-------+-----+
|Utilization (%)  |        1|   11|       3|      7|    0|
+-----------------+---------+-----+--------+-------+-----+

+ Detail: 
    * Instance: 
    +------------------------------------+--------------------------------+---------+----+-----+------+-----+
    |              Instance              |             Module             | BRAM_18K| DSP|  FF |  LUT | URAM|
    +------------------------------------+--------------------------------+---------+----+-----+------+-----+
    |dadd_64ns_64ns_64_4_full_dsp_1_U27  |dadd_64ns_64ns_64_4_full_dsp_1  |        0|   3|  430|   762|    0|
    |grp_exp_generic_double_s_fu_89      |exp_generic_double_s            |        5|  24|  890|  2569|    0|
    |fadd_32ns_32ns_32_3_full_dsp_1_U17  |fadd_32ns_32ns_32_3_full_dsp_1  |        0|   2|  177|   194|    0|
    |fadd_32ns_32ns_32_3_full_dsp_1_U19  |fadd_32ns_32ns_32_3_full_dsp_1  |        0|   2|  177|   194|    0|
    |fadd_32ns_32ns_32_3_full_dsp_1_U20  |fadd_32ns_32ns_32_3_full_dsp_1  |        0|   2|  177|   194|    0|
    |fcmp_32ns_32ns_1_2_no_dsp_1_U26     |fcmp_32ns_32ns_1_2_no_dsp_1     |        0|   0|    0|     0|    0|
    |fdiv_32ns_32ns_32_7_no_dsp_1_U23    |fdiv_32ns_32ns_32_7_no_dsp_1    |        0|   0|    0|     0|    0|
    |fmul_32ns_32ns_32_2_max_dsp_1_U22   |fmul_32ns_32ns_32_2_max_dsp_1   |        0|   3|  128|   135|    0|
    |fpext_32ns_64_1_no_dsp_1_U25        |fpext_32ns_64_1_no_dsp_1        |        0|   0|    0|     0|    0|
    |fptrunc_64ns_32_2_no_dsp_1_U24      |fptrunc_64ns_32_2_no_dsp_1      |        0|   0|    0|     0|    0|
    |fsub_32ns_32ns_32_3_full_dsp_1_U18  |fsub_32ns_32ns_32_3_full_dsp_1  |        0|   2|  177|   194|    0|
    |fsub_32ns_32ns_32_3_full_dsp_1_U21  |fsub_32ns_32ns_32_3_full_dsp_1  |        0|   2|  177|   194|    0|
    +------------------------------------+--------------------------------+---------+----+-----+------+-----+
    |Total                               |                                |        5|  40| 2333|  4436|    0|
    +------------------------------------+--------------------------------+---------+----+-----+------+-----+

    * DSP: 
    N/A

    * Memory: 
    N/A

    * FIFO: 
    N/A

    * Expression: 
    +-------------------------------+----------+----+---+----+------------+------------+
    |         Variable Name         | Operation| DSP| FF| LUT| Bitwidth P0| Bitwidth P1|
    +-------------------------------+----------+----+---+----+------------+------------+
    |and_ln46_fu_223_p2             |       and|   0|  0|   2|           1|           1|
    |ap_condition_556               |       and|   0|  0|   2|           1|           1|
    |ap_condition_561               |       and|   0|  0|   2|           1|           1|
    |ap_condition_633               |       and|   0|  0|   2|           1|           1|
    |ap_predicate_op50_fcmp_state1  |       and|   0|  0|   2|           1|           1|
    |ap_predicate_op78_call_state6  |       and|   0|  0|   2|           1|           1|
    |ap_predicate_pred47_state29    |       and|   0|  0|   2|           1|           1|
    |ap_predicate_pred536_state19   |       and|   0|  0|   2|           1|           1|
    |ap_predicate_pred55_state29    |       and|   0|  0|   2|           1|           1|
    |ap_predicate_pred666_state23   |       and|   0|  0|   2|           1|           1|
    |ap_predicate_pred671_state23   |       and|   0|  0|   2|           1|           1|
    |icmp_ln10_fu_278_p2            |      icmp|   0|  0|  15|           8|           7|
    |icmp_ln36_fu_199_p2            |      icmp|   0|  0|  15|           8|           2|
    |icmp_ln38_fu_229_p2            |      icmp|   0|  0|  30|          23|           1|
    |icmp_ln45_fu_205_p2            |      icmp|   0|  0|  15|           8|           7|
    |icmp_ln46_1_fu_217_p2          |      icmp|   0|  0|  30|          23|           1|
    |icmp_ln46_fu_211_p2            |      icmp|   0|  0|  15|           8|           7|
    |icmp_ln54_fu_235_p2            |      icmp|   0|  0|  15|           8|           7|
    |icmp_ln9_fu_272_p2             |      icmp|   0|  0|  15|           8|           1|
    |ap_condition_601               |        or|   0|  0|   2|           1|           1|
    |ap_return                      |    select|   0|  0|  32|           1|          32|
    |select_ln38_fu_319_p3          |    select|   0|  0|  31|           1|          31|
    |x_6_fu_252_p3                  |    select|   0|  0|  32|           1|          32|
    |xor_ln66_fu_296_p2             |       xor|   0|  0|   2|           1|           2|
    |xor_ln83_fu_338_p2             |       xor|   0|  0|   2|           1|           2|
    +-------------------------------+----------+----+---+----+------------+------------+
    |Total                          |          |   0|  0| 273|         111|         144|
    +-------------------------------+----------+----+---+----+------------+------------+

    * Multiplexer: 
    +----------------------------------------+----+-----------+-----+-----------+
    |                  Name                  | LUT| Input Size| Bits| Total Bits|
    +----------------------------------------+----+-----------+-----+-----------+
    |ap_phi_mux_resultf_3_phi_fu_76_p10      |   9|          2|   32|         64|
    |ap_phi_reg_pp0_iter19_expx_reg_58       |   9|          2|   32|         64|
    |ap_phi_reg_pp0_iter29_resultf_3_reg_72  |   9|          2|   32|         64|
    |ap_phi_reg_pp0_iter2_resultf_3_reg_72   |   9|          2|   32|         64|
    |ap_phi_reg_pp0_iter32_resultf_3_reg_72  |   9|          2|   32|         64|
    |ap_phi_reg_pp0_iter5_expx_reg_58        |  14|          3|   32|         96|
    |ap_phi_reg_pp0_iter5_resultf_3_reg_72   |   9|          2|   32|         64|
    |grp_fu_128_p0                           |  14|          3|   32|         96|
    +----------------------------------------+----+-----------+-----+-----------+
    |Total                                   |  82|         18|  256|        576|
    +----------------------------------------+----+-----------+-----+-----------+

    * Register: 
    +----------------------------------------+----+----+-----+-----------+
    |                  Name                  | FF | LUT| Bits| Const Bits|
    +----------------------------------------+----+----+-----+-----------+
    |abst_in_reg_382                         |  31|   0|   32|          1|
    |add2_reg_476                            |  32|   0|   32|          0|
    |add_reg_423                             |  32|   0|   32|          0|
    |and_ln46_reg_400                        |   1|   0|    1|          0|
    |ap_phi_reg_pp0_iter10_expx_reg_58       |  32|   0|   32|          0|
    |ap_phi_reg_pp0_iter10_resultf_3_reg_72  |  32|   0|   32|          0|
    |ap_phi_reg_pp0_iter11_expx_reg_58       |  32|   0|   32|          0|
    |ap_phi_reg_pp0_iter11_resultf_3_reg_72  |  32|   0|   32|          0|
    |ap_phi_reg_pp0_iter12_expx_reg_58       |  32|   0|   32|          0|
    |ap_phi_reg_pp0_iter12_resultf_3_reg_72  |  32|   0|   32|          0|
    |ap_phi_reg_pp0_iter13_expx_reg_58       |  32|   0|   32|          0|
    |ap_phi_reg_pp0_iter13_resultf_3_reg_72  |  32|   0|   32|          0|
    |ap_phi_reg_pp0_iter14_expx_reg_58       |  32|   0|   32|          0|
    |ap_phi_reg_pp0_iter14_resultf_3_reg_72  |  32|   0|   32|          0|
    |ap_phi_reg_pp0_iter15_expx_reg_58       |  32|   0|   32|          0|
    |ap_phi_reg_pp0_iter15_resultf_3_reg_72  |  32|   0|   32|          0|
    |ap_phi_reg_pp0_iter16_expx_reg_58       |  32|   0|   32|          0|
    |ap_phi_reg_pp0_iter16_resultf_3_reg_72  |  32|   0|   32|          0|
    |ap_phi_reg_pp0_iter17_expx_reg_58       |  32|   0|   32|          0|
    |ap_phi_reg_pp0_iter17_resultf_3_reg_72  |  32|   0|   32|          0|
    |ap_phi_reg_pp0_iter18_expx_reg_58       |  32|   0|   32|          0|
    |ap_phi_reg_pp0_iter18_resultf_3_reg_72  |  32|   0|   32|          0|
    |ap_phi_reg_pp0_iter19_expx_reg_58       |  32|   0|   32|          0|
    |ap_phi_reg_pp0_iter19_resultf_3_reg_72  |  32|   0|   32|          0|
    |ap_phi_reg_pp0_iter1_expx_reg_58        |  32|   0|   32|          0|
    |ap_phi_reg_pp0_iter1_resultf_3_reg_72   |  32|   0|   32|          0|
    |ap_phi_reg_pp0_iter20_resultf_3_reg_72  |  32|   0|   32|          0|
    |ap_phi_reg_pp0_iter21_resultf_3_reg_72  |  32|   0|   32|          0|
    |ap_phi_reg_pp0_iter22_resultf_3_reg_72  |  32|   0|   32|          0|
    |ap_phi_reg_pp0_iter23_resultf_3_reg_72  |  32|   0|   32|          0|
    |ap_phi_reg_pp0_iter24_resultf_3_reg_72  |  32|   0|   32|          0|
    |ap_phi_reg_pp0_iter25_resultf_3_reg_72  |  32|   0|   32|          0|
    |ap_phi_reg_pp0_iter26_resultf_3_reg_72  |  32|   0|   32|          0|
    |ap_phi_reg_pp0_iter27_resultf_3_reg_72  |  32|   0|   32|          0|
    |ap_phi_reg_pp0_iter28_resultf_3_reg_72  |  32|   0|   32|          0|
    |ap_phi_reg_pp0_iter29_resultf_3_reg_72  |  32|   0|   32|          0|
    |ap_phi_reg_pp0_iter2_expx_reg_58        |  32|   0|   32|          0|
    |ap_phi_reg_pp0_iter2_resultf_3_reg_72   |  32|   0|   32|          0|
    |ap_phi_reg_pp0_iter30_resultf_3_reg_72  |  32|   0|   32|          0|
    |ap_phi_reg_pp0_iter31_resultf_3_reg_72  |  32|   0|   32|          0|
    |ap_phi_reg_pp0_iter32_resultf_3_reg_72  |  32|   0|   32|          0|
    |ap_phi_reg_pp0_iter3_expx_reg_58        |  32|   0|   32|          0|
    |ap_phi_reg_pp0_iter3_resultf_3_reg_72   |  32|   0|   32|          0|
    |ap_phi_reg_pp0_iter4_expx_reg_58        |  32|   0|   32|          0|
    |ap_phi_reg_pp0_iter4_resultf_3_reg_72   |  32|   0|   32|          0|
    |ap_phi_reg_pp0_iter5_expx_reg_58        |  32|   0|   32|          0|
    |ap_phi_reg_pp0_iter5_resultf_3_reg_72   |  32|   0|   32|          0|
    |ap_phi_reg_pp0_iter6_expx_reg_58        |  32|   0|   32|          0|
    |ap_phi_reg_pp0_iter6_resultf_3_reg_72   |  32|   0|   32|          0|
    |ap_phi_reg_pp0_iter7_expx_reg_58        |  32|   0|   32|          0|
    |ap_phi_reg_pp0_iter7_resultf_3_reg_72   |  32|   0|   32|          0|
    |ap_phi_reg_pp0_iter8_expx_reg_58        |  32|   0|   32|          0|
    |ap_phi_reg_pp0_iter8_resultf_3_reg_72   |  32|   0|   32|          0|
    |ap_phi_reg_pp0_iter9_expx_reg_58        |  32|   0|   32|          0|
    |ap_phi_reg_pp0_iter9_resultf_3_reg_72   |  32|   0|   32|          0|
    |ap_predicate_pred47_state29             |   1|   0|    1|          0|
    |ap_predicate_pred536_state19            |   1|   0|    1|          0|
    |ap_predicate_pred55_state29             |   1|   0|    1|          0|
    |ap_predicate_pred666_state23            |   1|   0|    1|          0|
    |ap_predicate_pred671_state23            |   1|   0|    1|          0|
    |din_exp_reg_372                         |   8|   0|    8|          0|
    |din_sign_reg_367                        |   1|   0|    1|          0|
    |expx_reg_58                             |  32|   0|   32|          0|
    |icmp_ln10_reg_447                       |   1|   0|    1|          0|
    |icmp_ln36_reg_392                       |   1|   0|    1|          0|
    |icmp_ln38_reg_404                       |   1|   0|    1|          0|
    |icmp_ln45_reg_396                       |   1|   0|    1|          0|
    |icmp_ln54_reg_413                       |   1|   0|    1|          0|
    |icmp_ln9_reg_443                        |   1|   0|    1|          0|
    |reg_149                                 |  32|   0|   32|          0|
    |resultf_2_reg_486                       |  32|   0|   32|          0|
    |sub_i_reg_466                           |  64|   0|   64|          0|
    |t_in_int_reg                            |  32|   0|   32|          0|
    |tmp_30_reg_409                          |   1|   0|    1|          0|
    |tmp_s_reg_461                           |  64|   0|   64|          0|
    |trunc_ln313_reg_377                     |  31|   0|   31|          0|
    |x_4_reg_433                             |  32|   0|   32|          0|
    |x_reg_428                               |  32|   0|   32|          0|
    |xd_reg_451                              |  64|   0|   64|          0|
    |abst_in_reg_382                         |  64|  32|   32|          1|
    |and_ln46_reg_400                        |  64|  32|    1|          0|
    |din_sign_reg_367                        |  64|  32|    1|          0|
    |expx_reg_58                             |  64|  32|   32|          0|
    |icmp_ln10_reg_447                       |  64|  32|    1|          0|
    |icmp_ln36_reg_392                       |  64|  32|    1|          0|
    |icmp_ln38_reg_404                       |  64|  32|    1|          0|
    |icmp_ln45_reg_396                       |  64|  32|    1|          0|
    |icmp_ln54_reg_413                       |  64|  32|    1|          0|
    |icmp_ln9_reg_443                        |  64|  32|    1|          0|
    |tmp_30_reg_409                          |  64|  32|    1|          0|
    +----------------------------------------+----+----+-----+-----------+
    |Total                                   |2868| 352| 2238|          2|
    +----------------------------------------+----+----+-----+-----------+



================================================================
== Interface
================================================================
* Summary: 
+-----------+-----+-----+------------+---------------------+--------------+
| RTL Ports | Dir | Bits|  Protocol  |    Source Object    |    C Type    |
+-----------+-----+-----+------------+---------------------+--------------+
|ap_clk     |   in|    1|  ap_ctrl_hs|  generic_tanh<float>|  return value|
|ap_rst     |   in|    1|  ap_ctrl_hs|  generic_tanh<float>|  return value|
|ap_return  |  out|   32|  ap_ctrl_hs|  generic_tanh<float>|  return value|
|ap_ce      |   in|    1|  ap_ctrl_hs|  generic_tanh<float>|  return value|
|t_in       |   in|   32|     ap_none|                 t_in|        scalar|
+-----------+-----+-----+------------+---------------------+--------------+

============================================================
+ Verbose Summary: Synthesis Manager
============================================================
InlineROM: 1
ExposeGlobal: 0
============================================================
+ Verbose Summary: CDFG Model
============================================================
IsTopModel: 0
ResetActiveHigh: 1
IsCombinational: 2
IsDatapathOnly: 1
HasWiredReturn: 1
HasMFsm: 2
HasVarLatency: 0
IsPipeline: 1
IsRtlPipelined: 1
IsInstanceOverlapped: 0
IsDontTouch: 0
HasImplIP: 0
IsGatedGlobalClock: 0

+ Individual pipeline summary: 
  * Pipeline-0: initiation interval (II) = 1, depth = 33


============================================================
+ Verbose Summary: Schedule
============================================================
* Number of FSM states : 33
* Pipeline : 1
  Pipeline-0 : II = 1, D = 33, States = { 1 2 3 4 5 6 7 8 9 10 11 12 13 14 15 16 17 18 19 20 21 22 23 24 25 26 27 28 29 30 31 32 33 }
* Dataflow Pipeline: 0

* FSM state transitions: 
1 --> 2 
2 --> 3 
3 --> 4 
4 --> 5 
5 --> 6 
6 --> 7 
7 --> 8 
8 --> 9 
9 --> 10 
10 --> 11 
11 --> 12 
12 --> 13 
13 --> 14 
14 --> 15 
15 --> 16 
16 --> 17 
17 --> 18 
18 --> 19 
19 --> 20 
20 --> 21 
21 --> 22 
22 --> 23 
23 --> 24 
24 --> 25 
25 --> 26 
26 --> 27 
27 --> 28 
28 --> 29 
29 --> 30 
30 --> 31 
31 --> 32 
32 --> 33 
33 --> 

* FSM state operations: 

State 1 <SV = 0> <Delay = 10.5>
ST_1 : Operation 34 [1/1] (0.00ns)   --->   "%t_in_read = read i32 @_ssdm_op_Read.ap_auto.float, i32 %t_in" [C:\scratch\2024.1\hls_product\545\2024.1\src\shared\hls\clib/hlsmath/include/FloatingPoint\hls_tanh.h:28]   --->   Operation 34 'read' 't_in_read' <Predicate = true> <Delay = 0.00>
ST_1 : Operation 35 [1/1] (0.00ns)   --->   "%data = bitcast i32 %t_in_read" [C:\scratch\2024.1\hls_product\545\2024.1\src\shared\hls\clib/src/hls\utils/x_hls_utils.h:288->C:\scratch\2024.1\hls_product\545\2024.1\src\shared\hls\clib/hlsmath/include/FloatingPoint\hls_tanh.h:32]   --->   Operation 35 'bitcast' 'data' <Predicate = true> <Delay = 0.00>
ST_1 : Operation 36 [1/1] (0.00ns)   --->   "%din_sign = bitselect i1 @_ssdm_op_BitSelect.i1.i32.i32, i32 %data, i32 31" [C:\scratch\2024.1\hls_product\545\2024.1\src\shared\hls\clib/src/hls\utils/x_hls_utils.h:294->C:\scratch\2024.1\hls_product\545\2024.1\src\shared\hls\clib/hlsmath/include/FloatingPoint\hls_tanh.h:32]   --->   Operation 36 'bitselect' 'din_sign' <Predicate = true> <Delay = 0.00>
ST_1 : Operation 37 [1/1] (0.00ns)   --->   "%din_exp = partselect i8 @_ssdm_op_PartSelect.i8.i32.i32.i32, i32 %data, i32 23, i32 30" [C:\scratch\2024.1\hls_product\545\2024.1\src\shared\hls\clib/src/hls\utils/x_hls_utils.h:295->C:\scratch\2024.1\hls_product\545\2024.1\src\shared\hls\clib/hlsmath/include/FloatingPoint\hls_tanh.h:32]   --->   Operation 37 'partselect' 'din_exp' <Predicate = true> <Delay = 0.00>
ST_1 : Operation 38 [1/1] (0.00ns)   --->   "%din_sig = trunc i32 %data" [C:\scratch\2024.1\hls_product\545\2024.1\src\shared\hls\clib/src/hls\utils/x_hls_utils.h:296->C:\scratch\2024.1\hls_product\545\2024.1\src\shared\hls\clib/hlsmath/include/FloatingPoint\hls_tanh.h:32]   --->   Operation 38 'trunc' 'din_sig' <Predicate = true> <Delay = 0.00>
ST_1 : Operation 39 [1/1] (0.00ns)   --->   "%trunc_ln313 = trunc i32 %data" [C:\scratch\2024.1\hls_product\545\2024.1\src\shared\hls\clib/src/hls\utils/x_hls_utils.h:313->C:\scratch\2024.1\hls_product\545\2024.1\src\shared\hls\clib/src/hls\utils/x_hls_utils.h:326->C:\scratch\2024.1\hls_product\545\2024.1\src\shared\hls\clib/src/hls\utils/x_hls_utils.h:347->C:\scratch\2024.1\hls_product\545\2024.1\src\shared\hls\clib/hlsmath/include/FloatingPoint/hls_copysign.h:14->C:\scratch\2024.1\hls_product\545\2024.1\src\shared\hls\clib/hlsmath/include/FloatingPoint/hls_fabs.h:13->C:\scratch\2024.1\hls_product\545\2024.1\src\shared\hls\clib/hlsmath/include/FloatingPoint\hls_tanh.h:33]   --->   Operation 39 'trunc' 'trunc_ln313' <Predicate = true> <Delay = 0.00>
ST_1 : Operation 40 [1/1] (0.00ns)   --->   "%t = bitconcatenate i32 @_ssdm_op_BitConcatenate.i32.i1.i31, i1 0, i31 %trunc_ln313" [C:\scratch\2024.1\hls_product\545\2024.1\src\shared\hls\clib/src/hls\utils/x_hls_utils.h:313->C:\scratch\2024.1\hls_product\545\2024.1\src\shared\hls\clib/src/hls\utils/x_hls_utils.h:326->C:\scratch\2024.1\hls_product\545\2024.1\src\shared\hls\clib/src/hls\utils/x_hls_utils.h:347->C:\scratch\2024.1\hls_product\545\2024.1\src\shared\hls\clib/hlsmath/include/FloatingPoint/hls_copysign.h:14->C:\scratch\2024.1\hls_product\545\2024.1\src\shared\hls\clib/hlsmath/include/FloatingPoint/hls_fabs.h:13->C:\scratch\2024.1\hls_product\545\2024.1\src\shared\hls\clib/hlsmath/include/FloatingPoint\hls_tanh.h:33]   --->   Operation 40 'bitconcatenate' 't' <Predicate = true> <Delay = 0.00>
ST_1 : Operation 41 [1/1] (0.00ns)   --->   "%abst_in = bitcast i32 %t" [C:\scratch\2024.1\hls_product\545\2024.1\src\shared\hls\clib/src/hls\utils/x_hls_utils.h:327->C:\scratch\2024.1\hls_product\545\2024.1\src\shared\hls\clib/src/hls\utils/x_hls_utils.h:347->C:\scratch\2024.1\hls_product\545\2024.1\src\shared\hls\clib/hlsmath/include/FloatingPoint/hls_copysign.h:14->C:\scratch\2024.1\hls_product\545\2024.1\src\shared\hls\clib/hlsmath/include/FloatingPoint/hls_fabs.h:13->C:\scratch\2024.1\hls_product\545\2024.1\src\shared\hls\clib/hlsmath/include/FloatingPoint\hls_tanh.h:33]   --->   Operation 41 'bitcast' 'abst_in' <Predicate = true> <Delay = 0.00>
ST_1 : Operation 42 [1/1] (0.76ns)   --->   "%icmp_ln36 = icmp_eq  i8 %din_exp, i8 255" [C:\scratch\2024.1\hls_product\545\2024.1\src\shared\hls\clib/hlsmath/include/FloatingPoint\hls_tanh.h:36]   --->   Operation 42 'icmp' 'icmp_ln36' <Predicate = true> <Delay = 0.76> <CoreInst = "Cmp">   --->   Core 9 'Cmp' <Latency = 0> <II = 1> <Delay = 0.76> <FuncUnit> <Opcode : 'seteq' 'setne' 'setle' 'setge' 'setlt' 'setgt'> <InPorts = 2> <OutPorts = 1>
ST_1 : Operation 43 [1/1] (0.00ns)   --->   "%br_ln36 = br i1 %icmp_ln36, void %if.else5, void %if.then" [C:\scratch\2024.1\hls_product\545\2024.1\src\shared\hls\clib/hlsmath/include/FloatingPoint\hls_tanh.h:36]   --->   Operation 43 'br' 'br_ln36' <Predicate = true> <Delay = 0.00>
ST_1 : Operation 44 [1/1] (0.76ns)   --->   "%icmp_ln45 = icmp_ult  i8 %din_exp, i8 72" [C:\scratch\2024.1\hls_product\545\2024.1\src\shared\hls\clib/hlsmath/include/FloatingPoint\hls_tanh.h:45]   --->   Operation 44 'icmp' 'icmp_ln45' <Predicate = (!icmp_ln36)> <Delay = 0.76> <CoreInst = "Cmp">   --->   Core 9 'Cmp' <Latency = 0> <II = 1> <Delay = 0.76> <FuncUnit> <Opcode : 'seteq' 'setne' 'setle' 'setge' 'setlt' 'setgt'> <InPorts = 2> <OutPorts = 1>
ST_1 : Operation 45 [1/1] (0.00ns)   --->   "%br_ln45 = br i1 %icmp_ln45, void %lor.lhs.false, void %if.then12" [C:\scratch\2024.1\hls_product\545\2024.1\src\shared\hls\clib/hlsmath/include/FloatingPoint\hls_tanh.h:45]   --->   Operation 45 'br' 'br_ln45' <Predicate = (!icmp_ln36)> <Delay = 0.00>
ST_1 : Operation 46 [1/1] (0.76ns)   --->   "%icmp_ln46 = icmp_eq  i8 %din_exp, i8 72" [C:\scratch\2024.1\hls_product\545\2024.1\src\shared\hls\clib/hlsmath/include/FloatingPoint\hls_tanh.h:46]   --->   Operation 46 'icmp' 'icmp_ln46' <Predicate = (!icmp_ln36 & !icmp_ln45)> <Delay = 0.76> <CoreInst = "Cmp">   --->   Core 9 'Cmp' <Latency = 0> <II = 1> <Delay = 0.76> <FuncUnit> <Opcode : 'seteq' 'setne' 'setle' 'setge' 'setlt' 'setgt'> <InPorts = 2> <OutPorts = 1>
ST_1 : Operation 47 [1/1] (0.92ns)   --->   "%icmp_ln46_1 = icmp_eq  i23 %din_sig, i23 0" [C:\scratch\2024.1\hls_product\545\2024.1\src\shared\hls\clib/hlsmath/include/FloatingPoint\hls_tanh.h:46]   --->   Operation 47 'icmp' 'icmp_ln46_1' <Predicate = (!icmp_ln36 & !icmp_ln45)> <Delay = 0.92> <CoreInst = "Cmp">   --->   Core 9 'Cmp' <Latency = 0> <II = 1> <Delay = 0.92> <FuncUnit> <Opcode : 'seteq' 'setne' 'setle' 'setge' 'setlt' 'setgt'> <InPorts = 2> <OutPorts = 1>
ST_1 : Operation 48 [1/1] (0.28ns)   --->   "%and_ln46 = and i1 %icmp_ln46, i1 %icmp_ln46_1" [C:\scratch\2024.1\hls_product\545\2024.1\src\shared\hls\clib/hlsmath/include/FloatingPoint\hls_tanh.h:46]   --->   Operation 48 'and' 'and_ln46' <Predicate = (!icmp_ln36 & !icmp_ln45)> <Delay = 0.28> <CoreInst = "LogicGate">   --->   Core 74 'LogicGate' <Latency = 0> <II = 1> <Delay = 0.28> <FuncUnit> <Opcode : 'and' 'or' 'xor'> <InPorts = 2> <OutPorts = 1>
ST_1 : Operation 49 [1/1] (0.00ns)   --->   "%br_ln46 = br i1 %and_ln46, void %if.else13, void %if.then12" [C:\scratch\2024.1\hls_product\545\2024.1\src\shared\hls\clib/hlsmath/include/FloatingPoint\hls_tanh.h:46]   --->   Operation 49 'br' 'br_ln46' <Predicate = (!icmp_ln36 & !icmp_ln45)> <Delay = 0.00>
ST_1 : Operation 50 [2/2] (2.78ns)   --->   "%tmp_30 = fcmp_olt  i32 %abst_in, i32 22" [C:\scratch\2024.1\hls_product\545\2024.1\src\shared\hls\clib/hlsmath/include/FloatingPoint\hls_tanh.h:51]   --->   Operation 50 'fcmp' 'tmp_30' <Predicate = (!icmp_ln36 & !icmp_ln45 & !and_ln46)> <Delay = 2.78> <CoreInst = "FCompare">   --->   Core 19 'FCompare' <Latency = 1> <II = 1> <Delay = 2.78> <FuncUnit> <Opcode : 'fcmp'> <InPorts = 2> <OutPorts = 1>
ST_1 : Operation 51 [3/3] (10.5ns)   --->   "%add = fadd i32 %abst_in, i32 1" [C:\scratch\2024.1\hls_product\545\2024.1\src\shared\hls\clib/hlsmath/include/FloatingPoint\hls_tanh.h:49]   --->   Operation 51 'fadd' 'add' <Predicate = (!icmp_ln36 & and_ln46) | (!icmp_ln36 & icmp_ln45)> <Delay = 10.5> <CoreInst = "FAddSub_fulldsp">   --->   Core 18 'FAddSub_fulldsp' <Latency = 2> <II = 1> <Delay = 10.5> <FuncUnit> <Opcode : 'fadd' 'fsub'> <InPorts = 2> <OutPorts = 1>
ST_1 : Operation 52 [1/1] (0.92ns)   --->   "%icmp_ln38 = icmp_ne  i23 %din_sig, i23 0" [C:\scratch\2024.1\hls_product\545\2024.1\src\shared\hls\clib/hlsmath/include/FloatingPoint\hls_tanh.h:38]   --->   Operation 52 'icmp' 'icmp_ln38' <Predicate = (icmp_ln36)> <Delay = 0.92> <CoreInst = "Cmp">   --->   Core 9 'Cmp' <Latency = 0> <II = 1> <Delay = 0.92> <FuncUnit> <Opcode : 'seteq' 'setne' 'setle' 'setge' 'setlt' 'setgt'> <InPorts = 2> <OutPorts = 1>

State 2 <SV = 1> <Delay = 10.5>
ST_2 : Operation 53 [1/2] (2.78ns)   --->   "%tmp_30 = fcmp_olt  i32 %abst_in, i32 22" [C:\scratch\2024.1\hls_product\545\2024.1\src\shared\hls\clib/hlsmath/include/FloatingPoint\hls_tanh.h:51]   --->   Operation 53 'fcmp' 'tmp_30' <Predicate = (!icmp_ln36 & !icmp_ln45 & !and_ln46)> <Delay = 2.78> <CoreInst = "FCompare">   --->   Core 19 'FCompare' <Latency = 1> <II = 1> <Delay = 2.78> <FuncUnit> <Opcode : 'fcmp'> <InPorts = 2> <OutPorts = 1>
ST_2 : Operation 54 [1/1] (0.57ns)   --->   "%br_ln51 = br i1 %tmp_30, void %if.end38, void %if.then14" [C:\scratch\2024.1\hls_product\545\2024.1\src\shared\hls\clib/hlsmath/include/FloatingPoint\hls_tanh.h:51]   --->   Operation 54 'br' 'br_ln51' <Predicate = (!icmp_ln36 & !icmp_ln45 & !and_ln46)> <Delay = 0.57>
ST_2 : Operation 55 [1/1] (0.76ns)   --->   "%icmp_ln54 = icmp_ult  i8 %din_exp, i8 127" [C:\scratch\2024.1\hls_product\545\2024.1\src\shared\hls\clib/hlsmath/include/FloatingPoint\hls_tanh.h:54]   --->   Operation 55 'icmp' 'icmp_ln54' <Predicate = (!icmp_ln36 & !icmp_ln45 & !and_ln46 & tmp_30)> <Delay = 0.76> <CoreInst = "Cmp">   --->   Core 9 'Cmp' <Latency = 0> <II = 1> <Delay = 0.76> <FuncUnit> <Opcode : 'seteq' 'setne' 'setle' 'setge' 'setlt' 'setgt'> <InPorts = 2> <OutPorts = 1>
ST_2 : Operation 56 [1/1] (0.00ns)   --->   "%or_ln = bitconcatenate i32 @_ssdm_op_BitConcatenate.i32.i1.i31, i1 1, i31 %trunc_ln313" [C:\scratch\2024.1\hls_product\545\2024.1\src\shared\hls\clib/hlsmath/include/FloatingPoint\hls_tanh.h:55]   --->   Operation 56 'bitconcatenate' 'or_ln' <Predicate = (!icmp_ln36 & !icmp_ln45 & !and_ln46 & tmp_30)> <Delay = 0.00>
ST_2 : Operation 57 [1/1] (0.00ns)   --->   "%bitcast_ln55 = bitcast i32 %or_ln" [C:\scratch\2024.1\hls_product\545\2024.1\src\shared\hls\clib/hlsmath/include/FloatingPoint\hls_tanh.h:55]   --->   Operation 57 'bitcast' 'bitcast_ln55' <Predicate = (!icmp_ln36 & !icmp_ln45 & !and_ln46 & tmp_30)> <Delay = 0.00>
ST_2 : Operation 58 [3/3] (10.5ns)   --->   "%x = fsub i32 %bitcast_ln55, i32 %abst_in" [C:\scratch\2024.1\hls_product\545\2024.1\src\shared\hls\clib/hlsmath/include/FloatingPoint\hls_tanh.h:55]   --->   Operation 58 'fsub' 'x' <Predicate = (!icmp_ln36 & !icmp_ln45 & !and_ln46 & tmp_30)> <Delay = 10.5> <CoreInst = "FAddSub_fulldsp">   --->   Core 18 'FAddSub_fulldsp' <Latency = 2> <II = 1> <Delay = 10.5> <FuncUnit> <Opcode : 'fadd' 'fsub'> <InPorts = 2> <OutPorts = 1>
ST_2 : Operation 59 [3/3] (10.5ns)   --->   "%x_4 = fadd i32 %abst_in, i32 %abst_in" [C:\scratch\2024.1\hls_product\545\2024.1\src\shared\hls\clib/hlsmath/include/FloatingPoint\hls_tanh.h:58]   --->   Operation 59 'fadd' 'x_4' <Predicate = (!icmp_ln36 & !icmp_ln45 & !and_ln46 & tmp_30)> <Delay = 10.5> <CoreInst = "FAddSub_fulldsp">   --->   Core 18 'FAddSub_fulldsp' <Latency = 2> <II = 1> <Delay = 10.5> <FuncUnit> <Opcode : 'fadd' 'fsub'> <InPorts = 2> <OutPorts = 1>
ST_2 : Operation 60 [1/1] (0.00ns)   --->   "%br_ln63 = br i1 %icmp_ln54, void %if.else28, void %if.then25" [C:\scratch\2024.1\hls_product\545\2024.1\src\shared\hls\clib/hlsmath/include/FloatingPoint\hls_tanh.h:63]   --->   Operation 60 'br' 'br_ln63' <Predicate = (!icmp_ln36 & !icmp_ln45 & !and_ln46 & tmp_30)> <Delay = 0.00>
ST_2 : Operation 61 [2/3] (10.5ns)   --->   "%add = fadd i32 %abst_in, i32 1" [C:\scratch\2024.1\hls_product\545\2024.1\src\shared\hls\clib/hlsmath/include/FloatingPoint\hls_tanh.h:49]   --->   Operation 61 'fadd' 'add' <Predicate = (!icmp_ln36 & and_ln46) | (!icmp_ln36 & icmp_ln45)> <Delay = 10.5> <CoreInst = "FAddSub_fulldsp">   --->   Core 18 'FAddSub_fulldsp' <Latency = 2> <II = 1> <Delay = 10.5> <FuncUnit> <Opcode : 'fadd' 'fsub'> <InPorts = 2> <OutPorts = 1>

State 3 <SV = 2> <Delay = 10.5>
ST_3 : Operation 62 [2/3] (10.5ns)   --->   "%x = fsub i32 %bitcast_ln55, i32 %abst_in" [C:\scratch\2024.1\hls_product\545\2024.1\src\shared\hls\clib/hlsmath/include/FloatingPoint\hls_tanh.h:55]   --->   Operation 62 'fsub' 'x' <Predicate = (!icmp_ln36 & !icmp_ln45 & !and_ln46 & tmp_30)> <Delay = 10.5> <CoreInst = "FAddSub_fulldsp">   --->   Core 18 'FAddSub_fulldsp' <Latency = 2> <II = 1> <Delay = 10.5> <FuncUnit> <Opcode : 'fadd' 'fsub'> <InPorts = 2> <OutPorts = 1>
ST_3 : Operation 63 [2/3] (10.5ns)   --->   "%x_4 = fadd i32 %abst_in, i32 %abst_in" [C:\scratch\2024.1\hls_product\545\2024.1\src\shared\hls\clib/hlsmath/include/FloatingPoint\hls_tanh.h:58]   --->   Operation 63 'fadd' 'x_4' <Predicate = (!icmp_ln36 & !icmp_ln45 & !and_ln46 & tmp_30)> <Delay = 10.5> <CoreInst = "FAddSub_fulldsp">   --->   Core 18 'FAddSub_fulldsp' <Latency = 2> <II = 1> <Delay = 10.5> <FuncUnit> <Opcode : 'fadd' 'fsub'> <InPorts = 2> <OutPorts = 1>
ST_3 : Operation 64 [1/3] (10.5ns)   --->   "%add = fadd i32 %abst_in, i32 1" [C:\scratch\2024.1\hls_product\545\2024.1\src\shared\hls\clib/hlsmath/include/FloatingPoint\hls_tanh.h:49]   --->   Operation 64 'fadd' 'add' <Predicate = (!icmp_ln36 & and_ln46) | (!icmp_ln36 & icmp_ln45)> <Delay = 10.5> <CoreInst = "FAddSub_fulldsp">   --->   Core 18 'FAddSub_fulldsp' <Latency = 2> <II = 1> <Delay = 10.5> <FuncUnit> <Opcode : 'fadd' 'fsub'> <InPorts = 2> <OutPorts = 1>

State 4 <SV = 3> <Delay = 10.5>
ST_4 : Operation 65 [1/3] (10.5ns)   --->   "%x = fsub i32 %bitcast_ln55, i32 %abst_in" [C:\scratch\2024.1\hls_product\545\2024.1\src\shared\hls\clib/hlsmath/include/FloatingPoint\hls_tanh.h:55]   --->   Operation 65 'fsub' 'x' <Predicate = (!icmp_ln36 & !icmp_ln45 & !and_ln46 & tmp_30)> <Delay = 10.5> <CoreInst = "FAddSub_fulldsp">   --->   Core 18 'FAddSub_fulldsp' <Latency = 2> <II = 1> <Delay = 10.5> <FuncUnit> <Opcode : 'fadd' 'fsub'> <InPorts = 2> <OutPorts = 1>
ST_4 : Operation 66 [1/3] (10.5ns)   --->   "%x_4 = fadd i32 %abst_in, i32 %abst_in" [C:\scratch\2024.1\hls_product\545\2024.1\src\shared\hls\clib/hlsmath/include/FloatingPoint\hls_tanh.h:58]   --->   Operation 66 'fadd' 'x_4' <Predicate = (!icmp_ln36 & !icmp_ln45 & !and_ln46 & tmp_30)> <Delay = 10.5> <CoreInst = "FAddSub_fulldsp">   --->   Core 18 'FAddSub_fulldsp' <Latency = 2> <II = 1> <Delay = 10.5> <FuncUnit> <Opcode : 'fadd' 'fsub'> <InPorts = 2> <OutPorts = 1>
ST_4 : Operation 67 [2/2] (8.41ns)   --->   "%resultf = fmul i32 %abst_in, i32 %add" [C:\scratch\2024.1\hls_product\545\2024.1\src\shared\hls\clib/hlsmath/include/FloatingPoint\hls_tanh.h:49]   --->   Operation 67 'fmul' 'resultf' <Predicate = (!icmp_ln36 & and_ln46) | (!icmp_ln36 & icmp_ln45)> <Delay = 8.41> <CoreInst = "FMul_maxdsp">   --->   Core 30 'FMul_maxdsp' <Latency = 1> <II = 1> <Delay = 8.41> <FuncUnit> <Opcode : 'fmul'> <InPorts = 2> <OutPorts = 1>

State 5 <SV = 4> <Delay = 10.0>
ST_5 : Operation 68 [1/1] (0.44ns)   --->   "%x_6 = select i1 %icmp_ln54, i32 %x, i32 %x_4" [C:\scratch\2024.1\hls_product\545\2024.1\src\shared\hls\clib/hlsmath/include/FloatingPoint\hls_tanh.h:54]   --->   Operation 68 'select' 'x_6' <Predicate = (!icmp_ln36 & !icmp_ln45 & !and_ln46 & tmp_30)> <Delay = 0.44> <CoreInst = "Sel">   --->   Core 73 'Sel' <Latency = 0> <II = 1> <Delay = 0.44> <FuncUnit> <Opcode : 'select'> <InPorts = 3> <OutPorts = 1>
ST_5 : Operation 69 [1/1] (0.00ns)   --->   "%data_4 = bitcast i32 %x_6" [C:\scratch\2024.1\hls_product\545\2024.1\src\shared\hls\clib/src/hls\utils/x_hls_utils.h:288->C:\scratch\2024.1\hls_product\545\2024.1\src\shared\hls\clib\hlsmath\src\common\hls_exp_float.cpp:8->C:\scratch\2024.1\hls_product\545\2024.1\src\shared\hls\clib/hlsmath/include/FloatingPoint\hls_tanh.h:61]   --->   Operation 69 'bitcast' 'data_4' <Predicate = (!icmp_ln36 & !icmp_ln45 & !and_ln46 & tmp_30)> <Delay = 0.00>
ST_5 : Operation 70 [1/1] (0.00ns)   --->   "%xs_exp_1 = partselect i8 @_ssdm_op_PartSelect.i8.i32.i32.i32, i32 %data_4, i32 23, i32 30" [C:\scratch\2024.1\hls_product\545\2024.1\src\shared\hls\clib/src/hls\utils/x_hls_utils.h:295->C:\scratch\2024.1\hls_product\545\2024.1\src\shared\hls\clib\hlsmath\src\common\hls_exp_float.cpp:8->C:\scratch\2024.1\hls_product\545\2024.1\src\shared\hls\clib/hlsmath/include/FloatingPoint\hls_tanh.h:61]   --->   Operation 70 'partselect' 'xs_exp_1' <Predicate = (!icmp_ln36 & !icmp_ln45 & !and_ln46 & tmp_30)> <Delay = 0.00>
ST_5 : Operation 71 [1/1] (0.76ns)   --->   "%icmp_ln9 = icmp_eq  i8 %xs_exp_1, i8 0" [C:\scratch\2024.1\hls_product\545\2024.1\src\shared\hls\clib\hlsmath\src\common\hls_exp_float.cpp:9->C:\scratch\2024.1\hls_product\545\2024.1\src\shared\hls\clib/hlsmath/include/FloatingPoint\hls_tanh.h:61]   --->   Operation 71 'icmp' 'icmp_ln9' <Predicate = (!icmp_ln36 & !icmp_ln45 & !and_ln46 & tmp_30)> <Delay = 0.76> <CoreInst = "Cmp">   --->   Core 9 'Cmp' <Latency = 0> <II = 1> <Delay = 0.76> <FuncUnit> <Opcode : 'seteq' 'setne' 'setle' 'setge' 'setlt' 'setgt'> <InPorts = 2> <OutPorts = 1>
ST_5 : Operation 72 [1/1] (0.47ns)   --->   "%br_ln9 = br i1 %icmp_ln9, void %if.end.i, void %_ZN11exp_reduce_5expm1Ef.exit" [C:\scratch\2024.1\hls_product\545\2024.1\src\shared\hls\clib\hlsmath\src\common\hls_exp_float.cpp:9->C:\scratch\2024.1\hls_product\545\2024.1\src\shared\hls\clib/hlsmath/include/FloatingPoint\hls_tanh.h:61]   --->   Operation 72 'br' 'br_ln9' <Predicate = (!icmp_ln36 & !icmp_ln45 & !and_ln46 & tmp_30)> <Delay = 0.47>
ST_5 : Operation 73 [1/1] (0.76ns)   --->   "%icmp_ln10 = icmp_ult  i8 %xs_exp_1, i8 96" [C:\scratch\2024.1\hls_product\545\2024.1\src\shared\hls\clib\hlsmath\src\common\hls_exp_float.cpp:10->C:\scratch\2024.1\hls_product\545\2024.1\src\shared\hls\clib/hlsmath/include/FloatingPoint\hls_tanh.h:61]   --->   Operation 73 'icmp' 'icmp_ln10' <Predicate = (!icmp_ln36 & !icmp_ln45 & !and_ln46 & tmp_30 & !icmp_ln9)> <Delay = 0.76> <CoreInst = "Cmp">   --->   Core 9 'Cmp' <Latency = 0> <II = 1> <Delay = 0.76> <FuncUnit> <Opcode : 'seteq' 'setne' 'setle' 'setge' 'setlt' 'setgt'> <InPorts = 2> <OutPorts = 1>
ST_5 : Operation 74 [1/1] (0.47ns)   --->   "%br_ln10 = br i1 %icmp_ln10, void %if.end4.i, void %_ZN11exp_reduce_5expm1Ef.exit" [C:\scratch\2024.1\hls_product\545\2024.1\src\shared\hls\clib\hlsmath\src\common\hls_exp_float.cpp:10->C:\scratch\2024.1\hls_product\545\2024.1\src\shared\hls\clib/hlsmath/include/FloatingPoint\hls_tanh.h:61]   --->   Operation 74 'br' 'br_ln10' <Predicate = (!icmp_ln36 & !icmp_ln45 & !and_ln46 & tmp_30 & !icmp_ln9)> <Delay = 0.47>
ST_5 : Operation 75 [1/1] (9.61ns)   --->   "%xd = fpext i32 %x_6" [C:\scratch\2024.1\hls_product\545\2024.1\src\shared\hls\clib\hlsmath\src\common\hls_exp_float.cpp:11->C:\scratch\2024.1\hls_product\545\2024.1\src\shared\hls\clib/hlsmath/include/FloatingPoint\hls_tanh.h:61]   --->   Operation 75 'fpext' 'xd' <Predicate = (!icmp_ln36 & !icmp_ln45 & !and_ln46 & tmp_30 & !icmp_ln9 & !icmp_ln10)> <Delay = 9.61> <CoreInst = "Float2Double">   --->   Core 64 'Float2Double' <Latency = 0> <II = 1> <Delay = 9.61> <FuncUnit> <Opcode : 'fpext'> <InPorts = 1> <OutPorts = 1>
ST_5 : Operation 76 [1/2] (8.41ns)   --->   "%resultf = fmul i32 %abst_in, i32 %add" [C:\scratch\2024.1\hls_product\545\2024.1\src\shared\hls\clib/hlsmath/include/FloatingPoint\hls_tanh.h:49]   --->   Operation 76 'fmul' 'resultf' <Predicate = (!icmp_ln36 & and_ln46) | (!icmp_ln36 & icmp_ln45)> <Delay = 8.41> <CoreInst = "FMul_maxdsp">   --->   Core 30 'FMul_maxdsp' <Latency = 1> <II = 1> <Delay = 8.41> <FuncUnit> <Opcode : 'fmul'> <InPorts = 2> <OutPorts = 1>
ST_5 : Operation 77 [1/1] (0.57ns)   --->   "%br_ln50 = br void %if.end38" [C:\scratch\2024.1\hls_product\545\2024.1\src\shared\hls\clib/hlsmath/include/FloatingPoint\hls_tanh.h:50]   --->   Operation 77 'br' 'br_ln50' <Predicate = (!icmp_ln36 & and_ln46) | (!icmp_ln36 & icmp_ln45)> <Delay = 0.57>

State 6 <SV = 5> <Delay = 6.12>
ST_6 : Operation 78 [8/8] (6.12ns)   --->   "%tmp_s = call i64 @exp_generic<double>, i64 %xd, i58 %table_exp_Z1_ap_ufixed_58_1_ap_q_mode_5_ap_o_mode_3_0_array, i26 %table_f_Z3_ap_ufixed_59_0_ap_q_mode_5_ap_o_mode_3_0_array, i42 %table_f_Z2_ap_ufixed_59_0_ap_q_mode_5_ap_o_mode_3_0_array" [C:\scratch\2024.1\hls_product\545\2024.1\src\shared\hls\clib\hlsmath\src\common\hls_exp_float.cpp:12->C:\scratch\2024.1\hls_product\545\2024.1\src\shared\hls\clib/hlsmath/include/FloatingPoint\hls_tanh.h:61]   --->   Operation 78 'call' 'tmp_s' <Predicate = (!icmp_ln36 & !icmp_ln45 & !and_ln46 & tmp_30 & !icmp_ln9 & !icmp_ln10)> <Delay = 6.12> <CoreType = "Generic">   --->   Core 0 '' <Latency = 0> <II = 1> <Delay = 1.00> <Generic> <Opcode : >

State 7 <SV = 6> <Delay = 8.97>
ST_7 : Operation 79 [7/8] (8.97ns)   --->   "%tmp_s = call i64 @exp_generic<double>, i64 %xd, i58 %table_exp_Z1_ap_ufixed_58_1_ap_q_mode_5_ap_o_mode_3_0_array, i26 %table_f_Z3_ap_ufixed_59_0_ap_q_mode_5_ap_o_mode_3_0_array, i42 %table_f_Z2_ap_ufixed_59_0_ap_q_mode_5_ap_o_mode_3_0_array" [C:\scratch\2024.1\hls_product\545\2024.1\src\shared\hls\clib\hlsmath\src\common\hls_exp_float.cpp:12->C:\scratch\2024.1\hls_product\545\2024.1\src\shared\hls\clib/hlsmath/include/FloatingPoint\hls_tanh.h:61]   --->   Operation 79 'call' 'tmp_s' <Predicate = (!icmp_ln36 & !icmp_ln45 & !and_ln46 & tmp_30 & !icmp_ln9 & !icmp_ln10)> <Delay = 8.97> <CoreType = "Generic">   --->   Core 0 '' <Latency = 0> <II = 1> <Delay = 1.00> <Generic> <Opcode : >

State 8 <SV = 7> <Delay = 8.97>
ST_8 : Operation 80 [6/8] (8.97ns)   --->   "%tmp_s = call i64 @exp_generic<double>, i64 %xd, i58 %table_exp_Z1_ap_ufixed_58_1_ap_q_mode_5_ap_o_mode_3_0_array, i26 %table_f_Z3_ap_ufixed_59_0_ap_q_mode_5_ap_o_mode_3_0_array, i42 %table_f_Z2_ap_ufixed_59_0_ap_q_mode_5_ap_o_mode_3_0_array" [C:\scratch\2024.1\hls_product\545\2024.1\src\shared\hls\clib\hlsmath\src\common\hls_exp_float.cpp:12->C:\scratch\2024.1\hls_product\545\2024.1\src\shared\hls\clib/hlsmath/include/FloatingPoint\hls_tanh.h:61]   --->   Operation 80 'call' 'tmp_s' <Predicate = (!icmp_ln36 & !icmp_ln45 & !and_ln46 & tmp_30 & !icmp_ln9 & !icmp_ln10)> <Delay = 8.97> <CoreType = "Generic">   --->   Core 0 '' <Latency = 0> <II = 1> <Delay = 1.00> <Generic> <Opcode : >

State 9 <SV = 8> <Delay = 8.97>
ST_9 : Operation 81 [5/8] (8.97ns)   --->   "%tmp_s = call i64 @exp_generic<double>, i64 %xd, i58 %table_exp_Z1_ap_ufixed_58_1_ap_q_mode_5_ap_o_mode_3_0_array, i26 %table_f_Z3_ap_ufixed_59_0_ap_q_mode_5_ap_o_mode_3_0_array, i42 %table_f_Z2_ap_ufixed_59_0_ap_q_mode_5_ap_o_mode_3_0_array" [C:\scratch\2024.1\hls_product\545\2024.1\src\shared\hls\clib\hlsmath\src\common\hls_exp_float.cpp:12->C:\scratch\2024.1\hls_product\545\2024.1\src\shared\hls\clib/hlsmath/include/FloatingPoint\hls_tanh.h:61]   --->   Operation 81 'call' 'tmp_s' <Predicate = (!icmp_ln36 & !icmp_ln45 & !and_ln46 & tmp_30 & !icmp_ln9 & !icmp_ln10)> <Delay = 8.97> <CoreType = "Generic">   --->   Core 0 '' <Latency = 0> <II = 1> <Delay = 1.00> <Generic> <Opcode : >

State 10 <SV = 9> <Delay = 8.97>
ST_10 : Operation 82 [4/8] (8.97ns)   --->   "%tmp_s = call i64 @exp_generic<double>, i64 %xd, i58 %table_exp_Z1_ap_ufixed_58_1_ap_q_mode_5_ap_o_mode_3_0_array, i26 %table_f_Z3_ap_ufixed_59_0_ap_q_mode_5_ap_o_mode_3_0_array, i42 %table_f_Z2_ap_ufixed_59_0_ap_q_mode_5_ap_o_mode_3_0_array" [C:\scratch\2024.1\hls_product\545\2024.1\src\shared\hls\clib\hlsmath\src\common\hls_exp_float.cpp:12->C:\scratch\2024.1\hls_product\545\2024.1\src\shared\hls\clib/hlsmath/include/FloatingPoint\hls_tanh.h:61]   --->   Operation 82 'call' 'tmp_s' <Predicate = (!icmp_ln36 & !icmp_ln45 & !and_ln46 & tmp_30 & !icmp_ln9 & !icmp_ln10)> <Delay = 8.97> <CoreType = "Generic">   --->   Core 0 '' <Latency = 0> <II = 1> <Delay = 1.00> <Generic> <Opcode : >

State 11 <SV = 10> <Delay = 8.97>
ST_11 : Operation 83 [3/8] (8.97ns)   --->   "%tmp_s = call i64 @exp_generic<double>, i64 %xd, i58 %table_exp_Z1_ap_ufixed_58_1_ap_q_mode_5_ap_o_mode_3_0_array, i26 %table_f_Z3_ap_ufixed_59_0_ap_q_mode_5_ap_o_mode_3_0_array, i42 %table_f_Z2_ap_ufixed_59_0_ap_q_mode_5_ap_o_mode_3_0_array" [C:\scratch\2024.1\hls_product\545\2024.1\src\shared\hls\clib\hlsmath\src\common\hls_exp_float.cpp:12->C:\scratch\2024.1\hls_product\545\2024.1\src\shared\hls\clib/hlsmath/include/FloatingPoint\hls_tanh.h:61]   --->   Operation 83 'call' 'tmp_s' <Predicate = (!icmp_ln36 & !icmp_ln45 & !and_ln46 & tmp_30 & !icmp_ln9 & !icmp_ln10)> <Delay = 8.97> <CoreType = "Generic">   --->   Core 0 '' <Latency = 0> <II = 1> <Delay = 1.00> <Generic> <Opcode : >

State 12 <SV = 11> <Delay = 8.97>
ST_12 : Operation 84 [2/8] (8.97ns)   --->   "%tmp_s = call i64 @exp_generic<double>, i64 %xd, i58 %table_exp_Z1_ap_ufixed_58_1_ap_q_mode_5_ap_o_mode_3_0_array, i26 %table_f_Z3_ap_ufixed_59_0_ap_q_mode_5_ap_o_mode_3_0_array, i42 %table_f_Z2_ap_ufixed_59_0_ap_q_mode_5_ap_o_mode_3_0_array" [C:\scratch\2024.1\hls_product\545\2024.1\src\shared\hls\clib\hlsmath\src\common\hls_exp_float.cpp:12->C:\scratch\2024.1\hls_product\545\2024.1\src\shared\hls\clib/hlsmath/include/FloatingPoint\hls_tanh.h:61]   --->   Operation 84 'call' 'tmp_s' <Predicate = (!icmp_ln36 & !icmp_ln45 & !and_ln46 & tmp_30 & !icmp_ln9 & !icmp_ln10)> <Delay = 8.97> <CoreType = "Generic">   --->   Core 0 '' <Latency = 0> <II = 1> <Delay = 1.00> <Generic> <Opcode : >

State 13 <SV = 12> <Delay = 8.58>
ST_13 : Operation 85 [1/8] (8.58ns)   --->   "%tmp_s = call i64 @exp_generic<double>, i64 %xd, i58 %table_exp_Z1_ap_ufixed_58_1_ap_q_mode_5_ap_o_mode_3_0_array, i26 %table_f_Z3_ap_ufixed_59_0_ap_q_mode_5_ap_o_mode_3_0_array, i42 %table_f_Z2_ap_ufixed_59_0_ap_q_mode_5_ap_o_mode_3_0_array" [C:\scratch\2024.1\hls_product\545\2024.1\src\shared\hls\clib\hlsmath\src\common\hls_exp_float.cpp:12->C:\scratch\2024.1\hls_product\545\2024.1\src\shared\hls\clib/hlsmath/include/FloatingPoint\hls_tanh.h:61]   --->   Operation 85 'call' 'tmp_s' <Predicate = (!icmp_ln36 & !icmp_ln45 & !and_ln46 & tmp_30 & !icmp_ln9 & !icmp_ln10)> <Delay = 8.58> <CoreType = "Generic">   --->   Core 0 '' <Latency = 0> <II = 1> <Delay = 1.00> <Generic> <Opcode : >

State 14 <SV = 13> <Delay = 9.18>
ST_14 : Operation 86 [4/4] (9.18ns)   --->   "%sub_i = dadd i64 %tmp_s, i64 -1" [C:\scratch\2024.1\hls_product\545\2024.1\src\shared\hls\clib\hlsmath\src\common\hls_exp_float.cpp:12->C:\scratch\2024.1\hls_product\545\2024.1\src\shared\hls\clib/hlsmath/include/FloatingPoint\hls_tanh.h:61]   --->   Operation 86 'dadd' 'sub_i' <Predicate = (!icmp_ln36 & !icmp_ln45 & !and_ln46 & tmp_30 & !icmp_ln9 & !icmp_ln10)> <Delay = 9.18> <CoreInst = "DAddSub_fulldsp">   --->   Core 37 'DAddSub_fulldsp' <Latency = 3> <II = 1> <Delay = 9.18> <FuncUnit> <Opcode : 'dadd' 'dsub'> <InPorts = 2> <OutPorts = 1>

State 15 <SV = 14> <Delay = 9.18>
ST_15 : Operation 87 [3/4] (9.18ns)   --->   "%sub_i = dadd i64 %tmp_s, i64 -1" [C:\scratch\2024.1\hls_product\545\2024.1\src\shared\hls\clib\hlsmath\src\common\hls_exp_float.cpp:12->C:\scratch\2024.1\hls_product\545\2024.1\src\shared\hls\clib/hlsmath/include/FloatingPoint\hls_tanh.h:61]   --->   Operation 87 'dadd' 'sub_i' <Predicate = (!icmp_ln36 & !icmp_ln45 & !and_ln46 & tmp_30 & !icmp_ln9 & !icmp_ln10)> <Delay = 9.18> <CoreInst = "DAddSub_fulldsp">   --->   Core 37 'DAddSub_fulldsp' <Latency = 3> <II = 1> <Delay = 9.18> <FuncUnit> <Opcode : 'dadd' 'dsub'> <InPorts = 2> <OutPorts = 1>

State 16 <SV = 15> <Delay = 9.18>
ST_16 : Operation 88 [2/4] (9.18ns)   --->   "%sub_i = dadd i64 %tmp_s, i64 -1" [C:\scratch\2024.1\hls_product\545\2024.1\src\shared\hls\clib\hlsmath\src\common\hls_exp_float.cpp:12->C:\scratch\2024.1\hls_product\545\2024.1\src\shared\hls\clib/hlsmath/include/FloatingPoint\hls_tanh.h:61]   --->   Operation 88 'dadd' 'sub_i' <Predicate = (!icmp_ln36 & !icmp_ln45 & !and_ln46 & tmp_30 & !icmp_ln9 & !icmp_ln10)> <Delay = 9.18> <CoreInst = "DAddSub_fulldsp">   --->   Core 37 'DAddSub_fulldsp' <Latency = 3> <II = 1> <Delay = 9.18> <FuncUnit> <Opcode : 'dadd' 'dsub'> <InPorts = 2> <OutPorts = 1>

State 17 <SV = 16> <Delay = 9.18>
ST_17 : Operation 89 [1/4] (9.18ns)   --->   "%sub_i = dadd i64 %tmp_s, i64 -1" [C:\scratch\2024.1\hls_product\545\2024.1\src\shared\hls\clib\hlsmath\src\common\hls_exp_float.cpp:12->C:\scratch\2024.1\hls_product\545\2024.1\src\shared\hls\clib/hlsmath/include/FloatingPoint\hls_tanh.h:61]   --->   Operation 89 'dadd' 'sub_i' <Predicate = (!icmp_ln36 & !icmp_ln45 & !and_ln46 & tmp_30 & !icmp_ln9 & !icmp_ln10)> <Delay = 9.18> <CoreInst = "DAddSub_fulldsp">   --->   Core 37 'DAddSub_fulldsp' <Latency = 3> <II = 1> <Delay = 9.18> <FuncUnit> <Opcode : 'dadd' 'dsub'> <InPorts = 2> <OutPorts = 1>

State 18 <SV = 17> <Delay = 2.89>
ST_18 : Operation 90 [2/2] (2.89ns)   --->   "%conv6_i = fptrunc i64 %sub_i" [C:\scratch\2024.1\hls_product\545\2024.1\src\shared\hls\clib\hlsmath\src\common\hls_exp_float.cpp:12->C:\scratch\2024.1\hls_product\545\2024.1\src\shared\hls\clib/hlsmath/include/FloatingPoint\hls_tanh.h:61]   --->   Operation 90 'fptrunc' 'conv6_i' <Predicate = (!icmp_ln36 & !icmp_ln45 & !and_ln46 & tmp_30 & !icmp_ln9 & !icmp_ln10)> <Delay = 2.89> <CoreInst = "Double2Float">   --->   Core 67 'Double2Float' <Latency = 1> <II = 1> <Delay = 2.89> <FuncUnit> <Opcode : 'fptrunc'> <InPorts = 1> <OutPorts = 1>

State 19 <SV = 18> <Delay = 2.89>
ST_19 : Operation 91 [1/2] (2.89ns)   --->   "%conv6_i = fptrunc i64 %sub_i" [C:\scratch\2024.1\hls_product\545\2024.1\src\shared\hls\clib\hlsmath\src\common\hls_exp_float.cpp:12->C:\scratch\2024.1\hls_product\545\2024.1\src\shared\hls\clib/hlsmath/include/FloatingPoint\hls_tanh.h:61]   --->   Operation 91 'fptrunc' 'conv6_i' <Predicate = (!icmp_ln36 & !icmp_ln45 & !and_ln46 & tmp_30 & !icmp_ln9 & !icmp_ln10)> <Delay = 2.89> <CoreInst = "Double2Float">   --->   Core 67 'Double2Float' <Latency = 1> <II = 1> <Delay = 2.89> <FuncUnit> <Opcode : 'fptrunc'> <InPorts = 1> <OutPorts = 1>
ST_19 : Operation 92 [1/1] (0.47ns)   --->   "%br_ln0 = br void %_ZN11exp_reduce_5expm1Ef.exit"   --->   Operation 92 'br' 'br_ln0' <Predicate = (!icmp_ln36 & !icmp_ln45 & !and_ln46 & tmp_30 & !icmp_ln9 & !icmp_ln10)> <Delay = 0.47>

State 20 <SV = 19> <Delay = 10.5>
ST_20 : Operation 93 [1/1] (0.00ns)   --->   "%expx = phi i32 %conv6_i, void %if.end4.i, i32 0, void %if.then14, i32 %x_6, void %if.end.i"   --->   Operation 93 'phi' 'expx' <Predicate = (!icmp_ln36 & !icmp_ln45 & !and_ln46 & tmp_30)> <Delay = 0.00>
ST_20 : Operation 94 [3/3] (10.5ns)   --->   "%add2 = fadd i32 %expx, i32 2" [C:\scratch\2024.1\hls_product\545\2024.1\src\shared\hls\clib/hlsmath/include/FloatingPoint\hls_tanh.h:71]   --->   Operation 94 'fadd' 'add2' <Predicate = (!icmp_ln36 & !icmp_ln45 & !and_ln46 & tmp_30)> <Delay = 10.5> <CoreInst = "FAddSub_fulldsp">   --->   Core 18 'FAddSub_fulldsp' <Latency = 2> <II = 1> <Delay = 10.5> <FuncUnit> <Opcode : 'fadd' 'fsub'> <InPorts = 2> <OutPorts = 1>

State 21 <SV = 20> <Delay = 10.5>
ST_21 : Operation 95 [2/3] (10.5ns)   --->   "%add2 = fadd i32 %expx, i32 2" [C:\scratch\2024.1\hls_product\545\2024.1\src\shared\hls\clib/hlsmath/include/FloatingPoint\hls_tanh.h:71]   --->   Operation 95 'fadd' 'add2' <Predicate = (!icmp_ln36 & !icmp_ln45 & !and_ln46 & tmp_30)> <Delay = 10.5> <CoreInst = "FAddSub_fulldsp">   --->   Core 18 'FAddSub_fulldsp' <Latency = 2> <II = 1> <Delay = 10.5> <FuncUnit> <Opcode : 'fadd' 'fsub'> <InPorts = 2> <OutPorts = 1>

State 22 <SV = 21> <Delay = 10.5>
ST_22 : Operation 96 [1/3] (10.5ns)   --->   "%add2 = fadd i32 %expx, i32 2" [C:\scratch\2024.1\hls_product\545\2024.1\src\shared\hls\clib/hlsmath/include/FloatingPoint\hls_tanh.h:71]   --->   Operation 96 'fadd' 'add2' <Predicate = (!icmp_ln36 & !icmp_ln45 & !and_ln46 & tmp_30)> <Delay = 10.5> <CoreInst = "FAddSub_fulldsp">   --->   Core 18 'FAddSub_fulldsp' <Latency = 2> <II = 1> <Delay = 10.5> <FuncUnit> <Opcode : 'fadd' 'fsub'> <InPorts = 2> <OutPorts = 1>

State 23 <SV = 22> <Delay = 9.95>
ST_23 : Operation 97 [7/7] (9.66ns)   --->   "%div = fdiv i32 2, i32 %add2" [C:\scratch\2024.1\hls_product\545\2024.1\src\shared\hls\clib/hlsmath/include/FloatingPoint\hls_tanh.h:71]   --->   Operation 97 'fdiv' 'div' <Predicate = (!icmp_ln36 & !icmp_ln45 & !and_ln46 & tmp_30 & !icmp_ln54)> <Delay = 9.66> <CoreInst = "FDiv">   --->   Core 20 'FDiv' <Latency = 6> <II = 1> <Delay = 9.66> <FuncUnit> <Opcode : 'fdiv' 'frem'> <InPorts = 2> <OutPorts = 1>
ST_23 : Operation 98 [1/1] (0.00ns)   --->   "%bitcast_ln66 = bitcast i32 %expx" [C:\scratch\2024.1\hls_product\545\2024.1\src\shared\hls\clib/hlsmath/include/FloatingPoint\hls_tanh.h:66]   --->   Operation 98 'bitcast' 'bitcast_ln66' <Predicate = (!icmp_ln36 & !icmp_ln45 & !and_ln46 & tmp_30 & icmp_ln54)> <Delay = 0.00>
ST_23 : Operation 99 [1/1] (0.00ns)   --->   "%bit_sel = bitselect i1 @_ssdm_op_BitSelect.i1.i32.i32, i32 %bitcast_ln66, i32 31" [C:\scratch\2024.1\hls_product\545\2024.1\src\shared\hls\clib/hlsmath/include/FloatingPoint\hls_tanh.h:66]   --->   Operation 99 'bitselect' 'bit_sel' <Predicate = (!icmp_ln36 & !icmp_ln45 & !and_ln46 & tmp_30 & icmp_ln54)> <Delay = 0.00>
ST_23 : Operation 100 [1/1] (0.28ns)   --->   "%xor_ln66 = xor i1 %bit_sel, i1 1" [C:\scratch\2024.1\hls_product\545\2024.1\src\shared\hls\clib/hlsmath/include/FloatingPoint\hls_tanh.h:66]   --->   Operation 100 'xor' 'xor_ln66' <Predicate = (!icmp_ln36 & !icmp_ln45 & !and_ln46 & tmp_30 & icmp_ln54)> <Delay = 0.28> <CoreInst = "LogicGate">   --->   Core 74 'LogicGate' <Latency = 0> <II = 1> <Delay = 0.28> <FuncUnit> <Opcode : 'and' 'or' 'xor'> <InPorts = 2> <OutPorts = 1>
ST_23 : Operation 101 [1/1] (0.00ns)   --->   "%trunc_ln66 = trunc i32 %bitcast_ln66" [C:\scratch\2024.1\hls_product\545\2024.1\src\shared\hls\clib/hlsmath/include/FloatingPoint\hls_tanh.h:66]   --->   Operation 101 'trunc' 'trunc_ln66' <Predicate = (!icmp_ln36 & !icmp_ln45 & !and_ln46 & tmp_30 & icmp_ln54)> <Delay = 0.00>
ST_23 : Operation 102 [1/1] (0.00ns)   --->   "%xor_ln = bitconcatenate i32 @_ssdm_op_BitConcatenate.i32.i1.i31, i1 %xor_ln66, i31 %trunc_ln66" [C:\scratch\2024.1\hls_product\545\2024.1\src\shared\hls\clib/hlsmath/include/FloatingPoint\hls_tanh.h:66]   --->   Operation 102 'bitconcatenate' 'xor_ln' <Predicate = (!icmp_ln36 & !icmp_ln45 & !and_ln46 & tmp_30 & icmp_ln54)> <Delay = 0.00>
ST_23 : Operation 103 [1/1] (0.00ns)   --->   "%bitcast_ln66_1 = bitcast i32 %xor_ln" [C:\scratch\2024.1\hls_product\545\2024.1\src\shared\hls\clib/hlsmath/include/FloatingPoint\hls_tanh.h:66]   --->   Operation 103 'bitcast' 'bitcast_ln66_1' <Predicate = (!icmp_ln36 & !icmp_ln45 & !and_ln46 & tmp_30 & icmp_ln54)> <Delay = 0.00>
ST_23 : Operation 104 [7/7] (9.66ns)   --->   "%resultf_1 = fdiv i32 %bitcast_ln66_1, i32 %add2" [C:\scratch\2024.1\hls_product\545\2024.1\src\shared\hls\clib/hlsmath/include/FloatingPoint\hls_tanh.h:66]   --->   Operation 104 'fdiv' 'resultf_1' <Predicate = (!icmp_ln36 & !icmp_ln45 & !and_ln46 & tmp_30 & icmp_ln54)> <Delay = 9.66> <CoreInst = "FDiv">   --->   Core 20 'FDiv' <Latency = 6> <II = 1> <Delay = 9.66> <FuncUnit> <Opcode : 'fdiv' 'frem'> <InPorts = 2> <OutPorts = 1>

State 24 <SV = 23> <Delay = 9.66>
ST_24 : Operation 105 [6/7] (9.66ns)   --->   "%div = fdiv i32 2, i32 %add2" [C:\scratch\2024.1\hls_product\545\2024.1\src\shared\hls\clib/hlsmath/include/FloatingPoint\hls_tanh.h:71]   --->   Operation 105 'fdiv' 'div' <Predicate = (!icmp_ln36 & !icmp_ln45 & !and_ln46 & tmp_30 & !icmp_ln54)> <Delay = 9.66> <CoreInst = "FDiv">   --->   Core 20 'FDiv' <Latency = 6> <II = 1> <Delay = 9.66> <FuncUnit> <Opcode : 'fdiv' 'frem'> <InPorts = 2> <OutPorts = 1>
ST_24 : Operation 106 [6/7] (9.66ns)   --->   "%resultf_1 = fdiv i32 %bitcast_ln66_1, i32 %add2" [C:\scratch\2024.1\hls_product\545\2024.1\src\shared\hls\clib/hlsmath/include/FloatingPoint\hls_tanh.h:66]   --->   Operation 106 'fdiv' 'resultf_1' <Predicate = (!icmp_ln36 & !icmp_ln45 & !and_ln46 & tmp_30 & icmp_ln54)> <Delay = 9.66> <CoreInst = "FDiv">   --->   Core 20 'FDiv' <Latency = 6> <II = 1> <Delay = 9.66> <FuncUnit> <Opcode : 'fdiv' 'frem'> <InPorts = 2> <OutPorts = 1>

State 25 <SV = 24> <Delay = 9.66>
ST_25 : Operation 107 [5/7] (9.66ns)   --->   "%div = fdiv i32 2, i32 %add2" [C:\scratch\2024.1\hls_product\545\2024.1\src\shared\hls\clib/hlsmath/include/FloatingPoint\hls_tanh.h:71]   --->   Operation 107 'fdiv' 'div' <Predicate = (!icmp_ln36 & !icmp_ln45 & !and_ln46 & tmp_30 & !icmp_ln54)> <Delay = 9.66> <CoreInst = "FDiv">   --->   Core 20 'FDiv' <Latency = 6> <II = 1> <Delay = 9.66> <FuncUnit> <Opcode : 'fdiv' 'frem'> <InPorts = 2> <OutPorts = 1>
ST_25 : Operation 108 [5/7] (9.66ns)   --->   "%resultf_1 = fdiv i32 %bitcast_ln66_1, i32 %add2" [C:\scratch\2024.1\hls_product\545\2024.1\src\shared\hls\clib/hlsmath/include/FloatingPoint\hls_tanh.h:66]   --->   Operation 108 'fdiv' 'resultf_1' <Predicate = (!icmp_ln36 & !icmp_ln45 & !and_ln46 & tmp_30 & icmp_ln54)> <Delay = 9.66> <CoreInst = "FDiv">   --->   Core 20 'FDiv' <Latency = 6> <II = 1> <Delay = 9.66> <FuncUnit> <Opcode : 'fdiv' 'frem'> <InPorts = 2> <OutPorts = 1>

State 26 <SV = 25> <Delay = 9.66>
ST_26 : Operation 109 [4/7] (9.66ns)   --->   "%div = fdiv i32 2, i32 %add2" [C:\scratch\2024.1\hls_product\545\2024.1\src\shared\hls\clib/hlsmath/include/FloatingPoint\hls_tanh.h:71]   --->   Operation 109 'fdiv' 'div' <Predicate = (!icmp_ln36 & !icmp_ln45 & !and_ln46 & tmp_30 & !icmp_ln54)> <Delay = 9.66> <CoreInst = "FDiv">   --->   Core 20 'FDiv' <Latency = 6> <II = 1> <Delay = 9.66> <FuncUnit> <Opcode : 'fdiv' 'frem'> <InPorts = 2> <OutPorts = 1>
ST_26 : Operation 110 [4/7] (9.66ns)   --->   "%resultf_1 = fdiv i32 %bitcast_ln66_1, i32 %add2" [C:\scratch\2024.1\hls_product\545\2024.1\src\shared\hls\clib/hlsmath/include/FloatingPoint\hls_tanh.h:66]   --->   Operation 110 'fdiv' 'resultf_1' <Predicate = (!icmp_ln36 & !icmp_ln45 & !and_ln46 & tmp_30 & icmp_ln54)> <Delay = 9.66> <CoreInst = "FDiv">   --->   Core 20 'FDiv' <Latency = 6> <II = 1> <Delay = 9.66> <FuncUnit> <Opcode : 'fdiv' 'frem'> <InPorts = 2> <OutPorts = 1>

State 27 <SV = 26> <Delay = 9.66>
ST_27 : Operation 111 [3/7] (9.66ns)   --->   "%div = fdiv i32 2, i32 %add2" [C:\scratch\2024.1\hls_product\545\2024.1\src\shared\hls\clib/hlsmath/include/FloatingPoint\hls_tanh.h:71]   --->   Operation 111 'fdiv' 'div' <Predicate = (!icmp_ln36 & !icmp_ln45 & !and_ln46 & tmp_30 & !icmp_ln54)> <Delay = 9.66> <CoreInst = "FDiv">   --->   Core 20 'FDiv' <Latency = 6> <II = 1> <Delay = 9.66> <FuncUnit> <Opcode : 'fdiv' 'frem'> <InPorts = 2> <OutPorts = 1>
ST_27 : Operation 112 [3/7] (9.66ns)   --->   "%resultf_1 = fdiv i32 %bitcast_ln66_1, i32 %add2" [C:\scratch\2024.1\hls_product\545\2024.1\src\shared\hls\clib/hlsmath/include/FloatingPoint\hls_tanh.h:66]   --->   Operation 112 'fdiv' 'resultf_1' <Predicate = (!icmp_ln36 & !icmp_ln45 & !and_ln46 & tmp_30 & icmp_ln54)> <Delay = 9.66> <CoreInst = "FDiv">   --->   Core 20 'FDiv' <Latency = 6> <II = 1> <Delay = 9.66> <FuncUnit> <Opcode : 'fdiv' 'frem'> <InPorts = 2> <OutPorts = 1>

State 28 <SV = 27> <Delay = 9.66>
ST_28 : Operation 113 [2/7] (9.66ns)   --->   "%div = fdiv i32 2, i32 %add2" [C:\scratch\2024.1\hls_product\545\2024.1\src\shared\hls\clib/hlsmath/include/FloatingPoint\hls_tanh.h:71]   --->   Operation 113 'fdiv' 'div' <Predicate = (!icmp_ln36 & !icmp_ln45 & !and_ln46 & tmp_30 & !icmp_ln54)> <Delay = 9.66> <CoreInst = "FDiv">   --->   Core 20 'FDiv' <Latency = 6> <II = 1> <Delay = 9.66> <FuncUnit> <Opcode : 'fdiv' 'frem'> <InPorts = 2> <OutPorts = 1>
ST_28 : Operation 114 [2/7] (9.66ns)   --->   "%resultf_1 = fdiv i32 %bitcast_ln66_1, i32 %add2" [C:\scratch\2024.1\hls_product\545\2024.1\src\shared\hls\clib/hlsmath/include/FloatingPoint\hls_tanh.h:66]   --->   Operation 114 'fdiv' 'resultf_1' <Predicate = (!icmp_ln36 & !icmp_ln45 & !and_ln46 & tmp_30 & icmp_ln54)> <Delay = 9.66> <CoreInst = "FDiv">   --->   Core 20 'FDiv' <Latency = 6> <II = 1> <Delay = 9.66> <FuncUnit> <Opcode : 'fdiv' 'frem'> <InPorts = 2> <OutPorts = 1>

State 29 <SV = 28> <Delay = 9.66>
ST_29 : Operation 115 [1/7] (9.66ns)   --->   "%div = fdiv i32 2, i32 %add2" [C:\scratch\2024.1\hls_product\545\2024.1\src\shared\hls\clib/hlsmath/include/FloatingPoint\hls_tanh.h:71]   --->   Operation 115 'fdiv' 'div' <Predicate = (!icmp_ln36 & !icmp_ln45 & !and_ln46 & tmp_30 & !icmp_ln54)> <Delay = 9.66> <CoreInst = "FDiv">   --->   Core 20 'FDiv' <Latency = 6> <II = 1> <Delay = 9.66> <FuncUnit> <Opcode : 'fdiv' 'frem'> <InPorts = 2> <OutPorts = 1>
ST_29 : Operation 116 [1/7] (9.66ns)   --->   "%resultf_1 = fdiv i32 %bitcast_ln66_1, i32 %add2" [C:\scratch\2024.1\hls_product\545\2024.1\src\shared\hls\clib/hlsmath/include/FloatingPoint\hls_tanh.h:66]   --->   Operation 116 'fdiv' 'resultf_1' <Predicate = (!icmp_ln36 & !icmp_ln45 & !and_ln46 & tmp_30 & icmp_ln54)> <Delay = 9.66> <CoreInst = "FDiv">   --->   Core 20 'FDiv' <Latency = 6> <II = 1> <Delay = 9.66> <FuncUnit> <Opcode : 'fdiv' 'frem'> <InPorts = 2> <OutPorts = 1>
ST_29 : Operation 117 [1/1] (0.57ns)   --->   "%br_ln67 = br void %if.end38" [C:\scratch\2024.1\hls_product\545\2024.1\src\shared\hls\clib/hlsmath/include/FloatingPoint\hls_tanh.h:67]   --->   Operation 117 'br' 'br_ln67' <Predicate = (!icmp_ln36 & !icmp_ln45 & !and_ln46 & tmp_30 & icmp_ln54)> <Delay = 0.57>

State 30 <SV = 29> <Delay = 10.5>
ST_30 : Operation 118 [3/3] (10.5ns)   --->   "%resultf_2 = fsub i32 1, i32 %div" [C:\scratch\2024.1\hls_product\545\2024.1\src\shared\hls\clib/hlsmath/include/FloatingPoint\hls_tanh.h:71]   --->   Operation 118 'fsub' 'resultf_2' <Predicate = (!icmp_ln36 & !icmp_ln45 & !and_ln46 & tmp_30 & !icmp_ln54)> <Delay = 10.5> <CoreInst = "FAddSub_fulldsp">   --->   Core 18 'FAddSub_fulldsp' <Latency = 2> <II = 1> <Delay = 10.5> <FuncUnit> <Opcode : 'fadd' 'fsub'> <InPorts = 2> <OutPorts = 1>

State 31 <SV = 30> <Delay = 10.5>
ST_31 : Operation 119 [2/3] (10.5ns)   --->   "%resultf_2 = fsub i32 1, i32 %div" [C:\scratch\2024.1\hls_product\545\2024.1\src\shared\hls\clib/hlsmath/include/FloatingPoint\hls_tanh.h:71]   --->   Operation 119 'fsub' 'resultf_2' <Predicate = (!icmp_ln36 & !icmp_ln45 & !and_ln46 & tmp_30 & !icmp_ln54)> <Delay = 10.5> <CoreInst = "FAddSub_fulldsp">   --->   Core 18 'FAddSub_fulldsp' <Latency = 2> <II = 1> <Delay = 10.5> <FuncUnit> <Opcode : 'fadd' 'fsub'> <InPorts = 2> <OutPorts = 1>

State 32 <SV = 31> <Delay = 10.5>
ST_32 : Operation 120 [1/3] (10.5ns)   --->   "%resultf_2 = fsub i32 1, i32 %div" [C:\scratch\2024.1\hls_product\545\2024.1\src\shared\hls\clib/hlsmath/include/FloatingPoint\hls_tanh.h:71]   --->   Operation 120 'fsub' 'resultf_2' <Predicate = (!icmp_ln36 & !icmp_ln45 & !and_ln46 & tmp_30 & !icmp_ln54)> <Delay = 10.5> <CoreInst = "FAddSub_fulldsp">   --->   Core 18 'FAddSub_fulldsp' <Latency = 2> <II = 1> <Delay = 10.5> <FuncUnit> <Opcode : 'fadd' 'fsub'> <InPorts = 2> <OutPorts = 1>
ST_32 : Operation 121 [1/1] (0.44ns)   --->   "%select_ln38 = select i1 %icmp_ln38, i32 nan, i32 1" [C:\scratch\2024.1\hls_product\545\2024.1\src\shared\hls\clib/hlsmath/include/FloatingPoint\hls_tanh.h:38]   --->   Operation 121 'select' 'select_ln38' <Predicate = (icmp_ln36)> <Delay = 0.44> <CoreInst = "Sel">   --->   Core 73 'Sel' <Latency = 0> <II = 1> <Delay = 0.41> <FuncUnit> <Opcode : 'select'> <InPorts = 3> <OutPorts = 1>
ST_32 : Operation 122 [1/1] (0.57ns)   --->   "%br_ln38 = br void %if.end38" [C:\scratch\2024.1\hls_product\545\2024.1\src\shared\hls\clib/hlsmath/include/FloatingPoint\hls_tanh.h:38]   --->   Operation 122 'br' 'br_ln38' <Predicate = (icmp_ln36)> <Delay = 0.57>

State 33 <SV = 32> <Delay = 1.02>
ST_33 : Operation 123 [1/1] (0.57ns)   --->   "%br_ln0 = br void %if.end38"   --->   Operation 123 'br' 'br_ln0' <Predicate = (!icmp_ln36 & !icmp_ln45 & !and_ln46 & tmp_30 & !icmp_ln54)> <Delay = 0.57>
ST_33 : Operation 124 [1/1] (0.00ns)   --->   "%resultf_3 = phi i32 %resultf, void %if.then12, i32 %resultf_1, void %if.then25, i32 %resultf_2, void %if.else28, i32 %select_ln38, void %if.then, i32 1, void %if.else13"   --->   Operation 124 'phi' 'resultf_3' <Predicate = true> <Delay = 0.00>
ST_33 : Operation 125 [1/1] (0.00ns)   --->   "%bitcast_ln83 = bitcast i32 %resultf_3" [C:\scratch\2024.1\hls_product\545\2024.1\src\shared\hls\clib/hlsmath/include/FloatingPoint\hls_tanh.h:83]   --->   Operation 125 'bitcast' 'bitcast_ln83' <Predicate = (din_sign)> <Delay = 0.00>
ST_33 : Operation 126 [1/1] (0.00ns) (grouped into LUT with out node select_ln79)   --->   "%bit_sel1 = bitselect i1 @_ssdm_op_BitSelect.i1.i32.i32, i32 %bitcast_ln83, i32 31" [C:\scratch\2024.1\hls_product\545\2024.1\src\shared\hls\clib/hlsmath/include/FloatingPoint\hls_tanh.h:83]   --->   Operation 126 'bitselect' 'bit_sel1' <Predicate = (din_sign)> <Delay = 0.00>
ST_33 : Operation 127 [1/1] (0.00ns) (grouped into LUT with out node select_ln79)   --->   "%xor_ln83 = xor i1 %bit_sel1, i1 1" [C:\scratch\2024.1\hls_product\545\2024.1\src\shared\hls\clib/hlsmath/include/FloatingPoint\hls_tanh.h:83]   --->   Operation 127 'xor' 'xor_ln83' <Predicate = (din_sign)> <Delay = 0.00> <CoreInst = "LogicGate">   --->   Core 74 'LogicGate' <Latency = 0> <II = 1> <Delay = 0.28> <FuncUnit> <Opcode : 'and' 'or' 'xor'> <InPorts = 2> <OutPorts = 1>
ST_33 : Operation 128 [1/1] (0.00ns) (grouped into LUT with out node select_ln79)   --->   "%trunc_ln83 = trunc i32 %bitcast_ln83" [C:\scratch\2024.1\hls_product\545\2024.1\src\shared\hls\clib/hlsmath/include/FloatingPoint\hls_tanh.h:83]   --->   Operation 128 'trunc' 'trunc_ln83' <Predicate = (din_sign)> <Delay = 0.00>
ST_33 : Operation 129 [1/1] (0.00ns) (grouped into LUT with out node select_ln79)   --->   "%xor_ln1 = bitconcatenate i32 @_ssdm_op_BitConcatenate.i32.i1.i31, i1 %xor_ln83, i31 %trunc_ln83" [C:\scratch\2024.1\hls_product\545\2024.1\src\shared\hls\clib/hlsmath/include/FloatingPoint\hls_tanh.h:83]   --->   Operation 129 'bitconcatenate' 'xor_ln1' <Predicate = (din_sign)> <Delay = 0.00>
ST_33 : Operation 130 [1/1] (0.00ns) (grouped into LUT with out node select_ln79)   --->   "%bitcast_ln83_1 = bitcast i32 %xor_ln1" [C:\scratch\2024.1\hls_product\545\2024.1\src\shared\hls\clib/hlsmath/include/FloatingPoint\hls_tanh.h:83]   --->   Operation 130 'bitcast' 'bitcast_ln83_1' <Predicate = (din_sign)> <Delay = 0.00>
ST_33 : Operation 131 [1/1] (0.44ns) (out node of the LUT)   --->   "%select_ln79 = select i1 %din_sign, i32 %bitcast_ln83_1, i32 %resultf_3" [C:\scratch\2024.1\hls_product\545\2024.1\src\shared\hls\clib/hlsmath/include/FloatingPoint\hls_tanh.h:79]   --->   Operation 131 'select' 'select_ln79' <Predicate = true> <Delay = 0.44> <CoreInst = "Sel">   --->   Core 73 'Sel' <Latency = 0> <II = 1> <Delay = 0.44> <FuncUnit> <Opcode : 'select'> <InPorts = 3> <OutPorts = 1>
ST_33 : Operation 132 [1/1] (0.00ns)   --->   "%ret_ln85 = ret i32 %select_ln79" [C:\scratch\2024.1\hls_product\545\2024.1\src\shared\hls\clib/hlsmath/include/FloatingPoint\hls_tanh.h:85]   --->   Operation 132 'ret' 'ret_ln85' <Predicate = true> <Delay = 0.00>


============================================================
+ Verbose Summary: Binding
============================================================
STG Binding: 
---------------- STG Properties BEGIN ----------------
- Is combinational: 0
- Is one-state seq: 0
- Is datapath-only: 1
- Is pipelined: 1
- Is top level: 0
Port [ Return ] is wired: 1; IO mode=ap_ctrl_hs:ce=0
Port [ t_in]:  wired=1; compound=0; hidden=0; nouse=0; global=0; static=0; extern=0; dir=0; type=0; pingpong=0; private_global=0; IO mode=ap_none:ce=0
Port [ table_exp_Z1_ap_ufixed_58_1_ap_q_mode_5_ap_o_mode_3_0_array]:  wired=0; compound=1; hidden=1; nouse=1; global=1; static=1; extern=0; dir=0; type=1; pingpong=0; private_global=0; MemPort=[1]; IO mode=ap_memory:ce=0
Port [ table_f_Z3_ap_ufixed_59_0_ap_q_mode_5_ap_o_mode_3_0_array]:  wired=0; compound=1; hidden=1; nouse=1; global=1; static=1; extern=0; dir=0; type=1; pingpong=0; private_global=0; MemPort=[11]; IO mode=ap_memory:ce=0
Port [ table_f_Z2_ap_ufixed_59_0_ap_q_mode_5_ap_o_mode_3_0_array]:  wired=0; compound=1; hidden=1; nouse=1; global=1; static=1; extern=0; dir=0; type=1; pingpong=0; private_global=0; MemPort=[1]; IO mode=ap_memory:ce=0
---------------- STG Properties END ------------------

---------------- Datapath Model BEGIN ----------------

<LifeTime>
<method=bitvector/>
t_in_read      (read          ) [ 0000000000000000000000000000000000]
data           (bitcast       ) [ 0000000000000000000000000000000000]
din_sign       (bitselect     ) [ 0111111111111111111111111111111111]
din_exp        (partselect    ) [ 0110000000000000000000000000000000]
din_sig        (trunc         ) [ 0000000000000000000000000000000000]
trunc_ln313    (trunc         ) [ 0110000000000000000000000000000000]
t              (bitconcatenate) [ 0000000000000000000000000000000000]
abst_in        (bitcast       ) [ 0111110000000000000000000000000000]
icmp_ln36      (icmp          ) [ 0111111111111111111111111111111111]
br_ln36        (br            ) [ 0000000000000000000000000000000000]
icmp_ln45      (icmp          ) [ 0111111111111111111111111111111111]
br_ln45        (br            ) [ 0000000000000000000000000000000000]
icmp_ln46      (icmp          ) [ 0000000000000000000000000000000000]
icmp_ln46_1    (icmp          ) [ 0000000000000000000000000000000000]
and_ln46       (and           ) [ 0111111111111111111111111111111111]
br_ln46        (br            ) [ 0000000000000000000000000000000000]
icmp_ln38      (icmp          ) [ 0111111111111111111111111111111110]
tmp_30         (fcmp          ) [ 0111111111111111111111111111111111]
br_ln51        (br            ) [ 0111111111111111111111111111111111]
icmp_ln54      (icmp          ) [ 0101111111111111111111111111111111]
or_ln          (bitconcatenate) [ 0000000000000000000000000000000000]
bitcast_ln55   (bitcast       ) [ 0101100000000000000000000000000000]
br_ln63        (br            ) [ 0000000000000000000000000000000000]
add            (fadd          ) [ 0100110000000000000000000000000000]
x              (fsub          ) [ 0100010000000000000000000000000000]
x_4            (fadd          ) [ 0100010000000000000000000000000000]
x_6            (select        ) [ 0100011111111111111110000000000000]
data_4         (bitcast       ) [ 0000000000000000000000000000000000]
xs_exp_1       (partselect    ) [ 0000000000000000000000000000000000]
icmp_ln9       (icmp          ) [ 0100011111111111111100000000000000]
br_ln9         (br            ) [ 0100011111111111111110000000000000]
icmp_ln10      (icmp          ) [ 0100011111111111111100000000000000]
br_ln10        (br            ) [ 0100011111111111111110000000000000]
xd             (fpext         ) [ 0100001111111100000000000000000000]
resultf        (fmul          ) [ 0110011111111111111111111111111111]
br_ln50        (br            ) [ 0110011111111111111111111111111111]
tmp_s          (call          ) [ 0100000000000011110000000000000000]
sub_i          (dadd          ) [ 0100000000000000001100000000000000]
conv6_i        (fptrunc       ) [ 0100010000000000000110000000000000]
br_ln0         (br            ) [ 0100010000000000000110000000000000]
expx           (phi           ) [ 0100000000000000000011110000000000]
add2           (fadd          ) [ 0100000000000000000000011111110000]
bitcast_ln66   (bitcast       ) [ 0000000000000000000000000000000000]
bit_sel        (bitselect     ) [ 0000000000000000000000000000000000]
xor_ln66       (xor           ) [ 0000000000000000000000000000000000]
trunc_ln66     (trunc         ) [ 0000000000000000000000000000000000]
xor_ln         (bitconcatenate) [ 0000000000000000000000000000000000]
bitcast_ln66_1 (bitcast       ) [ 0100000000000000000000001111110000]
div            (fdiv          ) [ 0100000000000000000000000000001110]
resultf_1      (fdiv          ) [ 0110010000000000000000000000011111]
br_ln67        (br            ) [ 0110010000000000000000000000011111]
resultf_2      (fsub          ) [ 0110010000000000000000000000010011]
select_ln38    (select        ) [ 0110010000000000000000000000010011]
br_ln38        (br            ) [ 0110010000000000000000000000010011]
br_ln0         (br            ) [ 0000000000000000000000000000000000]
resultf_3      (phi           ) [ 0100000000000000000000000000000001]
bitcast_ln83   (bitcast       ) [ 0000000000000000000000000000000000]
bit_sel1       (bitselect     ) [ 0000000000000000000000000000000000]
xor_ln83       (xor           ) [ 0000000000000000000000000000000000]
trunc_ln83     (trunc         ) [ 0000000000000000000000000000000000]
xor_ln1        (bitconcatenate) [ 0000000000000000000000000000000000]
bitcast_ln83_1 (bitcast       ) [ 0000000000000000000000000000000000]
select_ln79    (select        ) [ 0000000000000000000000000000000000]
ret_ln85       (ret           ) [ 0000000000000000000000000000000000]
</LifeTime>

<model>

<comp_list>
<comp id="0" class="1000" name="t_in">
<pin_list>
<pin id="1" dir="1" index="0" bw="1" slack="0"/>
</pin_list>
<bind>
<StgValue><ssdm name="t_in"/></StgValue>
</bind>
</comp>

<comp id="2" class="1000" name="table_exp_Z1_ap_ufixed_58_1_ap_q_mode_5_ap_o_mode_3_0_array">
<pin_list>
<pin id="3" dir="1" index="0" bw="1" slack="0"/>
</pin_list>
<bind>
<StgValue><ssdm name="table_exp_Z1_ap_ufixed_58_1_ap_q_mode_5_ap_o_mode_3_0_array"/><MemPortTyVec>1 </MemPortTyVec>
</StgValue>
</bind>
</comp>

<comp id="4" class="1000" name="table_f_Z3_ap_ufixed_59_0_ap_q_mode_5_ap_o_mode_3_0_array">
<pin_list>
<pin id="5" dir="1" index="0" bw="1" slack="0"/>
</pin_list>
<bind>
<StgValue><ssdm name="table_f_Z3_ap_ufixed_59_0_ap_q_mode_5_ap_o_mode_3_0_array"/><MemPortTyVec>1 1 </MemPortTyVec>
</StgValue>
</bind>
</comp>

<comp id="6" class="1000" name="table_f_Z2_ap_ufixed_59_0_ap_q_mode_5_ap_o_mode_3_0_array">
<pin_list>
<pin id="7" dir="1" index="0" bw="1" slack="0"/>
</pin_list>
<bind>
<StgValue><ssdm name="table_f_Z2_ap_ufixed_59_0_ap_q_mode_5_ap_o_mode_3_0_array"/><MemPortTyVec>1 </MemPortTyVec>
</StgValue>
</bind>
</comp>

<comp id="8" class="1001" name="const_8">
<pin_list>
<pin id="9" dir="1" index="0" bw="1" slack="0"/>
</pin_list>
<bind>
<StgValue><ssdm name="_ssdm_op_Read.ap_auto.float"/></StgValue>
</bind>
</comp>

<comp id="10" class="1001" name="const_10">
<pin_list>
<pin id="11" dir="1" index="0" bw="1" slack="0"/>
</pin_list>
<bind>
<StgValue><ssdm name="_ssdm_op_BitSelect.i1.i32.i32"/></StgValue>
</bind>
</comp>

<comp id="12" class="1001" name="const_12">
<pin_list>
<pin id="13" dir="1" index="0" bw="1" slack="0"/>
</pin_list>
<bind>
<StgValue><ssdm name=""/></StgValue>
</bind>
</comp>

<comp id="14" class="1001" name="const_14">
<pin_list>
<pin id="15" dir="1" index="0" bw="1" slack="0"/>
</pin_list>
<bind>
<StgValue><ssdm name="_ssdm_op_PartSelect.i8.i32.i32.i32"/></StgValue>
</bind>
</comp>

<comp id="16" class="1001" name="const_16">
<pin_list>
<pin id="17" dir="1" index="0" bw="1" slack="0"/>
</pin_list>
<bind>
<StgValue><ssdm name=""/></StgValue>
</bind>
</comp>

<comp id="18" class="1001" name="const_18">
<pin_list>
<pin id="19" dir="1" index="0" bw="1" slack="0"/>
</pin_list>
<bind>
<StgValue><ssdm name=""/></StgValue>
</bind>
</comp>

<comp id="20" class="1001" name="const_20">
<pin_list>
<pin id="21" dir="1" index="0" bw="1" slack="0"/>
</pin_list>
<bind>
<StgValue><ssdm name="_ssdm_op_BitConcatenate.i32.i1.i31"/></StgValue>
</bind>
</comp>

<comp id="22" class="1001" name="const_22">
<pin_list>
<pin id="23" dir="1" index="0" bw="1" slack="0"/>
</pin_list>
<bind>
<StgValue><ssdm name=""/></StgValue>
</bind>
</comp>

<comp id="24" class="1001" name="const_24">
<pin_list>
<pin id="25" dir="1" index="0" bw="1" slack="0"/>
</pin_list>
<bind>
<StgValue><ssdm name=""/></StgValue>
</bind>
</comp>

<comp id="26" class="1001" name="const_26">
<pin_list>
<pin id="27" dir="1" index="0" bw="1" slack="0"/>
</pin_list>
<bind>
<StgValue><ssdm name=""/></StgValue>
</bind>
</comp>

<comp id="28" class="1001" name="const_28">
<pin_list>
<pin id="29" dir="1" index="0" bw="1" slack="0"/>
</pin_list>
<bind>
<StgValue><ssdm name=""/></StgValue>
</bind>
</comp>

<comp id="30" class="1001" name="const_30">
<pin_list>
<pin id="31" dir="1" index="0" bw="1" slack="0"/>
</pin_list>
<bind>
<StgValue><ssdm name=""/></StgValue>
</bind>
</comp>

<comp id="32" class="1001" name="const_32">
<pin_list>
<pin id="33" dir="1" index="0" bw="1" slack="0"/>
</pin_list>
<bind>
<StgValue><ssdm name=""/></StgValue>
</bind>
</comp>

<comp id="34" class="1001" name="const_34">
<pin_list>
<pin id="35" dir="1" index="0" bw="1" slack="0"/>
</pin_list>
<bind>
<StgValue><ssdm name=""/></StgValue>
</bind>
</comp>

<comp id="36" class="1001" name="const_36">
<pin_list>
<pin id="37" dir="1" index="0" bw="1" slack="0"/>
</pin_list>
<bind>
<StgValue><ssdm name=""/></StgValue>
</bind>
</comp>

<comp id="38" class="1001" name="const_38">
<pin_list>
<pin id="39" dir="1" index="0" bw="1" slack="0"/>
</pin_list>
<bind>
<StgValue><ssdm name=""/></StgValue>
</bind>
</comp>

<comp id="40" class="1001" name="const_40">
<pin_list>
<pin id="41" dir="1" index="0" bw="1" slack="0"/>
</pin_list>
<bind>
<StgValue><ssdm name=""/></StgValue>
</bind>
</comp>

<comp id="42" class="1001" name="const_42">
<pin_list>
<pin id="43" dir="1" index="0" bw="1" slack="0"/>
</pin_list>
<bind>
<StgValue><ssdm name="exp_generic<double>"/></StgValue>
</bind>
</comp>

<comp id="44" class="1001" name="const_44">
<pin_list>
<pin id="45" dir="1" index="0" bw="1" slack="0"/>
</pin_list>
<bind>
<StgValue><ssdm name=""/></StgValue>
</bind>
</comp>

<comp id="46" class="1001" name="const_46">
<pin_list>
<pin id="47" dir="1" index="0" bw="1" slack="15"/>
</pin_list>
<bind>
<StgValue><ssdm name=""/></StgValue>
</bind>
</comp>

<comp id="48" class="1001" name="const_48">
<pin_list>
<pin id="49" dir="1" index="0" bw="1" slack="0"/>
</pin_list>
<bind>
<StgValue><ssdm name=""/></StgValue>
</bind>
</comp>

<comp id="50" class="1001" name="const_50">
<pin_list>
<pin id="51" dir="1" index="0" bw="1" slack="0"/>
</pin_list>
<bind>
<StgValue><ssdm name=""/></StgValue>
</bind>
</comp>

<comp id="52" class="1004" name="t_in_read_read_fu_52">
<pin_list>
<pin id="53" dir="0" index="0" bw="32" slack="0"/>
<pin id="54" dir="0" index="1" bw="32" slack="0"/>
<pin id="55" dir="1" index="2" bw="32" slack="0"/>
</pin_list>
<bind>
<opcode="read(1150) " fcode="read"/>
<opset="t_in_read/1 "/>
</bind>
</comp>

<comp id="58" class="1005" name="expx_reg_58">
<pin_list>
<pin id="59" dir="0" index="0" bw="32" slack="1"/>
<pin id="60" dir="1" index="1" bw="32" slack="3"/>
</pin_list>
<bind>
<opset="expx (phireg) "/>
</bind>
</comp>

<comp id="62" class="1004" name="expx_phi_fu_62">
<pin_list>
<pin id="63" dir="0" index="0" bw="32" slack="1"/>
<pin id="64" dir="0" index="1" bw="0" slack="2147483647"/>
<pin id="65" dir="0" index="2" bw="32" slack="15"/>
<pin id="66" dir="0" index="3" bw="0" slack="2147483647"/>
<pin id="67" dir="0" index="4" bw="32" slack="15"/>
<pin id="68" dir="0" index="5" bw="0" slack="2147483647"/>
<pin id="69" dir="1" index="6" bw="32" slack="0"/>
</pin_list>
<bind>
<opcode="phi(47) " fcode="phi"/>
<opset="expx/20 "/>
</bind>
</comp>

<comp id="72" class="1005" name="resultf_3_reg_72">
<pin_list>
<pin id="73" dir="0" index="0" bw="32" slack="31"/>
<pin id="74" dir="1" index="1" bw="32" slack="31"/>
</pin_list>
<bind>
<opset="resultf_3 (phireg) "/>
</bind>
</comp>

<comp id="76" class="1004" name="resultf_3_phi_fu_76">
<pin_list>
<pin id="77" dir="0" index="0" bw="32" slack="28"/>
<pin id="78" dir="0" index="1" bw="0" slack="2147483647"/>
<pin id="79" dir="0" index="2" bw="32" slack="4"/>
<pin id="80" dir="0" index="3" bw="0" slack="2147483647"/>
<pin id="81" dir="0" index="4" bw="32" slack="1"/>
<pin id="82" dir="0" index="5" bw="0" slack="2147483647"/>
<pin id="83" dir="0" index="6" bw="32" slack="1"/>
<pin id="84" dir="0" index="7" bw="0" slack="2147483647"/>
<pin id="85" dir="0" index="8" bw="32" slack="31"/>
<pin id="86" dir="0" index="9" bw="0" slack="2147483647"/>
<pin id="87" dir="1" index="10" bw="32" slack="0"/>
</pin_list>
<bind>
<opcode="phi(47) " fcode="phi"/>
<opset="resultf_3/33 "/>
</bind>
</comp>

<comp id="89" class="1004" name="grp_exp_generic_double_s_fu_89">
<pin_list>
<pin id="90" dir="0" index="0" bw="64" slack="0"/>
<pin id="91" dir="0" index="1" bw="64" slack="1"/>
<pin id="92" dir="0" index="2" bw="58" slack="0"/>
<pin id="93" dir="0" index="3" bw="26" slack="0"/>
<pin id="94" dir="0" index="4" bw="42" slack="0"/>
<pin id="95" dir="1" index="5" bw="64" slack="1"/>
</pin_list>
<bind>
<opcode="call(48) " fcode="call"/>
<opset="tmp_s/6 "/>
</bind>
</comp>

<comp id="100" class="1004" name="grp_fu_100">
<pin_list>
<pin id="101" dir="0" index="0" bw="32" slack="0"/>
<pin id="102" dir="0" index="1" bw="32" slack="0"/>
<pin id="103" dir="1" index="2" bw="32" slack="1"/>
</pin_list>
<bind>
<opcode="fadd(9) " fcode="fadd"/>
<opset="add/1 "/>
</bind>
</comp>

<comp id="105" class="1004" name="grp_fu_105">
<pin_list>
<pin id="106" dir="0" index="0" bw="32" slack="0"/>
<pin id="107" dir="0" index="1" bw="32" slack="1"/>
<pin id="108" dir="1" index="2" bw="32" slack="1"/>
</pin_list>
<bind>
<opcode="fsub(11) " fcode="fadd"/>
<opset="x/2 "/>
</bind>
</comp>

<comp id="109" class="1004" name="grp_fu_109">
<pin_list>
<pin id="110" dir="0" index="0" bw="32" slack="1"/>
<pin id="111" dir="0" index="1" bw="32" slack="1"/>
<pin id="112" dir="1" index="2" bw="32" slack="1"/>
</pin_list>
<bind>
<opcode="fadd(9) " fcode="fadd"/>
<opset="x_4/2 "/>
</bind>
</comp>

<comp id="113" class="1004" name="grp_fu_113">
<pin_list>
<pin id="114" dir="0" index="0" bw="32" slack="0"/>
<pin id="115" dir="0" index="1" bw="32" slack="0"/>
<pin id="116" dir="1" index="2" bw="32" slack="1"/>
</pin_list>
<bind>
<opcode="fadd(9) " fcode="fadd"/>
<opset="add2/20 "/>
</bind>
</comp>

<comp id="119" class="1004" name="grp_fu_119">
<pin_list>
<pin id="120" dir="0" index="0" bw="32" slack="0"/>
<pin id="121" dir="0" index="1" bw="32" slack="1"/>
<pin id="122" dir="1" index="2" bw="32" slack="1"/>
</pin_list>
<bind>
<opcode="fsub(11) " fcode="fadd"/>
<opset="resultf_2/30 "/>
</bind>
</comp>

<comp id="124" class="1004" name="grp_fu_124">
<pin_list>
<pin id="125" dir="0" index="0" bw="32" slack="3"/>
<pin id="126" dir="0" index="1" bw="32" slack="1"/>
<pin id="127" dir="1" index="2" bw="32" slack="28"/>
</pin_list>
<bind>
<opcode="fmul(13) " fcode="fmul"/>
<opset="resultf/4 "/>
</bind>
</comp>

<comp id="128" class="1004" name="grp_fu_128">
<pin_list>
<pin id="129" dir="0" index="0" bw="32" slack="0"/>
<pin id="130" dir="0" index="1" bw="32" slack="1"/>
<pin id="131" dir="1" index="2" bw="32" slack="1"/>
</pin_list>
<bind>
<opcode="fdiv(16) " fcode="fdiv"/>
<opset="div/23 resultf_1/23 "/>
</bind>
</comp>

<comp id="133" class="1004" name="grp_fu_133">
<pin_list>
<pin id="134" dir="0" index="0" bw="64" slack="1"/>
<pin id="135" dir="1" index="1" bw="32" slack="1"/>
</pin_list>
<bind>
<opcode="fptrunc(40) " fcode="fptrunc"/>
<opset="conv6_i/18 "/>
</bind>
</comp>

<comp id="136" class="1004" name="xd_fu_136">
<pin_list>
<pin id="137" dir="0" index="0" bw="32" slack="0"/>
<pin id="138" dir="1" index="1" bw="64" slack="1"/>
</pin_list>
<bind>
<opcode="fpext(41) " fcode="fpext"/>
<opset="xd/5 "/>
</bind>
</comp>

<comp id="139" class="1004" name="grp_fu_139">
<pin_list>
<pin id="140" dir="0" index="0" bw="32" slack="0"/>
<pin id="141" dir="0" index="1" bw="32" slack="0"/>
<pin id="142" dir="1" index="2" bw="1" slack="1"/>
</pin_list>
<bind>
<opcode="fcmp(46) " fcode="fcmp"/>
<opset="tmp_30/1 "/>
</bind>
</comp>

<comp id="144" class="1004" name="grp_fu_144">
<pin_list>
<pin id="145" dir="0" index="0" bw="64" slack="1"/>
<pin id="146" dir="0" index="1" bw="64" slack="0"/>
<pin id="147" dir="1" index="2" bw="64" slack="1"/>
</pin_list>
<bind>
<opcode="dadd(508) " fcode="dadd"/>
<opset="sub_i/14 "/>
</bind>
</comp>

<comp id="149" class="1005" name="reg_149">
<pin_list>
<pin id="150" dir="0" index="0" bw="32" slack="1"/>
<pin id="151" dir="1" index="1" bw="32" slack="1"/>
</pin_list>
<bind>
<opset="div resultf_1 "/>
</bind>
</comp>

<comp id="155" class="1004" name="data_fu_155">
<pin_list>
<pin id="156" dir="0" index="0" bw="32" slack="0"/>
<pin id="157" dir="1" index="1" bw="32" slack="0"/>
</pin_list>
<bind>
<opcode="bitcast(44) " fcode="bitcast"/>
<opset="data/1 "/>
</bind>
</comp>

<comp id="159" class="1004" name="din_sign_fu_159">
<pin_list>
<pin id="160" dir="0" index="0" bw="1" slack="0"/>
<pin id="161" dir="0" index="1" bw="32" slack="0"/>
<pin id="162" dir="0" index="2" bw="6" slack="0"/>
<pin id="163" dir="1" index="3" bw="1" slack="32"/>
</pin_list>
<bind>
<opcode="bitselect(1000) " fcode="bitselect"/>
<opset="din_sign/1 "/>
</bind>
</comp>

<comp id="167" class="1004" name="din_exp_fu_167">
<pin_list>
<pin id="168" dir="0" index="0" bw="8" slack="0"/>
<pin id="169" dir="0" index="1" bw="32" slack="0"/>
<pin id="170" dir="0" index="2" bw="6" slack="0"/>
<pin id="171" dir="0" index="3" bw="6" slack="0"/>
<pin id="172" dir="1" index="4" bw="8" slack="0"/>
</pin_list>
<bind>
<opcode="partselect(1002) " fcode="partselect"/>
<opset="din_exp/1 "/>
</bind>
</comp>

<comp id="177" class="1004" name="din_sig_fu_177">
<pin_list>
<pin id="178" dir="0" index="0" bw="32" slack="0"/>
<pin id="179" dir="1" index="1" bw="23" slack="0"/>
</pin_list>
<bind>
<opcode="trunc(33) " fcode="trunc"/>
<opset="din_sig/1 "/>
</bind>
</comp>

<comp id="181" class="1004" name="trunc_ln313_fu_181">
<pin_list>
<pin id="182" dir="0" index="0" bw="32" slack="0"/>
<pin id="183" dir="1" index="1" bw="31" slack="0"/>
</pin_list>
<bind>
<opcode="trunc(33) " fcode="trunc"/>
<opset="trunc_ln313/1 "/>
</bind>
</comp>

<comp id="185" class="1004" name="t_fu_185">
<pin_list>
<pin id="186" dir="0" index="0" bw="32" slack="0"/>
<pin id="187" dir="0" index="1" bw="1" slack="0"/>
<pin id="188" dir="0" index="2" bw="31" slack="0"/>
<pin id="189" dir="1" index="3" bw="32" slack="0"/>
</pin_list>
<bind>
<opcode="bitconcatenate(1004) " fcode="bitconcatenate"/>
<opset="t/1 "/>
</bind>
</comp>

<comp id="193" class="1004" name="abst_in_fu_193">
<pin_list>
<pin id="194" dir="0" index="0" bw="32" slack="0"/>
<pin id="195" dir="1" index="1" bw="32" slack="0"/>
</pin_list>
<bind>
<opcode="bitcast(44) " fcode="bitcast"/>
<opset="abst_in/1 "/>
</bind>
</comp>

<comp id="199" class="1004" name="icmp_ln36_fu_199">
<pin_list>
<pin id="200" dir="0" index="0" bw="8" slack="0"/>
<pin id="201" dir="0" index="1" bw="8" slack="0"/>
<pin id="202" dir="1" index="2" bw="1" slack="1"/>
</pin_list>
<bind>
<opcode="icmp(45) " fcode="icmp"/>
<opset="icmp_ln36/1 "/>
</bind>
</comp>

<comp id="205" class="1004" name="icmp_ln45_fu_205">
<pin_list>
<pin id="206" dir="0" index="0" bw="8" slack="0"/>
<pin id="207" dir="0" index="1" bw="8" slack="0"/>
<pin id="208" dir="1" index="2" bw="1" slack="1"/>
</pin_list>
<bind>
<opcode="icmp(45) " fcode="icmp"/>
<opset="icmp_ln45/1 "/>
</bind>
</comp>

<comp id="211" class="1004" name="icmp_ln46_fu_211">
<pin_list>
<pin id="212" dir="0" index="0" bw="8" slack="0"/>
<pin id="213" dir="0" index="1" bw="8" slack="0"/>
<pin id="214" dir="1" index="2" bw="1" slack="0"/>
</pin_list>
<bind>
<opcode="icmp(45) " fcode="icmp"/>
<opset="icmp_ln46/1 "/>
</bind>
</comp>

<comp id="217" class="1004" name="icmp_ln46_1_fu_217">
<pin_list>
<pin id="218" dir="0" index="0" bw="23" slack="0"/>
<pin id="219" dir="0" index="1" bw="23" slack="0"/>
<pin id="220" dir="1" index="2" bw="1" slack="0"/>
</pin_list>
<bind>
<opcode="icmp(45) " fcode="icmp"/>
<opset="icmp_ln46_1/1 "/>
</bind>
</comp>

<comp id="223" class="1004" name="and_ln46_fu_223">
<pin_list>
<pin id="224" dir="0" index="0" bw="1" slack="0"/>
<pin id="225" dir="0" index="1" bw="1" slack="0"/>
<pin id="226" dir="1" index="2" bw="1" slack="1"/>
</pin_list>
<bind>
<opcode="and(23) " fcode="and"/>
<opset="and_ln46/1 "/>
</bind>
</comp>

<comp id="229" class="1004" name="icmp_ln38_fu_229">
<pin_list>
<pin id="230" dir="0" index="0" bw="23" slack="0"/>
<pin id="231" dir="0" index="1" bw="23" slack="0"/>
<pin id="232" dir="1" index="2" bw="1" slack="31"/>
</pin_list>
<bind>
<opcode="icmp(45) " fcode="icmp"/>
<opset="icmp_ln38/1 "/>
</bind>
</comp>

<comp id="235" class="1004" name="icmp_ln54_fu_235">
<pin_list>
<pin id="236" dir="0" index="0" bw="8" slack="1"/>
<pin id="237" dir="0" index="1" bw="8" slack="0"/>
<pin id="238" dir="1" index="2" bw="1" slack="3"/>
</pin_list>
<bind>
<opcode="icmp(45) " fcode="icmp"/>
<opset="icmp_ln54/2 "/>
</bind>
</comp>

<comp id="240" class="1004" name="or_ln_fu_240">
<pin_list>
<pin id="241" dir="0" index="0" bw="32" slack="0"/>
<pin id="242" dir="0" index="1" bw="1" slack="0"/>
<pin id="243" dir="0" index="2" bw="31" slack="1"/>
<pin id="244" dir="1" index="3" bw="32" slack="0"/>
</pin_list>
<bind>
<opcode="bitconcatenate(1004) " fcode="bitconcatenate"/>
<opset="or_ln/2 "/>
</bind>
</comp>

<comp id="247" class="1004" name="bitcast_ln55_fu_247">
<pin_list>
<pin id="248" dir="0" index="0" bw="32" slack="0"/>
<pin id="249" dir="1" index="1" bw="32" slack="0"/>
</pin_list>
<bind>
<opcode="bitcast(44) " fcode="bitcast"/>
<opset="bitcast_ln55/2 "/>
</bind>
</comp>

<comp id="252" class="1004" name="x_6_fu_252">
<pin_list>
<pin id="253" dir="0" index="0" bw="1" slack="3"/>
<pin id="254" dir="0" index="1" bw="32" slack="1"/>
<pin id="255" dir="0" index="2" bw="32" slack="1"/>
<pin id="256" dir="1" index="3" bw="32" slack="0"/>
</pin_list>
<bind>
<opcode="select(49) " fcode="select"/>
<opset="x_6/5 "/>
</bind>
</comp>

<comp id="258" class="1004" name="data_4_fu_258">
<pin_list>
<pin id="259" dir="0" index="0" bw="32" slack="0"/>
<pin id="260" dir="1" index="1" bw="32" slack="0"/>
</pin_list>
<bind>
<opcode="bitcast(44) " fcode="bitcast"/>
<opset="data_4/5 "/>
</bind>
</comp>

<comp id="262" class="1004" name="xs_exp_1_fu_262">
<pin_list>
<pin id="263" dir="0" index="0" bw="8" slack="0"/>
<pin id="264" dir="0" index="1" bw="32" slack="0"/>
<pin id="265" dir="0" index="2" bw="6" slack="0"/>
<pin id="266" dir="0" index="3" bw="6" slack="0"/>
<pin id="267" dir="1" index="4" bw="8" slack="0"/>
</pin_list>
<bind>
<opcode="partselect(1002) " fcode="partselect"/>
<opset="xs_exp_1/5 "/>
</bind>
</comp>

<comp id="272" class="1004" name="icmp_ln9_fu_272">
<pin_list>
<pin id="273" dir="0" index="0" bw="8" slack="0"/>
<pin id="274" dir="0" index="1" bw="8" slack="0"/>
<pin id="275" dir="1" index="2" bw="1" slack="1"/>
</pin_list>
<bind>
<opcode="icmp(45) " fcode="icmp"/>
<opset="icmp_ln9/5 "/>
</bind>
</comp>

<comp id="278" class="1004" name="icmp_ln10_fu_278">
<pin_list>
<pin id="279" dir="0" index="0" bw="8" slack="0"/>
<pin id="280" dir="0" index="1" bw="8" slack="0"/>
<pin id="281" dir="1" index="2" bw="1" slack="1"/>
</pin_list>
<bind>
<opcode="icmp(45) " fcode="icmp"/>
<opset="icmp_ln10/5 "/>
</bind>
</comp>

<comp id="284" class="1004" name="bitcast_ln66_fu_284">
<pin_list>
<pin id="285" dir="0" index="0" bw="32" slack="3"/>
<pin id="286" dir="1" index="1" bw="32" slack="0"/>
</pin_list>
<bind>
<opcode="bitcast(44) " fcode="bitcast"/>
<opset="bitcast_ln66/23 "/>
</bind>
</comp>

<comp id="288" class="1004" name="bit_sel_fu_288">
<pin_list>
<pin id="289" dir="0" index="0" bw="1" slack="0"/>
<pin id="290" dir="0" index="1" bw="32" slack="0"/>
<pin id="291" dir="0" index="2" bw="6" slack="0"/>
<pin id="292" dir="1" index="3" bw="1" slack="0"/>
</pin_list>
<bind>
<opcode="bitselect(1000) " fcode="bitselect"/>
<opset="bit_sel/23 "/>
</bind>
</comp>

<comp id="296" class="1004" name="xor_ln66_fu_296">
<pin_list>
<pin id="297" dir="0" index="0" bw="1" slack="0"/>
<pin id="298" dir="0" index="1" bw="1" slack="0"/>
<pin id="299" dir="1" index="2" bw="1" slack="0"/>
</pin_list>
<bind>
<opcode="xor(25) " fcode="xor"/>
<opset="xor_ln66/23 "/>
</bind>
</comp>

<comp id="302" class="1004" name="trunc_ln66_fu_302">
<pin_list>
<pin id="303" dir="0" index="0" bw="32" slack="0"/>
<pin id="304" dir="1" index="1" bw="31" slack="0"/>
</pin_list>
<bind>
<opcode="trunc(33) " fcode="trunc"/>
<opset="trunc_ln66/23 "/>
</bind>
</comp>

<comp id="306" class="1004" name="xor_ln_fu_306">
<pin_list>
<pin id="307" dir="0" index="0" bw="32" slack="0"/>
<pin id="308" dir="0" index="1" bw="1" slack="0"/>
<pin id="309" dir="0" index="2" bw="31" slack="0"/>
<pin id="310" dir="1" index="3" bw="32" slack="0"/>
</pin_list>
<bind>
<opcode="bitconcatenate(1004) " fcode="bitconcatenate"/>
<opset="xor_ln/23 "/>
</bind>
</comp>

<comp id="314" class="1004" name="bitcast_ln66_1_fu_314">
<pin_list>
<pin id="315" dir="0" index="0" bw="32" slack="0"/>
<pin id="316" dir="1" index="1" bw="32" slack="0"/>
</pin_list>
<bind>
<opcode="bitcast(44) " fcode="bitcast"/>
<opset="bitcast_ln66_1/23 "/>
</bind>
</comp>

<comp id="319" class="1004" name="select_ln38_fu_319">
<pin_list>
<pin id="320" dir="0" index="0" bw="1" slack="31"/>
<pin id="321" dir="0" index="1" bw="32" slack="0"/>
<pin id="322" dir="0" index="2" bw="32" slack="0"/>
<pin id="323" dir="1" index="3" bw="32" slack="1"/>
</pin_list>
<bind>
<opcode="select(49) " fcode="select"/>
<opset="select_ln38/32 "/>
</bind>
</comp>

<comp id="326" class="1004" name="bitcast_ln83_fu_326">
<pin_list>
<pin id="327" dir="0" index="0" bw="32" slack="0"/>
<pin id="328" dir="1" index="1" bw="32" slack="0"/>
</pin_list>
<bind>
<opcode="bitcast(44) " fcode="bitcast"/>
<opset="bitcast_ln83/33 "/>
</bind>
</comp>

<comp id="330" class="1004" name="bit_sel1_fu_330">
<pin_list>
<pin id="331" dir="0" index="0" bw="1" slack="0"/>
<pin id="332" dir="0" index="1" bw="32" slack="0"/>
<pin id="333" dir="0" index="2" bw="6" slack="0"/>
<pin id="334" dir="1" index="3" bw="1" slack="0"/>
</pin_list>
<bind>
<opcode="bitselect(1000) " fcode="bitselect"/>
<opset="bit_sel1/33 "/>
</bind>
</comp>

<comp id="338" class="1004" name="xor_ln83_fu_338">
<pin_list>
<pin id="339" dir="0" index="0" bw="1" slack="0"/>
<pin id="340" dir="0" index="1" bw="1" slack="0"/>
<pin id="341" dir="1" index="2" bw="1" slack="0"/>
</pin_list>
<bind>
<opcode="xor(25) " fcode="xor"/>
<opset="xor_ln83/33 "/>
</bind>
</comp>

<comp id="344" class="1004" name="trunc_ln83_fu_344">
<pin_list>
<pin id="345" dir="0" index="0" bw="32" slack="0"/>
<pin id="346" dir="1" index="1" bw="31" slack="0"/>
</pin_list>
<bind>
<opcode="trunc(33) " fcode="trunc"/>
<opset="trunc_ln83/33 "/>
</bind>
</comp>

<comp id="348" class="1004" name="xor_ln1_fu_348">
<pin_list>
<pin id="349" dir="0" index="0" bw="32" slack="0"/>
<pin id="350" dir="0" index="1" bw="1" slack="0"/>
<pin id="351" dir="0" index="2" bw="31" slack="0"/>
<pin id="352" dir="1" index="3" bw="32" slack="0"/>
</pin_list>
<bind>
<opcode="bitconcatenate(1004) " fcode="bitconcatenate"/>
<opset="xor_ln1/33 "/>
</bind>
</comp>

<comp id="356" class="1004" name="bitcast_ln83_1_fu_356">
<pin_list>
<pin id="357" dir="0" index="0" bw="32" slack="0"/>
<pin id="358" dir="1" index="1" bw="32" slack="0"/>
</pin_list>
<bind>
<opcode="bitcast(44) " fcode="bitcast"/>
<opset="bitcast_ln83_1/33 "/>
</bind>
</comp>

<comp id="360" class="1004" name="select_ln79_fu_360">
<pin_list>
<pin id="361" dir="0" index="0" bw="1" slack="32"/>
<pin id="362" dir="0" index="1" bw="32" slack="0"/>
<pin id="363" dir="0" index="2" bw="32" slack="0"/>
<pin id="364" dir="1" index="3" bw="32" slack="2147483647"/>
</pin_list>
<bind>
<opcode="select(49) " fcode="select"/>
<opset="select_ln79/33 "/>
</bind>
</comp>

<comp id="367" class="1005" name="din_sign_reg_367">
<pin_list>
<pin id="368" dir="0" index="0" bw="1" slack="32"/>
<pin id="369" dir="1" index="1" bw="1" slack="32"/>
</pin_list>
<bind>
<opset="din_sign "/>
</bind>
</comp>

<comp id="372" class="1005" name="din_exp_reg_372">
<pin_list>
<pin id="373" dir="0" index="0" bw="8" slack="1"/>
<pin id="374" dir="1" index="1" bw="8" slack="1"/>
</pin_list>
<bind>
<opset="din_exp "/>
</bind>
</comp>

<comp id="377" class="1005" name="trunc_ln313_reg_377">
<pin_list>
<pin id="378" dir="0" index="0" bw="31" slack="1"/>
<pin id="379" dir="1" index="1" bw="31" slack="1"/>
</pin_list>
<bind>
<opset="trunc_ln313 "/>
</bind>
</comp>

<comp id="382" class="1005" name="abst_in_reg_382">
<pin_list>
<pin id="383" dir="0" index="0" bw="32" slack="1"/>
<pin id="384" dir="1" index="1" bw="32" slack="1"/>
</pin_list>
<bind>
<opset="abst_in "/>
</bind>
</comp>

<comp id="392" class="1005" name="icmp_ln36_reg_392">
<pin_list>
<pin id="393" dir="0" index="0" bw="1" slack="1"/>
<pin id="394" dir="1" index="1" bw="1" slack="2147483647"/>
</pin_list>
<bind>
<opset="icmp_ln36 "/>
</bind>
</comp>

<comp id="396" class="1005" name="icmp_ln45_reg_396">
<pin_list>
<pin id="397" dir="0" index="0" bw="1" slack="1"/>
<pin id="398" dir="1" index="1" bw="1" slack="2147483647"/>
</pin_list>
<bind>
<opset="icmp_ln45 "/>
</bind>
</comp>

<comp id="400" class="1005" name="and_ln46_reg_400">
<pin_list>
<pin id="401" dir="0" index="0" bw="1" slack="1"/>
<pin id="402" dir="1" index="1" bw="1" slack="2147483647"/>
</pin_list>
<bind>
<opset="and_ln46 "/>
</bind>
</comp>

<comp id="404" class="1005" name="icmp_ln38_reg_404">
<pin_list>
<pin id="405" dir="0" index="0" bw="1" slack="31"/>
<pin id="406" dir="1" index="1" bw="1" slack="31"/>
</pin_list>
<bind>
<opset="icmp_ln38 "/>
</bind>
</comp>

<comp id="409" class="1005" name="tmp_30_reg_409">
<pin_list>
<pin id="410" dir="0" index="0" bw="1" slack="1"/>
<pin id="411" dir="1" index="1" bw="1" slack="2147483647"/>
</pin_list>
<bind>
<opset="tmp_30 "/>
</bind>
</comp>

<comp id="413" class="1005" name="icmp_ln54_reg_413">
<pin_list>
<pin id="414" dir="0" index="0" bw="1" slack="3"/>
<pin id="415" dir="1" index="1" bw="1" slack="3"/>
</pin_list>
<bind>
<opset="icmp_ln54 "/>
</bind>
</comp>

<comp id="418" class="1005" name="bitcast_ln55_reg_418">
<pin_list>
<pin id="419" dir="0" index="0" bw="32" slack="1"/>
<pin id="420" dir="1" index="1" bw="32" slack="1"/>
</pin_list>
<bind>
<opset="bitcast_ln55 "/>
</bind>
</comp>

<comp id="423" class="1005" name="add_reg_423">
<pin_list>
<pin id="424" dir="0" index="0" bw="32" slack="1"/>
<pin id="425" dir="1" index="1" bw="32" slack="1"/>
</pin_list>
<bind>
<opset="add "/>
</bind>
</comp>

<comp id="428" class="1005" name="x_reg_428">
<pin_list>
<pin id="429" dir="0" index="0" bw="32" slack="1"/>
<pin id="430" dir="1" index="1" bw="32" slack="1"/>
</pin_list>
<bind>
<opset="x "/>
</bind>
</comp>

<comp id="433" class="1005" name="x_4_reg_433">
<pin_list>
<pin id="434" dir="0" index="0" bw="32" slack="1"/>
<pin id="435" dir="1" index="1" bw="32" slack="1"/>
</pin_list>
<bind>
<opset="x_4 "/>
</bind>
</comp>

<comp id="438" class="1005" name="x_6_reg_438">
<pin_list>
<pin id="439" dir="0" index="0" bw="32" slack="15"/>
<pin id="440" dir="1" index="1" bw="32" slack="15"/>
</pin_list>
<bind>
<opset="x_6 "/>
</bind>
</comp>

<comp id="443" class="1005" name="icmp_ln9_reg_443">
<pin_list>
<pin id="444" dir="0" index="0" bw="1" slack="1"/>
<pin id="445" dir="1" index="1" bw="1" slack="2147483647"/>
</pin_list>
<bind>
<opset="icmp_ln9 "/>
</bind>
</comp>

<comp id="447" class="1005" name="icmp_ln10_reg_447">
<pin_list>
<pin id="448" dir="0" index="0" bw="1" slack="1"/>
<pin id="449" dir="1" index="1" bw="1" slack="2147483647"/>
</pin_list>
<bind>
<opset="icmp_ln10 "/>
</bind>
</comp>

<comp id="451" class="1005" name="xd_reg_451">
<pin_list>
<pin id="452" dir="0" index="0" bw="64" slack="1"/>
<pin id="453" dir="1" index="1" bw="64" slack="1"/>
</pin_list>
<bind>
<opset="xd "/>
</bind>
</comp>

<comp id="456" class="1005" name="resultf_reg_456">
<pin_list>
<pin id="457" dir="0" index="0" bw="32" slack="28"/>
<pin id="458" dir="1" index="1" bw="32" slack="28"/>
</pin_list>
<bind>
<opset="resultf "/>
</bind>
</comp>

<comp id="461" class="1005" name="tmp_s_reg_461">
<pin_list>
<pin id="462" dir="0" index="0" bw="64" slack="1"/>
<pin id="463" dir="1" index="1" bw="64" slack="1"/>
</pin_list>
<bind>
<opset="tmp_s "/>
</bind>
</comp>

<comp id="466" class="1005" name="sub_i_reg_466">
<pin_list>
<pin id="467" dir="0" index="0" bw="64" slack="1"/>
<pin id="468" dir="1" index="1" bw="64" slack="1"/>
</pin_list>
<bind>
<opset="sub_i "/>
</bind>
</comp>

<comp id="471" class="1005" name="conv6_i_reg_471">
<pin_list>
<pin id="472" dir="0" index="0" bw="32" slack="1"/>
<pin id="473" dir="1" index="1" bw="32" slack="1"/>
</pin_list>
<bind>
<opset="conv6_i "/>
</bind>
</comp>

<comp id="476" class="1005" name="add2_reg_476">
<pin_list>
<pin id="477" dir="0" index="0" bw="32" slack="1"/>
<pin id="478" dir="1" index="1" bw="32" slack="1"/>
</pin_list>
<bind>
<opset="add2 "/>
</bind>
</comp>

<comp id="481" class="1005" name="bitcast_ln66_1_reg_481">
<pin_list>
<pin id="482" dir="0" index="0" bw="32" slack="1"/>
<pin id="483" dir="1" index="1" bw="32" slack="1"/>
</pin_list>
<bind>
<opset="bitcast_ln66_1 "/>
</bind>
</comp>

<comp id="486" class="1005" name="resultf_2_reg_486">
<pin_list>
<pin id="487" dir="0" index="0" bw="32" slack="1"/>
<pin id="488" dir="1" index="1" bw="32" slack="1"/>
</pin_list>
<bind>
<opset="resultf_2 "/>
</bind>
</comp>

<comp id="491" class="1005" name="select_ln38_reg_491">
<pin_list>
<pin id="492" dir="0" index="0" bw="32" slack="1"/>
<pin id="493" dir="1" index="1" bw="32" slack="1"/>
</pin_list>
<bind>
<opset="select_ln38 "/>
</bind>
</comp>

</comp_list>

<net_list>
<net id="56"><net_src comp="8" pin="0"/><net_sink comp="52" pin=0"/></net>

<net id="57"><net_src comp="0" pin="0"/><net_sink comp="52" pin=1"/></net>

<net id="61"><net_src comp="46" pin="0"/><net_sink comp="58" pin=0"/></net>

<net id="70"><net_src comp="58" pin="1"/><net_sink comp="62" pin=2"/></net>

<net id="71"><net_src comp="62" pin="6"/><net_sink comp="58" pin=0"/></net>

<net id="75"><net_src comp="32" pin="0"/><net_sink comp="72" pin=0"/></net>

<net id="88"><net_src comp="72" pin="1"/><net_sink comp="76" pin=8"/></net>

<net id="96"><net_src comp="42" pin="0"/><net_sink comp="89" pin=0"/></net>

<net id="97"><net_src comp="2" pin="0"/><net_sink comp="89" pin=2"/></net>

<net id="98"><net_src comp="4" pin="0"/><net_sink comp="89" pin=3"/></net>

<net id="99"><net_src comp="6" pin="0"/><net_sink comp="89" pin=4"/></net>

<net id="104"><net_src comp="32" pin="0"/><net_sink comp="100" pin=1"/></net>

<net id="117"><net_src comp="62" pin="6"/><net_sink comp="113" pin=0"/></net>

<net id="118"><net_src comp="48" pin="0"/><net_sink comp="113" pin=1"/></net>

<net id="123"><net_src comp="32" pin="0"/><net_sink comp="119" pin=0"/></net>

<net id="132"><net_src comp="48" pin="0"/><net_sink comp="128" pin=0"/></net>

<net id="143"><net_src comp="30" pin="0"/><net_sink comp="139" pin=1"/></net>

<net id="148"><net_src comp="44" pin="0"/><net_sink comp="144" pin=1"/></net>

<net id="152"><net_src comp="128" pin="2"/><net_sink comp="149" pin=0"/></net>

<net id="153"><net_src comp="149" pin="1"/><net_sink comp="119" pin=1"/></net>

<net id="154"><net_src comp="149" pin="1"/><net_sink comp="76" pin=2"/></net>

<net id="158"><net_src comp="52" pin="2"/><net_sink comp="155" pin=0"/></net>

<net id="164"><net_src comp="10" pin="0"/><net_sink comp="159" pin=0"/></net>

<net id="165"><net_src comp="155" pin="1"/><net_sink comp="159" pin=1"/></net>

<net id="166"><net_src comp="12" pin="0"/><net_sink comp="159" pin=2"/></net>

<net id="173"><net_src comp="14" pin="0"/><net_sink comp="167" pin=0"/></net>

<net id="174"><net_src comp="155" pin="1"/><net_sink comp="167" pin=1"/></net>

<net id="175"><net_src comp="16" pin="0"/><net_sink comp="167" pin=2"/></net>

<net id="176"><net_src comp="18" pin="0"/><net_sink comp="167" pin=3"/></net>

<net id="180"><net_src comp="155" pin="1"/><net_sink comp="177" pin=0"/></net>

<net id="184"><net_src comp="155" pin="1"/><net_sink comp="181" pin=0"/></net>

<net id="190"><net_src comp="20" pin="0"/><net_sink comp="185" pin=0"/></net>

<net id="191"><net_src comp="22" pin="0"/><net_sink comp="185" pin=1"/></net>

<net id="192"><net_src comp="181" pin="1"/><net_sink comp="185" pin=2"/></net>

<net id="196"><net_src comp="185" pin="3"/><net_sink comp="193" pin=0"/></net>

<net id="197"><net_src comp="193" pin="1"/><net_sink comp="139" pin=0"/></net>

<net id="198"><net_src comp="193" pin="1"/><net_sink comp="100" pin=0"/></net>

<net id="203"><net_src comp="167" pin="4"/><net_sink comp="199" pin=0"/></net>

<net id="204"><net_src comp="24" pin="0"/><net_sink comp="199" pin=1"/></net>

<net id="209"><net_src comp="167" pin="4"/><net_sink comp="205" pin=0"/></net>

<net id="210"><net_src comp="26" pin="0"/><net_sink comp="205" pin=1"/></net>

<net id="215"><net_src comp="167" pin="4"/><net_sink comp="211" pin=0"/></net>

<net id="216"><net_src comp="26" pin="0"/><net_sink comp="211" pin=1"/></net>

<net id="221"><net_src comp="177" pin="1"/><net_sink comp="217" pin=0"/></net>

<net id="222"><net_src comp="28" pin="0"/><net_sink comp="217" pin=1"/></net>

<net id="227"><net_src comp="211" pin="2"/><net_sink comp="223" pin=0"/></net>

<net id="228"><net_src comp="217" pin="2"/><net_sink comp="223" pin=1"/></net>

<net id="233"><net_src comp="177" pin="1"/><net_sink comp="229" pin=0"/></net>

<net id="234"><net_src comp="28" pin="0"/><net_sink comp="229" pin=1"/></net>

<net id="239"><net_src comp="34" pin="0"/><net_sink comp="235" pin=1"/></net>

<net id="245"><net_src comp="20" pin="0"/><net_sink comp="240" pin=0"/></net>

<net id="246"><net_src comp="36" pin="0"/><net_sink comp="240" pin=1"/></net>

<net id="250"><net_src comp="240" pin="3"/><net_sink comp="247" pin=0"/></net>

<net id="251"><net_src comp="247" pin="1"/><net_sink comp="105" pin=0"/></net>

<net id="257"><net_src comp="252" pin="3"/><net_sink comp="136" pin=0"/></net>

<net id="261"><net_src comp="252" pin="3"/><net_sink comp="258" pin=0"/></net>

<net id="268"><net_src comp="14" pin="0"/><net_sink comp="262" pin=0"/></net>

<net id="269"><net_src comp="258" pin="1"/><net_sink comp="262" pin=1"/></net>

<net id="270"><net_src comp="16" pin="0"/><net_sink comp="262" pin=2"/></net>

<net id="271"><net_src comp="18" pin="0"/><net_sink comp="262" pin=3"/></net>

<net id="276"><net_src comp="262" pin="4"/><net_sink comp="272" pin=0"/></net>

<net id="277"><net_src comp="38" pin="0"/><net_sink comp="272" pin=1"/></net>

<net id="282"><net_src comp="262" pin="4"/><net_sink comp="278" pin=0"/></net>

<net id="283"><net_src comp="40" pin="0"/><net_sink comp="278" pin=1"/></net>

<net id="287"><net_src comp="58" pin="1"/><net_sink comp="284" pin=0"/></net>

<net id="293"><net_src comp="10" pin="0"/><net_sink comp="288" pin=0"/></net>

<net id="294"><net_src comp="284" pin="1"/><net_sink comp="288" pin=1"/></net>

<net id="295"><net_src comp="12" pin="0"/><net_sink comp="288" pin=2"/></net>

<net id="300"><net_src comp="288" pin="3"/><net_sink comp="296" pin=0"/></net>

<net id="301"><net_src comp="36" pin="0"/><net_sink comp="296" pin=1"/></net>

<net id="305"><net_src comp="284" pin="1"/><net_sink comp="302" pin=0"/></net>

<net id="311"><net_src comp="20" pin="0"/><net_sink comp="306" pin=0"/></net>

<net id="312"><net_src comp="296" pin="2"/><net_sink comp="306" pin=1"/></net>

<net id="313"><net_src comp="302" pin="1"/><net_sink comp="306" pin=2"/></net>

<net id="317"><net_src comp="306" pin="3"/><net_sink comp="314" pin=0"/></net>

<net id="318"><net_src comp="314" pin="1"/><net_sink comp="128" pin=0"/></net>

<net id="324"><net_src comp="50" pin="0"/><net_sink comp="319" pin=1"/></net>

<net id="325"><net_src comp="32" pin="0"/><net_sink comp="319" pin=2"/></net>

<net id="329"><net_src comp="76" pin="10"/><net_sink comp="326" pin=0"/></net>

<net id="335"><net_src comp="10" pin="0"/><net_sink comp="330" pin=0"/></net>

<net id="336"><net_src comp="326" pin="1"/><net_sink comp="330" pin=1"/></net>

<net id="337"><net_src comp="12" pin="0"/><net_sink comp="330" pin=2"/></net>

<net id="342"><net_src comp="330" pin="3"/><net_sink comp="338" pin=0"/></net>

<net id="343"><net_src comp="36" pin="0"/><net_sink comp="338" pin=1"/></net>

<net id="347"><net_src comp="326" pin="1"/><net_sink comp="344" pin=0"/></net>

<net id="353"><net_src comp="20" pin="0"/><net_sink comp="348" pin=0"/></net>

<net id="354"><net_src comp="338" pin="2"/><net_sink comp="348" pin=1"/></net>

<net id="355"><net_src comp="344" pin="1"/><net_sink comp="348" pin=2"/></net>

<net id="359"><net_src comp="348" pin="3"/><net_sink comp="356" pin=0"/></net>

<net id="365"><net_src comp="356" pin="1"/><net_sink comp="360" pin=1"/></net>

<net id="366"><net_src comp="76" pin="10"/><net_sink comp="360" pin=2"/></net>

<net id="370"><net_src comp="159" pin="3"/><net_sink comp="367" pin=0"/></net>

<net id="371"><net_src comp="367" pin="1"/><net_sink comp="360" pin=0"/></net>

<net id="375"><net_src comp="167" pin="4"/><net_sink comp="372" pin=0"/></net>

<net id="376"><net_src comp="372" pin="1"/><net_sink comp="235" pin=0"/></net>

<net id="380"><net_src comp="181" pin="1"/><net_sink comp="377" pin=0"/></net>

<net id="381"><net_src comp="377" pin="1"/><net_sink comp="240" pin=2"/></net>

<net id="385"><net_src comp="193" pin="1"/><net_sink comp="382" pin=0"/></net>

<net id="386"><net_src comp="382" pin="1"/><net_sink comp="139" pin=0"/></net>

<net id="387"><net_src comp="382" pin="1"/><net_sink comp="105" pin=1"/></net>

<net id="388"><net_src comp="382" pin="1"/><net_sink comp="109" pin=0"/></net>

<net id="389"><net_src comp="382" pin="1"/><net_sink comp="109" pin=1"/></net>

<net id="390"><net_src comp="382" pin="1"/><net_sink comp="100" pin=0"/></net>

<net id="391"><net_src comp="382" pin="1"/><net_sink comp="124" pin=0"/></net>

<net id="395"><net_src comp="199" pin="2"/><net_sink comp="392" pin=0"/></net>

<net id="399"><net_src comp="205" pin="2"/><net_sink comp="396" pin=0"/></net>

<net id="403"><net_src comp="223" pin="2"/><net_sink comp="400" pin=0"/></net>

<net id="407"><net_src comp="229" pin="2"/><net_sink comp="404" pin=0"/></net>

<net id="408"><net_src comp="404" pin="1"/><net_sink comp="319" pin=0"/></net>

<net id="412"><net_src comp="139" pin="2"/><net_sink comp="409" pin=0"/></net>

<net id="416"><net_src comp="235" pin="2"/><net_sink comp="413" pin=0"/></net>

<net id="417"><net_src comp="413" pin="1"/><net_sink comp="252" pin=0"/></net>

<net id="421"><net_src comp="247" pin="1"/><net_sink comp="418" pin=0"/></net>

<net id="422"><net_src comp="418" pin="1"/><net_sink comp="105" pin=0"/></net>

<net id="426"><net_src comp="100" pin="2"/><net_sink comp="423" pin=0"/></net>

<net id="427"><net_src comp="423" pin="1"/><net_sink comp="124" pin=1"/></net>

<net id="431"><net_src comp="105" pin="2"/><net_sink comp="428" pin=0"/></net>

<net id="432"><net_src comp="428" pin="1"/><net_sink comp="252" pin=1"/></net>

<net id="436"><net_src comp="109" pin="2"/><net_sink comp="433" pin=0"/></net>

<net id="437"><net_src comp="433" pin="1"/><net_sink comp="252" pin=2"/></net>

<net id="441"><net_src comp="252" pin="3"/><net_sink comp="438" pin=0"/></net>

<net id="442"><net_src comp="438" pin="1"/><net_sink comp="62" pin=4"/></net>

<net id="446"><net_src comp="272" pin="2"/><net_sink comp="443" pin=0"/></net>

<net id="450"><net_src comp="278" pin="2"/><net_sink comp="447" pin=0"/></net>

<net id="454"><net_src comp="136" pin="1"/><net_sink comp="451" pin=0"/></net>

<net id="455"><net_src comp="451" pin="1"/><net_sink comp="89" pin=1"/></net>

<net id="459"><net_src comp="124" pin="2"/><net_sink comp="456" pin=0"/></net>

<net id="460"><net_src comp="456" pin="1"/><net_sink comp="76" pin=0"/></net>

<net id="464"><net_src comp="89" pin="5"/><net_sink comp="461" pin=0"/></net>

<net id="465"><net_src comp="461" pin="1"/><net_sink comp="144" pin=0"/></net>

<net id="469"><net_src comp="144" pin="2"/><net_sink comp="466" pin=0"/></net>

<net id="470"><net_src comp="466" pin="1"/><net_sink comp="133" pin=0"/></net>

<net id="474"><net_src comp="133" pin="1"/><net_sink comp="471" pin=0"/></net>

<net id="475"><net_src comp="471" pin="1"/><net_sink comp="62" pin=0"/></net>

<net id="479"><net_src comp="113" pin="2"/><net_sink comp="476" pin=0"/></net>

<net id="480"><net_src comp="476" pin="1"/><net_sink comp="128" pin=1"/></net>

<net id="484"><net_src comp="314" pin="1"/><net_sink comp="481" pin=0"/></net>

<net id="485"><net_src comp="481" pin="1"/><net_sink comp="128" pin=0"/></net>

<net id="489"><net_src comp="119" pin="2"/><net_sink comp="486" pin=0"/></net>

<net id="490"><net_src comp="486" pin="1"/><net_sink comp="76" pin=4"/></net>

<net id="494"><net_src comp="319" pin="3"/><net_sink comp="491" pin=0"/></net>

<net id="495"><net_src comp="491" pin="1"/><net_sink comp="76" pin=6"/></net>

</net_list>

</model> 
---------------- Datapath Model END ------------------

* FSMD analyzer results:
  - Output states:
	Port: t_in | {}
	Port: table_exp_Z1_ap_ufixed_58_1_ap_q_mode_5_ap_o_mode_3_0_array | {}
	Port: table_f_Z3_ap_ufixed_59_0_ap_q_mode_5_ap_o_mode_3_0_array | {}
	Port: table_f_Z2_ap_ufixed_59_0_ap_q_mode_5_ap_o_mode_3_0_array | {}
 - Input state : 
	Port: generic_tanh<float> : t_in | {1 }
	Port: generic_tanh<float> : table_exp_Z1_ap_ufixed_58_1_ap_q_mode_5_ap_o_mode_3_0_array | {11 12 }
	Port: generic_tanh<float> : table_f_Z3_ap_ufixed_59_0_ap_q_mode_5_ap_o_mode_3_0_array | {9 10 }
	Port: generic_tanh<float> : table_f_Z2_ap_ufixed_59_0_ap_q_mode_5_ap_o_mode_3_0_array | {10 11 }
  - Chain level:
	State 1
		din_sign : 1
		din_exp : 1
		din_sig : 1
		trunc_ln313 : 1
		t : 2
		abst_in : 3
		icmp_ln36 : 2
		br_ln36 : 3
		icmp_ln45 : 2
		br_ln45 : 3
		icmp_ln46 : 2
		icmp_ln46_1 : 2
		and_ln46 : 3
		br_ln46 : 3
		tmp_30 : 4
		add : 4
		icmp_ln38 : 2
	State 2
		br_ln51 : 1
		bitcast_ln55 : 1
		x : 2
		br_ln63 : 1
	State 3
	State 4
	State 5
		data_4 : 1
		xs_exp_1 : 2
		icmp_ln9 : 3
		br_ln9 : 4
		icmp_ln10 : 3
		br_ln10 : 4
		xd : 1
	State 6
	State 7
	State 8
	State 9
	State 10
	State 11
	State 12
	State 13
	State 14
	State 15
	State 16
	State 17
	State 18
	State 19
	State 20
		add2 : 1
	State 21
	State 22
	State 23
		bit_sel : 1
		xor_ln66 : 2
		trunc_ln66 : 1
		xor_ln : 2
		bitcast_ln66_1 : 3
		resultf_1 : 4
	State 24
	State 25
	State 26
	State 27
	State 28
	State 29
	State 30
	State 31
	State 32
	State 33
		resultf_3 : 1
		bitcast_ln83 : 2
		bit_sel1 : 3
		xor_ln83 : 4
		trunc_ln83 : 3
		xor_ln1 : 4
		bitcast_ln83_1 : 5
		select_ln79 : 6
		ret_ln85 : 7


============================================================
+ Verbose Summary: Datapath Resource usage 
============================================================

* Functional unit list:
|----------|--------------------------------|---------|---------|---------|---------|
| Operation|         Functional Unit        |   DSP   |  Delay  |    FF   |   LUT   |
|----------|--------------------------------|---------|---------|---------|---------|
|   call   | grp_exp_generic_double_s_fu_89 |    24   |  2.184  |   326   |   2278  |
|----------|--------------------------------|---------|---------|---------|---------|
|          |           grp_fu_100           |    2    |    0    |   177   |   194   |
|          |           grp_fu_105           |    2    |    0    |   177   |   194   |
|   fadd   |           grp_fu_109           |    2    |    0    |   177   |   194   |
|          |           grp_fu_113           |    2    |    0    |   177   |   194   |
|          |           grp_fu_119           |    2    |    0    |   177   |   194   |
|----------|--------------------------------|---------|---------|---------|---------|
|   dadd   |           grp_fu_144           |    3    |    0    |   430   |   762   |
|----------|--------------------------------|---------|---------|---------|---------|
|   fmul   |           grp_fu_124           |    3    |    0    |   128   |   135   |
|----------|--------------------------------|---------|---------|---------|---------|
|          |        icmp_ln36_fu_199        |    0    |    0    |    0    |    15   |
|          |        icmp_ln45_fu_205        |    0    |    0    |    0    |    15   |
|          |        icmp_ln46_fu_211        |    0    |    0    |    0    |    15   |
|   icmp   |       icmp_ln46_1_fu_217       |    0    |    0    |    0    |    30   |
|          |        icmp_ln38_fu_229        |    0    |    0    |    0    |    30   |
|          |        icmp_ln54_fu_235        |    0    |    0    |    0    |    15   |
|          |         icmp_ln9_fu_272        |    0    |    0    |    0    |    15   |
|          |        icmp_ln10_fu_278        |    0    |    0    |    0    |    15   |
|----------|--------------------------------|---------|---------|---------|---------|
|          |           x_6_fu_252           |    0    |    0    |    0    |    32   |
|  select  |       select_ln38_fu_319       |    0    |    0    |    0    |    32   |
|          |       select_ln79_fu_360       |    0    |    0    |    0    |    32   |
|----------|--------------------------------|---------|---------|---------|---------|
|    xor   |         xor_ln66_fu_296        |    0    |    0    |    0    |    2    |
|          |         xor_ln83_fu_338        |    0    |    0    |    0    |    2    |
|----------|--------------------------------|---------|---------|---------|---------|
|    and   |         and_ln46_fu_223        |    0    |    0    |    0    |    2    |
|----------|--------------------------------|---------|---------|---------|---------|
|   read   |      t_in_read_read_fu_52      |    0    |    0    |    0    |    0    |
|----------|--------------------------------|---------|---------|---------|---------|
|   fdiv   |           grp_fu_128           |    0    |    0    |    0    |    0    |
|----------|--------------------------------|---------|---------|---------|---------|
|  fptrunc |           grp_fu_133           |    0    |    0    |    0    |    0    |
|----------|--------------------------------|---------|---------|---------|---------|
|   fpext  |            xd_fu_136           |    0    |    0    |    0    |    0    |
|----------|--------------------------------|---------|---------|---------|---------|
|   fcmp   |           grp_fu_139           |    0    |    0    |    0    |    0    |
|----------|--------------------------------|---------|---------|---------|---------|
|          |         din_sign_fu_159        |    0    |    0    |    0    |    0    |
| bitselect|         bit_sel_fu_288         |    0    |    0    |    0    |    0    |
|          |         bit_sel1_fu_330        |    0    |    0    |    0    |    0    |
|----------|--------------------------------|---------|---------|---------|---------|
|partselect|         din_exp_fu_167         |    0    |    0    |    0    |    0    |
|          |         xs_exp_1_fu_262        |    0    |    0    |    0    |    0    |
|----------|--------------------------------|---------|---------|---------|---------|
|          |         din_sig_fu_177         |    0    |    0    |    0    |    0    |
|   trunc  |       trunc_ln313_fu_181       |    0    |    0    |    0    |    0    |
|          |        trunc_ln66_fu_302       |    0    |    0    |    0    |    0    |
|          |        trunc_ln83_fu_344       |    0    |    0    |    0    |    0    |
|----------|--------------------------------|---------|---------|---------|---------|
|          |            t_fu_185            |    0    |    0    |    0    |    0    |
|bitconcatenate|          or_ln_fu_240          |    0    |    0    |    0    |    0    |
|          |          xor_ln_fu_306         |    0    |    0    |    0    |    0    |
|          |         xor_ln1_fu_348         |    0    |    0    |    0    |    0    |
|----------|--------------------------------|---------|---------|---------|---------|
|   Total  |                                |    40   |  2.184  |   1769  |   4397  |
|----------|--------------------------------|---------|---------|---------|---------|

Memories:
N/A

* Register list:
+----------------------+--------+
|                      |   FF   |
+----------------------+--------+
|    abst_in_reg_382   |   32   |
|     add2_reg_476     |   32   |
|      add_reg_423     |   32   |
|   and_ln46_reg_400   |    1   |
| bitcast_ln55_reg_418 |   32   |
|bitcast_ln66_1_reg_481|   32   |
|    conv6_i_reg_471   |   32   |
|    din_exp_reg_372   |    8   |
|   din_sign_reg_367   |    1   |
|      expx_reg_58     |   32   |
|   icmp_ln10_reg_447  |    1   |
|   icmp_ln36_reg_392  |    1   |
|   icmp_ln38_reg_404  |    1   |
|   icmp_ln45_reg_396  |    1   |
|   icmp_ln54_reg_413  |    1   |
|   icmp_ln9_reg_443   |    1   |
|        reg_149       |   32   |
|   resultf_2_reg_486  |   32   |
|   resultf_3_reg_72   |   32   |
|    resultf_reg_456   |   32   |
|  select_ln38_reg_491 |   32   |
|     sub_i_reg_466    |   64   |
|    tmp_30_reg_409    |    1   |
|     tmp_s_reg_461    |   64   |
|  trunc_ln313_reg_377 |   31   |
|      x_4_reg_433     |   32   |
|      x_6_reg_438     |   32   |
|       x_reg_428      |   32   |
|      xd_reg_451      |   64   |
+----------------------+--------+
|         Total        |   720  |
+----------------------+--------+

* Multiplexer (MUX) list: 
|-------------|------|------|------|--------||---------||---------||---------|
|     Comp    |  Pin | Size |  BW  | S x BW ||  Delay  ||    FF   ||   LUT   |
|-------------|------|------|------|--------||---------||---------||---------|
| expx_reg_58 |  p0  |   2  |  32  |   64   ||    0    ||    9    |
|  grp_fu_100 |  p0  |   2  |  32  |   64   ||    0    ||    9    |
|  grp_fu_105 |  p0  |   2  |  32  |   64   ||    0    ||    9    |
|  grp_fu_128 |  p0  |   3  |  32  |   96   ||    0    ||    14   |
|  grp_fu_139 |  p0  |   2  |  32  |   64   ||    0    ||    9    |
|-------------|------|------|------|--------||---------||---------||---------|
|    Total    |      |      |      |   352  ||  2.184  ||    0    ||    50   |
|-------------|------|------|------|--------||---------||---------||---------|



* Summary:
+-----------+--------+--------+--------+--------+
|           |   DSP  |  Delay |   FF   |   LUT  |
+-----------+--------+--------+--------+--------+
|  Function |   40   |    2   |  1769  |  4397  |
|   Memory  |    -   |    -   |    -   |    -   |
|Multiplexer|    -   |    2   |    0   |   50   |
|  Register |    -   |    -   |   720  |    -   |
+-----------+--------+--------+--------+--------+
|   Total   |   40   |    4   |  2489  |  4447  |
+-----------+--------+--------+--------+--------+
