

================================================================
== Vitis HLS Report for 'mod_rcp_mult_24_36_8_s'
================================================================
* Date:           Wed Apr  8 16:19:03 2026

* Version:        2024.1 (Build 5069499 on May 21 2024)
* Project:        pedal
* Solution:       hls (Vivado IP Flow Target)
* Product family: zynquplus
* Target device:  xczu3eg-sfvc784-2-e


================================================================
== Performance Estimates
================================================================
+ Timing: 
    * Summary: 
    +--------+----------+-----------+------------+
    |  Clock |  Target  | Estimated | Uncertainty|
    +--------+----------+-----------+------------+
    |ap_clk  |  15.00 ns|  10.732 ns|     4.05 ns|
    +--------+----------+-----------+------------+

+ Latency: 
    * Summary: 
    +---------+---------+----------+----------+-----+-----+---------+
    |  Latency (cycles) |  Latency (absolute) |  Interval | Pipeline|
    |   min   |   max   |    min   |    max   | min | max |   Type  |
    +---------+---------+----------+----------+-----+-----+---------+
    |        9|        9|  0.135 us|  0.135 us|    1|    1|      yes|
    +---------+---------+----------+----------+-----+-----+---------+

    + Detail: 
        * Instance: 
        N/A

        * Loop: 
        N/A



================================================================
== Utilization Estimates
================================================================
* Summary: 
+-----------------+---------+-----+--------+-------+-----+
|       Name      | BRAM_18K| DSP |   FF   |  LUT  | URAM|
+-----------------+---------+-----+--------+-------+-----+
|DSP              |        -|    -|       -|      -|    -|
|Expression       |        -|    -|       0|   6276|    -|
|FIFO             |        -|    -|       -|      -|    -|
|Instance         |        -|   40|       0|    608|    -|
|Memory           |        -|    -|       -|      -|    -|
|Multiplexer      |        -|    -|       -|      -|    -|
|Register         |        -|    -|     634|     32|    -|
+-----------------+---------+-----+--------+-------+-----+
|Total            |        0|   40|     634|   6916|    0|
+-----------------+---------+-----+--------+-------+-----+
|Available        |      432|  360|  141120|  70560|    0|
+-----------------+---------+-----+--------+-------+-----+
|Utilization (%)  |        0|   11|      ~0|      9|    0|
+-----------------+---------+-----+--------+-------+-----+

+ Detail: 
    * Instance: 
    +--------------------------+----------------------+---------+----+---+----+-----+
    |         Instance         |        Module        | BRAM_18K| DSP| FF| LUT| URAM|
    +--------------------------+----------------------+---------+----+---+----+-----+
    |mul_24ns_38ns_61_1_1_U81  |mul_24ns_38ns_61_1_1  |        0|   3|  0|  26|    0|
    |mul_24ns_38ns_61_1_1_U82  |mul_24ns_38ns_61_1_1  |        0|   3|  0|  26|    0|
    |mul_24ns_38ns_61_1_1_U83  |mul_24ns_38ns_61_1_1  |        0|   3|  0|  26|    0|
    |mul_24ns_38ns_61_1_1_U84  |mul_24ns_38ns_61_1_1  |        0|   3|  0|  26|    0|
    |mul_24ns_38ns_61_1_1_U85  |mul_24ns_38ns_61_1_1  |        0|   3|  0|  26|    0|
    |mul_24ns_38ns_61_1_1_U86  |mul_24ns_38ns_61_1_1  |        0|   3|  0|  26|    0|
    |mul_24ns_38ns_61_1_1_U87  |mul_24ns_38ns_61_1_1  |        0|   3|  0|  26|    0|
    |mul_24ns_38ns_61_1_1_U88  |mul_24ns_38ns_61_1_1  |        0|   3|  0|  26|    0|
    |mul_25s_25s_25_1_1_U89    |mul_25s_25s_25_1_1    |        0|   2|  0|  50|    0|
    |mul_25s_25s_25_1_1_U90    |mul_25s_25s_25_1_1    |        0|   2|  0|  50|    0|
    |mul_25s_25s_25_1_1_U91    |mul_25s_25s_25_1_1    |        0|   2|  0|  50|    0|
    |mul_25s_25s_25_1_1_U92    |mul_25s_25s_25_1_1    |        0|   2|  0|  50|    0|
    |mul_25s_25s_25_1_1_U93    |mul_25s_25s_25_1_1    |        0|   2|  0|  50|    0|
    |mul_25s_25s_25_1_1_U94    |mul_25s_25s_25_1_1    |        0|   2|  0|  50|    0|
    |mul_25s_25s_25_1_1_U95    |mul_25s_25s_25_1_1    |        0|   2|  0|  50|    0|
    |mul_25s_25s_25_1_1_U96    |mul_25s_25s_25_1_1    |        0|   2|  0|  50|    0|
    +--------------------------+----------------------+---------+----+---+----+-----+
    |Total                     |                      |        0|  40|  0| 608|    0|
    +--------------------------+----------------------+---------+----+---+----+-----+

    * DSP: 
    N/A

    * Memory: 
    N/A

    * FIFO: 
    N/A

    * Expression: 
    +---------------------------+----------+----+---+-----+------------+------------+
    |       Variable Name       | Operation| DSP| FF| LUT | Bitwidth P0| Bitwidth P1|
    +---------------------------+----------+----+---+-----+------------+------------+
    |rem_11_fu_564_p2           |         +|   0|  0|   31|          24|          23|
    |rem_12_fu_692_p2           |         +|   0|  0|   32|          25|          25|
    |rem_13_fu_704_p2           |         +|   0|  0|   32|          25|          24|
    |rem_15_fu_728_p2           |         +|   0|  0|   31|          24|          23|
    |rem_16_fu_856_p2           |         +|   0|  0|   32|          25|          25|
    |rem_17_fu_868_p2           |         +|   0|  0|   32|          25|          24|
    |rem_19_fu_894_p2           |         +|   0|  0|   31|          24|          23|
    |rem_1_fu_206_p2            |         +|   0|  0|   32|          25|          24|
    |rem_20_fu_1025_p2          |         +|   0|  0|   32|          25|          25|
    |rem_21_fu_1092_p2          |         +|   0|  0|   32|          25|          24|
    |rem_23_fu_1114_p2          |         +|   0|  0|   31|          24|          23|
    |rem_24_fu_1217_p2          |         +|   0|  0|   32|          25|          25|
    |rem_25_fu_1228_p2          |         +|   0|  0|   32|          25|          24|
    |rem_27_fu_1252_p2          |         +|   0|  0|   31|          24|          23|
    |rem_28_fu_1353_p2          |         +|   0|  0|   32|          25|          25|
    |rem_29_fu_1365_p2          |         +|   0|  0|   32|          25|          24|
    |rem_31_fu_1389_p2          |         +|   0|  0|   31|          24|          23|
    |rem_3_fu_232_p2            |         +|   0|  0|   31|          24|          23|
    |rem_4_fu_363_p2            |         +|   0|  0|   32|          25|          25|
    |rem_5_fu_374_p2            |         +|   0|  0|   32|          25|          24|
    |rem_7_fu_396_p2            |         +|   0|  0|   31|          24|          23|
    |rem_8_fu_528_p2            |         +|   0|  0|   32|          25|          25|
    |rem_9_fu_540_p2            |         +|   0|  0|   32|          25|          24|
    |rem_fu_194_p2              |         +|   0|  0|   32|          25|          25|
    |i_1_fu_413_p2              |         -|   0|  0|   15|           8|           8|
    |i_2_fu_581_p2              |         -|   0|  0|   16|           9|           9|
    |i_3_fu_745_p2              |         -|   0|  0|   16|           9|           9|
    |i_4_fu_909_p2              |         -|   0|  0|   17|          10|          10|
    |i_5_fu_1035_p2             |         -|   0|  0|   17|          10|          10|
    |i_6_fu_1063_p2             |         -|   0|  0|   17|          10|          10|
    |i_fu_247_p2                |         -|   0|  0|   15|           8|           8|
    |sub_ln104_10_fu_956_p2     |         -|   0|  0|   14|           1|           7|
    |sub_ln104_11_fu_1136_p2    |         -|   0|  0|   14|           6|           7|
    |sub_ln104_12_fu_1150_p2    |         -|   0|  0|   14|           1|           7|
    |sub_ln104_13_fu_1274_p2    |         -|   0|  0|   14|           6|           7|
    |sub_ln104_14_fu_1288_p2    |         -|   0|  0|   14|           1|           7|
    |sub_ln104_1_fu_280_p2      |         -|   0|  0|   14|           6|           7|
    |sub_ln104_2_fu_294_p2      |         -|   0|  0|   14|           1|           7|
    |sub_ln104_3_fu_445_p2      |         -|   0|  0|   14|           6|           7|
    |sub_ln104_4_fu_459_p2      |         -|   0|  0|   14|           1|           7|
    |sub_ln104_5_fu_613_p2      |         -|   0|  0|   14|           6|           7|
    |sub_ln104_6_fu_627_p2      |         -|   0|  0|   14|           1|           7|
    |sub_ln104_7_fu_775_p2      |         -|   0|  0|   14|           6|           7|
    |sub_ln104_8_fu_789_p2      |         -|   0|  0|   14|           1|           7|
    |sub_ln104_9_fu_942_p2      |         -|   0|  0|   14|           6|           7|
    |sub_ln104_fu_155_p2        |         -|   0|  0|   13|           4|           6|
    |icmp_ln109_1_fu_369_p2     |      icmp|   0|  0|   32|          25|          25|
    |icmp_ln109_2_fu_534_p2     |      icmp|   0|  0|   32|          25|          25|
    |icmp_ln109_3_fu_698_p2     |      icmp|   0|  0|   32|          25|          25|
    |icmp_ln109_4_fu_862_p2     |      icmp|   0|  0|   32|          25|          25|
    |icmp_ln109_5_fu_1087_p2    |      icmp|   0|  0|   32|          25|          25|
    |icmp_ln109_6_fu_1222_p2    |      icmp|   0|  0|   32|          25|          25|
    |icmp_ln109_7_fu_1359_p2    |      icmp|   0|  0|   32|          25|          25|
    |icmp_ln109_fu_200_p2       |      icmp|   0|  0|   32|          25|          25|
    |icmp_ln111_1_fu_390_p2     |      icmp|   0|  0|   32|          25|          24|
    |icmp_ln111_2_fu_558_p2     |      icmp|   0|  0|   32|          25|          24|
    |icmp_ln111_3_fu_722_p2     |      icmp|   0|  0|   32|          25|          24|
    |icmp_ln111_4_fu_889_p2     |      icmp|   0|  0|   32|          25|          24|
    |icmp_ln111_5_fu_1108_p2    |      icmp|   0|  0|   32|          25|          24|
    |icmp_ln111_6_fu_1246_p2    |      icmp|   0|  0|   32|          25|          24|
    |icmp_ln111_7_fu_1383_p2    |      icmp|   0|  0|   32|          25|          24|
    |icmp_ln111_fu_227_p2       |      icmp|   0|  0|   32|          25|          24|
    |icmp_ln99_1_fu_253_p2      |      icmp|   0|  0|   15|           8|           6|
    |icmp_ln99_2_fu_418_p2      |      icmp|   0|  0|   15|           8|           6|
    |icmp_ln99_3_fu_587_p2      |      icmp|   0|  0|   16|           9|           6|
    |icmp_ln99_4_fu_750_p2      |      icmp|   0|  0|   16|           9|           6|
    |icmp_ln99_5_fu_915_p2      |      icmp|   0|  0|   17|          10|           6|
    |icmp_ln99_6_fu_1041_p2     |      icmp|   0|  0|   17|          10|           6|
    |icmp_ln99_7_fu_1069_p2     |      icmp|   0|  0|   17|          10|           6|
    |icmp_ln99_fu_132_p2        |      icmp|   0|  0|   14|           7|           6|
    |lshr_ln104_1_fu_322_p2     |      lshr|   0|  0|  172|          61|          61|
    |lshr_ln104_2_fu_487_p2     |      lshr|   0|  0|  172|          61|          61|
    |lshr_ln104_3_fu_654_p2     |      lshr|   0|  0|  172|          61|          61|
    |lshr_ln104_4_fu_817_p2     |      lshr|   0|  0|  172|          61|          61|
    |lshr_ln104_5_fu_984_p2     |      lshr|   0|  0|  172|          61|          61|
    |lshr_ln104_6_fu_1178_p2    |      lshr|   0|  0|  172|          61|          61|
    |lshr_ln104_7_fu_1315_p2    |      lshr|   0|  0|  172|          61|          61|
    |lshr_ln104_fu_165_p2       |      lshr|   0|  0|  172|          61|          61|
    |ap_return                  |    select|   0|  0|   24|           1|          24|
    |mul_ln108_1_fu_97_p0       |    select|   0|  0|   25|           1|          25|
    |mul_ln108_3_fu_107_p0      |    select|   0|  0|   25|           1|          25|
    |mul_ln108_4_fu_112_p0      |    select|   0|  0|   25|           1|          25|
    |mul_ln108_5_fu_117_p0      |    select|   0|  0|   25|           1|          25|
    |mul_ln108_7_fu_127_p0      |    select|   0|  0|   25|           1|          25|
    |r_shN_11_fu_1120_p3        |    select|   0|  0|   24|           1|          24|
    |r_shN_13_fu_1258_p3        |    select|   0|  0|   24|           1|          24|
    |r_shN_1_fu_237_p3          |    select|   0|  0|   24|           1|          24|
    |r_shN_3_fu_402_p3          |    select|   0|  0|   24|           1|          24|
    |r_shN_5_fu_570_p3          |    select|   0|  0|   24|           1|          24|
    |r_shN_7_fu_734_p3          |    select|   0|  0|   24|           1|          24|
    |r_shN_9_fu_899_p3          |    select|   0|  0|   24|           1|          24|
    |rem_10_fu_546_p3           |    select|   0|  0|   25|           1|          25|
    |rem_14_fu_710_p3           |    select|   0|  0|   25|           1|          25|
    |rem_18_fu_874_p3           |    select|   0|  0|   25|           1|          25|
    |rem_22_fu_1097_p3          |    select|   0|  0|   25|           1|          25|
    |rem_26_fu_1234_p3          |    select|   0|  0|   25|           1|          25|
    |rem_2_fu_212_p3            |    select|   0|  0|   25|           1|          25|
    |rem_30_fu_1371_p3          |    select|   0|  0|   25|           1|          25|
    |rem_6_fu_379_p3            |    select|   0|  0|   25|           1|          25|
    |select_ln105_1_fu_501_p3   |    select|   0|  0|   25|           1|          25|
    |select_ln105_5_fu_1192_p3  |    select|   0|  0|   25|           1|          25|
    |shift_11_fu_597_p3         |    select|   0|  0|    6|           1|           6|
    |shift_13_fu_760_p3         |    select|   0|  0|    6|           1|           6|
    |shift_15_fu_925_p3         |    select|   0|  0|    6|           1|           6|
    |shift_17_fu_1051_p3        |    select|   0|  0|    6|           1|           6|
    |shift_19_fu_1079_p3        |    select|   0|  0|    6|           1|           6|
    |shift_5_fu_142_p3          |    select|   0|  0|    6|           1|           6|
    |shift_7_fu_263_p3          |    select|   0|  0|    6|           1|           6|
    |shift_9_fu_428_p3          |    select|   0|  0|    6|           1|           6|
    |r_shN_10_fu_1015_p2        |       shl|   0|  0|  170|          60|          60|
    |r_shN_12_fu_1207_p2        |       shl|   0|  0|  170|          60|          60|
    |r_shN_14_fu_1343_p2        |       shl|   0|  0|  170|          60|          60|
    |r_shN_2_fu_353_p2          |       shl|   0|  0|  170|          60|          60|
    |r_shN_4_fu_518_p2          |       shl|   0|  0|  170|          60|          60|
    |r_shN_6_fu_682_p2          |       shl|   0|  0|  170|          60|          60|
    |r_shN_8_fu_846_p2          |       shl|   0|  0|  170|          60|          60|
    |r_shN_fu_184_p2            |       shl|   0|  0|  170|          60|          60|
    |shl_ln104_1_fu_473_p2      |       shl|   0|  0|  172|          61|          61|
    |shl_ln104_2_fu_641_p2      |       shl|   0|  0|  172|          61|          61|
    |shl_ln104_3_fu_803_p2      |       shl|   0|  0|  172|          61|          61|
    |shl_ln104_4_fu_970_p2      |       shl|   0|  0|  172|          61|          61|
    |shl_ln104_5_fu_1164_p2     |       shl|   0|  0|  172|          61|          61|
    |shl_ln104_6_fu_1302_p2     |       shl|   0|  0|  172|          61|          61|
    |shl_ln104_fu_308_p2        |       shl|   0|  0|  172|          61|          61|
    +---------------------------+----------+----+---+-----+------------+------------+
    |Total                      |          |   0|  0| 6276|        2606|        3194|
    +---------------------------+----------+----+---+-----+------------+------------+

    * Multiplexer: 
    N/A

    * Register: 
    +---------------------------------+----+----+-----+-----------+
    |               Name              | FF | LUT| Bits| Const Bits|
    +---------------------------------+----+----+-----+-----------+
    |i_1_reg_1446                     |   8|   0|    8|          0|
    |i_2_reg_1467                     |   9|   0|    9|          0|
    |i_3_reg_1491                     |   9|   0|    9|          0|
    |i_3_reg_1491_pp0_iter5_reg       |   9|   0|    9|          0|
    |i_reg_1424                       |   8|   0|    8|          0|
    |n_int_reg                        |   7|   0|    7|          0|
    |n_read_reg_1403                  |   7|   0|    7|          0|
    |quo_3_reg_1479                   |  61|   0|   61|          0|
    |quo_7_reg_1548                   |  61|   0|   61|          0|
    |r_shN_13_reg_1543                |  24|   0|   24|          0|
    |r_shN_3_reg_1441                 |  24|   0|   24|          0|
    |r_shN_5_reg_1462                 |  24|   0|   24|          0|
    |r_shN_7_reg_1485                 |  24|   0|   24|          0|
    |r_sh_int_reg                     |  24|   0|   24|          0|
    |rem_18_reg_1503                  |  25|   0|   25|          0|
    |rem_20_reg_1514                  |  25|   0|   25|          0|
    |rem_2_reg_1413                   |  25|   0|   25|          0|
    |rem_4_reg_1434                   |  25|   0|   25|          0|
    |select_ln105_1_reg_1457          |  25|   0|   25|          0|
    |select_ln105_5_reg_1533          |  25|   0|   25|          0|
    |shift_11_reg_1472                |   6|   0|    6|          0|
    |shift_13_reg_1496                |   6|   0|    6|          0|
    |shift_13_reg_1496_pp0_iter5_reg  |   6|   0|    6|          0|
    |shift_17_reg_1521                |   6|   0|    6|          0|
    |shift_19_reg_1527                |   6|   0|    6|          0|
    |shift_5_reg_1408                 |   6|   0|    6|          0|
    |shift_7_reg_1429                 |   6|   0|    6|          0|
    |shift_9_reg_1451                 |   6|   0|    6|          0|
    |trunc_ln108_6_reg_1538           |  25|   0|   25|          0|
    |trunc_ln91_4_reg_1508            |  24|   0|   24|          0|
    |trunc_ln91_reg_1418              |  24|   0|   24|          0|
    |shift_19_reg_1527                |  64|  32|    6|          0|
    +---------------------------------+----+----+-----+-----------+
    |Total                            | 634|  32|  576|          0|
    +---------------------------------+----+----+-----+-----------+



================================================================
== Interface
================================================================
* Summary: 
+-----------+-----+-----+------------+-------------------------+--------------+
| RTL Ports | Dir | Bits|  Protocol  |      Source Object      |    C Type    |
+-----------+-----+-----+------------+-------------------------+--------------+
|ap_clk     |   in|    1|  ap_ctrl_hs|  mod_rcp_mult<24, 36, 8>|  return value|
|ap_rst     |   in|    1|  ap_ctrl_hs|  mod_rcp_mult<24, 36, 8>|  return value|
|ap_return  |  out|   24|  ap_ctrl_hs|  mod_rcp_mult<24, 36, 8>|  return value|
|ap_ce      |   in|    1|  ap_ctrl_hs|  mod_rcp_mult<24, 36, 8>|  return value|
|r_sh       |   in|   24|     ap_none|                     r_sh|        scalar|
|n          |   in|    7|     ap_none|                        n|        scalar|
+-----------+-----+-----+------------+-------------------------+--------------+

============================================================
+ Verbose Summary: Synthesis Manager
============================================================
InlineROM: 1
ExposeGlobal: 0
============================================================
+ Verbose Summary: CDFG Model
============================================================
IsTopModel: 0
ResetActiveHigh: 1
IsCombinational: 2
IsDatapathOnly: 1
HasWiredReturn: 1
HasMFsm: 2
HasVarLatency: 0
IsPipeline: 1
IsRtlPipelined: 1
IsInstanceOverlapped: 0
IsDontTouch: 0
HasImplIP: 0
IsGatedGlobalClock: 0

+ Individual pipeline summary: 
  * Pipeline-0: initiation interval (II) = 1, depth = 10


============================================================
+ Verbose Summary: Schedule
============================================================
* Number of FSM states : 10
* Pipeline : 1
  Pipeline-0 : II = 1, D = 10, States = { 1 2 3 4 5 6 7 8 9 10 }
* Dataflow Pipeline: 0

* FSM state transitions: 
1 --> 2 
2 --> 3 
3 --> 4 
4 --> 5 
5 --> 6 
6 --> 7 
7 --> 8 
8 --> 9 
9 --> 10 
10 --> 

* FSM state operations: 

State 1 <SV = 0> <Delay = 10.4>
ST_1 : Operation 11 [1/1] (0.00ns)   --->   "%n_read = read i7 @_ssdm_op_Read.ap_auto.i7, i7 %n" [C:\scratch\2024.1\hls_product\545\2024.1\src\shared\hls\clib/hlsmath/include/FloatingPoint\hls_fmod_rem_quo.h:99]   --->   Operation 11 'read' 'n_read' <Predicate = true> <Delay = 0.00>
ST_1 : Operation 12 [1/1] (0.00ns)   --->   "%r_sh_read = read i24 @_ssdm_op_Read.ap_auto.i24, i24 %r_sh" [C:\scratch\2024.1\hls_product\545\2024.1\src\shared\hls\clib/hlsmath/include/FloatingPoint\hls_fmod_rem_quo.h:99]   --->   Operation 12 'read' 'r_sh_read' <Predicate = true> <Delay = 0.00>
ST_1 : Operation 13 [1/1] (0.77ns)   --->   "%icmp_ln99 = icmp_ugt  i7 %n_read, i7 36" [C:\scratch\2024.1\hls_product\545\2024.1\src\shared\hls\clib/hlsmath/include/FloatingPoint\hls_fmod_rem_quo.h:99]   --->   Operation 13 'icmp' 'icmp_ln99' <Predicate = true> <Delay = 0.77> <CoreInst = "Cmp">   --->   Core 9 'Cmp' <Latency = 0> <II = 1> <Delay = 0.77> <FuncUnit> <Opcode : 'seteq' 'setne' 'setle' 'setge' 'setlt' 'setgt'> <InPorts = 2> <OutPorts = 1>
ST_1 : Operation 14 [1/1] (0.00ns)   --->   "%shift = trunc i7 %n_read" [C:\scratch\2024.1\hls_product\545\2024.1\src\shared\hls\clib/hlsmath/include/FloatingPoint\hls_fmod_rem_quo.h:102]   --->   Operation 14 'trunc' 'shift' <Predicate = true> <Delay = 0.00>
ST_1 : Operation 15 [1/1] (0.38ns)   --->   "%shift_5 = select i1 %icmp_ln99, i6 36, i6 %shift" [C:\scratch\2024.1\hls_product\545\2024.1\src\shared\hls\clib/hlsmath/include/FloatingPoint\hls_fmod_rem_quo.h:99]   --->   Operation 15 'select' 'shift_5' <Predicate = true> <Delay = 0.38> <CoreInst = "Sel">   --->   Core 73 'Sel' <Latency = 0> <II = 1> <Delay = 0.38> <FuncUnit> <Opcode : 'select'> <InPorts = 3> <OutPorts = 1>
ST_1 : Operation 16 [1/1] (0.00ns)   --->   "%zext_ln103 = zext i24 %r_sh_read" [C:\scratch\2024.1\hls_product\545\2024.1\src\shared\hls\clib/hlsmath/include/FloatingPoint\hls_fmod_rem_quo.h:103]   --->   Operation 16 'zext' 'zext_ln103' <Predicate = true> <Delay = 0.00>
ST_1 : Operation 17 [1/1] (3.57ns)   --->   "%quo = mul i61 %zext_ln103, i61 127710969469" [C:\scratch\2024.1\hls_product\545\2024.1\src\shared\hls\clib/hlsmath/include/FloatingPoint\hls_fmod_rem_quo.h:103]   --->   Operation 17 'mul' 'quo' <Predicate = true> <Delay = 3.57> <CoreInst = "Multiplier">   --->   Core 3 'Multiplier' <Latency = 0> <II = 1> <Delay = 3.57> <FuncUnit> <Opcode : 'mul'> <InPorts = 2> <OutPorts = 1>
ST_1 : Operation 18 [1/1] (0.78ns)   --->   "%sub_ln104 = sub i6 60, i6 %shift_5" [C:\scratch\2024.1\hls_product\545\2024.1\src\shared\hls\clib/hlsmath/include/FloatingPoint\hls_fmod_rem_quo.h:104]   --->   Operation 18 'sub' 'sub_ln104' <Predicate = true> <Delay = 0.78> <CoreInst = "Adder">   --->   Core 1 'Adder' <Latency = 0> <II = 1> <Delay = 0.78> <FuncUnit> <Opcode : 'add' 'sub'> <InPorts = 2> <OutPorts = 1>
ST_1 : Operation 19 [1/1] (0.00ns)   --->   "%zext_ln104 = zext i6 %sub_ln104" [C:\scratch\2024.1\hls_product\545\2024.1\src\shared\hls\clib/hlsmath/include/FloatingPoint\hls_fmod_rem_quo.h:104]   --->   Operation 19 'zext' 'zext_ln104' <Predicate = true> <Delay = 0.00>
ST_1 : Operation 20 [1/1] (1.52ns)   --->   "%lshr_ln104 = lshr i61 %quo, i61 %zext_ln104" [C:\scratch\2024.1\hls_product\545\2024.1\src\shared\hls\clib/hlsmath/include/FloatingPoint\hls_fmod_rem_quo.h:104]   --->   Operation 20 'lshr' 'lshr_ln104' <Predicate = true> <Delay = 1.52> <CoreInst = "Shifter">   --->   Core 75 'Shifter' <Latency = 0> <II = 1> <Delay = 1.52> <FuncUnit> <Opcode : 'shl' 'lshr' 'ashr'> <InPorts = 2> <OutPorts = 1>
ST_1 : Operation 21 [1/1] (0.00ns)   --->   "%empty = trunc i61 %lshr_ln104" [C:\scratch\2024.1\hls_product\545\2024.1\src\shared\hls\clib/hlsmath/include/FloatingPoint\hls_fmod_rem_quo.h:104]   --->   Operation 21 'trunc' 'empty' <Predicate = true> <Delay = 0.00>
ST_1 : Operation 22 [1/1] (0.00ns)   --->   "%zext_ln106 = zext i24 %r_sh_read" [C:\scratch\2024.1\hls_product\545\2024.1\src\shared\hls\clib/hlsmath/include/FloatingPoint\hls_fmod_rem_quo.h:106]   --->   Operation 22 'zext' 'zext_ln106' <Predicate = true> <Delay = 0.00>
ST_1 : Operation 23 [1/1] (0.00ns)   --->   "%zext_ln107 = zext i6 %shift_5" [C:\scratch\2024.1\hls_product\545\2024.1\src\shared\hls\clib/hlsmath/include/FloatingPoint\hls_fmod_rem_quo.h:107]   --->   Operation 23 'zext' 'zext_ln107' <Predicate = true> <Delay = 0.00>
ST_1 : Operation 24 [1/1] (1.15ns)   --->   "%r_shN = shl i60 %zext_ln106, i60 %zext_ln107" [C:\scratch\2024.1\hls_product\545\2024.1\src\shared\hls\clib/hlsmath/include/FloatingPoint\hls_fmod_rem_quo.h:107]   --->   Operation 24 'shl' 'r_shN' <Predicate = true> <Delay = 1.15> <CoreInst = "Shifter">   --->   Core 75 'Shifter' <Latency = 0> <II = 1> <Delay = 1.52> <FuncUnit> <Opcode : 'shl' 'lshr' 'ashr'> <InPorts = 2> <OutPorts = 1>
ST_1 : Operation 25 [1/1] (0.00ns)   --->   "%trunc_ln108 = trunc i60 %r_shN" [C:\scratch\2024.1\hls_product\545\2024.1\src\shared\hls\clib/hlsmath/include/FloatingPoint\hls_fmod_rem_quo.h:108]   --->   Operation 25 'trunc' 'trunc_ln108' <Predicate = true> <Delay = 0.00>
ST_1 : Operation 26 [1/1] (3.10ns)   --->   "%mul_ln108 = mul i25 %empty, i25 24526848" [C:\scratch\2024.1\hls_product\545\2024.1\src\shared\hls\clib/hlsmath/include/FloatingPoint\hls_fmod_rem_quo.h:108]   --->   Operation 26 'mul' 'mul_ln108' <Predicate = true> <Delay = 3.10> <CoreInst = "Multiplier">   --->   Core 3 'Multiplier' <Latency = 0> <II = 1> <Delay = 3.10> <FuncUnit> <Opcode : 'mul'> <InPorts = 2> <OutPorts = 1>
ST_1 : Operation 27 [1/1] (0.94ns)   --->   "%rem = add i25 %mul_ln108, i25 %trunc_ln108" [C:\scratch\2024.1\hls_product\545\2024.1\src\shared\hls\clib/hlsmath/include/FloatingPoint\hls_fmod_rem_quo.h:108]   --->   Operation 27 'add' 'rem' <Predicate = true> <Delay = 0.94> <CoreInst = "Adder">   --->   Core 1 'Adder' <Latency = 0> <II = 1> <Delay = 0.94> <FuncUnit> <Opcode : 'add' 'sub'> <InPorts = 2> <OutPorts = 1>
ST_1 : Operation 28 [1/1] (0.94ns)   --->   "%icmp_ln109 = icmp_ugt  i25 %rem, i25 18055167" [C:\scratch\2024.1\hls_product\545\2024.1\src\shared\hls\clib/hlsmath/include/FloatingPoint\hls_fmod_rem_quo.h:109]   --->   Operation 28 'icmp' 'icmp_ln109' <Predicate = true> <Delay = 0.94> <CoreInst = "Cmp">   --->   Core 9 'Cmp' <Latency = 0> <II = 1> <Delay = 0.94> <FuncUnit> <Opcode : 'seteq' 'setne' 'setle' 'setge' 'setlt' 'setgt'> <InPorts = 2> <OutPorts = 1>
ST_1 : Operation 29 [1/1] (0.94ns)   --->   "%rem_1 = add i25 %rem, i25 15499264" [C:\scratch\2024.1\hls_product\545\2024.1\src\shared\hls\clib/hlsmath/include/FloatingPoint\hls_fmod_rem_quo.h:110]   --->   Operation 29 'add' 'rem_1' <Predicate = true> <Delay = 0.94> <CoreInst = "Adder">   --->   Core 1 'Adder' <Latency = 0> <II = 1> <Delay = 0.94> <FuncUnit> <Opcode : 'add' 'sub'> <InPorts = 2> <OutPorts = 1>
ST_1 : Operation 30 [1/1] (0.32ns)   --->   "%rem_2 = select i1 %icmp_ln109, i25 %rem_1, i25 %rem" [C:\scratch\2024.1\hls_product\545\2024.1\src\shared\hls\clib/hlsmath/include/FloatingPoint\hls_fmod_rem_quo.h:109]   --->   Operation 30 'select' 'rem_2' <Predicate = true> <Delay = 0.32> <CoreInst = "Sel">   --->   Core 73 'Sel' <Latency = 0> <II = 1> <Delay = 0.32> <FuncUnit> <Opcode : 'select'> <InPorts = 3> <OutPorts = 1>
ST_1 : Operation 31 [1/1] (0.00ns)   --->   "%trunc_ln91 = trunc i25 %rem_2" [C:\scratch\2024.1\hls_product\545\2024.1\src\shared\hls\clib/hlsmath/include/FloatingPoint\hls_fmod_rem_quo.h:91]   --->   Operation 31 'trunc' 'trunc_ln91' <Predicate = true> <Delay = 0.00>

State 2 <SV = 1> <Delay = 10.7>
ST_2 : Operation 32 [1/1] (0.00ns)   --->   "%zext_ln99 = zext i7 %n_read" [C:\scratch\2024.1\hls_product\545\2024.1\src\shared\hls\clib/hlsmath/include/FloatingPoint\hls_fmod_rem_quo.h:99]   --->   Operation 32 'zext' 'zext_ln99' <Predicate = true> <Delay = 0.00>
ST_2 : Operation 33 [1/1] (0.94ns)   --->   "%icmp_ln111 = icmp_ugt  i25 %rem_2, i25 9027583" [C:\scratch\2024.1\hls_product\545\2024.1\src\shared\hls\clib/hlsmath/include/FloatingPoint\hls_fmod_rem_quo.h:111]   --->   Operation 33 'icmp' 'icmp_ln111' <Predicate = true> <Delay = 0.94> <CoreInst = "Cmp">   --->   Core 9 'Cmp' <Latency = 0> <II = 1> <Delay = 0.94> <FuncUnit> <Opcode : 'seteq' 'setne' 'setle' 'setge' 'setlt' 'setgt'> <InPorts = 2> <OutPorts = 1>
ST_2 : Operation 34 [1/1] (0.93ns)   --->   "%rem_3 = add i24 %trunc_ln91, i24 7749632" [C:\scratch\2024.1\hls_product\545\2024.1\src\shared\hls\clib/hlsmath/include/FloatingPoint\hls_fmod_rem_quo.h:112]   --->   Operation 34 'add' 'rem_3' <Predicate = true> <Delay = 0.93> <CoreInst = "Adder">   --->   Core 1 'Adder' <Latency = 0> <II = 1> <Delay = 0.93> <FuncUnit> <Opcode : 'add' 'sub'> <InPorts = 2> <OutPorts = 1>
ST_2 : Operation 35 [1/1] (0.32ns)   --->   "%r_shN_1 = select i1 %icmp_ln111, i24 %rem_3, i24 %trunc_ln91" [C:\scratch\2024.1\hls_product\545\2024.1\src\shared\hls\clib/hlsmath/include/FloatingPoint\hls_fmod_rem_quo.h:111]   --->   Operation 35 'select' 'r_shN_1' <Predicate = true> <Delay = 0.32> <CoreInst = "Sel">   --->   Core 73 'Sel' <Latency = 0> <II = 1> <Delay = 0.32> <FuncUnit> <Opcode : 'select'> <InPorts = 3> <OutPorts = 1>
ST_2 : Operation 36 [1/1] (0.00ns)   --->   "%zext_ln114 = zext i6 %shift_5" [C:\scratch\2024.1\hls_product\545\2024.1\src\shared\hls\clib/hlsmath/include/FloatingPoint\hls_fmod_rem_quo.h:114]   --->   Operation 36 'zext' 'zext_ln114' <Predicate = true> <Delay = 0.00>
ST_2 : Operation 37 [1/1] (0.77ns)   --->   "%i = sub i8 %zext_ln99, i8 %zext_ln114" [C:\scratch\2024.1\hls_product\545\2024.1\src\shared\hls\clib/hlsmath/include/FloatingPoint\hls_fmod_rem_quo.h:114]   --->   Operation 37 'sub' 'i' <Predicate = true> <Delay = 0.77> <CoreInst = "Adder">   --->   Core 1 'Adder' <Latency = 0> <II = 1> <Delay = 0.76> <FuncUnit> <Opcode : 'add' 'sub'> <InPorts = 2> <OutPorts = 1>
ST_2 : Operation 38 [1/1] (0.76ns)   --->   "%icmp_ln99_1 = icmp_sgt  i8 %i, i8 36" [C:\scratch\2024.1\hls_product\545\2024.1\src\shared\hls\clib/hlsmath/include/FloatingPoint\hls_fmod_rem_quo.h:99]   --->   Operation 38 'icmp' 'icmp_ln99_1' <Predicate = true> <Delay = 0.76> <CoreInst = "Cmp">   --->   Core 9 'Cmp' <Latency = 0> <II = 1> <Delay = 0.76> <FuncUnit> <Opcode : 'seteq' 'setne' 'setle' 'setge' 'setlt' 'setgt'> <InPorts = 2> <OutPorts = 1>
ST_2 : Operation 39 [1/1] (0.00ns)   --->   "%shift_6 = trunc i8 %i" [C:\scratch\2024.1\hls_product\545\2024.1\src\shared\hls\clib/hlsmath/include/FloatingPoint\hls_fmod_rem_quo.h:102]   --->   Operation 39 'trunc' 'shift_6' <Predicate = true> <Delay = 0.00>
ST_2 : Operation 40 [1/1] (0.38ns)   --->   "%shift_7 = select i1 %icmp_ln99_1, i6 36, i6 %shift_6" [C:\scratch\2024.1\hls_product\545\2024.1\src\shared\hls\clib/hlsmath/include/FloatingPoint\hls_fmod_rem_quo.h:99]   --->   Operation 40 'select' 'shift_7' <Predicate = true> <Delay = 0.38> <CoreInst = "Sel">   --->   Core 73 'Sel' <Latency = 0> <II = 1> <Delay = 0.38> <FuncUnit> <Opcode : 'select'> <InPorts = 3> <OutPorts = 1>
ST_2 : Operation 41 [1/1] (0.00ns)   --->   "%zext_ln103_1 = zext i24 %r_shN_1" [C:\scratch\2024.1\hls_product\545\2024.1\src\shared\hls\clib/hlsmath/include/FloatingPoint\hls_fmod_rem_quo.h:103]   --->   Operation 41 'zext' 'zext_ln103_1' <Predicate = true> <Delay = 0.00>
ST_2 : Operation 42 [1/1] (3.57ns)   --->   "%quo_1 = mul i61 %zext_ln103_1, i61 127710969469" [C:\scratch\2024.1\hls_product\545\2024.1\src\shared\hls\clib/hlsmath/include/FloatingPoint\hls_fmod_rem_quo.h:103]   --->   Operation 42 'mul' 'quo_1' <Predicate = true> <Delay = 3.57> <CoreInst = "Multiplier">   --->   Core 3 'Multiplier' <Latency = 0> <II = 1> <Delay = 3.57> <FuncUnit> <Opcode : 'mul'> <InPorts = 2> <OutPorts = 1>
ST_2 : Operation 43 [1/1] (0.00ns)   --->   "%zext_ln104_1 = zext i6 %shift_7" [C:\scratch\2024.1\hls_product\545\2024.1\src\shared\hls\clib/hlsmath/include/FloatingPoint\hls_fmod_rem_quo.h:104]   --->   Operation 43 'zext' 'zext_ln104_1' <Predicate = true> <Delay = 0.00>
ST_2 : Operation 44 [1/1] (0.77ns)   --->   "%sub_ln104_1 = sub i7 60, i7 %zext_ln104_1" [C:\scratch\2024.1\hls_product\545\2024.1\src\shared\hls\clib/hlsmath/include/FloatingPoint\hls_fmod_rem_quo.h:104]   --->   Operation 44 'sub' 'sub_ln104_1' <Predicate = true> <Delay = 0.77> <CoreInst = "Adder">   --->   Core 1 'Adder' <Latency = 0> <II = 1> <Delay = 0.77> <FuncUnit> <Opcode : 'add' 'sub'> <InPorts = 2> <OutPorts = 1>
ST_2 : Operation 45 [1/1] (0.00ns)   --->   "%tmp = bitselect i1 @_ssdm_op_BitSelect.i1.i7.i32, i7 %sub_ln104_1, i32 6" [C:\scratch\2024.1\hls_product\545\2024.1\src\shared\hls\clib/hlsmath/include/FloatingPoint\hls_fmod_rem_quo.h:104]   --->   Operation 45 'bitselect' 'tmp' <Predicate = true> <Delay = 0.00>
ST_2 : Operation 46 [1/1] (0.77ns)   --->   "%sub_ln104_2 = sub i7 0, i7 %sub_ln104_1" [C:\scratch\2024.1\hls_product\545\2024.1\src\shared\hls\clib/hlsmath/include/FloatingPoint\hls_fmod_rem_quo.h:104]   --->   Operation 46 'sub' 'sub_ln104_2' <Predicate = true> <Delay = 0.77> <CoreInst = "Adder">   --->   Core 1 'Adder' <Latency = 0> <II = 1> <Delay = 0.77> <FuncUnit> <Opcode : 'add' 'sub'> <InPorts = 2> <OutPorts = 1>
ST_2 : Operation 47 [1/1] (0.00ns)   --->   "%sext_ln104 = sext i7 %sub_ln104_2" [C:\scratch\2024.1\hls_product\545\2024.1\src\shared\hls\clib/hlsmath/include/FloatingPoint\hls_fmod_rem_quo.h:104]   --->   Operation 47 'sext' 'sext_ln104' <Predicate = true> <Delay = 0.00>
ST_2 : Operation 48 [1/1] (0.00ns)   --->   "%zext_ln104_2 = zext i32 %sext_ln104" [C:\scratch\2024.1\hls_product\545\2024.1\src\shared\hls\clib/hlsmath/include/FloatingPoint\hls_fmod_rem_quo.h:104]   --->   Operation 48 'zext' 'zext_ln104_2' <Predicate = true> <Delay = 0.00>
ST_2 : Operation 49 [1/1] (1.52ns)   --->   "%shl_ln104 = shl i61 %quo_1, i61 %zext_ln104_2" [C:\scratch\2024.1\hls_product\545\2024.1\src\shared\hls\clib/hlsmath/include/FloatingPoint\hls_fmod_rem_quo.h:104]   --->   Operation 49 'shl' 'shl_ln104' <Predicate = true> <Delay = 1.52> <CoreInst = "Shifter">   --->   Core 75 'Shifter' <Latency = 0> <II = 1> <Delay = 1.52> <FuncUnit> <Opcode : 'shl' 'lshr' 'ashr'> <InPorts = 2> <OutPorts = 1>
ST_2 : Operation 50 [1/1] (0.00ns)   --->   "%sext_ln104_1 = sext i7 %sub_ln104_1" [C:\scratch\2024.1\hls_product\545\2024.1\src\shared\hls\clib/hlsmath/include/FloatingPoint\hls_fmod_rem_quo.h:104]   --->   Operation 50 'sext' 'sext_ln104_1' <Predicate = true> <Delay = 0.00>
ST_2 : Operation 51 [1/1] (0.00ns)   --->   "%zext_ln104_3 = zext i32 %sext_ln104_1" [C:\scratch\2024.1\hls_product\545\2024.1\src\shared\hls\clib/hlsmath/include/FloatingPoint\hls_fmod_rem_quo.h:104]   --->   Operation 51 'zext' 'zext_ln104_3' <Predicate = true> <Delay = 0.00>
ST_2 : Operation 52 [1/1] (1.52ns)   --->   "%lshr_ln104_1 = lshr i61 %quo_1, i61 %zext_ln104_3" [C:\scratch\2024.1\hls_product\545\2024.1\src\shared\hls\clib/hlsmath/include/FloatingPoint\hls_fmod_rem_quo.h:104]   --->   Operation 52 'lshr' 'lshr_ln104_1' <Predicate = true> <Delay = 1.52> <CoreInst = "Shifter">   --->   Core 75 'Shifter' <Latency = 0> <II = 1> <Delay = 1.52> <FuncUnit> <Opcode : 'shl' 'lshr' 'ashr'> <InPorts = 2> <OutPorts = 1>
ST_2 : Operation 53 [1/1] (0.00ns)   --->   "%trunc_ln105 = trunc i61 %shl_ln104" [C:\scratch\2024.1\hls_product\545\2024.1\src\shared\hls\clib/hlsmath/include/FloatingPoint\hls_fmod_rem_quo.h:105]   --->   Operation 53 'trunc' 'trunc_ln105' <Predicate = true> <Delay = 0.00>
ST_2 : Operation 54 [1/1] (0.00ns)   --->   "%trunc_ln105_1 = trunc i61 %lshr_ln104_1" [C:\scratch\2024.1\hls_product\545\2024.1\src\shared\hls\clib/hlsmath/include/FloatingPoint\hls_fmod_rem_quo.h:105]   --->   Operation 54 'trunc' 'trunc_ln105_1' <Predicate = true> <Delay = 0.00>
ST_2 : Operation 55 [1/1] (0.32ns)   --->   "%select_ln105 = select i1 %tmp, i25 %trunc_ln105, i25 %trunc_ln105_1" [C:\scratch\2024.1\hls_product\545\2024.1\src\shared\hls\clib/hlsmath/include/FloatingPoint\hls_fmod_rem_quo.h:105]   --->   Operation 55 'select' 'select_ln105' <Predicate = true> <Delay = 0.32> <CoreInst = "Sel">   --->   Core 73 'Sel' <Latency = 0> <II = 1> <Delay = 0.32> <FuncUnit> <Opcode : 'select'> <InPorts = 3> <OutPorts = 1>
ST_2 : Operation 56 [1/1] (0.00ns)   --->   "%zext_ln106_1 = zext i24 %r_shN_1" [C:\scratch\2024.1\hls_product\545\2024.1\src\shared\hls\clib/hlsmath/include/FloatingPoint\hls_fmod_rem_quo.h:106]   --->   Operation 56 'zext' 'zext_ln106_1' <Predicate = true> <Delay = 0.00>
ST_2 : Operation 57 [1/1] (0.00ns)   --->   "%zext_ln107_1 = zext i6 %shift_7" [C:\scratch\2024.1\hls_product\545\2024.1\src\shared\hls\clib/hlsmath/include/FloatingPoint\hls_fmod_rem_quo.h:107]   --->   Operation 57 'zext' 'zext_ln107_1' <Predicate = true> <Delay = 0.00>
ST_2 : Operation 58 [1/1] (1.15ns)   --->   "%r_shN_2 = shl i60 %zext_ln106_1, i60 %zext_ln107_1" [C:\scratch\2024.1\hls_product\545\2024.1\src\shared\hls\clib/hlsmath/include/FloatingPoint\hls_fmod_rem_quo.h:107]   --->   Operation 58 'shl' 'r_shN_2' <Predicate = true> <Delay = 1.15> <CoreInst = "Shifter">   --->   Core 75 'Shifter' <Latency = 0> <II = 1> <Delay = 1.52> <FuncUnit> <Opcode : 'shl' 'lshr' 'ashr'> <InPorts = 2> <OutPorts = 1>
ST_2 : Operation 59 [1/1] (0.00ns)   --->   "%trunc_ln108_1 = trunc i60 %r_shN_2" [C:\scratch\2024.1\hls_product\545\2024.1\src\shared\hls\clib/hlsmath/include/FloatingPoint\hls_fmod_rem_quo.h:108]   --->   Operation 59 'trunc' 'trunc_ln108_1' <Predicate = true> <Delay = 0.00>
ST_2 : Operation 60 [1/1] (3.10ns)   --->   "%mul_ln108_1 = mul i25 %select_ln105, i25 24526848" [C:\scratch\2024.1\hls_product\545\2024.1\src\shared\hls\clib/hlsmath/include/FloatingPoint\hls_fmod_rem_quo.h:108]   --->   Operation 60 'mul' 'mul_ln108_1' <Predicate = true> <Delay = 3.10> <CoreInst = "Multiplier">   --->   Core 3 'Multiplier' <Latency = 0> <II = 1> <Delay = 3.10> <FuncUnit> <Opcode : 'mul'> <InPorts = 2> <OutPorts = 1>
ST_2 : Operation 61 [1/1] (0.94ns)   --->   "%rem_4 = add i25 %mul_ln108_1, i25 %trunc_ln108_1" [C:\scratch\2024.1\hls_product\545\2024.1\src\shared\hls\clib/hlsmath/include/FloatingPoint\hls_fmod_rem_quo.h:108]   --->   Operation 61 'add' 'rem_4' <Predicate = true> <Delay = 0.94> <CoreInst = "Adder">   --->   Core 1 'Adder' <Latency = 0> <II = 1> <Delay = 0.94> <FuncUnit> <Opcode : 'add' 'sub'> <InPorts = 2> <OutPorts = 1>

State 3 <SV = 2> <Delay = 7.95>
ST_3 : Operation 62 [1/1] (0.94ns)   --->   "%icmp_ln109_1 = icmp_ugt  i25 %rem_4, i25 18055167" [C:\scratch\2024.1\hls_product\545\2024.1\src\shared\hls\clib/hlsmath/include/FloatingPoint\hls_fmod_rem_quo.h:109]   --->   Operation 62 'icmp' 'icmp_ln109_1' <Predicate = true> <Delay = 0.94> <CoreInst = "Cmp">   --->   Core 9 'Cmp' <Latency = 0> <II = 1> <Delay = 0.94> <FuncUnit> <Opcode : 'seteq' 'setne' 'setle' 'setge' 'setlt' 'setgt'> <InPorts = 2> <OutPorts = 1>
ST_3 : Operation 63 [1/1] (0.94ns)   --->   "%rem_5 = add i25 %rem_4, i25 15499264" [C:\scratch\2024.1\hls_product\545\2024.1\src\shared\hls\clib/hlsmath/include/FloatingPoint\hls_fmod_rem_quo.h:110]   --->   Operation 63 'add' 'rem_5' <Predicate = true> <Delay = 0.94> <CoreInst = "Adder">   --->   Core 1 'Adder' <Latency = 0> <II = 1> <Delay = 0.94> <FuncUnit> <Opcode : 'add' 'sub'> <InPorts = 2> <OutPorts = 1>
ST_3 : Operation 64 [1/1] (0.32ns)   --->   "%rem_6 = select i1 %icmp_ln109_1, i25 %rem_5, i25 %rem_4" [C:\scratch\2024.1\hls_product\545\2024.1\src\shared\hls\clib/hlsmath/include/FloatingPoint\hls_fmod_rem_quo.h:109]   --->   Operation 64 'select' 'rem_6' <Predicate = true> <Delay = 0.32> <CoreInst = "Sel">   --->   Core 73 'Sel' <Latency = 0> <II = 1> <Delay = 0.32> <FuncUnit> <Opcode : 'select'> <InPorts = 3> <OutPorts = 1>
ST_3 : Operation 65 [1/1] (0.00ns)   --->   "%trunc_ln91_1 = trunc i25 %rem_6" [C:\scratch\2024.1\hls_product\545\2024.1\src\shared\hls\clib/hlsmath/include/FloatingPoint\hls_fmod_rem_quo.h:91]   --->   Operation 65 'trunc' 'trunc_ln91_1' <Predicate = true> <Delay = 0.00>
ST_3 : Operation 66 [1/1] (0.94ns)   --->   "%icmp_ln111_1 = icmp_ugt  i25 %rem_6, i25 9027583" [C:\scratch\2024.1\hls_product\545\2024.1\src\shared\hls\clib/hlsmath/include/FloatingPoint\hls_fmod_rem_quo.h:111]   --->   Operation 66 'icmp' 'icmp_ln111_1' <Predicate = true> <Delay = 0.94> <CoreInst = "Cmp">   --->   Core 9 'Cmp' <Latency = 0> <II = 1> <Delay = 0.94> <FuncUnit> <Opcode : 'seteq' 'setne' 'setle' 'setge' 'setlt' 'setgt'> <InPorts = 2> <OutPorts = 1>
ST_3 : Operation 67 [1/1] (0.93ns)   --->   "%rem_7 = add i24 %trunc_ln91_1, i24 7749632" [C:\scratch\2024.1\hls_product\545\2024.1\src\shared\hls\clib/hlsmath/include/FloatingPoint\hls_fmod_rem_quo.h:112]   --->   Operation 67 'add' 'rem_7' <Predicate = true> <Delay = 0.93> <CoreInst = "Adder">   --->   Core 1 'Adder' <Latency = 0> <II = 1> <Delay = 0.93> <FuncUnit> <Opcode : 'add' 'sub'> <InPorts = 2> <OutPorts = 1>
ST_3 : Operation 68 [1/1] (0.32ns)   --->   "%r_shN_3 = select i1 %icmp_ln111_1, i24 %rem_7, i24 %trunc_ln91_1" [C:\scratch\2024.1\hls_product\545\2024.1\src\shared\hls\clib/hlsmath/include/FloatingPoint\hls_fmod_rem_quo.h:111]   --->   Operation 68 'select' 'r_shN_3' <Predicate = true> <Delay = 0.32> <CoreInst = "Sel">   --->   Core 73 'Sel' <Latency = 0> <II = 1> <Delay = 0.32> <FuncUnit> <Opcode : 'select'> <InPorts = 3> <OutPorts = 1>
ST_3 : Operation 69 [1/1] (0.00ns)   --->   "%zext_ln114_1 = zext i6 %shift_7" [C:\scratch\2024.1\hls_product\545\2024.1\src\shared\hls\clib/hlsmath/include/FloatingPoint\hls_fmod_rem_quo.h:114]   --->   Operation 69 'zext' 'zext_ln114_1' <Predicate = true> <Delay = 0.00>
ST_3 : Operation 70 [1/1] (0.76ns)   --->   "%i_1 = sub i8 %i, i8 %zext_ln114_1" [C:\scratch\2024.1\hls_product\545\2024.1\src\shared\hls\clib/hlsmath/include/FloatingPoint\hls_fmod_rem_quo.h:114]   --->   Operation 70 'sub' 'i_1' <Predicate = true> <Delay = 0.76> <CoreInst = "Adder">   --->   Core 1 'Adder' <Latency = 0> <II = 1> <Delay = 0.76> <FuncUnit> <Opcode : 'add' 'sub'> <InPorts = 2> <OutPorts = 1>
ST_3 : Operation 71 [1/1] (0.76ns)   --->   "%icmp_ln99_2 = icmp_sgt  i8 %i_1, i8 36" [C:\scratch\2024.1\hls_product\545\2024.1\src\shared\hls\clib/hlsmath/include/FloatingPoint\hls_fmod_rem_quo.h:99]   --->   Operation 71 'icmp' 'icmp_ln99_2' <Predicate = true> <Delay = 0.76> <CoreInst = "Cmp">   --->   Core 9 'Cmp' <Latency = 0> <II = 1> <Delay = 0.76> <FuncUnit> <Opcode : 'seteq' 'setne' 'setle' 'setge' 'setlt' 'setgt'> <InPorts = 2> <OutPorts = 1>
ST_3 : Operation 72 [1/1] (0.00ns)   --->   "%shift_8 = trunc i8 %i_1" [C:\scratch\2024.1\hls_product\545\2024.1\src\shared\hls\clib/hlsmath/include/FloatingPoint\hls_fmod_rem_quo.h:102]   --->   Operation 72 'trunc' 'shift_8' <Predicate = true> <Delay = 0.00>
ST_3 : Operation 73 [1/1] (0.38ns)   --->   "%shift_9 = select i1 %icmp_ln99_2, i6 36, i6 %shift_8" [C:\scratch\2024.1\hls_product\545\2024.1\src\shared\hls\clib/hlsmath/include/FloatingPoint\hls_fmod_rem_quo.h:99]   --->   Operation 73 'select' 'shift_9' <Predicate = true> <Delay = 0.38> <CoreInst = "Sel">   --->   Core 73 'Sel' <Latency = 0> <II = 1> <Delay = 0.38> <FuncUnit> <Opcode : 'select'> <InPorts = 3> <OutPorts = 1>
ST_3 : Operation 74 [1/1] (0.00ns)   --->   "%zext_ln103_2 = zext i24 %r_shN_3" [C:\scratch\2024.1\hls_product\545\2024.1\src\shared\hls\clib/hlsmath/include/FloatingPoint\hls_fmod_rem_quo.h:103]   --->   Operation 74 'zext' 'zext_ln103_2' <Predicate = true> <Delay = 0.00>
ST_3 : Operation 75 [1/1] (3.57ns)   --->   "%quo_2 = mul i61 %zext_ln103_2, i61 127710969469" [C:\scratch\2024.1\hls_product\545\2024.1\src\shared\hls\clib/hlsmath/include/FloatingPoint\hls_fmod_rem_quo.h:103]   --->   Operation 75 'mul' 'quo_2' <Predicate = true> <Delay = 3.57> <CoreInst = "Multiplier">   --->   Core 3 'Multiplier' <Latency = 0> <II = 1> <Delay = 3.57> <FuncUnit> <Opcode : 'mul'> <InPorts = 2> <OutPorts = 1>
ST_3 : Operation 76 [1/1] (0.00ns)   --->   "%zext_ln104_4 = zext i6 %shift_9" [C:\scratch\2024.1\hls_product\545\2024.1\src\shared\hls\clib/hlsmath/include/FloatingPoint\hls_fmod_rem_quo.h:104]   --->   Operation 76 'zext' 'zext_ln104_4' <Predicate = true> <Delay = 0.00>
ST_3 : Operation 77 [1/1] (0.77ns)   --->   "%sub_ln104_3 = sub i7 60, i7 %zext_ln104_4" [C:\scratch\2024.1\hls_product\545\2024.1\src\shared\hls\clib/hlsmath/include/FloatingPoint\hls_fmod_rem_quo.h:104]   --->   Operation 77 'sub' 'sub_ln104_3' <Predicate = true> <Delay = 0.77> <CoreInst = "Adder">   --->   Core 1 'Adder' <Latency = 0> <II = 1> <Delay = 0.77> <FuncUnit> <Opcode : 'add' 'sub'> <InPorts = 2> <OutPorts = 1>
ST_3 : Operation 78 [1/1] (0.00ns)   --->   "%tmp_147 = bitselect i1 @_ssdm_op_BitSelect.i1.i7.i32, i7 %sub_ln104_3, i32 6" [C:\scratch\2024.1\hls_product\545\2024.1\src\shared\hls\clib/hlsmath/include/FloatingPoint\hls_fmod_rem_quo.h:104]   --->   Operation 78 'bitselect' 'tmp_147' <Predicate = true> <Delay = 0.00>
ST_3 : Operation 79 [1/1] (0.77ns)   --->   "%sub_ln104_4 = sub i7 0, i7 %sub_ln104_3" [C:\scratch\2024.1\hls_product\545\2024.1\src\shared\hls\clib/hlsmath/include/FloatingPoint\hls_fmod_rem_quo.h:104]   --->   Operation 79 'sub' 'sub_ln104_4' <Predicate = true> <Delay = 0.77> <CoreInst = "Adder">   --->   Core 1 'Adder' <Latency = 0> <II = 1> <Delay = 0.77> <FuncUnit> <Opcode : 'add' 'sub'> <InPorts = 2> <OutPorts = 1>
ST_3 : Operation 80 [1/1] (0.00ns)   --->   "%sext_ln104_2 = sext i7 %sub_ln104_4" [C:\scratch\2024.1\hls_product\545\2024.1\src\shared\hls\clib/hlsmath/include/FloatingPoint\hls_fmod_rem_quo.h:104]   --->   Operation 80 'sext' 'sext_ln104_2' <Predicate = true> <Delay = 0.00>
ST_3 : Operation 81 [1/1] (0.00ns)   --->   "%zext_ln104_5 = zext i32 %sext_ln104_2" [C:\scratch\2024.1\hls_product\545\2024.1\src\shared\hls\clib/hlsmath/include/FloatingPoint\hls_fmod_rem_quo.h:104]   --->   Operation 81 'zext' 'zext_ln104_5' <Predicate = true> <Delay = 0.00>
ST_3 : Operation 82 [1/1] (1.52ns)   --->   "%shl_ln104_1 = shl i61 %quo_2, i61 %zext_ln104_5" [C:\scratch\2024.1\hls_product\545\2024.1\src\shared\hls\clib/hlsmath/include/FloatingPoint\hls_fmod_rem_quo.h:104]   --->   Operation 82 'shl' 'shl_ln104_1' <Predicate = true> <Delay = 1.52> <CoreInst = "Shifter">   --->   Core 75 'Shifter' <Latency = 0> <II = 1> <Delay = 1.52> <FuncUnit> <Opcode : 'shl' 'lshr' 'ashr'> <InPorts = 2> <OutPorts = 1>
ST_3 : Operation 83 [1/1] (0.00ns)   --->   "%sext_ln104_3 = sext i7 %sub_ln104_3" [C:\scratch\2024.1\hls_product\545\2024.1\src\shared\hls\clib/hlsmath/include/FloatingPoint\hls_fmod_rem_quo.h:104]   --->   Operation 83 'sext' 'sext_ln104_3' <Predicate = true> <Delay = 0.00>
ST_3 : Operation 84 [1/1] (0.00ns)   --->   "%zext_ln104_6 = zext i32 %sext_ln104_3" [C:\scratch\2024.1\hls_product\545\2024.1\src\shared\hls\clib/hlsmath/include/FloatingPoint\hls_fmod_rem_quo.h:104]   --->   Operation 84 'zext' 'zext_ln104_6' <Predicate = true> <Delay = 0.00>
ST_3 : Operation 85 [1/1] (1.52ns)   --->   "%lshr_ln104_2 = lshr i61 %quo_2, i61 %zext_ln104_6" [C:\scratch\2024.1\hls_product\545\2024.1\src\shared\hls\clib/hlsmath/include/FloatingPoint\hls_fmod_rem_quo.h:104]   --->   Operation 85 'lshr' 'lshr_ln104_2' <Predicate = true> <Delay = 1.52> <CoreInst = "Shifter">   --->   Core 75 'Shifter' <Latency = 0> <II = 1> <Delay = 1.52> <FuncUnit> <Opcode : 'shl' 'lshr' 'ashr'> <InPorts = 2> <OutPorts = 1>
ST_3 : Operation 86 [1/1] (0.00ns)   --->   "%trunc_ln105_2 = trunc i61 %shl_ln104_1" [C:\scratch\2024.1\hls_product\545\2024.1\src\shared\hls\clib/hlsmath/include/FloatingPoint\hls_fmod_rem_quo.h:105]   --->   Operation 86 'trunc' 'trunc_ln105_2' <Predicate = true> <Delay = 0.00>
ST_3 : Operation 87 [1/1] (0.00ns)   --->   "%trunc_ln105_3 = trunc i61 %lshr_ln104_2" [C:\scratch\2024.1\hls_product\545\2024.1\src\shared\hls\clib/hlsmath/include/FloatingPoint\hls_fmod_rem_quo.h:105]   --->   Operation 87 'trunc' 'trunc_ln105_3' <Predicate = true> <Delay = 0.00>
ST_3 : Operation 88 [1/1] (0.32ns)   --->   "%select_ln105_1 = select i1 %tmp_147, i25 %trunc_ln105_2, i25 %trunc_ln105_3" [C:\scratch\2024.1\hls_product\545\2024.1\src\shared\hls\clib/hlsmath/include/FloatingPoint\hls_fmod_rem_quo.h:105]   --->   Operation 88 'select' 'select_ln105_1' <Predicate = true> <Delay = 0.32> <CoreInst = "Sel">   --->   Core 73 'Sel' <Latency = 0> <II = 1> <Delay = 0.32> <FuncUnit> <Opcode : 'select'> <InPorts = 3> <OutPorts = 1>

State 4 <SV = 3> <Delay = 10.1>
ST_4 : Operation 89 [1/1] (0.00ns)   --->   "%sext_ln85 = sext i8 %i_1" [C:\scratch\2024.1\hls_product\545\2024.1\src\shared\hls\clib/hlsmath/include/FloatingPoint\hls_fmod_rem_quo.h:85]   --->   Operation 89 'sext' 'sext_ln85' <Predicate = true> <Delay = 0.00>
ST_4 : Operation 90 [1/1] (0.00ns)   --->   "%zext_ln106_2 = zext i24 %r_shN_3" [C:\scratch\2024.1\hls_product\545\2024.1\src\shared\hls\clib/hlsmath/include/FloatingPoint\hls_fmod_rem_quo.h:106]   --->   Operation 90 'zext' 'zext_ln106_2' <Predicate = true> <Delay = 0.00>
ST_4 : Operation 91 [1/1] (0.00ns)   --->   "%zext_ln107_2 = zext i6 %shift_9" [C:\scratch\2024.1\hls_product\545\2024.1\src\shared\hls\clib/hlsmath/include/FloatingPoint\hls_fmod_rem_quo.h:107]   --->   Operation 91 'zext' 'zext_ln107_2' <Predicate = true> <Delay = 0.00>
ST_4 : Operation 92 [1/1] (1.15ns)   --->   "%r_shN_4 = shl i60 %zext_ln106_2, i60 %zext_ln107_2" [C:\scratch\2024.1\hls_product\545\2024.1\src\shared\hls\clib/hlsmath/include/FloatingPoint\hls_fmod_rem_quo.h:107]   --->   Operation 92 'shl' 'r_shN_4' <Predicate = true> <Delay = 1.15> <CoreInst = "Shifter">   --->   Core 75 'Shifter' <Latency = 0> <II = 1> <Delay = 1.52> <FuncUnit> <Opcode : 'shl' 'lshr' 'ashr'> <InPorts = 2> <OutPorts = 1>
ST_4 : Operation 93 [1/1] (0.00ns)   --->   "%trunc_ln108_2 = trunc i60 %r_shN_4" [C:\scratch\2024.1\hls_product\545\2024.1\src\shared\hls\clib/hlsmath/include/FloatingPoint\hls_fmod_rem_quo.h:108]   --->   Operation 93 'trunc' 'trunc_ln108_2' <Predicate = true> <Delay = 0.00>
ST_4 : Operation 94 [1/1] (3.10ns)   --->   "%mul_ln108_2 = mul i25 %select_ln105_1, i25 24526848" [C:\scratch\2024.1\hls_product\545\2024.1\src\shared\hls\clib/hlsmath/include/FloatingPoint\hls_fmod_rem_quo.h:108]   --->   Operation 94 'mul' 'mul_ln108_2' <Predicate = true> <Delay = 3.10> <CoreInst = "Multiplier">   --->   Core 3 'Multiplier' <Latency = 0> <II = 1> <Delay = 3.10> <FuncUnit> <Opcode : 'mul'> <InPorts = 2> <OutPorts = 1>
ST_4 : Operation 95 [1/1] (0.94ns)   --->   "%rem_8 = add i25 %mul_ln108_2, i25 %trunc_ln108_2" [C:\scratch\2024.1\hls_product\545\2024.1\src\shared\hls\clib/hlsmath/include/FloatingPoint\hls_fmod_rem_quo.h:108]   --->   Operation 95 'add' 'rem_8' <Predicate = true> <Delay = 0.94> <CoreInst = "Adder">   --->   Core 1 'Adder' <Latency = 0> <II = 1> <Delay = 0.94> <FuncUnit> <Opcode : 'add' 'sub'> <InPorts = 2> <OutPorts = 1>
ST_4 : Operation 96 [1/1] (0.94ns)   --->   "%icmp_ln109_2 = icmp_ugt  i25 %rem_8, i25 18055167" [C:\scratch\2024.1\hls_product\545\2024.1\src\shared\hls\clib/hlsmath/include/FloatingPoint\hls_fmod_rem_quo.h:109]   --->   Operation 96 'icmp' 'icmp_ln109_2' <Predicate = true> <Delay = 0.94> <CoreInst = "Cmp">   --->   Core 9 'Cmp' <Latency = 0> <II = 1> <Delay = 0.94> <FuncUnit> <Opcode : 'seteq' 'setne' 'setle' 'setge' 'setlt' 'setgt'> <InPorts = 2> <OutPorts = 1>
ST_4 : Operation 97 [1/1] (0.94ns)   --->   "%rem_9 = add i25 %rem_8, i25 15499264" [C:\scratch\2024.1\hls_product\545\2024.1\src\shared\hls\clib/hlsmath/include/FloatingPoint\hls_fmod_rem_quo.h:110]   --->   Operation 97 'add' 'rem_9' <Predicate = true> <Delay = 0.94> <CoreInst = "Adder">   --->   Core 1 'Adder' <Latency = 0> <II = 1> <Delay = 0.94> <FuncUnit> <Opcode : 'add' 'sub'> <InPorts = 2> <OutPorts = 1>
ST_4 : Operation 98 [1/1] (0.32ns)   --->   "%rem_10 = select i1 %icmp_ln109_2, i25 %rem_9, i25 %rem_8" [C:\scratch\2024.1\hls_product\545\2024.1\src\shared\hls\clib/hlsmath/include/FloatingPoint\hls_fmod_rem_quo.h:109]   --->   Operation 98 'select' 'rem_10' <Predicate = true> <Delay = 0.32> <CoreInst = "Sel">   --->   Core 73 'Sel' <Latency = 0> <II = 1> <Delay = 0.32> <FuncUnit> <Opcode : 'select'> <InPorts = 3> <OutPorts = 1>
ST_4 : Operation 99 [1/1] (0.00ns)   --->   "%trunc_ln91_2 = trunc i25 %rem_10" [C:\scratch\2024.1\hls_product\545\2024.1\src\shared\hls\clib/hlsmath/include/FloatingPoint\hls_fmod_rem_quo.h:91]   --->   Operation 99 'trunc' 'trunc_ln91_2' <Predicate = true> <Delay = 0.00>
ST_4 : Operation 100 [1/1] (0.94ns)   --->   "%icmp_ln111_2 = icmp_ugt  i25 %rem_10, i25 9027583" [C:\scratch\2024.1\hls_product\545\2024.1\src\shared\hls\clib/hlsmath/include/FloatingPoint\hls_fmod_rem_quo.h:111]   --->   Operation 100 'icmp' 'icmp_ln111_2' <Predicate = true> <Delay = 0.94> <CoreInst = "Cmp">   --->   Core 9 'Cmp' <Latency = 0> <II = 1> <Delay = 0.94> <FuncUnit> <Opcode : 'seteq' 'setne' 'setle' 'setge' 'setlt' 'setgt'> <InPorts = 2> <OutPorts = 1>
ST_4 : Operation 101 [1/1] (0.93ns)   --->   "%rem_11 = add i24 %trunc_ln91_2, i24 7749632" [C:\scratch\2024.1\hls_product\545\2024.1\src\shared\hls\clib/hlsmath/include/FloatingPoint\hls_fmod_rem_quo.h:112]   --->   Operation 101 'add' 'rem_11' <Predicate = true> <Delay = 0.93> <CoreInst = "Adder">   --->   Core 1 'Adder' <Latency = 0> <II = 1> <Delay = 0.93> <FuncUnit> <Opcode : 'add' 'sub'> <InPorts = 2> <OutPorts = 1>
ST_4 : Operation 102 [1/1] (0.32ns)   --->   "%r_shN_5 = select i1 %icmp_ln111_2, i24 %rem_11, i24 %trunc_ln91_2" [C:\scratch\2024.1\hls_product\545\2024.1\src\shared\hls\clib/hlsmath/include/FloatingPoint\hls_fmod_rem_quo.h:111]   --->   Operation 102 'select' 'r_shN_5' <Predicate = true> <Delay = 0.32> <CoreInst = "Sel">   --->   Core 73 'Sel' <Latency = 0> <II = 1> <Delay = 0.32> <FuncUnit> <Opcode : 'select'> <InPorts = 3> <OutPorts = 1>
ST_4 : Operation 103 [1/1] (0.00ns)   --->   "%zext_ln114_2 = zext i6 %shift_9" [C:\scratch\2024.1\hls_product\545\2024.1\src\shared\hls\clib/hlsmath/include/FloatingPoint\hls_fmod_rem_quo.h:114]   --->   Operation 103 'zext' 'zext_ln114_2' <Predicate = true> <Delay = 0.00>
ST_4 : Operation 104 [1/1] (0.76ns)   --->   "%i_2 = sub i9 %sext_ln85, i9 %zext_ln114_2" [C:\scratch\2024.1\hls_product\545\2024.1\src\shared\hls\clib/hlsmath/include/FloatingPoint\hls_fmod_rem_quo.h:114]   --->   Operation 104 'sub' 'i_2' <Predicate = true> <Delay = 0.76> <CoreInst = "Adder">   --->   Core 1 'Adder' <Latency = 0> <II = 1> <Delay = 0.77> <FuncUnit> <Opcode : 'add' 'sub'> <InPorts = 2> <OutPorts = 1>
ST_4 : Operation 105 [1/1] (0.77ns)   --->   "%icmp_ln99_3 = icmp_sgt  i9 %i_2, i9 36" [C:\scratch\2024.1\hls_product\545\2024.1\src\shared\hls\clib/hlsmath/include/FloatingPoint\hls_fmod_rem_quo.h:99]   --->   Operation 105 'icmp' 'icmp_ln99_3' <Predicate = true> <Delay = 0.77> <CoreInst = "Cmp">   --->   Core 9 'Cmp' <Latency = 0> <II = 1> <Delay = 0.77> <FuncUnit> <Opcode : 'seteq' 'setne' 'setle' 'setge' 'setlt' 'setgt'> <InPorts = 2> <OutPorts = 1>
ST_4 : Operation 106 [1/1] (0.00ns)   --->   "%shift_10 = trunc i9 %i_2" [C:\scratch\2024.1\hls_product\545\2024.1\src\shared\hls\clib/hlsmath/include/FloatingPoint\hls_fmod_rem_quo.h:102]   --->   Operation 106 'trunc' 'shift_10' <Predicate = true> <Delay = 0.00>
ST_4 : Operation 107 [1/1] (0.38ns)   --->   "%shift_11 = select i1 %icmp_ln99_3, i6 36, i6 %shift_10" [C:\scratch\2024.1\hls_product\545\2024.1\src\shared\hls\clib/hlsmath/include/FloatingPoint\hls_fmod_rem_quo.h:99]   --->   Operation 107 'select' 'shift_11' <Predicate = true> <Delay = 0.38> <CoreInst = "Sel">   --->   Core 73 'Sel' <Latency = 0> <II = 1> <Delay = 0.38> <FuncUnit> <Opcode : 'select'> <InPorts = 3> <OutPorts = 1>
ST_4 : Operation 108 [1/1] (0.00ns)   --->   "%zext_ln103_3 = zext i24 %r_shN_5" [C:\scratch\2024.1\hls_product\545\2024.1\src\shared\hls\clib/hlsmath/include/FloatingPoint\hls_fmod_rem_quo.h:103]   --->   Operation 108 'zext' 'zext_ln103_3' <Predicate = true> <Delay = 0.00>
ST_4 : Operation 109 [1/1] (3.57ns)   --->   "%quo_3 = mul i61 %zext_ln103_3, i61 127710969469" [C:\scratch\2024.1\hls_product\545\2024.1\src\shared\hls\clib/hlsmath/include/FloatingPoint\hls_fmod_rem_quo.h:103]   --->   Operation 109 'mul' 'quo_3' <Predicate = true> <Delay = 3.57> <CoreInst = "Multiplier">   --->   Core 3 'Multiplier' <Latency = 0> <II = 1> <Delay = 3.57> <FuncUnit> <Opcode : 'mul'> <InPorts = 2> <OutPorts = 1>

State 5 <SV = 4> <Delay = 9.97>
ST_5 : Operation 110 [1/1] (0.00ns)   --->   "%zext_ln104_7 = zext i6 %shift_11" [C:\scratch\2024.1\hls_product\545\2024.1\src\shared\hls\clib/hlsmath/include/FloatingPoint\hls_fmod_rem_quo.h:104]   --->   Operation 110 'zext' 'zext_ln104_7' <Predicate = true> <Delay = 0.00>
ST_5 : Operation 111 [1/1] (0.77ns)   --->   "%sub_ln104_5 = sub i7 60, i7 %zext_ln104_7" [C:\scratch\2024.1\hls_product\545\2024.1\src\shared\hls\clib/hlsmath/include/FloatingPoint\hls_fmod_rem_quo.h:104]   --->   Operation 111 'sub' 'sub_ln104_5' <Predicate = true> <Delay = 0.77> <CoreInst = "Adder">   --->   Core 1 'Adder' <Latency = 0> <II = 1> <Delay = 0.77> <FuncUnit> <Opcode : 'add' 'sub'> <InPorts = 2> <OutPorts = 1>
ST_5 : Operation 112 [1/1] (0.00ns)   --->   "%tmp_148 = bitselect i1 @_ssdm_op_BitSelect.i1.i7.i32, i7 %sub_ln104_5, i32 6" [C:\scratch\2024.1\hls_product\545\2024.1\src\shared\hls\clib/hlsmath/include/FloatingPoint\hls_fmod_rem_quo.h:104]   --->   Operation 112 'bitselect' 'tmp_148' <Predicate = true> <Delay = 0.00>
ST_5 : Operation 113 [1/1] (0.77ns)   --->   "%sub_ln104_6 = sub i7 0, i7 %sub_ln104_5" [C:\scratch\2024.1\hls_product\545\2024.1\src\shared\hls\clib/hlsmath/include/FloatingPoint\hls_fmod_rem_quo.h:104]   --->   Operation 113 'sub' 'sub_ln104_6' <Predicate = true> <Delay = 0.77> <CoreInst = "Adder">   --->   Core 1 'Adder' <Latency = 0> <II = 1> <Delay = 0.77> <FuncUnit> <Opcode : 'add' 'sub'> <InPorts = 2> <OutPorts = 1>
ST_5 : Operation 114 [1/1] (0.00ns)   --->   "%sext_ln104_4 = sext i7 %sub_ln104_6" [C:\scratch\2024.1\hls_product\545\2024.1\src\shared\hls\clib/hlsmath/include/FloatingPoint\hls_fmod_rem_quo.h:104]   --->   Operation 114 'sext' 'sext_ln104_4' <Predicate = true> <Delay = 0.00>
ST_5 : Operation 115 [1/1] (0.00ns)   --->   "%zext_ln104_8 = zext i32 %sext_ln104_4" [C:\scratch\2024.1\hls_product\545\2024.1\src\shared\hls\clib/hlsmath/include/FloatingPoint\hls_fmod_rem_quo.h:104]   --->   Operation 115 'zext' 'zext_ln104_8' <Predicate = true> <Delay = 0.00>
ST_5 : Operation 116 [1/1] (1.52ns)   --->   "%shl_ln104_2 = shl i61 %quo_3, i61 %zext_ln104_8" [C:\scratch\2024.1\hls_product\545\2024.1\src\shared\hls\clib/hlsmath/include/FloatingPoint\hls_fmod_rem_quo.h:104]   --->   Operation 116 'shl' 'shl_ln104_2' <Predicate = true> <Delay = 1.52> <CoreInst = "Shifter">   --->   Core 75 'Shifter' <Latency = 0> <II = 1> <Delay = 1.52> <FuncUnit> <Opcode : 'shl' 'lshr' 'ashr'> <InPorts = 2> <OutPorts = 1>
ST_5 : Operation 117 [1/1] (0.00ns)   --->   "%sext_ln104_5 = sext i7 %sub_ln104_5" [C:\scratch\2024.1\hls_product\545\2024.1\src\shared\hls\clib/hlsmath/include/FloatingPoint\hls_fmod_rem_quo.h:104]   --->   Operation 117 'sext' 'sext_ln104_5' <Predicate = true> <Delay = 0.00>
ST_5 : Operation 118 [1/1] (0.00ns)   --->   "%zext_ln104_9 = zext i32 %sext_ln104_5" [C:\scratch\2024.1\hls_product\545\2024.1\src\shared\hls\clib/hlsmath/include/FloatingPoint\hls_fmod_rem_quo.h:104]   --->   Operation 118 'zext' 'zext_ln104_9' <Predicate = true> <Delay = 0.00>
ST_5 : Operation 119 [1/1] (1.52ns)   --->   "%lshr_ln104_3 = lshr i61 %quo_3, i61 %zext_ln104_9" [C:\scratch\2024.1\hls_product\545\2024.1\src\shared\hls\clib/hlsmath/include/FloatingPoint\hls_fmod_rem_quo.h:104]   --->   Operation 119 'lshr' 'lshr_ln104_3' <Predicate = true> <Delay = 1.52> <CoreInst = "Shifter">   --->   Core 75 'Shifter' <Latency = 0> <II = 1> <Delay = 1.52> <FuncUnit> <Opcode : 'shl' 'lshr' 'ashr'> <InPorts = 2> <OutPorts = 1>
ST_5 : Operation 120 [1/1] (0.00ns)   --->   "%trunc_ln105_4 = trunc i61 %shl_ln104_2" [C:\scratch\2024.1\hls_product\545\2024.1\src\shared\hls\clib/hlsmath/include/FloatingPoint\hls_fmod_rem_quo.h:105]   --->   Operation 120 'trunc' 'trunc_ln105_4' <Predicate = true> <Delay = 0.00>
ST_5 : Operation 121 [1/1] (0.00ns)   --->   "%trunc_ln105_5 = trunc i61 %lshr_ln104_3" [C:\scratch\2024.1\hls_product\545\2024.1\src\shared\hls\clib/hlsmath/include/FloatingPoint\hls_fmod_rem_quo.h:105]   --->   Operation 121 'trunc' 'trunc_ln105_5' <Predicate = true> <Delay = 0.00>
ST_5 : Operation 122 [1/1] (0.32ns)   --->   "%select_ln105_2 = select i1 %tmp_148, i25 %trunc_ln105_4, i25 %trunc_ln105_5" [C:\scratch\2024.1\hls_product\545\2024.1\src\shared\hls\clib/hlsmath/include/FloatingPoint\hls_fmod_rem_quo.h:105]   --->   Operation 122 'select' 'select_ln105_2' <Predicate = true> <Delay = 0.32> <CoreInst = "Sel">   --->   Core 73 'Sel' <Latency = 0> <II = 1> <Delay = 0.32> <FuncUnit> <Opcode : 'select'> <InPorts = 3> <OutPorts = 1>
ST_5 : Operation 123 [1/1] (0.00ns)   --->   "%zext_ln106_3 = zext i24 %r_shN_5" [C:\scratch\2024.1\hls_product\545\2024.1\src\shared\hls\clib/hlsmath/include/FloatingPoint\hls_fmod_rem_quo.h:106]   --->   Operation 123 'zext' 'zext_ln106_3' <Predicate = true> <Delay = 0.00>
ST_5 : Operation 124 [1/1] (0.00ns)   --->   "%zext_ln107_3 = zext i6 %shift_11" [C:\scratch\2024.1\hls_product\545\2024.1\src\shared\hls\clib/hlsmath/include/FloatingPoint\hls_fmod_rem_quo.h:107]   --->   Operation 124 'zext' 'zext_ln107_3' <Predicate = true> <Delay = 0.00>
ST_5 : Operation 125 [1/1] (1.15ns)   --->   "%r_shN_6 = shl i60 %zext_ln106_3, i60 %zext_ln107_3" [C:\scratch\2024.1\hls_product\545\2024.1\src\shared\hls\clib/hlsmath/include/FloatingPoint\hls_fmod_rem_quo.h:107]   --->   Operation 125 'shl' 'r_shN_6' <Predicate = true> <Delay = 1.15> <CoreInst = "Shifter">   --->   Core 75 'Shifter' <Latency = 0> <II = 1> <Delay = 1.52> <FuncUnit> <Opcode : 'shl' 'lshr' 'ashr'> <InPorts = 2> <OutPorts = 1>
ST_5 : Operation 126 [1/1] (0.00ns)   --->   "%trunc_ln108_3 = trunc i60 %r_shN_6" [C:\scratch\2024.1\hls_product\545\2024.1\src\shared\hls\clib/hlsmath/include/FloatingPoint\hls_fmod_rem_quo.h:108]   --->   Operation 126 'trunc' 'trunc_ln108_3' <Predicate = true> <Delay = 0.00>
ST_5 : Operation 127 [1/1] (3.10ns)   --->   "%mul_ln108_3 = mul i25 %select_ln105_2, i25 24526848" [C:\scratch\2024.1\hls_product\545\2024.1\src\shared\hls\clib/hlsmath/include/FloatingPoint\hls_fmod_rem_quo.h:108]   --->   Operation 127 'mul' 'mul_ln108_3' <Predicate = true> <Delay = 3.10> <CoreInst = "Multiplier">   --->   Core 3 'Multiplier' <Latency = 0> <II = 1> <Delay = 3.10> <FuncUnit> <Opcode : 'mul'> <InPorts = 2> <OutPorts = 1>
ST_5 : Operation 128 [1/1] (0.94ns)   --->   "%rem_12 = add i25 %mul_ln108_3, i25 %trunc_ln108_3" [C:\scratch\2024.1\hls_product\545\2024.1\src\shared\hls\clib/hlsmath/include/FloatingPoint\hls_fmod_rem_quo.h:108]   --->   Operation 128 'add' 'rem_12' <Predicate = true> <Delay = 0.94> <CoreInst = "Adder">   --->   Core 1 'Adder' <Latency = 0> <II = 1> <Delay = 0.94> <FuncUnit> <Opcode : 'add' 'sub'> <InPorts = 2> <OutPorts = 1>
ST_5 : Operation 129 [1/1] (0.94ns)   --->   "%icmp_ln109_3 = icmp_ugt  i25 %rem_12, i25 18055167" [C:\scratch\2024.1\hls_product\545\2024.1\src\shared\hls\clib/hlsmath/include/FloatingPoint\hls_fmod_rem_quo.h:109]   --->   Operation 129 'icmp' 'icmp_ln109_3' <Predicate = true> <Delay = 0.94> <CoreInst = "Cmp">   --->   Core 9 'Cmp' <Latency = 0> <II = 1> <Delay = 0.94> <FuncUnit> <Opcode : 'seteq' 'setne' 'setle' 'setge' 'setlt' 'setgt'> <InPorts = 2> <OutPorts = 1>
ST_5 : Operation 130 [1/1] (0.94ns)   --->   "%rem_13 = add i25 %rem_12, i25 15499264" [C:\scratch\2024.1\hls_product\545\2024.1\src\shared\hls\clib/hlsmath/include/FloatingPoint\hls_fmod_rem_quo.h:110]   --->   Operation 130 'add' 'rem_13' <Predicate = true> <Delay = 0.94> <CoreInst = "Adder">   --->   Core 1 'Adder' <Latency = 0> <II = 1> <Delay = 0.94> <FuncUnit> <Opcode : 'add' 'sub'> <InPorts = 2> <OutPorts = 1>
ST_5 : Operation 131 [1/1] (0.32ns)   --->   "%rem_14 = select i1 %icmp_ln109_3, i25 %rem_13, i25 %rem_12" [C:\scratch\2024.1\hls_product\545\2024.1\src\shared\hls\clib/hlsmath/include/FloatingPoint\hls_fmod_rem_quo.h:109]   --->   Operation 131 'select' 'rem_14' <Predicate = true> <Delay = 0.32> <CoreInst = "Sel">   --->   Core 73 'Sel' <Latency = 0> <II = 1> <Delay = 0.32> <FuncUnit> <Opcode : 'select'> <InPorts = 3> <OutPorts = 1>
ST_5 : Operation 132 [1/1] (0.00ns)   --->   "%trunc_ln91_3 = trunc i25 %rem_14" [C:\scratch\2024.1\hls_product\545\2024.1\src\shared\hls\clib/hlsmath/include/FloatingPoint\hls_fmod_rem_quo.h:91]   --->   Operation 132 'trunc' 'trunc_ln91_3' <Predicate = true> <Delay = 0.00>
ST_5 : Operation 133 [1/1] (0.94ns)   --->   "%icmp_ln111_3 = icmp_ugt  i25 %rem_14, i25 9027583" [C:\scratch\2024.1\hls_product\545\2024.1\src\shared\hls\clib/hlsmath/include/FloatingPoint\hls_fmod_rem_quo.h:111]   --->   Operation 133 'icmp' 'icmp_ln111_3' <Predicate = true> <Delay = 0.94> <CoreInst = "Cmp">   --->   Core 9 'Cmp' <Latency = 0> <II = 1> <Delay = 0.94> <FuncUnit> <Opcode : 'seteq' 'setne' 'setle' 'setge' 'setlt' 'setgt'> <InPorts = 2> <OutPorts = 1>
ST_5 : Operation 134 [1/1] (0.93ns)   --->   "%rem_15 = add i24 %trunc_ln91_3, i24 7749632" [C:\scratch\2024.1\hls_product\545\2024.1\src\shared\hls\clib/hlsmath/include/FloatingPoint\hls_fmod_rem_quo.h:112]   --->   Operation 134 'add' 'rem_15' <Predicate = true> <Delay = 0.93> <CoreInst = "Adder">   --->   Core 1 'Adder' <Latency = 0> <II = 1> <Delay = 0.93> <FuncUnit> <Opcode : 'add' 'sub'> <InPorts = 2> <OutPorts = 1>
ST_5 : Operation 135 [1/1] (0.32ns)   --->   "%r_shN_7 = select i1 %icmp_ln111_3, i24 %rem_15, i24 %trunc_ln91_3" [C:\scratch\2024.1\hls_product\545\2024.1\src\shared\hls\clib/hlsmath/include/FloatingPoint\hls_fmod_rem_quo.h:111]   --->   Operation 135 'select' 'r_shN_7' <Predicate = true> <Delay = 0.32> <CoreInst = "Sel">   --->   Core 73 'Sel' <Latency = 0> <II = 1> <Delay = 0.32> <FuncUnit> <Opcode : 'select'> <InPorts = 3> <OutPorts = 1>
ST_5 : Operation 136 [1/1] (0.00ns)   --->   "%zext_ln114_3 = zext i6 %shift_11" [C:\scratch\2024.1\hls_product\545\2024.1\src\shared\hls\clib/hlsmath/include/FloatingPoint\hls_fmod_rem_quo.h:114]   --->   Operation 136 'zext' 'zext_ln114_3' <Predicate = true> <Delay = 0.00>
ST_5 : Operation 137 [1/1] (0.77ns)   --->   "%i_3 = sub i9 %i_2, i9 %zext_ln114_3" [C:\scratch\2024.1\hls_product\545\2024.1\src\shared\hls\clib/hlsmath/include/FloatingPoint\hls_fmod_rem_quo.h:114]   --->   Operation 137 'sub' 'i_3' <Predicate = true> <Delay = 0.77> <CoreInst = "Adder">   --->   Core 1 'Adder' <Latency = 0> <II = 1> <Delay = 0.77> <FuncUnit> <Opcode : 'add' 'sub'> <InPorts = 2> <OutPorts = 1>
ST_5 : Operation 138 [1/1] (0.77ns)   --->   "%icmp_ln99_4 = icmp_sgt  i9 %i_3, i9 36" [C:\scratch\2024.1\hls_product\545\2024.1\src\shared\hls\clib/hlsmath/include/FloatingPoint\hls_fmod_rem_quo.h:99]   --->   Operation 138 'icmp' 'icmp_ln99_4' <Predicate = true> <Delay = 0.77> <CoreInst = "Cmp">   --->   Core 9 'Cmp' <Latency = 0> <II = 1> <Delay = 0.77> <FuncUnit> <Opcode : 'seteq' 'setne' 'setle' 'setge' 'setlt' 'setgt'> <InPorts = 2> <OutPorts = 1>
ST_5 : Operation 139 [1/1] (0.00ns)   --->   "%shift_12 = trunc i9 %i_3" [C:\scratch\2024.1\hls_product\545\2024.1\src\shared\hls\clib/hlsmath/include/FloatingPoint\hls_fmod_rem_quo.h:102]   --->   Operation 139 'trunc' 'shift_12' <Predicate = true> <Delay = 0.00>
ST_5 : Operation 140 [1/1] (0.38ns)   --->   "%shift_13 = select i1 %icmp_ln99_4, i6 36, i6 %shift_12" [C:\scratch\2024.1\hls_product\545\2024.1\src\shared\hls\clib/hlsmath/include/FloatingPoint\hls_fmod_rem_quo.h:99]   --->   Operation 140 'select' 'shift_13' <Predicate = true> <Delay = 0.38> <CoreInst = "Sel">   --->   Core 73 'Sel' <Latency = 0> <II = 1> <Delay = 0.38> <FuncUnit> <Opcode : 'select'> <InPorts = 3> <OutPorts = 1>

State 6 <SV = 5> <Delay = 10.7>
ST_6 : Operation 141 [1/1] (0.00ns)   --->   "%zext_ln103_4 = zext i24 %r_shN_7" [C:\scratch\2024.1\hls_product\545\2024.1\src\shared\hls\clib/hlsmath/include/FloatingPoint\hls_fmod_rem_quo.h:103]   --->   Operation 141 'zext' 'zext_ln103_4' <Predicate = true> <Delay = 0.00>
ST_6 : Operation 142 [1/1] (3.57ns)   --->   "%quo_4 = mul i61 %zext_ln103_4, i61 127710969469" [C:\scratch\2024.1\hls_product\545\2024.1\src\shared\hls\clib/hlsmath/include/FloatingPoint\hls_fmod_rem_quo.h:103]   --->   Operation 142 'mul' 'quo_4' <Predicate = true> <Delay = 3.57> <CoreInst = "Multiplier">   --->   Core 3 'Multiplier' <Latency = 0> <II = 1> <Delay = 3.57> <FuncUnit> <Opcode : 'mul'> <InPorts = 2> <OutPorts = 1>
ST_6 : Operation 143 [1/1] (0.00ns)   --->   "%zext_ln104_10 = zext i6 %shift_13" [C:\scratch\2024.1\hls_product\545\2024.1\src\shared\hls\clib/hlsmath/include/FloatingPoint\hls_fmod_rem_quo.h:104]   --->   Operation 143 'zext' 'zext_ln104_10' <Predicate = true> <Delay = 0.00>
ST_6 : Operation 144 [1/1] (0.77ns)   --->   "%sub_ln104_7 = sub i7 60, i7 %zext_ln104_10" [C:\scratch\2024.1\hls_product\545\2024.1\src\shared\hls\clib/hlsmath/include/FloatingPoint\hls_fmod_rem_quo.h:104]   --->   Operation 144 'sub' 'sub_ln104_7' <Predicate = true> <Delay = 0.77> <CoreInst = "Adder">   --->   Core 1 'Adder' <Latency = 0> <II = 1> <Delay = 0.77> <FuncUnit> <Opcode : 'add' 'sub'> <InPorts = 2> <OutPorts = 1>
ST_6 : Operation 145 [1/1] (0.00ns)   --->   "%tmp_149 = bitselect i1 @_ssdm_op_BitSelect.i1.i7.i32, i7 %sub_ln104_7, i32 6" [C:\scratch\2024.1\hls_product\545\2024.1\src\shared\hls\clib/hlsmath/include/FloatingPoint\hls_fmod_rem_quo.h:104]   --->   Operation 145 'bitselect' 'tmp_149' <Predicate = true> <Delay = 0.00>
ST_6 : Operation 146 [1/1] (0.77ns)   --->   "%sub_ln104_8 = sub i7 0, i7 %sub_ln104_7" [C:\scratch\2024.1\hls_product\545\2024.1\src\shared\hls\clib/hlsmath/include/FloatingPoint\hls_fmod_rem_quo.h:104]   --->   Operation 146 'sub' 'sub_ln104_8' <Predicate = true> <Delay = 0.77> <CoreInst = "Adder">   --->   Core 1 'Adder' <Latency = 0> <II = 1> <Delay = 0.77> <FuncUnit> <Opcode : 'add' 'sub'> <InPorts = 2> <OutPorts = 1>
ST_6 : Operation 147 [1/1] (0.00ns)   --->   "%sext_ln104_6 = sext i7 %sub_ln104_8" [C:\scratch\2024.1\hls_product\545\2024.1\src\shared\hls\clib/hlsmath/include/FloatingPoint\hls_fmod_rem_quo.h:104]   --->   Operation 147 'sext' 'sext_ln104_6' <Predicate = true> <Delay = 0.00>
ST_6 : Operation 148 [1/1] (0.00ns)   --->   "%zext_ln104_11 = zext i32 %sext_ln104_6" [C:\scratch\2024.1\hls_product\545\2024.1\src\shared\hls\clib/hlsmath/include/FloatingPoint\hls_fmod_rem_quo.h:104]   --->   Operation 148 'zext' 'zext_ln104_11' <Predicate = true> <Delay = 0.00>
ST_6 : Operation 149 [1/1] (1.52ns)   --->   "%shl_ln104_3 = shl i61 %quo_4, i61 %zext_ln104_11" [C:\scratch\2024.1\hls_product\545\2024.1\src\shared\hls\clib/hlsmath/include/FloatingPoint\hls_fmod_rem_quo.h:104]   --->   Operation 149 'shl' 'shl_ln104_3' <Predicate = true> <Delay = 1.52> <CoreInst = "Shifter">   --->   Core 75 'Shifter' <Latency = 0> <II = 1> <Delay = 1.52> <FuncUnit> <Opcode : 'shl' 'lshr' 'ashr'> <InPorts = 2> <OutPorts = 1>
ST_6 : Operation 150 [1/1] (0.00ns)   --->   "%sext_ln104_7 = sext i7 %sub_ln104_7" [C:\scratch\2024.1\hls_product\545\2024.1\src\shared\hls\clib/hlsmath/include/FloatingPoint\hls_fmod_rem_quo.h:104]   --->   Operation 150 'sext' 'sext_ln104_7' <Predicate = true> <Delay = 0.00>
ST_6 : Operation 151 [1/1] (0.00ns)   --->   "%zext_ln104_12 = zext i32 %sext_ln104_7" [C:\scratch\2024.1\hls_product\545\2024.1\src\shared\hls\clib/hlsmath/include/FloatingPoint\hls_fmod_rem_quo.h:104]   --->   Operation 151 'zext' 'zext_ln104_12' <Predicate = true> <Delay = 0.00>
ST_6 : Operation 152 [1/1] (1.52ns)   --->   "%lshr_ln104_4 = lshr i61 %quo_4, i61 %zext_ln104_12" [C:\scratch\2024.1\hls_product\545\2024.1\src\shared\hls\clib/hlsmath/include/FloatingPoint\hls_fmod_rem_quo.h:104]   --->   Operation 152 'lshr' 'lshr_ln104_4' <Predicate = true> <Delay = 1.52> <CoreInst = "Shifter">   --->   Core 75 'Shifter' <Latency = 0> <II = 1> <Delay = 1.52> <FuncUnit> <Opcode : 'shl' 'lshr' 'ashr'> <InPorts = 2> <OutPorts = 1>
ST_6 : Operation 153 [1/1] (0.00ns)   --->   "%trunc_ln105_6 = trunc i61 %shl_ln104_3" [C:\scratch\2024.1\hls_product\545\2024.1\src\shared\hls\clib/hlsmath/include/FloatingPoint\hls_fmod_rem_quo.h:105]   --->   Operation 153 'trunc' 'trunc_ln105_6' <Predicate = true> <Delay = 0.00>
ST_6 : Operation 154 [1/1] (0.00ns)   --->   "%trunc_ln105_7 = trunc i61 %lshr_ln104_4" [C:\scratch\2024.1\hls_product\545\2024.1\src\shared\hls\clib/hlsmath/include/FloatingPoint\hls_fmod_rem_quo.h:105]   --->   Operation 154 'trunc' 'trunc_ln105_7' <Predicate = true> <Delay = 0.00>
ST_6 : Operation 155 [1/1] (0.32ns)   --->   "%select_ln105_3 = select i1 %tmp_149, i25 %trunc_ln105_6, i25 %trunc_ln105_7" [C:\scratch\2024.1\hls_product\545\2024.1\src\shared\hls\clib/hlsmath/include/FloatingPoint\hls_fmod_rem_quo.h:105]   --->   Operation 155 'select' 'select_ln105_3' <Predicate = true> <Delay = 0.32> <CoreInst = "Sel">   --->   Core 73 'Sel' <Latency = 0> <II = 1> <Delay = 0.32> <FuncUnit> <Opcode : 'select'> <InPorts = 3> <OutPorts = 1>
ST_6 : Operation 156 [1/1] (0.00ns)   --->   "%zext_ln106_4 = zext i24 %r_shN_7" [C:\scratch\2024.1\hls_product\545\2024.1\src\shared\hls\clib/hlsmath/include/FloatingPoint\hls_fmod_rem_quo.h:106]   --->   Operation 156 'zext' 'zext_ln106_4' <Predicate = true> <Delay = 0.00>
ST_6 : Operation 157 [1/1] (0.00ns)   --->   "%zext_ln107_4 = zext i6 %shift_13" [C:\scratch\2024.1\hls_product\545\2024.1\src\shared\hls\clib/hlsmath/include/FloatingPoint\hls_fmod_rem_quo.h:107]   --->   Operation 157 'zext' 'zext_ln107_4' <Predicate = true> <Delay = 0.00>
ST_6 : Operation 158 [1/1] (1.15ns)   --->   "%r_shN_8 = shl i60 %zext_ln106_4, i60 %zext_ln107_4" [C:\scratch\2024.1\hls_product\545\2024.1\src\shared\hls\clib/hlsmath/include/FloatingPoint\hls_fmod_rem_quo.h:107]   --->   Operation 158 'shl' 'r_shN_8' <Predicate = true> <Delay = 1.15> <CoreInst = "Shifter">   --->   Core 75 'Shifter' <Latency = 0> <II = 1> <Delay = 1.52> <FuncUnit> <Opcode : 'shl' 'lshr' 'ashr'> <InPorts = 2> <OutPorts = 1>
ST_6 : Operation 159 [1/1] (0.00ns)   --->   "%trunc_ln108_4 = trunc i60 %r_shN_8" [C:\scratch\2024.1\hls_product\545\2024.1\src\shared\hls\clib/hlsmath/include/FloatingPoint\hls_fmod_rem_quo.h:108]   --->   Operation 159 'trunc' 'trunc_ln108_4' <Predicate = true> <Delay = 0.00>
ST_6 : Operation 160 [1/1] (3.10ns)   --->   "%mul_ln108_4 = mul i25 %select_ln105_3, i25 24526848" [C:\scratch\2024.1\hls_product\545\2024.1\src\shared\hls\clib/hlsmath/include/FloatingPoint\hls_fmod_rem_quo.h:108]   --->   Operation 160 'mul' 'mul_ln108_4' <Predicate = true> <Delay = 3.10> <CoreInst = "Multiplier">   --->   Core 3 'Multiplier' <Latency = 0> <II = 1> <Delay = 3.10> <FuncUnit> <Opcode : 'mul'> <InPorts = 2> <OutPorts = 1>
ST_6 : Operation 161 [1/1] (0.94ns)   --->   "%rem_16 = add i25 %mul_ln108_4, i25 %trunc_ln108_4" [C:\scratch\2024.1\hls_product\545\2024.1\src\shared\hls\clib/hlsmath/include/FloatingPoint\hls_fmod_rem_quo.h:108]   --->   Operation 161 'add' 'rem_16' <Predicate = true> <Delay = 0.94> <CoreInst = "Adder">   --->   Core 1 'Adder' <Latency = 0> <II = 1> <Delay = 0.94> <FuncUnit> <Opcode : 'add' 'sub'> <InPorts = 2> <OutPorts = 1>
ST_6 : Operation 162 [1/1] (0.94ns)   --->   "%icmp_ln109_4 = icmp_ugt  i25 %rem_16, i25 18055167" [C:\scratch\2024.1\hls_product\545\2024.1\src\shared\hls\clib/hlsmath/include/FloatingPoint\hls_fmod_rem_quo.h:109]   --->   Operation 162 'icmp' 'icmp_ln109_4' <Predicate = true> <Delay = 0.94> <CoreInst = "Cmp">   --->   Core 9 'Cmp' <Latency = 0> <II = 1> <Delay = 0.94> <FuncUnit> <Opcode : 'seteq' 'setne' 'setle' 'setge' 'setlt' 'setgt'> <InPorts = 2> <OutPorts = 1>
ST_6 : Operation 163 [1/1] (0.94ns)   --->   "%rem_17 = add i25 %rem_16, i25 15499264" [C:\scratch\2024.1\hls_product\545\2024.1\src\shared\hls\clib/hlsmath/include/FloatingPoint\hls_fmod_rem_quo.h:110]   --->   Operation 163 'add' 'rem_17' <Predicate = true> <Delay = 0.94> <CoreInst = "Adder">   --->   Core 1 'Adder' <Latency = 0> <II = 1> <Delay = 0.94> <FuncUnit> <Opcode : 'add' 'sub'> <InPorts = 2> <OutPorts = 1>
ST_6 : Operation 164 [1/1] (0.32ns)   --->   "%rem_18 = select i1 %icmp_ln109_4, i25 %rem_17, i25 %rem_16" [C:\scratch\2024.1\hls_product\545\2024.1\src\shared\hls\clib/hlsmath/include/FloatingPoint\hls_fmod_rem_quo.h:109]   --->   Operation 164 'select' 'rem_18' <Predicate = true> <Delay = 0.32> <CoreInst = "Sel">   --->   Core 73 'Sel' <Latency = 0> <II = 1> <Delay = 0.32> <FuncUnit> <Opcode : 'select'> <InPorts = 3> <OutPorts = 1>
ST_6 : Operation 165 [1/1] (0.00ns)   --->   "%trunc_ln91_4 = trunc i25 %rem_18" [C:\scratch\2024.1\hls_product\545\2024.1\src\shared\hls\clib/hlsmath/include/FloatingPoint\hls_fmod_rem_quo.h:91]   --->   Operation 165 'trunc' 'trunc_ln91_4' <Predicate = true> <Delay = 0.00>

State 7 <SV = 6> <Delay = 10.7>
ST_7 : Operation 166 [1/1] (0.00ns)   --->   "%sext_ln85_1 = sext i9 %i_3" [C:\scratch\2024.1\hls_product\545\2024.1\src\shared\hls\clib/hlsmath/include/FloatingPoint\hls_fmod_rem_quo.h:85]   --->   Operation 166 'sext' 'sext_ln85_1' <Predicate = true> <Delay = 0.00>
ST_7 : Operation 167 [1/1] (0.94ns)   --->   "%icmp_ln111_4 = icmp_ugt  i25 %rem_18, i25 9027583" [C:\scratch\2024.1\hls_product\545\2024.1\src\shared\hls\clib/hlsmath/include/FloatingPoint\hls_fmod_rem_quo.h:111]   --->   Operation 167 'icmp' 'icmp_ln111_4' <Predicate = true> <Delay = 0.94> <CoreInst = "Cmp">   --->   Core 9 'Cmp' <Latency = 0> <II = 1> <Delay = 0.94> <FuncUnit> <Opcode : 'seteq' 'setne' 'setle' 'setge' 'setlt' 'setgt'> <InPorts = 2> <OutPorts = 1>
ST_7 : Operation 168 [1/1] (0.93ns)   --->   "%rem_19 = add i24 %trunc_ln91_4, i24 7749632" [C:\scratch\2024.1\hls_product\545\2024.1\src\shared\hls\clib/hlsmath/include/FloatingPoint\hls_fmod_rem_quo.h:112]   --->   Operation 168 'add' 'rem_19' <Predicate = true> <Delay = 0.93> <CoreInst = "Adder">   --->   Core 1 'Adder' <Latency = 0> <II = 1> <Delay = 0.93> <FuncUnit> <Opcode : 'add' 'sub'> <InPorts = 2> <OutPorts = 1>
ST_7 : Operation 169 [1/1] (0.32ns)   --->   "%r_shN_9 = select i1 %icmp_ln111_4, i24 %rem_19, i24 %trunc_ln91_4" [C:\scratch\2024.1\hls_product\545\2024.1\src\shared\hls\clib/hlsmath/include/FloatingPoint\hls_fmod_rem_quo.h:111]   --->   Operation 169 'select' 'r_shN_9' <Predicate = true> <Delay = 0.32> <CoreInst = "Sel">   --->   Core 73 'Sel' <Latency = 0> <II = 1> <Delay = 0.32> <FuncUnit> <Opcode : 'select'> <InPorts = 3> <OutPorts = 1>
ST_7 : Operation 170 [1/1] (0.00ns)   --->   "%zext_ln114_4 = zext i6 %shift_13" [C:\scratch\2024.1\hls_product\545\2024.1\src\shared\hls\clib/hlsmath/include/FloatingPoint\hls_fmod_rem_quo.h:114]   --->   Operation 170 'zext' 'zext_ln114_4' <Predicate = true> <Delay = 0.00>
ST_7 : Operation 171 [1/1] (0.77ns)   --->   "%i_4 = sub i10 %sext_ln85_1, i10 %zext_ln114_4" [C:\scratch\2024.1\hls_product\545\2024.1\src\shared\hls\clib/hlsmath/include/FloatingPoint\hls_fmod_rem_quo.h:114]   --->   Operation 171 'sub' 'i_4' <Predicate = true> <Delay = 0.77> <CoreInst = "Adder">   --->   Core 1 'Adder' <Latency = 0> <II = 1> <Delay = 0.78> <FuncUnit> <Opcode : 'add' 'sub'> <InPorts = 2> <OutPorts = 1>
ST_7 : Operation 172 [1/1] (0.78ns)   --->   "%icmp_ln99_5 = icmp_sgt  i10 %i_4, i10 36" [C:\scratch\2024.1\hls_product\545\2024.1\src\shared\hls\clib/hlsmath/include/FloatingPoint\hls_fmod_rem_quo.h:99]   --->   Operation 172 'icmp' 'icmp_ln99_5' <Predicate = true> <Delay = 0.78> <CoreInst = "Cmp">   --->   Core 9 'Cmp' <Latency = 0> <II = 1> <Delay = 0.78> <FuncUnit> <Opcode : 'seteq' 'setne' 'setle' 'setge' 'setlt' 'setgt'> <InPorts = 2> <OutPorts = 1>
ST_7 : Operation 173 [1/1] (0.00ns)   --->   "%shift_14 = trunc i10 %i_4" [C:\scratch\2024.1\hls_product\545\2024.1\src\shared\hls\clib/hlsmath/include/FloatingPoint\hls_fmod_rem_quo.h:102]   --->   Operation 173 'trunc' 'shift_14' <Predicate = true> <Delay = 0.00>
ST_7 : Operation 174 [1/1] (0.38ns)   --->   "%shift_15 = select i1 %icmp_ln99_5, i6 36, i6 %shift_14" [C:\scratch\2024.1\hls_product\545\2024.1\src\shared\hls\clib/hlsmath/include/FloatingPoint\hls_fmod_rem_quo.h:99]   --->   Operation 174 'select' 'shift_15' <Predicate = true> <Delay = 0.38> <CoreInst = "Sel">   --->   Core 73 'Sel' <Latency = 0> <II = 1> <Delay = 0.38> <FuncUnit> <Opcode : 'select'> <InPorts = 3> <OutPorts = 1>
ST_7 : Operation 175 [1/1] (0.00ns)   --->   "%zext_ln103_5 = zext i24 %r_shN_9" [C:\scratch\2024.1\hls_product\545\2024.1\src\shared\hls\clib/hlsmath/include/FloatingPoint\hls_fmod_rem_quo.h:103]   --->   Operation 175 'zext' 'zext_ln103_5' <Predicate = true> <Delay = 0.00>
ST_7 : Operation 176 [1/1] (3.57ns)   --->   "%quo_5 = mul i61 %zext_ln103_5, i61 127710969469" [C:\scratch\2024.1\hls_product\545\2024.1\src\shared\hls\clib/hlsmath/include/FloatingPoint\hls_fmod_rem_quo.h:103]   --->   Operation 176 'mul' 'quo_5' <Predicate = true> <Delay = 3.57> <CoreInst = "Multiplier">   --->   Core 3 'Multiplier' <Latency = 0> <II = 1> <Delay = 3.57> <FuncUnit> <Opcode : 'mul'> <InPorts = 2> <OutPorts = 1>
ST_7 : Operation 177 [1/1] (0.00ns)   --->   "%zext_ln104_13 = zext i6 %shift_15" [C:\scratch\2024.1\hls_product\545\2024.1\src\shared\hls\clib/hlsmath/include/FloatingPoint\hls_fmod_rem_quo.h:104]   --->   Operation 177 'zext' 'zext_ln104_13' <Predicate = true> <Delay = 0.00>
ST_7 : Operation 178 [1/1] (0.77ns)   --->   "%sub_ln104_9 = sub i7 60, i7 %zext_ln104_13" [C:\scratch\2024.1\hls_product\545\2024.1\src\shared\hls\clib/hlsmath/include/FloatingPoint\hls_fmod_rem_quo.h:104]   --->   Operation 178 'sub' 'sub_ln104_9' <Predicate = true> <Delay = 0.77> <CoreInst = "Adder">   --->   Core 1 'Adder' <Latency = 0> <II = 1> <Delay = 0.77> <FuncUnit> <Opcode : 'add' 'sub'> <InPorts = 2> <OutPorts = 1>
ST_7 : Operation 179 [1/1] (0.00ns)   --->   "%tmp_150 = bitselect i1 @_ssdm_op_BitSelect.i1.i7.i32, i7 %sub_ln104_9, i32 6" [C:\scratch\2024.1\hls_product\545\2024.1\src\shared\hls\clib/hlsmath/include/FloatingPoint\hls_fmod_rem_quo.h:104]   --->   Operation 179 'bitselect' 'tmp_150' <Predicate = true> <Delay = 0.00>
ST_7 : Operation 180 [1/1] (0.77ns)   --->   "%sub_ln104_10 = sub i7 0, i7 %sub_ln104_9" [C:\scratch\2024.1\hls_product\545\2024.1\src\shared\hls\clib/hlsmath/include/FloatingPoint\hls_fmod_rem_quo.h:104]   --->   Operation 180 'sub' 'sub_ln104_10' <Predicate = true> <Delay = 0.77> <CoreInst = "Adder">   --->   Core 1 'Adder' <Latency = 0> <II = 1> <Delay = 0.77> <FuncUnit> <Opcode : 'add' 'sub'> <InPorts = 2> <OutPorts = 1>
ST_7 : Operation 181 [1/1] (0.00ns)   --->   "%sext_ln104_8 = sext i7 %sub_ln104_10" [C:\scratch\2024.1\hls_product\545\2024.1\src\shared\hls\clib/hlsmath/include/FloatingPoint\hls_fmod_rem_quo.h:104]   --->   Operation 181 'sext' 'sext_ln104_8' <Predicate = true> <Delay = 0.00>
ST_7 : Operation 182 [1/1] (0.00ns)   --->   "%zext_ln104_14 = zext i32 %sext_ln104_8" [C:\scratch\2024.1\hls_product\545\2024.1\src\shared\hls\clib/hlsmath/include/FloatingPoint\hls_fmod_rem_quo.h:104]   --->   Operation 182 'zext' 'zext_ln104_14' <Predicate = true> <Delay = 0.00>
ST_7 : Operation 183 [1/1] (1.52ns)   --->   "%shl_ln104_4 = shl i61 %quo_5, i61 %zext_ln104_14" [C:\scratch\2024.1\hls_product\545\2024.1\src\shared\hls\clib/hlsmath/include/FloatingPoint\hls_fmod_rem_quo.h:104]   --->   Operation 183 'shl' 'shl_ln104_4' <Predicate = true> <Delay = 1.52> <CoreInst = "Shifter">   --->   Core 75 'Shifter' <Latency = 0> <II = 1> <Delay = 1.52> <FuncUnit> <Opcode : 'shl' 'lshr' 'ashr'> <InPorts = 2> <OutPorts = 1>
ST_7 : Operation 184 [1/1] (0.00ns)   --->   "%sext_ln104_9 = sext i7 %sub_ln104_9" [C:\scratch\2024.1\hls_product\545\2024.1\src\shared\hls\clib/hlsmath/include/FloatingPoint\hls_fmod_rem_quo.h:104]   --->   Operation 184 'sext' 'sext_ln104_9' <Predicate = true> <Delay = 0.00>
ST_7 : Operation 185 [1/1] (0.00ns)   --->   "%zext_ln104_15 = zext i32 %sext_ln104_9" [C:\scratch\2024.1\hls_product\545\2024.1\src\shared\hls\clib/hlsmath/include/FloatingPoint\hls_fmod_rem_quo.h:104]   --->   Operation 185 'zext' 'zext_ln104_15' <Predicate = true> <Delay = 0.00>
ST_7 : Operation 186 [1/1] (1.52ns)   --->   "%lshr_ln104_5 = lshr i61 %quo_5, i61 %zext_ln104_15" [C:\scratch\2024.1\hls_product\545\2024.1\src\shared\hls\clib/hlsmath/include/FloatingPoint\hls_fmod_rem_quo.h:104]   --->   Operation 186 'lshr' 'lshr_ln104_5' <Predicate = true> <Delay = 1.52> <CoreInst = "Shifter">   --->   Core 75 'Shifter' <Latency = 0> <II = 1> <Delay = 1.52> <FuncUnit> <Opcode : 'shl' 'lshr' 'ashr'> <InPorts = 2> <OutPorts = 1>
ST_7 : Operation 187 [1/1] (0.00ns)   --->   "%trunc_ln105_8 = trunc i61 %shl_ln104_4" [C:\scratch\2024.1\hls_product\545\2024.1\src\shared\hls\clib/hlsmath/include/FloatingPoint\hls_fmod_rem_quo.h:105]   --->   Operation 187 'trunc' 'trunc_ln105_8' <Predicate = true> <Delay = 0.00>
ST_7 : Operation 188 [1/1] (0.00ns)   --->   "%trunc_ln105_9 = trunc i61 %lshr_ln104_5" [C:\scratch\2024.1\hls_product\545\2024.1\src\shared\hls\clib/hlsmath/include/FloatingPoint\hls_fmod_rem_quo.h:105]   --->   Operation 188 'trunc' 'trunc_ln105_9' <Predicate = true> <Delay = 0.00>
ST_7 : Operation 189 [1/1] (0.32ns)   --->   "%select_ln105_4 = select i1 %tmp_150, i25 %trunc_ln105_8, i25 %trunc_ln105_9" [C:\scratch\2024.1\hls_product\545\2024.1\src\shared\hls\clib/hlsmath/include/FloatingPoint\hls_fmod_rem_quo.h:105]   --->   Operation 189 'select' 'select_ln105_4' <Predicate = true> <Delay = 0.32> <CoreInst = "Sel">   --->   Core 73 'Sel' <Latency = 0> <II = 1> <Delay = 0.32> <FuncUnit> <Opcode : 'select'> <InPorts = 3> <OutPorts = 1>
ST_7 : Operation 190 [1/1] (0.00ns)   --->   "%zext_ln106_5 = zext i24 %r_shN_9" [C:\scratch\2024.1\hls_product\545\2024.1\src\shared\hls\clib/hlsmath/include/FloatingPoint\hls_fmod_rem_quo.h:106]   --->   Operation 190 'zext' 'zext_ln106_5' <Predicate = true> <Delay = 0.00>
ST_7 : Operation 191 [1/1] (0.00ns)   --->   "%zext_ln107_5 = zext i6 %shift_15" [C:\scratch\2024.1\hls_product\545\2024.1\src\shared\hls\clib/hlsmath/include/FloatingPoint\hls_fmod_rem_quo.h:107]   --->   Operation 191 'zext' 'zext_ln107_5' <Predicate = true> <Delay = 0.00>
ST_7 : Operation 192 [1/1] (1.15ns)   --->   "%r_shN_10 = shl i60 %zext_ln106_5, i60 %zext_ln107_5" [C:\scratch\2024.1\hls_product\545\2024.1\src\shared\hls\clib/hlsmath/include/FloatingPoint\hls_fmod_rem_quo.h:107]   --->   Operation 192 'shl' 'r_shN_10' <Predicate = true> <Delay = 1.15> <CoreInst = "Shifter">   --->   Core 75 'Shifter' <Latency = 0> <II = 1> <Delay = 1.52> <FuncUnit> <Opcode : 'shl' 'lshr' 'ashr'> <InPorts = 2> <OutPorts = 1>
ST_7 : Operation 193 [1/1] (0.00ns)   --->   "%trunc_ln108_5 = trunc i60 %r_shN_10" [C:\scratch\2024.1\hls_product\545\2024.1\src\shared\hls\clib/hlsmath/include/FloatingPoint\hls_fmod_rem_quo.h:108]   --->   Operation 193 'trunc' 'trunc_ln108_5' <Predicate = true> <Delay = 0.00>
ST_7 : Operation 194 [1/1] (3.10ns)   --->   "%mul_ln108_5 = mul i25 %select_ln105_4, i25 24526848" [C:\scratch\2024.1\hls_product\545\2024.1\src\shared\hls\clib/hlsmath/include/FloatingPoint\hls_fmod_rem_quo.h:108]   --->   Operation 194 'mul' 'mul_ln108_5' <Predicate = true> <Delay = 3.10> <CoreInst = "Multiplier">   --->   Core 3 'Multiplier' <Latency = 0> <II = 1> <Delay = 3.10> <FuncUnit> <Opcode : 'mul'> <InPorts = 2> <OutPorts = 1>
ST_7 : Operation 195 [1/1] (0.94ns)   --->   "%rem_20 = add i25 %mul_ln108_5, i25 %trunc_ln108_5" [C:\scratch\2024.1\hls_product\545\2024.1\src\shared\hls\clib/hlsmath/include/FloatingPoint\hls_fmod_rem_quo.h:108]   --->   Operation 195 'add' 'rem_20' <Predicate = true> <Delay = 0.94> <CoreInst = "Adder">   --->   Core 1 'Adder' <Latency = 0> <II = 1> <Delay = 0.94> <FuncUnit> <Opcode : 'add' 'sub'> <InPorts = 2> <OutPorts = 1>
ST_7 : Operation 196 [1/1] (0.00ns)   --->   "%zext_ln114_5 = zext i6 %shift_15" [C:\scratch\2024.1\hls_product\545\2024.1\src\shared\hls\clib/hlsmath/include/FloatingPoint\hls_fmod_rem_quo.h:114]   --->   Operation 196 'zext' 'zext_ln114_5' <Predicate = true> <Delay = 0.00>
ST_7 : Operation 197 [1/1] (0.78ns)   --->   "%i_5 = sub i10 %i_4, i10 %zext_ln114_5" [C:\scratch\2024.1\hls_product\545\2024.1\src\shared\hls\clib/hlsmath/include/FloatingPoint\hls_fmod_rem_quo.h:114]   --->   Operation 197 'sub' 'i_5' <Predicate = true> <Delay = 0.78> <CoreInst = "Adder">   --->   Core 1 'Adder' <Latency = 0> <II = 1> <Delay = 0.78> <FuncUnit> <Opcode : 'add' 'sub'> <InPorts = 2> <OutPorts = 1>
ST_7 : Operation 198 [1/1] (0.78ns)   --->   "%icmp_ln99_6 = icmp_sgt  i10 %i_5, i10 36" [C:\scratch\2024.1\hls_product\545\2024.1\src\shared\hls\clib/hlsmath/include/FloatingPoint\hls_fmod_rem_quo.h:99]   --->   Operation 198 'icmp' 'icmp_ln99_6' <Predicate = true> <Delay = 0.78> <CoreInst = "Cmp">   --->   Core 9 'Cmp' <Latency = 0> <II = 1> <Delay = 0.78> <FuncUnit> <Opcode : 'seteq' 'setne' 'setle' 'setge' 'setlt' 'setgt'> <InPorts = 2> <OutPorts = 1>
ST_7 : Operation 199 [1/1] (0.00ns)   --->   "%shift_16 = trunc i10 %i_5" [C:\scratch\2024.1\hls_product\545\2024.1\src\shared\hls\clib/hlsmath/include/FloatingPoint\hls_fmod_rem_quo.h:102]   --->   Operation 199 'trunc' 'shift_16' <Predicate = true> <Delay = 0.00>
ST_7 : Operation 200 [1/1] (0.38ns)   --->   "%shift_17 = select i1 %icmp_ln99_6, i6 36, i6 %shift_16" [C:\scratch\2024.1\hls_product\545\2024.1\src\shared\hls\clib/hlsmath/include/FloatingPoint\hls_fmod_rem_quo.h:99]   --->   Operation 200 'select' 'shift_17' <Predicate = true> <Delay = 0.38> <CoreInst = "Sel">   --->   Core 73 'Sel' <Latency = 0> <II = 1> <Delay = 0.38> <FuncUnit> <Opcode : 'select'> <InPorts = 3> <OutPorts = 1>
ST_7 : Operation 201 [1/1] (0.00ns)   --->   "%zext_ln114_6 = zext i6 %shift_17" [C:\scratch\2024.1\hls_product\545\2024.1\src\shared\hls\clib/hlsmath/include/FloatingPoint\hls_fmod_rem_quo.h:114]   --->   Operation 201 'zext' 'zext_ln114_6' <Predicate = true> <Delay = 0.00>
ST_7 : Operation 202 [1/1] (0.78ns)   --->   "%i_6 = sub i10 %i_5, i10 %zext_ln114_6" [C:\scratch\2024.1\hls_product\545\2024.1\src\shared\hls\clib/hlsmath/include/FloatingPoint\hls_fmod_rem_quo.h:114]   --->   Operation 202 'sub' 'i_6' <Predicate = true> <Delay = 0.78> <CoreInst = "Adder">   --->   Core 1 'Adder' <Latency = 0> <II = 1> <Delay = 0.78> <FuncUnit> <Opcode : 'add' 'sub'> <InPorts = 2> <OutPorts = 1>
ST_7 : Operation 203 [1/1] (0.78ns)   --->   "%icmp_ln99_7 = icmp_sgt  i10 %i_6, i10 36" [C:\scratch\2024.1\hls_product\545\2024.1\src\shared\hls\clib/hlsmath/include/FloatingPoint\hls_fmod_rem_quo.h:99]   --->   Operation 203 'icmp' 'icmp_ln99_7' <Predicate = true> <Delay = 0.78> <CoreInst = "Cmp">   --->   Core 9 'Cmp' <Latency = 0> <II = 1> <Delay = 0.78> <FuncUnit> <Opcode : 'seteq' 'setne' 'setle' 'setge' 'setlt' 'setgt'> <InPorts = 2> <OutPorts = 1>
ST_7 : Operation 204 [1/1] (0.00ns)   --->   "%shift_18 = trunc i10 %i_6" [C:\scratch\2024.1\hls_product\545\2024.1\src\shared\hls\clib/hlsmath/include/FloatingPoint\hls_fmod_rem_quo.h:102]   --->   Operation 204 'trunc' 'shift_18' <Predicate = true> <Delay = 0.00>
ST_7 : Operation 205 [1/1] (0.38ns)   --->   "%shift_19 = select i1 %icmp_ln99_7, i6 36, i6 %shift_18" [C:\scratch\2024.1\hls_product\545\2024.1\src\shared\hls\clib/hlsmath/include/FloatingPoint\hls_fmod_rem_quo.h:99]   --->   Operation 205 'select' 'shift_19' <Predicate = true> <Delay = 0.38> <CoreInst = "Sel">   --->   Core 73 'Sel' <Latency = 0> <II = 1> <Delay = 0.38> <FuncUnit> <Opcode : 'select'> <InPorts = 3> <OutPorts = 1>

State 8 <SV = 7> <Delay = 7.95>
ST_8 : Operation 206 [1/1] (0.94ns)   --->   "%icmp_ln109_5 = icmp_ugt  i25 %rem_20, i25 18055167" [C:\scratch\2024.1\hls_product\545\2024.1\src\shared\hls\clib/hlsmath/include/FloatingPoint\hls_fmod_rem_quo.h:109]   --->   Operation 206 'icmp' 'icmp_ln109_5' <Predicate = true> <Delay = 0.94> <CoreInst = "Cmp">   --->   Core 9 'Cmp' <Latency = 0> <II = 1> <Delay = 0.94> <FuncUnit> <Opcode : 'seteq' 'setne' 'setle' 'setge' 'setlt' 'setgt'> <InPorts = 2> <OutPorts = 1>
ST_8 : Operation 207 [1/1] (0.94ns)   --->   "%rem_21 = add i25 %rem_20, i25 15499264" [C:\scratch\2024.1\hls_product\545\2024.1\src\shared\hls\clib/hlsmath/include/FloatingPoint\hls_fmod_rem_quo.h:110]   --->   Operation 207 'add' 'rem_21' <Predicate = true> <Delay = 0.94> <CoreInst = "Adder">   --->   Core 1 'Adder' <Latency = 0> <II = 1> <Delay = 0.94> <FuncUnit> <Opcode : 'add' 'sub'> <InPorts = 2> <OutPorts = 1>
ST_8 : Operation 208 [1/1] (0.32ns)   --->   "%rem_22 = select i1 %icmp_ln109_5, i25 %rem_21, i25 %rem_20" [C:\scratch\2024.1\hls_product\545\2024.1\src\shared\hls\clib/hlsmath/include/FloatingPoint\hls_fmod_rem_quo.h:109]   --->   Operation 208 'select' 'rem_22' <Predicate = true> <Delay = 0.32> <CoreInst = "Sel">   --->   Core 73 'Sel' <Latency = 0> <II = 1> <Delay = 0.32> <FuncUnit> <Opcode : 'select'> <InPorts = 3> <OutPorts = 1>
ST_8 : Operation 209 [1/1] (0.00ns)   --->   "%trunc_ln91_5 = trunc i25 %rem_22" [C:\scratch\2024.1\hls_product\545\2024.1\src\shared\hls\clib/hlsmath/include/FloatingPoint\hls_fmod_rem_quo.h:91]   --->   Operation 209 'trunc' 'trunc_ln91_5' <Predicate = true> <Delay = 0.00>
ST_8 : Operation 210 [1/1] (0.94ns)   --->   "%icmp_ln111_5 = icmp_ugt  i25 %rem_22, i25 9027583" [C:\scratch\2024.1\hls_product\545\2024.1\src\shared\hls\clib/hlsmath/include/FloatingPoint\hls_fmod_rem_quo.h:111]   --->   Operation 210 'icmp' 'icmp_ln111_5' <Predicate = true> <Delay = 0.94> <CoreInst = "Cmp">   --->   Core 9 'Cmp' <Latency = 0> <II = 1> <Delay = 0.94> <FuncUnit> <Opcode : 'seteq' 'setne' 'setle' 'setge' 'setlt' 'setgt'> <InPorts = 2> <OutPorts = 1>
ST_8 : Operation 211 [1/1] (0.93ns)   --->   "%rem_23 = add i24 %trunc_ln91_5, i24 7749632" [C:\scratch\2024.1\hls_product\545\2024.1\src\shared\hls\clib/hlsmath/include/FloatingPoint\hls_fmod_rem_quo.h:112]   --->   Operation 211 'add' 'rem_23' <Predicate = true> <Delay = 0.93> <CoreInst = "Adder">   --->   Core 1 'Adder' <Latency = 0> <II = 1> <Delay = 0.93> <FuncUnit> <Opcode : 'add' 'sub'> <InPorts = 2> <OutPorts = 1>
ST_8 : Operation 212 [1/1] (0.32ns)   --->   "%r_shN_11 = select i1 %icmp_ln111_5, i24 %rem_23, i24 %trunc_ln91_5" [C:\scratch\2024.1\hls_product\545\2024.1\src\shared\hls\clib/hlsmath/include/FloatingPoint\hls_fmod_rem_quo.h:111]   --->   Operation 212 'select' 'r_shN_11' <Predicate = true> <Delay = 0.32> <CoreInst = "Sel">   --->   Core 73 'Sel' <Latency = 0> <II = 1> <Delay = 0.32> <FuncUnit> <Opcode : 'select'> <InPorts = 3> <OutPorts = 1>
ST_8 : Operation 213 [1/1] (0.00ns)   --->   "%zext_ln103_6 = zext i24 %r_shN_11" [C:\scratch\2024.1\hls_product\545\2024.1\src\shared\hls\clib/hlsmath/include/FloatingPoint\hls_fmod_rem_quo.h:103]   --->   Operation 213 'zext' 'zext_ln103_6' <Predicate = true> <Delay = 0.00>
ST_8 : Operation 214 [1/1] (3.57ns)   --->   "%quo_6 = mul i61 %zext_ln103_6, i61 127710969469" [C:\scratch\2024.1\hls_product\545\2024.1\src\shared\hls\clib/hlsmath/include/FloatingPoint\hls_fmod_rem_quo.h:103]   --->   Operation 214 'mul' 'quo_6' <Predicate = true> <Delay = 3.57> <CoreInst = "Multiplier">   --->   Core 3 'Multiplier' <Latency = 0> <II = 1> <Delay = 3.57> <FuncUnit> <Opcode : 'mul'> <InPorts = 2> <OutPorts = 1>
ST_8 : Operation 215 [1/1] (0.00ns)   --->   "%zext_ln104_16 = zext i6 %shift_17" [C:\scratch\2024.1\hls_product\545\2024.1\src\shared\hls\clib/hlsmath/include/FloatingPoint\hls_fmod_rem_quo.h:104]   --->   Operation 215 'zext' 'zext_ln104_16' <Predicate = true> <Delay = 0.00>
ST_8 : Operation 216 [1/1] (0.77ns)   --->   "%sub_ln104_11 = sub i7 60, i7 %zext_ln104_16" [C:\scratch\2024.1\hls_product\545\2024.1\src\shared\hls\clib/hlsmath/include/FloatingPoint\hls_fmod_rem_quo.h:104]   --->   Operation 216 'sub' 'sub_ln104_11' <Predicate = true> <Delay = 0.77> <CoreInst = "Adder">   --->   Core 1 'Adder' <Latency = 0> <II = 1> <Delay = 0.77> <FuncUnit> <Opcode : 'add' 'sub'> <InPorts = 2> <OutPorts = 1>
ST_8 : Operation 217 [1/1] (0.00ns)   --->   "%tmp_151 = bitselect i1 @_ssdm_op_BitSelect.i1.i7.i32, i7 %sub_ln104_11, i32 6" [C:\scratch\2024.1\hls_product\545\2024.1\src\shared\hls\clib/hlsmath/include/FloatingPoint\hls_fmod_rem_quo.h:104]   --->   Operation 217 'bitselect' 'tmp_151' <Predicate = true> <Delay = 0.00>
ST_8 : Operation 218 [1/1] (0.77ns)   --->   "%sub_ln104_12 = sub i7 0, i7 %sub_ln104_11" [C:\scratch\2024.1\hls_product\545\2024.1\src\shared\hls\clib/hlsmath/include/FloatingPoint\hls_fmod_rem_quo.h:104]   --->   Operation 218 'sub' 'sub_ln104_12' <Predicate = true> <Delay = 0.77> <CoreInst = "Adder">   --->   Core 1 'Adder' <Latency = 0> <II = 1> <Delay = 0.77> <FuncUnit> <Opcode : 'add' 'sub'> <InPorts = 2> <OutPorts = 1>
ST_8 : Operation 219 [1/1] (0.00ns)   --->   "%sext_ln104_10 = sext i7 %sub_ln104_12" [C:\scratch\2024.1\hls_product\545\2024.1\src\shared\hls\clib/hlsmath/include/FloatingPoint\hls_fmod_rem_quo.h:104]   --->   Operation 219 'sext' 'sext_ln104_10' <Predicate = true> <Delay = 0.00>
ST_8 : Operation 220 [1/1] (0.00ns)   --->   "%zext_ln104_17 = zext i32 %sext_ln104_10" [C:\scratch\2024.1\hls_product\545\2024.1\src\shared\hls\clib/hlsmath/include/FloatingPoint\hls_fmod_rem_quo.h:104]   --->   Operation 220 'zext' 'zext_ln104_17' <Predicate = true> <Delay = 0.00>
ST_8 : Operation 221 [1/1] (1.52ns)   --->   "%shl_ln104_5 = shl i61 %quo_6, i61 %zext_ln104_17" [C:\scratch\2024.1\hls_product\545\2024.1\src\shared\hls\clib/hlsmath/include/FloatingPoint\hls_fmod_rem_quo.h:104]   --->   Operation 221 'shl' 'shl_ln104_5' <Predicate = true> <Delay = 1.52> <CoreInst = "Shifter">   --->   Core 75 'Shifter' <Latency = 0> <II = 1> <Delay = 1.52> <FuncUnit> <Opcode : 'shl' 'lshr' 'ashr'> <InPorts = 2> <OutPorts = 1>
ST_8 : Operation 222 [1/1] (0.00ns)   --->   "%sext_ln104_11 = sext i7 %sub_ln104_11" [C:\scratch\2024.1\hls_product\545\2024.1\src\shared\hls\clib/hlsmath/include/FloatingPoint\hls_fmod_rem_quo.h:104]   --->   Operation 222 'sext' 'sext_ln104_11' <Predicate = true> <Delay = 0.00>
ST_8 : Operation 223 [1/1] (0.00ns)   --->   "%zext_ln104_18 = zext i32 %sext_ln104_11" [C:\scratch\2024.1\hls_product\545\2024.1\src\shared\hls\clib/hlsmath/include/FloatingPoint\hls_fmod_rem_quo.h:104]   --->   Operation 223 'zext' 'zext_ln104_18' <Predicate = true> <Delay = 0.00>
ST_8 : Operation 224 [1/1] (1.52ns)   --->   "%lshr_ln104_6 = lshr i61 %quo_6, i61 %zext_ln104_18" [C:\scratch\2024.1\hls_product\545\2024.1\src\shared\hls\clib/hlsmath/include/FloatingPoint\hls_fmod_rem_quo.h:104]   --->   Operation 224 'lshr' 'lshr_ln104_6' <Predicate = true> <Delay = 1.52> <CoreInst = "Shifter">   --->   Core 75 'Shifter' <Latency = 0> <II = 1> <Delay = 1.52> <FuncUnit> <Opcode : 'shl' 'lshr' 'ashr'> <InPorts = 2> <OutPorts = 1>
ST_8 : Operation 225 [1/1] (0.00ns)   --->   "%trunc_ln105_10 = trunc i61 %shl_ln104_5" [C:\scratch\2024.1\hls_product\545\2024.1\src\shared\hls\clib/hlsmath/include/FloatingPoint\hls_fmod_rem_quo.h:105]   --->   Operation 225 'trunc' 'trunc_ln105_10' <Predicate = true> <Delay = 0.00>
ST_8 : Operation 226 [1/1] (0.00ns)   --->   "%trunc_ln105_11 = trunc i61 %lshr_ln104_6" [C:\scratch\2024.1\hls_product\545\2024.1\src\shared\hls\clib/hlsmath/include/FloatingPoint\hls_fmod_rem_quo.h:105]   --->   Operation 226 'trunc' 'trunc_ln105_11' <Predicate = true> <Delay = 0.00>
ST_8 : Operation 227 [1/1] (0.32ns)   --->   "%select_ln105_5 = select i1 %tmp_151, i25 %trunc_ln105_10, i25 %trunc_ln105_11" [C:\scratch\2024.1\hls_product\545\2024.1\src\shared\hls\clib/hlsmath/include/FloatingPoint\hls_fmod_rem_quo.h:105]   --->   Operation 227 'select' 'select_ln105_5' <Predicate = true> <Delay = 0.32> <CoreInst = "Sel">   --->   Core 73 'Sel' <Latency = 0> <II = 1> <Delay = 0.32> <FuncUnit> <Opcode : 'select'> <InPorts = 3> <OutPorts = 1>
ST_8 : Operation 228 [1/1] (0.00ns)   --->   "%zext_ln106_6 = zext i24 %r_shN_11" [C:\scratch\2024.1\hls_product\545\2024.1\src\shared\hls\clib/hlsmath/include/FloatingPoint\hls_fmod_rem_quo.h:106]   --->   Operation 228 'zext' 'zext_ln106_6' <Predicate = true> <Delay = 0.00>
ST_8 : Operation 229 [1/1] (0.00ns)   --->   "%zext_ln107_6 = zext i6 %shift_17" [C:\scratch\2024.1\hls_product\545\2024.1\src\shared\hls\clib/hlsmath/include/FloatingPoint\hls_fmod_rem_quo.h:107]   --->   Operation 229 'zext' 'zext_ln107_6' <Predicate = true> <Delay = 0.00>
ST_8 : Operation 230 [1/1] (1.15ns)   --->   "%r_shN_12 = shl i60 %zext_ln106_6, i60 %zext_ln107_6" [C:\scratch\2024.1\hls_product\545\2024.1\src\shared\hls\clib/hlsmath/include/FloatingPoint\hls_fmod_rem_quo.h:107]   --->   Operation 230 'shl' 'r_shN_12' <Predicate = true> <Delay = 1.15> <CoreInst = "Shifter">   --->   Core 75 'Shifter' <Latency = 0> <II = 1> <Delay = 1.52> <FuncUnit> <Opcode : 'shl' 'lshr' 'ashr'> <InPorts = 2> <OutPorts = 1>
ST_8 : Operation 231 [1/1] (0.00ns)   --->   "%trunc_ln108_6 = trunc i60 %r_shN_12" [C:\scratch\2024.1\hls_product\545\2024.1\src\shared\hls\clib/hlsmath/include/FloatingPoint\hls_fmod_rem_quo.h:108]   --->   Operation 231 'trunc' 'trunc_ln108_6' <Predicate = true> <Delay = 0.00>

State 9 <SV = 8> <Delay = 10.1>
ST_9 : Operation 232 [1/1] (3.10ns)   --->   "%mul_ln108_6 = mul i25 %select_ln105_5, i25 24526848" [C:\scratch\2024.1\hls_product\545\2024.1\src\shared\hls\clib/hlsmath/include/FloatingPoint\hls_fmod_rem_quo.h:108]   --->   Operation 232 'mul' 'mul_ln108_6' <Predicate = true> <Delay = 3.10> <CoreInst = "Multiplier">   --->   Core 3 'Multiplier' <Latency = 0> <II = 1> <Delay = 3.10> <FuncUnit> <Opcode : 'mul'> <InPorts = 2> <OutPorts = 1>
ST_9 : Operation 233 [1/1] (0.94ns)   --->   "%rem_24 = add i25 %mul_ln108_6, i25 %trunc_ln108_6" [C:\scratch\2024.1\hls_product\545\2024.1\src\shared\hls\clib/hlsmath/include/FloatingPoint\hls_fmod_rem_quo.h:108]   --->   Operation 233 'add' 'rem_24' <Predicate = true> <Delay = 0.94> <CoreInst = "Adder">   --->   Core 1 'Adder' <Latency = 0> <II = 1> <Delay = 0.94> <FuncUnit> <Opcode : 'add' 'sub'> <InPorts = 2> <OutPorts = 1>
ST_9 : Operation 234 [1/1] (0.94ns)   --->   "%icmp_ln109_6 = icmp_ugt  i25 %rem_24, i25 18055167" [C:\scratch\2024.1\hls_product\545\2024.1\src\shared\hls\clib/hlsmath/include/FloatingPoint\hls_fmod_rem_quo.h:109]   --->   Operation 234 'icmp' 'icmp_ln109_6' <Predicate = true> <Delay = 0.94> <CoreInst = "Cmp">   --->   Core 9 'Cmp' <Latency = 0> <II = 1> <Delay = 0.94> <FuncUnit> <Opcode : 'seteq' 'setne' 'setle' 'setge' 'setlt' 'setgt'> <InPorts = 2> <OutPorts = 1>
ST_9 : Operation 235 [1/1] (0.94ns)   --->   "%rem_25 = add i25 %rem_24, i25 15499264" [C:\scratch\2024.1\hls_product\545\2024.1\src\shared\hls\clib/hlsmath/include/FloatingPoint\hls_fmod_rem_quo.h:110]   --->   Operation 235 'add' 'rem_25' <Predicate = true> <Delay = 0.94> <CoreInst = "Adder">   --->   Core 1 'Adder' <Latency = 0> <II = 1> <Delay = 0.94> <FuncUnit> <Opcode : 'add' 'sub'> <InPorts = 2> <OutPorts = 1>
ST_9 : Operation 236 [1/1] (0.32ns)   --->   "%rem_26 = select i1 %icmp_ln109_6, i25 %rem_25, i25 %rem_24" [C:\scratch\2024.1\hls_product\545\2024.1\src\shared\hls\clib/hlsmath/include/FloatingPoint\hls_fmod_rem_quo.h:109]   --->   Operation 236 'select' 'rem_26' <Predicate = true> <Delay = 0.32> <CoreInst = "Sel">   --->   Core 73 'Sel' <Latency = 0> <II = 1> <Delay = 0.32> <FuncUnit> <Opcode : 'select'> <InPorts = 3> <OutPorts = 1>
ST_9 : Operation 237 [1/1] (0.00ns)   --->   "%trunc_ln91_6 = trunc i25 %rem_26" [C:\scratch\2024.1\hls_product\545\2024.1\src\shared\hls\clib/hlsmath/include/FloatingPoint\hls_fmod_rem_quo.h:91]   --->   Operation 237 'trunc' 'trunc_ln91_6' <Predicate = true> <Delay = 0.00>
ST_9 : Operation 238 [1/1] (0.94ns)   --->   "%icmp_ln111_6 = icmp_ugt  i25 %rem_26, i25 9027583" [C:\scratch\2024.1\hls_product\545\2024.1\src\shared\hls\clib/hlsmath/include/FloatingPoint\hls_fmod_rem_quo.h:111]   --->   Operation 238 'icmp' 'icmp_ln111_6' <Predicate = true> <Delay = 0.94> <CoreInst = "Cmp">   --->   Core 9 'Cmp' <Latency = 0> <II = 1> <Delay = 0.94> <FuncUnit> <Opcode : 'seteq' 'setne' 'setle' 'setge' 'setlt' 'setgt'> <InPorts = 2> <OutPorts = 1>
ST_9 : Operation 239 [1/1] (0.93ns)   --->   "%rem_27 = add i24 %trunc_ln91_6, i24 7749632" [C:\scratch\2024.1\hls_product\545\2024.1\src\shared\hls\clib/hlsmath/include/FloatingPoint\hls_fmod_rem_quo.h:112]   --->   Operation 239 'add' 'rem_27' <Predicate = true> <Delay = 0.93> <CoreInst = "Adder">   --->   Core 1 'Adder' <Latency = 0> <II = 1> <Delay = 0.93> <FuncUnit> <Opcode : 'add' 'sub'> <InPorts = 2> <OutPorts = 1>
ST_9 : Operation 240 [1/1] (0.32ns)   --->   "%r_shN_13 = select i1 %icmp_ln111_6, i24 %rem_27, i24 %trunc_ln91_6" [C:\scratch\2024.1\hls_product\545\2024.1\src\shared\hls\clib/hlsmath/include/FloatingPoint\hls_fmod_rem_quo.h:111]   --->   Operation 240 'select' 'r_shN_13' <Predicate = true> <Delay = 0.32> <CoreInst = "Sel">   --->   Core 73 'Sel' <Latency = 0> <II = 1> <Delay = 0.32> <FuncUnit> <Opcode : 'select'> <InPorts = 3> <OutPorts = 1>
ST_9 : Operation 241 [1/1] (0.00ns)   --->   "%zext_ln103_7 = zext i24 %r_shN_13" [C:\scratch\2024.1\hls_product\545\2024.1\src\shared\hls\clib/hlsmath/include/FloatingPoint\hls_fmod_rem_quo.h:103]   --->   Operation 241 'zext' 'zext_ln103_7' <Predicate = true> <Delay = 0.00>
ST_9 : Operation 242 [1/1] (3.57ns)   --->   "%quo_7 = mul i61 %zext_ln103_7, i61 127710969469" [C:\scratch\2024.1\hls_product\545\2024.1\src\shared\hls\clib/hlsmath/include/FloatingPoint\hls_fmod_rem_quo.h:103]   --->   Operation 242 'mul' 'quo_7' <Predicate = true> <Delay = 3.57> <CoreInst = "Multiplier">   --->   Core 3 'Multiplier' <Latency = 0> <II = 1> <Delay = 3.57> <FuncUnit> <Opcode : 'mul'> <InPorts = 2> <OutPorts = 1>

State 10 <SV = 9> <Delay = 9.97>
ST_10 : Operation 243 [1/1] (0.00ns)   --->   "%zext_ln104_19 = zext i6 %shift_19" [C:\scratch\2024.1\hls_product\545\2024.1\src\shared\hls\clib/hlsmath/include/FloatingPoint\hls_fmod_rem_quo.h:104]   --->   Operation 243 'zext' 'zext_ln104_19' <Predicate = true> <Delay = 0.00>
ST_10 : Operation 244 [1/1] (0.77ns)   --->   "%sub_ln104_13 = sub i7 60, i7 %zext_ln104_19" [C:\scratch\2024.1\hls_product\545\2024.1\src\shared\hls\clib/hlsmath/include/FloatingPoint\hls_fmod_rem_quo.h:104]   --->   Operation 244 'sub' 'sub_ln104_13' <Predicate = true> <Delay = 0.77> <CoreInst = "Adder">   --->   Core 1 'Adder' <Latency = 0> <II = 1> <Delay = 0.77> <FuncUnit> <Opcode : 'add' 'sub'> <InPorts = 2> <OutPorts = 1>
ST_10 : Operation 245 [1/1] (0.00ns)   --->   "%tmp_152 = bitselect i1 @_ssdm_op_BitSelect.i1.i7.i32, i7 %sub_ln104_13, i32 6" [C:\scratch\2024.1\hls_product\545\2024.1\src\shared\hls\clib/hlsmath/include/FloatingPoint\hls_fmod_rem_quo.h:104]   --->   Operation 245 'bitselect' 'tmp_152' <Predicate = true> <Delay = 0.00>
ST_10 : Operation 246 [1/1] (0.77ns)   --->   "%sub_ln104_14 = sub i7 0, i7 %sub_ln104_13" [C:\scratch\2024.1\hls_product\545\2024.1\src\shared\hls\clib/hlsmath/include/FloatingPoint\hls_fmod_rem_quo.h:104]   --->   Operation 246 'sub' 'sub_ln104_14' <Predicate = true> <Delay = 0.77> <CoreInst = "Adder">   --->   Core 1 'Adder' <Latency = 0> <II = 1> <Delay = 0.77> <FuncUnit> <Opcode : 'add' 'sub'> <InPorts = 2> <OutPorts = 1>
ST_10 : Operation 247 [1/1] (0.00ns)   --->   "%sext_ln104_12 = sext i7 %sub_ln104_14" [C:\scratch\2024.1\hls_product\545\2024.1\src\shared\hls\clib/hlsmath/include/FloatingPoint\hls_fmod_rem_quo.h:104]   --->   Operation 247 'sext' 'sext_ln104_12' <Predicate = true> <Delay = 0.00>
ST_10 : Operation 248 [1/1] (0.00ns)   --->   "%zext_ln104_20 = zext i32 %sext_ln104_12" [C:\scratch\2024.1\hls_product\545\2024.1\src\shared\hls\clib/hlsmath/include/FloatingPoint\hls_fmod_rem_quo.h:104]   --->   Operation 248 'zext' 'zext_ln104_20' <Predicate = true> <Delay = 0.00>
ST_10 : Operation 249 [1/1] (1.52ns)   --->   "%shl_ln104_6 = shl i61 %quo_7, i61 %zext_ln104_20" [C:\scratch\2024.1\hls_product\545\2024.1\src\shared\hls\clib/hlsmath/include/FloatingPoint\hls_fmod_rem_quo.h:104]   --->   Operation 249 'shl' 'shl_ln104_6' <Predicate = true> <Delay = 1.52> <CoreInst = "Shifter">   --->   Core 75 'Shifter' <Latency = 0> <II = 1> <Delay = 1.52> <FuncUnit> <Opcode : 'shl' 'lshr' 'ashr'> <InPorts = 2> <OutPorts = 1>
ST_10 : Operation 250 [1/1] (0.00ns)   --->   "%sext_ln104_13 = sext i7 %sub_ln104_13" [C:\scratch\2024.1\hls_product\545\2024.1\src\shared\hls\clib/hlsmath/include/FloatingPoint\hls_fmod_rem_quo.h:104]   --->   Operation 250 'sext' 'sext_ln104_13' <Predicate = true> <Delay = 0.00>
ST_10 : Operation 251 [1/1] (0.00ns)   --->   "%zext_ln104_21 = zext i32 %sext_ln104_13" [C:\scratch\2024.1\hls_product\545\2024.1\src\shared\hls\clib/hlsmath/include/FloatingPoint\hls_fmod_rem_quo.h:104]   --->   Operation 251 'zext' 'zext_ln104_21' <Predicate = true> <Delay = 0.00>
ST_10 : Operation 252 [1/1] (1.52ns)   --->   "%lshr_ln104_7 = lshr i61 %quo_7, i61 %zext_ln104_21" [C:\scratch\2024.1\hls_product\545\2024.1\src\shared\hls\clib/hlsmath/include/FloatingPoint\hls_fmod_rem_quo.h:104]   --->   Operation 252 'lshr' 'lshr_ln104_7' <Predicate = true> <Delay = 1.52> <CoreInst = "Shifter">   --->   Core 75 'Shifter' <Latency = 0> <II = 1> <Delay = 1.52> <FuncUnit> <Opcode : 'shl' 'lshr' 'ashr'> <InPorts = 2> <OutPorts = 1>
ST_10 : Operation 253 [1/1] (0.00ns)   --->   "%trunc_ln105_12 = trunc i61 %shl_ln104_6" [C:\scratch\2024.1\hls_product\545\2024.1\src\shared\hls\clib/hlsmath/include/FloatingPoint\hls_fmod_rem_quo.h:105]   --->   Operation 253 'trunc' 'trunc_ln105_12' <Predicate = true> <Delay = 0.00>
ST_10 : Operation 254 [1/1] (0.00ns)   --->   "%trunc_ln105_13 = trunc i61 %lshr_ln104_7" [C:\scratch\2024.1\hls_product\545\2024.1\src\shared\hls\clib/hlsmath/include/FloatingPoint\hls_fmod_rem_quo.h:105]   --->   Operation 254 'trunc' 'trunc_ln105_13' <Predicate = true> <Delay = 0.00>
ST_10 : Operation 255 [1/1] (0.32ns)   --->   "%select_ln105_6 = select i1 %tmp_152, i25 %trunc_ln105_12, i25 %trunc_ln105_13" [C:\scratch\2024.1\hls_product\545\2024.1\src\shared\hls\clib/hlsmath/include/FloatingPoint\hls_fmod_rem_quo.h:105]   --->   Operation 255 'select' 'select_ln105_6' <Predicate = true> <Delay = 0.32> <CoreInst = "Sel">   --->   Core 73 'Sel' <Latency = 0> <II = 1> <Delay = 0.32> <FuncUnit> <Opcode : 'select'> <InPorts = 3> <OutPorts = 1>
ST_10 : Operation 256 [1/1] (0.00ns)   --->   "%zext_ln106_7 = zext i24 %r_shN_13" [C:\scratch\2024.1\hls_product\545\2024.1\src\shared\hls\clib/hlsmath/include/FloatingPoint\hls_fmod_rem_quo.h:106]   --->   Operation 256 'zext' 'zext_ln106_7' <Predicate = true> <Delay = 0.00>
ST_10 : Operation 257 [1/1] (0.00ns)   --->   "%zext_ln107_7 = zext i6 %shift_19" [C:\scratch\2024.1\hls_product\545\2024.1\src\shared\hls\clib/hlsmath/include/FloatingPoint\hls_fmod_rem_quo.h:107]   --->   Operation 257 'zext' 'zext_ln107_7' <Predicate = true> <Delay = 0.00>
ST_10 : Operation 258 [1/1] (1.15ns)   --->   "%r_shN_14 = shl i60 %zext_ln106_7, i60 %zext_ln107_7" [C:\scratch\2024.1\hls_product\545\2024.1\src\shared\hls\clib/hlsmath/include/FloatingPoint\hls_fmod_rem_quo.h:107]   --->   Operation 258 'shl' 'r_shN_14' <Predicate = true> <Delay = 1.15> <CoreInst = "Shifter">   --->   Core 75 'Shifter' <Latency = 0> <II = 1> <Delay = 1.52> <FuncUnit> <Opcode : 'shl' 'lshr' 'ashr'> <InPorts = 2> <OutPorts = 1>
ST_10 : Operation 259 [1/1] (0.00ns)   --->   "%trunc_ln108_7 = trunc i60 %r_shN_14" [C:\scratch\2024.1\hls_product\545\2024.1\src\shared\hls\clib/hlsmath/include/FloatingPoint\hls_fmod_rem_quo.h:108]   --->   Operation 259 'trunc' 'trunc_ln108_7' <Predicate = true> <Delay = 0.00>
ST_10 : Operation 260 [1/1] (3.10ns)   --->   "%mul_ln108_7 = mul i25 %select_ln105_6, i25 24526848" [C:\scratch\2024.1\hls_product\545\2024.1\src\shared\hls\clib/hlsmath/include/FloatingPoint\hls_fmod_rem_quo.h:108]   --->   Operation 260 'mul' 'mul_ln108_7' <Predicate = true> <Delay = 3.10> <CoreInst = "Multiplier">   --->   Core 3 'Multiplier' <Latency = 0> <II = 1> <Delay = 3.10> <FuncUnit> <Opcode : 'mul'> <InPorts = 2> <OutPorts = 1>
ST_10 : Operation 261 [1/1] (0.94ns)   --->   "%rem_28 = add i25 %mul_ln108_7, i25 %trunc_ln108_7" [C:\scratch\2024.1\hls_product\545\2024.1\src\shared\hls\clib/hlsmath/include/FloatingPoint\hls_fmod_rem_quo.h:108]   --->   Operation 261 'add' 'rem_28' <Predicate = true> <Delay = 0.94> <CoreInst = "Adder">   --->   Core 1 'Adder' <Latency = 0> <II = 1> <Delay = 0.94> <FuncUnit> <Opcode : 'add' 'sub'> <InPorts = 2> <OutPorts = 1>
ST_10 : Operation 262 [1/1] (0.94ns)   --->   "%icmp_ln109_7 = icmp_ugt  i25 %rem_28, i25 18055167" [C:\scratch\2024.1\hls_product\545\2024.1\src\shared\hls\clib/hlsmath/include/FloatingPoint\hls_fmod_rem_quo.h:109]   --->   Operation 262 'icmp' 'icmp_ln109_7' <Predicate = true> <Delay = 0.94> <CoreInst = "Cmp">   --->   Core 9 'Cmp' <Latency = 0> <II = 1> <Delay = 0.94> <FuncUnit> <Opcode : 'seteq' 'setne' 'setle' 'setge' 'setlt' 'setgt'> <InPorts = 2> <OutPorts = 1>
ST_10 : Operation 263 [1/1] (0.94ns)   --->   "%rem_29 = add i25 %rem_28, i25 15499264" [C:\scratch\2024.1\hls_product\545\2024.1\src\shared\hls\clib/hlsmath/include/FloatingPoint\hls_fmod_rem_quo.h:110]   --->   Operation 263 'add' 'rem_29' <Predicate = true> <Delay = 0.94> <CoreInst = "Adder">   --->   Core 1 'Adder' <Latency = 0> <II = 1> <Delay = 0.94> <FuncUnit> <Opcode : 'add' 'sub'> <InPorts = 2> <OutPorts = 1>
ST_10 : Operation 264 [1/1] (0.32ns)   --->   "%rem_30 = select i1 %icmp_ln109_7, i25 %rem_29, i25 %rem_28" [C:\scratch\2024.1\hls_product\545\2024.1\src\shared\hls\clib/hlsmath/include/FloatingPoint\hls_fmod_rem_quo.h:109]   --->   Operation 264 'select' 'rem_30' <Predicate = true> <Delay = 0.32> <CoreInst = "Sel">   --->   Core 73 'Sel' <Latency = 0> <II = 1> <Delay = 0.32> <FuncUnit> <Opcode : 'select'> <InPorts = 3> <OutPorts = 1>
ST_10 : Operation 265 [1/1] (0.00ns)   --->   "%trunc_ln91_7 = trunc i25 %rem_30" [C:\scratch\2024.1\hls_product\545\2024.1\src\shared\hls\clib/hlsmath/include/FloatingPoint\hls_fmod_rem_quo.h:91]   --->   Operation 265 'trunc' 'trunc_ln91_7' <Predicate = true> <Delay = 0.00>
ST_10 : Operation 266 [1/1] (0.94ns)   --->   "%icmp_ln111_7 = icmp_ugt  i25 %rem_30, i25 9027583" [C:\scratch\2024.1\hls_product\545\2024.1\src\shared\hls\clib/hlsmath/include/FloatingPoint\hls_fmod_rem_quo.h:111]   --->   Operation 266 'icmp' 'icmp_ln111_7' <Predicate = true> <Delay = 0.94> <CoreInst = "Cmp">   --->   Core 9 'Cmp' <Latency = 0> <II = 1> <Delay = 0.94> <FuncUnit> <Opcode : 'seteq' 'setne' 'setle' 'setge' 'setlt' 'setgt'> <InPorts = 2> <OutPorts = 1>
ST_10 : Operation 267 [1/1] (0.93ns)   --->   "%rem_31 = add i24 %trunc_ln91_7, i24 7749632" [C:\scratch\2024.1\hls_product\545\2024.1\src\shared\hls\clib/hlsmath/include/FloatingPoint\hls_fmod_rem_quo.h:112]   --->   Operation 267 'add' 'rem_31' <Predicate = true> <Delay = 0.93> <CoreInst = "Adder">   --->   Core 1 'Adder' <Latency = 0> <II = 1> <Delay = 0.93> <FuncUnit> <Opcode : 'add' 'sub'> <InPorts = 2> <OutPorts = 1>
ST_10 : Operation 268 [1/1] (0.32ns)   --->   "%select_ln111 = select i1 %icmp_ln111_7, i24 %rem_31, i24 %trunc_ln91_7" [C:\scratch\2024.1\hls_product\545\2024.1\src\shared\hls\clib/hlsmath/include/FloatingPoint\hls_fmod_rem_quo.h:111]   --->   Operation 268 'select' 'select_ln111' <Predicate = true> <Delay = 0.32> <CoreInst = "Sel">   --->   Core 73 'Sel' <Latency = 0> <II = 1> <Delay = 0.32> <FuncUnit> <Opcode : 'select'> <InPorts = 3> <OutPorts = 1>
ST_10 : Operation 269 [1/1] (0.00ns)   --->   "%ret_ln117 = ret i24 %select_ln111" [C:\scratch\2024.1\hls_product\545\2024.1\src\shared\hls\clib/hlsmath/include/FloatingPoint\hls_fmod_rem_quo.h:117]   --->   Operation 269 'ret' 'ret_ln117' <Predicate = true> <Delay = 0.00>


============================================================
+ Verbose Summary: Binding
============================================================
STG Binding: 
---------------- STG Properties BEGIN ----------------
- Is combinational: 0
- Is one-state seq: 0
- Is datapath-only: 1
- Is pipelined: 1
- Is top level: 0
Port [ Return ] is wired: 1; IO mode=ap_ctrl_hs:ce=0
Port [ r_sh]:  wired=1; compound=0; hidden=0; nouse=0; global=0; static=0; extern=0; dir=0; type=0; pingpong=0; private_global=0; IO mode=ap_none:ce=0
Port [ n]:  wired=1; compound=0; hidden=0; nouse=0; global=0; static=0; extern=0; dir=0; type=0; pingpong=0; private_global=0; IO mode=ap_none:ce=0
---------------- STG Properties END ------------------

---------------- Datapath Model BEGIN ----------------

<LifeTime>
<method=bitvector/>
n_read         (read     ) [ 01100000000]
r_sh_read      (read     ) [ 00000000000]
icmp_ln99      (icmp     ) [ 00000000000]
shift          (trunc    ) [ 00000000000]
shift_5        (select   ) [ 01100000000]
zext_ln103     (zext     ) [ 00000000000]
quo            (mul      ) [ 00000000000]
sub_ln104      (sub      ) [ 00000000000]
zext_ln104     (zext     ) [ 00000000000]
lshr_ln104     (lshr     ) [ 00000000000]
empty          (trunc    ) [ 00000000000]
zext_ln106     (zext     ) [ 00000000000]
zext_ln107     (zext     ) [ 00000000000]
r_shN          (shl      ) [ 00000000000]
trunc_ln108    (trunc    ) [ 00000000000]
mul_ln108      (mul      ) [ 00000000000]
rem            (add      ) [ 00000000000]
icmp_ln109     (icmp     ) [ 00000000000]
rem_1          (add      ) [ 00000000000]
rem_2          (select   ) [ 01100000000]
trunc_ln91     (trunc    ) [ 01100000000]
zext_ln99      (zext     ) [ 00000000000]
icmp_ln111     (icmp     ) [ 00000000000]
rem_3          (add      ) [ 00000000000]
r_shN_1        (select   ) [ 00000000000]
zext_ln114     (zext     ) [ 00000000000]
i              (sub      ) [ 01010000000]
icmp_ln99_1    (icmp     ) [ 00000000000]
shift_6        (trunc    ) [ 00000000000]
shift_7        (select   ) [ 01010000000]
zext_ln103_1   (zext     ) [ 00000000000]
quo_1          (mul      ) [ 00000000000]
zext_ln104_1   (zext     ) [ 00000000000]
sub_ln104_1    (sub      ) [ 00000000000]
tmp            (bitselect) [ 00000000000]
sub_ln104_2    (sub      ) [ 00000000000]
sext_ln104     (sext     ) [ 00000000000]
zext_ln104_2   (zext     ) [ 00000000000]
shl_ln104      (shl      ) [ 00000000000]
sext_ln104_1   (sext     ) [ 00000000000]
zext_ln104_3   (zext     ) [ 00000000000]
lshr_ln104_1   (lshr     ) [ 00000000000]
trunc_ln105    (trunc    ) [ 00000000000]
trunc_ln105_1  (trunc    ) [ 00000000000]
select_ln105   (select   ) [ 00000000000]
zext_ln106_1   (zext     ) [ 00000000000]
zext_ln107_1   (zext     ) [ 00000000000]
r_shN_2        (shl      ) [ 00000000000]
trunc_ln108_1  (trunc    ) [ 00000000000]
mul_ln108_1    (mul      ) [ 00000000000]
rem_4          (add      ) [ 01010000000]
icmp_ln109_1   (icmp     ) [ 00000000000]
rem_5          (add      ) [ 00000000000]
rem_6          (select   ) [ 00000000000]
trunc_ln91_1   (trunc    ) [ 00000000000]
icmp_ln111_1   (icmp     ) [ 00000000000]
rem_7          (add      ) [ 00000000000]
r_shN_3        (select   ) [ 01001000000]
zext_ln114_1   (zext     ) [ 00000000000]
i_1            (sub      ) [ 01001000000]
icmp_ln99_2    (icmp     ) [ 00000000000]
shift_8        (trunc    ) [ 00000000000]
shift_9        (select   ) [ 01001000000]
zext_ln103_2   (zext     ) [ 00000000000]
quo_2          (mul      ) [ 00000000000]
zext_ln104_4   (zext     ) [ 00000000000]
sub_ln104_3    (sub      ) [ 00000000000]
tmp_147        (bitselect) [ 00000000000]
sub_ln104_4    (sub      ) [ 00000000000]
sext_ln104_2   (sext     ) [ 00000000000]
zext_ln104_5   (zext     ) [ 00000000000]
shl_ln104_1    (shl      ) [ 00000000000]
sext_ln104_3   (sext     ) [ 00000000000]
zext_ln104_6   (zext     ) [ 00000000000]
lshr_ln104_2   (lshr     ) [ 00000000000]
trunc_ln105_2  (trunc    ) [ 00000000000]
trunc_ln105_3  (trunc    ) [ 00000000000]
select_ln105_1 (select   ) [ 01001000000]
sext_ln85      (sext     ) [ 00000000000]
zext_ln106_2   (zext     ) [ 00000000000]
zext_ln107_2   (zext     ) [ 00000000000]
r_shN_4        (shl      ) [ 00000000000]
trunc_ln108_2  (trunc    ) [ 00000000000]
mul_ln108_2    (mul      ) [ 00000000000]
rem_8          (add      ) [ 00000000000]
icmp_ln109_2   (icmp     ) [ 00000000000]
rem_9          (add      ) [ 00000000000]
rem_10         (select   ) [ 00000000000]
trunc_ln91_2   (trunc    ) [ 00000000000]
icmp_ln111_2   (icmp     ) [ 00000000000]
rem_11         (add      ) [ 00000000000]
r_shN_5        (select   ) [ 01000100000]
zext_ln114_2   (zext     ) [ 00000000000]
i_2            (sub      ) [ 01000100000]
icmp_ln99_3    (icmp     ) [ 00000000000]
shift_10       (trunc    ) [ 00000000000]
shift_11       (select   ) [ 01000100000]
zext_ln103_3   (zext     ) [ 00000000000]
quo_3          (mul      ) [ 01000100000]
zext_ln104_7   (zext     ) [ 00000000000]
sub_ln104_5    (sub      ) [ 00000000000]
tmp_148        (bitselect) [ 00000000000]
sub_ln104_6    (sub      ) [ 00000000000]
sext_ln104_4   (sext     ) [ 00000000000]
zext_ln104_8   (zext     ) [ 00000000000]
shl_ln104_2    (shl      ) [ 00000000000]
sext_ln104_5   (sext     ) [ 00000000000]
zext_ln104_9   (zext     ) [ 00000000000]
lshr_ln104_3   (lshr     ) [ 00000000000]
trunc_ln105_4  (trunc    ) [ 00000000000]
trunc_ln105_5  (trunc    ) [ 00000000000]
select_ln105_2 (select   ) [ 00000000000]
zext_ln106_3   (zext     ) [ 00000000000]
zext_ln107_3   (zext     ) [ 00000000000]
r_shN_6        (shl      ) [ 00000000000]
trunc_ln108_3  (trunc    ) [ 00000000000]
mul_ln108_3    (mul      ) [ 00000000000]
rem_12         (add      ) [ 00000000000]
icmp_ln109_3   (icmp     ) [ 00000000000]
rem_13         (add      ) [ 00000000000]
rem_14         (select   ) [ 00000000000]
trunc_ln91_3   (trunc    ) [ 00000000000]
icmp_ln111_3   (icmp     ) [ 00000000000]
rem_15         (add      ) [ 00000000000]
r_shN_7        (select   ) [ 01000010000]
zext_ln114_3   (zext     ) [ 00000000000]
i_3            (sub      ) [ 01000011000]
icmp_ln99_4    (icmp     ) [ 00000000000]
shift_12       (trunc    ) [ 00000000000]
shift_13       (select   ) [ 01000011000]
zext_ln103_4   (zext     ) [ 00000000000]
quo_4          (mul      ) [ 00000000000]
zext_ln104_10  (zext     ) [ 00000000000]
sub_ln104_7    (sub      ) [ 00000000000]
tmp_149        (bitselect) [ 00000000000]
sub_ln104_8    (sub      ) [ 00000000000]
sext_ln104_6   (sext     ) [ 00000000000]
zext_ln104_11  (zext     ) [ 00000000000]
shl_ln104_3    (shl      ) [ 00000000000]
sext_ln104_7   (sext     ) [ 00000000000]
zext_ln104_12  (zext     ) [ 00000000000]
lshr_ln104_4   (lshr     ) [ 00000000000]
trunc_ln105_6  (trunc    ) [ 00000000000]
trunc_ln105_7  (trunc    ) [ 00000000000]
select_ln105_3 (select   ) [ 00000000000]
zext_ln106_4   (zext     ) [ 00000000000]
zext_ln107_4   (zext     ) [ 00000000000]
r_shN_8        (shl      ) [ 00000000000]
trunc_ln108_4  (trunc    ) [ 00000000000]
mul_ln108_4    (mul      ) [ 00000000000]
rem_16         (add      ) [ 00000000000]
icmp_ln109_4   (icmp     ) [ 00000000000]
rem_17         (add      ) [ 00000000000]
rem_18         (select   ) [ 01000001000]
trunc_ln91_4   (trunc    ) [ 01000001000]
sext_ln85_1    (sext     ) [ 00000000000]
icmp_ln111_4   (icmp     ) [ 00000000000]
rem_19         (add      ) [ 00000000000]
r_shN_9        (select   ) [ 00000000000]
zext_ln114_4   (zext     ) [ 00000000000]
i_4            (sub      ) [ 00000000000]
icmp_ln99_5    (icmp     ) [ 00000000000]
shift_14       (trunc    ) [ 00000000000]
shift_15       (select   ) [ 00000000000]
zext_ln103_5   (zext     ) [ 00000000000]
quo_5          (mul      ) [ 00000000000]
zext_ln104_13  (zext     ) [ 00000000000]
sub_ln104_9    (sub      ) [ 00000000000]
tmp_150        (bitselect) [ 00000000000]
sub_ln104_10   (sub      ) [ 00000000000]
sext_ln104_8   (sext     ) [ 00000000000]
zext_ln104_14  (zext     ) [ 00000000000]
shl_ln104_4    (shl      ) [ 00000000000]
sext_ln104_9   (sext     ) [ 00000000000]
zext_ln104_15  (zext     ) [ 00000000000]
lshr_ln104_5   (lshr     ) [ 00000000000]
trunc_ln105_8  (trunc    ) [ 00000000000]
trunc_ln105_9  (trunc    ) [ 00000000000]
select_ln105_4 (select   ) [ 00000000000]
zext_ln106_5   (zext     ) [ 00000000000]
zext_ln107_5   (zext     ) [ 00000000000]
r_shN_10       (shl      ) [ 00000000000]
trunc_ln108_5  (trunc    ) [ 00000000000]
mul_ln108_5    (mul      ) [ 00000000000]
rem_20         (add      ) [ 01000000100]
zext_ln114_5   (zext     ) [ 00000000000]
i_5            (sub      ) [ 00000000000]
icmp_ln99_6    (icmp     ) [ 00000000000]
shift_16       (trunc    ) [ 00000000000]
shift_17       (select   ) [ 01000000100]
zext_ln114_6   (zext     ) [ 00000000000]
i_6            (sub      ) [ 00000000000]
icmp_ln99_7    (icmp     ) [ 00000000000]
shift_18       (trunc    ) [ 00000000000]
shift_19       (select   ) [ 01000000111]
icmp_ln109_5   (icmp     ) [ 00000000000]
rem_21         (add      ) [ 00000000000]
rem_22         (select   ) [ 00000000000]
trunc_ln91_5   (trunc    ) [ 00000000000]
icmp_ln111_5   (icmp     ) [ 00000000000]
rem_23         (add      ) [ 00000000000]
r_shN_11       (select   ) [ 00000000000]
zext_ln103_6   (zext     ) [ 00000000000]
quo_6          (mul      ) [ 00000000000]
zext_ln104_16  (zext     ) [ 00000000000]
sub_ln104_11   (sub      ) [ 00000000000]
tmp_151        (bitselect) [ 00000000000]
sub_ln104_12   (sub      ) [ 00000000000]
sext_ln104_10  (sext     ) [ 00000000000]
zext_ln104_17  (zext     ) [ 00000000000]
shl_ln104_5    (shl      ) [ 00000000000]
sext_ln104_11  (sext     ) [ 00000000000]
zext_ln104_18  (zext     ) [ 00000000000]
lshr_ln104_6   (lshr     ) [ 00000000000]
trunc_ln105_10 (trunc    ) [ 00000000000]
trunc_ln105_11 (trunc    ) [ 00000000000]
select_ln105_5 (select   ) [ 01000000010]
zext_ln106_6   (zext     ) [ 00000000000]
zext_ln107_6   (zext     ) [ 00000000000]
r_shN_12       (shl      ) [ 00000000000]
trunc_ln108_6  (trunc    ) [ 01000000010]
mul_ln108_6    (mul      ) [ 00000000000]
rem_24         (add      ) [ 00000000000]
icmp_ln109_6   (icmp     ) [ 00000000000]
rem_25         (add      ) [ 00000000000]
rem_26         (select   ) [ 00000000000]
trunc_ln91_6   (trunc    ) [ 00000000000]
icmp_ln111_6   (icmp     ) [ 00000000000]
rem_27         (add      ) [ 00000000000]
r_shN_13       (select   ) [ 01000000001]
zext_ln103_7   (zext     ) [ 00000000000]
quo_7          (mul      ) [ 01000000001]
zext_ln104_19  (zext     ) [ 00000000000]
sub_ln104_13   (sub      ) [ 00000000000]
tmp_152        (bitselect) [ 00000000000]
sub_ln104_14   (sub      ) [ 00000000000]
sext_ln104_12  (sext     ) [ 00000000000]
zext_ln104_20  (zext     ) [ 00000000000]
shl_ln104_6    (shl      ) [ 00000000000]
sext_ln104_13  (sext     ) [ 00000000000]
zext_ln104_21  (zext     ) [ 00000000000]
lshr_ln104_7   (lshr     ) [ 00000000000]
trunc_ln105_12 (trunc    ) [ 00000000000]
trunc_ln105_13 (trunc    ) [ 00000000000]
select_ln105_6 (select   ) [ 00000000000]
zext_ln106_7   (zext     ) [ 00000000000]
zext_ln107_7   (zext     ) [ 00000000000]
r_shN_14       (shl      ) [ 00000000000]
trunc_ln108_7  (trunc    ) [ 00000000000]
mul_ln108_7    (mul      ) [ 00000000000]
rem_28         (add      ) [ 00000000000]
icmp_ln109_7   (icmp     ) [ 00000000000]
rem_29         (add      ) [ 00000000000]
rem_30         (select   ) [ 00000000000]
trunc_ln91_7   (trunc    ) [ 00000000000]
icmp_ln111_7   (icmp     ) [ 00000000000]
rem_31         (add      ) [ 00000000000]
select_ln111   (select   ) [ 00000000000]
ret_ln117      (ret      ) [ 00000000000]
</LifeTime>

<model>

<comp_list>
<comp id="0" class="1000" name="r_sh">
<pin_list>
<pin id="1" dir="1" index="0" bw="1" slack="0"/>
</pin_list>
<bind>
<StgValue><ssdm name="r_sh"/></StgValue>
</bind>
</comp>

<comp id="2" class="1000" name="n">
<pin_list>
<pin id="3" dir="1" index="0" bw="1" slack="0"/>
</pin_list>
<bind>
<StgValue><ssdm name="n"/></StgValue>
</bind>
</comp>

<comp id="4" class="1001" name="const_4">
<pin_list>
<pin id="5" dir="1" index="0" bw="1" slack="0"/>
</pin_list>
<bind>
<StgValue><ssdm name="_ssdm_op_Read.ap_auto.i7"/></StgValue>
</bind>
</comp>

<comp id="6" class="1001" name="const_6">
<pin_list>
<pin id="7" dir="1" index="0" bw="1" slack="0"/>
</pin_list>
<bind>
<StgValue><ssdm name="_ssdm_op_Read.ap_auto.i24"/></StgValue>
</bind>
</comp>

<comp id="8" class="1001" name="const_8">
<pin_list>
<pin id="9" dir="1" index="0" bw="1" slack="0"/>
</pin_list>
<bind>
<StgValue><ssdm name=""/></StgValue>
</bind>
</comp>

<comp id="10" class="1001" name="const_10">
<pin_list>
<pin id="11" dir="1" index="0" bw="1" slack="0"/>
</pin_list>
<bind>
<StgValue><ssdm name=""/></StgValue>
</bind>
</comp>

<comp id="12" class="1001" name="const_12">
<pin_list>
<pin id="13" dir="1" index="0" bw="1" slack="0"/>
</pin_list>
<bind>
<StgValue><ssdm name=""/></StgValue>
</bind>
</comp>

<comp id="14" class="1001" name="const_14">
<pin_list>
<pin id="15" dir="1" index="0" bw="1" slack="0"/>
</pin_list>
<bind>
<StgValue><ssdm name=""/></StgValue>
</bind>
</comp>

<comp id="16" class="1001" name="const_16">
<pin_list>
<pin id="17" dir="1" index="0" bw="1" slack="0"/>
</pin_list>
<bind>
<StgValue><ssdm name=""/></StgValue>
</bind>
</comp>

<comp id="18" class="1001" name="const_18">
<pin_list>
<pin id="19" dir="1" index="0" bw="1" slack="0"/>
</pin_list>
<bind>
<StgValue><ssdm name=""/></StgValue>
</bind>
</comp>

<comp id="20" class="1001" name="const_20">
<pin_list>
<pin id="21" dir="1" index="0" bw="1" slack="0"/>
</pin_list>
<bind>
<StgValue><ssdm name=""/></StgValue>
</bind>
</comp>

<comp id="22" class="1001" name="const_22">
<pin_list>
<pin id="23" dir="1" index="0" bw="1" slack="0"/>
</pin_list>
<bind>
<StgValue><ssdm name=""/></StgValue>
</bind>
</comp>

<comp id="24" class="1001" name="const_24">
<pin_list>
<pin id="25" dir="1" index="0" bw="1" slack="0"/>
</pin_list>
<bind>
<StgValue><ssdm name=""/></StgValue>
</bind>
</comp>

<comp id="26" class="1001" name="const_26">
<pin_list>
<pin id="27" dir="1" index="0" bw="1" slack="0"/>
</pin_list>
<bind>
<StgValue><ssdm name=""/></StgValue>
</bind>
</comp>

<comp id="28" class="1001" name="const_28">
<pin_list>
<pin id="29" dir="1" index="0" bw="1" slack="0"/>
</pin_list>
<bind>
<StgValue><ssdm name=""/></StgValue>
</bind>
</comp>

<comp id="30" class="1001" name="const_30">
<pin_list>
<pin id="31" dir="1" index="0" bw="1" slack="0"/>
</pin_list>
<bind>
<StgValue><ssdm name="_ssdm_op_BitSelect.i1.i7.i32"/></StgValue>
</bind>
</comp>

<comp id="32" class="1001" name="const_32">
<pin_list>
<pin id="33" dir="1" index="0" bw="1" slack="0"/>
</pin_list>
<bind>
<StgValue><ssdm name=""/></StgValue>
</bind>
</comp>

<comp id="34" class="1001" name="const_34">
<pin_list>
<pin id="35" dir="1" index="0" bw="1" slack="0"/>
</pin_list>
<bind>
<StgValue><ssdm name=""/></StgValue>
</bind>
</comp>

<comp id="36" class="1001" name="const_36">
<pin_list>
<pin id="37" dir="1" index="0" bw="1" slack="0"/>
</pin_list>
<bind>
<StgValue><ssdm name=""/></StgValue>
</bind>
</comp>

<comp id="38" class="1001" name="const_38">
<pin_list>
<pin id="39" dir="1" index="0" bw="1" slack="0"/>
</pin_list>
<bind>
<StgValue><ssdm name=""/></StgValue>
</bind>
</comp>

<comp id="40" class="1004" name="n_read_read_fu_40">
<pin_list>
<pin id="41" dir="0" index="0" bw="7" slack="0"/>
<pin id="42" dir="0" index="1" bw="7" slack="0"/>
<pin id="43" dir="1" index="2" bw="7" slack="0"/>
</pin_list>
<bind>
<opcode="read(1150) " fcode="read"/>
<opset="n_read/1 "/>
</bind>
</comp>

<comp id="46" class="1004" name="r_sh_read_read_fu_46">
<pin_list>
<pin id="47" dir="0" index="0" bw="24" slack="0"/>
<pin id="48" dir="0" index="1" bw="24" slack="0"/>
<pin id="49" dir="1" index="2" bw="24" slack="0"/>
</pin_list>
<bind>
<opcode="read(1150) " fcode="read"/>
<opset="r_sh_read/1 "/>
</bind>
</comp>

<comp id="52" class="1004" name="quo_fu_52">
<pin_list>
<pin id="53" dir="0" index="0" bw="24" slack="0"/>
<pin id="54" dir="0" index="1" bw="38" slack="0"/>
<pin id="55" dir="1" index="2" bw="61" slack="0"/>
</pin_list>
<bind>
<opcode="mul(12) " fcode="mul"/>
<opset="quo/1 "/>
</bind>
</comp>

<comp id="57" class="1004" name="quo_1_fu_57">
<pin_list>
<pin id="58" dir="0" index="0" bw="24" slack="0"/>
<pin id="59" dir="0" index="1" bw="38" slack="0"/>
<pin id="60" dir="1" index="2" bw="61" slack="0"/>
</pin_list>
<bind>
<opcode="mul(12) " fcode="mul"/>
<opset="quo_1/2 "/>
</bind>
</comp>

<comp id="62" class="1004" name="quo_2_fu_62">
<pin_list>
<pin id="63" dir="0" index="0" bw="24" slack="0"/>
<pin id="64" dir="0" index="1" bw="38" slack="0"/>
<pin id="65" dir="1" index="2" bw="61" slack="0"/>
</pin_list>
<bind>
<opcode="mul(12) " fcode="mul"/>
<opset="quo_2/3 "/>
</bind>
</comp>

<comp id="67" class="1004" name="quo_3_fu_67">
<pin_list>
<pin id="68" dir="0" index="0" bw="24" slack="0"/>
<pin id="69" dir="0" index="1" bw="38" slack="0"/>
<pin id="70" dir="1" index="2" bw="61" slack="1"/>
</pin_list>
<bind>
<opcode="mul(12) " fcode="mul"/>
<opset="quo_3/4 "/>
</bind>
</comp>

<comp id="72" class="1004" name="quo_4_fu_72">
<pin_list>
<pin id="73" dir="0" index="0" bw="24" slack="0"/>
<pin id="74" dir="0" index="1" bw="38" slack="0"/>
<pin id="75" dir="1" index="2" bw="61" slack="0"/>
</pin_list>
<bind>
<opcode="mul(12) " fcode="mul"/>
<opset="quo_4/6 "/>
</bind>
</comp>

<comp id="77" class="1004" name="quo_5_fu_77">
<pin_list>
<pin id="78" dir="0" index="0" bw="24" slack="0"/>
<pin id="79" dir="0" index="1" bw="38" slack="0"/>
<pin id="80" dir="1" index="2" bw="61" slack="0"/>
</pin_list>
<bind>
<opcode="mul(12) " fcode="mul"/>
<opset="quo_5/7 "/>
</bind>
</comp>

<comp id="82" class="1004" name="quo_6_fu_82">
<pin_list>
<pin id="83" dir="0" index="0" bw="24" slack="0"/>
<pin id="84" dir="0" index="1" bw="38" slack="0"/>
<pin id="85" dir="1" index="2" bw="61" slack="0"/>
</pin_list>
<bind>
<opcode="mul(12) " fcode="mul"/>
<opset="quo_6/8 "/>
</bind>
</comp>

<comp id="87" class="1004" name="quo_7_fu_87">
<pin_list>
<pin id="88" dir="0" index="0" bw="24" slack="0"/>
<pin id="89" dir="0" index="1" bw="38" slack="0"/>
<pin id="90" dir="1" index="2" bw="61" slack="1"/>
</pin_list>
<bind>
<opcode="mul(12) " fcode="mul"/>
<opset="quo_7/9 "/>
</bind>
</comp>

<comp id="92" class="1004" name="mul_ln108_fu_92">
<pin_list>
<pin id="93" dir="0" index="0" bw="25" slack="0"/>
<pin id="94" dir="0" index="1" bw="25" slack="0"/>
<pin id="95" dir="1" index="2" bw="25" slack="0"/>
</pin_list>
<bind>
<opcode="mul(12) " fcode="mul"/>
<opset="mul_ln108/1 "/>
</bind>
</comp>

<comp id="97" class="1004" name="mul_ln108_1_fu_97">
<pin_list>
<pin id="98" dir="0" index="0" bw="25" slack="0"/>
<pin id="99" dir="0" index="1" bw="25" slack="0"/>
<pin id="100" dir="1" index="2" bw="25" slack="0"/>
</pin_list>
<bind>
<opcode="mul(12) " fcode="mul"/>
<opset="mul_ln108_1/2 "/>
</bind>
</comp>

<comp id="102" class="1004" name="mul_ln108_2_fu_102">
<pin_list>
<pin id="103" dir="0" index="0" bw="25" slack="1"/>
<pin id="104" dir="0" index="1" bw="25" slack="0"/>
<pin id="105" dir="1" index="2" bw="25" slack="0"/>
</pin_list>
<bind>
<opcode="mul(12) " fcode="mul"/>
<opset="mul_ln108_2/4 "/>
</bind>
</comp>

<comp id="107" class="1004" name="mul_ln108_3_fu_107">
<pin_list>
<pin id="108" dir="0" index="0" bw="25" slack="0"/>
<pin id="109" dir="0" index="1" bw="25" slack="0"/>
<pin id="110" dir="1" index="2" bw="25" slack="0"/>
</pin_list>
<bind>
<opcode="mul(12) " fcode="mul"/>
<opset="mul_ln108_3/5 "/>
</bind>
</comp>

<comp id="112" class="1004" name="mul_ln108_4_fu_112">
<pin_list>
<pin id="113" dir="0" index="0" bw="25" slack="0"/>
<pin id="114" dir="0" index="1" bw="25" slack="0"/>
<pin id="115" dir="1" index="2" bw="25" slack="0"/>
</pin_list>
<bind>
<opcode="mul(12) " fcode="mul"/>
<opset="mul_ln108_4/6 "/>
</bind>
</comp>

<comp id="117" class="1004" name="mul_ln108_5_fu_117">
<pin_list>
<pin id="118" dir="0" index="0" bw="25" slack="0"/>
<pin id="119" dir="0" index="1" bw="25" slack="0"/>
<pin id="120" dir="1" index="2" bw="25" slack="0"/>
</pin_list>
<bind>
<opcode="mul(12) " fcode="mul"/>
<opset="mul_ln108_5/7 "/>
</bind>
</comp>

<comp id="122" class="1004" name="mul_ln108_6_fu_122">
<pin_list>
<pin id="123" dir="0" index="0" bw="25" slack="1"/>
<pin id="124" dir="0" index="1" bw="25" slack="0"/>
<pin id="125" dir="1" index="2" bw="25" slack="0"/>
</pin_list>
<bind>
<opcode="mul(12) " fcode="mul"/>
<opset="mul_ln108_6/9 "/>
</bind>
</comp>

<comp id="127" class="1004" name="mul_ln108_7_fu_127">
<pin_list>
<pin id="128" dir="0" index="0" bw="25" slack="0"/>
<pin id="129" dir="0" index="1" bw="25" slack="0"/>
<pin id="130" dir="1" index="2" bw="25" slack="0"/>
</pin_list>
<bind>
<opcode="mul(12) " fcode="mul"/>
<opset="mul_ln108_7/10 "/>
</bind>
</comp>

<comp id="132" class="1004" name="icmp_ln99_fu_132">
<pin_list>
<pin id="133" dir="0" index="0" bw="7" slack="0"/>
<pin id="134" dir="0" index="1" bw="7" slack="0"/>
<pin id="135" dir="1" index="2" bw="1" slack="0"/>
</pin_list>
<bind>
<opcode="icmp(45) " fcode="icmp"/>
<opset="icmp_ln99/1 "/>
</bind>
</comp>

<comp id="138" class="1004" name="shift_fu_138">
<pin_list>
<pin id="139" dir="0" index="0" bw="7" slack="0"/>
<pin id="140" dir="1" index="1" bw="6" slack="0"/>
</pin_list>
<bind>
<opcode="trunc(33) " fcode="trunc"/>
<opset="shift/1 "/>
</bind>
</comp>

<comp id="142" class="1004" name="shift_5_fu_142">
<pin_list>
<pin id="143" dir="0" index="0" bw="1" slack="0"/>
<pin id="144" dir="0" index="1" bw="6" slack="0"/>
<pin id="145" dir="0" index="2" bw="6" slack="0"/>
<pin id="146" dir="1" index="3" bw="6" slack="0"/>
</pin_list>
<bind>
<opcode="select(49) " fcode="select"/>
<opset="shift_5/1 "/>
</bind>
</comp>

<comp id="150" class="1004" name="zext_ln103_fu_150">
<pin_list>
<pin id="151" dir="0" index="0" bw="24" slack="0"/>
<pin id="152" dir="1" index="1" bw="61" slack="0"/>
</pin_list>
<bind>
<opcode="zext(34) " fcode="zext"/>
<opset="zext_ln103/1 "/>
</bind>
</comp>

<comp id="155" class="1004" name="sub_ln104_fu_155">
<pin_list>
<pin id="156" dir="0" index="0" bw="3" slack="0"/>
<pin id="157" dir="0" index="1" bw="6" slack="0"/>
<pin id="158" dir="1" index="2" bw="6" slack="0"/>
</pin_list>
<bind>
<opcode="sub(10) " fcode="sub"/>
<opset="sub_ln104/1 "/>
</bind>
</comp>

<comp id="161" class="1004" name="zext_ln104_fu_161">
<pin_list>
<pin id="162" dir="0" index="0" bw="6" slack="0"/>
<pin id="163" dir="1" index="1" bw="61" slack="0"/>
</pin_list>
<bind>
<opcode="zext(34) " fcode="zext"/>
<opset="zext_ln104/1 "/>
</bind>
</comp>

<comp id="165" class="1004" name="lshr_ln104_fu_165">
<pin_list>
<pin id="166" dir="0" index="0" bw="61" slack="0"/>
<pin id="167" dir="0" index="1" bw="6" slack="0"/>
<pin id="168" dir="1" index="2" bw="61" slack="0"/>
</pin_list>
<bind>
<opcode="lshr(21) " fcode="lshr"/>
<opset="lshr_ln104/1 "/>
</bind>
</comp>

<comp id="171" class="1004" name="empty_fu_171">
<pin_list>
<pin id="172" dir="0" index="0" bw="61" slack="0"/>
<pin id="173" dir="1" index="1" bw="25" slack="0"/>
</pin_list>
<bind>
<opcode="trunc(33) " fcode="trunc"/>
<opset="empty/1 "/>
</bind>
</comp>

<comp id="176" class="1004" name="zext_ln106_fu_176">
<pin_list>
<pin id="177" dir="0" index="0" bw="24" slack="0"/>
<pin id="178" dir="1" index="1" bw="60" slack="0"/>
</pin_list>
<bind>
<opcode="zext(34) " fcode="zext"/>
<opset="zext_ln106/1 "/>
</bind>
</comp>

<comp id="180" class="1004" name="zext_ln107_fu_180">
<pin_list>
<pin id="181" dir="0" index="0" bw="6" slack="0"/>
<pin id="182" dir="1" index="1" bw="60" slack="0"/>
</pin_list>
<bind>
<opcode="zext(34) " fcode="zext"/>
<opset="zext_ln107/1 "/>
</bind>
</comp>

<comp id="184" class="1004" name="r_shN_fu_184">
<pin_list>
<pin id="185" dir="0" index="0" bw="24" slack="0"/>
<pin id="186" dir="0" index="1" bw="6" slack="0"/>
<pin id="187" dir="1" index="2" bw="60" slack="0"/>
</pin_list>
<bind>
<opcode="shl(20) " fcode="shl"/>
<opset="r_shN/1 "/>
</bind>
</comp>

<comp id="190" class="1004" name="trunc_ln108_fu_190">
<pin_list>
<pin id="191" dir="0" index="0" bw="60" slack="0"/>
<pin id="192" dir="1" index="1" bw="25" slack="0"/>
</pin_list>
<bind>
<opcode="trunc(33) " fcode="trunc"/>
<opset="trunc_ln108/1 "/>
</bind>
</comp>

<comp id="194" class="1004" name="rem_fu_194">
<pin_list>
<pin id="195" dir="0" index="0" bw="25" slack="0"/>
<pin id="196" dir="0" index="1" bw="25" slack="0"/>
<pin id="197" dir="1" index="2" bw="25" slack="0"/>
</pin_list>
<bind>
<opcode="add(8) " fcode="add"/>
<opset="rem/1 "/>
</bind>
</comp>

<comp id="200" class="1004" name="icmp_ln109_fu_200">
<pin_list>
<pin id="201" dir="0" index="0" bw="25" slack="0"/>
<pin id="202" dir="0" index="1" bw="25" slack="0"/>
<pin id="203" dir="1" index="2" bw="1" slack="0"/>
</pin_list>
<bind>
<opcode="icmp(45) " fcode="icmp"/>
<opset="icmp_ln109/1 "/>
</bind>
</comp>

<comp id="206" class="1004" name="rem_1_fu_206">
<pin_list>
<pin id="207" dir="0" index="0" bw="25" slack="0"/>
<pin id="208" dir="0" index="1" bw="25" slack="0"/>
<pin id="209" dir="1" index="2" bw="25" slack="0"/>
</pin_list>
<bind>
<opcode="add(8) " fcode="add"/>
<opset="rem_1/1 "/>
</bind>
</comp>

<comp id="212" class="1004" name="rem_2_fu_212">
<pin_list>
<pin id="213" dir="0" index="0" bw="1" slack="0"/>
<pin id="214" dir="0" index="1" bw="25" slack="0"/>
<pin id="215" dir="0" index="2" bw="25" slack="0"/>
<pin id="216" dir="1" index="3" bw="25" slack="0"/>
</pin_list>
<bind>
<opcode="select(49) " fcode="select"/>
<opset="rem_2/1 "/>
</bind>
</comp>

<comp id="220" class="1004" name="trunc_ln91_fu_220">
<pin_list>
<pin id="221" dir="0" index="0" bw="25" slack="0"/>
<pin id="222" dir="1" index="1" bw="24" slack="1"/>
</pin_list>
<bind>
<opcode="trunc(33) " fcode="trunc"/>
<opset="trunc_ln91/1 "/>
</bind>
</comp>

<comp id="224" class="1004" name="zext_ln99_fu_224">
<pin_list>
<pin id="225" dir="0" index="0" bw="7" slack="1"/>
<pin id="226" dir="1" index="1" bw="8" slack="0"/>
</pin_list>
<bind>
<opcode="zext(34) " fcode="zext"/>
<opset="zext_ln99/2 "/>
</bind>
</comp>

<comp id="227" class="1004" name="icmp_ln111_fu_227">
<pin_list>
<pin id="228" dir="0" index="0" bw="25" slack="1"/>
<pin id="229" dir="0" index="1" bw="25" slack="0"/>
<pin id="230" dir="1" index="2" bw="1" slack="0"/>
</pin_list>
<bind>
<opcode="icmp(45) " fcode="icmp"/>
<opset="icmp_ln111/2 "/>
</bind>
</comp>

<comp id="232" class="1004" name="rem_3_fu_232">
<pin_list>
<pin id="233" dir="0" index="0" bw="24" slack="1"/>
<pin id="234" dir="0" index="1" bw="24" slack="0"/>
<pin id="235" dir="1" index="2" bw="24" slack="0"/>
</pin_list>
<bind>
<opcode="add(8) " fcode="add"/>
<opset="rem_3/2 "/>
</bind>
</comp>

<comp id="237" class="1004" name="r_shN_1_fu_237">
<pin_list>
<pin id="238" dir="0" index="0" bw="1" slack="0"/>
<pin id="239" dir="0" index="1" bw="24" slack="0"/>
<pin id="240" dir="0" index="2" bw="24" slack="1"/>
<pin id="241" dir="1" index="3" bw="24" slack="0"/>
</pin_list>
<bind>
<opcode="select(49) " fcode="select"/>
<opset="r_shN_1/2 "/>
</bind>
</comp>

<comp id="244" class="1004" name="zext_ln114_fu_244">
<pin_list>
<pin id="245" dir="0" index="0" bw="6" slack="1"/>
<pin id="246" dir="1" index="1" bw="8" slack="0"/>
</pin_list>
<bind>
<opcode="zext(34) " fcode="zext"/>
<opset="zext_ln114/2 "/>
</bind>
</comp>

<comp id="247" class="1004" name="i_fu_247">
<pin_list>
<pin id="248" dir="0" index="0" bw="7" slack="0"/>
<pin id="249" dir="0" index="1" bw="6" slack="0"/>
<pin id="250" dir="1" index="2" bw="8" slack="0"/>
</pin_list>
<bind>
<opcode="sub(10) " fcode="sub"/>
<opset="i/2 "/>
</bind>
</comp>

<comp id="253" class="1004" name="icmp_ln99_1_fu_253">
<pin_list>
<pin id="254" dir="0" index="0" bw="8" slack="0"/>
<pin id="255" dir="0" index="1" bw="8" slack="0"/>
<pin id="256" dir="1" index="2" bw="1" slack="0"/>
</pin_list>
<bind>
<opcode="icmp(45) " fcode="icmp"/>
<opset="icmp_ln99_1/2 "/>
</bind>
</comp>

<comp id="259" class="1004" name="shift_6_fu_259">
<pin_list>
<pin id="260" dir="0" index="0" bw="8" slack="0"/>
<pin id="261" dir="1" index="1" bw="6" slack="0"/>
</pin_list>
<bind>
<opcode="trunc(33) " fcode="trunc"/>
<opset="shift_6/2 "/>
</bind>
</comp>

<comp id="263" class="1004" name="shift_7_fu_263">
<pin_list>
<pin id="264" dir="0" index="0" bw="1" slack="0"/>
<pin id="265" dir="0" index="1" bw="6" slack="0"/>
<pin id="266" dir="0" index="2" bw="6" slack="0"/>
<pin id="267" dir="1" index="3" bw="6" slack="0"/>
</pin_list>
<bind>
<opcode="select(49) " fcode="select"/>
<opset="shift_7/2 "/>
</bind>
</comp>

<comp id="271" class="1004" name="zext_ln103_1_fu_271">
<pin_list>
<pin id="272" dir="0" index="0" bw="24" slack="0"/>
<pin id="273" dir="1" index="1" bw="61" slack="0"/>
</pin_list>
<bind>
<opcode="zext(34) " fcode="zext"/>
<opset="zext_ln103_1/2 "/>
</bind>
</comp>

<comp id="276" class="1004" name="zext_ln104_1_fu_276">
<pin_list>
<pin id="277" dir="0" index="0" bw="6" slack="0"/>
<pin id="278" dir="1" index="1" bw="7" slack="0"/>
</pin_list>
<bind>
<opcode="zext(34) " fcode="zext"/>
<opset="zext_ln104_1/2 "/>
</bind>
</comp>

<comp id="280" class="1004" name="sub_ln104_1_fu_280">
<pin_list>
<pin id="281" dir="0" index="0" bw="7" slack="0"/>
<pin id="282" dir="0" index="1" bw="6" slack="0"/>
<pin id="283" dir="1" index="2" bw="7" slack="0"/>
</pin_list>
<bind>
<opcode="sub(10) " fcode="sub"/>
<opset="sub_ln104_1/2 "/>
</bind>
</comp>

<comp id="286" class="1004" name="tmp_fu_286">
<pin_list>
<pin id="287" dir="0" index="0" bw="1" slack="0"/>
<pin id="288" dir="0" index="1" bw="7" slack="0"/>
<pin id="289" dir="0" index="2" bw="4" slack="0"/>
<pin id="290" dir="1" index="3" bw="1" slack="0"/>
</pin_list>
<bind>
<opcode="bitselect(1000) " fcode="bitselect"/>
<opset="tmp/2 "/>
</bind>
</comp>

<comp id="294" class="1004" name="sub_ln104_2_fu_294">
<pin_list>
<pin id="295" dir="0" index="0" bw="1" slack="0"/>
<pin id="296" dir="0" index="1" bw="7" slack="0"/>
<pin id="297" dir="1" index="2" bw="7" slack="0"/>
</pin_list>
<bind>
<opcode="sub(10) " fcode="sub"/>
<opset="sub_ln104_2/2 "/>
</bind>
</comp>

<comp id="300" class="1004" name="sext_ln104_fu_300">
<pin_list>
<pin id="301" dir="0" index="0" bw="7" slack="0"/>
<pin id="302" dir="1" index="1" bw="32" slack="0"/>
</pin_list>
<bind>
<opcode="sext(35) " fcode="sext"/>
<opset="sext_ln104/2 "/>
</bind>
</comp>

<comp id="304" class="1004" name="zext_ln104_2_fu_304">
<pin_list>
<pin id="305" dir="0" index="0" bw="7" slack="0"/>
<pin id="306" dir="1" index="1" bw="61" slack="0"/>
</pin_list>
<bind>
<opcode="zext(34) " fcode="zext"/>
<opset="zext_ln104_2/2 "/>
</bind>
</comp>

<comp id="308" class="1004" name="shl_ln104_fu_308">
<pin_list>
<pin id="309" dir="0" index="0" bw="61" slack="0"/>
<pin id="310" dir="0" index="1" bw="32" slack="0"/>
<pin id="311" dir="1" index="2" bw="61" slack="0"/>
</pin_list>
<bind>
<opcode="shl(20) " fcode="shl"/>
<opset="shl_ln104/2 "/>
</bind>
</comp>

<comp id="314" class="1004" name="sext_ln104_1_fu_314">
<pin_list>
<pin id="315" dir="0" index="0" bw="7" slack="0"/>
<pin id="316" dir="1" index="1" bw="32" slack="0"/>
</pin_list>
<bind>
<opcode="sext(35) " fcode="sext"/>
<opset="sext_ln104_1/2 "/>
</bind>
</comp>

<comp id="318" class="1004" name="zext_ln104_3_fu_318">
<pin_list>
<pin id="319" dir="0" index="0" bw="7" slack="0"/>
<pin id="320" dir="1" index="1" bw="61" slack="0"/>
</pin_list>
<bind>
<opcode="zext(34) " fcode="zext"/>
<opset="zext_ln104_3/2 "/>
</bind>
</comp>

<comp id="322" class="1004" name="lshr_ln104_1_fu_322">
<pin_list>
<pin id="323" dir="0" index="0" bw="61" slack="0"/>
<pin id="324" dir="0" index="1" bw="32" slack="0"/>
<pin id="325" dir="1" index="2" bw="61" slack="0"/>
</pin_list>
<bind>
<opcode="lshr(21) " fcode="lshr"/>
<opset="lshr_ln104_1/2 "/>
</bind>
</comp>

<comp id="328" class="1004" name="trunc_ln105_fu_328">
<pin_list>
<pin id="329" dir="0" index="0" bw="61" slack="0"/>
<pin id="330" dir="1" index="1" bw="25" slack="0"/>
</pin_list>
<bind>
<opcode="trunc(33) " fcode="trunc"/>
<opset="trunc_ln105/2 "/>
</bind>
</comp>

<comp id="332" class="1004" name="trunc_ln105_1_fu_332">
<pin_list>
<pin id="333" dir="0" index="0" bw="61" slack="0"/>
<pin id="334" dir="1" index="1" bw="25" slack="0"/>
</pin_list>
<bind>
<opcode="trunc(33) " fcode="trunc"/>
<opset="trunc_ln105_1/2 "/>
</bind>
</comp>

<comp id="336" class="1004" name="select_ln105_fu_336">
<pin_list>
<pin id="337" dir="0" index="0" bw="1" slack="0"/>
<pin id="338" dir="0" index="1" bw="25" slack="0"/>
<pin id="339" dir="0" index="2" bw="25" slack="0"/>
<pin id="340" dir="1" index="3" bw="25" slack="0"/>
</pin_list>
<bind>
<opcode="select(49) " fcode="select"/>
<opset="select_ln105/2 "/>
</bind>
</comp>

<comp id="345" class="1004" name="zext_ln106_1_fu_345">
<pin_list>
<pin id="346" dir="0" index="0" bw="24" slack="0"/>
<pin id="347" dir="1" index="1" bw="60" slack="0"/>
</pin_list>
<bind>
<opcode="zext(34) " fcode="zext"/>
<opset="zext_ln106_1/2 "/>
</bind>
</comp>

<comp id="349" class="1004" name="zext_ln107_1_fu_349">
<pin_list>
<pin id="350" dir="0" index="0" bw="6" slack="0"/>
<pin id="351" dir="1" index="1" bw="60" slack="0"/>
</pin_list>
<bind>
<opcode="zext(34) " fcode="zext"/>
<opset="zext_ln107_1/2 "/>
</bind>
</comp>

<comp id="353" class="1004" name="r_shN_2_fu_353">
<pin_list>
<pin id="354" dir="0" index="0" bw="24" slack="0"/>
<pin id="355" dir="0" index="1" bw="6" slack="0"/>
<pin id="356" dir="1" index="2" bw="60" slack="0"/>
</pin_list>
<bind>
<opcode="shl(20) " fcode="shl"/>
<opset="r_shN_2/2 "/>
</bind>
</comp>

<comp id="359" class="1004" name="trunc_ln108_1_fu_359">
<pin_list>
<pin id="360" dir="0" index="0" bw="60" slack="0"/>
<pin id="361" dir="1" index="1" bw="25" slack="0"/>
</pin_list>
<bind>
<opcode="trunc(33) " fcode="trunc"/>
<opset="trunc_ln108_1/2 "/>
</bind>
</comp>

<comp id="363" class="1004" name="rem_4_fu_363">
<pin_list>
<pin id="364" dir="0" index="0" bw="25" slack="0"/>
<pin id="365" dir="0" index="1" bw="25" slack="0"/>
<pin id="366" dir="1" index="2" bw="25" slack="1"/>
</pin_list>
<bind>
<opcode="add(8) " fcode="add"/>
<opset="rem_4/2 "/>
</bind>
</comp>

<comp id="369" class="1004" name="icmp_ln109_1_fu_369">
<pin_list>
<pin id="370" dir="0" index="0" bw="25" slack="1"/>
<pin id="371" dir="0" index="1" bw="25" slack="0"/>
<pin id="372" dir="1" index="2" bw="1" slack="0"/>
</pin_list>
<bind>
<opcode="icmp(45) " fcode="icmp"/>
<opset="icmp_ln109_1/3 "/>
</bind>
</comp>

<comp id="374" class="1004" name="rem_5_fu_374">
<pin_list>
<pin id="375" dir="0" index="0" bw="25" slack="1"/>
<pin id="376" dir="0" index="1" bw="25" slack="0"/>
<pin id="377" dir="1" index="2" bw="25" slack="0"/>
</pin_list>
<bind>
<opcode="add(8) " fcode="add"/>
<opset="rem_5/3 "/>
</bind>
</comp>

<comp id="379" class="1004" name="rem_6_fu_379">
<pin_list>
<pin id="380" dir="0" index="0" bw="1" slack="0"/>
<pin id="381" dir="0" index="1" bw="25" slack="0"/>
<pin id="382" dir="0" index="2" bw="25" slack="1"/>
<pin id="383" dir="1" index="3" bw="25" slack="0"/>
</pin_list>
<bind>
<opcode="select(49) " fcode="select"/>
<opset="rem_6/3 "/>
</bind>
</comp>

<comp id="386" class="1004" name="trunc_ln91_1_fu_386">
<pin_list>
<pin id="387" dir="0" index="0" bw="25" slack="0"/>
<pin id="388" dir="1" index="1" bw="24" slack="0"/>
</pin_list>
<bind>
<opcode="trunc(33) " fcode="trunc"/>
<opset="trunc_ln91_1/3 "/>
</bind>
</comp>

<comp id="390" class="1004" name="icmp_ln111_1_fu_390">
<pin_list>
<pin id="391" dir="0" index="0" bw="25" slack="0"/>
<pin id="392" dir="0" index="1" bw="25" slack="0"/>
<pin id="393" dir="1" index="2" bw="1" slack="0"/>
</pin_list>
<bind>
<opcode="icmp(45) " fcode="icmp"/>
<opset="icmp_ln111_1/3 "/>
</bind>
</comp>

<comp id="396" class="1004" name="rem_7_fu_396">
<pin_list>
<pin id="397" dir="0" index="0" bw="24" slack="0"/>
<pin id="398" dir="0" index="1" bw="24" slack="0"/>
<pin id="399" dir="1" index="2" bw="24" slack="0"/>
</pin_list>
<bind>
<opcode="add(8) " fcode="add"/>
<opset="rem_7/3 "/>
</bind>
</comp>

<comp id="402" class="1004" name="r_shN_3_fu_402">
<pin_list>
<pin id="403" dir="0" index="0" bw="1" slack="0"/>
<pin id="404" dir="0" index="1" bw="24" slack="0"/>
<pin id="405" dir="0" index="2" bw="24" slack="0"/>
<pin id="406" dir="1" index="3" bw="24" slack="0"/>
</pin_list>
<bind>
<opcode="select(49) " fcode="select"/>
<opset="r_shN_3/3 "/>
</bind>
</comp>

<comp id="410" class="1004" name="zext_ln114_1_fu_410">
<pin_list>
<pin id="411" dir="0" index="0" bw="6" slack="1"/>
<pin id="412" dir="1" index="1" bw="8" slack="0"/>
</pin_list>
<bind>
<opcode="zext(34) " fcode="zext"/>
<opset="zext_ln114_1/3 "/>
</bind>
</comp>

<comp id="413" class="1004" name="i_1_fu_413">
<pin_list>
<pin id="414" dir="0" index="0" bw="8" slack="1"/>
<pin id="415" dir="0" index="1" bw="6" slack="0"/>
<pin id="416" dir="1" index="2" bw="8" slack="0"/>
</pin_list>
<bind>
<opcode="sub(10) " fcode="sub"/>
<opset="i_1/3 "/>
</bind>
</comp>

<comp id="418" class="1004" name="icmp_ln99_2_fu_418">
<pin_list>
<pin id="419" dir="0" index="0" bw="8" slack="0"/>
<pin id="420" dir="0" index="1" bw="8" slack="0"/>
<pin id="421" dir="1" index="2" bw="1" slack="0"/>
</pin_list>
<bind>
<opcode="icmp(45) " fcode="icmp"/>
<opset="icmp_ln99_2/3 "/>
</bind>
</comp>

<comp id="424" class="1004" name="shift_8_fu_424">
<pin_list>
<pin id="425" dir="0" index="0" bw="8" slack="0"/>
<pin id="426" dir="1" index="1" bw="6" slack="0"/>
</pin_list>
<bind>
<opcode="trunc(33) " fcode="trunc"/>
<opset="shift_8/3 "/>
</bind>
</comp>

<comp id="428" class="1004" name="shift_9_fu_428">
<pin_list>
<pin id="429" dir="0" index="0" bw="1" slack="0"/>
<pin id="430" dir="0" index="1" bw="6" slack="0"/>
<pin id="431" dir="0" index="2" bw="6" slack="0"/>
<pin id="432" dir="1" index="3" bw="6" slack="0"/>
</pin_list>
<bind>
<opcode="select(49) " fcode="select"/>
<opset="shift_9/3 "/>
</bind>
</comp>

<comp id="436" class="1004" name="zext_ln103_2_fu_436">
<pin_list>
<pin id="437" dir="0" index="0" bw="24" slack="0"/>
<pin id="438" dir="1" index="1" bw="61" slack="0"/>
</pin_list>
<bind>
<opcode="zext(34) " fcode="zext"/>
<opset="zext_ln103_2/3 "/>
</bind>
</comp>

<comp id="441" class="1004" name="zext_ln104_4_fu_441">
<pin_list>
<pin id="442" dir="0" index="0" bw="6" slack="0"/>
<pin id="443" dir="1" index="1" bw="7" slack="0"/>
</pin_list>
<bind>
<opcode="zext(34) " fcode="zext"/>
<opset="zext_ln104_4/3 "/>
</bind>
</comp>

<comp id="445" class="1004" name="sub_ln104_3_fu_445">
<pin_list>
<pin id="446" dir="0" index="0" bw="7" slack="0"/>
<pin id="447" dir="0" index="1" bw="6" slack="0"/>
<pin id="448" dir="1" index="2" bw="7" slack="0"/>
</pin_list>
<bind>
<opcode="sub(10) " fcode="sub"/>
<opset="sub_ln104_3/3 "/>
</bind>
</comp>

<comp id="451" class="1004" name="tmp_147_fu_451">
<pin_list>
<pin id="452" dir="0" index="0" bw="1" slack="0"/>
<pin id="453" dir="0" index="1" bw="7" slack="0"/>
<pin id="454" dir="0" index="2" bw="4" slack="0"/>
<pin id="455" dir="1" index="3" bw="1" slack="0"/>
</pin_list>
<bind>
<opcode="bitselect(1000) " fcode="bitselect"/>
<opset="tmp_147/3 "/>
</bind>
</comp>

<comp id="459" class="1004" name="sub_ln104_4_fu_459">
<pin_list>
<pin id="460" dir="0" index="0" bw="1" slack="0"/>
<pin id="461" dir="0" index="1" bw="7" slack="0"/>
<pin id="462" dir="1" index="2" bw="7" slack="0"/>
</pin_list>
<bind>
<opcode="sub(10) " fcode="sub"/>
<opset="sub_ln104_4/3 "/>
</bind>
</comp>

<comp id="465" class="1004" name="sext_ln104_2_fu_465">
<pin_list>
<pin id="466" dir="0" index="0" bw="7" slack="0"/>
<pin id="467" dir="1" index="1" bw="32" slack="0"/>
</pin_list>
<bind>
<opcode="sext(35) " fcode="sext"/>
<opset="sext_ln104_2/3 "/>
</bind>
</comp>

<comp id="469" class="1004" name="zext_ln104_5_fu_469">
<pin_list>
<pin id="470" dir="0" index="0" bw="7" slack="0"/>
<pin id="471" dir="1" index="1" bw="61" slack="0"/>
</pin_list>
<bind>
<opcode="zext(34) " fcode="zext"/>
<opset="zext_ln104_5/3 "/>
</bind>
</comp>

<comp id="473" class="1004" name="shl_ln104_1_fu_473">
<pin_list>
<pin id="474" dir="0" index="0" bw="61" slack="0"/>
<pin id="475" dir="0" index="1" bw="32" slack="0"/>
<pin id="476" dir="1" index="2" bw="61" slack="0"/>
</pin_list>
<bind>
<opcode="shl(20) " fcode="shl"/>
<opset="shl_ln104_1/3 "/>
</bind>
</comp>

<comp id="479" class="1004" name="sext_ln104_3_fu_479">
<pin_list>
<pin id="480" dir="0" index="0" bw="7" slack="0"/>
<pin id="481" dir="1" index="1" bw="32" slack="0"/>
</pin_list>
<bind>
<opcode="sext(35) " fcode="sext"/>
<opset="sext_ln104_3/3 "/>
</bind>
</comp>

<comp id="483" class="1004" name="zext_ln104_6_fu_483">
<pin_list>
<pin id="484" dir="0" index="0" bw="7" slack="0"/>
<pin id="485" dir="1" index="1" bw="61" slack="0"/>
</pin_list>
<bind>
<opcode="zext(34) " fcode="zext"/>
<opset="zext_ln104_6/3 "/>
</bind>
</comp>

<comp id="487" class="1004" name="lshr_ln104_2_fu_487">
<pin_list>
<pin id="488" dir="0" index="0" bw="61" slack="0"/>
<pin id="489" dir="0" index="1" bw="32" slack="0"/>
<pin id="490" dir="1" index="2" bw="61" slack="0"/>
</pin_list>
<bind>
<opcode="lshr(21) " fcode="lshr"/>
<opset="lshr_ln104_2/3 "/>
</bind>
</comp>

<comp id="493" class="1004" name="trunc_ln105_2_fu_493">
<pin_list>
<pin id="494" dir="0" index="0" bw="61" slack="0"/>
<pin id="495" dir="1" index="1" bw="25" slack="0"/>
</pin_list>
<bind>
<opcode="trunc(33) " fcode="trunc"/>
<opset="trunc_ln105_2/3 "/>
</bind>
</comp>

<comp id="497" class="1004" name="trunc_ln105_3_fu_497">
<pin_list>
<pin id="498" dir="0" index="0" bw="61" slack="0"/>
<pin id="499" dir="1" index="1" bw="25" slack="0"/>
</pin_list>
<bind>
<opcode="trunc(33) " fcode="trunc"/>
<opset="trunc_ln105_3/3 "/>
</bind>
</comp>

<comp id="501" class="1004" name="select_ln105_1_fu_501">
<pin_list>
<pin id="502" dir="0" index="0" bw="1" slack="0"/>
<pin id="503" dir="0" index="1" bw="25" slack="0"/>
<pin id="504" dir="0" index="2" bw="25" slack="0"/>
<pin id="505" dir="1" index="3" bw="25" slack="1"/>
</pin_list>
<bind>
<opcode="select(49) " fcode="select"/>
<opset="select_ln105_1/3 "/>
</bind>
</comp>

<comp id="509" class="1004" name="sext_ln85_fu_509">
<pin_list>
<pin id="510" dir="0" index="0" bw="8" slack="1"/>
<pin id="511" dir="1" index="1" bw="9" slack="0"/>
</pin_list>
<bind>
<opcode="sext(35) " fcode="sext"/>
<opset="sext_ln85/4 "/>
</bind>
</comp>

<comp id="512" class="1004" name="zext_ln106_2_fu_512">
<pin_list>
<pin id="513" dir="0" index="0" bw="24" slack="1"/>
<pin id="514" dir="1" index="1" bw="60" slack="0"/>
</pin_list>
<bind>
<opcode="zext(34) " fcode="zext"/>
<opset="zext_ln106_2/4 "/>
</bind>
</comp>

<comp id="515" class="1004" name="zext_ln107_2_fu_515">
<pin_list>
<pin id="516" dir="0" index="0" bw="6" slack="1"/>
<pin id="517" dir="1" index="1" bw="60" slack="0"/>
</pin_list>
<bind>
<opcode="zext(34) " fcode="zext"/>
<opset="zext_ln107_2/4 "/>
</bind>
</comp>

<comp id="518" class="1004" name="r_shN_4_fu_518">
<pin_list>
<pin id="519" dir="0" index="0" bw="24" slack="0"/>
<pin id="520" dir="0" index="1" bw="6" slack="0"/>
<pin id="521" dir="1" index="2" bw="60" slack="0"/>
</pin_list>
<bind>
<opcode="shl(20) " fcode="shl"/>
<opset="r_shN_4/4 "/>
</bind>
</comp>

<comp id="524" class="1004" name="trunc_ln108_2_fu_524">
<pin_list>
<pin id="525" dir="0" index="0" bw="60" slack="0"/>
<pin id="526" dir="1" index="1" bw="25" slack="0"/>
</pin_list>
<bind>
<opcode="trunc(33) " fcode="trunc"/>
<opset="trunc_ln108_2/4 "/>
</bind>
</comp>

<comp id="528" class="1004" name="rem_8_fu_528">
<pin_list>
<pin id="529" dir="0" index="0" bw="25" slack="0"/>
<pin id="530" dir="0" index="1" bw="25" slack="0"/>
<pin id="531" dir="1" index="2" bw="25" slack="0"/>
</pin_list>
<bind>
<opcode="add(8) " fcode="add"/>
<opset="rem_8/4 "/>
</bind>
</comp>

<comp id="534" class="1004" name="icmp_ln109_2_fu_534">
<pin_list>
<pin id="535" dir="0" index="0" bw="25" slack="0"/>
<pin id="536" dir="0" index="1" bw="25" slack="0"/>
<pin id="537" dir="1" index="2" bw="1" slack="0"/>
</pin_list>
<bind>
<opcode="icmp(45) " fcode="icmp"/>
<opset="icmp_ln109_2/4 "/>
</bind>
</comp>

<comp id="540" class="1004" name="rem_9_fu_540">
<pin_list>
<pin id="541" dir="0" index="0" bw="25" slack="0"/>
<pin id="542" dir="0" index="1" bw="25" slack="0"/>
<pin id="543" dir="1" index="2" bw="25" slack="0"/>
</pin_list>
<bind>
<opcode="add(8) " fcode="add"/>
<opset="rem_9/4 "/>
</bind>
</comp>

<comp id="546" class="1004" name="rem_10_fu_546">
<pin_list>
<pin id="547" dir="0" index="0" bw="1" slack="0"/>
<pin id="548" dir="0" index="1" bw="25" slack="0"/>
<pin id="549" dir="0" index="2" bw="25" slack="0"/>
<pin id="550" dir="1" index="3" bw="25" slack="0"/>
</pin_list>
<bind>
<opcode="select(49) " fcode="select"/>
<opset="rem_10/4 "/>
</bind>
</comp>

<comp id="554" class="1004" name="trunc_ln91_2_fu_554">
<pin_list>
<pin id="555" dir="0" index="0" bw="25" slack="0"/>
<pin id="556" dir="1" index="1" bw="24" slack="0"/>
</pin_list>
<bind>
<opcode="trunc(33) " fcode="trunc"/>
<opset="trunc_ln91_2/4 "/>
</bind>
</comp>

<comp id="558" class="1004" name="icmp_ln111_2_fu_558">
<pin_list>
<pin id="559" dir="0" index="0" bw="25" slack="0"/>
<pin id="560" dir="0" index="1" bw="25" slack="0"/>
<pin id="561" dir="1" index="2" bw="1" slack="0"/>
</pin_list>
<bind>
<opcode="icmp(45) " fcode="icmp"/>
<opset="icmp_ln111_2/4 "/>
</bind>
</comp>

<comp id="564" class="1004" name="rem_11_fu_564">
<pin_list>
<pin id="565" dir="0" index="0" bw="24" slack="0"/>
<pin id="566" dir="0" index="1" bw="24" slack="0"/>
<pin id="567" dir="1" index="2" bw="24" slack="0"/>
</pin_list>
<bind>
<opcode="add(8) " fcode="add"/>
<opset="rem_11/4 "/>
</bind>
</comp>

<comp id="570" class="1004" name="r_shN_5_fu_570">
<pin_list>
<pin id="571" dir="0" index="0" bw="1" slack="0"/>
<pin id="572" dir="0" index="1" bw="24" slack="0"/>
<pin id="573" dir="0" index="2" bw="24" slack="0"/>
<pin id="574" dir="1" index="3" bw="24" slack="0"/>
</pin_list>
<bind>
<opcode="select(49) " fcode="select"/>
<opset="r_shN_5/4 "/>
</bind>
</comp>

<comp id="578" class="1004" name="zext_ln114_2_fu_578">
<pin_list>
<pin id="579" dir="0" index="0" bw="6" slack="1"/>
<pin id="580" dir="1" index="1" bw="9" slack="0"/>
</pin_list>
<bind>
<opcode="zext(34) " fcode="zext"/>
<opset="zext_ln114_2/4 "/>
</bind>
</comp>

<comp id="581" class="1004" name="i_2_fu_581">
<pin_list>
<pin id="582" dir="0" index="0" bw="8" slack="0"/>
<pin id="583" dir="0" index="1" bw="6" slack="0"/>
<pin id="584" dir="1" index="2" bw="9" slack="0"/>
</pin_list>
<bind>
<opcode="sub(10) " fcode="sub"/>
<opset="i_2/4 "/>
</bind>
</comp>

<comp id="587" class="1004" name="icmp_ln99_3_fu_587">
<pin_list>
<pin id="588" dir="0" index="0" bw="9" slack="0"/>
<pin id="589" dir="0" index="1" bw="9" slack="0"/>
<pin id="590" dir="1" index="2" bw="1" slack="0"/>
</pin_list>
<bind>
<opcode="icmp(45) " fcode="icmp"/>
<opset="icmp_ln99_3/4 "/>
</bind>
</comp>

<comp id="593" class="1004" name="shift_10_fu_593">
<pin_list>
<pin id="594" dir="0" index="0" bw="9" slack="0"/>
<pin id="595" dir="1" index="1" bw="6" slack="0"/>
</pin_list>
<bind>
<opcode="trunc(33) " fcode="trunc"/>
<opset="shift_10/4 "/>
</bind>
</comp>

<comp id="597" class="1004" name="shift_11_fu_597">
<pin_list>
<pin id="598" dir="0" index="0" bw="1" slack="0"/>
<pin id="599" dir="0" index="1" bw="6" slack="0"/>
<pin id="600" dir="0" index="2" bw="6" slack="0"/>
<pin id="601" dir="1" index="3" bw="6" slack="1"/>
</pin_list>
<bind>
<opcode="select(49) " fcode="select"/>
<opset="shift_11/4 "/>
</bind>
</comp>

<comp id="605" class="1004" name="zext_ln103_3_fu_605">
<pin_list>
<pin id="606" dir="0" index="0" bw="24" slack="0"/>
<pin id="607" dir="1" index="1" bw="61" slack="0"/>
</pin_list>
<bind>
<opcode="zext(34) " fcode="zext"/>
<opset="zext_ln103_3/4 "/>
</bind>
</comp>

<comp id="610" class="1004" name="zext_ln104_7_fu_610">
<pin_list>
<pin id="611" dir="0" index="0" bw="6" slack="1"/>
<pin id="612" dir="1" index="1" bw="7" slack="0"/>
</pin_list>
<bind>
<opcode="zext(34) " fcode="zext"/>
<opset="zext_ln104_7/5 "/>
</bind>
</comp>

<comp id="613" class="1004" name="sub_ln104_5_fu_613">
<pin_list>
<pin id="614" dir="0" index="0" bw="7" slack="0"/>
<pin id="615" dir="0" index="1" bw="6" slack="0"/>
<pin id="616" dir="1" index="2" bw="7" slack="0"/>
</pin_list>
<bind>
<opcode="sub(10) " fcode="sub"/>
<opset="sub_ln104_5/5 "/>
</bind>
</comp>

<comp id="619" class="1004" name="tmp_148_fu_619">
<pin_list>
<pin id="620" dir="0" index="0" bw="1" slack="0"/>
<pin id="621" dir="0" index="1" bw="7" slack="0"/>
<pin id="622" dir="0" index="2" bw="4" slack="0"/>
<pin id="623" dir="1" index="3" bw="1" slack="0"/>
</pin_list>
<bind>
<opcode="bitselect(1000) " fcode="bitselect"/>
<opset="tmp_148/5 "/>
</bind>
</comp>

<comp id="627" class="1004" name="sub_ln104_6_fu_627">
<pin_list>
<pin id="628" dir="0" index="0" bw="1" slack="0"/>
<pin id="629" dir="0" index="1" bw="7" slack="0"/>
<pin id="630" dir="1" index="2" bw="7" slack="0"/>
</pin_list>
<bind>
<opcode="sub(10) " fcode="sub"/>
<opset="sub_ln104_6/5 "/>
</bind>
</comp>

<comp id="633" class="1004" name="sext_ln104_4_fu_633">
<pin_list>
<pin id="634" dir="0" index="0" bw="7" slack="0"/>
<pin id="635" dir="1" index="1" bw="32" slack="0"/>
</pin_list>
<bind>
<opcode="sext(35) " fcode="sext"/>
<opset="sext_ln104_4/5 "/>
</bind>
</comp>

<comp id="637" class="1004" name="zext_ln104_8_fu_637">
<pin_list>
<pin id="638" dir="0" index="0" bw="7" slack="0"/>
<pin id="639" dir="1" index="1" bw="61" slack="0"/>
</pin_list>
<bind>
<opcode="zext(34) " fcode="zext"/>
<opset="zext_ln104_8/5 "/>
</bind>
</comp>

<comp id="641" class="1004" name="shl_ln104_2_fu_641">
<pin_list>
<pin id="642" dir="0" index="0" bw="61" slack="1"/>
<pin id="643" dir="0" index="1" bw="32" slack="0"/>
<pin id="644" dir="1" index="2" bw="61" slack="0"/>
</pin_list>
<bind>
<opcode="shl(20) " fcode="shl"/>
<opset="shl_ln104_2/5 "/>
</bind>
</comp>

<comp id="646" class="1004" name="sext_ln104_5_fu_646">
<pin_list>
<pin id="647" dir="0" index="0" bw="7" slack="0"/>
<pin id="648" dir="1" index="1" bw="32" slack="0"/>
</pin_list>
<bind>
<opcode="sext(35) " fcode="sext"/>
<opset="sext_ln104_5/5 "/>
</bind>
</comp>

<comp id="650" class="1004" name="zext_ln104_9_fu_650">
<pin_list>
<pin id="651" dir="0" index="0" bw="7" slack="0"/>
<pin id="652" dir="1" index="1" bw="61" slack="0"/>
</pin_list>
<bind>
<opcode="zext(34) " fcode="zext"/>
<opset="zext_ln104_9/5 "/>
</bind>
</comp>

<comp id="654" class="1004" name="lshr_ln104_3_fu_654">
<pin_list>
<pin id="655" dir="0" index="0" bw="61" slack="1"/>
<pin id="656" dir="0" index="1" bw="32" slack="0"/>
<pin id="657" dir="1" index="2" bw="61" slack="0"/>
</pin_list>
<bind>
<opcode="lshr(21) " fcode="lshr"/>
<opset="lshr_ln104_3/5 "/>
</bind>
</comp>

<comp id="659" class="1004" name="trunc_ln105_4_fu_659">
<pin_list>
<pin id="660" dir="0" index="0" bw="61" slack="0"/>
<pin id="661" dir="1" index="1" bw="25" slack="0"/>
</pin_list>
<bind>
<opcode="trunc(33) " fcode="trunc"/>
<opset="trunc_ln105_4/5 "/>
</bind>
</comp>

<comp id="663" class="1004" name="trunc_ln105_5_fu_663">
<pin_list>
<pin id="664" dir="0" index="0" bw="61" slack="0"/>
<pin id="665" dir="1" index="1" bw="25" slack="0"/>
</pin_list>
<bind>
<opcode="trunc(33) " fcode="trunc"/>
<opset="trunc_ln105_5/5 "/>
</bind>
</comp>

<comp id="667" class="1004" name="select_ln105_2_fu_667">
<pin_list>
<pin id="668" dir="0" index="0" bw="1" slack="0"/>
<pin id="669" dir="0" index="1" bw="25" slack="0"/>
<pin id="670" dir="0" index="2" bw="25" slack="0"/>
<pin id="671" dir="1" index="3" bw="25" slack="0"/>
</pin_list>
<bind>
<opcode="select(49) " fcode="select"/>
<opset="select_ln105_2/5 "/>
</bind>
</comp>

<comp id="676" class="1004" name="zext_ln106_3_fu_676">
<pin_list>
<pin id="677" dir="0" index="0" bw="24" slack="1"/>
<pin id="678" dir="1" index="1" bw="60" slack="0"/>
</pin_list>
<bind>
<opcode="zext(34) " fcode="zext"/>
<opset="zext_ln106_3/5 "/>
</bind>
</comp>

<comp id="679" class="1004" name="zext_ln107_3_fu_679">
<pin_list>
<pin id="680" dir="0" index="0" bw="6" slack="1"/>
<pin id="681" dir="1" index="1" bw="60" slack="0"/>
</pin_list>
<bind>
<opcode="zext(34) " fcode="zext"/>
<opset="zext_ln107_3/5 "/>
</bind>
</comp>

<comp id="682" class="1004" name="r_shN_6_fu_682">
<pin_list>
<pin id="683" dir="0" index="0" bw="24" slack="0"/>
<pin id="684" dir="0" index="1" bw="6" slack="0"/>
<pin id="685" dir="1" index="2" bw="60" slack="0"/>
</pin_list>
<bind>
<opcode="shl(20) " fcode="shl"/>
<opset="r_shN_6/5 "/>
</bind>
</comp>

<comp id="688" class="1004" name="trunc_ln108_3_fu_688">
<pin_list>
<pin id="689" dir="0" index="0" bw="60" slack="0"/>
<pin id="690" dir="1" index="1" bw="25" slack="0"/>
</pin_list>
<bind>
<opcode="trunc(33) " fcode="trunc"/>
<opset="trunc_ln108_3/5 "/>
</bind>
</comp>

<comp id="692" class="1004" name="rem_12_fu_692">
<pin_list>
<pin id="693" dir="0" index="0" bw="25" slack="0"/>
<pin id="694" dir="0" index="1" bw="25" slack="0"/>
<pin id="695" dir="1" index="2" bw="25" slack="0"/>
</pin_list>
<bind>
<opcode="add(8) " fcode="add"/>
<opset="rem_12/5 "/>
</bind>
</comp>

<comp id="698" class="1004" name="icmp_ln109_3_fu_698">
<pin_list>
<pin id="699" dir="0" index="0" bw="25" slack="0"/>
<pin id="700" dir="0" index="1" bw="25" slack="0"/>
<pin id="701" dir="1" index="2" bw="1" slack="0"/>
</pin_list>
<bind>
<opcode="icmp(45) " fcode="icmp"/>
<opset="icmp_ln109_3/5 "/>
</bind>
</comp>

<comp id="704" class="1004" name="rem_13_fu_704">
<pin_list>
<pin id="705" dir="0" index="0" bw="25" slack="0"/>
<pin id="706" dir="0" index="1" bw="25" slack="0"/>
<pin id="707" dir="1" index="2" bw="25" slack="0"/>
</pin_list>
<bind>
<opcode="add(8) " fcode="add"/>
<opset="rem_13/5 "/>
</bind>
</comp>

<comp id="710" class="1004" name="rem_14_fu_710">
<pin_list>
<pin id="711" dir="0" index="0" bw="1" slack="0"/>
<pin id="712" dir="0" index="1" bw="25" slack="0"/>
<pin id="713" dir="0" index="2" bw="25" slack="0"/>
<pin id="714" dir="1" index="3" bw="25" slack="0"/>
</pin_list>
<bind>
<opcode="select(49) " fcode="select"/>
<opset="rem_14/5 "/>
</bind>
</comp>

<comp id="718" class="1004" name="trunc_ln91_3_fu_718">
<pin_list>
<pin id="719" dir="0" index="0" bw="25" slack="0"/>
<pin id="720" dir="1" index="1" bw="24" slack="0"/>
</pin_list>
<bind>
<opcode="trunc(33) " fcode="trunc"/>
<opset="trunc_ln91_3/5 "/>
</bind>
</comp>

<comp id="722" class="1004" name="icmp_ln111_3_fu_722">
<pin_list>
<pin id="723" dir="0" index="0" bw="25" slack="0"/>
<pin id="724" dir="0" index="1" bw="25" slack="0"/>
<pin id="725" dir="1" index="2" bw="1" slack="0"/>
</pin_list>
<bind>
<opcode="icmp(45) " fcode="icmp"/>
<opset="icmp_ln111_3/5 "/>
</bind>
</comp>

<comp id="728" class="1004" name="rem_15_fu_728">
<pin_list>
<pin id="729" dir="0" index="0" bw="24" slack="0"/>
<pin id="730" dir="0" index="1" bw="24" slack="0"/>
<pin id="731" dir="1" index="2" bw="24" slack="0"/>
</pin_list>
<bind>
<opcode="add(8) " fcode="add"/>
<opset="rem_15/5 "/>
</bind>
</comp>

<comp id="734" class="1004" name="r_shN_7_fu_734">
<pin_list>
<pin id="735" dir="0" index="0" bw="1" slack="0"/>
<pin id="736" dir="0" index="1" bw="24" slack="0"/>
<pin id="737" dir="0" index="2" bw="24" slack="0"/>
<pin id="738" dir="1" index="3" bw="24" slack="1"/>
</pin_list>
<bind>
<opcode="select(49) " fcode="select"/>
<opset="r_shN_7/5 "/>
</bind>
</comp>

<comp id="742" class="1004" name="zext_ln114_3_fu_742">
<pin_list>
<pin id="743" dir="0" index="0" bw="6" slack="1"/>
<pin id="744" dir="1" index="1" bw="9" slack="0"/>
</pin_list>
<bind>
<opcode="zext(34) " fcode="zext"/>
<opset="zext_ln114_3/5 "/>
</bind>
</comp>

<comp id="745" class="1004" name="i_3_fu_745">
<pin_list>
<pin id="746" dir="0" index="0" bw="9" slack="1"/>
<pin id="747" dir="0" index="1" bw="6" slack="0"/>
<pin id="748" dir="1" index="2" bw="9" slack="0"/>
</pin_list>
<bind>
<opcode="sub(10) " fcode="sub"/>
<opset="i_3/5 "/>
</bind>
</comp>

<comp id="750" class="1004" name="icmp_ln99_4_fu_750">
<pin_list>
<pin id="751" dir="0" index="0" bw="9" slack="0"/>
<pin id="752" dir="0" index="1" bw="9" slack="0"/>
<pin id="753" dir="1" index="2" bw="1" slack="0"/>
</pin_list>
<bind>
<opcode="icmp(45) " fcode="icmp"/>
<opset="icmp_ln99_4/5 "/>
</bind>
</comp>

<comp id="756" class="1004" name="shift_12_fu_756">
<pin_list>
<pin id="757" dir="0" index="0" bw="9" slack="0"/>
<pin id="758" dir="1" index="1" bw="6" slack="0"/>
</pin_list>
<bind>
<opcode="trunc(33) " fcode="trunc"/>
<opset="shift_12/5 "/>
</bind>
</comp>

<comp id="760" class="1004" name="shift_13_fu_760">
<pin_list>
<pin id="761" dir="0" index="0" bw="1" slack="0"/>
<pin id="762" dir="0" index="1" bw="6" slack="0"/>
<pin id="763" dir="0" index="2" bw="6" slack="0"/>
<pin id="764" dir="1" index="3" bw="6" slack="1"/>
</pin_list>
<bind>
<opcode="select(49) " fcode="select"/>
<opset="shift_13/5 "/>
</bind>
</comp>

<comp id="768" class="1004" name="zext_ln103_4_fu_768">
<pin_list>
<pin id="769" dir="0" index="0" bw="24" slack="1"/>
<pin id="770" dir="1" index="1" bw="61" slack="0"/>
</pin_list>
<bind>
<opcode="zext(34) " fcode="zext"/>
<opset="zext_ln103_4/6 "/>
</bind>
</comp>

<comp id="772" class="1004" name="zext_ln104_10_fu_772">
<pin_list>
<pin id="773" dir="0" index="0" bw="6" slack="1"/>
<pin id="774" dir="1" index="1" bw="7" slack="0"/>
</pin_list>
<bind>
<opcode="zext(34) " fcode="zext"/>
<opset="zext_ln104_10/6 "/>
</bind>
</comp>

<comp id="775" class="1004" name="sub_ln104_7_fu_775">
<pin_list>
<pin id="776" dir="0" index="0" bw="7" slack="0"/>
<pin id="777" dir="0" index="1" bw="6" slack="0"/>
<pin id="778" dir="1" index="2" bw="7" slack="0"/>
</pin_list>
<bind>
<opcode="sub(10) " fcode="sub"/>
<opset="sub_ln104_7/6 "/>
</bind>
</comp>

<comp id="781" class="1004" name="tmp_149_fu_781">
<pin_list>
<pin id="782" dir="0" index="0" bw="1" slack="0"/>
<pin id="783" dir="0" index="1" bw="7" slack="0"/>
<pin id="784" dir="0" index="2" bw="4" slack="0"/>
<pin id="785" dir="1" index="3" bw="1" slack="0"/>
</pin_list>
<bind>
<opcode="bitselect(1000) " fcode="bitselect"/>
<opset="tmp_149/6 "/>
</bind>
</comp>

<comp id="789" class="1004" name="sub_ln104_8_fu_789">
<pin_list>
<pin id="790" dir="0" index="0" bw="1" slack="0"/>
<pin id="791" dir="0" index="1" bw="7" slack="0"/>
<pin id="792" dir="1" index="2" bw="7" slack="0"/>
</pin_list>
<bind>
<opcode="sub(10) " fcode="sub"/>
<opset="sub_ln104_8/6 "/>
</bind>
</comp>

<comp id="795" class="1004" name="sext_ln104_6_fu_795">
<pin_list>
<pin id="796" dir="0" index="0" bw="7" slack="0"/>
<pin id="797" dir="1" index="1" bw="32" slack="0"/>
</pin_list>
<bind>
<opcode="sext(35) " fcode="sext"/>
<opset="sext_ln104_6/6 "/>
</bind>
</comp>

<comp id="799" class="1004" name="zext_ln104_11_fu_799">
<pin_list>
<pin id="800" dir="0" index="0" bw="7" slack="0"/>
<pin id="801" dir="1" index="1" bw="61" slack="0"/>
</pin_list>
<bind>
<opcode="zext(34) " fcode="zext"/>
<opset="zext_ln104_11/6 "/>
</bind>
</comp>

<comp id="803" class="1004" name="shl_ln104_3_fu_803">
<pin_list>
<pin id="804" dir="0" index="0" bw="61" slack="0"/>
<pin id="805" dir="0" index="1" bw="32" slack="0"/>
<pin id="806" dir="1" index="2" bw="61" slack="0"/>
</pin_list>
<bind>
<opcode="shl(20) " fcode="shl"/>
<opset="shl_ln104_3/6 "/>
</bind>
</comp>

<comp id="809" class="1004" name="sext_ln104_7_fu_809">
<pin_list>
<pin id="810" dir="0" index="0" bw="7" slack="0"/>
<pin id="811" dir="1" index="1" bw="32" slack="0"/>
</pin_list>
<bind>
<opcode="sext(35) " fcode="sext"/>
<opset="sext_ln104_7/6 "/>
</bind>
</comp>

<comp id="813" class="1004" name="zext_ln104_12_fu_813">
<pin_list>
<pin id="814" dir="0" index="0" bw="7" slack="0"/>
<pin id="815" dir="1" index="1" bw="61" slack="0"/>
</pin_list>
<bind>
<opcode="zext(34) " fcode="zext"/>
<opset="zext_ln104_12/6 "/>
</bind>
</comp>

<comp id="817" class="1004" name="lshr_ln104_4_fu_817">
<pin_list>
<pin id="818" dir="0" index="0" bw="61" slack="0"/>
<pin id="819" dir="0" index="1" bw="32" slack="0"/>
<pin id="820" dir="1" index="2" bw="61" slack="0"/>
</pin_list>
<bind>
<opcode="lshr(21) " fcode="lshr"/>
<opset="lshr_ln104_4/6 "/>
</bind>
</comp>

<comp id="823" class="1004" name="trunc_ln105_6_fu_823">
<pin_list>
<pin id="824" dir="0" index="0" bw="61" slack="0"/>
<pin id="825" dir="1" index="1" bw="25" slack="0"/>
</pin_list>
<bind>
<opcode="trunc(33) " fcode="trunc"/>
<opset="trunc_ln105_6/6 "/>
</bind>
</comp>

<comp id="827" class="1004" name="trunc_ln105_7_fu_827">
<pin_list>
<pin id="828" dir="0" index="0" bw="61" slack="0"/>
<pin id="829" dir="1" index="1" bw="25" slack="0"/>
</pin_list>
<bind>
<opcode="trunc(33) " fcode="trunc"/>
<opset="trunc_ln105_7/6 "/>
</bind>
</comp>

<comp id="831" class="1004" name="select_ln105_3_fu_831">
<pin_list>
<pin id="832" dir="0" index="0" bw="1" slack="0"/>
<pin id="833" dir="0" index="1" bw="25" slack="0"/>
<pin id="834" dir="0" index="2" bw="25" slack="0"/>
<pin id="835" dir="1" index="3" bw="25" slack="0"/>
</pin_list>
<bind>
<opcode="select(49) " fcode="select"/>
<opset="select_ln105_3/6 "/>
</bind>
</comp>

<comp id="840" class="1004" name="zext_ln106_4_fu_840">
<pin_list>
<pin id="841" dir="0" index="0" bw="24" slack="1"/>
<pin id="842" dir="1" index="1" bw="60" slack="0"/>
</pin_list>
<bind>
<opcode="zext(34) " fcode="zext"/>
<opset="zext_ln106_4/6 "/>
</bind>
</comp>

<comp id="843" class="1004" name="zext_ln107_4_fu_843">
<pin_list>
<pin id="844" dir="0" index="0" bw="6" slack="1"/>
<pin id="845" dir="1" index="1" bw="60" slack="0"/>
</pin_list>
<bind>
<opcode="zext(34) " fcode="zext"/>
<opset="zext_ln107_4/6 "/>
</bind>
</comp>

<comp id="846" class="1004" name="r_shN_8_fu_846">
<pin_list>
<pin id="847" dir="0" index="0" bw="24" slack="0"/>
<pin id="848" dir="0" index="1" bw="6" slack="0"/>
<pin id="849" dir="1" index="2" bw="60" slack="0"/>
</pin_list>
<bind>
<opcode="shl(20) " fcode="shl"/>
<opset="r_shN_8/6 "/>
</bind>
</comp>

<comp id="852" class="1004" name="trunc_ln108_4_fu_852">
<pin_list>
<pin id="853" dir="0" index="0" bw="60" slack="0"/>
<pin id="854" dir="1" index="1" bw="25" slack="0"/>
</pin_list>
<bind>
<opcode="trunc(33) " fcode="trunc"/>
<opset="trunc_ln108_4/6 "/>
</bind>
</comp>

<comp id="856" class="1004" name="rem_16_fu_856">
<pin_list>
<pin id="857" dir="0" index="0" bw="25" slack="0"/>
<pin id="858" dir="0" index="1" bw="25" slack="0"/>
<pin id="859" dir="1" index="2" bw="25" slack="0"/>
</pin_list>
<bind>
<opcode="add(8) " fcode="add"/>
<opset="rem_16/6 "/>
</bind>
</comp>

<comp id="862" class="1004" name="icmp_ln109_4_fu_862">
<pin_list>
<pin id="863" dir="0" index="0" bw="25" slack="0"/>
<pin id="864" dir="0" index="1" bw="25" slack="0"/>
<pin id="865" dir="1" index="2" bw="1" slack="0"/>
</pin_list>
<bind>
<opcode="icmp(45) " fcode="icmp"/>
<opset="icmp_ln109_4/6 "/>
</bind>
</comp>

<comp id="868" class="1004" name="rem_17_fu_868">
<pin_list>
<pin id="869" dir="0" index="0" bw="25" slack="0"/>
<pin id="870" dir="0" index="1" bw="25" slack="0"/>
<pin id="871" dir="1" index="2" bw="25" slack="0"/>
</pin_list>
<bind>
<opcode="add(8) " fcode="add"/>
<opset="rem_17/6 "/>
</bind>
</comp>

<comp id="874" class="1004" name="rem_18_fu_874">
<pin_list>
<pin id="875" dir="0" index="0" bw="1" slack="0"/>
<pin id="876" dir="0" index="1" bw="25" slack="0"/>
<pin id="877" dir="0" index="2" bw="25" slack="0"/>
<pin id="878" dir="1" index="3" bw="25" slack="0"/>
</pin_list>
<bind>
<opcode="select(49) " fcode="select"/>
<opset="rem_18/6 "/>
</bind>
</comp>

<comp id="882" class="1004" name="trunc_ln91_4_fu_882">
<pin_list>
<pin id="883" dir="0" index="0" bw="25" slack="0"/>
<pin id="884" dir="1" index="1" bw="24" slack="1"/>
</pin_list>
<bind>
<opcode="trunc(33) " fcode="trunc"/>
<opset="trunc_ln91_4/6 "/>
</bind>
</comp>

<comp id="886" class="1004" name="sext_ln85_1_fu_886">
<pin_list>
<pin id="887" dir="0" index="0" bw="9" slack="2"/>
<pin id="888" dir="1" index="1" bw="10" slack="0"/>
</pin_list>
<bind>
<opcode="sext(35) " fcode="sext"/>
<opset="sext_ln85_1/7 "/>
</bind>
</comp>

<comp id="889" class="1004" name="icmp_ln111_4_fu_889">
<pin_list>
<pin id="890" dir="0" index="0" bw="25" slack="1"/>
<pin id="891" dir="0" index="1" bw="25" slack="0"/>
<pin id="892" dir="1" index="2" bw="1" slack="0"/>
</pin_list>
<bind>
<opcode="icmp(45) " fcode="icmp"/>
<opset="icmp_ln111_4/7 "/>
</bind>
</comp>

<comp id="894" class="1004" name="rem_19_fu_894">
<pin_list>
<pin id="895" dir="0" index="0" bw="24" slack="1"/>
<pin id="896" dir="0" index="1" bw="24" slack="0"/>
<pin id="897" dir="1" index="2" bw="24" slack="0"/>
</pin_list>
<bind>
<opcode="add(8) " fcode="add"/>
<opset="rem_19/7 "/>
</bind>
</comp>

<comp id="899" class="1004" name="r_shN_9_fu_899">
<pin_list>
<pin id="900" dir="0" index="0" bw="1" slack="0"/>
<pin id="901" dir="0" index="1" bw="24" slack="0"/>
<pin id="902" dir="0" index="2" bw="24" slack="1"/>
<pin id="903" dir="1" index="3" bw="24" slack="0"/>
</pin_list>
<bind>
<opcode="select(49) " fcode="select"/>
<opset="r_shN_9/7 "/>
</bind>
</comp>

<comp id="906" class="1004" name="zext_ln114_4_fu_906">
<pin_list>
<pin id="907" dir="0" index="0" bw="6" slack="2"/>
<pin id="908" dir="1" index="1" bw="10" slack="0"/>
</pin_list>
<bind>
<opcode="zext(34) " fcode="zext"/>
<opset="zext_ln114_4/7 "/>
</bind>
</comp>

<comp id="909" class="1004" name="i_4_fu_909">
<pin_list>
<pin id="910" dir="0" index="0" bw="9" slack="0"/>
<pin id="911" dir="0" index="1" bw="6" slack="0"/>
<pin id="912" dir="1" index="2" bw="10" slack="0"/>
</pin_list>
<bind>
<opcode="sub(10) " fcode="sub"/>
<opset="i_4/7 "/>
</bind>
</comp>

<comp id="915" class="1004" name="icmp_ln99_5_fu_915">
<pin_list>
<pin id="916" dir="0" index="0" bw="10" slack="0"/>
<pin id="917" dir="0" index="1" bw="10" slack="0"/>
<pin id="918" dir="1" index="2" bw="1" slack="0"/>
</pin_list>
<bind>
<opcode="icmp(45) " fcode="icmp"/>
<opset="icmp_ln99_5/7 "/>
</bind>
</comp>

<comp id="921" class="1004" name="shift_14_fu_921">
<pin_list>
<pin id="922" dir="0" index="0" bw="10" slack="0"/>
<pin id="923" dir="1" index="1" bw="6" slack="0"/>
</pin_list>
<bind>
<opcode="trunc(33) " fcode="trunc"/>
<opset="shift_14/7 "/>
</bind>
</comp>

<comp id="925" class="1004" name="shift_15_fu_925">
<pin_list>
<pin id="926" dir="0" index="0" bw="1" slack="0"/>
<pin id="927" dir="0" index="1" bw="6" slack="0"/>
<pin id="928" dir="0" index="2" bw="6" slack="0"/>
<pin id="929" dir="1" index="3" bw="6" slack="0"/>
</pin_list>
<bind>
<opcode="select(49) " fcode="select"/>
<opset="shift_15/7 "/>
</bind>
</comp>

<comp id="933" class="1004" name="zext_ln103_5_fu_933">
<pin_list>
<pin id="934" dir="0" index="0" bw="24" slack="0"/>
<pin id="935" dir="1" index="1" bw="61" slack="0"/>
</pin_list>
<bind>
<opcode="zext(34) " fcode="zext"/>
<opset="zext_ln103_5/7 "/>
</bind>
</comp>

<comp id="938" class="1004" name="zext_ln104_13_fu_938">
<pin_list>
<pin id="939" dir="0" index="0" bw="6" slack="0"/>
<pin id="940" dir="1" index="1" bw="7" slack="0"/>
</pin_list>
<bind>
<opcode="zext(34) " fcode="zext"/>
<opset="zext_ln104_13/7 "/>
</bind>
</comp>

<comp id="942" class="1004" name="sub_ln104_9_fu_942">
<pin_list>
<pin id="943" dir="0" index="0" bw="7" slack="0"/>
<pin id="944" dir="0" index="1" bw="6" slack="0"/>
<pin id="945" dir="1" index="2" bw="7" slack="0"/>
</pin_list>
<bind>
<opcode="sub(10) " fcode="sub"/>
<opset="sub_ln104_9/7 "/>
</bind>
</comp>

<comp id="948" class="1004" name="tmp_150_fu_948">
<pin_list>
<pin id="949" dir="0" index="0" bw="1" slack="0"/>
<pin id="950" dir="0" index="1" bw="7" slack="0"/>
<pin id="951" dir="0" index="2" bw="4" slack="0"/>
<pin id="952" dir="1" index="3" bw="1" slack="0"/>
</pin_list>
<bind>
<opcode="bitselect(1000) " fcode="bitselect"/>
<opset="tmp_150/7 "/>
</bind>
</comp>

<comp id="956" class="1004" name="sub_ln104_10_fu_956">
<pin_list>
<pin id="957" dir="0" index="0" bw="1" slack="0"/>
<pin id="958" dir="0" index="1" bw="7" slack="0"/>
<pin id="959" dir="1" index="2" bw="7" slack="0"/>
</pin_list>
<bind>
<opcode="sub(10) " fcode="sub"/>
<opset="sub_ln104_10/7 "/>
</bind>
</comp>

<comp id="962" class="1004" name="sext_ln104_8_fu_962">
<pin_list>
<pin id="963" dir="0" index="0" bw="7" slack="0"/>
<pin id="964" dir="1" index="1" bw="32" slack="0"/>
</pin_list>
<bind>
<opcode="sext(35) " fcode="sext"/>
<opset="sext_ln104_8/7 "/>
</bind>
</comp>

<comp id="966" class="1004" name="zext_ln104_14_fu_966">
<pin_list>
<pin id="967" dir="0" index="0" bw="7" slack="0"/>
<pin id="968" dir="1" index="1" bw="61" slack="0"/>
</pin_list>
<bind>
<opcode="zext(34) " fcode="zext"/>
<opset="zext_ln104_14/7 "/>
</bind>
</comp>

<comp id="970" class="1004" name="shl_ln104_4_fu_970">
<pin_list>
<pin id="971" dir="0" index="0" bw="61" slack="0"/>
<pin id="972" dir="0" index="1" bw="32" slack="0"/>
<pin id="973" dir="1" index="2" bw="61" slack="0"/>
</pin_list>
<bind>
<opcode="shl(20) " fcode="shl"/>
<opset="shl_ln104_4/7 "/>
</bind>
</comp>

<comp id="976" class="1004" name="sext_ln104_9_fu_976">
<pin_list>
<pin id="977" dir="0" index="0" bw="7" slack="0"/>
<pin id="978" dir="1" index="1" bw="32" slack="0"/>
</pin_list>
<bind>
<opcode="sext(35) " fcode="sext"/>
<opset="sext_ln104_9/7 "/>
</bind>
</comp>

<comp id="980" class="1004" name="zext_ln104_15_fu_980">
<pin_list>
<pin id="981" dir="0" index="0" bw="7" slack="0"/>
<pin id="982" dir="1" index="1" bw="61" slack="0"/>
</pin_list>
<bind>
<opcode="zext(34) " fcode="zext"/>
<opset="zext_ln104_15/7 "/>
</bind>
</comp>

<comp id="984" class="1004" name="lshr_ln104_5_fu_984">
<pin_list>
<pin id="985" dir="0" index="0" bw="61" slack="0"/>
<pin id="986" dir="0" index="1" bw="32" slack="0"/>
<pin id="987" dir="1" index="2" bw="61" slack="0"/>
</pin_list>
<bind>
<opcode="lshr(21) " fcode="lshr"/>
<opset="lshr_ln104_5/7 "/>
</bind>
</comp>

<comp id="990" class="1004" name="trunc_ln105_8_fu_990">
<pin_list>
<pin id="991" dir="0" index="0" bw="61" slack="0"/>
<pin id="992" dir="1" index="1" bw="25" slack="0"/>
</pin_list>
<bind>
<opcode="trunc(33) " fcode="trunc"/>
<opset="trunc_ln105_8/7 "/>
</bind>
</comp>

<comp id="994" class="1004" name="trunc_ln105_9_fu_994">
<pin_list>
<pin id="995" dir="0" index="0" bw="61" slack="0"/>
<pin id="996" dir="1" index="1" bw="25" slack="0"/>
</pin_list>
<bind>
<opcode="trunc(33) " fcode="trunc"/>
<opset="trunc_ln105_9/7 "/>
</bind>
</comp>

<comp id="998" class="1004" name="select_ln105_4_fu_998">
<pin_list>
<pin id="999" dir="0" index="0" bw="1" slack="0"/>
<pin id="1000" dir="0" index="1" bw="25" slack="0"/>
<pin id="1001" dir="0" index="2" bw="25" slack="0"/>
<pin id="1002" dir="1" index="3" bw="25" slack="0"/>
</pin_list>
<bind>
<opcode="select(49) " fcode="select"/>
<opset="select_ln105_4/7 "/>
</bind>
</comp>

<comp id="1007" class="1004" name="zext_ln106_5_fu_1007">
<pin_list>
<pin id="1008" dir="0" index="0" bw="24" slack="0"/>
<pin id="1009" dir="1" index="1" bw="60" slack="0"/>
</pin_list>
<bind>
<opcode="zext(34) " fcode="zext"/>
<opset="zext_ln106_5/7 "/>
</bind>
</comp>

<comp id="1011" class="1004" name="zext_ln107_5_fu_1011">
<pin_list>
<pin id="1012" dir="0" index="0" bw="6" slack="0"/>
<pin id="1013" dir="1" index="1" bw="60" slack="0"/>
</pin_list>
<bind>
<opcode="zext(34) " fcode="zext"/>
<opset="zext_ln107_5/7 "/>
</bind>
</comp>

<comp id="1015" class="1004" name="r_shN_10_fu_1015">
<pin_list>
<pin id="1016" dir="0" index="0" bw="24" slack="0"/>
<pin id="1017" dir="0" index="1" bw="6" slack="0"/>
<pin id="1018" dir="1" index="2" bw="60" slack="0"/>
</pin_list>
<bind>
<opcode="shl(20) " fcode="shl"/>
<opset="r_shN_10/7 "/>
</bind>
</comp>

<comp id="1021" class="1004" name="trunc_ln108_5_fu_1021">
<pin_list>
<pin id="1022" dir="0" index="0" bw="60" slack="0"/>
<pin id="1023" dir="1" index="1" bw="25" slack="0"/>
</pin_list>
<bind>
<opcode="trunc(33) " fcode="trunc"/>
<opset="trunc_ln108_5/7 "/>
</bind>
</comp>

<comp id="1025" class="1004" name="rem_20_fu_1025">
<pin_list>
<pin id="1026" dir="0" index="0" bw="25" slack="0"/>
<pin id="1027" dir="0" index="1" bw="25" slack="0"/>
<pin id="1028" dir="1" index="2" bw="25" slack="1"/>
</pin_list>
<bind>
<opcode="add(8) " fcode="add"/>
<opset="rem_20/7 "/>
</bind>
</comp>

<comp id="1031" class="1004" name="zext_ln114_5_fu_1031">
<pin_list>
<pin id="1032" dir="0" index="0" bw="6" slack="0"/>
<pin id="1033" dir="1" index="1" bw="10" slack="0"/>
</pin_list>
<bind>
<opcode="zext(34) " fcode="zext"/>
<opset="zext_ln114_5/7 "/>
</bind>
</comp>

<comp id="1035" class="1004" name="i_5_fu_1035">
<pin_list>
<pin id="1036" dir="0" index="0" bw="10" slack="0"/>
<pin id="1037" dir="0" index="1" bw="6" slack="0"/>
<pin id="1038" dir="1" index="2" bw="10" slack="0"/>
</pin_list>
<bind>
<opcode="sub(10) " fcode="sub"/>
<opset="i_5/7 "/>
</bind>
</comp>

<comp id="1041" class="1004" name="icmp_ln99_6_fu_1041">
<pin_list>
<pin id="1042" dir="0" index="0" bw="10" slack="0"/>
<pin id="1043" dir="0" index="1" bw="10" slack="0"/>
<pin id="1044" dir="1" index="2" bw="1" slack="0"/>
</pin_list>
<bind>
<opcode="icmp(45) " fcode="icmp"/>
<opset="icmp_ln99_6/7 "/>
</bind>
</comp>

<comp id="1047" class="1004" name="shift_16_fu_1047">
<pin_list>
<pin id="1048" dir="0" index="0" bw="10" slack="0"/>
<pin id="1049" dir="1" index="1" bw="6" slack="0"/>
</pin_list>
<bind>
<opcode="trunc(33) " fcode="trunc"/>
<opset="shift_16/7 "/>
</bind>
</comp>

<comp id="1051" class="1004" name="shift_17_fu_1051">
<pin_list>
<pin id="1052" dir="0" index="0" bw="1" slack="0"/>
<pin id="1053" dir="0" index="1" bw="6" slack="0"/>
<pin id="1054" dir="0" index="2" bw="6" slack="0"/>
<pin id="1055" dir="1" index="3" bw="6" slack="0"/>
</pin_list>
<bind>
<opcode="select(49) " fcode="select"/>
<opset="shift_17/7 "/>
</bind>
</comp>

<comp id="1059" class="1004" name="zext_ln114_6_fu_1059">
<pin_list>
<pin id="1060" dir="0" index="0" bw="6" slack="0"/>
<pin id="1061" dir="1" index="1" bw="10" slack="0"/>
</pin_list>
<bind>
<opcode="zext(34) " fcode="zext"/>
<opset="zext_ln114_6/7 "/>
</bind>
</comp>

<comp id="1063" class="1004" name="i_6_fu_1063">
<pin_list>
<pin id="1064" dir="0" index="0" bw="10" slack="0"/>
<pin id="1065" dir="0" index="1" bw="6" slack="0"/>
<pin id="1066" dir="1" index="2" bw="10" slack="0"/>
</pin_list>
<bind>
<opcode="sub(10) " fcode="sub"/>
<opset="i_6/7 "/>
</bind>
</comp>

<comp id="1069" class="1004" name="icmp_ln99_7_fu_1069">
<pin_list>
<pin id="1070" dir="0" index="0" bw="10" slack="0"/>
<pin id="1071" dir="0" index="1" bw="10" slack="0"/>
<pin id="1072" dir="1" index="2" bw="1" slack="0"/>
</pin_list>
<bind>
<opcode="icmp(45) " fcode="icmp"/>
<opset="icmp_ln99_7/7 "/>
</bind>
</comp>

<comp id="1075" class="1004" name="shift_18_fu_1075">
<pin_list>
<pin id="1076" dir="0" index="0" bw="10" slack="0"/>
<pin id="1077" dir="1" index="1" bw="6" slack="0"/>
</pin_list>
<bind>
<opcode="trunc(33) " fcode="trunc"/>
<opset="shift_18/7 "/>
</bind>
</comp>

<comp id="1079" class="1004" name="shift_19_fu_1079">
<pin_list>
<pin id="1080" dir="0" index="0" bw="1" slack="0"/>
<pin id="1081" dir="0" index="1" bw="6" slack="0"/>
<pin id="1082" dir="0" index="2" bw="6" slack="0"/>
<pin id="1083" dir="1" index="3" bw="6" slack="3"/>
</pin_list>
<bind>
<opcode="select(49) " fcode="select"/>
<opset="shift_19/7 "/>
</bind>
</comp>

<comp id="1087" class="1004" name="icmp_ln109_5_fu_1087">
<pin_list>
<pin id="1088" dir="0" index="0" bw="25" slack="1"/>
<pin id="1089" dir="0" index="1" bw="25" slack="0"/>
<pin id="1090" dir="1" index="2" bw="1" slack="0"/>
</pin_list>
<bind>
<opcode="icmp(45) " fcode="icmp"/>
<opset="icmp_ln109_5/8 "/>
</bind>
</comp>

<comp id="1092" class="1004" name="rem_21_fu_1092">
<pin_list>
<pin id="1093" dir="0" index="0" bw="25" slack="1"/>
<pin id="1094" dir="0" index="1" bw="25" slack="0"/>
<pin id="1095" dir="1" index="2" bw="25" slack="0"/>
</pin_list>
<bind>
<opcode="add(8) " fcode="add"/>
<opset="rem_21/8 "/>
</bind>
</comp>

<comp id="1097" class="1004" name="rem_22_fu_1097">
<pin_list>
<pin id="1098" dir="0" index="0" bw="1" slack="0"/>
<pin id="1099" dir="0" index="1" bw="25" slack="0"/>
<pin id="1100" dir="0" index="2" bw="25" slack="1"/>
<pin id="1101" dir="1" index="3" bw="25" slack="0"/>
</pin_list>
<bind>
<opcode="select(49) " fcode="select"/>
<opset="rem_22/8 "/>
</bind>
</comp>

<comp id="1104" class="1004" name="trunc_ln91_5_fu_1104">
<pin_list>
<pin id="1105" dir="0" index="0" bw="25" slack="0"/>
<pin id="1106" dir="1" index="1" bw="24" slack="0"/>
</pin_list>
<bind>
<opcode="trunc(33) " fcode="trunc"/>
<opset="trunc_ln91_5/8 "/>
</bind>
</comp>

<comp id="1108" class="1004" name="icmp_ln111_5_fu_1108">
<pin_list>
<pin id="1109" dir="0" index="0" bw="25" slack="0"/>
<pin id="1110" dir="0" index="1" bw="25" slack="0"/>
<pin id="1111" dir="1" index="2" bw="1" slack="0"/>
</pin_list>
<bind>
<opcode="icmp(45) " fcode="icmp"/>
<opset="icmp_ln111_5/8 "/>
</bind>
</comp>

<comp id="1114" class="1004" name="rem_23_fu_1114">
<pin_list>
<pin id="1115" dir="0" index="0" bw="24" slack="0"/>
<pin id="1116" dir="0" index="1" bw="24" slack="0"/>
<pin id="1117" dir="1" index="2" bw="24" slack="0"/>
</pin_list>
<bind>
<opcode="add(8) " fcode="add"/>
<opset="rem_23/8 "/>
</bind>
</comp>

<comp id="1120" class="1004" name="r_shN_11_fu_1120">
<pin_list>
<pin id="1121" dir="0" index="0" bw="1" slack="0"/>
<pin id="1122" dir="0" index="1" bw="24" slack="0"/>
<pin id="1123" dir="0" index="2" bw="24" slack="0"/>
<pin id="1124" dir="1" index="3" bw="24" slack="0"/>
</pin_list>
<bind>
<opcode="select(49) " fcode="select"/>
<opset="r_shN_11/8 "/>
</bind>
</comp>

<comp id="1128" class="1004" name="zext_ln103_6_fu_1128">
<pin_list>
<pin id="1129" dir="0" index="0" bw="24" slack="0"/>
<pin id="1130" dir="1" index="1" bw="61" slack="0"/>
</pin_list>
<bind>
<opcode="zext(34) " fcode="zext"/>
<opset="zext_ln103_6/8 "/>
</bind>
</comp>

<comp id="1133" class="1004" name="zext_ln104_16_fu_1133">
<pin_list>
<pin id="1134" dir="0" index="0" bw="6" slack="1"/>
<pin id="1135" dir="1" index="1" bw="7" slack="0"/>
</pin_list>
<bind>
<opcode="zext(34) " fcode="zext"/>
<opset="zext_ln104_16/8 "/>
</bind>
</comp>

<comp id="1136" class="1004" name="sub_ln104_11_fu_1136">
<pin_list>
<pin id="1137" dir="0" index="0" bw="7" slack="0"/>
<pin id="1138" dir="0" index="1" bw="6" slack="0"/>
<pin id="1139" dir="1" index="2" bw="7" slack="0"/>
</pin_list>
<bind>
<opcode="sub(10) " fcode="sub"/>
<opset="sub_ln104_11/8 "/>
</bind>
</comp>

<comp id="1142" class="1004" name="tmp_151_fu_1142">
<pin_list>
<pin id="1143" dir="0" index="0" bw="1" slack="0"/>
<pin id="1144" dir="0" index="1" bw="7" slack="0"/>
<pin id="1145" dir="0" index="2" bw="4" slack="0"/>
<pin id="1146" dir="1" index="3" bw="1" slack="0"/>
</pin_list>
<bind>
<opcode="bitselect(1000) " fcode="bitselect"/>
<opset="tmp_151/8 "/>
</bind>
</comp>

<comp id="1150" class="1004" name="sub_ln104_12_fu_1150">
<pin_list>
<pin id="1151" dir="0" index="0" bw="1" slack="0"/>
<pin id="1152" dir="0" index="1" bw="7" slack="0"/>
<pin id="1153" dir="1" index="2" bw="7" slack="0"/>
</pin_list>
<bind>
<opcode="sub(10) " fcode="sub"/>
<opset="sub_ln104_12/8 "/>
</bind>
</comp>

<comp id="1156" class="1004" name="sext_ln104_10_fu_1156">
<pin_list>
<pin id="1157" dir="0" index="0" bw="7" slack="0"/>
<pin id="1158" dir="1" index="1" bw="32" slack="0"/>
</pin_list>
<bind>
<opcode="sext(35) " fcode="sext"/>
<opset="sext_ln104_10/8 "/>
</bind>
</comp>

<comp id="1160" class="1004" name="zext_ln104_17_fu_1160">
<pin_list>
<pin id="1161" dir="0" index="0" bw="7" slack="0"/>
<pin id="1162" dir="1" index="1" bw="61" slack="0"/>
</pin_list>
<bind>
<opcode="zext(34) " fcode="zext"/>
<opset="zext_ln104_17/8 "/>
</bind>
</comp>

<comp id="1164" class="1004" name="shl_ln104_5_fu_1164">
<pin_list>
<pin id="1165" dir="0" index="0" bw="61" slack="0"/>
<pin id="1166" dir="0" index="1" bw="32" slack="0"/>
<pin id="1167" dir="1" index="2" bw="61" slack="0"/>
</pin_list>
<bind>
<opcode="shl(20) " fcode="shl"/>
<opset="shl_ln104_5/8 "/>
</bind>
</comp>

<comp id="1170" class="1004" name="sext_ln104_11_fu_1170">
<pin_list>
<pin id="1171" dir="0" index="0" bw="7" slack="0"/>
<pin id="1172" dir="1" index="1" bw="32" slack="0"/>
</pin_list>
<bind>
<opcode="sext(35) " fcode="sext"/>
<opset="sext_ln104_11/8 "/>
</bind>
</comp>

<comp id="1174" class="1004" name="zext_ln104_18_fu_1174">
<pin_list>
<pin id="1175" dir="0" index="0" bw="7" slack="0"/>
<pin id="1176" dir="1" index="1" bw="61" slack="0"/>
</pin_list>
<bind>
<opcode="zext(34) " fcode="zext"/>
<opset="zext_ln104_18/8 "/>
</bind>
</comp>

<comp id="1178" class="1004" name="lshr_ln104_6_fu_1178">
<pin_list>
<pin id="1179" dir="0" index="0" bw="61" slack="0"/>
<pin id="1180" dir="0" index="1" bw="32" slack="0"/>
<pin id="1181" dir="1" index="2" bw="61" slack="0"/>
</pin_list>
<bind>
<opcode="lshr(21) " fcode="lshr"/>
<opset="lshr_ln104_6/8 "/>
</bind>
</comp>

<comp id="1184" class="1004" name="trunc_ln105_10_fu_1184">
<pin_list>
<pin id="1185" dir="0" index="0" bw="61" slack="0"/>
<pin id="1186" dir="1" index="1" bw="25" slack="0"/>
</pin_list>
<bind>
<opcode="trunc(33) " fcode="trunc"/>
<opset="trunc_ln105_10/8 "/>
</bind>
</comp>

<comp id="1188" class="1004" name="trunc_ln105_11_fu_1188">
<pin_list>
<pin id="1189" dir="0" index="0" bw="61" slack="0"/>
<pin id="1190" dir="1" index="1" bw="25" slack="0"/>
</pin_list>
<bind>
<opcode="trunc(33) " fcode="trunc"/>
<opset="trunc_ln105_11/8 "/>
</bind>
</comp>

<comp id="1192" class="1004" name="select_ln105_5_fu_1192">
<pin_list>
<pin id="1193" dir="0" index="0" bw="1" slack="0"/>
<pin id="1194" dir="0" index="1" bw="25" slack="0"/>
<pin id="1195" dir="0" index="2" bw="25" slack="0"/>
<pin id="1196" dir="1" index="3" bw="25" slack="1"/>
</pin_list>
<bind>
<opcode="select(49) " fcode="select"/>
<opset="select_ln105_5/8 "/>
</bind>
</comp>

<comp id="1200" class="1004" name="zext_ln106_6_fu_1200">
<pin_list>
<pin id="1201" dir="0" index="0" bw="24" slack="0"/>
<pin id="1202" dir="1" index="1" bw="60" slack="0"/>
</pin_list>
<bind>
<opcode="zext(34) " fcode="zext"/>
<opset="zext_ln106_6/8 "/>
</bind>
</comp>

<comp id="1204" class="1004" name="zext_ln107_6_fu_1204">
<pin_list>
<pin id="1205" dir="0" index="0" bw="6" slack="1"/>
<pin id="1206" dir="1" index="1" bw="60" slack="0"/>
</pin_list>
<bind>
<opcode="zext(34) " fcode="zext"/>
<opset="zext_ln107_6/8 "/>
</bind>
</comp>

<comp id="1207" class="1004" name="r_shN_12_fu_1207">
<pin_list>
<pin id="1208" dir="0" index="0" bw="24" slack="0"/>
<pin id="1209" dir="0" index="1" bw="6" slack="0"/>
<pin id="1210" dir="1" index="2" bw="60" slack="0"/>
</pin_list>
<bind>
<opcode="shl(20) " fcode="shl"/>
<opset="r_shN_12/8 "/>
</bind>
</comp>

<comp id="1213" class="1004" name="trunc_ln108_6_fu_1213">
<pin_list>
<pin id="1214" dir="0" index="0" bw="60" slack="0"/>
<pin id="1215" dir="1" index="1" bw="25" slack="1"/>
</pin_list>
<bind>
<opcode="trunc(33) " fcode="trunc"/>
<opset="trunc_ln108_6/8 "/>
</bind>
</comp>

<comp id="1217" class="1004" name="rem_24_fu_1217">
<pin_list>
<pin id="1218" dir="0" index="0" bw="25" slack="0"/>
<pin id="1219" dir="0" index="1" bw="25" slack="1"/>
<pin id="1220" dir="1" index="2" bw="25" slack="0"/>
</pin_list>
<bind>
<opcode="add(8) " fcode="add"/>
<opset="rem_24/9 "/>
</bind>
</comp>

<comp id="1222" class="1004" name="icmp_ln109_6_fu_1222">
<pin_list>
<pin id="1223" dir="0" index="0" bw="25" slack="0"/>
<pin id="1224" dir="0" index="1" bw="25" slack="0"/>
<pin id="1225" dir="1" index="2" bw="1" slack="0"/>
</pin_list>
<bind>
<opcode="icmp(45) " fcode="icmp"/>
<opset="icmp_ln109_6/9 "/>
</bind>
</comp>

<comp id="1228" class="1004" name="rem_25_fu_1228">
<pin_list>
<pin id="1229" dir="0" index="0" bw="25" slack="0"/>
<pin id="1230" dir="0" index="1" bw="25" slack="0"/>
<pin id="1231" dir="1" index="2" bw="25" slack="0"/>
</pin_list>
<bind>
<opcode="add(8) " fcode="add"/>
<opset="rem_25/9 "/>
</bind>
</comp>

<comp id="1234" class="1004" name="rem_26_fu_1234">
<pin_list>
<pin id="1235" dir="0" index="0" bw="1" slack="0"/>
<pin id="1236" dir="0" index="1" bw="25" slack="0"/>
<pin id="1237" dir="0" index="2" bw="25" slack="0"/>
<pin id="1238" dir="1" index="3" bw="25" slack="0"/>
</pin_list>
<bind>
<opcode="select(49) " fcode="select"/>
<opset="rem_26/9 "/>
</bind>
</comp>

<comp id="1242" class="1004" name="trunc_ln91_6_fu_1242">
<pin_list>
<pin id="1243" dir="0" index="0" bw="25" slack="0"/>
<pin id="1244" dir="1" index="1" bw="24" slack="0"/>
</pin_list>
<bind>
<opcode="trunc(33) " fcode="trunc"/>
<opset="trunc_ln91_6/9 "/>
</bind>
</comp>

<comp id="1246" class="1004" name="icmp_ln111_6_fu_1246">
<pin_list>
<pin id="1247" dir="0" index="0" bw="25" slack="0"/>
<pin id="1248" dir="0" index="1" bw="25" slack="0"/>
<pin id="1249" dir="1" index="2" bw="1" slack="0"/>
</pin_list>
<bind>
<opcode="icmp(45) " fcode="icmp"/>
<opset="icmp_ln111_6/9 "/>
</bind>
</comp>

<comp id="1252" class="1004" name="rem_27_fu_1252">
<pin_list>
<pin id="1253" dir="0" index="0" bw="24" slack="0"/>
<pin id="1254" dir="0" index="1" bw="24" slack="0"/>
<pin id="1255" dir="1" index="2" bw="24" slack="0"/>
</pin_list>
<bind>
<opcode="add(8) " fcode="add"/>
<opset="rem_27/9 "/>
</bind>
</comp>

<comp id="1258" class="1004" name="r_shN_13_fu_1258">
<pin_list>
<pin id="1259" dir="0" index="0" bw="1" slack="0"/>
<pin id="1260" dir="0" index="1" bw="24" slack="0"/>
<pin id="1261" dir="0" index="2" bw="24" slack="0"/>
<pin id="1262" dir="1" index="3" bw="24" slack="0"/>
</pin_list>
<bind>
<opcode="select(49) " fcode="select"/>
<opset="r_shN_13/9 "/>
</bind>
</comp>

<comp id="1266" class="1004" name="zext_ln103_7_fu_1266">
<pin_list>
<pin id="1267" dir="0" index="0" bw="24" slack="0"/>
<pin id="1268" dir="1" index="1" bw="61" slack="0"/>
</pin_list>
<bind>
<opcode="zext(34) " fcode="zext"/>
<opset="zext_ln103_7/9 "/>
</bind>
</comp>

<comp id="1271" class="1004" name="zext_ln104_19_fu_1271">
<pin_list>
<pin id="1272" dir="0" index="0" bw="6" slack="3"/>
<pin id="1273" dir="1" index="1" bw="7" slack="0"/>
</pin_list>
<bind>
<opcode="zext(34) " fcode="zext"/>
<opset="zext_ln104_19/10 "/>
</bind>
</comp>

<comp id="1274" class="1004" name="sub_ln104_13_fu_1274">
<pin_list>
<pin id="1275" dir="0" index="0" bw="7" slack="0"/>
<pin id="1276" dir="0" index="1" bw="6" slack="0"/>
<pin id="1277" dir="1" index="2" bw="7" slack="0"/>
</pin_list>
<bind>
<opcode="sub(10) " fcode="sub"/>
<opset="sub_ln104_13/10 "/>
</bind>
</comp>

<comp id="1280" class="1004" name="tmp_152_fu_1280">
<pin_list>
<pin id="1281" dir="0" index="0" bw="1" slack="0"/>
<pin id="1282" dir="0" index="1" bw="7" slack="0"/>
<pin id="1283" dir="0" index="2" bw="4" slack="0"/>
<pin id="1284" dir="1" index="3" bw="1" slack="0"/>
</pin_list>
<bind>
<opcode="bitselect(1000) " fcode="bitselect"/>
<opset="tmp_152/10 "/>
</bind>
</comp>

<comp id="1288" class="1004" name="sub_ln104_14_fu_1288">
<pin_list>
<pin id="1289" dir="0" index="0" bw="1" slack="0"/>
<pin id="1290" dir="0" index="1" bw="7" slack="0"/>
<pin id="1291" dir="1" index="2" bw="7" slack="0"/>
</pin_list>
<bind>
<opcode="sub(10) " fcode="sub"/>
<opset="sub_ln104_14/10 "/>
</bind>
</comp>

<comp id="1294" class="1004" name="sext_ln104_12_fu_1294">
<pin_list>
<pin id="1295" dir="0" index="0" bw="7" slack="0"/>
<pin id="1296" dir="1" index="1" bw="32" slack="0"/>
</pin_list>
<bind>
<opcode="sext(35) " fcode="sext"/>
<opset="sext_ln104_12/10 "/>
</bind>
</comp>

<comp id="1298" class="1004" name="zext_ln104_20_fu_1298">
<pin_list>
<pin id="1299" dir="0" index="0" bw="7" slack="0"/>
<pin id="1300" dir="1" index="1" bw="61" slack="0"/>
</pin_list>
<bind>
<opcode="zext(34) " fcode="zext"/>
<opset="zext_ln104_20/10 "/>
</bind>
</comp>

<comp id="1302" class="1004" name="shl_ln104_6_fu_1302">
<pin_list>
<pin id="1303" dir="0" index="0" bw="61" slack="1"/>
<pin id="1304" dir="0" index="1" bw="32" slack="0"/>
<pin id="1305" dir="1" index="2" bw="61" slack="0"/>
</pin_list>
<bind>
<opcode="shl(20) " fcode="shl"/>
<opset="shl_ln104_6/10 "/>
</bind>
</comp>

<comp id="1307" class="1004" name="sext_ln104_13_fu_1307">
<pin_list>
<pin id="1308" dir="0" index="0" bw="7" slack="0"/>
<pin id="1309" dir="1" index="1" bw="32" slack="0"/>
</pin_list>
<bind>
<opcode="sext(35) " fcode="sext"/>
<opset="sext_ln104_13/10 "/>
</bind>
</comp>

<comp id="1311" class="1004" name="zext_ln104_21_fu_1311">
<pin_list>
<pin id="1312" dir="0" index="0" bw="7" slack="0"/>
<pin id="1313" dir="1" index="1" bw="61" slack="0"/>
</pin_list>
<bind>
<opcode="zext(34) " fcode="zext"/>
<opset="zext_ln104_21/10 "/>
</bind>
</comp>

<comp id="1315" class="1004" name="lshr_ln104_7_fu_1315">
<pin_list>
<pin id="1316" dir="0" index="0" bw="61" slack="1"/>
<pin id="1317" dir="0" index="1" bw="32" slack="0"/>
<pin id="1318" dir="1" index="2" bw="61" slack="0"/>
</pin_list>
<bind>
<opcode="lshr(21) " fcode="lshr"/>
<opset="lshr_ln104_7/10 "/>
</bind>
</comp>

<comp id="1320" class="1004" name="trunc_ln105_12_fu_1320">
<pin_list>
<pin id="1321" dir="0" index="0" bw="61" slack="0"/>
<pin id="1322" dir="1" index="1" bw="25" slack="0"/>
</pin_list>
<bind>
<opcode="trunc(33) " fcode="trunc"/>
<opset="trunc_ln105_12/10 "/>
</bind>
</comp>

<comp id="1324" class="1004" name="trunc_ln105_13_fu_1324">
<pin_list>
<pin id="1325" dir="0" index="0" bw="61" slack="0"/>
<pin id="1326" dir="1" index="1" bw="25" slack="0"/>
</pin_list>
<bind>
<opcode="trunc(33) " fcode="trunc"/>
<opset="trunc_ln105_13/10 "/>
</bind>
</comp>

<comp id="1328" class="1004" name="select_ln105_6_fu_1328">
<pin_list>
<pin id="1329" dir="0" index="0" bw="1" slack="0"/>
<pin id="1330" dir="0" index="1" bw="25" slack="0"/>
<pin id="1331" dir="0" index="2" bw="25" slack="0"/>
<pin id="1332" dir="1" index="3" bw="25" slack="0"/>
</pin_list>
<bind>
<opcode="select(49) " fcode="select"/>
<opset="select_ln105_6/10 "/>
</bind>
</comp>

<comp id="1337" class="1004" name="zext_ln106_7_fu_1337">
<pin_list>
<pin id="1338" dir="0" index="0" bw="24" slack="1"/>
<pin id="1339" dir="1" index="1" bw="60" slack="0"/>
</pin_list>
<bind>
<opcode="zext(34) " fcode="zext"/>
<opset="zext_ln106_7/10 "/>
</bind>
</comp>

<comp id="1340" class="1004" name="zext_ln107_7_fu_1340">
<pin_list>
<pin id="1341" dir="0" index="0" bw="6" slack="3"/>
<pin id="1342" dir="1" index="1" bw="60" slack="0"/>
</pin_list>
<bind>
<opcode="zext(34) " fcode="zext"/>
<opset="zext_ln107_7/10 "/>
</bind>
</comp>

<comp id="1343" class="1004" name="r_shN_14_fu_1343">
<pin_list>
<pin id="1344" dir="0" index="0" bw="24" slack="0"/>
<pin id="1345" dir="0" index="1" bw="6" slack="0"/>
<pin id="1346" dir="1" index="2" bw="60" slack="0"/>
</pin_list>
<bind>
<opcode="shl(20) " fcode="shl"/>
<opset="r_shN_14/10 "/>
</bind>
</comp>

<comp id="1349" class="1004" name="trunc_ln108_7_fu_1349">
<pin_list>
<pin id="1350" dir="0" index="0" bw="60" slack="0"/>
<pin id="1351" dir="1" index="1" bw="25" slack="0"/>
</pin_list>
<bind>
<opcode="trunc(33) " fcode="trunc"/>
<opset="trunc_ln108_7/10 "/>
</bind>
</comp>

<comp id="1353" class="1004" name="rem_28_fu_1353">
<pin_list>
<pin id="1354" dir="0" index="0" bw="25" slack="0"/>
<pin id="1355" dir="0" index="1" bw="25" slack="0"/>
<pin id="1356" dir="1" index="2" bw="25" slack="0"/>
</pin_list>
<bind>
<opcode="add(8) " fcode="add"/>
<opset="rem_28/10 "/>
</bind>
</comp>

<comp id="1359" class="1004" name="icmp_ln109_7_fu_1359">
<pin_list>
<pin id="1360" dir="0" index="0" bw="25" slack="0"/>
<pin id="1361" dir="0" index="1" bw="25" slack="0"/>
<pin id="1362" dir="1" index="2" bw="1" slack="0"/>
</pin_list>
<bind>
<opcode="icmp(45) " fcode="icmp"/>
<opset="icmp_ln109_7/10 "/>
</bind>
</comp>

<comp id="1365" class="1004" name="rem_29_fu_1365">
<pin_list>
<pin id="1366" dir="0" index="0" bw="25" slack="0"/>
<pin id="1367" dir="0" index="1" bw="25" slack="0"/>
<pin id="1368" dir="1" index="2" bw="25" slack="0"/>
</pin_list>
<bind>
<opcode="add(8) " fcode="add"/>
<opset="rem_29/10 "/>
</bind>
</comp>

<comp id="1371" class="1004" name="rem_30_fu_1371">
<pin_list>
<pin id="1372" dir="0" index="0" bw="1" slack="0"/>
<pin id="1373" dir="0" index="1" bw="25" slack="0"/>
<pin id="1374" dir="0" index="2" bw="25" slack="0"/>
<pin id="1375" dir="1" index="3" bw="25" slack="0"/>
</pin_list>
<bind>
<opcode="select(49) " fcode="select"/>
<opset="rem_30/10 "/>
</bind>
</comp>

<comp id="1379" class="1004" name="trunc_ln91_7_fu_1379">
<pin_list>
<pin id="1380" dir="0" index="0" bw="25" slack="0"/>
<pin id="1381" dir="1" index="1" bw="24" slack="0"/>
</pin_list>
<bind>
<opcode="trunc(33) " fcode="trunc"/>
<opset="trunc_ln91_7/10 "/>
</bind>
</comp>

<comp id="1383" class="1004" name="icmp_ln111_7_fu_1383">
<pin_list>
<pin id="1384" dir="0" index="0" bw="25" slack="0"/>
<pin id="1385" dir="0" index="1" bw="25" slack="0"/>
<pin id="1386" dir="1" index="2" bw="1" slack="0"/>
</pin_list>
<bind>
<opcode="icmp(45) " fcode="icmp"/>
<opset="icmp_ln111_7/10 "/>
</bind>
</comp>

<comp id="1389" class="1004" name="rem_31_fu_1389">
<pin_list>
<pin id="1390" dir="0" index="0" bw="24" slack="0"/>
<pin id="1391" dir="0" index="1" bw="24" slack="0"/>
<pin id="1392" dir="1" index="2" bw="24" slack="0"/>
</pin_list>
<bind>
<opcode="add(8) " fcode="add"/>
<opset="rem_31/10 "/>
</bind>
</comp>

<comp id="1395" class="1004" name="select_ln111_fu_1395">
<pin_list>
<pin id="1396" dir="0" index="0" bw="1" slack="0"/>
<pin id="1397" dir="0" index="1" bw="24" slack="0"/>
<pin id="1398" dir="0" index="2" bw="24" slack="0"/>
<pin id="1399" dir="1" index="3" bw="24" slack="2147483647"/>
</pin_list>
<bind>
<opcode="select(49) " fcode="select"/>
<opset="select_ln111/10 "/>
</bind>
</comp>

<comp id="1403" class="1005" name="n_read_reg_1403">
<pin_list>
<pin id="1404" dir="0" index="0" bw="7" slack="1"/>
<pin id="1405" dir="1" index="1" bw="7" slack="1"/>
</pin_list>
<bind>
<opset="n_read "/>
</bind>
</comp>

<comp id="1408" class="1005" name="shift_5_reg_1408">
<pin_list>
<pin id="1409" dir="0" index="0" bw="6" slack="1"/>
<pin id="1410" dir="1" index="1" bw="6" slack="1"/>
</pin_list>
<bind>
<opset="shift_5 "/>
</bind>
</comp>

<comp id="1413" class="1005" name="rem_2_reg_1413">
<pin_list>
<pin id="1414" dir="0" index="0" bw="25" slack="1"/>
<pin id="1415" dir="1" index="1" bw="25" slack="1"/>
</pin_list>
<bind>
<opset="rem_2 "/>
</bind>
</comp>

<comp id="1418" class="1005" name="trunc_ln91_reg_1418">
<pin_list>
<pin id="1419" dir="0" index="0" bw="24" slack="1"/>
<pin id="1420" dir="1" index="1" bw="24" slack="1"/>
</pin_list>
<bind>
<opset="trunc_ln91 "/>
</bind>
</comp>

<comp id="1424" class="1005" name="i_reg_1424">
<pin_list>
<pin id="1425" dir="0" index="0" bw="8" slack="1"/>
<pin id="1426" dir="1" index="1" bw="8" slack="1"/>
</pin_list>
<bind>
<opset="i "/>
</bind>
</comp>

<comp id="1429" class="1005" name="shift_7_reg_1429">
<pin_list>
<pin id="1430" dir="0" index="0" bw="6" slack="1"/>
<pin id="1431" dir="1" index="1" bw="6" slack="1"/>
</pin_list>
<bind>
<opset="shift_7 "/>
</bind>
</comp>

<comp id="1434" class="1005" name="rem_4_reg_1434">
<pin_list>
<pin id="1435" dir="0" index="0" bw="25" slack="1"/>
<pin id="1436" dir="1" index="1" bw="25" slack="1"/>
</pin_list>
<bind>
<opset="rem_4 "/>
</bind>
</comp>

<comp id="1441" class="1005" name="r_shN_3_reg_1441">
<pin_list>
<pin id="1442" dir="0" index="0" bw="24" slack="1"/>
<pin id="1443" dir="1" index="1" bw="24" slack="1"/>
</pin_list>
<bind>
<opset="r_shN_3 "/>
</bind>
</comp>

<comp id="1446" class="1005" name="i_1_reg_1446">
<pin_list>
<pin id="1447" dir="0" index="0" bw="8" slack="1"/>
<pin id="1448" dir="1" index="1" bw="8" slack="1"/>
</pin_list>
<bind>
<opset="i_1 "/>
</bind>
</comp>

<comp id="1451" class="1005" name="shift_9_reg_1451">
<pin_list>
<pin id="1452" dir="0" index="0" bw="6" slack="1"/>
<pin id="1453" dir="1" index="1" bw="6" slack="1"/>
</pin_list>
<bind>
<opset="shift_9 "/>
</bind>
</comp>

<comp id="1457" class="1005" name="select_ln105_1_reg_1457">
<pin_list>
<pin id="1458" dir="0" index="0" bw="25" slack="1"/>
<pin id="1459" dir="1" index="1" bw="25" slack="1"/>
</pin_list>
<bind>
<opset="select_ln105_1 "/>
</bind>
</comp>

<comp id="1462" class="1005" name="r_shN_5_reg_1462">
<pin_list>
<pin id="1463" dir="0" index="0" bw="24" slack="1"/>
<pin id="1464" dir="1" index="1" bw="24" slack="1"/>
</pin_list>
<bind>
<opset="r_shN_5 "/>
</bind>
</comp>

<comp id="1467" class="1005" name="i_2_reg_1467">
<pin_list>
<pin id="1468" dir="0" index="0" bw="9" slack="1"/>
<pin id="1469" dir="1" index="1" bw="9" slack="1"/>
</pin_list>
<bind>
<opset="i_2 "/>
</bind>
</comp>

<comp id="1472" class="1005" name="shift_11_reg_1472">
<pin_list>
<pin id="1473" dir="0" index="0" bw="6" slack="1"/>
<pin id="1474" dir="1" index="1" bw="6" slack="1"/>
</pin_list>
<bind>
<opset="shift_11 "/>
</bind>
</comp>

<comp id="1479" class="1005" name="quo_3_reg_1479">
<pin_list>
<pin id="1480" dir="0" index="0" bw="61" slack="1"/>
<pin id="1481" dir="1" index="1" bw="61" slack="1"/>
</pin_list>
<bind>
<opset="quo_3 "/>
</bind>
</comp>

<comp id="1485" class="1005" name="r_shN_7_reg_1485">
<pin_list>
<pin id="1486" dir="0" index="0" bw="24" slack="1"/>
<pin id="1487" dir="1" index="1" bw="24" slack="1"/>
</pin_list>
<bind>
<opset="r_shN_7 "/>
</bind>
</comp>

<comp id="1491" class="1005" name="i_3_reg_1491">
<pin_list>
<pin id="1492" dir="0" index="0" bw="9" slack="2"/>
<pin id="1493" dir="1" index="1" bw="9" slack="2"/>
</pin_list>
<bind>
<opset="i_3 "/>
</bind>
</comp>

<comp id="1496" class="1005" name="shift_13_reg_1496">
<pin_list>
<pin id="1497" dir="0" index="0" bw="6" slack="1"/>
<pin id="1498" dir="1" index="1" bw="6" slack="1"/>
</pin_list>
<bind>
<opset="shift_13 "/>
</bind>
</comp>

<comp id="1503" class="1005" name="rem_18_reg_1503">
<pin_list>
<pin id="1504" dir="0" index="0" bw="25" slack="1"/>
<pin id="1505" dir="1" index="1" bw="25" slack="1"/>
</pin_list>
<bind>
<opset="rem_18 "/>
</bind>
</comp>

<comp id="1508" class="1005" name="trunc_ln91_4_reg_1508">
<pin_list>
<pin id="1509" dir="0" index="0" bw="24" slack="1"/>
<pin id="1510" dir="1" index="1" bw="24" slack="1"/>
</pin_list>
<bind>
<opset="trunc_ln91_4 "/>
</bind>
</comp>

<comp id="1514" class="1005" name="rem_20_reg_1514">
<pin_list>
<pin id="1515" dir="0" index="0" bw="25" slack="1"/>
<pin id="1516" dir="1" index="1" bw="25" slack="1"/>
</pin_list>
<bind>
<opset="rem_20 "/>
</bind>
</comp>

<comp id="1521" class="1005" name="shift_17_reg_1521">
<pin_list>
<pin id="1522" dir="0" index="0" bw="6" slack="1"/>
<pin id="1523" dir="1" index="1" bw="6" slack="1"/>
</pin_list>
<bind>
<opset="shift_17 "/>
</bind>
</comp>

<comp id="1527" class="1005" name="shift_19_reg_1527">
<pin_list>
<pin id="1528" dir="0" index="0" bw="6" slack="3"/>
<pin id="1529" dir="1" index="1" bw="6" slack="3"/>
</pin_list>
<bind>
<opset="shift_19 "/>
</bind>
</comp>

<comp id="1533" class="1005" name="select_ln105_5_reg_1533">
<pin_list>
<pin id="1534" dir="0" index="0" bw="25" slack="1"/>
<pin id="1535" dir="1" index="1" bw="25" slack="1"/>
</pin_list>
<bind>
<opset="select_ln105_5 "/>
</bind>
</comp>

<comp id="1538" class="1005" name="trunc_ln108_6_reg_1538">
<pin_list>
<pin id="1539" dir="0" index="0" bw="25" slack="1"/>
<pin id="1540" dir="1" index="1" bw="25" slack="1"/>
</pin_list>
<bind>
<opset="trunc_ln108_6 "/>
</bind>
</comp>

<comp id="1543" class="1005" name="r_shN_13_reg_1543">
<pin_list>
<pin id="1544" dir="0" index="0" bw="24" slack="1"/>
<pin id="1545" dir="1" index="1" bw="24" slack="1"/>
</pin_list>
<bind>
<opset="r_shN_13 "/>
</bind>
</comp>

<comp id="1548" class="1005" name="quo_7_reg_1548">
<pin_list>
<pin id="1549" dir="0" index="0" bw="61" slack="1"/>
<pin id="1550" dir="1" index="1" bw="61" slack="1"/>
</pin_list>
<bind>
<opset="quo_7 "/>
</bind>
</comp>

</comp_list>

<net_list>
<net id="44"><net_src comp="4" pin="0"/><net_sink comp="40" pin=0"/></net>

<net id="45"><net_src comp="2" pin="0"/><net_sink comp="40" pin=1"/></net>

<net id="50"><net_src comp="6" pin="0"/><net_sink comp="46" pin=0"/></net>

<net id="51"><net_src comp="0" pin="0"/><net_sink comp="46" pin=1"/></net>

<net id="56"><net_src comp="12" pin="0"/><net_sink comp="52" pin=1"/></net>

<net id="61"><net_src comp="12" pin="0"/><net_sink comp="57" pin=1"/></net>

<net id="66"><net_src comp="12" pin="0"/><net_sink comp="62" pin=1"/></net>

<net id="71"><net_src comp="12" pin="0"/><net_sink comp="67" pin=1"/></net>

<net id="76"><net_src comp="12" pin="0"/><net_sink comp="72" pin=1"/></net>

<net id="81"><net_src comp="12" pin="0"/><net_sink comp="77" pin=1"/></net>

<net id="86"><net_src comp="12" pin="0"/><net_sink comp="82" pin=1"/></net>

<net id="91"><net_src comp="12" pin="0"/><net_sink comp="87" pin=1"/></net>

<net id="96"><net_src comp="16" pin="0"/><net_sink comp="92" pin=1"/></net>

<net id="101"><net_src comp="16" pin="0"/><net_sink comp="97" pin=1"/></net>

<net id="106"><net_src comp="16" pin="0"/><net_sink comp="102" pin=1"/></net>

<net id="111"><net_src comp="16" pin="0"/><net_sink comp="107" pin=1"/></net>

<net id="116"><net_src comp="16" pin="0"/><net_sink comp="112" pin=1"/></net>

<net id="121"><net_src comp="16" pin="0"/><net_sink comp="117" pin=1"/></net>

<net id="126"><net_src comp="16" pin="0"/><net_sink comp="122" pin=1"/></net>

<net id="131"><net_src comp="16" pin="0"/><net_sink comp="127" pin=1"/></net>

<net id="136"><net_src comp="40" pin="2"/><net_sink comp="132" pin=0"/></net>

<net id="137"><net_src comp="8" pin="0"/><net_sink comp="132" pin=1"/></net>

<net id="141"><net_src comp="40" pin="2"/><net_sink comp="138" pin=0"/></net>

<net id="147"><net_src comp="132" pin="2"/><net_sink comp="142" pin=0"/></net>

<net id="148"><net_src comp="10" pin="0"/><net_sink comp="142" pin=1"/></net>

<net id="149"><net_src comp="138" pin="1"/><net_sink comp="142" pin=2"/></net>

<net id="153"><net_src comp="46" pin="2"/><net_sink comp="150" pin=0"/></net>

<net id="154"><net_src comp="150" pin="1"/><net_sink comp="52" pin=0"/></net>

<net id="159"><net_src comp="14" pin="0"/><net_sink comp="155" pin=0"/></net>

<net id="160"><net_src comp="142" pin="3"/><net_sink comp="155" pin=1"/></net>

<net id="164"><net_src comp="155" pin="2"/><net_sink comp="161" pin=0"/></net>

<net id="169"><net_src comp="52" pin="2"/><net_sink comp="165" pin=0"/></net>

<net id="170"><net_src comp="161" pin="1"/><net_sink comp="165" pin=1"/></net>

<net id="174"><net_src comp="165" pin="2"/><net_sink comp="171" pin=0"/></net>

<net id="175"><net_src comp="171" pin="1"/><net_sink comp="92" pin=0"/></net>

<net id="179"><net_src comp="46" pin="2"/><net_sink comp="176" pin=0"/></net>

<net id="183"><net_src comp="142" pin="3"/><net_sink comp="180" pin=0"/></net>

<net id="188"><net_src comp="176" pin="1"/><net_sink comp="184" pin=0"/></net>

<net id="189"><net_src comp="180" pin="1"/><net_sink comp="184" pin=1"/></net>

<net id="193"><net_src comp="184" pin="2"/><net_sink comp="190" pin=0"/></net>

<net id="198"><net_src comp="92" pin="2"/><net_sink comp="194" pin=0"/></net>

<net id="199"><net_src comp="190" pin="1"/><net_sink comp="194" pin=1"/></net>

<net id="204"><net_src comp="194" pin="2"/><net_sink comp="200" pin=0"/></net>

<net id="205"><net_src comp="18" pin="0"/><net_sink comp="200" pin=1"/></net>

<net id="210"><net_src comp="194" pin="2"/><net_sink comp="206" pin=0"/></net>

<net id="211"><net_src comp="20" pin="0"/><net_sink comp="206" pin=1"/></net>

<net id="217"><net_src comp="200" pin="2"/><net_sink comp="212" pin=0"/></net>

<net id="218"><net_src comp="206" pin="2"/><net_sink comp="212" pin=1"/></net>

<net id="219"><net_src comp="194" pin="2"/><net_sink comp="212" pin=2"/></net>

<net id="223"><net_src comp="212" pin="3"/><net_sink comp="220" pin=0"/></net>

<net id="231"><net_src comp="22" pin="0"/><net_sink comp="227" pin=1"/></net>

<net id="236"><net_src comp="24" pin="0"/><net_sink comp="232" pin=1"/></net>

<net id="242"><net_src comp="227" pin="2"/><net_sink comp="237" pin=0"/></net>

<net id="243"><net_src comp="232" pin="2"/><net_sink comp="237" pin=1"/></net>

<net id="251"><net_src comp="224" pin="1"/><net_sink comp="247" pin=0"/></net>

<net id="252"><net_src comp="244" pin="1"/><net_sink comp="247" pin=1"/></net>

<net id="257"><net_src comp="247" pin="2"/><net_sink comp="253" pin=0"/></net>

<net id="258"><net_src comp="26" pin="0"/><net_sink comp="253" pin=1"/></net>

<net id="262"><net_src comp="247" pin="2"/><net_sink comp="259" pin=0"/></net>

<net id="268"><net_src comp="253" pin="2"/><net_sink comp="263" pin=0"/></net>

<net id="269"><net_src comp="10" pin="0"/><net_sink comp="263" pin=1"/></net>

<net id="270"><net_src comp="259" pin="1"/><net_sink comp="263" pin=2"/></net>

<net id="274"><net_src comp="237" pin="3"/><net_sink comp="271" pin=0"/></net>

<net id="275"><net_src comp="271" pin="1"/><net_sink comp="57" pin=0"/></net>

<net id="279"><net_src comp="263" pin="3"/><net_sink comp="276" pin=0"/></net>

<net id="284"><net_src comp="28" pin="0"/><net_sink comp="280" pin=0"/></net>

<net id="285"><net_src comp="276" pin="1"/><net_sink comp="280" pin=1"/></net>

<net id="291"><net_src comp="30" pin="0"/><net_sink comp="286" pin=0"/></net>

<net id="292"><net_src comp="280" pin="2"/><net_sink comp="286" pin=1"/></net>

<net id="293"><net_src comp="32" pin="0"/><net_sink comp="286" pin=2"/></net>

<net id="298"><net_src comp="34" pin="0"/><net_sink comp="294" pin=0"/></net>

<net id="299"><net_src comp="280" pin="2"/><net_sink comp="294" pin=1"/></net>

<net id="303"><net_src comp="294" pin="2"/><net_sink comp="300" pin=0"/></net>

<net id="307"><net_src comp="300" pin="1"/><net_sink comp="304" pin=0"/></net>

<net id="312"><net_src comp="57" pin="2"/><net_sink comp="308" pin=0"/></net>

<net id="313"><net_src comp="304" pin="1"/><net_sink comp="308" pin=1"/></net>

<net id="317"><net_src comp="280" pin="2"/><net_sink comp="314" pin=0"/></net>

<net id="321"><net_src comp="314" pin="1"/><net_sink comp="318" pin=0"/></net>

<net id="326"><net_src comp="57" pin="2"/><net_sink comp="322" pin=0"/></net>

<net id="327"><net_src comp="318" pin="1"/><net_sink comp="322" pin=1"/></net>

<net id="331"><net_src comp="308" pin="2"/><net_sink comp="328" pin=0"/></net>

<net id="335"><net_src comp="322" pin="2"/><net_sink comp="332" pin=0"/></net>

<net id="341"><net_src comp="286" pin="3"/><net_sink comp="336" pin=0"/></net>

<net id="342"><net_src comp="328" pin="1"/><net_sink comp="336" pin=1"/></net>

<net id="343"><net_src comp="332" pin="1"/><net_sink comp="336" pin=2"/></net>

<net id="344"><net_src comp="336" pin="3"/><net_sink comp="97" pin=0"/></net>

<net id="348"><net_src comp="237" pin="3"/><net_sink comp="345" pin=0"/></net>

<net id="352"><net_src comp="263" pin="3"/><net_sink comp="349" pin=0"/></net>

<net id="357"><net_src comp="345" pin="1"/><net_sink comp="353" pin=0"/></net>

<net id="358"><net_src comp="349" pin="1"/><net_sink comp="353" pin=1"/></net>

<net id="362"><net_src comp="353" pin="2"/><net_sink comp="359" pin=0"/></net>

<net id="367"><net_src comp="97" pin="2"/><net_sink comp="363" pin=0"/></net>

<net id="368"><net_src comp="359" pin="1"/><net_sink comp="363" pin=1"/></net>

<net id="373"><net_src comp="18" pin="0"/><net_sink comp="369" pin=1"/></net>

<net id="378"><net_src comp="20" pin="0"/><net_sink comp="374" pin=1"/></net>

<net id="384"><net_src comp="369" pin="2"/><net_sink comp="379" pin=0"/></net>

<net id="385"><net_src comp="374" pin="2"/><net_sink comp="379" pin=1"/></net>

<net id="389"><net_src comp="379" pin="3"/><net_sink comp="386" pin=0"/></net>

<net id="394"><net_src comp="379" pin="3"/><net_sink comp="390" pin=0"/></net>

<net id="395"><net_src comp="22" pin="0"/><net_sink comp="390" pin=1"/></net>

<net id="400"><net_src comp="386" pin="1"/><net_sink comp="396" pin=0"/></net>

<net id="401"><net_src comp="24" pin="0"/><net_sink comp="396" pin=1"/></net>

<net id="407"><net_src comp="390" pin="2"/><net_sink comp="402" pin=0"/></net>

<net id="408"><net_src comp="396" pin="2"/><net_sink comp="402" pin=1"/></net>

<net id="409"><net_src comp="386" pin="1"/><net_sink comp="402" pin=2"/></net>

<net id="417"><net_src comp="410" pin="1"/><net_sink comp="413" pin=1"/></net>

<net id="422"><net_src comp="413" pin="2"/><net_sink comp="418" pin=0"/></net>

<net id="423"><net_src comp="26" pin="0"/><net_sink comp="418" pin=1"/></net>

<net id="427"><net_src comp="413" pin="2"/><net_sink comp="424" pin=0"/></net>

<net id="433"><net_src comp="418" pin="2"/><net_sink comp="428" pin=0"/></net>

<net id="434"><net_src comp="10" pin="0"/><net_sink comp="428" pin=1"/></net>

<net id="435"><net_src comp="424" pin="1"/><net_sink comp="428" pin=2"/></net>

<net id="439"><net_src comp="402" pin="3"/><net_sink comp="436" pin=0"/></net>

<net id="440"><net_src comp="436" pin="1"/><net_sink comp="62" pin=0"/></net>

<net id="444"><net_src comp="428" pin="3"/><net_sink comp="441" pin=0"/></net>

<net id="449"><net_src comp="28" pin="0"/><net_sink comp="445" pin=0"/></net>

<net id="450"><net_src comp="441" pin="1"/><net_sink comp="445" pin=1"/></net>

<net id="456"><net_src comp="30" pin="0"/><net_sink comp="451" pin=0"/></net>

<net id="457"><net_src comp="445" pin="2"/><net_sink comp="451" pin=1"/></net>

<net id="458"><net_src comp="32" pin="0"/><net_sink comp="451" pin=2"/></net>

<net id="463"><net_src comp="34" pin="0"/><net_sink comp="459" pin=0"/></net>

<net id="464"><net_src comp="445" pin="2"/><net_sink comp="459" pin=1"/></net>

<net id="468"><net_src comp="459" pin="2"/><net_sink comp="465" pin=0"/></net>

<net id="472"><net_src comp="465" pin="1"/><net_sink comp="469" pin=0"/></net>

<net id="477"><net_src comp="62" pin="2"/><net_sink comp="473" pin=0"/></net>

<net id="478"><net_src comp="469" pin="1"/><net_sink comp="473" pin=1"/></net>

<net id="482"><net_src comp="445" pin="2"/><net_sink comp="479" pin=0"/></net>

<net id="486"><net_src comp="479" pin="1"/><net_sink comp="483" pin=0"/></net>

<net id="491"><net_src comp="62" pin="2"/><net_sink comp="487" pin=0"/></net>

<net id="492"><net_src comp="483" pin="1"/><net_sink comp="487" pin=1"/></net>

<net id="496"><net_src comp="473" pin="2"/><net_sink comp="493" pin=0"/></net>

<net id="500"><net_src comp="487" pin="2"/><net_sink comp="497" pin=0"/></net>

<net id="506"><net_src comp="451" pin="3"/><net_sink comp="501" pin=0"/></net>

<net id="507"><net_src comp="493" pin="1"/><net_sink comp="501" pin=1"/></net>

<net id="508"><net_src comp="497" pin="1"/><net_sink comp="501" pin=2"/></net>

<net id="522"><net_src comp="512" pin="1"/><net_sink comp="518" pin=0"/></net>

<net id="523"><net_src comp="515" pin="1"/><net_sink comp="518" pin=1"/></net>

<net id="527"><net_src comp="518" pin="2"/><net_sink comp="524" pin=0"/></net>

<net id="532"><net_src comp="102" pin="2"/><net_sink comp="528" pin=0"/></net>

<net id="533"><net_src comp="524" pin="1"/><net_sink comp="528" pin=1"/></net>

<net id="538"><net_src comp="528" pin="2"/><net_sink comp="534" pin=0"/></net>

<net id="539"><net_src comp="18" pin="0"/><net_sink comp="534" pin=1"/></net>

<net id="544"><net_src comp="528" pin="2"/><net_sink comp="540" pin=0"/></net>

<net id="545"><net_src comp="20" pin="0"/><net_sink comp="540" pin=1"/></net>

<net id="551"><net_src comp="534" pin="2"/><net_sink comp="546" pin=0"/></net>

<net id="552"><net_src comp="540" pin="2"/><net_sink comp="546" pin=1"/></net>

<net id="553"><net_src comp="528" pin="2"/><net_sink comp="546" pin=2"/></net>

<net id="557"><net_src comp="546" pin="3"/><net_sink comp="554" pin=0"/></net>

<net id="562"><net_src comp="546" pin="3"/><net_sink comp="558" pin=0"/></net>

<net id="563"><net_src comp="22" pin="0"/><net_sink comp="558" pin=1"/></net>

<net id="568"><net_src comp="554" pin="1"/><net_sink comp="564" pin=0"/></net>

<net id="569"><net_src comp="24" pin="0"/><net_sink comp="564" pin=1"/></net>

<net id="575"><net_src comp="558" pin="2"/><net_sink comp="570" pin=0"/></net>

<net id="576"><net_src comp="564" pin="2"/><net_sink comp="570" pin=1"/></net>

<net id="577"><net_src comp="554" pin="1"/><net_sink comp="570" pin=2"/></net>

<net id="585"><net_src comp="509" pin="1"/><net_sink comp="581" pin=0"/></net>

<net id="586"><net_src comp="578" pin="1"/><net_sink comp="581" pin=1"/></net>

<net id="591"><net_src comp="581" pin="2"/><net_sink comp="587" pin=0"/></net>

<net id="592"><net_src comp="36" pin="0"/><net_sink comp="587" pin=1"/></net>

<net id="596"><net_src comp="581" pin="2"/><net_sink comp="593" pin=0"/></net>

<net id="602"><net_src comp="587" pin="2"/><net_sink comp="597" pin=0"/></net>

<net id="603"><net_src comp="10" pin="0"/><net_sink comp="597" pin=1"/></net>

<net id="604"><net_src comp="593" pin="1"/><net_sink comp="597" pin=2"/></net>

<net id="608"><net_src comp="570" pin="3"/><net_sink comp="605" pin=0"/></net>

<net id="609"><net_src comp="605" pin="1"/><net_sink comp="67" pin=0"/></net>

<net id="617"><net_src comp="28" pin="0"/><net_sink comp="613" pin=0"/></net>

<net id="618"><net_src comp="610" pin="1"/><net_sink comp="613" pin=1"/></net>

<net id="624"><net_src comp="30" pin="0"/><net_sink comp="619" pin=0"/></net>

<net id="625"><net_src comp="613" pin="2"/><net_sink comp="619" pin=1"/></net>

<net id="626"><net_src comp="32" pin="0"/><net_sink comp="619" pin=2"/></net>

<net id="631"><net_src comp="34" pin="0"/><net_sink comp="627" pin=0"/></net>

<net id="632"><net_src comp="613" pin="2"/><net_sink comp="627" pin=1"/></net>

<net id="636"><net_src comp="627" pin="2"/><net_sink comp="633" pin=0"/></net>

<net id="640"><net_src comp="633" pin="1"/><net_sink comp="637" pin=0"/></net>

<net id="645"><net_src comp="637" pin="1"/><net_sink comp="641" pin=1"/></net>

<net id="649"><net_src comp="613" pin="2"/><net_sink comp="646" pin=0"/></net>

<net id="653"><net_src comp="646" pin="1"/><net_sink comp="650" pin=0"/></net>

<net id="658"><net_src comp="650" pin="1"/><net_sink comp="654" pin=1"/></net>

<net id="662"><net_src comp="641" pin="2"/><net_sink comp="659" pin=0"/></net>

<net id="666"><net_src comp="654" pin="2"/><net_sink comp="663" pin=0"/></net>

<net id="672"><net_src comp="619" pin="3"/><net_sink comp="667" pin=0"/></net>

<net id="673"><net_src comp="659" pin="1"/><net_sink comp="667" pin=1"/></net>

<net id="674"><net_src comp="663" pin="1"/><net_sink comp="667" pin=2"/></net>

<net id="675"><net_src comp="667" pin="3"/><net_sink comp="107" pin=0"/></net>

<net id="686"><net_src comp="676" pin="1"/><net_sink comp="682" pin=0"/></net>

<net id="687"><net_src comp="679" pin="1"/><net_sink comp="682" pin=1"/></net>

<net id="691"><net_src comp="682" pin="2"/><net_sink comp="688" pin=0"/></net>

<net id="696"><net_src comp="107" pin="2"/><net_sink comp="692" pin=0"/></net>

<net id="697"><net_src comp="688" pin="1"/><net_sink comp="692" pin=1"/></net>

<net id="702"><net_src comp="692" pin="2"/><net_sink comp="698" pin=0"/></net>

<net id="703"><net_src comp="18" pin="0"/><net_sink comp="698" pin=1"/></net>

<net id="708"><net_src comp="692" pin="2"/><net_sink comp="704" pin=0"/></net>

<net id="709"><net_src comp="20" pin="0"/><net_sink comp="704" pin=1"/></net>

<net id="715"><net_src comp="698" pin="2"/><net_sink comp="710" pin=0"/></net>

<net id="716"><net_src comp="704" pin="2"/><net_sink comp="710" pin=1"/></net>

<net id="717"><net_src comp="692" pin="2"/><net_sink comp="710" pin=2"/></net>

<net id="721"><net_src comp="710" pin="3"/><net_sink comp="718" pin=0"/></net>

<net id="726"><net_src comp="710" pin="3"/><net_sink comp="722" pin=0"/></net>

<net id="727"><net_src comp="22" pin="0"/><net_sink comp="722" pin=1"/></net>

<net id="732"><net_src comp="718" pin="1"/><net_sink comp="728" pin=0"/></net>

<net id="733"><net_src comp="24" pin="0"/><net_sink comp="728" pin=1"/></net>

<net id="739"><net_src comp="722" pin="2"/><net_sink comp="734" pin=0"/></net>

<net id="740"><net_src comp="728" pin="2"/><net_sink comp="734" pin=1"/></net>

<net id="741"><net_src comp="718" pin="1"/><net_sink comp="734" pin=2"/></net>

<net id="749"><net_src comp="742" pin="1"/><net_sink comp="745" pin=1"/></net>

<net id="754"><net_src comp="745" pin="2"/><net_sink comp="750" pin=0"/></net>

<net id="755"><net_src comp="36" pin="0"/><net_sink comp="750" pin=1"/></net>

<net id="759"><net_src comp="745" pin="2"/><net_sink comp="756" pin=0"/></net>

<net id="765"><net_src comp="750" pin="2"/><net_sink comp="760" pin=0"/></net>

<net id="766"><net_src comp="10" pin="0"/><net_sink comp="760" pin=1"/></net>

<net id="767"><net_src comp="756" pin="1"/><net_sink comp="760" pin=2"/></net>

<net id="771"><net_src comp="768" pin="1"/><net_sink comp="72" pin=0"/></net>

<net id="779"><net_src comp="28" pin="0"/><net_sink comp="775" pin=0"/></net>

<net id="780"><net_src comp="772" pin="1"/><net_sink comp="775" pin=1"/></net>

<net id="786"><net_src comp="30" pin="0"/><net_sink comp="781" pin=0"/></net>

<net id="787"><net_src comp="775" pin="2"/><net_sink comp="781" pin=1"/></net>

<net id="788"><net_src comp="32" pin="0"/><net_sink comp="781" pin=2"/></net>

<net id="793"><net_src comp="34" pin="0"/><net_sink comp="789" pin=0"/></net>

<net id="794"><net_src comp="775" pin="2"/><net_sink comp="789" pin=1"/></net>

<net id="798"><net_src comp="789" pin="2"/><net_sink comp="795" pin=0"/></net>

<net id="802"><net_src comp="795" pin="1"/><net_sink comp="799" pin=0"/></net>

<net id="807"><net_src comp="72" pin="2"/><net_sink comp="803" pin=0"/></net>

<net id="808"><net_src comp="799" pin="1"/><net_sink comp="803" pin=1"/></net>

<net id="812"><net_src comp="775" pin="2"/><net_sink comp="809" pin=0"/></net>

<net id="816"><net_src comp="809" pin="1"/><net_sink comp="813" pin=0"/></net>

<net id="821"><net_src comp="72" pin="2"/><net_sink comp="817" pin=0"/></net>

<net id="822"><net_src comp="813" pin="1"/><net_sink comp="817" pin=1"/></net>

<net id="826"><net_src comp="803" pin="2"/><net_sink comp="823" pin=0"/></net>

<net id="830"><net_src comp="817" pin="2"/><net_sink comp="827" pin=0"/></net>

<net id="836"><net_src comp="781" pin="3"/><net_sink comp="831" pin=0"/></net>

<net id="837"><net_src comp="823" pin="1"/><net_sink comp="831" pin=1"/></net>

<net id="838"><net_src comp="827" pin="1"/><net_sink comp="831" pin=2"/></net>

<net id="839"><net_src comp="831" pin="3"/><net_sink comp="112" pin=0"/></net>

<net id="850"><net_src comp="840" pin="1"/><net_sink comp="846" pin=0"/></net>

<net id="851"><net_src comp="843" pin="1"/><net_sink comp="846" pin=1"/></net>

<net id="855"><net_src comp="846" pin="2"/><net_sink comp="852" pin=0"/></net>

<net id="860"><net_src comp="112" pin="2"/><net_sink comp="856" pin=0"/></net>

<net id="861"><net_src comp="852" pin="1"/><net_sink comp="856" pin=1"/></net>

<net id="866"><net_src comp="856" pin="2"/><net_sink comp="862" pin=0"/></net>

<net id="867"><net_src comp="18" pin="0"/><net_sink comp="862" pin=1"/></net>

<net id="872"><net_src comp="856" pin="2"/><net_sink comp="868" pin=0"/></net>

<net id="873"><net_src comp="20" pin="0"/><net_sink comp="868" pin=1"/></net>

<net id="879"><net_src comp="862" pin="2"/><net_sink comp="874" pin=0"/></net>

<net id="880"><net_src comp="868" pin="2"/><net_sink comp="874" pin=1"/></net>

<net id="881"><net_src comp="856" pin="2"/><net_sink comp="874" pin=2"/></net>

<net id="885"><net_src comp="874" pin="3"/><net_sink comp="882" pin=0"/></net>

<net id="893"><net_src comp="22" pin="0"/><net_sink comp="889" pin=1"/></net>

<net id="898"><net_src comp="24" pin="0"/><net_sink comp="894" pin=1"/></net>

<net id="904"><net_src comp="889" pin="2"/><net_sink comp="899" pin=0"/></net>

<net id="905"><net_src comp="894" pin="2"/><net_sink comp="899" pin=1"/></net>

<net id="913"><net_src comp="886" pin="1"/><net_sink comp="909" pin=0"/></net>

<net id="914"><net_src comp="906" pin="1"/><net_sink comp="909" pin=1"/></net>

<net id="919"><net_src comp="909" pin="2"/><net_sink comp="915" pin=0"/></net>

<net id="920"><net_src comp="38" pin="0"/><net_sink comp="915" pin=1"/></net>

<net id="924"><net_src comp="909" pin="2"/><net_sink comp="921" pin=0"/></net>

<net id="930"><net_src comp="915" pin="2"/><net_sink comp="925" pin=0"/></net>

<net id="931"><net_src comp="10" pin="0"/><net_sink comp="925" pin=1"/></net>

<net id="932"><net_src comp="921" pin="1"/><net_sink comp="925" pin=2"/></net>

<net id="936"><net_src comp="899" pin="3"/><net_sink comp="933" pin=0"/></net>

<net id="937"><net_src comp="933" pin="1"/><net_sink comp="77" pin=0"/></net>

<net id="941"><net_src comp="925" pin="3"/><net_sink comp="938" pin=0"/></net>

<net id="946"><net_src comp="28" pin="0"/><net_sink comp="942" pin=0"/></net>

<net id="947"><net_src comp="938" pin="1"/><net_sink comp="942" pin=1"/></net>

<net id="953"><net_src comp="30" pin="0"/><net_sink comp="948" pin=0"/></net>

<net id="954"><net_src comp="942" pin="2"/><net_sink comp="948" pin=1"/></net>

<net id="955"><net_src comp="32" pin="0"/><net_sink comp="948" pin=2"/></net>

<net id="960"><net_src comp="34" pin="0"/><net_sink comp="956" pin=0"/></net>

<net id="961"><net_src comp="942" pin="2"/><net_sink comp="956" pin=1"/></net>

<net id="965"><net_src comp="956" pin="2"/><net_sink comp="962" pin=0"/></net>

<net id="969"><net_src comp="962" pin="1"/><net_sink comp="966" pin=0"/></net>

<net id="974"><net_src comp="77" pin="2"/><net_sink comp="970" pin=0"/></net>

<net id="975"><net_src comp="966" pin="1"/><net_sink comp="970" pin=1"/></net>

<net id="979"><net_src comp="942" pin="2"/><net_sink comp="976" pin=0"/></net>

<net id="983"><net_src comp="976" pin="1"/><net_sink comp="980" pin=0"/></net>

<net id="988"><net_src comp="77" pin="2"/><net_sink comp="984" pin=0"/></net>

<net id="989"><net_src comp="980" pin="1"/><net_sink comp="984" pin=1"/></net>

<net id="993"><net_src comp="970" pin="2"/><net_sink comp="990" pin=0"/></net>

<net id="997"><net_src comp="984" pin="2"/><net_sink comp="994" pin=0"/></net>

<net id="1003"><net_src comp="948" pin="3"/><net_sink comp="998" pin=0"/></net>

<net id="1004"><net_src comp="990" pin="1"/><net_sink comp="998" pin=1"/></net>

<net id="1005"><net_src comp="994" pin="1"/><net_sink comp="998" pin=2"/></net>

<net id="1006"><net_src comp="998" pin="3"/><net_sink comp="117" pin=0"/></net>

<net id="1010"><net_src comp="899" pin="3"/><net_sink comp="1007" pin=0"/></net>

<net id="1014"><net_src comp="925" pin="3"/><net_sink comp="1011" pin=0"/></net>

<net id="1019"><net_src comp="1007" pin="1"/><net_sink comp="1015" pin=0"/></net>

<net id="1020"><net_src comp="1011" pin="1"/><net_sink comp="1015" pin=1"/></net>

<net id="1024"><net_src comp="1015" pin="2"/><net_sink comp="1021" pin=0"/></net>

<net id="1029"><net_src comp="117" pin="2"/><net_sink comp="1025" pin=0"/></net>

<net id="1030"><net_src comp="1021" pin="1"/><net_sink comp="1025" pin=1"/></net>

<net id="1034"><net_src comp="925" pin="3"/><net_sink comp="1031" pin=0"/></net>

<net id="1039"><net_src comp="909" pin="2"/><net_sink comp="1035" pin=0"/></net>

<net id="1040"><net_src comp="1031" pin="1"/><net_sink comp="1035" pin=1"/></net>

<net id="1045"><net_src comp="1035" pin="2"/><net_sink comp="1041" pin=0"/></net>

<net id="1046"><net_src comp="38" pin="0"/><net_sink comp="1041" pin=1"/></net>

<net id="1050"><net_src comp="1035" pin="2"/><net_sink comp="1047" pin=0"/></net>

<net id="1056"><net_src comp="1041" pin="2"/><net_sink comp="1051" pin=0"/></net>

<net id="1057"><net_src comp="10" pin="0"/><net_sink comp="1051" pin=1"/></net>

<net id="1058"><net_src comp="1047" pin="1"/><net_sink comp="1051" pin=2"/></net>

<net id="1062"><net_src comp="1051" pin="3"/><net_sink comp="1059" pin=0"/></net>

<net id="1067"><net_src comp="1035" pin="2"/><net_sink comp="1063" pin=0"/></net>

<net id="1068"><net_src comp="1059" pin="1"/><net_sink comp="1063" pin=1"/></net>

<net id="1073"><net_src comp="1063" pin="2"/><net_sink comp="1069" pin=0"/></net>

<net id="1074"><net_src comp="38" pin="0"/><net_sink comp="1069" pin=1"/></net>

<net id="1078"><net_src comp="1063" pin="2"/><net_sink comp="1075" pin=0"/></net>

<net id="1084"><net_src comp="1069" pin="2"/><net_sink comp="1079" pin=0"/></net>

<net id="1085"><net_src comp="10" pin="0"/><net_sink comp="1079" pin=1"/></net>

<net id="1086"><net_src comp="1075" pin="1"/><net_sink comp="1079" pin=2"/></net>

<net id="1091"><net_src comp="18" pin="0"/><net_sink comp="1087" pin=1"/></net>

<net id="1096"><net_src comp="20" pin="0"/><net_sink comp="1092" pin=1"/></net>

<net id="1102"><net_src comp="1087" pin="2"/><net_sink comp="1097" pin=0"/></net>

<net id="1103"><net_src comp="1092" pin="2"/><net_sink comp="1097" pin=1"/></net>

<net id="1107"><net_src comp="1097" pin="3"/><net_sink comp="1104" pin=0"/></net>

<net id="1112"><net_src comp="1097" pin="3"/><net_sink comp="1108" pin=0"/></net>

<net id="1113"><net_src comp="22" pin="0"/><net_sink comp="1108" pin=1"/></net>

<net id="1118"><net_src comp="1104" pin="1"/><net_sink comp="1114" pin=0"/></net>

<net id="1119"><net_src comp="24" pin="0"/><net_sink comp="1114" pin=1"/></net>

<net id="1125"><net_src comp="1108" pin="2"/><net_sink comp="1120" pin=0"/></net>

<net id="1126"><net_src comp="1114" pin="2"/><net_sink comp="1120" pin=1"/></net>

<net id="1127"><net_src comp="1104" pin="1"/><net_sink comp="1120" pin=2"/></net>

<net id="1131"><net_src comp="1120" pin="3"/><net_sink comp="1128" pin=0"/></net>

<net id="1132"><net_src comp="1128" pin="1"/><net_sink comp="82" pin=0"/></net>

<net id="1140"><net_src comp="28" pin="0"/><net_sink comp="1136" pin=0"/></net>

<net id="1141"><net_src comp="1133" pin="1"/><net_sink comp="1136" pin=1"/></net>

<net id="1147"><net_src comp="30" pin="0"/><net_sink comp="1142" pin=0"/></net>

<net id="1148"><net_src comp="1136" pin="2"/><net_sink comp="1142" pin=1"/></net>

<net id="1149"><net_src comp="32" pin="0"/><net_sink comp="1142" pin=2"/></net>

<net id="1154"><net_src comp="34" pin="0"/><net_sink comp="1150" pin=0"/></net>

<net id="1155"><net_src comp="1136" pin="2"/><net_sink comp="1150" pin=1"/></net>

<net id="1159"><net_src comp="1150" pin="2"/><net_sink comp="1156" pin=0"/></net>

<net id="1163"><net_src comp="1156" pin="1"/><net_sink comp="1160" pin=0"/></net>

<net id="1168"><net_src comp="82" pin="2"/><net_sink comp="1164" pin=0"/></net>

<net id="1169"><net_src comp="1160" pin="1"/><net_sink comp="1164" pin=1"/></net>

<net id="1173"><net_src comp="1136" pin="2"/><net_sink comp="1170" pin=0"/></net>

<net id="1177"><net_src comp="1170" pin="1"/><net_sink comp="1174" pin=0"/></net>

<net id="1182"><net_src comp="82" pin="2"/><net_sink comp="1178" pin=0"/></net>

<net id="1183"><net_src comp="1174" pin="1"/><net_sink comp="1178" pin=1"/></net>

<net id="1187"><net_src comp="1164" pin="2"/><net_sink comp="1184" pin=0"/></net>

<net id="1191"><net_src comp="1178" pin="2"/><net_sink comp="1188" pin=0"/></net>

<net id="1197"><net_src comp="1142" pin="3"/><net_sink comp="1192" pin=0"/></net>

<net id="1198"><net_src comp="1184" pin="1"/><net_sink comp="1192" pin=1"/></net>

<net id="1199"><net_src comp="1188" pin="1"/><net_sink comp="1192" pin=2"/></net>

<net id="1203"><net_src comp="1120" pin="3"/><net_sink comp="1200" pin=0"/></net>

<net id="1211"><net_src comp="1200" pin="1"/><net_sink comp="1207" pin=0"/></net>

<net id="1212"><net_src comp="1204" pin="1"/><net_sink comp="1207" pin=1"/></net>

<net id="1216"><net_src comp="1207" pin="2"/><net_sink comp="1213" pin=0"/></net>

<net id="1221"><net_src comp="122" pin="2"/><net_sink comp="1217" pin=0"/></net>

<net id="1226"><net_src comp="1217" pin="2"/><net_sink comp="1222" pin=0"/></net>

<net id="1227"><net_src comp="18" pin="0"/><net_sink comp="1222" pin=1"/></net>

<net id="1232"><net_src comp="1217" pin="2"/><net_sink comp="1228" pin=0"/></net>

<net id="1233"><net_src comp="20" pin="0"/><net_sink comp="1228" pin=1"/></net>

<net id="1239"><net_src comp="1222" pin="2"/><net_sink comp="1234" pin=0"/></net>

<net id="1240"><net_src comp="1228" pin="2"/><net_sink comp="1234" pin=1"/></net>

<net id="1241"><net_src comp="1217" pin="2"/><net_sink comp="1234" pin=2"/></net>

<net id="1245"><net_src comp="1234" pin="3"/><net_sink comp="1242" pin=0"/></net>

<net id="1250"><net_src comp="1234" pin="3"/><net_sink comp="1246" pin=0"/></net>

<net id="1251"><net_src comp="22" pin="0"/><net_sink comp="1246" pin=1"/></net>

<net id="1256"><net_src comp="1242" pin="1"/><net_sink comp="1252" pin=0"/></net>

<net id="1257"><net_src comp="24" pin="0"/><net_sink comp="1252" pin=1"/></net>

<net id="1263"><net_src comp="1246" pin="2"/><net_sink comp="1258" pin=0"/></net>

<net id="1264"><net_src comp="1252" pin="2"/><net_sink comp="1258" pin=1"/></net>

<net id="1265"><net_src comp="1242" pin="1"/><net_sink comp="1258" pin=2"/></net>

<net id="1269"><net_src comp="1258" pin="3"/><net_sink comp="1266" pin=0"/></net>

<net id="1270"><net_src comp="1266" pin="1"/><net_sink comp="87" pin=0"/></net>

<net id="1278"><net_src comp="28" pin="0"/><net_sink comp="1274" pin=0"/></net>

<net id="1279"><net_src comp="1271" pin="1"/><net_sink comp="1274" pin=1"/></net>

<net id="1285"><net_src comp="30" pin="0"/><net_sink comp="1280" pin=0"/></net>

<net id="1286"><net_src comp="1274" pin="2"/><net_sink comp="1280" pin=1"/></net>

<net id="1287"><net_src comp="32" pin="0"/><net_sink comp="1280" pin=2"/></net>

<net id="1292"><net_src comp="34" pin="0"/><net_sink comp="1288" pin=0"/></net>

<net id="1293"><net_src comp="1274" pin="2"/><net_sink comp="1288" pin=1"/></net>

<net id="1297"><net_src comp="1288" pin="2"/><net_sink comp="1294" pin=0"/></net>

<net id="1301"><net_src comp="1294" pin="1"/><net_sink comp="1298" pin=0"/></net>

<net id="1306"><net_src comp="1298" pin="1"/><net_sink comp="1302" pin=1"/></net>

<net id="1310"><net_src comp="1274" pin="2"/><net_sink comp="1307" pin=0"/></net>

<net id="1314"><net_src comp="1307" pin="1"/><net_sink comp="1311" pin=0"/></net>

<net id="1319"><net_src comp="1311" pin="1"/><net_sink comp="1315" pin=1"/></net>

<net id="1323"><net_src comp="1302" pin="2"/><net_sink comp="1320" pin=0"/></net>

<net id="1327"><net_src comp="1315" pin="2"/><net_sink comp="1324" pin=0"/></net>

<net id="1333"><net_src comp="1280" pin="3"/><net_sink comp="1328" pin=0"/></net>

<net id="1334"><net_src comp="1320" pin="1"/><net_sink comp="1328" pin=1"/></net>

<net id="1335"><net_src comp="1324" pin="1"/><net_sink comp="1328" pin=2"/></net>

<net id="1336"><net_src comp="1328" pin="3"/><net_sink comp="127" pin=0"/></net>

<net id="1347"><net_src comp="1337" pin="1"/><net_sink comp="1343" pin=0"/></net>

<net id="1348"><net_src comp="1340" pin="1"/><net_sink comp="1343" pin=1"/></net>

<net id="1352"><net_src comp="1343" pin="2"/><net_sink comp="1349" pin=0"/></net>

<net id="1357"><net_src comp="127" pin="2"/><net_sink comp="1353" pin=0"/></net>

<net id="1358"><net_src comp="1349" pin="1"/><net_sink comp="1353" pin=1"/></net>

<net id="1363"><net_src comp="1353" pin="2"/><net_sink comp="1359" pin=0"/></net>

<net id="1364"><net_src comp="18" pin="0"/><net_sink comp="1359" pin=1"/></net>

<net id="1369"><net_src comp="1353" pin="2"/><net_sink comp="1365" pin=0"/></net>

<net id="1370"><net_src comp="20" pin="0"/><net_sink comp="1365" pin=1"/></net>

<net id="1376"><net_src comp="1359" pin="2"/><net_sink comp="1371" pin=0"/></net>

<net id="1377"><net_src comp="1365" pin="2"/><net_sink comp="1371" pin=1"/></net>

<net id="1378"><net_src comp="1353" pin="2"/><net_sink comp="1371" pin=2"/></net>

<net id="1382"><net_src comp="1371" pin="3"/><net_sink comp="1379" pin=0"/></net>

<net id="1387"><net_src comp="1371" pin="3"/><net_sink comp="1383" pin=0"/></net>

<net id="1388"><net_src comp="22" pin="0"/><net_sink comp="1383" pin=1"/></net>

<net id="1393"><net_src comp="1379" pin="1"/><net_sink comp="1389" pin=0"/></net>

<net id="1394"><net_src comp="24" pin="0"/><net_sink comp="1389" pin=1"/></net>

<net id="1400"><net_src comp="1383" pin="2"/><net_sink comp="1395" pin=0"/></net>

<net id="1401"><net_src comp="1389" pin="2"/><net_sink comp="1395" pin=1"/></net>

<net id="1402"><net_src comp="1379" pin="1"/><net_sink comp="1395" pin=2"/></net>

<net id="1406"><net_src comp="40" pin="2"/><net_sink comp="1403" pin=0"/></net>

<net id="1407"><net_src comp="1403" pin="1"/><net_sink comp="224" pin=0"/></net>

<net id="1411"><net_src comp="142" pin="3"/><net_sink comp="1408" pin=0"/></net>

<net id="1412"><net_src comp="1408" pin="1"/><net_sink comp="244" pin=0"/></net>

<net id="1416"><net_src comp="212" pin="3"/><net_sink comp="1413" pin=0"/></net>

<net id="1417"><net_src comp="1413" pin="1"/><net_sink comp="227" pin=0"/></net>

<net id="1421"><net_src comp="220" pin="1"/><net_sink comp="1418" pin=0"/></net>

<net id="1422"><net_src comp="1418" pin="1"/><net_sink comp="232" pin=0"/></net>

<net id="1423"><net_src comp="1418" pin="1"/><net_sink comp="237" pin=2"/></net>

<net id="1427"><net_src comp="247" pin="2"/><net_sink comp="1424" pin=0"/></net>

<net id="1428"><net_src comp="1424" pin="1"/><net_sink comp="413" pin=0"/></net>

<net id="1432"><net_src comp="263" pin="3"/><net_sink comp="1429" pin=0"/></net>

<net id="1433"><net_src comp="1429" pin="1"/><net_sink comp="410" pin=0"/></net>

<net id="1437"><net_src comp="363" pin="2"/><net_sink comp="1434" pin=0"/></net>

<net id="1438"><net_src comp="1434" pin="1"/><net_sink comp="369" pin=0"/></net>

<net id="1439"><net_src comp="1434" pin="1"/><net_sink comp="374" pin=0"/></net>

<net id="1440"><net_src comp="1434" pin="1"/><net_sink comp="379" pin=2"/></net>

<net id="1444"><net_src comp="402" pin="3"/><net_sink comp="1441" pin=0"/></net>

<net id="1445"><net_src comp="1441" pin="1"/><net_sink comp="512" pin=0"/></net>

<net id="1449"><net_src comp="413" pin="2"/><net_sink comp="1446" pin=0"/></net>

<net id="1450"><net_src comp="1446" pin="1"/><net_sink comp="509" pin=0"/></net>

<net id="1454"><net_src comp="428" pin="3"/><net_sink comp="1451" pin=0"/></net>

<net id="1455"><net_src comp="1451" pin="1"/><net_sink comp="515" pin=0"/></net>

<net id="1456"><net_src comp="1451" pin="1"/><net_sink comp="578" pin=0"/></net>

<net id="1460"><net_src comp="501" pin="3"/><net_sink comp="1457" pin=0"/></net>

<net id="1461"><net_src comp="1457" pin="1"/><net_sink comp="102" pin=0"/></net>

<net id="1465"><net_src comp="570" pin="3"/><net_sink comp="1462" pin=0"/></net>

<net id="1466"><net_src comp="1462" pin="1"/><net_sink comp="676" pin=0"/></net>

<net id="1470"><net_src comp="581" pin="2"/><net_sink comp="1467" pin=0"/></net>

<net id="1471"><net_src comp="1467" pin="1"/><net_sink comp="745" pin=0"/></net>

<net id="1475"><net_src comp="597" pin="3"/><net_sink comp="1472" pin=0"/></net>

<net id="1476"><net_src comp="1472" pin="1"/><net_sink comp="610" pin=0"/></net>

<net id="1477"><net_src comp="1472" pin="1"/><net_sink comp="679" pin=0"/></net>

<net id="1478"><net_src comp="1472" pin="1"/><net_sink comp="742" pin=0"/></net>

<net id="1482"><net_src comp="67" pin="2"/><net_sink comp="1479" pin=0"/></net>

<net id="1483"><net_src comp="1479" pin="1"/><net_sink comp="641" pin=0"/></net>

<net id="1484"><net_src comp="1479" pin="1"/><net_sink comp="654" pin=0"/></net>

<net id="1488"><net_src comp="734" pin="3"/><net_sink comp="1485" pin=0"/></net>

<net id="1489"><net_src comp="1485" pin="1"/><net_sink comp="768" pin=0"/></net>

<net id="1490"><net_src comp="1485" pin="1"/><net_sink comp="840" pin=0"/></net>

<net id="1494"><net_src comp="745" pin="2"/><net_sink comp="1491" pin=0"/></net>

<net id="1495"><net_src comp="1491" pin="1"/><net_sink comp="886" pin=0"/></net>

<net id="1499"><net_src comp="760" pin="3"/><net_sink comp="1496" pin=0"/></net>

<net id="1500"><net_src comp="1496" pin="1"/><net_sink comp="772" pin=0"/></net>

<net id="1501"><net_src comp="1496" pin="1"/><net_sink comp="843" pin=0"/></net>

<net id="1502"><net_src comp="1496" pin="1"/><net_sink comp="906" pin=0"/></net>

<net id="1506"><net_src comp="874" pin="3"/><net_sink comp="1503" pin=0"/></net>

<net id="1507"><net_src comp="1503" pin="1"/><net_sink comp="889" pin=0"/></net>

<net id="1511"><net_src comp="882" pin="1"/><net_sink comp="1508" pin=0"/></net>

<net id="1512"><net_src comp="1508" pin="1"/><net_sink comp="894" pin=0"/></net>

<net id="1513"><net_src comp="1508" pin="1"/><net_sink comp="899" pin=2"/></net>

<net id="1517"><net_src comp="1025" pin="2"/><net_sink comp="1514" pin=0"/></net>

<net id="1518"><net_src comp="1514" pin="1"/><net_sink comp="1087" pin=0"/></net>

<net id="1519"><net_src comp="1514" pin="1"/><net_sink comp="1092" pin=0"/></net>

<net id="1520"><net_src comp="1514" pin="1"/><net_sink comp="1097" pin=2"/></net>

<net id="1524"><net_src comp="1051" pin="3"/><net_sink comp="1521" pin=0"/></net>

<net id="1525"><net_src comp="1521" pin="1"/><net_sink comp="1133" pin=0"/></net>

<net id="1526"><net_src comp="1521" pin="1"/><net_sink comp="1204" pin=0"/></net>

<net id="1530"><net_src comp="1079" pin="3"/><net_sink comp="1527" pin=0"/></net>

<net id="1531"><net_src comp="1527" pin="1"/><net_sink comp="1271" pin=0"/></net>

<net id="1532"><net_src comp="1527" pin="1"/><net_sink comp="1340" pin=0"/></net>

<net id="1536"><net_src comp="1192" pin="3"/><net_sink comp="1533" pin=0"/></net>

<net id="1537"><net_src comp="1533" pin="1"/><net_sink comp="122" pin=0"/></net>

<net id="1541"><net_src comp="1213" pin="1"/><net_sink comp="1538" pin=0"/></net>

<net id="1542"><net_src comp="1538" pin="1"/><net_sink comp="1217" pin=1"/></net>

<net id="1546"><net_src comp="1258" pin="3"/><net_sink comp="1543" pin=0"/></net>

<net id="1547"><net_src comp="1543" pin="1"/><net_sink comp="1337" pin=0"/></net>

<net id="1551"><net_src comp="87" pin="2"/><net_sink comp="1548" pin=0"/></net>

<net id="1552"><net_src comp="1548" pin="1"/><net_sink comp="1302" pin=0"/></net>

<net id="1553"><net_src comp="1548" pin="1"/><net_sink comp="1315" pin=0"/></net>

</net_list>

</model> 
---------------- Datapath Model END ------------------

* FSMD analyzer results:
  - Output states:
	Port: r_sh | {}
	Port: n | {}
 - Input state : 
	Port: mod_rcp_mult<24, 36, 8> : r_sh | {1 }
	Port: mod_rcp_mult<24, 36, 8> : n | {1 }
  - Chain level:
	State 1
		shift_5 : 1
		quo : 1
		sub_ln104 : 2
		zext_ln104 : 3
		lshr_ln104 : 4
		empty : 5
		zext_ln107 : 2
		r_shN : 3
		trunc_ln108 : 4
		mul_ln108 : 6
		rem : 7
		icmp_ln109 : 8
		rem_1 : 8
		rem_2 : 9
		trunc_ln91 : 10
	State 2
		r_shN_1 : 1
		i : 1
		icmp_ln99_1 : 2
		shift_6 : 2
		shift_7 : 3
		zext_ln103_1 : 2
		quo_1 : 3
		zext_ln104_1 : 4
		sub_ln104_1 : 5
		tmp : 6
		sub_ln104_2 : 6
		sext_ln104 : 7
		zext_ln104_2 : 8
		shl_ln104 : 9
		sext_ln104_1 : 6
		zext_ln104_3 : 7
		lshr_ln104_1 : 8
		trunc_ln105 : 10
		trunc_ln105_1 : 9
		select_ln105 : 11
		zext_ln106_1 : 2
		zext_ln107_1 : 4
		r_shN_2 : 5
		trunc_ln108_1 : 6
		mul_ln108_1 : 12
		rem_4 : 13
	State 3
		rem_6 : 1
		trunc_ln91_1 : 2
		icmp_ln111_1 : 2
		rem_7 : 3
		r_shN_3 : 4
		i_1 : 1
		icmp_ln99_2 : 2
		shift_8 : 2
		shift_9 : 3
		zext_ln103_2 : 5
		quo_2 : 6
		zext_ln104_4 : 4
		sub_ln104_3 : 5
		tmp_147 : 6
		sub_ln104_4 : 6
		sext_ln104_2 : 7
		zext_ln104_5 : 8
		shl_ln104_1 : 9
		sext_ln104_3 : 6
		zext_ln104_6 : 7
		lshr_ln104_2 : 8
		trunc_ln105_2 : 10
		trunc_ln105_3 : 9
		select_ln105_1 : 11
	State 4
		r_shN_4 : 1
		trunc_ln108_2 : 2
		rem_8 : 3
		icmp_ln109_2 : 4
		rem_9 : 4
		rem_10 : 5
		trunc_ln91_2 : 6
		icmp_ln111_2 : 6
		rem_11 : 7
		r_shN_5 : 8
		i_2 : 1
		icmp_ln99_3 : 2
		shift_10 : 2
		shift_11 : 3
		zext_ln103_3 : 9
		quo_3 : 10
	State 5
		sub_ln104_5 : 1
		tmp_148 : 2
		sub_ln104_6 : 2
		sext_ln104_4 : 3
		zext_ln104_8 : 4
		shl_ln104_2 : 5
		sext_ln104_5 : 2
		zext_ln104_9 : 3
		lshr_ln104_3 : 4
		trunc_ln105_4 : 6
		trunc_ln105_5 : 5
		select_ln105_2 : 7
		r_shN_6 : 1
		trunc_ln108_3 : 2
		mul_ln108_3 : 8
		rem_12 : 9
		icmp_ln109_3 : 10
		rem_13 : 10
		rem_14 : 11
		trunc_ln91_3 : 12
		icmp_ln111_3 : 12
		rem_15 : 13
		r_shN_7 : 14
		i_3 : 1
		icmp_ln99_4 : 2
		shift_12 : 2
		shift_13 : 3
	State 6
		quo_4 : 1
		sub_ln104_7 : 1
		tmp_149 : 2
		sub_ln104_8 : 2
		sext_ln104_6 : 3
		zext_ln104_11 : 4
		shl_ln104_3 : 5
		sext_ln104_7 : 2
		zext_ln104_12 : 3
		lshr_ln104_4 : 4
		trunc_ln105_6 : 6
		trunc_ln105_7 : 5
		select_ln105_3 : 7
		r_shN_8 : 1
		trunc_ln108_4 : 2
		mul_ln108_4 : 8
		rem_16 : 9
		icmp_ln109_4 : 10
		rem_17 : 10
		rem_18 : 11
		trunc_ln91_4 : 12
	State 7
		r_shN_9 : 1
		i_4 : 1
		icmp_ln99_5 : 2
		shift_14 : 2
		shift_15 : 3
		zext_ln103_5 : 2
		quo_5 : 3
		zext_ln104_13 : 4
		sub_ln104_9 : 5
		tmp_150 : 6
		sub_ln104_10 : 6
		sext_ln104_8 : 7
		zext_ln104_14 : 8
		shl_ln104_4 : 9
		sext_ln104_9 : 6
		zext_ln104_15 : 7
		lshr_ln104_5 : 8
		trunc_ln105_8 : 10
		trunc_ln105_9 : 9
		select_ln105_4 : 11
		zext_ln106_5 : 2
		zext_ln107_5 : 4
		r_shN_10 : 5
		trunc_ln108_5 : 6
		mul_ln108_5 : 12
		rem_20 : 13
		zext_ln114_5 : 4
		i_5 : 5
		icmp_ln99_6 : 6
		shift_16 : 6
		shift_17 : 7
		zext_ln114_6 : 8
		i_6 : 9
		icmp_ln99_7 : 10
		shift_18 : 10
		shift_19 : 11
	State 8
		rem_22 : 1
		trunc_ln91_5 : 2
		icmp_ln111_5 : 2
		rem_23 : 3
		r_shN_11 : 4
		zext_ln103_6 : 5
		quo_6 : 6
		sub_ln104_11 : 1
		tmp_151 : 2
		sub_ln104_12 : 2
		sext_ln104_10 : 3
		zext_ln104_17 : 4
		shl_ln104_5 : 7
		sext_ln104_11 : 2
		zext_ln104_18 : 3
		lshr_ln104_6 : 7
		trunc_ln105_10 : 8
		trunc_ln105_11 : 8
		select_ln105_5 : 9
		zext_ln106_6 : 5
		r_shN_12 : 6
		trunc_ln108_6 : 7
	State 9
		rem_24 : 1
		icmp_ln109_6 : 2
		rem_25 : 2
		rem_26 : 3
		trunc_ln91_6 : 4
		icmp_ln111_6 : 4
		rem_27 : 5
		r_shN_13 : 6
		zext_ln103_7 : 7
		quo_7 : 8
	State 10
		sub_ln104_13 : 1
		tmp_152 : 2
		sub_ln104_14 : 2
		sext_ln104_12 : 3
		zext_ln104_20 : 4
		shl_ln104_6 : 5
		sext_ln104_13 : 2
		zext_ln104_21 : 3
		lshr_ln104_7 : 4
		trunc_ln105_12 : 6
		trunc_ln105_13 : 5
		select_ln105_6 : 7
		r_shN_14 : 1
		trunc_ln108_7 : 2
		mul_ln108_7 : 8
		rem_28 : 9
		icmp_ln109_7 : 10
		rem_29 : 10
		rem_30 : 11
		trunc_ln91_7 : 12
		icmp_ln111_7 : 12
		rem_31 : 13
		select_ln111 : 14
		ret_ln117 : 15


============================================================
+ Verbose Summary: Datapath Resource usage 
============================================================

* Functional unit list:
|----------|------------------------|---------|---------|---------|
| Operation|     Functional Unit    |   DSP   |    FF   |   LUT   |
|----------|------------------------|---------|---------|---------|
|          |      r_shN_fu_184      |    0    |    0    |    63   |
|          |    shl_ln104_fu_308    |    0    |    0    |   172   |
|          |     r_shN_2_fu_353     |    0    |    0    |    63   |
|          |   shl_ln104_1_fu_473   |    0    |    0    |   172   |
|          |     r_shN_4_fu_518     |    0    |    0    |    63   |
|          |   shl_ln104_2_fu_641   |    0    |    0    |   172   |
|          |     r_shN_6_fu_682     |    0    |    0    |    63   |
|    shl   |   shl_ln104_3_fu_803   |    0    |    0    |   172   |
|          |     r_shN_8_fu_846     |    0    |    0    |    63   |
|          |   shl_ln104_4_fu_970   |    0    |    0    |   172   |
|          |    r_shN_10_fu_1015    |    0    |    0    |    63   |
|          |   shl_ln104_5_fu_1164  |    0    |    0    |   172   |
|          |    r_shN_12_fu_1207    |    0    |    0    |    63   |
|          |   shl_ln104_6_fu_1302  |    0    |    0    |   172   |
|          |    r_shN_14_fu_1343    |    0    |    0    |    63   |
|----------|------------------------|---------|---------|---------|
|          |    lshr_ln104_fu_165   |    0    |    0    |   172   |
|          |   lshr_ln104_1_fu_322  |    0    |    0    |   172   |
|          |   lshr_ln104_2_fu_487  |    0    |    0    |   172   |
|   lshr   |   lshr_ln104_3_fu_654  |    0    |    0    |   172   |
|          |   lshr_ln104_4_fu_817  |    0    |    0    |   172   |
|          |   lshr_ln104_5_fu_984  |    0    |    0    |   172   |
|          |  lshr_ln104_6_fu_1178  |    0    |    0    |   172   |
|          |  lshr_ln104_7_fu_1315  |    0    |    0    |   172   |
|----------|------------------------|---------|---------|---------|
|          |       rem_fu_194       |    0    |    0    |    32   |
|          |      rem_1_fu_206      |    0    |    0    |    32   |
|          |      rem_3_fu_232      |    0    |    0    |    31   |
|          |      rem_4_fu_363      |    0    |    0    |    32   |
|          |      rem_5_fu_374      |    0    |    0    |    32   |
|          |      rem_7_fu_396      |    0    |    0    |    31   |
|          |      rem_8_fu_528      |    0    |    0    |    32   |
|          |      rem_9_fu_540      |    0    |    0    |    32   |
|          |      rem_11_fu_564     |    0    |    0    |    31   |
|          |      rem_12_fu_692     |    0    |    0    |    32   |
|          |      rem_13_fu_704     |    0    |    0    |    32   |
|    add   |      rem_15_fu_728     |    0    |    0    |    31   |
|          |      rem_16_fu_856     |    0    |    0    |    32   |
|          |      rem_17_fu_868     |    0    |    0    |    32   |
|          |      rem_19_fu_894     |    0    |    0    |    31   |
|          |     rem_20_fu_1025     |    0    |    0    |    32   |
|          |     rem_21_fu_1092     |    0    |    0    |    32   |
|          |     rem_23_fu_1114     |    0    |    0    |    31   |
|          |     rem_24_fu_1217     |    0    |    0    |    32   |
|          |     rem_25_fu_1228     |    0    |    0    |    32   |
|          |     rem_27_fu_1252     |    0    |    0    |    31   |
|          |     rem_28_fu_1353     |    0    |    0    |    32   |
|          |     rem_29_fu_1365     |    0    |    0    |    32   |
|          |     rem_31_fu_1389     |    0    |    0    |    31   |
|----------|------------------------|---------|---------|---------|
|          |        quo_fu_52       |    3    |    0    |    26   |
|          |       quo_1_fu_57      |    3    |    0    |    26   |
|          |       quo_2_fu_62      |    3    |    0    |    26   |
|          |       quo_3_fu_67      |    3    |    0    |    26   |
|          |       quo_4_fu_72      |    3    |    0    |    26   |
|          |       quo_5_fu_77      |    3    |    0    |    26   |
|          |       quo_6_fu_82      |    3    |    0    |    26   |
|    mul   |       quo_7_fu_87      |    3    |    0    |    26   |
|          |     mul_ln108_fu_92    |    2    |    0    |    50   |
|          |    mul_ln108_1_fu_97   |    2    |    0    |    50   |
|          |   mul_ln108_2_fu_102   |    2    |    0    |    50   |
|          |   mul_ln108_3_fu_107   |    2    |    0    |    50   |
|          |   mul_ln108_4_fu_112   |    2    |    0    |    50   |
|          |   mul_ln108_5_fu_117   |    2    |    0    |    50   |
|          |   mul_ln108_6_fu_122   |    2    |    0    |    50   |
|          |   mul_ln108_7_fu_127   |    2    |    0    |    50   |
|----------|------------------------|---------|---------|---------|
|          |    icmp_ln99_fu_132    |    0    |    0    |    14   |
|          |    icmp_ln109_fu_200   |    0    |    0    |    32   |
|          |    icmp_ln111_fu_227   |    0    |    0    |    32   |
|          |   icmp_ln99_1_fu_253   |    0    |    0    |    15   |
|          |   icmp_ln109_1_fu_369  |    0    |    0    |    32   |
|          |   icmp_ln111_1_fu_390  |    0    |    0    |    32   |
|          |   icmp_ln99_2_fu_418   |    0    |    0    |    15   |
|          |   icmp_ln109_2_fu_534  |    0    |    0    |    32   |
|          |   icmp_ln111_2_fu_558  |    0    |    0    |    32   |
|          |   icmp_ln99_3_fu_587   |    0    |    0    |    16   |
|          |   icmp_ln109_3_fu_698  |    0    |    0    |    32   |
|   icmp   |   icmp_ln111_3_fu_722  |    0    |    0    |    32   |
|          |   icmp_ln99_4_fu_750   |    0    |    0    |    16   |
|          |   icmp_ln109_4_fu_862  |    0    |    0    |    32   |
|          |   icmp_ln111_4_fu_889  |    0    |    0    |    32   |
|          |   icmp_ln99_5_fu_915   |    0    |    0    |    17   |
|          |   icmp_ln99_6_fu_1041  |    0    |    0    |    17   |
|          |   icmp_ln99_7_fu_1069  |    0    |    0    |    17   |
|          |  icmp_ln109_5_fu_1087  |    0    |    0    |    32   |
|          |  icmp_ln111_5_fu_1108  |    0    |    0    |    32   |
|          |  icmp_ln109_6_fu_1222  |    0    |    0    |    32   |
|          |  icmp_ln111_6_fu_1246  |    0    |    0    |    32   |
|          |  icmp_ln109_7_fu_1359  |    0    |    0    |    32   |
|          |  icmp_ln111_7_fu_1383  |    0    |    0    |    32   |
|----------|------------------------|---------|---------|---------|
|          |     shift_5_fu_142     |    0    |    0    |    6    |
|          |      rem_2_fu_212      |    0    |    0    |    25   |
|          |     r_shN_1_fu_237     |    0    |    0    |    24   |
|          |     shift_7_fu_263     |    0    |    0    |    6    |
|          |   select_ln105_fu_336  |    0    |    0    |    25   |
|          |      rem_6_fu_379      |    0    |    0    |    25   |
|          |     r_shN_3_fu_402     |    0    |    0    |    24   |
|          |     shift_9_fu_428     |    0    |    0    |    6    |
|          |  select_ln105_1_fu_501 |    0    |    0    |    25   |
|          |      rem_10_fu_546     |    0    |    0    |    25   |
|          |     r_shN_5_fu_570     |    0    |    0    |    24   |
|          |     shift_11_fu_597    |    0    |    0    |    6    |
|          |  select_ln105_2_fu_667 |    0    |    0    |    25   |
|          |      rem_14_fu_710     |    0    |    0    |    25   |
|          |     r_shN_7_fu_734     |    0    |    0    |    24   |
|  select  |     shift_13_fu_760    |    0    |    0    |    6    |
|          |  select_ln105_3_fu_831 |    0    |    0    |    25   |
|          |      rem_18_fu_874     |    0    |    0    |    25   |
|          |     r_shN_9_fu_899     |    0    |    0    |    24   |
|          |     shift_15_fu_925    |    0    |    0    |    6    |
|          |  select_ln105_4_fu_998 |    0    |    0    |    25   |
|          |    shift_17_fu_1051    |    0    |    0    |    6    |
|          |    shift_19_fu_1079    |    0    |    0    |    6    |
|          |     rem_22_fu_1097     |    0    |    0    |    25   |
|          |    r_shN_11_fu_1120    |    0    |    0    |    24   |
|          | select_ln105_5_fu_1192 |    0    |    0    |    25   |
|          |     rem_26_fu_1234     |    0    |    0    |    25   |
|          |    r_shN_13_fu_1258    |    0    |    0    |    24   |
|          | select_ln105_6_fu_1328 |    0    |    0    |    25   |
|          |     rem_30_fu_1371     |    0    |    0    |    25   |
|          |  select_ln111_fu_1395  |    0    |    0    |    24   |
|----------|------------------------|---------|---------|---------|
|          |    sub_ln104_fu_155    |    0    |    0    |    13   |
|          |        i_fu_247        |    0    |    0    |    14   |
|          |   sub_ln104_1_fu_280   |    0    |    0    |    14   |
|          |   sub_ln104_2_fu_294   |    0    |    0    |    14   |
|          |       i_1_fu_413       |    0    |    0    |    15   |
|          |   sub_ln104_3_fu_445   |    0    |    0    |    14   |
|          |   sub_ln104_4_fu_459   |    0    |    0    |    14   |
|          |       i_2_fu_581       |    0    |    0    |    15   |
|          |   sub_ln104_5_fu_613   |    0    |    0    |    14   |
|          |   sub_ln104_6_fu_627   |    0    |    0    |    14   |
|    sub   |       i_3_fu_745       |    0    |    0    |    16   |
|          |   sub_ln104_7_fu_775   |    0    |    0    |    14   |
|          |   sub_ln104_8_fu_789   |    0    |    0    |    14   |
|          |       i_4_fu_909       |    0    |    0    |    16   |
|          |   sub_ln104_9_fu_942   |    0    |    0    |    14   |
|          |   sub_ln104_10_fu_956  |    0    |    0    |    14   |
|          |       i_5_fu_1035      |    0    |    0    |    17   |
|          |       i_6_fu_1063      |    0    |    0    |    17   |
|          |  sub_ln104_11_fu_1136  |    0    |    0    |    14   |
|          |  sub_ln104_12_fu_1150  |    0    |    0    |    14   |
|          |  sub_ln104_13_fu_1274  |    0    |    0    |    14   |
|          |  sub_ln104_14_fu_1288  |    0    |    0    |    14   |
|----------|------------------------|---------|---------|---------|
|   read   |    n_read_read_fu_40   |    0    |    0    |    0    |
|          |  r_sh_read_read_fu_46  |    0    |    0    |    0    |
|----------|------------------------|---------|---------|---------|
|          |      shift_fu_138      |    0    |    0    |    0    |
|          |      empty_fu_171      |    0    |    0    |    0    |
|          |   trunc_ln108_fu_190   |    0    |    0    |    0    |
|          |    trunc_ln91_fu_220   |    0    |    0    |    0    |
|          |     shift_6_fu_259     |    0    |    0    |    0    |
|          |   trunc_ln105_fu_328   |    0    |    0    |    0    |
|          |  trunc_ln105_1_fu_332  |    0    |    0    |    0    |
|          |  trunc_ln108_1_fu_359  |    0    |    0    |    0    |
|          |   trunc_ln91_1_fu_386  |    0    |    0    |    0    |
|          |     shift_8_fu_424     |    0    |    0    |    0    |
|          |  trunc_ln105_2_fu_493  |    0    |    0    |    0    |
|          |  trunc_ln105_3_fu_497  |    0    |    0    |    0    |
|          |  trunc_ln108_2_fu_524  |    0    |    0    |    0    |
|          |   trunc_ln91_2_fu_554  |    0    |    0    |    0    |
|          |     shift_10_fu_593    |    0    |    0    |    0    |
|          |  trunc_ln105_4_fu_659  |    0    |    0    |    0    |
|          |  trunc_ln105_5_fu_663  |    0    |    0    |    0    |
|          |  trunc_ln108_3_fu_688  |    0    |    0    |    0    |
|          |   trunc_ln91_3_fu_718  |    0    |    0    |    0    |
|   trunc  |     shift_12_fu_756    |    0    |    0    |    0    |
|          |  trunc_ln105_6_fu_823  |    0    |    0    |    0    |
|          |  trunc_ln105_7_fu_827  |    0    |    0    |    0    |
|          |  trunc_ln108_4_fu_852  |    0    |    0    |    0    |
|          |   trunc_ln91_4_fu_882  |    0    |    0    |    0    |
|          |     shift_14_fu_921    |    0    |    0    |    0    |
|          |  trunc_ln105_8_fu_990  |    0    |    0    |    0    |
|          |  trunc_ln105_9_fu_994  |    0    |    0    |    0    |
|          |  trunc_ln108_5_fu_1021 |    0    |    0    |    0    |
|          |    shift_16_fu_1047    |    0    |    0    |    0    |
|          |    shift_18_fu_1075    |    0    |    0    |    0    |
|          |  trunc_ln91_5_fu_1104  |    0    |    0    |    0    |
|          | trunc_ln105_10_fu_1184 |    0    |    0    |    0    |
|          | trunc_ln105_11_fu_1188 |    0    |    0    |    0    |
|          |  trunc_ln108_6_fu_1213 |    0    |    0    |    0    |
|          |  trunc_ln91_6_fu_1242  |    0    |    0    |    0    |
|          | trunc_ln105_12_fu_1320 |    0    |    0    |    0    |
|          | trunc_ln105_13_fu_1324 |    0    |    0    |    0    |
|          |  trunc_ln108_7_fu_1349 |    0    |    0    |    0    |
|          |  trunc_ln91_7_fu_1379  |    0    |    0    |    0    |
|----------|------------------------|---------|---------|---------|
|          |    zext_ln103_fu_150   |    0    |    0    |    0    |
|          |    zext_ln104_fu_161   |    0    |    0    |    0    |
|          |    zext_ln106_fu_176   |    0    |    0    |    0    |
|          |    zext_ln107_fu_180   |    0    |    0    |    0    |
|          |    zext_ln99_fu_224    |    0    |    0    |    0    |
|          |    zext_ln114_fu_244   |    0    |    0    |    0    |
|          |   zext_ln103_1_fu_271  |    0    |    0    |    0    |
|          |   zext_ln104_1_fu_276  |    0    |    0    |    0    |
|          |   zext_ln104_2_fu_304  |    0    |    0    |    0    |
|          |   zext_ln104_3_fu_318  |    0    |    0    |    0    |
|          |   zext_ln106_1_fu_345  |    0    |    0    |    0    |
|          |   zext_ln107_1_fu_349  |    0    |    0    |    0    |
|          |   zext_ln114_1_fu_410  |    0    |    0    |    0    |
|          |   zext_ln103_2_fu_436  |    0    |    0    |    0    |
|          |   zext_ln104_4_fu_441  |    0    |    0    |    0    |
|          |   zext_ln104_5_fu_469  |    0    |    0    |    0    |
|          |   zext_ln104_6_fu_483  |    0    |    0    |    0    |
|          |   zext_ln106_2_fu_512  |    0    |    0    |    0    |
|          |   zext_ln107_2_fu_515  |    0    |    0    |    0    |
|          |   zext_ln114_2_fu_578  |    0    |    0    |    0    |
|          |   zext_ln103_3_fu_605  |    0    |    0    |    0    |
|          |   zext_ln104_7_fu_610  |    0    |    0    |    0    |
|          |   zext_ln104_8_fu_637  |    0    |    0    |    0    |
|          |   zext_ln104_9_fu_650  |    0    |    0    |    0    |
|          |   zext_ln106_3_fu_676  |    0    |    0    |    0    |
|          |   zext_ln107_3_fu_679  |    0    |    0    |    0    |
|   zext   |   zext_ln114_3_fu_742  |    0    |    0    |    0    |
|          |   zext_ln103_4_fu_768  |    0    |    0    |    0    |
|          |  zext_ln104_10_fu_772  |    0    |    0    |    0    |
|          |  zext_ln104_11_fu_799  |    0    |    0    |    0    |
|          |  zext_ln104_12_fu_813  |    0    |    0    |    0    |
|          |   zext_ln106_4_fu_840  |    0    |    0    |    0    |
|          |   zext_ln107_4_fu_843  |    0    |    0    |    0    |
|          |   zext_ln114_4_fu_906  |    0    |    0    |    0    |
|          |   zext_ln103_5_fu_933  |    0    |    0    |    0    |
|          |  zext_ln104_13_fu_938  |    0    |    0    |    0    |
|          |  zext_ln104_14_fu_966  |    0    |    0    |    0    |
|          |  zext_ln104_15_fu_980  |    0    |    0    |    0    |
|          |  zext_ln106_5_fu_1007  |    0    |    0    |    0    |
|          |  zext_ln107_5_fu_1011  |    0    |    0    |    0    |
|          |  zext_ln114_5_fu_1031  |    0    |    0    |    0    |
|          |  zext_ln114_6_fu_1059  |    0    |    0    |    0    |
|          |  zext_ln103_6_fu_1128  |    0    |    0    |    0    |
|          |  zext_ln104_16_fu_1133 |    0    |    0    |    0    |
|          |  zext_ln104_17_fu_1160 |    0    |    0    |    0    |
|          |  zext_ln104_18_fu_1174 |    0    |    0    |    0    |
|          |  zext_ln106_6_fu_1200  |    0    |    0    |    0    |
|          |  zext_ln107_6_fu_1204  |    0    |    0    |    0    |
|          |  zext_ln103_7_fu_1266  |    0    |    0    |    0    |
|          |  zext_ln104_19_fu_1271 |    0    |    0    |    0    |
|          |  zext_ln104_20_fu_1298 |    0    |    0    |    0    |
|          |  zext_ln104_21_fu_1311 |    0    |    0    |    0    |
|          |  zext_ln106_7_fu_1337  |    0    |    0    |    0    |
|          |  zext_ln107_7_fu_1340  |    0    |    0    |    0    |
|----------|------------------------|---------|---------|---------|
|          |       tmp_fu_286       |    0    |    0    |    0    |
|          |     tmp_147_fu_451     |    0    |    0    |    0    |
|          |     tmp_148_fu_619     |    0    |    0    |    0    |
| bitselect|     tmp_149_fu_781     |    0    |    0    |    0    |
|          |     tmp_150_fu_948     |    0    |    0    |    0    |
|          |     tmp_151_fu_1142    |    0    |    0    |    0    |
|          |     tmp_152_fu_1280    |    0    |    0    |    0    |
|----------|------------------------|---------|---------|---------|
|          |    sext_ln104_fu_300   |    0    |    0    |    0    |
|          |   sext_ln104_1_fu_314  |    0    |    0    |    0    |
|          |   sext_ln104_2_fu_465  |    0    |    0    |    0    |
|          |   sext_ln104_3_fu_479  |    0    |    0    |    0    |
|          |    sext_ln85_fu_509    |    0    |    0    |    0    |
|          |   sext_ln104_4_fu_633  |    0    |    0    |    0    |
|          |   sext_ln104_5_fu_646  |    0    |    0    |    0    |
|   sext   |   sext_ln104_6_fu_795  |    0    |    0    |    0    |
|          |   sext_ln104_7_fu_809  |    0    |    0    |    0    |
|          |   sext_ln85_1_fu_886   |    0    |    0    |    0    |
|          |   sext_ln104_8_fu_962  |    0    |    0    |    0    |
|          |   sext_ln104_9_fu_976  |    0    |    0    |    0    |
|          |  sext_ln104_10_fu_1156 |    0    |    0    |    0    |
|          |  sext_ln104_11_fu_1170 |    0    |    0    |    0    |
|          |  sext_ln104_12_fu_1294 |    0    |    0    |    0    |
|          |  sext_ln104_13_fu_1307 |    0    |    0    |    0    |
|----------|------------------------|---------|---------|---------|
|   Total  |                        |    40   |    0    |   6025  |
|----------|------------------------|---------|---------|---------|

Memories:
N/A

* Register list:
+-----------------------+--------+
|                       |   FF   |
+-----------------------+--------+
|      i_1_reg_1446     |    8   |
|      i_2_reg_1467     |    9   |
|      i_3_reg_1491     |    9   |
|       i_reg_1424      |    8   |
|    n_read_reg_1403    |    7   |
|     quo_3_reg_1479    |   61   |
|     quo_7_reg_1548    |   61   |
|   r_shN_13_reg_1543   |   24   |
|    r_shN_3_reg_1441   |   24   |
|    r_shN_5_reg_1462   |   24   |
|    r_shN_7_reg_1485   |   24   |
|    rem_18_reg_1503    |   25   |
|    rem_20_reg_1514    |   25   |
|     rem_2_reg_1413    |   25   |
|     rem_4_reg_1434    |   25   |
|select_ln105_1_reg_1457|   25   |
|select_ln105_5_reg_1533|   25   |
|   shift_11_reg_1472   |    6   |
|   shift_13_reg_1496   |    6   |
|   shift_17_reg_1521   |    6   |
|   shift_19_reg_1527   |    6   |
|    shift_5_reg_1408   |    6   |
|    shift_7_reg_1429   |    6   |
|    shift_9_reg_1451   |    6   |
| trunc_ln108_6_reg_1538|   25   |
| trunc_ln91_4_reg_1508 |   24   |
|  trunc_ln91_reg_1418  |   24   |
+-----------------------+--------+
|         Total         |   524  |
+-----------------------+--------+

* Multiplexer (MUX) list: 
|--------|------|------|------|--------|
|  Comp  |  Pin | Size |  BW  | S x BW |
|--------|------|------|------|--------|
|  Total |      |      |      |    0   |
|--------|------|------|------|--------|



* Summary:
+-----------+--------+--------+--------+
|           |   DSP  |   FF   |   LUT  |
+-----------+--------+--------+--------+
|  Function |   40   |    0   |  6025  |
|   Memory  |    -   |    -   |    -   |
|Multiplexer|    -   |    -   |    -   |
|  Register |    -   |   524  |    -   |
+-----------+--------+--------+--------+
|   Total   |   40   |   524  |  6025  |
+-----------+--------+--------+--------+
