

================================================================
== Vitis HLS Report for 'pedal_top'
================================================================
* Date:           Wed Apr  8 16:18:09 2026

* Version:        2024.1 (Build 5069499 on May 21 2024)
* Project:        pedal
* Solution:       hls (Vivado IP Flow Target)
* Product family: zynquplus
* Target device:  xczu3eg-sfvc784-2-e


================================================================
== Performance Estimates
================================================================
+ Timing: 
    * Summary: 
    +--------+----------+-----------+------------+
    |  Clock |  Target  | Estimated | Uncertainty|
    +--------+----------+-----------+------------+
    |ap_clk  |  15.00 ns|  10.941 ns|     4.05 ns|
    +--------+----------+-----------+------------+

+ Latency: 
    * Summary: 
    +---------+---------+----------+----------+-----+-----+---------+
    |  Latency (cycles) |  Latency (absolute) |  Interval | Pipeline|
    |   min   |   max   |    min   |    max   | min | max |   Type  |
    +---------+---------+----------+----------+-----+-----+---------+
    |        ?|        ?|         ?|         ?|    ?|    ?|       no|
    +---------+---------+----------+----------+-----+-----+---------+

    + Detail: 
        * Instance: 
        N/A

        * Loop: 
        +-------------------+---------+---------+----------+-----------+-----------+------+----------+
        |                   |  Latency (cycles) | Iteration|  Initiation Interval  | Trip |          |
        |     Loop Name     |   min   |   max   |  Latency |  achieved |   target  | Count| Pipelined|
        +-------------------+---------+---------+----------+-----------+-----------+------+----------+
        |- VITIS_LOOP_32_1  |        ?|        ?|        77|          2|          1|     ?|       yes|
        +-------------------+---------+---------+----------+-----------+-----------+------+----------+

============================================================
+ Verbose Summary: Synthesis Manager
============================================================
InlineROM: 1
ExposeGlobal: 0
============================================================
+ Verbose Summary: CDFG Model
============================================================
IsTopModel: 1
ResetActiveHigh: 1
IsCombinational: 0
IsDatapathOnly: 0
HasWiredReturn: 1
HasMFsm: 2
HasVarLatency: 1
IsPipeline: 0
IsRtlPipelined: 0
IsInstanceOverlapped: 0
IsDontTouch: 0
HasImplIP: 0
IsGatedGlobalClock: 0

+ Individual pipeline summary: 
  * Pipeline-0: initiation interval (II) = 2, depth = 77


============================================================
+ Verbose Summary: Schedule
============================================================
* Number of FSM states : 79
* Pipeline : 1
  Pipeline-0 : II = 2, D = 77, States = { 2 3 4 5 6 7 8 9 10 11 12 13 14 15 16 17 18 19 20 21 22 23 24 25 26 27 28 29 30 31 32 33 34 35 36 37 38 39 40 41 42 43 44 45 46 47 48 49 50 51 52 53 54 55 56 57 58 59 60 61 62 63 64 65 66 67 68 69 70 71 72 73 74 75 76 77 78 }
* Dataflow Pipeline: 0

* FSM state transitions: 
1 --> 2 
2 --> 3 
3 --> 4 
4 --> 5 
5 --> 6 
6 --> 7 
7 --> 8 
8 --> 9 
9 --> 10 
10 --> 11 
11 --> 12 
12 --> 13 
13 --> 14 
14 --> 15 
15 --> 16 
16 --> 17 
17 --> 18 
18 --> 19 
19 --> 20 
20 --> 21 
21 --> 22 
22 --> 23 
23 --> 24 
24 --> 25 
25 --> 26 
26 --> 27 
27 --> 28 
28 --> 29 
29 --> 30 
30 --> 31 
31 --> 32 
32 --> 33 
33 --> 34 
34 --> 35 
35 --> 36 
36 --> 37 
37 --> 38 
38 --> 39 
39 --> 40 
40 --> 41 
41 --> 42 
42 --> 43 
43 --> 44 
44 --> 45 
45 --> 46 
46 --> 47 
47 --> 48 
48 --> 49 
49 --> 50 
50 --> 51 
51 --> 52 
52 --> 53 
53 --> 54 
54 --> 55 
55 --> 56 
56 --> 57 
57 --> 58 
58 --> 59 
59 --> 60 
60 --> 61 
61 --> 62 
62 --> 63 
63 --> 64 
64 --> 65 
65 --> 66 
66 --> 67 
67 --> 68 
68 --> 69 
69 --> 70 
70 --> 71 
71 --> 72 
72 --> 73 
73 --> 74 
74 --> 75 
75 --> 76 
76 --> 77 
77 --> 78 
78 --> 79 2 
79 --> 

* FSM state operations: 

State 1 <SV = 0> <Delay = 1.00>
ST_1 : Operation 80 [1/1] (0.00ns)   --->   "%empty = alloca i32 1"   --->   Operation 80 'alloca' 'empty' <Predicate = true> <Delay = 0.00>
ST_1 : Operation 81 [1/1] (0.00ns)   --->   "%spectopmodule_ln5 = spectopmodule void @_ssdm_op_SpecTopModule, void @empty_8" [pedal_top.cpp:5]   --->   Operation 81 'spectopmodule' 'spectopmodule_ln5' <Predicate = true> <Delay = 0.00>
ST_1 : Operation 82 [1/1] (0.00ns)   --->   "%specinterface_ln0 = specinterface void @_ssdm_op_SpecInterface, i32 %in_stream_V_data_V, i4 %in_stream_V_keep_V, i4 %in_stream_V_strb_V, i1 %in_stream_V_last_V, void @empty, i32 1, i32 1, void @empty_0, i32 0, i32 0, void @empty_1, void @empty_1, void @empty_1, i32 0, i32 0, i32 0, i32 0, void @empty_1, void @empty_1, i32 4294967295, i32 0, i32 0"   --->   Operation 82 'specinterface' 'specinterface_ln0' <Predicate = true> <Delay = 0.00>
ST_1 : Operation 83 [1/1] (0.00ns)   --->   "%specbitsmap_ln0 = specbitsmap void @_ssdm_op_SpecBitsMap, i32 %in_stream_V_data_V"   --->   Operation 83 'specbitsmap' 'specbitsmap_ln0' <Predicate = true> <Delay = 0.00>
ST_1 : Operation 84 [1/1] (0.00ns)   --->   "%specbitsmap_ln0 = specbitsmap void @_ssdm_op_SpecBitsMap, i4 %in_stream_V_keep_V"   --->   Operation 84 'specbitsmap' 'specbitsmap_ln0' <Predicate = true> <Delay = 0.00>
ST_1 : Operation 85 [1/1] (0.00ns)   --->   "%specbitsmap_ln0 = specbitsmap void @_ssdm_op_SpecBitsMap, i4 %in_stream_V_strb_V"   --->   Operation 85 'specbitsmap' 'specbitsmap_ln0' <Predicate = true> <Delay = 0.00>
ST_1 : Operation 86 [1/1] (0.00ns)   --->   "%specbitsmap_ln0 = specbitsmap void @_ssdm_op_SpecBitsMap, i1 %in_stream_V_last_V"   --->   Operation 86 'specbitsmap' 'specbitsmap_ln0' <Predicate = true> <Delay = 0.00>
ST_1 : Operation 87 [1/1] (0.00ns)   --->   "%specinterface_ln0 = specinterface void @_ssdm_op_SpecInterface, i32 %out_stream_V_data_V, i4 %out_stream_V_keep_V, i4 %out_stream_V_strb_V, i1 %out_stream_V_last_V, void @empty, i32 1, i32 1, void @empty_0, i32 0, i32 0, void @empty_1, void @empty_1, void @empty_1, i32 0, i32 0, i32 0, i32 0, void @empty_1, void @empty_1, i32 4294967295, i32 0, i32 0"   --->   Operation 87 'specinterface' 'specinterface_ln0' <Predicate = true> <Delay = 0.00>
ST_1 : Operation 88 [1/1] (0.00ns)   --->   "%specbitsmap_ln0 = specbitsmap void @_ssdm_op_SpecBitsMap, i32 %out_stream_V_data_V"   --->   Operation 88 'specbitsmap' 'specbitsmap_ln0' <Predicate = true> <Delay = 0.00>
ST_1 : Operation 89 [1/1] (0.00ns)   --->   "%specbitsmap_ln0 = specbitsmap void @_ssdm_op_SpecBitsMap, i4 %out_stream_V_keep_V"   --->   Operation 89 'specbitsmap' 'specbitsmap_ln0' <Predicate = true> <Delay = 0.00>
ST_1 : Operation 90 [1/1] (0.00ns)   --->   "%specbitsmap_ln0 = specbitsmap void @_ssdm_op_SpecBitsMap, i4 %out_stream_V_strb_V"   --->   Operation 90 'specbitsmap' 'specbitsmap_ln0' <Predicate = true> <Delay = 0.00>
ST_1 : Operation 91 [1/1] (0.00ns)   --->   "%specbitsmap_ln0 = specbitsmap void @_ssdm_op_SpecBitsMap, i1 %out_stream_V_last_V"   --->   Operation 91 'specbitsmap' 'specbitsmap_ln0' <Predicate = true> <Delay = 0.00>
ST_1 : Operation 92 [1/1] (0.00ns)   --->   "%specbitsmap_ln0 = specbitsmap void @_ssdm_op_SpecBitsMap, i8 %switches"   --->   Operation 92 'specbitsmap' 'specbitsmap_ln0' <Predicate = true> <Delay = 0.00>
ST_1 : Operation 93 [1/1] (0.00ns)   --->   "%specinterface_ln0 = specinterface void @_ssdm_op_SpecInterface, i8 %switches, void @empty_2, i32 4294967295, i32 4294967295, void @empty_0, i32 0, i32 0, void @empty_3, void @empty_4, void @empty_1, i32 0, i32 0, i32 0, i32 0, void @empty_1, void @empty_1, i32 4294967295, i32 0, i32 0"   --->   Operation 93 'specinterface' 'specinterface_ln0' <Predicate = true> <Delay = 0.00>
ST_1 : Operation 94 [1/1] (0.00ns)   --->   "%specinterface_ln0 = specinterface void @_ssdm_op_SpecInterface, i8 %switches, void @empty_5, i32 4294967295, i32 4294967295, void @empty_1, i32 0, i32 0, void @empty_1, void @empty_1, void @empty_1, i32 0, i32 0, i32 0, i32 0, void @empty_1, void @empty_1, i32 4294967295, i32 0, i32 0"   --->   Operation 94 'specinterface' 'specinterface_ln0' <Predicate = true> <Delay = 0.00>
ST_1 : Operation 95 [1/1] (0.00ns)   --->   "%specinterface_ln0 = specinterface void @_ssdm_op_SpecInterface, i32 0, void @empty_2, i32 0, i32 0, void @empty_1, i32 0, i32 0, void @empty_3, void @empty_1, void @empty_1, i32 0, i32 0, i32 0, i32 0, void @empty_1, void @empty_1, i32 4294967295, i32 0, i32 0"   --->   Operation 95 'specinterface' 'specinterface_ln0' <Predicate = true> <Delay = 0.00>
ST_1 : Operation 96 [1/1] (1.00ns)   --->   "%switches_read = read i8 @_ssdm_op_Read.s_axilite.i8, i8 %switches"   --->   Operation 96 'read' 'switches_read' <Predicate = true> <Delay = 1.00> <CoreInst = "s_axilite">   --->   Core 120 's_axilite' <Latency = 0> <II = 1> <Delay = 1.00> <Adapter> <Opcode : 'read' 'write'>
ST_1 : Operation 97 [1/1] (0.00ns)   --->   "%specmemcore_ln12 = specmemcore void @_ssdm_op_SpecMemCore, i32 %buffer_r, i64 666, i64 22, i64 18446744073709551615" [pedal_top.cpp:12]   --->   Operation 97 'specmemcore' 'specmemcore_ln12' <Predicate = true> <Delay = 0.00>
ST_1 : Operation 98 [1/1] (0.00ns)   --->   "%sw0 = trunc i8 %switches_read" [pedal_top.cpp:23]   --->   Operation 98 'trunc' 'sw0' <Predicate = true> <Delay = 0.00>
ST_1 : Operation 99 [1/1] (0.00ns)   --->   "%sw1 = bitselect i1 @_ssdm_op_BitSelect.i1.i8.i32, i8 %switches_read, i32 1" [pedal_top.cpp:24]   --->   Operation 99 'bitselect' 'sw1' <Predicate = true> <Delay = 0.00>
ST_1 : Operation 100 [1/1] (0.00ns)   --->   "%sw2 = bitselect i1 @_ssdm_op_BitSelect.i1.i8.i32, i8 %switches_read, i32 2" [pedal_top.cpp:25]   --->   Operation 100 'bitselect' 'sw2' <Predicate = true> <Delay = 0.00>
ST_1 : Operation 101 [1/1] (0.00ns)   --->   "%sw3 = bitselect i1 @_ssdm_op_BitSelect.i1.i8.i32, i8 %switches_read, i32 3" [pedal_top.cpp:26]   --->   Operation 101 'bitselect' 'sw3' <Predicate = true> <Delay = 0.00>
ST_1 : Operation 102 [1/1] (0.00ns)   --->   "%sw4 = bitselect i1 @_ssdm_op_BitSelect.i1.i8.i32, i8 %switches_read, i32 4" [pedal_top.cpp:27]   --->   Operation 102 'bitselect' 'sw4' <Predicate = true> <Delay = 0.00>
ST_1 : Operation 103 [1/1] (0.00ns)   --->   "%sample_count_load = load i32 %sample_count" [pedal_top.cpp:91]   --->   Operation 103 'load' 'sample_count_load' <Predicate = true> <Delay = 0.00>
ST_1 : Operation 104 [1/1] (0.00ns)   --->   "%specaxissidechannel_ln32 = specaxissidechannel void @_ssdm_op_SpecAXISSideChannel, i32 %out_stream_V_data_V, i4 %out_stream_V_keep_V, i4 %out_stream_V_strb_V, i1 0, i1 %out_stream_V_last_V, i1 0, i1 0, void @empty_6" [pedal_top.cpp:32]   --->   Operation 104 'specaxissidechannel' 'specaxissidechannel_ln32' <Predicate = true> <Delay = 0.00>
ST_1 : Operation 105 [1/1] (0.00ns)   --->   "%specaxissidechannel_ln32 = specaxissidechannel void @_ssdm_op_SpecAXISSideChannel, i32 %in_stream_V_data_V, i4 %in_stream_V_keep_V, i4 %in_stream_V_strb_V, i1 0, i1 %in_stream_V_last_V, i1 0, i1 0, void @empty_7" [pedal_top.cpp:32]   --->   Operation 105 'specaxissidechannel' 'specaxissidechannel_ln32' <Predicate = true> <Delay = 0.00>
ST_1 : Operation 106 [1/1] (0.42ns)   --->   "%store_ln91 = store i32 %sample_count_load, i32 %empty" [pedal_top.cpp:91]   --->   Operation 106 'store' 'store_ln91' <Predicate = true> <Delay = 0.42>
ST_1 : Operation 107 [1/1] (0.00ns)   --->   "%br_ln32 = br void %do.body_ifconv" [pedal_top.cpp:32]   --->   Operation 107 'br' 'br_ln32' <Predicate = true> <Delay = 0.00>

State 2 <SV = 1> <Delay = 9.47>
ST_2 : Operation 108 [1/1] (0.00ns)   --->   "%specpipeline_ln34 = specpipeline void @_ssdm_op_SpecPipeline, i32 1, i32 0, i32 0, i32 0, void @empty_1" [pedal_top.cpp:34]   --->   Operation 108 'specpipeline' 'specpipeline_ln34' <Predicate = true> <Delay = 0.00>
ST_2 : Operation 109 [1/1] (0.00ns)   --->   "%specloopname_ln32 = specloopname void @_ssdm_op_SpecLoopName, void @empty_9" [pedal_top.cpp:32]   --->   Operation 109 'specloopname' 'specloopname_ln32' <Predicate = true> <Delay = 0.00>
ST_2 : Operation 110 [1/1] (0.07ns)   --->   "%empty_76 = read i41 @_ssdm_op_Read.axis.volatile.i32P0A.i4P0A.i4P0A.i1P0A, i32 %in_stream_V_data_V, i4 %in_stream_V_keep_V, i4 %in_stream_V_strb_V, i1 %in_stream_V_last_V" [pedal_top.cpp:36]   --->   Operation 110 'read' 'empty_76' <Predicate = true> <Delay = 0.07> <CoreInst = "regslice">   --->   Core 148 'regslice' <Latency = 0> <II = 1> <Delay = 0.65> <Adapter> <Opcode : 'read' 'write'>
ST_2 : Operation 111 [1/1] (0.00ns)   --->   "%sample_data_11 = extractvalue i41 %empty_76" [pedal_top.cpp:36]   --->   Operation 111 'extractvalue' 'sample_data_11' <Predicate = true> <Delay = 0.00>
ST_2 : Operation 112 [1/1] (0.00ns)   --->   "%sample_keep = extractvalue i41 %empty_76" [pedal_top.cpp:36]   --->   Operation 112 'extractvalue' 'sample_keep' <Predicate = true> <Delay = 0.00>
ST_2 : Operation 113 [1/1] (0.00ns)   --->   "%sample_strb = extractvalue i41 %empty_76" [pedal_top.cpp:36]   --->   Operation 113 'extractvalue' 'sample_strb' <Predicate = true> <Delay = 0.00>
ST_2 : Operation 114 [1/1] (0.00ns)   --->   "%sample_last = extractvalue i41 %empty_76" [pedal_top.cpp:36]   --->   Operation 114 'extractvalue' 'sample_last' <Predicate = true> <Delay = 0.00>
ST_2 : Operation 115 [1/1] (0.00ns)   --->   "%tmp = bitselect i1 @_ssdm_op_BitSelect.i1.i32.i32, i32 %sample_data_11, i32 31" [pedal_c.cpp:15->pedal_top.cpp:41]   --->   Operation 115 'bitselect' 'tmp' <Predicate = (sw0)> <Delay = 0.00>
ST_2 : Operation 116 [1/1] (0.00ns) (grouped into LUT with out node select_ln15_1)   --->   "%shl_ln15 = shl i32 %sample_data_11, i32 16" [pedal_c.cpp:15->pedal_top.cpp:41]   --->   Operation 116 'shl' 'shl_ln15' <Predicate = (sw0)> <Delay = 0.00>
ST_2 : Operation 117 [1/1] (0.00ns)   --->   "%tmp_58 = bitselect i1 @_ssdm_op_BitSelect.i1.i32.i32, i32 %sample_data_11, i32 15" [pedal_c.cpp:15->pedal_top.cpp:41]   --->   Operation 117 'bitselect' 'tmp_58' <Predicate = (sw0)> <Delay = 0.00>
ST_2 : Operation 118 [1/1] (0.00ns)   --->   "%tmp_s = partselect i16 @_ssdm_op_PartSelect.i16.i32.i32.i32, i32 %sample_data_11, i32 16, i32 31" [pedal_c.cpp:15->pedal_top.cpp:41]   --->   Operation 118 'partselect' 'tmp_s' <Predicate = (sw0)> <Delay = 0.00>
ST_2 : Operation 119 [1/1] (0.85ns)   --->   "%icmp_ln15 = icmp_ne  i16 %tmp_s, i16 0" [pedal_c.cpp:15->pedal_top.cpp:41]   --->   Operation 119 'icmp' 'icmp_ln15' <Predicate = (sw0)> <Delay = 0.85> <CoreInst = "Cmp">   --->   Core 9 'Cmp' <Latency = 0> <II = 1> <Delay = 0.85> <FuncUnit> <Opcode : 'seteq' 'setne' 'setle' 'setge' 'setlt' 'setgt'> <InPorts = 2> <OutPorts = 1>
ST_2 : Operation 120 [1/1] (0.00ns) (grouped into LUT with out node and_ln15)   --->   "%or_ln15 = or i1 %tmp_58, i1 %icmp_ln15" [pedal_c.cpp:15->pedal_top.cpp:41]   --->   Operation 120 'or' 'or_ln15' <Predicate = (sw0)> <Delay = 0.00> <CoreInst = "LogicGate">   --->   Core 74 'LogicGate' <Latency = 0> <II = 1> <Delay = 0.28> <FuncUnit> <Opcode : 'and' 'or' 'xor'> <InPorts = 2> <OutPorts = 1>
ST_2 : Operation 121 [1/1] (0.00ns) (grouped into LUT with out node and_ln15)   --->   "%xor_ln15 = xor i1 %tmp, i1 1" [pedal_c.cpp:15->pedal_top.cpp:41]   --->   Operation 121 'xor' 'xor_ln15' <Predicate = (sw0)> <Delay = 0.00> <CoreInst = "LogicGate">   --->   Core 74 'LogicGate' <Latency = 0> <II = 1> <Delay = 0.28> <FuncUnit> <Opcode : 'and' 'or' 'xor'> <InPorts = 2> <OutPorts = 1>
ST_2 : Operation 122 [1/1] (0.28ns) (out node of the LUT)   --->   "%and_ln15 = and i1 %or_ln15, i1 %xor_ln15" [pedal_c.cpp:15->pedal_top.cpp:41]   --->   Operation 122 'and' 'and_ln15' <Predicate = (sw0)> <Delay = 0.28> <CoreInst = "LogicGate">   --->   Core 74 'LogicGate' <Latency = 0> <II = 1> <Delay = 0.28> <FuncUnit> <Opcode : 'and' 'or' 'xor'> <InPorts = 2> <OutPorts = 1>
ST_2 : Operation 123 [1/1] (0.00ns) (grouped into LUT with out node select_ln15_1)   --->   "%xor_ln15_1 = xor i1 %tmp_58, i1 1" [pedal_c.cpp:15->pedal_top.cpp:41]   --->   Operation 123 'xor' 'xor_ln15_1' <Predicate = (sw0)> <Delay = 0.00> <CoreInst = "LogicGate">   --->   Core 74 'LogicGate' <Latency = 0> <II = 1> <Delay = 0.28> <FuncUnit> <Opcode : 'and' 'or' 'xor'> <InPorts = 2> <OutPorts = 1>
ST_2 : Operation 124 [1/1] (0.85ns)   --->   "%icmp_ln15_1 = icmp_ne  i16 %tmp_s, i16 65535" [pedal_c.cpp:15->pedal_top.cpp:41]   --->   Operation 124 'icmp' 'icmp_ln15_1' <Predicate = (sw0)> <Delay = 0.85> <CoreInst = "Cmp">   --->   Core 9 'Cmp' <Latency = 0> <II = 1> <Delay = 0.85> <FuncUnit> <Opcode : 'seteq' 'setne' 'setle' 'setge' 'setlt' 'setgt'> <InPorts = 2> <OutPorts = 1>
ST_2 : Operation 125 [1/1] (0.00ns) (grouped into LUT with out node select_ln15_1)   --->   "%or_ln15_1 = or i1 %icmp_ln15_1, i1 %xor_ln15_1" [pedal_c.cpp:15->pedal_top.cpp:41]   --->   Operation 125 'or' 'or_ln15_1' <Predicate = (sw0)> <Delay = 0.00> <CoreInst = "LogicGate">   --->   Core 74 'LogicGate' <Latency = 0> <II = 1> <Delay = 0.28> <FuncUnit> <Opcode : 'and' 'or' 'xor'> <InPorts = 2> <OutPorts = 1>
ST_2 : Operation 126 [1/1] (0.00ns) (grouped into LUT with out node select_ln15_1)   --->   "%and_ln15_1 = and i1 %or_ln15_1, i1 %tmp" [pedal_c.cpp:15->pedal_top.cpp:41]   --->   Operation 126 'and' 'and_ln15_1' <Predicate = (sw0)> <Delay = 0.00> <CoreInst = "LogicGate">   --->   Core 74 'LogicGate' <Latency = 0> <II = 1> <Delay = 0.28> <FuncUnit> <Opcode : 'and' 'or' 'xor'> <InPorts = 2> <OutPorts = 1>
ST_2 : Operation 127 [1/1] (0.00ns) (grouped into LUT with out node select_ln15_1)   --->   "%select_ln15 = select i1 %and_ln15, i32 2147483647, i32 2147483648" [pedal_c.cpp:15->pedal_top.cpp:41]   --->   Operation 127 'select' 'select_ln15' <Predicate = (sw0)> <Delay = 0.00> <CoreInst = "Sel">   --->   Core 73 'Sel' <Latency = 0> <II = 1> <Delay = 0.44> <FuncUnit> <Opcode : 'select'> <InPorts = 3> <OutPorts = 1>
ST_2 : Operation 128 [1/1] (0.00ns) (grouped into LUT with out node select_ln15_1)   --->   "%or_ln15_2 = or i1 %and_ln15, i1 %and_ln15_1" [pedal_c.cpp:15->pedal_top.cpp:41]   --->   Operation 128 'or' 'or_ln15_2' <Predicate = (sw0)> <Delay = 0.00> <CoreInst = "LogicGate">   --->   Core 74 'LogicGate' <Latency = 0> <II = 1> <Delay = 0.28> <FuncUnit> <Opcode : 'and' 'or' 'xor'> <InPorts = 2> <OutPorts = 1>
ST_2 : Operation 129 [1/1] (0.44ns) (out node of the LUT)   --->   "%select_ln15_1 = select i1 %or_ln15_2, i32 %select_ln15, i32 %shl_ln15" [pedal_c.cpp:15->pedal_top.cpp:41]   --->   Operation 129 'select' 'select_ln15_1' <Predicate = (sw0)> <Delay = 0.44> <CoreInst = "Sel">   --->   Core 73 'Sel' <Latency = 0> <II = 1> <Delay = 0.44> <FuncUnit> <Opcode : 'select'> <InPorts = 3> <OutPorts = 1>
ST_2 : Operation 130 [1/1] (0.00ns)   --->   "%tmp_59 = bitconcatenate i49 @_ssdm_op_BitConcatenate.i49.i32.i17, i32 %select_ln15_1, i17 0" [pedal_c.cpp:15->pedal_top.cpp:41]   --->   Operation 130 'bitconcatenate' 'tmp_59' <Predicate = (sw0)> <Delay = 0.00>
ST_2 : Operation 131 [1/1] (0.00ns)   --->   "%sext_ln15 = sext i49 %tmp_59" [pedal_c.cpp:15->pedal_top.cpp:41]   --->   Operation 131 'sext' 'sext_ln15' <Predicate = (sw0)> <Delay = 0.00>
ST_2 : Operation 132 [1/1] (0.00ns)   --->   "%tmp_60 = bitconcatenate i47 @_ssdm_op_BitConcatenate.i47.i32.i15, i32 %select_ln15_1, i15 0" [pedal_c.cpp:15->pedal_top.cpp:41]   --->   Operation 132 'bitconcatenate' 'tmp_60' <Predicate = (sw0)> <Delay = 0.00>
ST_2 : Operation 133 [1/1] (0.00ns)   --->   "%sext_ln15_1 = sext i47 %tmp_60" [pedal_c.cpp:15->pedal_top.cpp:41]   --->   Operation 133 'sext' 'sext_ln15_1' <Predicate = (sw0)> <Delay = 0.00>
ST_2 : Operation 134 [1/1] (1.09ns)   --->   "%add_ln15 = add i51 %sext_ln15, i51 %sext_ln15_1" [pedal_c.cpp:15->pedal_top.cpp:41]   --->   Operation 134 'add' 'add_ln15' <Predicate = (sw0)> <Delay = 1.09> <CoreInst = "Adder">   --->   Core 1 'Adder' <Latency = 0> <II = 1> <Delay = 1.09> <FuncUnit> <Opcode : 'add' 'sub'> <InPorts = 2> <OutPorts = 1>
ST_2 : Operation 135 [1/1] (0.00ns)   --->   "%tmp_61 = bitselect i1 @_ssdm_op_BitSelect.i1.i51.i32, i51 %add_ln15, i32 50" [pedal_c.cpp:15->pedal_top.cpp:41]   --->   Operation 135 'bitselect' 'tmp_61' <Predicate = (sw0)> <Delay = 0.00>
ST_2 : Operation 136 [1/1] (0.00ns) (grouped into LUT with out node temp_1)   --->   "%temp = partselect i32 @_ssdm_op_PartSelect.i32.i51.i32.i32, i51 %add_ln15, i32 16, i32 47" [pedal_c.cpp:15->pedal_top.cpp:41]   --->   Operation 136 'partselect' 'temp' <Predicate = (sw0)> <Delay = 0.00>
ST_2 : Operation 137 [1/1] (0.00ns) (grouped into LUT with out node temp_1)   --->   "%tmp_62 = bitselect i1 @_ssdm_op_BitSelect.i1.i51.i32, i51 %add_ln15, i32 15" [pedal_c.cpp:15->pedal_top.cpp:41]   --->   Operation 137 'bitselect' 'tmp_62' <Predicate = (sw0)> <Delay = 0.00>
ST_2 : Operation 138 [1/1] (0.00ns) (grouped into LUT with out node and_ln15_3)   --->   "%tmp_63 = bitselect i1 @_ssdm_op_BitSelect.i1.i51.i32, i51 %add_ln15, i32 47" [pedal_c.cpp:15->pedal_top.cpp:41]   --->   Operation 138 'bitselect' 'tmp_63' <Predicate = (sw0)> <Delay = 0.00>
ST_2 : Operation 139 [1/1] (0.00ns) (grouped into LUT with out node temp_1)   --->   "%tmp_64 = bitselect i1 @_ssdm_op_BitSelect.i1.i51.i32, i51 %add_ln15, i32 16" [pedal_c.cpp:15->pedal_top.cpp:41]   --->   Operation 139 'bitselect' 'tmp_64' <Predicate = (sw0)> <Delay = 0.00>
ST_2 : Operation 140 [1/1] (0.00ns) (grouped into LUT with out node temp_1)   --->   "%and_ln15_2 = and i1 %tmp_64, i1 %tmp_62" [pedal_c.cpp:15->pedal_top.cpp:41]   --->   Operation 140 'and' 'and_ln15_2' <Predicate = (sw0)> <Delay = 0.00> <CoreInst = "LogicGate">   --->   Core 74 'LogicGate' <Latency = 0> <II = 1> <Delay = 0.28> <FuncUnit> <Opcode : 'and' 'or' 'xor'> <InPorts = 2> <OutPorts = 1>
ST_2 : Operation 141 [1/1] (0.00ns) (grouped into LUT with out node temp_1)   --->   "%zext_ln15 = zext i1 %and_ln15_2" [pedal_c.cpp:15->pedal_top.cpp:41]   --->   Operation 141 'zext' 'zext_ln15' <Predicate = (sw0)> <Delay = 0.00>
ST_2 : Operation 142 [1/1] (1.01ns) (out node of the LUT)   --->   "%temp_1 = add i32 %temp, i32 %zext_ln15" [pedal_c.cpp:15->pedal_top.cpp:41]   --->   Operation 142 'add' 'temp_1' <Predicate = (sw0)> <Delay = 1.01> <CoreInst = "Adder">   --->   Core 1 'Adder' <Latency = 0> <II = 1> <Delay = 1.01> <FuncUnit> <Opcode : 'add' 'sub'> <InPorts = 2> <OutPorts = 1>
ST_2 : Operation 143 [1/1] (0.00ns)   --->   "%tmp_65 = bitselect i1 @_ssdm_op_BitSelect.i1.i32.i32, i32 %temp_1, i32 31" [pedal_c.cpp:15->pedal_top.cpp:41]   --->   Operation 143 'bitselect' 'tmp_65' <Predicate = (sw0)> <Delay = 0.00>
ST_2 : Operation 144 [1/1] (0.00ns) (grouped into LUT with out node and_ln15_3)   --->   "%xor_ln15_2 = xor i1 %tmp_65, i1 1" [pedal_c.cpp:15->pedal_top.cpp:41]   --->   Operation 144 'xor' 'xor_ln15_2' <Predicate = (sw0)> <Delay = 0.00> <CoreInst = "LogicGate">   --->   Core 74 'LogicGate' <Latency = 0> <II = 1> <Delay = 0.28> <FuncUnit> <Opcode : 'and' 'or' 'xor'> <InPorts = 2> <OutPorts = 1>
ST_2 : Operation 145 [1/1] (0.28ns) (out node of the LUT)   --->   "%and_ln15_3 = and i1 %tmp_63, i1 %xor_ln15_2" [pedal_c.cpp:15->pedal_top.cpp:41]   --->   Operation 145 'and' 'and_ln15_3' <Predicate = (sw0)> <Delay = 0.28> <CoreInst = "LogicGate">   --->   Core 74 'LogicGate' <Latency = 0> <II = 1> <Delay = 0.28> <FuncUnit> <Opcode : 'and' 'or' 'xor'> <InPorts = 2> <OutPorts = 1>
ST_2 : Operation 146 [1/1] (0.00ns) (grouped into LUT with out node xor_ln15_7)   --->   "%tmp_66 = bitselect i1 @_ssdm_op_BitSelect.i1.i51.i32, i51 %add_ln15, i32 48" [pedal_c.cpp:15->pedal_top.cpp:41]   --->   Operation 146 'bitselect' 'tmp_66' <Predicate = (sw0)> <Delay = 0.00>
ST_2 : Operation 147 [1/1] (0.00ns)   --->   "%tmp_22 = partselect i2 @_ssdm_op_PartSelect.i2.i51.i32.i32, i51 %add_ln15, i32 49, i32 50" [pedal_c.cpp:15->pedal_top.cpp:41]   --->   Operation 147 'partselect' 'tmp_22' <Predicate = (sw0)> <Delay = 0.00>
ST_2 : Operation 148 [1/1] (0.54ns)   --->   "%icmp_ln15_2 = icmp_eq  i2 %tmp_22, i2 3" [pedal_c.cpp:15->pedal_top.cpp:41]   --->   Operation 148 'icmp' 'icmp_ln15_2' <Predicate = (sw0)> <Delay = 0.54> <CoreInst = "Cmp">   --->   Core 9 'Cmp' <Latency = 0> <II = 1> <Delay = 0.54> <FuncUnit> <Opcode : 'seteq' 'setne' 'setle' 'setge' 'setlt' 'setgt'> <InPorts = 2> <OutPorts = 1>
ST_2 : Operation 149 [1/1] (0.00ns)   --->   "%tmp_23 = partselect i3 @_ssdm_op_PartSelect.i3.i51.i32.i32, i51 %add_ln15, i32 48, i32 50" [pedal_c.cpp:15->pedal_top.cpp:41]   --->   Operation 149 'partselect' 'tmp_23' <Predicate = (sw0)> <Delay = 0.00>
ST_2 : Operation 150 [1/1] (0.67ns)   --->   "%icmp_ln15_3 = icmp_eq  i3 %tmp_23, i3 7" [pedal_c.cpp:15->pedal_top.cpp:41]   --->   Operation 150 'icmp' 'icmp_ln15_3' <Predicate = (sw0)> <Delay = 0.67> <CoreInst = "Cmp">   --->   Core 9 'Cmp' <Latency = 0> <II = 1> <Delay = 0.67> <FuncUnit> <Opcode : 'seteq' 'setne' 'setle' 'setge' 'setlt' 'setgt'> <InPorts = 2> <OutPorts = 1>
ST_2 : Operation 151 [1/1] (0.67ns)   --->   "%icmp_ln15_4 = icmp_eq  i3 %tmp_23, i3 0" [pedal_c.cpp:15->pedal_top.cpp:41]   --->   Operation 151 'icmp' 'icmp_ln15_4' <Predicate = (sw0)> <Delay = 0.67> <CoreInst = "Cmp">   --->   Core 9 'Cmp' <Latency = 0> <II = 1> <Delay = 0.67> <FuncUnit> <Opcode : 'seteq' 'setne' 'setle' 'setge' 'setlt' 'setgt'> <InPorts = 2> <OutPorts = 1>
ST_2 : Operation 152 [1/1] (0.00ns) (grouped into LUT with out node and_ln15_6)   --->   "%select_ln15_2 = select i1 %and_ln15_3, i1 %icmp_ln15_3, i1 %icmp_ln15_4" [pedal_c.cpp:15->pedal_top.cpp:41]   --->   Operation 152 'select' 'select_ln15_2' <Predicate = (sw0)> <Delay = 0.00> <CoreInst = "Sel">   --->   Core 73 'Sel' <Latency = 0> <II = 1> <Delay = 0.17> <FuncUnit> <Opcode : 'select'> <InPorts = 3> <OutPorts = 1>
ST_2 : Operation 153 [1/1] (0.00ns) (grouped into LUT with out node xor_ln15_7)   --->   "%xor_ln15_3 = xor i1 %tmp_66, i1 1" [pedal_c.cpp:15->pedal_top.cpp:41]   --->   Operation 153 'xor' 'xor_ln15_3' <Predicate = (sw0)> <Delay = 0.00> <CoreInst = "LogicGate">   --->   Core 74 'LogicGate' <Latency = 0> <II = 1> <Delay = 0.28> <FuncUnit> <Opcode : 'and' 'or' 'xor'> <InPorts = 2> <OutPorts = 1>
ST_2 : Operation 154 [1/1] (0.00ns) (grouped into LUT with out node xor_ln15_7)   --->   "%and_ln15_4 = and i1 %icmp_ln15_2, i1 %xor_ln15_3" [pedal_c.cpp:15->pedal_top.cpp:41]   --->   Operation 154 'and' 'and_ln15_4' <Predicate = (sw0)> <Delay = 0.00> <CoreInst = "LogicGate">   --->   Core 74 'LogicGate' <Latency = 0> <II = 1> <Delay = 0.28> <FuncUnit> <Opcode : 'and' 'or' 'xor'> <InPorts = 2> <OutPorts = 1>
ST_2 : Operation 155 [1/1] (0.00ns) (grouped into LUT with out node xor_ln15_7)   --->   "%select_ln15_3 = select i1 %and_ln15_3, i1 %and_ln15_4, i1 %icmp_ln15_3" [pedal_c.cpp:15->pedal_top.cpp:41]   --->   Operation 155 'select' 'select_ln15_3' <Predicate = (sw0)> <Delay = 0.00> <CoreInst = "Sel">   --->   Core 73 'Sel' <Latency = 0> <II = 1> <Delay = 0.17> <FuncUnit> <Opcode : 'select'> <InPorts = 3> <OutPorts = 1>
ST_2 : Operation 156 [1/1] (0.00ns) (grouped into LUT with out node or_ln15_4)   --->   "%and_ln15_5 = and i1 %and_ln15_3, i1 %icmp_ln15_3" [pedal_c.cpp:15->pedal_top.cpp:41]   --->   Operation 156 'and' 'and_ln15_5' <Predicate = (sw0)> <Delay = 0.00> <CoreInst = "LogicGate">   --->   Core 74 'LogicGate' <Latency = 0> <II = 1> <Delay = 0.28> <FuncUnit> <Opcode : 'and' 'or' 'xor'> <InPorts = 2> <OutPorts = 1>
ST_2 : Operation 157 [1/1] (0.00ns) (grouped into LUT with out node or_ln15_4)   --->   "%xor_ln15_4 = xor i1 %and_ln15_5, i1 1" [pedal_c.cpp:15->pedal_top.cpp:41]   --->   Operation 157 'xor' 'xor_ln15_4' <Predicate = (sw0)> <Delay = 0.00> <CoreInst = "LogicGate">   --->   Core 74 'LogicGate' <Latency = 0> <II = 1> <Delay = 0.28> <FuncUnit> <Opcode : 'and' 'or' 'xor'> <InPorts = 2> <OutPorts = 1>
ST_2 : Operation 158 [1/1] (0.00ns) (grouped into LUT with out node or_ln15_4)   --->   "%empty_77 = and i1 %tmp_61, i1 %xor_ln15_4" [pedal_c.cpp:15->pedal_top.cpp:41]   --->   Operation 158 'and' 'empty_77' <Predicate = (sw0)> <Delay = 0.00> <CoreInst = "LogicGate">   --->   Core 74 'LogicGate' <Latency = 0> <II = 1> <Delay = 0.28> <FuncUnit> <Opcode : 'and' 'or' 'xor'> <InPorts = 2> <OutPorts = 1>
ST_2 : Operation 159 [1/1] (0.00ns) (grouped into LUT with out node and_ln15_6)   --->   "%xor_ln15_5 = xor i1 %select_ln15_2, i1 1" [pedal_c.cpp:15->pedal_top.cpp:41]   --->   Operation 159 'xor' 'xor_ln15_5' <Predicate = (sw0)> <Delay = 0.00> <CoreInst = "LogicGate">   --->   Core 74 'LogicGate' <Latency = 0> <II = 1> <Delay = 0.28> <FuncUnit> <Opcode : 'and' 'or' 'xor'> <InPorts = 2> <OutPorts = 1>
ST_2 : Operation 160 [1/1] (0.00ns) (grouped into LUT with out node and_ln15_6)   --->   "%or_ln15_3 = or i1 %tmp_65, i1 %xor_ln15_5" [pedal_c.cpp:15->pedal_top.cpp:41]   --->   Operation 160 'or' 'or_ln15_3' <Predicate = (sw0)> <Delay = 0.00> <CoreInst = "LogicGate">   --->   Core 74 'LogicGate' <Latency = 0> <II = 1> <Delay = 0.28> <FuncUnit> <Opcode : 'and' 'or' 'xor'> <InPorts = 2> <OutPorts = 1>
ST_2 : Operation 161 [1/1] (0.00ns) (grouped into LUT with out node and_ln15_6)   --->   "%xor_ln15_6 = xor i1 %tmp_61, i1 1" [pedal_c.cpp:15->pedal_top.cpp:41]   --->   Operation 161 'xor' 'xor_ln15_6' <Predicate = (sw0)> <Delay = 0.00> <CoreInst = "LogicGate">   --->   Core 74 'LogicGate' <Latency = 0> <II = 1> <Delay = 0.28> <FuncUnit> <Opcode : 'and' 'or' 'xor'> <InPorts = 2> <OutPorts = 1>
ST_2 : Operation 162 [1/1] (0.28ns) (out node of the LUT)   --->   "%and_ln15_6 = and i1 %or_ln15_3, i1 %xor_ln15_6" [pedal_c.cpp:15->pedal_top.cpp:41]   --->   Operation 162 'and' 'and_ln15_6' <Predicate = (sw0)> <Delay = 0.28> <CoreInst = "LogicGate">   --->   Core 74 'LogicGate' <Latency = 0> <II = 1> <Delay = 0.28> <FuncUnit> <Opcode : 'and' 'or' 'xor'> <InPorts = 2> <OutPorts = 1>
ST_2 : Operation 163 [1/1] (0.00ns) (grouped into LUT with out node xor_ln15_7)   --->   "%and_ln15_7 = and i1 %tmp_65, i1 %select_ln15_3" [pedal_c.cpp:15->pedal_top.cpp:41]   --->   Operation 163 'and' 'and_ln15_7' <Predicate = (sw0)> <Delay = 0.00> <CoreInst = "LogicGate">   --->   Core 74 'LogicGate' <Latency = 0> <II = 1> <Delay = 0.28> <FuncUnit> <Opcode : 'and' 'or' 'xor'> <InPorts = 2> <OutPorts = 1>
ST_2 : Operation 164 [1/1] (0.28ns) (out node of the LUT)   --->   "%xor_ln15_7 = xor i1 %and_ln15_7, i1 1" [pedal_c.cpp:15->pedal_top.cpp:41]   --->   Operation 164 'xor' 'xor_ln15_7' <Predicate = (sw0)> <Delay = 0.28> <CoreInst = "LogicGate">   --->   Core 74 'LogicGate' <Latency = 0> <II = 1> <Delay = 0.28> <FuncUnit> <Opcode : 'and' 'or' 'xor'> <InPorts = 2> <OutPorts = 1>
ST_2 : Operation 165 [1/1] (0.00ns) (grouped into LUT with out node or_ln15_4)   --->   "%and_ln15_8 = and i1 %empty_77, i1 %xor_ln15_7" [pedal_c.cpp:15->pedal_top.cpp:41]   --->   Operation 165 'and' 'and_ln15_8' <Predicate = (sw0)> <Delay = 0.00> <CoreInst = "LogicGate">   --->   Core 74 'LogicGate' <Latency = 0> <II = 1> <Delay = 0.28> <FuncUnit> <Opcode : 'and' 'or' 'xor'> <InPorts = 2> <OutPorts = 1>
ST_2 : Operation 166 [1/1] (0.00ns) (grouped into LUT with out node temp_2)   --->   "%select_ln15_4 = select i1 %and_ln15_6, i32 2147483647, i32 2147483648" [pedal_c.cpp:15->pedal_top.cpp:41]   --->   Operation 166 'select' 'select_ln15_4' <Predicate = (sw0)> <Delay = 0.00> <CoreInst = "Sel">   --->   Core 73 'Sel' <Latency = 0> <II = 1> <Delay = 0.44> <FuncUnit> <Opcode : 'select'> <InPorts = 3> <OutPorts = 1>
ST_2 : Operation 167 [1/1] (0.28ns) (out node of the LUT)   --->   "%or_ln15_4 = or i1 %and_ln15_6, i1 %and_ln15_8" [pedal_c.cpp:15->pedal_top.cpp:41]   --->   Operation 167 'or' 'or_ln15_4' <Predicate = (sw0)> <Delay = 0.28> <CoreInst = "LogicGate">   --->   Core 74 'LogicGate' <Latency = 0> <II = 1> <Delay = 0.28> <FuncUnit> <Opcode : 'and' 'or' 'xor'> <InPorts = 2> <OutPorts = 1>
ST_2 : Operation 168 [1/1] (0.44ns) (out node of the LUT)   --->   "%temp_2 = select i1 %or_ln15_4, i32 %select_ln15_4, i32 %temp_1" [pedal_c.cpp:15->pedal_top.cpp:41]   --->   Operation 168 'select' 'temp_2' <Predicate = (sw0)> <Delay = 0.44> <CoreInst = "Sel">   --->   Core 73 'Sel' <Latency = 0> <II = 1> <Delay = 0.44> <FuncUnit> <Opcode : 'select'> <InPorts = 3> <OutPorts = 1>
ST_2 : Operation 169 [1/1] (0.00ns) (grouped into LUT with out node temp_3)   --->   "%trunc_ln15 = trunc i32 %temp_2" [pedal_c.cpp:15->pedal_top.cpp:41]   --->   Operation 169 'trunc' 'trunc_ln15' <Predicate = (sw0)> <Delay = 0.00>
ST_2 : Operation 170 [1/1] (1.01ns)   --->   "%icmp_ln16 = icmp_sgt  i32 %temp_2, i32 327680000" [pedal_c.cpp:16->pedal_top.cpp:41]   --->   Operation 170 'icmp' 'icmp_ln16' <Predicate = (sw0)> <Delay = 1.01> <CoreInst = "Cmp">   --->   Core 9 'Cmp' <Latency = 0> <II = 1> <Delay = 1.01> <FuncUnit> <Opcode : 'seteq' 'setne' 'setle' 'setge' 'setlt' 'setgt'> <InPorts = 2> <OutPorts = 1>
ST_2 : Operation 171 [1/1] (1.01ns)   --->   "%icmp_ln19 = icmp_slt  i32 %temp_2, i32 3967287296" [pedal_c.cpp:19->pedal_top.cpp:41]   --->   Operation 171 'icmp' 'icmp_ln19' <Predicate = (sw0)> <Delay = 1.01> <CoreInst = "Cmp">   --->   Core 9 'Cmp' <Latency = 0> <II = 1> <Delay = 1.01> <FuncUnit> <Opcode : 'seteq' 'setne' 'setle' 'setge' 'setlt' 'setgt'> <InPorts = 2> <OutPorts = 1>
ST_2 : Operation 172 [1/1] (0.00ns) (grouped into LUT with out node temp_3)   --->   "%select_ln16 = select i1 %icmp_ln16, i30 327680000, i30 746061824" [pedal_c.cpp:16->pedal_top.cpp:41]   --->   Operation 172 'select' 'select_ln16' <Predicate = (sw0)> <Delay = 0.00> <CoreInst = "Sel">   --->   Core 73 'Sel' <Latency = 0> <II = 1> <Delay = 0.38> <FuncUnit> <Opcode : 'select'> <InPorts = 3> <OutPorts = 1>
ST_2 : Operation 173 [1/1] (0.00ns) (grouped into LUT with out node temp_3)   --->   "%or_ln16 = or i1 %icmp_ln16, i1 %icmp_ln19" [pedal_c.cpp:16->pedal_top.cpp:41]   --->   Operation 173 'or' 'or_ln16' <Predicate = (sw0)> <Delay = 0.00> <CoreInst = "LogicGate">   --->   Core 74 'LogicGate' <Latency = 0> <II = 1> <Delay = 0.28> <FuncUnit> <Opcode : 'and' 'or' 'xor'> <InPorts = 2> <OutPorts = 1>
ST_2 : Operation 174 [1/1] (0.38ns) (out node of the LUT)   --->   "%temp_3 = select i1 %or_ln16, i30 %select_ln16, i30 %trunc_ln15" [pedal_c.cpp:16->pedal_top.cpp:41]   --->   Operation 174 'select' 'temp_3' <Predicate = (sw0)> <Delay = 0.38> <CoreInst = "Sel">   --->   Core 73 'Sel' <Latency = 0> <II = 1> <Delay = 0.38> <FuncUnit> <Opcode : 'select'> <InPorts = 3> <OutPorts = 1>
ST_2 : Operation 175 [1/1] (0.00ns)   --->   "%tmp_24 = partselect i14 @_ssdm_op_PartSelect.i14.i30.i32.i32, i30 %temp_3, i32 16, i32 29" [pedal_c.cpp:23->pedal_top.cpp:41]   --->   Operation 175 'partselect' 'tmp_24' <Predicate = (sw0)> <Delay = 0.00>
ST_2 : Operation 176 [1/1] (0.00ns)   --->   "%sext_ln23 = sext i14 %tmp_24" [pedal_c.cpp:23->pedal_top.cpp:41]   --->   Operation 176 'sext' 'sext_ln23' <Predicate = (sw0)> <Delay = 0.00>
ST_2 : Operation 177 [1/1] (0.00ns) (grouped into LUT with out node sample_data)   --->   "%tmp_67 = bitselect i1 @_ssdm_op_BitSelect.i1.i30.i32, i30 %temp_3, i32 29" [pedal_c.cpp:23->pedal_top.cpp:41]   --->   Operation 177 'bitselect' 'tmp_67' <Predicate = (sw0)> <Delay = 0.00>
ST_2 : Operation 178 [1/1] (0.00ns)   --->   "%trunc_ln23 = trunc i30 %temp_3" [pedal_c.cpp:23->pedal_top.cpp:41]   --->   Operation 178 'trunc' 'trunc_ln23' <Predicate = (sw0)> <Delay = 0.00>
ST_2 : Operation 179 [1/1] (0.85ns)   --->   "%icmp_ln23 = icmp_ne  i16 %trunc_ln23, i16 0" [pedal_c.cpp:23->pedal_top.cpp:41]   --->   Operation 179 'icmp' 'icmp_ln23' <Predicate = (sw0)> <Delay = 0.85> <CoreInst = "Cmp">   --->   Core 9 'Cmp' <Latency = 0> <II = 1> <Delay = 0.85> <FuncUnit> <Opcode : 'seteq' 'setne' 'setle' 'setge' 'setlt' 'setgt'> <InPorts = 2> <OutPorts = 1>
ST_2 : Operation 180 [1/1] (0.83ns)   --->   "%add_ln23 = add i15 %sext_ln23, i15 1" [pedal_c.cpp:23->pedal_top.cpp:41]   --->   Operation 180 'add' 'add_ln23' <Predicate = (sw0)> <Delay = 0.83> <CoreInst = "Adder">   --->   Core 1 'Adder' <Latency = 0> <II = 1> <Delay = 0.83> <FuncUnit> <Opcode : 'add' 'sub'> <InPorts = 2> <OutPorts = 1>
ST_2 : Operation 181 [1/1] (0.00ns) (grouped into LUT with out node sample_data)   --->   "%select_ln23 = select i1 %icmp_ln23, i15 %add_ln23, i15 %sext_ln23" [pedal_c.cpp:23->pedal_top.cpp:41]   --->   Operation 181 'select' 'select_ln23' <Predicate = (sw0)> <Delay = 0.00> <CoreInst = "Sel">   --->   Core 73 'Sel' <Latency = 0> <II = 1> <Delay = 0.29> <FuncUnit> <Opcode : 'select'> <InPorts = 3> <OutPorts = 1>
ST_2 : Operation 182 [1/1] (0.29ns) (out node of the LUT)   --->   "%sample_data = select i1 %tmp_67, i15 %select_ln23, i15 %sext_ln23" [pedal_c.cpp:23->pedal_top.cpp:41]   --->   Operation 182 'select' 'sample_data' <Predicate = (sw0)> <Delay = 0.29> <CoreInst = "Sel">   --->   Core 73 'Sel' <Latency = 0> <II = 1> <Delay = 0.29> <FuncUnit> <Opcode : 'select'> <InPorts = 3> <OutPorts = 1>
ST_2 : Operation 183 [1/1] (0.00ns) (grouped into LUT with out node sample_data_3)   --->   "%sext_ln23_1 = sext i15 %sample_data" [pedal_c.cpp:23->pedal_top.cpp:41]   --->   Operation 183 'sext' 'sext_ln23_1' <Predicate = (sw0)> <Delay = 0.00>
ST_2 : Operation 184 [1/1] (0.44ns) (out node of the LUT)   --->   "%sample_data_3 = select i1 %sw0, i32 %sext_ln23_1, i32 %sample_data_11" [pedal_top.cpp:23]   --->   Operation 184 'select' 'sample_data_3' <Predicate = true> <Delay = 0.44> <CoreInst = "Sel">   --->   Core 73 'Sel' <Latency = 0> <II = 1> <Delay = 0.44> <FuncUnit> <Opcode : 'select'> <InPorts = 3> <OutPorts = 1>
ST_2 : Operation 185 [1/1] (0.42ns)   --->   "%br_ln43 = br i1 %sw1, void %if.end23, void %if.then14" [pedal_top.cpp:43]   --->   Operation 185 'br' 'br_ln43' <Predicate = true> <Delay = 0.42>
ST_2 : Operation 186 [1/1] (0.00ns)   --->   "%p_load190 = load i32 %empty" [pedal_top.cpp:67]   --->   Operation 186 'load' 'p_load190' <Predicate = (sw4)> <Delay = 0.00>
ST_2 : Operation 187 [2/2] (9.47ns)   --->   "%conv = sitofp i32 %p_load190" [pedal_top.cpp:67]   --->   Operation 187 'sitofp' 'conv' <Predicate = (sw4)> <Delay = 9.47> <CoreInst = "Int2Float">   --->   Core 62 'Int2Float' <Latency = 1> <II = 1> <Delay = 9.47> <FuncUnit> <Opcode : 'uitofp' 'sitofp'> <InPorts = 1> <OutPorts = 1>
ST_2 : Operation 188 [1/1] (0.00ns)   --->   "%buf_id2_load = load i32 %buf_id2" [pedal_top.cpp:70]   --->   Operation 188 'load' 'buf_id2_load' <Predicate = (sw4)> <Delay = 0.00>
ST_2 : Operation 189 [1/1] (0.00ns)   --->   "%trunc_ln70 = trunc i32 %buf_id2_load" [pedal_top.cpp:70]   --->   Operation 189 'trunc' 'trunc_ln70' <Predicate = (sw4)> <Delay = 0.00>
ST_2 : Operation 190 [1/1] (0.00ns)   --->   "%lshr_ln1 = partselect i10 @_ssdm_op_PartSelect.i10.i32.i32.i32, i32 %buf_id2_load, i32 1, i32 10" [pedal_top.cpp:70]   --->   Operation 190 'partselect' 'lshr_ln1' <Predicate = (sw4)> <Delay = 0.00>
ST_2 : Operation 191 [2/2] (9.47ns)   --->   "%conv1 = sitofp i32 %buf_id2_load" [pedal_top.cpp:70]   --->   Operation 191 'sitofp' 'conv1' <Predicate = (sw4)> <Delay = 9.47> <CoreInst = "Int2Float">   --->   Core 62 'Int2Float' <Latency = 1> <II = 1> <Delay = 9.47> <FuncUnit> <Opcode : 'uitofp' 'sitofp'> <InPorts = 1> <OutPorts = 1>
ST_2 : Operation 192 [1/1] (0.00ns)   --->   "%br_ln85 = br i1 %trunc_ln70, void %arrayidx90.case.0, void %arrayidx90.case.1" [pedal_top.cpp:85]   --->   Operation 192 'br' 'br_ln85' <Predicate = (sw4)> <Delay = 0.00>
ST_2 : Operation 193 [1/1] (1.01ns)   --->   "%icmp_ln86 = icmp_eq  i32 %buf_id2_load, i32 1101" [pedal_top.cpp:86]   --->   Operation 193 'icmp' 'icmp_ln86' <Predicate = (sw4)> <Delay = 1.01> <CoreInst = "Cmp">   --->   Core 9 'Cmp' <Latency = 0> <II = 1> <Delay = 1.01> <FuncUnit> <Opcode : 'seteq' 'setne' 'setle' 'setge' 'setlt' 'setgt'> <InPorts = 2> <OutPorts = 1>
ST_2 : Operation 194 [1/1] (1.01ns)   --->   "%add_ln87 = add i32 %buf_id2_load, i32 1" [pedal_top.cpp:87]   --->   Operation 194 'add' 'add_ln87' <Predicate = (sw4)> <Delay = 1.01> <CoreInst = "Adder">   --->   Core 1 'Adder' <Latency = 0> <II = 1> <Delay = 1.01> <FuncUnit> <Opcode : 'add' 'sub'> <InPorts = 2> <OutPorts = 1>
ST_2 : Operation 195 [1/1] (0.44ns)   --->   "%select_ln86 = select i1 %icmp_ln86, i32 0, i32 %add_ln87" [pedal_top.cpp:86]   --->   Operation 195 'select' 'select_ln86' <Predicate = (sw4)> <Delay = 0.44> <CoreInst = "Sel">   --->   Core 73 'Sel' <Latency = 0> <II = 1> <Delay = 0.44> <FuncUnit> <Opcode : 'select'> <InPorts = 3> <OutPorts = 1>
ST_2 : Operation 196 [1/1] (0.00ns)   --->   "%store_ln86 = store i32 %select_ln86, i32 %buf_id2" [pedal_top.cpp:86]   --->   Operation 196 'store' 'store_ln86' <Predicate = (sw4)> <Delay = 0.00>

State 3 <SV = 2> <Delay = 10.0>
ST_3 : Operation 197 [39/39] (10.0ns)   --->   "%sample_data_5 = call i16 @soft_clipping_distortion, i32 %sample_data_3, i58 %table_exp_Z1_ap_ufixed_58_1_ap_q_mode_5_ap_o_mode_3_0_array, i26 %table_f_Z3_ap_ufixed_59_0_ap_q_mode_5_ap_o_mode_3_0_array, i42 %table_f_Z2_ap_ufixed_59_0_ap_q_mode_5_ap_o_mode_3_0_array" [pedal_top.cpp:45]   --->   Operation 197 'call' 'sample_data_5' <Predicate = (sw1)> <Delay = 10.0> <CoreType = "Generic">   --->   Core 0 '' <Latency = 0> <II = 1> <Delay = 1.00> <Generic> <Opcode : >
ST_3 : Operation 198 [1/1] (0.00ns)   --->   "%p_load191 = load i32 %empty" [pedal_top.cpp:60]   --->   Operation 198 'load' 'p_load191' <Predicate = (sw3)> <Delay = 0.00>
ST_3 : Operation 199 [1/2] (9.47ns)   --->   "%conv = sitofp i32 %p_load190" [pedal_top.cpp:67]   --->   Operation 199 'sitofp' 'conv' <Predicate = (sw4)> <Delay = 9.47> <CoreInst = "Int2Float">   --->   Core 62 'Int2Float' <Latency = 1> <II = 1> <Delay = 9.47> <FuncUnit> <Opcode : 'uitofp' 'sitofp'> <InPorts = 1> <OutPorts = 1>
ST_3 : Operation 200 [1/2] (9.47ns)   --->   "%conv1 = sitofp i32 %buf_id2_load" [pedal_top.cpp:70]   --->   Operation 200 'sitofp' 'conv1' <Predicate = (sw4)> <Delay = 9.47> <CoreInst = "Int2Float">   --->   Core 62 'Int2Float' <Latency = 1> <II = 1> <Delay = 9.47> <FuncUnit> <Opcode : 'uitofp' 'sitofp'> <InPorts = 1> <OutPorts = 1>
ST_3 : Operation 201 [1/1] (0.00ns)   --->   "%p_load = load i32 %empty" [pedal_top.cpp:90]   --->   Operation 201 'load' 'p_load' <Predicate = true> <Delay = 0.00>
ST_3 : Operation 202 [1/1] (1.01ns)   --->   "%add_ln90 = add i32 %p_load, i32 1" [pedal_top.cpp:90]   --->   Operation 202 'add' 'add_ln90' <Predicate = true> <Delay = 1.01> <CoreInst = "Adder">   --->   Core 1 'Adder' <Latency = 0> <II = 1> <Delay = 1.01> <FuncUnit> <Opcode : 'add' 'sub'> <InPorts = 2> <OutPorts = 1>
ST_3 : Operation 203 [1/1] (1.01ns)   --->   "%icmp_ln91 = icmp_sgt  i32 %add_ln90, i32 44099" [pedal_top.cpp:91]   --->   Operation 203 'icmp' 'icmp_ln91' <Predicate = true> <Delay = 1.01> <CoreInst = "Cmp">   --->   Core 9 'Cmp' <Latency = 0> <II = 1> <Delay = 1.01> <FuncUnit> <Opcode : 'seteq' 'setne' 'setle' 'setge' 'setlt' 'setgt'> <InPorts = 2> <OutPorts = 1>
ST_3 : Operation 204 [1/1] (0.44ns)   --->   "%select_ln91 = select i1 %icmp_ln91, i32 0, i32 %add_ln90" [pedal_top.cpp:91]   --->   Operation 204 'select' 'select_ln91' <Predicate = true> <Delay = 0.44> <CoreInst = "Sel">   --->   Core 73 'Sel' <Latency = 0> <II = 1> <Delay = 0.44> <FuncUnit> <Opcode : 'select'> <InPorts = 3> <OutPorts = 1>
ST_3 : Operation 205 [1/1] (0.42ns)   --->   "%store_ln91 = store i32 %select_ln91, i32 %empty" [pedal_top.cpp:91]   --->   Operation 205 'store' 'store_ln91' <Predicate = true> <Delay = 0.42>
ST_3 : Operation 206 [1/1] (0.00ns)   --->   "%br_ln94 = br i1 %sample_last, void %do.body_ifconv, void %do.end" [pedal_top.cpp:94]   --->   Operation 206 'br' 'br_ln94' <Predicate = true> <Delay = 0.00>

State 4 <SV = 3> <Delay = 10.6>
ST_4 : Operation 207 [38/39] (10.6ns)   --->   "%sample_data_5 = call i16 @soft_clipping_distortion, i32 %sample_data_3, i58 %table_exp_Z1_ap_ufixed_58_1_ap_q_mode_5_ap_o_mode_3_0_array, i26 %table_f_Z3_ap_ufixed_59_0_ap_q_mode_5_ap_o_mode_3_0_array, i42 %table_f_Z2_ap_ufixed_59_0_ap_q_mode_5_ap_o_mode_3_0_array" [pedal_top.cpp:45]   --->   Operation 207 'call' 'sample_data_5' <Predicate = (sw1)> <Delay = 10.6> <CoreType = "Generic">   --->   Core 0 '' <Latency = 0> <II = 1> <Delay = 1.00> <Generic> <Opcode : >
ST_4 : Operation 208 [7/7] (9.66ns)   --->   "%div = fdiv i32 %conv, i32 44100" [pedal_top.cpp:67]   --->   Operation 208 'fdiv' 'div' <Predicate = (sw4)> <Delay = 9.66> <CoreInst = "FDiv">   --->   Core 20 'FDiv' <Latency = 6> <II = 1> <Delay = 9.66> <FuncUnit> <Opcode : 'fdiv' 'frem'> <InPorts = 2> <OutPorts = 1>

State 5 <SV = 4> <Delay = 10.6>
ST_5 : Operation 209 [37/39] (10.6ns)   --->   "%sample_data_5 = call i16 @soft_clipping_distortion, i32 %sample_data_3, i58 %table_exp_Z1_ap_ufixed_58_1_ap_q_mode_5_ap_o_mode_3_0_array, i26 %table_f_Z3_ap_ufixed_59_0_ap_q_mode_5_ap_o_mode_3_0_array, i42 %table_f_Z2_ap_ufixed_59_0_ap_q_mode_5_ap_o_mode_3_0_array" [pedal_top.cpp:45]   --->   Operation 209 'call' 'sample_data_5' <Predicate = (sw1)> <Delay = 10.6> <CoreType = "Generic">   --->   Core 0 '' <Latency = 0> <II = 1> <Delay = 1.00> <Generic> <Opcode : >
ST_5 : Operation 210 [6/7] (9.66ns)   --->   "%div = fdiv i32 %conv, i32 44100" [pedal_top.cpp:67]   --->   Operation 210 'fdiv' 'div' <Predicate = (sw4)> <Delay = 9.66> <CoreInst = "FDiv">   --->   Core 20 'FDiv' <Latency = 6> <II = 1> <Delay = 9.66> <FuncUnit> <Opcode : 'fdiv' 'frem'> <InPorts = 2> <OutPorts = 1>

State 6 <SV = 5> <Delay = 10.6>
ST_6 : Operation 211 [36/39] (10.6ns)   --->   "%sample_data_5 = call i16 @soft_clipping_distortion, i32 %sample_data_3, i58 %table_exp_Z1_ap_ufixed_58_1_ap_q_mode_5_ap_o_mode_3_0_array, i26 %table_f_Z3_ap_ufixed_59_0_ap_q_mode_5_ap_o_mode_3_0_array, i42 %table_f_Z2_ap_ufixed_59_0_ap_q_mode_5_ap_o_mode_3_0_array" [pedal_top.cpp:45]   --->   Operation 211 'call' 'sample_data_5' <Predicate = (sw1)> <Delay = 10.6> <CoreType = "Generic">   --->   Core 0 '' <Latency = 0> <II = 1> <Delay = 1.00> <Generic> <Opcode : >
ST_6 : Operation 212 [5/7] (9.66ns)   --->   "%div = fdiv i32 %conv, i32 44100" [pedal_top.cpp:67]   --->   Operation 212 'fdiv' 'div' <Predicate = (sw4)> <Delay = 9.66> <CoreInst = "FDiv">   --->   Core 20 'FDiv' <Latency = 6> <II = 1> <Delay = 9.66> <FuncUnit> <Opcode : 'fdiv' 'frem'> <InPorts = 2> <OutPorts = 1>

State 7 <SV = 6> <Delay = 10.6>
ST_7 : Operation 213 [35/39] (10.6ns)   --->   "%sample_data_5 = call i16 @soft_clipping_distortion, i32 %sample_data_3, i58 %table_exp_Z1_ap_ufixed_58_1_ap_q_mode_5_ap_o_mode_3_0_array, i26 %table_f_Z3_ap_ufixed_59_0_ap_q_mode_5_ap_o_mode_3_0_array, i42 %table_f_Z2_ap_ufixed_59_0_ap_q_mode_5_ap_o_mode_3_0_array" [pedal_top.cpp:45]   --->   Operation 213 'call' 'sample_data_5' <Predicate = (sw1)> <Delay = 10.6> <CoreType = "Generic">   --->   Core 0 '' <Latency = 0> <II = 1> <Delay = 1.00> <Generic> <Opcode : >
ST_7 : Operation 214 [4/7] (9.66ns)   --->   "%div = fdiv i32 %conv, i32 44100" [pedal_top.cpp:67]   --->   Operation 214 'fdiv' 'div' <Predicate = (sw4)> <Delay = 9.66> <CoreInst = "FDiv">   --->   Core 20 'FDiv' <Latency = 6> <II = 1> <Delay = 9.66> <FuncUnit> <Opcode : 'fdiv' 'frem'> <InPorts = 2> <OutPorts = 1>

State 8 <SV = 7> <Delay = 10.6>
ST_8 : Operation 215 [34/39] (10.6ns)   --->   "%sample_data_5 = call i16 @soft_clipping_distortion, i32 %sample_data_3, i58 %table_exp_Z1_ap_ufixed_58_1_ap_q_mode_5_ap_o_mode_3_0_array, i26 %table_f_Z3_ap_ufixed_59_0_ap_q_mode_5_ap_o_mode_3_0_array, i42 %table_f_Z2_ap_ufixed_59_0_ap_q_mode_5_ap_o_mode_3_0_array" [pedal_top.cpp:45]   --->   Operation 215 'call' 'sample_data_5' <Predicate = (sw1)> <Delay = 10.6> <CoreType = "Generic">   --->   Core 0 '' <Latency = 0> <II = 1> <Delay = 1.00> <Generic> <Opcode : >
ST_8 : Operation 216 [3/7] (9.66ns)   --->   "%div = fdiv i32 %conv, i32 44100" [pedal_top.cpp:67]   --->   Operation 216 'fdiv' 'div' <Predicate = (sw4)> <Delay = 9.66> <CoreInst = "FDiv">   --->   Core 20 'FDiv' <Latency = 6> <II = 1> <Delay = 9.66> <FuncUnit> <Opcode : 'fdiv' 'frem'> <InPorts = 2> <OutPorts = 1>

State 9 <SV = 8> <Delay = 10.6>
ST_9 : Operation 217 [33/39] (10.6ns)   --->   "%sample_data_5 = call i16 @soft_clipping_distortion, i32 %sample_data_3, i58 %table_exp_Z1_ap_ufixed_58_1_ap_q_mode_5_ap_o_mode_3_0_array, i26 %table_f_Z3_ap_ufixed_59_0_ap_q_mode_5_ap_o_mode_3_0_array, i42 %table_f_Z2_ap_ufixed_59_0_ap_q_mode_5_ap_o_mode_3_0_array" [pedal_top.cpp:45]   --->   Operation 217 'call' 'sample_data_5' <Predicate = (sw1)> <Delay = 10.6> <CoreType = "Generic">   --->   Core 0 '' <Latency = 0> <II = 1> <Delay = 1.00> <Generic> <Opcode : >
ST_9 : Operation 218 [2/7] (9.66ns)   --->   "%div = fdiv i32 %conv, i32 44100" [pedal_top.cpp:67]   --->   Operation 218 'fdiv' 'div' <Predicate = (sw4)> <Delay = 9.66> <CoreInst = "FDiv">   --->   Core 20 'FDiv' <Latency = 6> <II = 1> <Delay = 9.66> <FuncUnit> <Opcode : 'fdiv' 'frem'> <InPorts = 2> <OutPorts = 1>

State 10 <SV = 9> <Delay = 10.6>
ST_10 : Operation 219 [32/39] (10.6ns)   --->   "%sample_data_5 = call i16 @soft_clipping_distortion, i32 %sample_data_3, i58 %table_exp_Z1_ap_ufixed_58_1_ap_q_mode_5_ap_o_mode_3_0_array, i26 %table_f_Z3_ap_ufixed_59_0_ap_q_mode_5_ap_o_mode_3_0_array, i42 %table_f_Z2_ap_ufixed_59_0_ap_q_mode_5_ap_o_mode_3_0_array" [pedal_top.cpp:45]   --->   Operation 219 'call' 'sample_data_5' <Predicate = (sw1)> <Delay = 10.6> <CoreType = "Generic">   --->   Core 0 '' <Latency = 0> <II = 1> <Delay = 1.00> <Generic> <Opcode : >
ST_10 : Operation 220 [1/7] (9.66ns)   --->   "%div = fdiv i32 %conv, i32 44100" [pedal_top.cpp:67]   --->   Operation 220 'fdiv' 'div' <Predicate = (sw4)> <Delay = 9.66> <CoreInst = "FDiv">   --->   Core 20 'FDiv' <Latency = 6> <II = 1> <Delay = 9.66> <FuncUnit> <Opcode : 'fdiv' 'frem'> <InPorts = 2> <OutPorts = 1>

State 11 <SV = 10> <Delay = 10.6>
ST_11 : Operation 221 [31/39] (10.6ns)   --->   "%sample_data_5 = call i16 @soft_clipping_distortion, i32 %sample_data_3, i58 %table_exp_Z1_ap_ufixed_58_1_ap_q_mode_5_ap_o_mode_3_0_array, i26 %table_f_Z3_ap_ufixed_59_0_ap_q_mode_5_ap_o_mode_3_0_array, i42 %table_f_Z2_ap_ufixed_59_0_ap_q_mode_5_ap_o_mode_3_0_array" [pedal_top.cpp:45]   --->   Operation 221 'call' 'sample_data_5' <Predicate = (sw1)> <Delay = 10.6> <CoreType = "Generic">   --->   Core 0 '' <Latency = 0> <II = 1> <Delay = 1.00> <Generic> <Opcode : >
ST_11 : Operation 222 [2/2] (8.41ns)   --->   "%x_assign = fmul i32 %div, i32 31.4159" [pedal_top.cpp:67]   --->   Operation 222 'fmul' 'x_assign' <Predicate = (sw4)> <Delay = 8.41> <CoreInst = "FMul_maxdsp">   --->   Core 30 'FMul_maxdsp' <Latency = 1> <II = 1> <Delay = 8.41> <FuncUnit> <Opcode : 'fmul'> <InPorts = 2> <OutPorts = 1>

State 12 <SV = 11> <Delay = 10.6>
ST_12 : Operation 223 [30/39] (10.6ns)   --->   "%sample_data_5 = call i16 @soft_clipping_distortion, i32 %sample_data_3, i58 %table_exp_Z1_ap_ufixed_58_1_ap_q_mode_5_ap_o_mode_3_0_array, i26 %table_f_Z3_ap_ufixed_59_0_ap_q_mode_5_ap_o_mode_3_0_array, i42 %table_f_Z2_ap_ufixed_59_0_ap_q_mode_5_ap_o_mode_3_0_array" [pedal_top.cpp:45]   --->   Operation 223 'call' 'sample_data_5' <Predicate = (sw1)> <Delay = 10.6> <CoreType = "Generic">   --->   Core 0 '' <Latency = 0> <II = 1> <Delay = 1.00> <Generic> <Opcode : >
ST_12 : Operation 224 [1/2] (8.41ns)   --->   "%x_assign = fmul i32 %div, i32 31.4159" [pedal_top.cpp:67]   --->   Operation 224 'fmul' 'x_assign' <Predicate = (sw4)> <Delay = 8.41> <CoreInst = "FMul_maxdsp">   --->   Core 30 'FMul_maxdsp' <Latency = 1> <II = 1> <Delay = 8.41> <FuncUnit> <Opcode : 'fmul'> <InPorts = 2> <OutPorts = 1>
ST_12 : Operation 225 [1/1] (0.00ns)   --->   "%data_2 = bitcast i32 %x_assign" [C:\scratch\2024.1\hls_product\545\2024.1\src\shared\hls\clib/src/hls\utils/x_hls_utils.h:288->C:\scratch\2024.1\hls_product\545\2024.1\src\shared\hls\clib/hlsmath/include/FloatingPoint\hls_hotbm.h:223->C:\scratch\2024.1\hls_product\545\2024.1\src\shared\hls\clib\hlsmath\src\common\hls_hotbm_float.cpp:123->C:\scratch\2024.1\hls_product\545\2024.1\src\shared\hls\clib\hlsmath\src\c++\sincoshotbmfloat.cpp:10->C:\scratch\2024.1\hls_product\545\2024.1\src\shared\hls\clib\hlsmath\src\c++\sincoshotbmfloat.cpp:42->pedal_top.cpp:67]   --->   Operation 225 'bitcast' 'data_2' <Predicate = (sw4)> <Delay = 0.00>
ST_12 : Operation 226 [1/1] (0.00ns)   --->   "%din_sign = bitselect i1 @_ssdm_op_BitSelect.i1.i32.i32, i32 %data_2, i32 31" [C:\scratch\2024.1\hls_product\545\2024.1\src\shared\hls\clib/src/hls\utils/x_hls_utils.h:294->C:\scratch\2024.1\hls_product\545\2024.1\src\shared\hls\clib/hlsmath/include/FloatingPoint\hls_hotbm.h:223->C:\scratch\2024.1\hls_product\545\2024.1\src\shared\hls\clib\hlsmath\src\common\hls_hotbm_float.cpp:123->C:\scratch\2024.1\hls_product\545\2024.1\src\shared\hls\clib\hlsmath\src\c++\sincoshotbmfloat.cpp:10->C:\scratch\2024.1\hls_product\545\2024.1\src\shared\hls\clib\hlsmath\src\c++\sincoshotbmfloat.cpp:42->pedal_top.cpp:67]   --->   Operation 226 'bitselect' 'din_sign' <Predicate = (sw4)> <Delay = 0.00>
ST_12 : Operation 227 [1/1] (0.00ns)   --->   "%din_exp = partselect i8 @_ssdm_op_PartSelect.i8.i32.i32.i32, i32 %data_2, i32 23, i32 30" [C:\scratch\2024.1\hls_product\545\2024.1\src\shared\hls\clib/src/hls\utils/x_hls_utils.h:295->C:\scratch\2024.1\hls_product\545\2024.1\src\shared\hls\clib/hlsmath/include/FloatingPoint\hls_hotbm.h:223->C:\scratch\2024.1\hls_product\545\2024.1\src\shared\hls\clib\hlsmath\src\common\hls_hotbm_float.cpp:123->C:\scratch\2024.1\hls_product\545\2024.1\src\shared\hls\clib\hlsmath\src\c++\sincoshotbmfloat.cpp:10->C:\scratch\2024.1\hls_product\545\2024.1\src\shared\hls\clib\hlsmath\src\c++\sincoshotbmfloat.cpp:42->pedal_top.cpp:67]   --->   Operation 227 'partselect' 'din_exp' <Predicate = (sw4)> <Delay = 0.00>
ST_12 : Operation 228 [1/1] (0.00ns)   --->   "%din_sig = trunc i32 %data_2" [C:\scratch\2024.1\hls_product\545\2024.1\src\shared\hls\clib/src/hls\utils/x_hls_utils.h:296->C:\scratch\2024.1\hls_product\545\2024.1\src\shared\hls\clib/hlsmath/include/FloatingPoint\hls_hotbm.h:223->C:\scratch\2024.1\hls_product\545\2024.1\src\shared\hls\clib\hlsmath\src\common\hls_hotbm_float.cpp:123->C:\scratch\2024.1\hls_product\545\2024.1\src\shared\hls\clib\hlsmath\src\c++\sincoshotbmfloat.cpp:10->C:\scratch\2024.1\hls_product\545\2024.1\src\shared\hls\clib\hlsmath\src\c++\sincoshotbmfloat.cpp:42->pedal_top.cpp:67]   --->   Operation 228 'trunc' 'din_sig' <Predicate = (sw4)> <Delay = 0.00>
ST_12 : Operation 229 [1/1] (0.76ns)   --->   "%closepath = icmp_ult  i8 %din_exp, i8 126" [C:\scratch\2024.1\hls_product\545\2024.1\src\shared\hls\clib/hlsmath/include/FloatingPoint/hls_range_redux.h:451->C:\scratch\2024.1\hls_product\545\2024.1\src\shared\hls\clib/hlsmath/include/FloatingPoint\hls_hotbm.h:239->C:\scratch\2024.1\hls_product\545\2024.1\src\shared\hls\clib\hlsmath\src\common\hls_hotbm_float.cpp:123->C:\scratch\2024.1\hls_product\545\2024.1\src\shared\hls\clib\hlsmath\src\c++\sincoshotbmfloat.cpp:10->C:\scratch\2024.1\hls_product\545\2024.1\src\shared\hls\clib\hlsmath\src\c++\sincoshotbmfloat.cpp:42->pedal_top.cpp:67]   --->   Operation 229 'icmp' 'closepath' <Predicate = (sw4)> <Delay = 0.76> <CoreInst = "Cmp">   --->   Core 9 'Cmp' <Latency = 0> <II = 1> <Delay = 0.76> <FuncUnit> <Opcode : 'seteq' 'setne' 'setle' 'setge' 'setlt' 'setgt'> <InPorts = 2> <OutPorts = 1>
ST_12 : Operation 230 [1/1] (0.76ns)   --->   "%add_ln376 = add i8 %din_exp, i8 194" [C:\scratch\2024.1\hls_product\545\2024.1\src\shared\hls\clib/hlsmath/include/FloatingPoint/hls_range_redux.h:376->C:\scratch\2024.1\hls_product\545\2024.1\src\shared\hls\clib/hlsmath/include/FloatingPoint/hls_range_redux.h:467->C:\scratch\2024.1\hls_product\545\2024.1\src\shared\hls\clib/hlsmath/include/FloatingPoint\hls_hotbm.h:239->C:\scratch\2024.1\hls_product\545\2024.1\src\shared\hls\clib\hlsmath\src\common\hls_hotbm_float.cpp:123->C:\scratch\2024.1\hls_product\545\2024.1\src\shared\hls\clib\hlsmath\src\c++\sincoshotbmfloat.cpp:10->C:\scratch\2024.1\hls_product\545\2024.1\src\shared\hls\clib\hlsmath\src\c++\sincoshotbmfloat.cpp:42->pedal_top.cpp:67]   --->   Operation 230 'add' 'add_ln376' <Predicate = (sw4)> <Delay = 0.76> <CoreInst = "Adder">   --->   Core 1 'Adder' <Latency = 0> <II = 1> <Delay = 0.76> <FuncUnit> <Opcode : 'add' 'sub'> <InPorts = 2> <OutPorts = 1>
ST_12 : Operation 231 [1/1] (0.39ns)   --->   "%addr = select i1 %closepath, i8 63, i8 %add_ln376" [C:\scratch\2024.1\hls_product\545\2024.1\src\shared\hls\clib/hlsmath/include/FloatingPoint/hls_range_redux.h:376->C:\scratch\2024.1\hls_product\545\2024.1\src\shared\hls\clib/hlsmath/include/FloatingPoint/hls_range_redux.h:467->C:\scratch\2024.1\hls_product\545\2024.1\src\shared\hls\clib/hlsmath/include/FloatingPoint\hls_hotbm.h:239->C:\scratch\2024.1\hls_product\545\2024.1\src\shared\hls\clib\hlsmath\src\common\hls_hotbm_float.cpp:123->C:\scratch\2024.1\hls_product\545\2024.1\src\shared\hls\clib\hlsmath\src\c++\sincoshotbmfloat.cpp:10->C:\scratch\2024.1\hls_product\545\2024.1\src\shared\hls\clib\hlsmath\src\c++\sincoshotbmfloat.cpp:42->pedal_top.cpp:67]   --->   Operation 231 'select' 'addr' <Predicate = (sw4)> <Delay = 0.39> <CoreInst = "Sel">   --->   Core 73 'Sel' <Latency = 0> <II = 1> <Delay = 0.39> <FuncUnit> <Opcode : 'select'> <InPorts = 3> <OutPorts = 1>
ST_12 : Operation 232 [1/1] (0.00ns)   --->   "%lshr_ln = partselect i4 @_ssdm_op_PartSelect.i4.i8.i32.i32, i8 %addr, i32 4, i32 7" [C:\scratch\2024.1\hls_product\545\2024.1\src\shared\hls\clib/hlsmath/include/FloatingPoint/hls_range_redux.h:378->C:\scratch\2024.1\hls_product\545\2024.1\src\shared\hls\clib/hlsmath/include/FloatingPoint/hls_range_redux.h:467->C:\scratch\2024.1\hls_product\545\2024.1\src\shared\hls\clib/hlsmath/include/FloatingPoint\hls_hotbm.h:239->C:\scratch\2024.1\hls_product\545\2024.1\src\shared\hls\clib\hlsmath\src\common\hls_hotbm_float.cpp:123->C:\scratch\2024.1\hls_product\545\2024.1\src\shared\hls\clib\hlsmath\src\c++\sincoshotbmfloat.cpp:10->C:\scratch\2024.1\hls_product\545\2024.1\src\shared\hls\clib\hlsmath\src\c++\sincoshotbmfloat.cpp:42->pedal_top.cpp:67]   --->   Operation 232 'partselect' 'lshr_ln' <Predicate = (sw4)> <Delay = 0.00>
ST_12 : Operation 233 [1/1] (0.00ns)   --->   "%zext_ln378 = zext i4 %lshr_ln" [C:\scratch\2024.1\hls_product\545\2024.1\src\shared\hls\clib/hlsmath/include/FloatingPoint/hls_range_redux.h:378->C:\scratch\2024.1\hls_product\545\2024.1\src\shared\hls\clib/hlsmath/include/FloatingPoint/hls_range_redux.h:467->C:\scratch\2024.1\hls_product\545\2024.1\src\shared\hls\clib/hlsmath/include/FloatingPoint\hls_hotbm.h:239->C:\scratch\2024.1\hls_product\545\2024.1\src\shared\hls\clib\hlsmath\src\common\hls_hotbm_float.cpp:123->C:\scratch\2024.1\hls_product\545\2024.1\src\shared\hls\clib\hlsmath\src\c++\sincoshotbmfloat.cpp:10->C:\scratch\2024.1\hls_product\545\2024.1\src\shared\hls\clib\hlsmath\src\c++\sincoshotbmfloat.cpp:42->pedal_top.cpp:67]   --->   Operation 233 'zext' 'zext_ln378' <Predicate = (sw4)> <Delay = 0.00>
ST_12 : Operation 234 [1/1] (0.00ns)   --->   "%ref_4oPi_table_100_addr = getelementptr i100 %ref_4oPi_table_100, i64 0, i64 %zext_ln378" [C:\scratch\2024.1\hls_product\545\2024.1\src\shared\hls\clib/hlsmath/include/FloatingPoint/hls_range_redux.h:378->C:\scratch\2024.1\hls_product\545\2024.1\src\shared\hls\clib/hlsmath/include/FloatingPoint/hls_range_redux.h:467->C:\scratch\2024.1\hls_product\545\2024.1\src\shared\hls\clib/hlsmath/include/FloatingPoint\hls_hotbm.h:239->C:\scratch\2024.1\hls_product\545\2024.1\src\shared\hls\clib\hlsmath\src\common\hls_hotbm_float.cpp:123->C:\scratch\2024.1\hls_product\545\2024.1\src\shared\hls\clib\hlsmath\src\c++\sincoshotbmfloat.cpp:10->C:\scratch\2024.1\hls_product\545\2024.1\src\shared\hls\clib\hlsmath\src\c++\sincoshotbmfloat.cpp:42->pedal_top.cpp:67]   --->   Operation 234 'getelementptr' 'ref_4oPi_table_100_addr' <Predicate = (sw4)> <Delay = 0.00>
ST_12 : Operation 235 [2/2] (0.67ns)   --->   "%table_100 = load i4 %ref_4oPi_table_100_addr" [C:\scratch\2024.1\hls_product\545\2024.1\src\shared\hls\clib/hlsmath/include/FloatingPoint/hls_range_redux.h:378->C:\scratch\2024.1\hls_product\545\2024.1\src\shared\hls\clib/hlsmath/include/FloatingPoint/hls_range_redux.h:467->C:\scratch\2024.1\hls_product\545\2024.1\src\shared\hls\clib/hlsmath/include/FloatingPoint\hls_hotbm.h:239->C:\scratch\2024.1\hls_product\545\2024.1\src\shared\hls\clib\hlsmath\src\common\hls_hotbm_float.cpp:123->C:\scratch\2024.1\hls_product\545\2024.1\src\shared\hls\clib\hlsmath\src\c++\sincoshotbmfloat.cpp:10->C:\scratch\2024.1\hls_product\545\2024.1\src\shared\hls\clib\hlsmath\src\c++\sincoshotbmfloat.cpp:42->pedal_top.cpp:67]   --->   Operation 235 'load' 'table_100' <Predicate = (sw4)> <Delay = 0.67> <CoreInst = "ROM_1P_LUTRAM">   --->   Core 102 'ROM_1P_LUTRAM' <Latency = 1> <II = 1> <Delay = 0.67> <Storage> <Opcode : 'load'> <Ports = 1> <Width = 100> <Depth = 13> <ROM>
ST_12 : Operation 236 [1/1] (0.00ns)   --->   "%trunc_ln379 = trunc i8 %addr" [C:\scratch\2024.1\hls_product\545\2024.1\src\shared\hls\clib/hlsmath/include/FloatingPoint/hls_range_redux.h:379->C:\scratch\2024.1\hls_product\545\2024.1\src\shared\hls\clib/hlsmath/include/FloatingPoint/hls_range_redux.h:467->C:\scratch\2024.1\hls_product\545\2024.1\src\shared\hls\clib/hlsmath/include/FloatingPoint\hls_hotbm.h:239->C:\scratch\2024.1\hls_product\545\2024.1\src\shared\hls\clib\hlsmath\src\common\hls_hotbm_float.cpp:123->C:\scratch\2024.1\hls_product\545\2024.1\src\shared\hls\clib\hlsmath\src\c++\sincoshotbmfloat.cpp:10->C:\scratch\2024.1\hls_product\545\2024.1\src\shared\hls\clib\hlsmath\src\c++\sincoshotbmfloat.cpp:42->pedal_top.cpp:67]   --->   Operation 236 'trunc' 'trunc_ln379' <Predicate = (sw4)> <Delay = 0.00>

State 13 <SV = 12> <Delay = 10.9>
ST_13 : Operation 237 [29/39] (10.6ns)   --->   "%sample_data_5 = call i16 @soft_clipping_distortion, i32 %sample_data_3, i58 %table_exp_Z1_ap_ufixed_58_1_ap_q_mode_5_ap_o_mode_3_0_array, i26 %table_f_Z3_ap_ufixed_59_0_ap_q_mode_5_ap_o_mode_3_0_array, i42 %table_f_Z2_ap_ufixed_59_0_ap_q_mode_5_ap_o_mode_3_0_array" [pedal_top.cpp:45]   --->   Operation 237 'call' 'sample_data_5' <Predicate = (sw1)> <Delay = 10.6> <CoreType = "Generic">   --->   Core 0 '' <Latency = 0> <II = 1> <Delay = 1.00> <Generic> <Opcode : >
ST_13 : Operation 238 [1/1] (0.76ns)   --->   "%Ex = add i8 %din_exp, i8 131" [C:\scratch\2024.1\hls_product\545\2024.1\src\shared\hls\clib/hlsmath/include/FloatingPoint/hls_range_redux.h:454->C:\scratch\2024.1\hls_product\545\2024.1\src\shared\hls\clib/hlsmath/include/FloatingPoint\hls_hotbm.h:239->C:\scratch\2024.1\hls_product\545\2024.1\src\shared\hls\clib\hlsmath\src\common\hls_hotbm_float.cpp:123->C:\scratch\2024.1\hls_product\545\2024.1\src\shared\hls\clib\hlsmath\src\c++\sincoshotbmfloat.cpp:10->C:\scratch\2024.1\hls_product\545\2024.1\src\shared\hls\clib\hlsmath\src\c++\sincoshotbmfloat.cpp:42->pedal_top.cpp:67]   --->   Operation 238 'add' 'Ex' <Predicate = (sw4 & closepath)> <Delay = 0.76> <CoreInst = "Adder">   --->   Core 1 'Adder' <Latency = 0> <II = 1> <Delay = 0.76> <FuncUnit> <Opcode : 'add' 'sub'> <InPorts = 2> <OutPorts = 1>
ST_13 : Operation 239 [1/1] (0.00ns) (grouped into LUT with out node Ex_3)   --->   "%select_ln453 = select i1 %closepath, i8 %Ex, i8 0" [C:\scratch\2024.1\hls_product\545\2024.1\src\shared\hls\clib/hlsmath/include/FloatingPoint/hls_range_redux.h:453->C:\scratch\2024.1\hls_product\545\2024.1\src\shared\hls\clib/hlsmath/include/FloatingPoint\hls_hotbm.h:239->C:\scratch\2024.1\hls_product\545\2024.1\src\shared\hls\clib\hlsmath\src\common\hls_hotbm_float.cpp:123->C:\scratch\2024.1\hls_product\545\2024.1\src\shared\hls\clib\hlsmath\src\c++\sincoshotbmfloat.cpp:10->C:\scratch\2024.1\hls_product\545\2024.1\src\shared\hls\clib\hlsmath\src\c++\sincoshotbmfloat.cpp:42->pedal_top.cpp:67]   --->   Operation 239 'select' 'select_ln453' <Predicate = (sw4)> <Delay = 0.00> <CoreInst = "Sel">   --->   Core 73 'Sel' <Latency = 0> <II = 1> <Delay = 0.39> <FuncUnit> <Opcode : 'select'> <InPorts = 3> <OutPorts = 1>
ST_13 : Operation 240 [1/1] (0.00ns)   --->   "%X = bitconcatenate i24 @_ssdm_op_BitConcatenate.i24.i1.i23, i1 1, i23 %din_sig" [C:\scratch\2024.1\hls_product\545\2024.1\src\shared\hls\clib/hlsmath/include/FloatingPoint/hls_range_redux.h:468->C:\scratch\2024.1\hls_product\545\2024.1\src\shared\hls\clib/hlsmath/include/FloatingPoint\hls_hotbm.h:239->C:\scratch\2024.1\hls_product\545\2024.1\src\shared\hls\clib\hlsmath\src\common\hls_hotbm_float.cpp:123->C:\scratch\2024.1\hls_product\545\2024.1\src\shared\hls\clib\hlsmath\src\c++\sincoshotbmfloat.cpp:10->C:\scratch\2024.1\hls_product\545\2024.1\src\shared\hls\clib\hlsmath\src\c++\sincoshotbmfloat.cpp:42->pedal_top.cpp:67]   --->   Operation 240 'bitconcatenate' 'X' <Predicate = (sw4)> <Delay = 0.00>
ST_13 : Operation 241 [1/2] (0.67ns)   --->   "%table_100 = load i4 %ref_4oPi_table_100_addr" [C:\scratch\2024.1\hls_product\545\2024.1\src\shared\hls\clib/hlsmath/include/FloatingPoint/hls_range_redux.h:378->C:\scratch\2024.1\hls_product\545\2024.1\src\shared\hls\clib/hlsmath/include/FloatingPoint/hls_range_redux.h:467->C:\scratch\2024.1\hls_product\545\2024.1\src\shared\hls\clib/hlsmath/include/FloatingPoint\hls_hotbm.h:239->C:\scratch\2024.1\hls_product\545\2024.1\src\shared\hls\clib\hlsmath\src\common\hls_hotbm_float.cpp:123->C:\scratch\2024.1\hls_product\545\2024.1\src\shared\hls\clib\hlsmath\src\c++\sincoshotbmfloat.cpp:10->C:\scratch\2024.1\hls_product\545\2024.1\src\shared\hls\clib\hlsmath\src\c++\sincoshotbmfloat.cpp:42->pedal_top.cpp:67]   --->   Operation 241 'load' 'table_100' <Predicate = (sw4)> <Delay = 0.67> <CoreInst = "ROM_1P_LUTRAM">   --->   Core 102 'ROM_1P_LUTRAM' <Latency = 1> <II = 1> <Delay = 0.67> <Storage> <Opcode : 'load'> <Ports = 1> <Width = 100> <Depth = 13> <ROM>
ST_13 : Operation 242 [1/1] (0.00ns)   --->   "%zext_ln379 = zext i4 %trunc_ln379" [C:\scratch\2024.1\hls_product\545\2024.1\src\shared\hls\clib/hlsmath/include/FloatingPoint/hls_range_redux.h:379->C:\scratch\2024.1\hls_product\545\2024.1\src\shared\hls\clib/hlsmath/include/FloatingPoint/hls_range_redux.h:467->C:\scratch\2024.1\hls_product\545\2024.1\src\shared\hls\clib/hlsmath/include/FloatingPoint\hls_hotbm.h:239->C:\scratch\2024.1\hls_product\545\2024.1\src\shared\hls\clib\hlsmath\src\common\hls_hotbm_float.cpp:123->C:\scratch\2024.1\hls_product\545\2024.1\src\shared\hls\clib\hlsmath\src\c++\sincoshotbmfloat.cpp:10->C:\scratch\2024.1\hls_product\545\2024.1\src\shared\hls\clib\hlsmath\src\c++\sincoshotbmfloat.cpp:42->pedal_top.cpp:67]   --->   Operation 242 'zext' 'zext_ln379' <Predicate = (sw4)> <Delay = 0.00>
ST_13 : Operation 243 [1/1] (1.51ns)   --->   "%shl_ln379 = shl i100 %table_100, i100 %zext_ln379" [C:\scratch\2024.1\hls_product\545\2024.1\src\shared\hls\clib/hlsmath/include/FloatingPoint/hls_range_redux.h:379->C:\scratch\2024.1\hls_product\545\2024.1\src\shared\hls\clib/hlsmath/include/FloatingPoint/hls_range_redux.h:467->C:\scratch\2024.1\hls_product\545\2024.1\src\shared\hls\clib/hlsmath/include/FloatingPoint\hls_hotbm.h:239->C:\scratch\2024.1\hls_product\545\2024.1\src\shared\hls\clib\hlsmath\src\common\hls_hotbm_float.cpp:123->C:\scratch\2024.1\hls_product\545\2024.1\src\shared\hls\clib\hlsmath\src\c++\sincoshotbmfloat.cpp:10->C:\scratch\2024.1\hls_product\545\2024.1\src\shared\hls\clib\hlsmath\src\c++\sincoshotbmfloat.cpp:42->pedal_top.cpp:67]   --->   Operation 243 'shl' 'shl_ln379' <Predicate = (sw4)> <Delay = 1.51> <CoreInst = "Shifter">   --->   Core 75 'Shifter' <Latency = 0> <II = 1> <Delay = 1.51> <FuncUnit> <Opcode : 'shl' 'lshr' 'ashr'> <InPorts = 2> <OutPorts = 1>
ST_13 : Operation 244 [1/1] (0.00ns)   --->   "%Med = partselect i80 @_ssdm_op_PartSelect.i80.i100.i32.i32, i100 %shl_ln379, i32 20, i32 99" [C:\scratch\2024.1\hls_product\545\2024.1\src\shared\hls\clib/hlsmath/include/FloatingPoint/hls_range_redux.h:379->C:\scratch\2024.1\hls_product\545\2024.1\src\shared\hls\clib/hlsmath/include/FloatingPoint/hls_range_redux.h:467->C:\scratch\2024.1\hls_product\545\2024.1\src\shared\hls\clib/hlsmath/include/FloatingPoint\hls_hotbm.h:239->C:\scratch\2024.1\hls_product\545\2024.1\src\shared\hls\clib\hlsmath\src\common\hls_hotbm_float.cpp:123->C:\scratch\2024.1\hls_product\545\2024.1\src\shared\hls\clib\hlsmath\src\c++\sincoshotbmfloat.cpp:10->C:\scratch\2024.1\hls_product\545\2024.1\src\shared\hls\clib\hlsmath\src\c++\sincoshotbmfloat.cpp:42->pedal_top.cpp:67]   --->   Operation 244 'partselect' 'Med' <Predicate = (sw4)> <Delay = 0.00>
ST_13 : Operation 245 [1/1] (0.00ns)   --->   "%zext_ln468 = zext i24 %X" [C:\scratch\2024.1\hls_product\545\2024.1\src\shared\hls\clib/hlsmath/include/FloatingPoint/hls_range_redux.h:468->C:\scratch\2024.1\hls_product\545\2024.1\src\shared\hls\clib/hlsmath/include/FloatingPoint\hls_hotbm.h:239->C:\scratch\2024.1\hls_product\545\2024.1\src\shared\hls\clib\hlsmath\src\common\hls_hotbm_float.cpp:123->C:\scratch\2024.1\hls_product\545\2024.1\src\shared\hls\clib\hlsmath\src\c++\sincoshotbmfloat.cpp:10->C:\scratch\2024.1\hls_product\545\2024.1\src\shared\hls\clib\hlsmath\src\c++\sincoshotbmfloat.cpp:42->pedal_top.cpp:67]   --->   Operation 245 'zext' 'zext_ln468' <Predicate = (sw4)> <Delay = 0.00>
ST_13 : Operation 246 [1/1] (5.20ns)   --->   "%h = mul i80 %Med, i80 %zext_ln468" [C:\scratch\2024.1\hls_product\545\2024.1\src\shared\hls\clib/hlsmath/include/FloatingPoint/hls_range_redux.h:468->C:\scratch\2024.1\hls_product\545\2024.1\src\shared\hls\clib/hlsmath/include/FloatingPoint\hls_hotbm.h:239->C:\scratch\2024.1\hls_product\545\2024.1\src\shared\hls\clib\hlsmath\src\common\hls_hotbm_float.cpp:123->C:\scratch\2024.1\hls_product\545\2024.1\src\shared\hls\clib\hlsmath\src\c++\sincoshotbmfloat.cpp:10->C:\scratch\2024.1\hls_product\545\2024.1\src\shared\hls\clib\hlsmath\src\c++\sincoshotbmfloat.cpp:42->pedal_top.cpp:67]   --->   Operation 246 'mul' 'h' <Predicate = (sw4)> <Delay = 5.20> <CoreInst = "Multiplier">   --->   Core 3 'Multiplier' <Latency = 0> <II = 1> <Delay = 5.20> <FuncUnit> <Opcode : 'mul'> <InPorts = 2> <OutPorts = 1>
ST_13 : Operation 247 [1/1] (0.00ns)   --->   "%Mx_bits = partselect i58 @_ssdm_op_PartSelect.i58.i80.i32.i32, i80 %h, i32 19, i32 76" [C:\scratch\2024.1\hls_product\545\2024.1\src\shared\hls\clib/hlsmath/include/FloatingPoint/hls_range_redux.h:483->C:\scratch\2024.1\hls_product\545\2024.1\src\shared\hls\clib/hlsmath/include/FloatingPoint\hls_hotbm.h:239->C:\scratch\2024.1\hls_product\545\2024.1\src\shared\hls\clib\hlsmath\src\common\hls_hotbm_float.cpp:123->C:\scratch\2024.1\hls_product\545\2024.1\src\shared\hls\clib\hlsmath\src\c++\sincoshotbmfloat.cpp:10->C:\scratch\2024.1\hls_product\545\2024.1\src\shared\hls\clib\hlsmath\src\c++\sincoshotbmfloat.cpp:42->pedal_top.cpp:67]   --->   Operation 247 'partselect' 'Mx_bits' <Predicate = (sw4)> <Delay = 0.00>
ST_13 : Operation 248 [1/1] (0.00ns)   --->   "%k = partselect i3 @_ssdm_op_PartSelect.i3.i80.i32.i32, i80 %h, i32 77, i32 79" [C:\scratch\2024.1\hls_product\545\2024.1\src\shared\hls\clib/hlsmath/include/FloatingPoint/hls_range_redux.h:487->C:\scratch\2024.1\hls_product\545\2024.1\src\shared\hls\clib/hlsmath/include/FloatingPoint\hls_hotbm.h:239->C:\scratch\2024.1\hls_product\545\2024.1\src\shared\hls\clib\hlsmath\src\common\hls_hotbm_float.cpp:123->C:\scratch\2024.1\hls_product\545\2024.1\src\shared\hls\clib\hlsmath\src\c++\sincoshotbmfloat.cpp:10->C:\scratch\2024.1\hls_product\545\2024.1\src\shared\hls\clib\hlsmath\src\c++\sincoshotbmfloat.cpp:42->pedal_top.cpp:67]   --->   Operation 248 'partselect' 'k' <Predicate = (sw4 & !closepath)> <Delay = 0.00>
ST_13 : Operation 249 [1/1] (0.20ns)   --->   "%k_2 = select i1 %closepath, i3 0, i3 %k" [C:\scratch\2024.1\hls_product\545\2024.1\src\shared\hls\clib/hlsmath/include/FloatingPoint/hls_range_redux.h:451->C:\scratch\2024.1\hls_product\545\2024.1\src\shared\hls\clib/hlsmath/include/FloatingPoint\hls_hotbm.h:239->C:\scratch\2024.1\hls_product\545\2024.1\src\shared\hls\clib\hlsmath\src\common\hls_hotbm_float.cpp:123->C:\scratch\2024.1\hls_product\545\2024.1\src\shared\hls\clib\hlsmath\src\c++\sincoshotbmfloat.cpp:10->C:\scratch\2024.1\hls_product\545\2024.1\src\shared\hls\clib\hlsmath\src\c++\sincoshotbmfloat.cpp:42->pedal_top.cpp:67]   --->   Operation 249 'select' 'k_2' <Predicate = (sw4)> <Delay = 0.20> <CoreInst = "Sel">   --->   Core 73 'Sel' <Latency = 0> <II = 1> <Delay = 0.20> <FuncUnit> <Opcode : 'select'> <InPorts = 3> <OutPorts = 1>
ST_13 : Operation 250 [1/1] (0.00ns)   --->   "%trunc_ln491 = trunc i3 %k_2" [C:\scratch\2024.1\hls_product\545\2024.1\src\shared\hls\clib/hlsmath/include/FloatingPoint/hls_range_redux.h:491->C:\scratch\2024.1\hls_product\545\2024.1\src\shared\hls\clib/hlsmath/include/FloatingPoint\hls_hotbm.h:239->C:\scratch\2024.1\hls_product\545\2024.1\src\shared\hls\clib\hlsmath\src\common\hls_hotbm_float.cpp:123->C:\scratch\2024.1\hls_product\545\2024.1\src\shared\hls\clib\hlsmath\src\c++\sincoshotbmfloat.cpp:10->C:\scratch\2024.1\hls_product\545\2024.1\src\shared\hls\clib\hlsmath\src\c++\sincoshotbmfloat.cpp:42->pedal_top.cpp:67]   --->   Operation 250 'trunc' 'trunc_ln491' <Predicate = (sw4)> <Delay = 0.00>
ST_13 : Operation 251 [1/1] (1.09ns)   --->   "%Mx_bits_3 = sub i58 0, i58 %Mx_bits" [C:\scratch\2024.1\hls_product\545\2024.1\src\shared\hls\clib/hlsmath/include/FloatingPoint/hls_range_redux.h:492->C:\scratch\2024.1\hls_product\545\2024.1\src\shared\hls\clib/hlsmath/include/FloatingPoint\hls_hotbm.h:239->C:\scratch\2024.1\hls_product\545\2024.1\src\shared\hls\clib\hlsmath\src\common\hls_hotbm_float.cpp:123->C:\scratch\2024.1\hls_product\545\2024.1\src\shared\hls\clib\hlsmath\src\c++\sincoshotbmfloat.cpp:10->C:\scratch\2024.1\hls_product\545\2024.1\src\shared\hls\clib\hlsmath\src\c++\sincoshotbmfloat.cpp:42->pedal_top.cpp:67]   --->   Operation 251 'sub' 'Mx_bits_3' <Predicate = (sw4)> <Delay = 1.09> <CoreInst = "Adder">   --->   Core 1 'Adder' <Latency = 0> <II = 1> <Delay = 1.09> <FuncUnit> <Opcode : 'add' 'sub'> <InPorts = 2> <OutPorts = 1>
ST_13 : Operation 252 [1/1] (0.37ns)   --->   "%Mx_bits_4 = select i1 %trunc_ln491, i58 %Mx_bits_3, i58 %Mx_bits" [C:\scratch\2024.1\hls_product\545\2024.1\src\shared\hls\clib/hlsmath/include/FloatingPoint/hls_range_redux.h:491->C:\scratch\2024.1\hls_product\545\2024.1\src\shared\hls\clib/hlsmath/include/FloatingPoint\hls_hotbm.h:239->C:\scratch\2024.1\hls_product\545\2024.1\src\shared\hls\clib\hlsmath\src\common\hls_hotbm_float.cpp:123->C:\scratch\2024.1\hls_product\545\2024.1\src\shared\hls\clib\hlsmath\src\c++\sincoshotbmfloat.cpp:10->C:\scratch\2024.1\hls_product\545\2024.1\src\shared\hls\clib\hlsmath\src\c++\sincoshotbmfloat.cpp:42->pedal_top.cpp:67]   --->   Operation 252 'select' 'Mx_bits_4' <Predicate = (sw4)> <Delay = 0.37> <CoreInst = "Sel">   --->   Core 73 'Sel' <Latency = 0> <II = 1> <Delay = 0.37> <FuncUnit> <Opcode : 'select'> <InPorts = 3> <OutPorts = 1>
ST_13 : Operation 253 [1/1] (0.00ns)   --->   "%tmp_136_i5 = partselect i29 @_ssdm_op_PartSelect.i29.i58.i32.i32, i58 %Mx_bits_4, i32 29, i32 57" [C:\scratch\2024.1\hls_product\545\2024.1\src\shared\hls\clib/hlsmath/include/FloatingPoint/hls_normalize.h:72->C:\scratch\2024.1\hls_product\545\2024.1\src\shared\hls\clib/hlsmath/include/FloatingPoint/hls_range_redux.h:495->C:\scratch\2024.1\hls_product\545\2024.1\src\shared\hls\clib/hlsmath/include/FloatingPoint\hls_hotbm.h:239->C:\scratch\2024.1\hls_product\545\2024.1\src\shared\hls\clib\hlsmath\src\common\hls_hotbm_float.cpp:123->C:\scratch\2024.1\hls_product\545\2024.1\src\shared\hls\clib\hlsmath\src\c++\sincoshotbmfloat.cpp:10->C:\scratch\2024.1\hls_product\545\2024.1\src\shared\hls\clib\hlsmath\src\c++\sincoshotbmfloat.cpp:42->pedal_top.cpp:67]   --->   Operation 253 'partselect' 'tmp_136_i5' <Predicate = (sw4)> <Delay = 0.00>
ST_13 : Operation 254 [1/1] (0.00ns)   --->   "%t = bitconcatenate i30 @_ssdm_op_BitConcatenate.i30.i29.i1, i29 %tmp_136_i5, i1 1" [C:\scratch\2024.1\hls_product\545\2024.1\src\shared\hls\clib/hlsmath/include/FloatingPoint/hls_normalize.h:73->C:\scratch\2024.1\hls_product\545\2024.1\src\shared\hls\clib/hlsmath/include/FloatingPoint/hls_range_redux.h:495->C:\scratch\2024.1\hls_product\545\2024.1\src\shared\hls\clib/hlsmath/include/FloatingPoint\hls_hotbm.h:239->C:\scratch\2024.1\hls_product\545\2024.1\src\shared\hls\clib\hlsmath\src\common\hls_hotbm_float.cpp:123->C:\scratch\2024.1\hls_product\545\2024.1\src\shared\hls\clib\hlsmath\src\c++\sincoshotbmfloat.cpp:10->C:\scratch\2024.1\hls_product\545\2024.1\src\shared\hls\clib\hlsmath\src\c++\sincoshotbmfloat.cpp:42->pedal_top.cpp:67]   --->   Operation 254 'bitconcatenate' 't' <Predicate = (sw4)> <Delay = 0.00>
ST_13 : Operation 255 [1/1] (0.00ns)   --->   "%tmp_137_i = partselect i30 @llvm.part.select.i30, i30 %t, i32 29, i32 0" [C:\scratch\2024.1\hls_product\545\2024.1\src\shared\hls\clib/hlsmath/include/FloatingPoint/hls_normalize.h:75->C:\scratch\2024.1\hls_product\545\2024.1\src\shared\hls\clib/hlsmath/include/FloatingPoint/hls_range_redux.h:495->C:\scratch\2024.1\hls_product\545\2024.1\src\shared\hls\clib/hlsmath/include/FloatingPoint\hls_hotbm.h:239->C:\scratch\2024.1\hls_product\545\2024.1\src\shared\hls\clib\hlsmath\src\common\hls_hotbm_float.cpp:123->C:\scratch\2024.1\hls_product\545\2024.1\src\shared\hls\clib\hlsmath\src\c++\sincoshotbmfloat.cpp:10->C:\scratch\2024.1\hls_product\545\2024.1\src\shared\hls\clib\hlsmath\src\c++\sincoshotbmfloat.cpp:42->pedal_top.cpp:67]   --->   Operation 255 'partselect' 'tmp_137_i' <Predicate = (sw4)> <Delay = 0.00>
ST_13 : Operation 256 [1/1] (0.00ns)   --->   "%tmp_138_i = bitconcatenate i31 @_ssdm_op_BitConcatenate.i31.i1.i30, i1 1, i30 %tmp_137_i" [C:\scratch\2024.1\hls_product\545\2024.1\src\shared\hls\clib/hlsmath/include/FloatingPoint/hls_normalize.h:75->C:\scratch\2024.1\hls_product\545\2024.1\src\shared\hls\clib/hlsmath/include/FloatingPoint/hls_range_redux.h:495->C:\scratch\2024.1\hls_product\545\2024.1\src\shared\hls\clib/hlsmath/include/FloatingPoint\hls_hotbm.h:239->C:\scratch\2024.1\hls_product\545\2024.1\src\shared\hls\clib\hlsmath\src\common\hls_hotbm_float.cpp:123->C:\scratch\2024.1\hls_product\545\2024.1\src\shared\hls\clib\hlsmath\src\c++\sincoshotbmfloat.cpp:10->C:\scratch\2024.1\hls_product\545\2024.1\src\shared\hls\clib\hlsmath\src\c++\sincoshotbmfloat.cpp:42->pedal_top.cpp:67]   --->   Operation 256 'bitconcatenate' 'tmp_138_i' <Predicate = (sw4)> <Delay = 0.00>
ST_13 : Operation 257 [1/1] (0.00ns)   --->   "%sext_ln75 = sext i31 %tmp_138_i" [C:\scratch\2024.1\hls_product\545\2024.1\src\shared\hls\clib/hlsmath/include/FloatingPoint/hls_normalize.h:75->C:\scratch\2024.1\hls_product\545\2024.1\src\shared\hls\clib/hlsmath/include/FloatingPoint/hls_range_redux.h:495->C:\scratch\2024.1\hls_product\545\2024.1\src\shared\hls\clib/hlsmath/include/FloatingPoint\hls_hotbm.h:239->C:\scratch\2024.1\hls_product\545\2024.1\src\shared\hls\clib\hlsmath\src\common\hls_hotbm_float.cpp:123->C:\scratch\2024.1\hls_product\545\2024.1\src\shared\hls\clib\hlsmath\src\c++\sincoshotbmfloat.cpp:10->C:\scratch\2024.1\hls_product\545\2024.1\src\shared\hls\clib\hlsmath\src\c++\sincoshotbmfloat.cpp:42->pedal_top.cpp:67]   --->   Operation 257 'sext' 'sext_ln75' <Predicate = (sw4)> <Delay = 0.00>
ST_13 : Operation 258 [1/1] (0.56ns)   --->   "%tmp_139_i = cttz i32 @llvm.cttz.i32, i32 %sext_ln75, i1 1" [C:\scratch\2024.1\hls_product\545\2024.1\src\shared\hls\clib/hlsmath/include/FloatingPoint/hls_normalize.h:75->C:\scratch\2024.1\hls_product\545\2024.1\src\shared\hls\clib/hlsmath/include/FloatingPoint/hls_range_redux.h:495->C:\scratch\2024.1\hls_product\545\2024.1\src\shared\hls\clib/hlsmath/include/FloatingPoint\hls_hotbm.h:239->C:\scratch\2024.1\hls_product\545\2024.1\src\shared\hls\clib\hlsmath\src\common\hls_hotbm_float.cpp:123->C:\scratch\2024.1\hls_product\545\2024.1\src\shared\hls\clib\hlsmath\src\c++\sincoshotbmfloat.cpp:10->C:\scratch\2024.1\hls_product\545\2024.1\src\shared\hls\clib\hlsmath\src\c++\sincoshotbmfloat.cpp:42->pedal_top.cpp:67]   --->   Operation 258 'cttz' 'tmp_139_i' <Predicate = (sw4)> <Delay = 0.56> <CoreInst = "cttz">   --->   Core 145 'cttz' <Latency = 0> <II = 1> <Delay = 0.56> <FuncUnit> <Opcode : 'cttz'> <InPorts = 1> <OutPorts = 1>
ST_13 : Operation 259 [1/1] (0.00ns)   --->   "%Mx_zeros = trunc i32 %tmp_139_i" [C:\scratch\2024.1\hls_product\545\2024.1\src\shared\hls\clib/hlsmath/include/FloatingPoint/hls_range_redux.h:495->C:\scratch\2024.1\hls_product\545\2024.1\src\shared\hls\clib/hlsmath/include/FloatingPoint\hls_hotbm.h:239->C:\scratch\2024.1\hls_product\545\2024.1\src\shared\hls\clib\hlsmath\src\common\hls_hotbm_float.cpp:123->C:\scratch\2024.1\hls_product\545\2024.1\src\shared\hls\clib\hlsmath\src\c++\sincoshotbmfloat.cpp:10->C:\scratch\2024.1\hls_product\545\2024.1\src\shared\hls\clib\hlsmath\src\c++\sincoshotbmfloat.cpp:42->pedal_top.cpp:67]   --->   Operation 259 'trunc' 'Mx_zeros' <Predicate = (sw4)> <Delay = 0.00>
ST_13 : Operation 260 [1/1] (0.00ns)   --->   "%zext_ln504 = zext i6 %Mx_zeros" [C:\scratch\2024.1\hls_product\545\2024.1\src\shared\hls\clib/hlsmath/include/FloatingPoint/hls_range_redux.h:504->C:\scratch\2024.1\hls_product\545\2024.1\src\shared\hls\clib/hlsmath/include/FloatingPoint\hls_hotbm.h:239->C:\scratch\2024.1\hls_product\545\2024.1\src\shared\hls\clib\hlsmath\src\common\hls_hotbm_float.cpp:123->C:\scratch\2024.1\hls_product\545\2024.1\src\shared\hls\clib\hlsmath\src\c++\sincoshotbmfloat.cpp:10->C:\scratch\2024.1\hls_product\545\2024.1\src\shared\hls\clib\hlsmath\src\c++\sincoshotbmfloat.cpp:42->pedal_top.cpp:67]   --->   Operation 260 'zext' 'zext_ln504' <Predicate = (sw4)> <Delay = 0.00>
ST_13 : Operation 261 [1/1] (1.51ns)   --->   "%shl_ln504 = shl i58 %Mx_bits_4, i58 %zext_ln504" [C:\scratch\2024.1\hls_product\545\2024.1\src\shared\hls\clib/hlsmath/include/FloatingPoint/hls_range_redux.h:504->C:\scratch\2024.1\hls_product\545\2024.1\src\shared\hls\clib/hlsmath/include/FloatingPoint\hls_hotbm.h:239->C:\scratch\2024.1\hls_product\545\2024.1\src\shared\hls\clib\hlsmath\src\common\hls_hotbm_float.cpp:123->C:\scratch\2024.1\hls_product\545\2024.1\src\shared\hls\clib\hlsmath\src\c++\sincoshotbmfloat.cpp:10->C:\scratch\2024.1\hls_product\545\2024.1\src\shared\hls\clib\hlsmath\src\c++\sincoshotbmfloat.cpp:42->pedal_top.cpp:67]   --->   Operation 261 'shl' 'shl_ln504' <Predicate = (sw4)> <Delay = 1.51> <CoreInst = "Shifter">   --->   Core 75 'Shifter' <Latency = 0> <II = 1> <Delay = 1.51> <FuncUnit> <Opcode : 'shl' 'lshr' 'ashr'> <InPorts = 2> <OutPorts = 1>
ST_13 : Operation 262 [1/1] (0.00ns)   --->   "%Mx = partselect i29 @_ssdm_op_PartSelect.i29.i58.i32.i32, i58 %shl_ln504, i32 29, i32 57" [C:\scratch\2024.1\hls_product\545\2024.1\src\shared\hls\clib/hlsmath/include/FloatingPoint/hls_range_redux.h:504->C:\scratch\2024.1\hls_product\545\2024.1\src\shared\hls\clib/hlsmath/include/FloatingPoint\hls_hotbm.h:239->C:\scratch\2024.1\hls_product\545\2024.1\src\shared\hls\clib\hlsmath\src\common\hls_hotbm_float.cpp:123->C:\scratch\2024.1\hls_product\545\2024.1\src\shared\hls\clib\hlsmath\src\c++\sincoshotbmfloat.cpp:10->C:\scratch\2024.1\hls_product\545\2024.1\src\shared\hls\clib\hlsmath\src\c++\sincoshotbmfloat.cpp:42->pedal_top.cpp:67]   --->   Operation 262 'partselect' 'Mx' <Predicate = (sw4)> <Delay = 0.00>
ST_13 : Operation 263 [1/1] (0.00ns) (grouped into LUT with out node Ex_3)   --->   "%zext_ln505 = zext i6 %Mx_zeros" [C:\scratch\2024.1\hls_product\545\2024.1\src\shared\hls\clib/hlsmath/include/FloatingPoint/hls_range_redux.h:505->C:\scratch\2024.1\hls_product\545\2024.1\src\shared\hls\clib/hlsmath/include/FloatingPoint\hls_hotbm.h:239->C:\scratch\2024.1\hls_product\545\2024.1\src\shared\hls\clib\hlsmath\src\common\hls_hotbm_float.cpp:123->C:\scratch\2024.1\hls_product\545\2024.1\src\shared\hls\clib\hlsmath\src\c++\sincoshotbmfloat.cpp:10->C:\scratch\2024.1\hls_product\545\2024.1\src\shared\hls\clib\hlsmath\src\c++\sincoshotbmfloat.cpp:42->pedal_top.cpp:67]   --->   Operation 263 'zext' 'zext_ln505' <Predicate = (sw4)> <Delay = 0.00>
ST_13 : Operation 264 [1/1] (0.76ns) (out node of the LUT)   --->   "%Ex_3 = sub i8 %select_ln453, i8 %zext_ln505" [C:\scratch\2024.1\hls_product\545\2024.1\src\shared\hls\clib/hlsmath/include/FloatingPoint/hls_range_redux.h:505->C:\scratch\2024.1\hls_product\545\2024.1\src\shared\hls\clib/hlsmath/include/FloatingPoint\hls_hotbm.h:239->C:\scratch\2024.1\hls_product\545\2024.1\src\shared\hls\clib\hlsmath\src\common\hls_hotbm_float.cpp:123->C:\scratch\2024.1\hls_product\545\2024.1\src\shared\hls\clib\hlsmath\src\c++\sincoshotbmfloat.cpp:10->C:\scratch\2024.1\hls_product\545\2024.1\src\shared\hls\clib\hlsmath\src\c++\sincoshotbmfloat.cpp:42->pedal_top.cpp:67]   --->   Operation 264 'sub' 'Ex_3' <Predicate = (sw4)> <Delay = 0.76> <CoreInst = "Adder">   --->   Core 1 'Adder' <Latency = 0> <II = 1> <Delay = 0.76> <FuncUnit> <Opcode : 'add' 'sub'> <InPorts = 2> <OutPorts = 1>
ST_13 : Operation 265 [1/1] (0.00ns)   --->   "%tmp_82 = bitselect i1 @_ssdm_op_BitSelect.i1.i8.i32, i8 %Ex_3, i32 7" [C:\scratch\2024.1\hls_product\545\2024.1\src\shared\hls\clib/hlsmath/include/FloatingPoint/hls_range_redux.h:506->C:\scratch\2024.1\hls_product\545\2024.1\src\shared\hls\clib/hlsmath/include/FloatingPoint\hls_hotbm.h:239->C:\scratch\2024.1\hls_product\545\2024.1\src\shared\hls\clib\hlsmath\src\common\hls_hotbm_float.cpp:123->C:\scratch\2024.1\hls_product\545\2024.1\src\shared\hls\clib\hlsmath\src\c++\sincoshotbmfloat.cpp:10->C:\scratch\2024.1\hls_product\545\2024.1\src\shared\hls\clib\hlsmath\src\c++\sincoshotbmfloat.cpp:42->pedal_top.cpp:67]   --->   Operation 265 'bitselect' 'tmp_82' <Predicate = (sw4)> <Delay = 0.00>
ST_13 : Operation 266 [1/1] (0.72ns)   --->   "%cos_basis = sparsemux i1 @_ssdm_op_SparseMux.ap_auto.8i1.i1.i3, i3 0, i1 0, i3 1, i1 1, i3 2, i1 1, i3 3, i1 0, i3 4, i1 0, i3 5, i1 1, i3 6, i1 1, i3 7, i1 0, i1 0, i3 %k_2" [C:\scratch\2024.1\hls_product\545\2024.1\src\shared\hls\clib/hlsmath/include/FloatingPoint\hls_hotbm.h:242->C:\scratch\2024.1\hls_product\545\2024.1\src\shared\hls\clib\hlsmath\src\common\hls_hotbm_float.cpp:123->C:\scratch\2024.1\hls_product\545\2024.1\src\shared\hls\clib\hlsmath\src\c++\sincoshotbmfloat.cpp:10->C:\scratch\2024.1\hls_product\545\2024.1\src\shared\hls\clib\hlsmath\src\c++\sincoshotbmfloat.cpp:42->pedal_top.cpp:67]   --->   Operation 266 'sparsemux' 'cos_basis' <Predicate = (sw4)> <Delay = 0.72> <CoreInst = "SparseMux">   --->   Core 144 'SparseMux' <Latency = 0> <II = 1> <Delay = 0.72> <FuncUnit> <Opcode : 'sparsemux'> <InPorts = 2> <OutPorts = 1>
ST_13 : Operation 267 [1/1] (0.00ns)   --->   "%index = bitconcatenate i4 @_ssdm_op_BitConcatenate.i4.i1.i3, i1 %din_sign, i3 %k_2" [C:\scratch\2024.1\hls_product\545\2024.1\src\shared\hls\clib/hlsmath/include/FloatingPoint\hls_hotbm.h:266->C:\scratch\2024.1\hls_product\545\2024.1\src\shared\hls\clib\hlsmath\src\common\hls_hotbm_float.cpp:123->C:\scratch\2024.1\hls_product\545\2024.1\src\shared\hls\clib\hlsmath\src\c++\sincoshotbmfloat.cpp:10->C:\scratch\2024.1\hls_product\545\2024.1\src\shared\hls\clib\hlsmath\src\c++\sincoshotbmfloat.cpp:42->pedal_top.cpp:67]   --->   Operation 267 'bitconcatenate' 'index' <Predicate = (sw4)> <Delay = 0.00>
ST_13 : Operation 268 [1/1] (0.00ns) (grouped into LUT with out node results_sign_4)   --->   "%tmp_145_i = sparsemux i1 @_ssdm_op_SparseMux.ap_auto.16i1.i1.i4, i4 0, i1 0, i4 1, i1 0, i4 2, i1 0, i4 3, i1 1, i4 4, i1 1, i4 5, i1 1, i4 6, i1 1, i4 7, i1 0, i4 8, i1 0, i4 9, i1 1, i4 10, i1 1, i4 11, i1 1, i4 12, i1 1, i4 13, i1 0, i4 14, i1 0, i4 15, i1 0, i1 0, i4 %index" [C:\scratch\2024.1\hls_product\545\2024.1\src\shared\hls\clib/hlsmath/include/FloatingPoint\hls_hotbm.h:267->C:\scratch\2024.1\hls_product\545\2024.1\src\shared\hls\clib\hlsmath\src\common\hls_hotbm_float.cpp:123->C:\scratch\2024.1\hls_product\545\2024.1\src\shared\hls\clib\hlsmath\src\c++\sincoshotbmfloat.cpp:10->C:\scratch\2024.1\hls_product\545\2024.1\src\shared\hls\clib\hlsmath\src\c++\sincoshotbmfloat.cpp:42->pedal_top.cpp:67]   --->   Operation 268 'sparsemux' 'tmp_145_i' <Predicate = (sw4)> <Delay = 0.00> <CoreInst = "SparseMux">   --->   Core 144 'SparseMux' <Latency = 0> <II = 1> <Delay = 0.48> <FuncUnit> <Opcode : 'sparsemux'> <InPorts = 2> <OutPorts = 1>
ST_13 : Operation 269 [1/1] (0.00ns) (grouped into LUT with out node results_sign_4)   --->   "%tmp_146_i = sparsemux i1 @_ssdm_op_SparseMux.ap_auto.16i1.i1.i4, i4 0, i1 0, i4 1, i1 0, i4 2, i1 1, i4 3, i1 0, i4 4, i1 1, i4 5, i1 1, i4 6, i1 0, i4 7, i1 1, i4 8, i1 1, i4 9, i1 0, i4 10, i1 1, i4 11, i1 1, i4 12, i1 0, i4 13, i1 1, i4 14, i1 0, i4 15, i1 0, i1 0, i4 %index" [C:\scratch\2024.1\hls_product\545\2024.1\src\shared\hls\clib/hlsmath/include/FloatingPoint\hls_hotbm.h:267->C:\scratch\2024.1\hls_product\545\2024.1\src\shared\hls\clib\hlsmath\src\common\hls_hotbm_float.cpp:123->C:\scratch\2024.1\hls_product\545\2024.1\src\shared\hls\clib\hlsmath\src\c++\sincoshotbmfloat.cpp:10->C:\scratch\2024.1\hls_product\545\2024.1\src\shared\hls\clib\hlsmath\src\c++\sincoshotbmfloat.cpp:42->pedal_top.cpp:67]   --->   Operation 269 'sparsemux' 'tmp_146_i' <Predicate = (sw4)> <Delay = 0.00> <CoreInst = "SparseMux">   --->   Core 144 'SparseMux' <Latency = 0> <II = 1> <Delay = 0.48> <FuncUnit> <Opcode : 'sparsemux'> <InPorts = 2> <OutPorts = 1>
ST_13 : Operation 270 [1/1] (0.00ns) (grouped into LUT with out node results_sign_4)   --->   "%results_sign = select i1 %cos_basis, i1 %tmp_145_i, i1 %tmp_146_i" [C:\scratch\2024.1\hls_product\545\2024.1\src\shared\hls\clib/hlsmath/include/FloatingPoint\hls_hotbm.h:242->C:\scratch\2024.1\hls_product\545\2024.1\src\shared\hls\clib\hlsmath\src\common\hls_hotbm_float.cpp:123->C:\scratch\2024.1\hls_product\545\2024.1\src\shared\hls\clib\hlsmath\src\c++\sincoshotbmfloat.cpp:10->C:\scratch\2024.1\hls_product\545\2024.1\src\shared\hls\clib\hlsmath\src\c++\sincoshotbmfloat.cpp:42->pedal_top.cpp:67]   --->   Operation 270 'select' 'results_sign' <Predicate = (sw4)> <Delay = 0.00> <CoreInst = "Sel">   --->   Core 73 'Sel' <Latency = 0> <II = 1> <Delay = 0.17> <FuncUnit> <Opcode : 'select'> <InPorts = 3> <OutPorts = 1>
ST_13 : Operation 271 [1/1] (0.76ns)   --->   "%icmp_ln271 = icmp_eq  i8 %din_exp, i8 0" [C:\scratch\2024.1\hls_product\545\2024.1\src\shared\hls\clib/hlsmath/include/FloatingPoint\hls_hotbm.h:271->C:\scratch\2024.1\hls_product\545\2024.1\src\shared\hls\clib\hlsmath\src\common\hls_hotbm_float.cpp:123->C:\scratch\2024.1\hls_product\545\2024.1\src\shared\hls\clib\hlsmath\src\c++\sincoshotbmfloat.cpp:10->C:\scratch\2024.1\hls_product\545\2024.1\src\shared\hls\clib\hlsmath\src\c++\sincoshotbmfloat.cpp:42->pedal_top.cpp:67]   --->   Operation 271 'icmp' 'icmp_ln271' <Predicate = (sw4)> <Delay = 0.76> <CoreInst = "Cmp">   --->   Core 9 'Cmp' <Latency = 0> <II = 1> <Delay = 0.76> <FuncUnit> <Opcode : 'seteq' 'setne' 'setle' 'setge' 'setlt' 'setgt'> <InPorts = 2> <OutPorts = 1>
ST_13 : Operation 272 [1/1] (0.92ns)   --->   "%icmp_ln271_2 = icmp_eq  i23 %din_sig, i23 0" [C:\scratch\2024.1\hls_product\545\2024.1\src\shared\hls\clib/hlsmath/include/FloatingPoint\hls_hotbm.h:271->C:\scratch\2024.1\hls_product\545\2024.1\src\shared\hls\clib\hlsmath\src\common\hls_hotbm_float.cpp:123->C:\scratch\2024.1\hls_product\545\2024.1\src\shared\hls\clib\hlsmath\src\c++\sincoshotbmfloat.cpp:10->C:\scratch\2024.1\hls_product\545\2024.1\src\shared\hls\clib\hlsmath\src\c++\sincoshotbmfloat.cpp:42->pedal_top.cpp:67]   --->   Operation 272 'icmp' 'icmp_ln271_2' <Predicate = (sw4)> <Delay = 0.92> <CoreInst = "Cmp">   --->   Core 9 'Cmp' <Latency = 0> <II = 1> <Delay = 0.92> <FuncUnit> <Opcode : 'seteq' 'setne' 'setle' 'setge' 'setlt' 'setgt'> <InPorts = 2> <OutPorts = 1>
ST_13 : Operation 273 [1/1] (0.28ns)   --->   "%and_ln271 = and i1 %icmp_ln271, i1 %icmp_ln271_2" [C:\scratch\2024.1\hls_product\545\2024.1\src\shared\hls\clib/hlsmath/include/FloatingPoint\hls_hotbm.h:271->C:\scratch\2024.1\hls_product\545\2024.1\src\shared\hls\clib\hlsmath\src\common\hls_hotbm_float.cpp:123->C:\scratch\2024.1\hls_product\545\2024.1\src\shared\hls\clib\hlsmath\src\c++\sincoshotbmfloat.cpp:10->C:\scratch\2024.1\hls_product\545\2024.1\src\shared\hls\clib\hlsmath\src\c++\sincoshotbmfloat.cpp:42->pedal_top.cpp:67]   --->   Operation 273 'and' 'and_ln271' <Predicate = (sw4)> <Delay = 0.28> <CoreInst = "LogicGate">   --->   Core 74 'LogicGate' <Latency = 0> <II = 1> <Delay = 0.28> <FuncUnit> <Opcode : 'and' 'or' 'xor'> <InPorts = 2> <OutPorts = 1>
ST_13 : Operation 274 [1/1] (0.76ns)   --->   "%icmp_ln282 = icmp_eq  i8 %din_exp, i8 255" [C:\scratch\2024.1\hls_product\545\2024.1\src\shared\hls\clib/hlsmath/include/FloatingPoint\hls_hotbm.h:282->C:\scratch\2024.1\hls_product\545\2024.1\src\shared\hls\clib\hlsmath\src\common\hls_hotbm_float.cpp:123->C:\scratch\2024.1\hls_product\545\2024.1\src\shared\hls\clib\hlsmath\src\c++\sincoshotbmfloat.cpp:10->C:\scratch\2024.1\hls_product\545\2024.1\src\shared\hls\clib\hlsmath\src\c++\sincoshotbmfloat.cpp:42->pedal_top.cpp:67]   --->   Operation 274 'icmp' 'icmp_ln282' <Predicate = (sw4)> <Delay = 0.76> <CoreInst = "Cmp">   --->   Core 9 'Cmp' <Latency = 0> <II = 1> <Delay = 0.76> <FuncUnit> <Opcode : 'seteq' 'setne' 'setle' 'setge' 'setlt' 'setgt'> <InPorts = 2> <OutPorts = 1>
ST_13 : Operation 275 [1/1] (0.00ns) (grouped into LUT with out node results_sign_4)   --->   "%xor_ln282 = xor i1 %icmp_ln282, i1 1" [C:\scratch\2024.1\hls_product\545\2024.1\src\shared\hls\clib/hlsmath/include/FloatingPoint\hls_hotbm.h:282->C:\scratch\2024.1\hls_product\545\2024.1\src\shared\hls\clib\hlsmath\src\common\hls_hotbm_float.cpp:123->C:\scratch\2024.1\hls_product\545\2024.1\src\shared\hls\clib\hlsmath\src\c++\sincoshotbmfloat.cpp:10->C:\scratch\2024.1\hls_product\545\2024.1\src\shared\hls\clib\hlsmath\src\c++\sincoshotbmfloat.cpp:42->pedal_top.cpp:67]   --->   Operation 275 'xor' 'xor_ln282' <Predicate = (sw4)> <Delay = 0.00> <CoreInst = "LogicGate">   --->   Core 74 'LogicGate' <Latency = 0> <II = 1> <Delay = 0.28> <FuncUnit> <Opcode : 'and' 'or' 'xor'> <InPorts = 2> <OutPorts = 1>
ST_13 : Operation 276 [1/1] (0.00ns) (grouped into LUT with out node results_sign_4)   --->   "%results_sign_3 = and i1 %results_sign, i1 %xor_ln282" [C:\scratch\2024.1\hls_product\545\2024.1\src\shared\hls\clib/hlsmath/include/FloatingPoint\hls_hotbm.h:282->C:\scratch\2024.1\hls_product\545\2024.1\src\shared\hls\clib\hlsmath\src\common\hls_hotbm_float.cpp:123->C:\scratch\2024.1\hls_product\545\2024.1\src\shared\hls\clib\hlsmath\src\c++\sincoshotbmfloat.cpp:10->C:\scratch\2024.1\hls_product\545\2024.1\src\shared\hls\clib\hlsmath\src\c++\sincoshotbmfloat.cpp:42->pedal_top.cpp:67]   --->   Operation 276 'and' 'results_sign_3' <Predicate = (sw4)> <Delay = 0.00> <CoreInst = "LogicGate">   --->   Core 74 'LogicGate' <Latency = 0> <II = 1> <Delay = 0.28> <FuncUnit> <Opcode : 'and' 'or' 'xor'> <InPorts = 2> <OutPorts = 1>
ST_13 : Operation 277 [1/1] (0.48ns) (out node of the LUT)   --->   "%results_sign_4 = select i1 %and_ln271, i1 %din_sign, i1 %results_sign_3" [C:\scratch\2024.1\hls_product\545\2024.1\src\shared\hls\clib/hlsmath/include/FloatingPoint\hls_hotbm.h:271->C:\scratch\2024.1\hls_product\545\2024.1\src\shared\hls\clib\hlsmath\src\common\hls_hotbm_float.cpp:123->C:\scratch\2024.1\hls_product\545\2024.1\src\shared\hls\clib\hlsmath\src\c++\sincoshotbmfloat.cpp:10->C:\scratch\2024.1\hls_product\545\2024.1\src\shared\hls\clib\hlsmath\src\c++\sincoshotbmfloat.cpp:42->pedal_top.cpp:67]   --->   Operation 277 'select' 'results_sign_4' <Predicate = (sw4)> <Delay = 0.48> <CoreInst = "Sel">   --->   Core 73 'Sel' <Latency = 0> <II = 1> <Delay = 0.17> <FuncUnit> <Opcode : 'select'> <InPorts = 3> <OutPorts = 1>

State 14 <SV = 13> <Delay = 10.6>
ST_14 : Operation 278 [28/39] (10.6ns)   --->   "%sample_data_5 = call i16 @soft_clipping_distortion, i32 %sample_data_3, i58 %table_exp_Z1_ap_ufixed_58_1_ap_q_mode_5_ap_o_mode_3_0_array, i26 %table_f_Z3_ap_ufixed_59_0_ap_q_mode_5_ap_o_mode_3_0_array, i42 %table_f_Z2_ap_ufixed_59_0_ap_q_mode_5_ap_o_mode_3_0_array" [pedal_top.cpp:45]   --->   Operation 278 'call' 'sample_data_5' <Predicate = (sw1)> <Delay = 10.6> <CoreType = "Generic">   --->   Core 0 '' <Latency = 0> <II = 1> <Delay = 1.00> <Generic> <Opcode : >
ST_14 : Operation 279 [1/1] (0.76ns)   --->   "%sub_ln506 = sub i8 0, i8 %Ex_3" [C:\scratch\2024.1\hls_product\545\2024.1\src\shared\hls\clib/hlsmath/include/FloatingPoint/hls_range_redux.h:506->C:\scratch\2024.1\hls_product\545\2024.1\src\shared\hls\clib/hlsmath/include/FloatingPoint\hls_hotbm.h:239->C:\scratch\2024.1\hls_product\545\2024.1\src\shared\hls\clib\hlsmath\src\common\hls_hotbm_float.cpp:123->C:\scratch\2024.1\hls_product\545\2024.1\src\shared\hls\clib\hlsmath\src\c++\sincoshotbmfloat.cpp:10->C:\scratch\2024.1\hls_product\545\2024.1\src\shared\hls\clib\hlsmath\src\c++\sincoshotbmfloat.cpp:42->pedal_top.cpp:67]   --->   Operation 279 'sub' 'sub_ln506' <Predicate = (sw4 & tmp_82)> <Delay = 0.76> <CoreInst = "Adder">   --->   Core 1 'Adder' <Latency = 0> <II = 1> <Delay = 0.76> <FuncUnit> <Opcode : 'add' 'sub'> <InPorts = 2> <OutPorts = 1>
ST_14 : Operation 280 [1/1] (0.39ns)   --->   "%select_ln506 = select i1 %tmp_82, i8 %sub_ln506, i8 %Ex_3" [C:\scratch\2024.1\hls_product\545\2024.1\src\shared\hls\clib/hlsmath/include/FloatingPoint/hls_range_redux.h:506->C:\scratch\2024.1\hls_product\545\2024.1\src\shared\hls\clib/hlsmath/include/FloatingPoint\hls_hotbm.h:239->C:\scratch\2024.1\hls_product\545\2024.1\src\shared\hls\clib\hlsmath\src\common\hls_hotbm_float.cpp:123->C:\scratch\2024.1\hls_product\545\2024.1\src\shared\hls\clib\hlsmath\src\c++\sincoshotbmfloat.cpp:10->C:\scratch\2024.1\hls_product\545\2024.1\src\shared\hls\clib\hlsmath\src\c++\sincoshotbmfloat.cpp:42->pedal_top.cpp:67]   --->   Operation 280 'select' 'select_ln506' <Predicate = (sw4)> <Delay = 0.39> <CoreInst = "Sel">   --->   Core 73 'Sel' <Latency = 0> <II = 1> <Delay = 0.39> <FuncUnit> <Opcode : 'select'> <InPorts = 3> <OutPorts = 1>
ST_14 : Operation 281 [1/1] (0.00ns)   --->   "%zext_ln506 = zext i8 %select_ln506" [C:\scratch\2024.1\hls_product\545\2024.1\src\shared\hls\clib/hlsmath/include/FloatingPoint/hls_range_redux.h:506->C:\scratch\2024.1\hls_product\545\2024.1\src\shared\hls\clib/hlsmath/include/FloatingPoint\hls_hotbm.h:239->C:\scratch\2024.1\hls_product\545\2024.1\src\shared\hls\clib\hlsmath\src\common\hls_hotbm_float.cpp:123->C:\scratch\2024.1\hls_product\545\2024.1\src\shared\hls\clib\hlsmath\src\c++\sincoshotbmfloat.cpp:10->C:\scratch\2024.1\hls_product\545\2024.1\src\shared\hls\clib\hlsmath\src\c++\sincoshotbmfloat.cpp:42->pedal_top.cpp:67]   --->   Operation 281 'zext' 'zext_ln506' <Predicate = (sw4)> <Delay = 0.00>
ST_14 : Operation 282 [1/1] (0.00ns)   --->   "%zext_ln506_2 = zext i29 %Mx" [C:\scratch\2024.1\hls_product\545\2024.1\src\shared\hls\clib/hlsmath/include/FloatingPoint/hls_range_redux.h:506->C:\scratch\2024.1\hls_product\545\2024.1\src\shared\hls\clib/hlsmath/include/FloatingPoint\hls_hotbm.h:239->C:\scratch\2024.1\hls_product\545\2024.1\src\shared\hls\clib\hlsmath\src\common\hls_hotbm_float.cpp:123->C:\scratch\2024.1\hls_product\545\2024.1\src\shared\hls\clib\hlsmath\src\c++\sincoshotbmfloat.cpp:10->C:\scratch\2024.1\hls_product\545\2024.1\src\shared\hls\clib\hlsmath\src\c++\sincoshotbmfloat.cpp:42->pedal_top.cpp:67]   --->   Operation 282 'zext' 'zext_ln506_2' <Predicate = (sw4)> <Delay = 0.00>
ST_14 : Operation 283 [1/1] (1.21ns)   --->   "%lshr_ln506 = lshr i32 %zext_ln506_2, i32 %zext_ln506" [C:\scratch\2024.1\hls_product\545\2024.1\src\shared\hls\clib/hlsmath/include/FloatingPoint/hls_range_redux.h:506->C:\scratch\2024.1\hls_product\545\2024.1\src\shared\hls\clib/hlsmath/include/FloatingPoint\hls_hotbm.h:239->C:\scratch\2024.1\hls_product\545\2024.1\src\shared\hls\clib\hlsmath\src\common\hls_hotbm_float.cpp:123->C:\scratch\2024.1\hls_product\545\2024.1\src\shared\hls\clib\hlsmath\src\c++\sincoshotbmfloat.cpp:10->C:\scratch\2024.1\hls_product\545\2024.1\src\shared\hls\clib\hlsmath\src\c++\sincoshotbmfloat.cpp:42->pedal_top.cpp:67]   --->   Operation 283 'lshr' 'lshr_ln506' <Predicate = (sw4 & tmp_82)> <Delay = 1.21> <CoreInst = "Shifter">   --->   Core 75 'Shifter' <Latency = 0> <II = 1> <Delay = 1.21> <FuncUnit> <Opcode : 'shl' 'lshr' 'ashr'> <InPorts = 2> <OutPorts = 1>
ST_14 : Operation 284 [1/1] (1.21ns)   --->   "%shl_ln506 = shl i32 %zext_ln506_2, i32 %zext_ln506" [C:\scratch\2024.1\hls_product\545\2024.1\src\shared\hls\clib/hlsmath/include/FloatingPoint/hls_range_redux.h:506->C:\scratch\2024.1\hls_product\545\2024.1\src\shared\hls\clib/hlsmath/include/FloatingPoint\hls_hotbm.h:239->C:\scratch\2024.1\hls_product\545\2024.1\src\shared\hls\clib\hlsmath\src\common\hls_hotbm_float.cpp:123->C:\scratch\2024.1\hls_product\545\2024.1\src\shared\hls\clib\hlsmath\src\c++\sincoshotbmfloat.cpp:10->C:\scratch\2024.1\hls_product\545\2024.1\src\shared\hls\clib\hlsmath\src\c++\sincoshotbmfloat.cpp:42->pedal_top.cpp:67]   --->   Operation 284 'shl' 'shl_ln506' <Predicate = (sw4 & !tmp_82)> <Delay = 1.21> <CoreInst = "Shifter">   --->   Core 75 'Shifter' <Latency = 0> <II = 1> <Delay = 1.21> <FuncUnit> <Opcode : 'shl' 'lshr' 'ashr'> <InPorts = 2> <OutPorts = 1>
ST_14 : Operation 285 [1/1] (0.44ns)   --->   "%select_ln506_2 = select i1 %tmp_82, i32 %lshr_ln506, i32 %shl_ln506" [C:\scratch\2024.1\hls_product\545\2024.1\src\shared\hls\clib/hlsmath/include/FloatingPoint/hls_range_redux.h:506->C:\scratch\2024.1\hls_product\545\2024.1\src\shared\hls\clib/hlsmath/include/FloatingPoint\hls_hotbm.h:239->C:\scratch\2024.1\hls_product\545\2024.1\src\shared\hls\clib\hlsmath\src\common\hls_hotbm_float.cpp:123->C:\scratch\2024.1\hls_product\545\2024.1\src\shared\hls\clib\hlsmath\src\c++\sincoshotbmfloat.cpp:10->C:\scratch\2024.1\hls_product\545\2024.1\src\shared\hls\clib\hlsmath\src\c++\sincoshotbmfloat.cpp:42->pedal_top.cpp:67]   --->   Operation 285 'select' 'select_ln506_2' <Predicate = (sw4)> <Delay = 0.44> <CoreInst = "Sel">   --->   Core 73 'Sel' <Latency = 0> <II = 1> <Delay = 0.44> <FuncUnit> <Opcode : 'select'> <InPorts = 3> <OutPorts = 1>
ST_14 : Operation 286 [1/1] (0.00ns)   --->   "%B = trunc i32 %select_ln506_2" [C:\scratch\2024.1\hls_product\545\2024.1\src\shared\hls\clib\hlsmath\src\common\hls_hotbm_float.cpp:21->C:\scratch\2024.1\hls_product\545\2024.1\src\shared\hls\clib/hlsmath/include/FloatingPoint\hls_hotbm.h:250->C:\scratch\2024.1\hls_product\545\2024.1\src\shared\hls\clib\hlsmath\src\common\hls_hotbm_float.cpp:123->C:\scratch\2024.1\hls_product\545\2024.1\src\shared\hls\clib\hlsmath\src\c++\sincoshotbmfloat.cpp:10->C:\scratch\2024.1\hls_product\545\2024.1\src\shared\hls\clib\hlsmath\src\c++\sincoshotbmfloat.cpp:42->pedal_top.cpp:67]   --->   Operation 286 'trunc' 'B' <Predicate = (sw4)> <Delay = 0.00>
ST_14 : Operation 287 [1/1] (0.35ns)   --->   "%Mx_2 = select i1 %cos_basis, i29 536870911, i29 %Mx" [C:\scratch\2024.1\hls_product\545\2024.1\src\shared\hls\clib/hlsmath/include/FloatingPoint\hls_hotbm.h:243->C:\scratch\2024.1\hls_product\545\2024.1\src\shared\hls\clib\hlsmath\src\common\hls_hotbm_float.cpp:123->C:\scratch\2024.1\hls_product\545\2024.1\src\shared\hls\clib\hlsmath\src\c++\sincoshotbmfloat.cpp:10->C:\scratch\2024.1\hls_product\545\2024.1\src\shared\hls\clib\hlsmath\src\c++\sincoshotbmfloat.cpp:42->pedal_top.cpp:67]   --->   Operation 287 'select' 'Mx_2' <Predicate = (sw4)> <Delay = 0.35> <CoreInst = "Sel">   --->   Core 73 'Sel' <Latency = 0> <II = 1> <Delay = 0.35> <FuncUnit> <Opcode : 'select'> <InPorts = 3> <OutPorts = 1>
ST_14 : Operation 288 [1/1] (0.00ns)   --->   "%tmp_140_i = partselect i7 @_ssdm_op_PartSelect.i7.i32.i32.i32, i32 %select_ln506_2, i32 22, i32 28" [C:\scratch\2024.1\hls_product\545\2024.1\src\shared\hls\clib\hlsmath\src\common\hls_hotbm_float.cpp:20->C:\scratch\2024.1\hls_product\545\2024.1\src\shared\hls\clib/hlsmath/include/FloatingPoint\hls_hotbm.h:250->C:\scratch\2024.1\hls_product\545\2024.1\src\shared\hls\clib\hlsmath\src\common\hls_hotbm_float.cpp:123->C:\scratch\2024.1\hls_product\545\2024.1\src\shared\hls\clib\hlsmath\src\c++\sincoshotbmfloat.cpp:10->C:\scratch\2024.1\hls_product\545\2024.1\src\shared\hls\clib\hlsmath\src\c++\sincoshotbmfloat.cpp:42->pedal_top.cpp:67]   --->   Operation 288 'partselect' 'tmp_140_i' <Predicate = (sw4)> <Delay = 0.00>
ST_14 : Operation 289 [1/1] (0.00ns)   --->   "%B_trunc = partselect i15 @_ssdm_op_PartSelect.i15.i32.i32.i32, i32 %select_ln506_2, i32 7, i32 21" [C:\scratch\2024.1\hls_product\545\2024.1\src\shared\hls\clib\hlsmath\src\common\hls_hotbm_float.cpp:22->C:\scratch\2024.1\hls_product\545\2024.1\src\shared\hls\clib/hlsmath/include/FloatingPoint\hls_hotbm.h:250->C:\scratch\2024.1\hls_product\545\2024.1\src\shared\hls\clib\hlsmath\src\common\hls_hotbm_float.cpp:123->C:\scratch\2024.1\hls_product\545\2024.1\src\shared\hls\clib\hlsmath\src\c++\sincoshotbmfloat.cpp:10->C:\scratch\2024.1\hls_product\545\2024.1\src\shared\hls\clib\hlsmath\src\c++\sincoshotbmfloat.cpp:42->pedal_top.cpp:67]   --->   Operation 289 'partselect' 'B_trunc' <Predicate = (sw4)> <Delay = 0.00>
ST_14 : Operation 290 [1/1] (0.00ns)   --->   "%zext_ln23 = zext i15 %B_trunc" [C:\scratch\2024.1\hls_product\545\2024.1\src\shared\hls\clib\hlsmath\src\common\hls_hotbm_float.cpp:23->C:\scratch\2024.1\hls_product\545\2024.1\src\shared\hls\clib/hlsmath/include/FloatingPoint\hls_hotbm.h:250->C:\scratch\2024.1\hls_product\545\2024.1\src\shared\hls\clib\hlsmath\src\common\hls_hotbm_float.cpp:123->C:\scratch\2024.1\hls_product\545\2024.1\src\shared\hls\clib\hlsmath\src\c++\sincoshotbmfloat.cpp:10->C:\scratch\2024.1\hls_product\545\2024.1\src\shared\hls\clib\hlsmath\src\c++\sincoshotbmfloat.cpp:42->pedal_top.cpp:67]   --->   Operation 290 'zext' 'zext_ln23' <Predicate = (sw4)> <Delay = 0.00>
ST_14 : Operation 291 [1/1] (2.33ns)   --->   "%mul_ln23 = mul i30 %zext_ln23, i30 %zext_ln23" [C:\scratch\2024.1\hls_product\545\2024.1\src\shared\hls\clib\hlsmath\src\common\hls_hotbm_float.cpp:23->C:\scratch\2024.1\hls_product\545\2024.1\src\shared\hls\clib/hlsmath/include/FloatingPoint\hls_hotbm.h:250->C:\scratch\2024.1\hls_product\545\2024.1\src\shared\hls\clib\hlsmath\src\common\hls_hotbm_float.cpp:123->C:\scratch\2024.1\hls_product\545\2024.1\src\shared\hls\clib\hlsmath\src\c++\sincoshotbmfloat.cpp:10->C:\scratch\2024.1\hls_product\545\2024.1\src\shared\hls\clib\hlsmath\src\c++\sincoshotbmfloat.cpp:42->pedal_top.cpp:67]   --->   Operation 291 'mul' 'mul_ln23' <Predicate = (sw4)> <Delay = 2.33> <CoreInst = "Multiplier">   --->   Core 3 'Multiplier' <Latency = 0> <II = 1> <Delay = 2.33> <FuncUnit> <Opcode : 'mul'> <InPorts = 2> <OutPorts = 1>
ST_14 : Operation 292 [1/1] (0.00ns)   --->   "%B_squared = partselect i15 @_ssdm_op_PartSelect.i15.i30.i32.i32, i30 %mul_ln23, i32 15, i32 29" [C:\scratch\2024.1\hls_product\545\2024.1\src\shared\hls\clib\hlsmath\src\common\hls_hotbm_float.cpp:23->C:\scratch\2024.1\hls_product\545\2024.1\src\shared\hls\clib/hlsmath/include/FloatingPoint\hls_hotbm.h:250->C:\scratch\2024.1\hls_product\545\2024.1\src\shared\hls\clib\hlsmath\src\common\hls_hotbm_float.cpp:123->C:\scratch\2024.1\hls_product\545\2024.1\src\shared\hls\clib\hlsmath\src\c++\sincoshotbmfloat.cpp:10->C:\scratch\2024.1\hls_product\545\2024.1\src\shared\hls\clib\hlsmath\src\c++\sincoshotbmfloat.cpp:42->pedal_top.cpp:67]   --->   Operation 292 'partselect' 'B_squared' <Predicate = (sw4)> <Delay = 0.00>
ST_14 : Operation 293 [1/1] (0.28ns)   --->   "%sin_basis = xor i1 %cos_basis, i1 1" [C:\scratch\2024.1\hls_product\545\2024.1\src\shared\hls\clib\hlsmath\src\common\hls_hotbm_float.cpp:25->C:\scratch\2024.1\hls_product\545\2024.1\src\shared\hls\clib/hlsmath/include/FloatingPoint\hls_hotbm.h:250->C:\scratch\2024.1\hls_product\545\2024.1\src\shared\hls\clib\hlsmath\src\common\hls_hotbm_float.cpp:123->C:\scratch\2024.1\hls_product\545\2024.1\src\shared\hls\clib\hlsmath\src\c++\sincoshotbmfloat.cpp:10->C:\scratch\2024.1\hls_product\545\2024.1\src\shared\hls\clib\hlsmath\src\c++\sincoshotbmfloat.cpp:42->pedal_top.cpp:67]   --->   Operation 293 'xor' 'sin_basis' <Predicate = (sw4)> <Delay = 0.28> <CoreInst = "LogicGate">   --->   Core 74 'LogicGate' <Latency = 0> <II = 1> <Delay = 0.28> <FuncUnit> <Opcode : 'and' 'or' 'xor'> <InPorts = 2> <OutPorts = 1>
ST_14 : Operation 294 [1/1] (0.00ns)   --->   "%A = bitconcatenate i8 @_ssdm_op_BitConcatenate.i8.i1.i7, i1 %sin_basis, i7 %tmp_140_i" [C:\scratch\2024.1\hls_product\545\2024.1\src\shared\hls\clib\hlsmath\src\common\hls_hotbm_float.cpp:26->C:\scratch\2024.1\hls_product\545\2024.1\src\shared\hls\clib/hlsmath/include/FloatingPoint\hls_hotbm.h:250->C:\scratch\2024.1\hls_product\545\2024.1\src\shared\hls\clib\hlsmath\src\common\hls_hotbm_float.cpp:123->C:\scratch\2024.1\hls_product\545\2024.1\src\shared\hls\clib\hlsmath\src\c++\sincoshotbmfloat.cpp:10->C:\scratch\2024.1\hls_product\545\2024.1\src\shared\hls\clib\hlsmath\src\c++\sincoshotbmfloat.cpp:42->pedal_top.cpp:67]   --->   Operation 294 'bitconcatenate' 'A' <Predicate = (sw4)> <Delay = 0.00>
ST_14 : Operation 295 [1/1] (0.00ns)   --->   "%zext_ln28 = zext i8 %A" [C:\scratch\2024.1\hls_product\545\2024.1\src\shared\hls\clib\hlsmath\src\common\hls_hotbm_float.cpp:28->C:\scratch\2024.1\hls_product\545\2024.1\src\shared\hls\clib/hlsmath/include/FloatingPoint\hls_hotbm.h:250->C:\scratch\2024.1\hls_product\545\2024.1\src\shared\hls\clib\hlsmath\src\common\hls_hotbm_float.cpp:123->C:\scratch\2024.1\hls_product\545\2024.1\src\shared\hls\clib\hlsmath\src\c++\sincoshotbmfloat.cpp:10->C:\scratch\2024.1\hls_product\545\2024.1\src\shared\hls\clib\hlsmath\src\c++\sincoshotbmfloat.cpp:42->pedal_top.cpp:67]   --->   Operation 295 'zext' 'zext_ln28' <Predicate = (sw4)> <Delay = 0.00>
ST_14 : Operation 296 [1/1] (0.00ns)   --->   "%second_order_float_sin_cos_K0_addr = getelementptr i30 %second_order_float_sin_cos_K0, i64 0, i64 %zext_ln28" [C:\scratch\2024.1\hls_product\545\2024.1\src\shared\hls\clib\hlsmath\src\common\hls_hotbm_float.cpp:28->C:\scratch\2024.1\hls_product\545\2024.1\src\shared\hls\clib/hlsmath/include/FloatingPoint\hls_hotbm.h:250->C:\scratch\2024.1\hls_product\545\2024.1\src\shared\hls\clib\hlsmath\src\common\hls_hotbm_float.cpp:123->C:\scratch\2024.1\hls_product\545\2024.1\src\shared\hls\clib\hlsmath\src\c++\sincoshotbmfloat.cpp:10->C:\scratch\2024.1\hls_product\545\2024.1\src\shared\hls\clib\hlsmath\src\c++\sincoshotbmfloat.cpp:42->pedal_top.cpp:67]   --->   Operation 296 'getelementptr' 'second_order_float_sin_cos_K0_addr' <Predicate = (sw4)> <Delay = 0.00>
ST_14 : Operation 297 [2/2] (0.67ns)   --->   "%second_order_float_sin_cos_K0_load = load i8 %second_order_float_sin_cos_K0_addr" [C:\scratch\2024.1\hls_product\545\2024.1\src\shared\hls\clib\hlsmath\src\common\hls_hotbm_float.cpp:28->C:\scratch\2024.1\hls_product\545\2024.1\src\shared\hls\clib/hlsmath/include/FloatingPoint\hls_hotbm.h:250->C:\scratch\2024.1\hls_product\545\2024.1\src\shared\hls\clib\hlsmath\src\common\hls_hotbm_float.cpp:123->C:\scratch\2024.1\hls_product\545\2024.1\src\shared\hls\clib\hlsmath\src\c++\sincoshotbmfloat.cpp:10->C:\scratch\2024.1\hls_product\545\2024.1\src\shared\hls\clib\hlsmath\src\c++\sincoshotbmfloat.cpp:42->pedal_top.cpp:67]   --->   Operation 297 'load' 'second_order_float_sin_cos_K0_load' <Predicate = (sw4)> <Delay = 0.67> <CoreInst = "ROM_1P_LUTRAM">   --->   Core 102 'ROM_1P_LUTRAM' <Latency = 1> <II = 1> <Delay = 0.67> <Storage> <Opcode : 'load'> <Ports = 1> <Width = 30> <Depth = 256> <ROM>
ST_14 : Operation 298 [1/1] (0.00ns)   --->   "%second_order_float_sin_cos_K1_addr = getelementptr i23 %second_order_float_sin_cos_K1, i64 0, i64 %zext_ln28" [C:\scratch\2024.1\hls_product\545\2024.1\src\shared\hls\clib\hlsmath\src\common\hls_hotbm_float.cpp:29->C:\scratch\2024.1\hls_product\545\2024.1\src\shared\hls\clib/hlsmath/include/FloatingPoint\hls_hotbm.h:250->C:\scratch\2024.1\hls_product\545\2024.1\src\shared\hls\clib\hlsmath\src\common\hls_hotbm_float.cpp:123->C:\scratch\2024.1\hls_product\545\2024.1\src\shared\hls\clib\hlsmath\src\c++\sincoshotbmfloat.cpp:10->C:\scratch\2024.1\hls_product\545\2024.1\src\shared\hls\clib\hlsmath\src\c++\sincoshotbmfloat.cpp:42->pedal_top.cpp:67]   --->   Operation 298 'getelementptr' 'second_order_float_sin_cos_K1_addr' <Predicate = (sw4)> <Delay = 0.00>
ST_14 : Operation 299 [2/2] (0.67ns)   --->   "%second_order_float_sin_cos_K1_load = load i8 %second_order_float_sin_cos_K1_addr" [C:\scratch\2024.1\hls_product\545\2024.1\src\shared\hls\clib\hlsmath\src\common\hls_hotbm_float.cpp:29->C:\scratch\2024.1\hls_product\545\2024.1\src\shared\hls\clib/hlsmath/include/FloatingPoint\hls_hotbm.h:250->C:\scratch\2024.1\hls_product\545\2024.1\src\shared\hls\clib\hlsmath\src\common\hls_hotbm_float.cpp:123->C:\scratch\2024.1\hls_product\545\2024.1\src\shared\hls\clib\hlsmath\src\c++\sincoshotbmfloat.cpp:10->C:\scratch\2024.1\hls_product\545\2024.1\src\shared\hls\clib\hlsmath\src\c++\sincoshotbmfloat.cpp:42->pedal_top.cpp:67]   --->   Operation 299 'load' 'second_order_float_sin_cos_K1_load' <Predicate = (sw4)> <Delay = 0.67> <CoreInst = "ROM_1P_LUTRAM">   --->   Core 102 'ROM_1P_LUTRAM' <Latency = 1> <II = 1> <Delay = 0.67> <Storage> <Opcode : 'load'> <Ports = 1> <Width = 23> <Depth = 256> <ROM>
ST_14 : Operation 300 [1/1] (0.00ns)   --->   "%second_order_float_sin_cos_K2_addr = getelementptr i15 %second_order_float_sin_cos_K2, i64 0, i64 %zext_ln28" [C:\scratch\2024.1\hls_product\545\2024.1\src\shared\hls\clib\hlsmath\src\common\hls_hotbm_float.cpp:30->C:\scratch\2024.1\hls_product\545\2024.1\src\shared\hls\clib/hlsmath/include/FloatingPoint\hls_hotbm.h:250->C:\scratch\2024.1\hls_product\545\2024.1\src\shared\hls\clib\hlsmath\src\common\hls_hotbm_float.cpp:123->C:\scratch\2024.1\hls_product\545\2024.1\src\shared\hls\clib\hlsmath\src\c++\sincoshotbmfloat.cpp:10->C:\scratch\2024.1\hls_product\545\2024.1\src\shared\hls\clib\hlsmath\src\c++\sincoshotbmfloat.cpp:42->pedal_top.cpp:67]   --->   Operation 300 'getelementptr' 'second_order_float_sin_cos_K2_addr' <Predicate = (sw4)> <Delay = 0.00>
ST_14 : Operation 301 [2/2] (0.67ns)   --->   "%second_order_float_sin_cos_K2_load = load i8 %second_order_float_sin_cos_K2_addr" [C:\scratch\2024.1\hls_product\545\2024.1\src\shared\hls\clib\hlsmath\src\common\hls_hotbm_float.cpp:30->C:\scratch\2024.1\hls_product\545\2024.1\src\shared\hls\clib/hlsmath/include/FloatingPoint\hls_hotbm.h:250->C:\scratch\2024.1\hls_product\545\2024.1\src\shared\hls\clib\hlsmath\src\common\hls_hotbm_float.cpp:123->C:\scratch\2024.1\hls_product\545\2024.1\src\shared\hls\clib\hlsmath\src\c++\sincoshotbmfloat.cpp:10->C:\scratch\2024.1\hls_product\545\2024.1\src\shared\hls\clib\hlsmath\src\c++\sincoshotbmfloat.cpp:42->pedal_top.cpp:67]   --->   Operation 301 'load' 'second_order_float_sin_cos_K2_load' <Predicate = (sw4)> <Delay = 0.67> <CoreInst = "ROM_1P_LUTRAM">   --->   Core 102 'ROM_1P_LUTRAM' <Latency = 1> <II = 1> <Delay = 0.67> <Storage> <Opcode : 'load'> <Ports = 1> <Width = 15> <Depth = 256> <ROM>

State 15 <SV = 14> <Delay = 10.9>
ST_15 : Operation 302 [27/39] (10.6ns)   --->   "%sample_data_5 = call i16 @soft_clipping_distortion, i32 %sample_data_3, i58 %table_exp_Z1_ap_ufixed_58_1_ap_q_mode_5_ap_o_mode_3_0_array, i26 %table_f_Z3_ap_ufixed_59_0_ap_q_mode_5_ap_o_mode_3_0_array, i42 %table_f_Z2_ap_ufixed_59_0_ap_q_mode_5_ap_o_mode_3_0_array" [pedal_top.cpp:45]   --->   Operation 302 'call' 'sample_data_5' <Predicate = (sw1)> <Delay = 10.6> <CoreType = "Generic">   --->   Core 0 '' <Latency = 0> <II = 1> <Delay = 1.00> <Generic> <Opcode : >
ST_15 : Operation 303 [1/1] (0.00ns) (grouped into LUT with out node add_ln300)   --->   "%Ex_4 = select i1 %cos_basis, i8 0, i8 %Ex_3" [C:\scratch\2024.1\hls_product\545\2024.1\src\shared\hls\clib/hlsmath/include/FloatingPoint\hls_hotbm.h:243->C:\scratch\2024.1\hls_product\545\2024.1\src\shared\hls\clib\hlsmath\src\common\hls_hotbm_float.cpp:123->C:\scratch\2024.1\hls_product\545\2024.1\src\shared\hls\clib\hlsmath\src\c++\sincoshotbmfloat.cpp:10->C:\scratch\2024.1\hls_product\545\2024.1\src\shared\hls\clib\hlsmath\src\c++\sincoshotbmfloat.cpp:42->pedal_top.cpp:67]   --->   Operation 303 'select' 'Ex_4' <Predicate = (sw4)> <Delay = 0.00> <CoreInst = "Sel">   --->   Core 73 'Sel' <Latency = 0> <II = 1> <Delay = 0.39> <FuncUnit> <Opcode : 'select'> <InPorts = 3> <OutPorts = 1>
ST_15 : Operation 304 [1/1] (0.00ns)   --->   "%zext_ln23_2 = zext i15 %B_squared" [C:\scratch\2024.1\hls_product\545\2024.1\src\shared\hls\clib\hlsmath\src\common\hls_hotbm_float.cpp:23->C:\scratch\2024.1\hls_product\545\2024.1\src\shared\hls\clib/hlsmath/include/FloatingPoint\hls_hotbm.h:250->C:\scratch\2024.1\hls_product\545\2024.1\src\shared\hls\clib\hlsmath\src\common\hls_hotbm_float.cpp:123->C:\scratch\2024.1\hls_product\545\2024.1\src\shared\hls\clib\hlsmath\src\c++\sincoshotbmfloat.cpp:10->C:\scratch\2024.1\hls_product\545\2024.1\src\shared\hls\clib\hlsmath\src\c++\sincoshotbmfloat.cpp:42->pedal_top.cpp:67]   --->   Operation 304 'zext' 'zext_ln23_2' <Predicate = (sw4)> <Delay = 0.00>
ST_15 : Operation 305 [1/2] (0.67ns)   --->   "%second_order_float_sin_cos_K0_load = load i8 %second_order_float_sin_cos_K0_addr" [C:\scratch\2024.1\hls_product\545\2024.1\src\shared\hls\clib\hlsmath\src\common\hls_hotbm_float.cpp:28->C:\scratch\2024.1\hls_product\545\2024.1\src\shared\hls\clib/hlsmath/include/FloatingPoint\hls_hotbm.h:250->C:\scratch\2024.1\hls_product\545\2024.1\src\shared\hls\clib\hlsmath\src\common\hls_hotbm_float.cpp:123->C:\scratch\2024.1\hls_product\545\2024.1\src\shared\hls\clib\hlsmath\src\c++\sincoshotbmfloat.cpp:10->C:\scratch\2024.1\hls_product\545\2024.1\src\shared\hls\clib\hlsmath\src\c++\sincoshotbmfloat.cpp:42->pedal_top.cpp:67]   --->   Operation 305 'load' 'second_order_float_sin_cos_K0_load' <Predicate = (sw4)> <Delay = 0.67> <CoreInst = "ROM_1P_LUTRAM">   --->   Core 102 'ROM_1P_LUTRAM' <Latency = 1> <II = 1> <Delay = 0.67> <Storage> <Opcode : 'load'> <Ports = 1> <Width = 30> <Depth = 256> <ROM>
ST_15 : Operation 306 [1/1] (0.00ns)   --->   "%t1 = partselect i29 @_ssdm_op_PartSelect.i29.i30.i32.i32, i30 %second_order_float_sin_cos_K0_load, i32 1, i32 29" [C:\scratch\2024.1\hls_product\545\2024.1\src\shared\hls\clib\hlsmath\src\common\hls_hotbm_float.cpp:28->C:\scratch\2024.1\hls_product\545\2024.1\src\shared\hls\clib/hlsmath/include/FloatingPoint\hls_hotbm.h:250->C:\scratch\2024.1\hls_product\545\2024.1\src\shared\hls\clib\hlsmath\src\common\hls_hotbm_float.cpp:123->C:\scratch\2024.1\hls_product\545\2024.1\src\shared\hls\clib\hlsmath\src\c++\sincoshotbmfloat.cpp:10->C:\scratch\2024.1\hls_product\545\2024.1\src\shared\hls\clib\hlsmath\src\c++\sincoshotbmfloat.cpp:42->pedal_top.cpp:67]   --->   Operation 306 'partselect' 't1' <Predicate = (sw4)> <Delay = 0.00>
ST_15 : Operation 307 [1/1] (0.00ns)   --->   "%zext_ln29 = zext i22 %B" [C:\scratch\2024.1\hls_product\545\2024.1\src\shared\hls\clib\hlsmath\src\common\hls_hotbm_float.cpp:29->C:\scratch\2024.1\hls_product\545\2024.1\src\shared\hls\clib/hlsmath/include/FloatingPoint\hls_hotbm.h:250->C:\scratch\2024.1\hls_product\545\2024.1\src\shared\hls\clib\hlsmath\src\common\hls_hotbm_float.cpp:123->C:\scratch\2024.1\hls_product\545\2024.1\src\shared\hls\clib\hlsmath\src\c++\sincoshotbmfloat.cpp:10->C:\scratch\2024.1\hls_product\545\2024.1\src\shared\hls\clib\hlsmath\src\c++\sincoshotbmfloat.cpp:42->pedal_top.cpp:67]   --->   Operation 307 'zext' 'zext_ln29' <Predicate = (sw4)> <Delay = 0.00>
ST_15 : Operation 308 [1/2] (0.67ns)   --->   "%second_order_float_sin_cos_K1_load = load i8 %second_order_float_sin_cos_K1_addr" [C:\scratch\2024.1\hls_product\545\2024.1\src\shared\hls\clib\hlsmath\src\common\hls_hotbm_float.cpp:29->C:\scratch\2024.1\hls_product\545\2024.1\src\shared\hls\clib/hlsmath/include/FloatingPoint\hls_hotbm.h:250->C:\scratch\2024.1\hls_product\545\2024.1\src\shared\hls\clib\hlsmath\src\common\hls_hotbm_float.cpp:123->C:\scratch\2024.1\hls_product\545\2024.1\src\shared\hls\clib\hlsmath\src\c++\sincoshotbmfloat.cpp:10->C:\scratch\2024.1\hls_product\545\2024.1\src\shared\hls\clib\hlsmath\src\c++\sincoshotbmfloat.cpp:42->pedal_top.cpp:67]   --->   Operation 308 'load' 'second_order_float_sin_cos_K1_load' <Predicate = (sw4)> <Delay = 0.67> <CoreInst = "ROM_1P_LUTRAM">   --->   Core 102 'ROM_1P_LUTRAM' <Latency = 1> <II = 1> <Delay = 0.67> <Storage> <Opcode : 'load'> <Ports = 1> <Width = 23> <Depth = 256> <ROM>
ST_15 : Operation 309 [1/1] (0.00ns)   --->   "%sext_ln29 = sext i23 %second_order_float_sin_cos_K1_load" [C:\scratch\2024.1\hls_product\545\2024.1\src\shared\hls\clib\hlsmath\src\common\hls_hotbm_float.cpp:29->C:\scratch\2024.1\hls_product\545\2024.1\src\shared\hls\clib/hlsmath/include/FloatingPoint\hls_hotbm.h:250->C:\scratch\2024.1\hls_product\545\2024.1\src\shared\hls\clib\hlsmath\src\common\hls_hotbm_float.cpp:123->C:\scratch\2024.1\hls_product\545\2024.1\src\shared\hls\clib\hlsmath\src\c++\sincoshotbmfloat.cpp:10->C:\scratch\2024.1\hls_product\545\2024.1\src\shared\hls\clib\hlsmath\src\c++\sincoshotbmfloat.cpp:42->pedal_top.cpp:67]   --->   Operation 309 'sext' 'sext_ln29' <Predicate = (sw4)> <Delay = 0.00>
ST_15 : Operation 310 [1/1] (2.83ns)   --->   "%mul_ln29 = mul i45 %sext_ln29, i45 %zext_ln29" [C:\scratch\2024.1\hls_product\545\2024.1\src\shared\hls\clib\hlsmath\src\common\hls_hotbm_float.cpp:29->C:\scratch\2024.1\hls_product\545\2024.1\src\shared\hls\clib/hlsmath/include/FloatingPoint\hls_hotbm.h:250->C:\scratch\2024.1\hls_product\545\2024.1\src\shared\hls\clib\hlsmath\src\common\hls_hotbm_float.cpp:123->C:\scratch\2024.1\hls_product\545\2024.1\src\shared\hls\clib\hlsmath\src\c++\sincoshotbmfloat.cpp:10->C:\scratch\2024.1\hls_product\545\2024.1\src\shared\hls\clib\hlsmath\src\c++\sincoshotbmfloat.cpp:42->pedal_top.cpp:67]   --->   Operation 310 'mul' 'mul_ln29' <Predicate = (sw4)> <Delay = 2.83> <CoreInst = "Multiplier">   --->   Core 3 'Multiplier' <Latency = 0> <II = 1> <Delay = 2.83> <FuncUnit> <Opcode : 'mul'> <InPorts = 2> <OutPorts = 1>
ST_15 : Operation 311 [1/1] (0.00ns)   --->   "%trunc_ln = partselect i22 @_ssdm_op_PartSelect.i22.i45.i32.i32, i45 %mul_ln29, i32 23, i32 44" [C:\scratch\2024.1\hls_product\545\2024.1\src\shared\hls\clib\hlsmath\src\common\hls_hotbm_float.cpp:29->C:\scratch\2024.1\hls_product\545\2024.1\src\shared\hls\clib/hlsmath/include/FloatingPoint\hls_hotbm.h:250->C:\scratch\2024.1\hls_product\545\2024.1\src\shared\hls\clib\hlsmath\src\common\hls_hotbm_float.cpp:123->C:\scratch\2024.1\hls_product\545\2024.1\src\shared\hls\clib\hlsmath\src\c++\sincoshotbmfloat.cpp:10->C:\scratch\2024.1\hls_product\545\2024.1\src\shared\hls\clib\hlsmath\src\c++\sincoshotbmfloat.cpp:42->pedal_top.cpp:67]   --->   Operation 311 'partselect' 'trunc_ln' <Predicate = (sw4)> <Delay = 0.00>
ST_15 : Operation 312 [1/2] (0.67ns)   --->   "%second_order_float_sin_cos_K2_load = load i8 %second_order_float_sin_cos_K2_addr" [C:\scratch\2024.1\hls_product\545\2024.1\src\shared\hls\clib\hlsmath\src\common\hls_hotbm_float.cpp:30->C:\scratch\2024.1\hls_product\545\2024.1\src\shared\hls\clib/hlsmath/include/FloatingPoint\hls_hotbm.h:250->C:\scratch\2024.1\hls_product\545\2024.1\src\shared\hls\clib\hlsmath\src\common\hls_hotbm_float.cpp:123->C:\scratch\2024.1\hls_product\545\2024.1\src\shared\hls\clib\hlsmath\src\c++\sincoshotbmfloat.cpp:10->C:\scratch\2024.1\hls_product\545\2024.1\src\shared\hls\clib\hlsmath\src\c++\sincoshotbmfloat.cpp:42->pedal_top.cpp:67]   --->   Operation 312 'load' 'second_order_float_sin_cos_K2_load' <Predicate = (sw4)> <Delay = 0.67> <CoreInst = "ROM_1P_LUTRAM">   --->   Core 102 'ROM_1P_LUTRAM' <Latency = 1> <II = 1> <Delay = 0.67> <Storage> <Opcode : 'load'> <Ports = 1> <Width = 15> <Depth = 256> <ROM>
ST_15 : Operation 313 [1/1] (0.00ns)   --->   "%sext_ln30_1 = sext i15 %second_order_float_sin_cos_K2_load" [C:\scratch\2024.1\hls_product\545\2024.1\src\shared\hls\clib\hlsmath\src\common\hls_hotbm_float.cpp:30->C:\scratch\2024.1\hls_product\545\2024.1\src\shared\hls\clib/hlsmath/include/FloatingPoint\hls_hotbm.h:250->C:\scratch\2024.1\hls_product\545\2024.1\src\shared\hls\clib\hlsmath\src\common\hls_hotbm_float.cpp:123->C:\scratch\2024.1\hls_product\545\2024.1\src\shared\hls\clib\hlsmath\src\c++\sincoshotbmfloat.cpp:10->C:\scratch\2024.1\hls_product\545\2024.1\src\shared\hls\clib\hlsmath\src\c++\sincoshotbmfloat.cpp:42->pedal_top.cpp:67]   --->   Operation 313 'sext' 'sext_ln30_1' <Predicate = (sw4)> <Delay = 0.00>
ST_15 : Operation 314 [1/1] (2.33ns)   --->   "%mul_ln30 = mul i30 %zext_ln23_2, i30 %sext_ln30_1" [C:\scratch\2024.1\hls_product\545\2024.1\src\shared\hls\clib\hlsmath\src\common\hls_hotbm_float.cpp:30->C:\scratch\2024.1\hls_product\545\2024.1\src\shared\hls\clib/hlsmath/include/FloatingPoint\hls_hotbm.h:250->C:\scratch\2024.1\hls_product\545\2024.1\src\shared\hls\clib\hlsmath\src\common\hls_hotbm_float.cpp:123->C:\scratch\2024.1\hls_product\545\2024.1\src\shared\hls\clib\hlsmath\src\c++\sincoshotbmfloat.cpp:10->C:\scratch\2024.1\hls_product\545\2024.1\src\shared\hls\clib\hlsmath\src\c++\sincoshotbmfloat.cpp:42->pedal_top.cpp:67]   --->   Operation 314 'mul' 'mul_ln30' <Predicate = (sw4)> <Delay = 2.33> <CoreInst = "Multiplier">   --->   Core 3 'Multiplier' <Latency = 0> <II = 1> <Delay = 2.33> <FuncUnit> <Opcode : 'mul'> <InPorts = 2> <OutPorts = 1>
ST_15 : Operation 315 [1/1] (0.00ns)   --->   "%trunc_ln4 = partselect i14 @_ssdm_op_PartSelect.i14.i30.i32.i32, i30 %mul_ln30, i32 16, i32 29" [C:\scratch\2024.1\hls_product\545\2024.1\src\shared\hls\clib\hlsmath\src\common\hls_hotbm_float.cpp:30->C:\scratch\2024.1\hls_product\545\2024.1\src\shared\hls\clib/hlsmath/include/FloatingPoint\hls_hotbm.h:250->C:\scratch\2024.1\hls_product\545\2024.1\src\shared\hls\clib\hlsmath\src\common\hls_hotbm_float.cpp:123->C:\scratch\2024.1\hls_product\545\2024.1\src\shared\hls\clib\hlsmath\src\c++\sincoshotbmfloat.cpp:10->C:\scratch\2024.1\hls_product\545\2024.1\src\shared\hls\clib\hlsmath\src\c++\sincoshotbmfloat.cpp:42->pedal_top.cpp:67]   --->   Operation 315 'partselect' 'trunc_ln4' <Predicate = (sw4)> <Delay = 0.00>
ST_15 : Operation 316 [1/1] (0.00ns)   --->   "%sext_ln32 = sext i29 %t1" [C:\scratch\2024.1\hls_product\545\2024.1\src\shared\hls\clib\hlsmath\src\common\hls_hotbm_float.cpp:32->C:\scratch\2024.1\hls_product\545\2024.1\src\shared\hls\clib/hlsmath/include/FloatingPoint\hls_hotbm.h:250->C:\scratch\2024.1\hls_product\545\2024.1\src\shared\hls\clib\hlsmath\src\common\hls_hotbm_float.cpp:123->C:\scratch\2024.1\hls_product\545\2024.1\src\shared\hls\clib\hlsmath\src\c++\sincoshotbmfloat.cpp:10->C:\scratch\2024.1\hls_product\545\2024.1\src\shared\hls\clib\hlsmath\src\c++\sincoshotbmfloat.cpp:42->pedal_top.cpp:67]   --->   Operation 316 'sext' 'sext_ln32' <Predicate = (sw4)> <Delay = 0.00>
ST_15 : Operation 317 [1/1] (0.00ns)   --->   "%sext_ln32_4 = sext i22 %trunc_ln" [C:\scratch\2024.1\hls_product\545\2024.1\src\shared\hls\clib\hlsmath\src\common\hls_hotbm_float.cpp:32->C:\scratch\2024.1\hls_product\545\2024.1\src\shared\hls\clib/hlsmath/include/FloatingPoint\hls_hotbm.h:250->C:\scratch\2024.1\hls_product\545\2024.1\src\shared\hls\clib\hlsmath\src\common\hls_hotbm_float.cpp:123->C:\scratch\2024.1\hls_product\545\2024.1\src\shared\hls\clib\hlsmath\src\c++\sincoshotbmfloat.cpp:10->C:\scratch\2024.1\hls_product\545\2024.1\src\shared\hls\clib\hlsmath\src\c++\sincoshotbmfloat.cpp:42->pedal_top.cpp:67]   --->   Operation 317 'sext' 'sext_ln32_4' <Predicate = (sw4)> <Delay = 0.00>
ST_15 : Operation 318 [1/1] (0.00ns) (grouped into TernaryAdder)   --->   "%add_ln32 = add i30 %sext_ln32, i30 %sext_ln32_4" [C:\scratch\2024.1\hls_product\545\2024.1\src\shared\hls\clib\hlsmath\src\common\hls_hotbm_float.cpp:32->C:\scratch\2024.1\hls_product\545\2024.1\src\shared\hls\clib/hlsmath/include/FloatingPoint\hls_hotbm.h:250->C:\scratch\2024.1\hls_product\545\2024.1\src\shared\hls\clib\hlsmath\src\common\hls_hotbm_float.cpp:123->C:\scratch\2024.1\hls_product\545\2024.1\src\shared\hls\clib\hlsmath\src\c++\sincoshotbmfloat.cpp:10->C:\scratch\2024.1\hls_product\545\2024.1\src\shared\hls\clib\hlsmath\src\c++\sincoshotbmfloat.cpp:42->pedal_top.cpp:67]   --->   Operation 318 'add' 'add_ln32' <Predicate = (sw4)> <Delay = 0.00> <CoreInst = "TAddSub">   --->   Core 10 'TAddSub' <Latency = 0> <II = 1> <Delay = 0.38> <IPBlock> <Opcode : '' 'add' 'sub'> <InPorts = 3> <OutPorts = 1> <Sync> <CReg>
ST_15 : Operation 319 [1/1] (0.00ns)   --->   "%sext_ln32_5 = sext i14 %trunc_ln4" [C:\scratch\2024.1\hls_product\545\2024.1\src\shared\hls\clib\hlsmath\src\common\hls_hotbm_float.cpp:32->C:\scratch\2024.1\hls_product\545\2024.1\src\shared\hls\clib/hlsmath/include/FloatingPoint\hls_hotbm.h:250->C:\scratch\2024.1\hls_product\545\2024.1\src\shared\hls\clib\hlsmath\src\common\hls_hotbm_float.cpp:123->C:\scratch\2024.1\hls_product\545\2024.1\src\shared\hls\clib\hlsmath\src\c++\sincoshotbmfloat.cpp:10->C:\scratch\2024.1\hls_product\545\2024.1\src\shared\hls\clib\hlsmath\src\c++\sincoshotbmfloat.cpp:42->pedal_top.cpp:67]   --->   Operation 319 'sext' 'sext_ln32_5' <Predicate = (sw4)> <Delay = 0.00>
ST_15 : Operation 320 [1/1] (0.72ns) (root node of TernaryAdder)   --->   "%add_ln32_2 = add i30 %add_ln32, i30 %sext_ln32_5" [C:\scratch\2024.1\hls_product\545\2024.1\src\shared\hls\clib\hlsmath\src\common\hls_hotbm_float.cpp:32->C:\scratch\2024.1\hls_product\545\2024.1\src\shared\hls\clib/hlsmath/include/FloatingPoint\hls_hotbm.h:250->C:\scratch\2024.1\hls_product\545\2024.1\src\shared\hls\clib\hlsmath\src\common\hls_hotbm_float.cpp:123->C:\scratch\2024.1\hls_product\545\2024.1\src\shared\hls\clib\hlsmath\src\c++\sincoshotbmfloat.cpp:10->C:\scratch\2024.1\hls_product\545\2024.1\src\shared\hls\clib\hlsmath\src\c++\sincoshotbmfloat.cpp:42->pedal_top.cpp:67]   --->   Operation 320 'add' 'add_ln32_2' <Predicate = (sw4)> <Delay = 0.72> <CoreInst = "TAddSub">   --->   Core 10 'TAddSub' <Latency = 0> <II = 1> <Delay = 0.38> <IPBlock> <Opcode : '' 'add' 'sub'> <InPorts = 3> <OutPorts = 1> <Sync> <CReg>
ST_15 : Operation 321 [1/1] (0.00ns)   --->   "%sext_ln32_6 = sext i30 %add_ln32_2" [C:\scratch\2024.1\hls_product\545\2024.1\src\shared\hls\clib\hlsmath\src\common\hls_hotbm_float.cpp:32->C:\scratch\2024.1\hls_product\545\2024.1\src\shared\hls\clib/hlsmath/include/FloatingPoint\hls_hotbm.h:250->C:\scratch\2024.1\hls_product\545\2024.1\src\shared\hls\clib\hlsmath\src\common\hls_hotbm_float.cpp:123->C:\scratch\2024.1\hls_product\545\2024.1\src\shared\hls\clib\hlsmath\src\c++\sincoshotbmfloat.cpp:10->C:\scratch\2024.1\hls_product\545\2024.1\src\shared\hls\clib\hlsmath\src\c++\sincoshotbmfloat.cpp:42->pedal_top.cpp:67]   --->   Operation 321 'sext' 'sext_ln32_6' <Predicate = (sw4)> <Delay = 0.00>
ST_15 : Operation 322 [1/1] (0.00ns)   --->   "%zext_ln32 = zext i29 %Mx_2" [C:\scratch\2024.1\hls_product\545\2024.1\src\shared\hls\clib\hlsmath\src\common\hls_hotbm_float.cpp:32->C:\scratch\2024.1\hls_product\545\2024.1\src\shared\hls\clib/hlsmath/include/FloatingPoint\hls_hotbm.h:250->C:\scratch\2024.1\hls_product\545\2024.1\src\shared\hls\clib\hlsmath\src\common\hls_hotbm_float.cpp:123->C:\scratch\2024.1\hls_product\545\2024.1\src\shared\hls\clib\hlsmath\src\c++\sincoshotbmfloat.cpp:10->C:\scratch\2024.1\hls_product\545\2024.1\src\shared\hls\clib\hlsmath\src\c++\sincoshotbmfloat.cpp:42->pedal_top.cpp:67]   --->   Operation 322 'zext' 'zext_ln32' <Predicate = (sw4)> <Delay = 0.00>
ST_15 : Operation 323 [1/1] (3.32ns)   --->   "%mul_ln32 = mul i58 %sext_ln32_6, i58 %zext_ln32" [C:\scratch\2024.1\hls_product\545\2024.1\src\shared\hls\clib\hlsmath\src\common\hls_hotbm_float.cpp:32->C:\scratch\2024.1\hls_product\545\2024.1\src\shared\hls\clib/hlsmath/include/FloatingPoint\hls_hotbm.h:250->C:\scratch\2024.1\hls_product\545\2024.1\src\shared\hls\clib\hlsmath\src\common\hls_hotbm_float.cpp:123->C:\scratch\2024.1\hls_product\545\2024.1\src\shared\hls\clib\hlsmath\src\c++\sincoshotbmfloat.cpp:10->C:\scratch\2024.1\hls_product\545\2024.1\src\shared\hls\clib\hlsmath\src\c++\sincoshotbmfloat.cpp:42->pedal_top.cpp:67]   --->   Operation 323 'mul' 'mul_ln32' <Predicate = (sw4)> <Delay = 3.32> <CoreInst = "Multiplier">   --->   Core 3 'Multiplier' <Latency = 0> <II = 1> <Delay = 3.32> <FuncUnit> <Opcode : 'mul'> <InPorts = 2> <OutPorts = 1>
ST_15 : Operation 324 [1/1] (0.00ns)   --->   "%result = partselect i29 @_ssdm_op_PartSelect.i29.i58.i32.i32, i58 %mul_ln32, i32 29, i32 57" [C:\scratch\2024.1\hls_product\545\2024.1\src\shared\hls\clib\hlsmath\src\common\hls_hotbm_float.cpp:32->C:\scratch\2024.1\hls_product\545\2024.1\src\shared\hls\clib/hlsmath/include/FloatingPoint\hls_hotbm.h:250->C:\scratch\2024.1\hls_product\545\2024.1\src\shared\hls\clib\hlsmath\src\common\hls_hotbm_float.cpp:123->C:\scratch\2024.1\hls_product\545\2024.1\src\shared\hls\clib\hlsmath\src\c++\sincoshotbmfloat.cpp:10->C:\scratch\2024.1\hls_product\545\2024.1\src\shared\hls\clib\hlsmath\src\c++\sincoshotbmfloat.cpp:42->pedal_top.cpp:67]   --->   Operation 324 'partselect' 'result' <Predicate = (sw4)> <Delay = 0.00>
ST_15 : Operation 325 [1/1] (0.00ns) (grouped into LUT with out node add_ln300)   --->   "%sext_ln252 = sext i8 %Ex_4" [C:\scratch\2024.1\hls_product\545\2024.1\src\shared\hls\clib/hlsmath/include/FloatingPoint\hls_hotbm.h:252->C:\scratch\2024.1\hls_product\545\2024.1\src\shared\hls\clib\hlsmath\src\common\hls_hotbm_float.cpp:123->C:\scratch\2024.1\hls_product\545\2024.1\src\shared\hls\clib\hlsmath\src\c++\sincoshotbmfloat.cpp:10->C:\scratch\2024.1\hls_product\545\2024.1\src\shared\hls\clib\hlsmath\src\c++\sincoshotbmfloat.cpp:42->pedal_top.cpp:67]   --->   Operation 325 'sext' 'sext_ln252' <Predicate = (sw4)> <Delay = 0.00>
ST_15 : Operation 326 [1/1] (0.00ns)   --->   "%tmp_141_i = partselect i16 @_ssdm_op_PartSelect.i16.i58.i32.i32, i58 %mul_ln32, i32 42, i32 57" [C:\scratch\2024.1\hls_product\545\2024.1\src\shared\hls\clib/src/hls\utils/x_hls_float_utils.h:271->C:\scratch\2024.1\hls_product\545\2024.1\src\shared\hls\clib/hlsmath/include/FloatingPoint\hls_hotbm.h:252->C:\scratch\2024.1\hls_product\545\2024.1\src\shared\hls\clib\hlsmath\src\common\hls_hotbm_float.cpp:123->C:\scratch\2024.1\hls_product\545\2024.1\src\shared\hls\clib\hlsmath\src\c++\sincoshotbmfloat.cpp:10->C:\scratch\2024.1\hls_product\545\2024.1\src\shared\hls\clib\hlsmath\src\c++\sincoshotbmfloat.cpp:42->pedal_top.cpp:67]   --->   Operation 326 'partselect' 'tmp_141_i' <Predicate = (sw4)> <Delay = 0.00>
ST_15 : Operation 327 [1/1] (0.00ns)   --->   "%out_bits = bitconcatenate i32 @_ssdm_op_BitConcatenate.i32.i16.i16, i16 %tmp_141_i, i16 32768" [C:\scratch\2024.1\hls_product\545\2024.1\src\shared\hls\clib/src/hls\utils/x_hls_float_utils.h:273->C:\scratch\2024.1\hls_product\545\2024.1\src\shared\hls\clib/hlsmath/include/FloatingPoint\hls_hotbm.h:252->C:\scratch\2024.1\hls_product\545\2024.1\src\shared\hls\clib\hlsmath\src\common\hls_hotbm_float.cpp:123->C:\scratch\2024.1\hls_product\545\2024.1\src\shared\hls\clib\hlsmath\src\c++\sincoshotbmfloat.cpp:10->C:\scratch\2024.1\hls_product\545\2024.1\src\shared\hls\clib\hlsmath\src\c++\sincoshotbmfloat.cpp:42->pedal_top.cpp:67]   --->   Operation 327 'bitconcatenate' 'out_bits' <Predicate = (sw4)> <Delay = 0.00>
ST_15 : Operation 328 [1/1] (0.00ns)   --->   "%tmp_142_i = partselect i13 @_ssdm_op_PartSelect.i13.i58.i32.i32, i58 %mul_ln32, i32 29, i32 41" [C:\scratch\2024.1\hls_product\545\2024.1\src\shared\hls\clib/src/hls\utils/x_hls_float_utils.h:276->C:\scratch\2024.1\hls_product\545\2024.1\src\shared\hls\clib/hlsmath/include/FloatingPoint\hls_hotbm.h:252->C:\scratch\2024.1\hls_product\545\2024.1\src\shared\hls\clib\hlsmath\src\common\hls_hotbm_float.cpp:123->C:\scratch\2024.1\hls_product\545\2024.1\src\shared\hls\clib\hlsmath\src\c++\sincoshotbmfloat.cpp:10->C:\scratch\2024.1\hls_product\545\2024.1\src\shared\hls\clib\hlsmath\src\c++\sincoshotbmfloat.cpp:42->pedal_top.cpp:67]   --->   Operation 328 'partselect' 'tmp_142_i' <Predicate = (sw4)> <Delay = 0.00>
ST_15 : Operation 329 [1/1] (0.00ns)   --->   "%out_bits_4 = bitconcatenate i32 @_ssdm_op_BitConcatenate.i32.i13.i19, i13 %tmp_142_i, i19 262144" [C:\scratch\2024.1\hls_product\545\2024.1\src\shared\hls\clib/src/hls\utils/x_hls_float_utils.h:278->C:\scratch\2024.1\hls_product\545\2024.1\src\shared\hls\clib/hlsmath/include/FloatingPoint\hls_hotbm.h:252->C:\scratch\2024.1\hls_product\545\2024.1\src\shared\hls\clib\hlsmath\src\common\hls_hotbm_float.cpp:123->C:\scratch\2024.1\hls_product\545\2024.1\src\shared\hls\clib\hlsmath\src\c++\sincoshotbmfloat.cpp:10->C:\scratch\2024.1\hls_product\545\2024.1\src\shared\hls\clib\hlsmath\src\c++\sincoshotbmfloat.cpp:42->pedal_top.cpp:67]   --->   Operation 329 'bitconcatenate' 'out_bits_4' <Predicate = (sw4)> <Delay = 0.00>
ST_15 : Operation 330 [1/1] (0.00ns)   --->   "%tmp_143_i = partselect i32 @llvm.part.select.i32, i32 %out_bits, i32 31, i32 0" [C:\scratch\2024.1\hls_product\545\2024.1\src\shared\hls\clib/hlsmath/include/FloatingPoint/hls_normalize.h:81->C:\scratch\2024.1\hls_product\545\2024.1\src\shared\hls\clib/src/hls\utils/x_hls_float_utils.h:283->C:\scratch\2024.1\hls_product\545\2024.1\src\shared\hls\clib/hlsmath/include/FloatingPoint\hls_hotbm.h:252->C:\scratch\2024.1\hls_product\545\2024.1\src\shared\hls\clib\hlsmath\src\common\hls_hotbm_float.cpp:123->C:\scratch\2024.1\hls_product\545\2024.1\src\shared\hls\clib\hlsmath\src\c++\sincoshotbmfloat.cpp:10->C:\scratch\2024.1\hls_product\545\2024.1\src\shared\hls\clib\hlsmath\src\c++\sincoshotbmfloat.cpp:42->pedal_top.cpp:67]   --->   Operation 330 'partselect' 'tmp_143_i' <Predicate = (sw4)> <Delay = 0.00>
ST_15 : Operation 331 [1/1] (0.56ns)   --->   "%c = cttz i32 @llvm.cttz.i32, i32 %tmp_143_i, i1 1" [C:\scratch\2024.1\hls_product\545\2024.1\src\shared\hls\clib/hlsmath/include/FloatingPoint/hls_normalize.h:81->C:\scratch\2024.1\hls_product\545\2024.1\src\shared\hls\clib/src/hls\utils/x_hls_float_utils.h:283->C:\scratch\2024.1\hls_product\545\2024.1\src\shared\hls\clib/hlsmath/include/FloatingPoint\hls_hotbm.h:252->C:\scratch\2024.1\hls_product\545\2024.1\src\shared\hls\clib\hlsmath\src\common\hls_hotbm_float.cpp:123->C:\scratch\2024.1\hls_product\545\2024.1\src\shared\hls\clib\hlsmath\src\c++\sincoshotbmfloat.cpp:10->C:\scratch\2024.1\hls_product\545\2024.1\src\shared\hls\clib\hlsmath\src\c++\sincoshotbmfloat.cpp:42->pedal_top.cpp:67]   --->   Operation 331 'cttz' 'c' <Predicate = (sw4)> <Delay = 0.56> <CoreInst = "cttz">   --->   Core 145 'cttz' <Latency = 0> <II = 1> <Delay = 0.56> <FuncUnit> <Opcode : 'cttz'> <InPorts = 1> <OutPorts = 1>
ST_15 : Operation 332 [1/1] (0.00ns)   --->   "%tmp_144_i = partselect i32 @llvm.part.select.i32, i32 %out_bits_4, i32 31, i32 0" [C:\scratch\2024.1\hls_product\545\2024.1\src\shared\hls\clib/hlsmath/include/FloatingPoint/hls_normalize.h:81->C:\scratch\2024.1\hls_product\545\2024.1\src\shared\hls\clib/src/hls\utils/x_hls_float_utils.h:283->C:\scratch\2024.1\hls_product\545\2024.1\src\shared\hls\clib/hlsmath/include/FloatingPoint\hls_hotbm.h:252->C:\scratch\2024.1\hls_product\545\2024.1\src\shared\hls\clib\hlsmath\src\common\hls_hotbm_float.cpp:123->C:\scratch\2024.1\hls_product\545\2024.1\src\shared\hls\clib\hlsmath\src\c++\sincoshotbmfloat.cpp:10->C:\scratch\2024.1\hls_product\545\2024.1\src\shared\hls\clib\hlsmath\src\c++\sincoshotbmfloat.cpp:42->pedal_top.cpp:67]   --->   Operation 332 'partselect' 'tmp_144_i' <Predicate = (sw4)> <Delay = 0.00>
ST_15 : Operation 333 [1/1] (0.56ns)   --->   "%c_2 = cttz i32 @llvm.cttz.i32, i32 %tmp_144_i, i1 1" [C:\scratch\2024.1\hls_product\545\2024.1\src\shared\hls\clib/hlsmath/include/FloatingPoint/hls_normalize.h:81->C:\scratch\2024.1\hls_product\545\2024.1\src\shared\hls\clib/src/hls\utils/x_hls_float_utils.h:283->C:\scratch\2024.1\hls_product\545\2024.1\src\shared\hls\clib/hlsmath/include/FloatingPoint\hls_hotbm.h:252->C:\scratch\2024.1\hls_product\545\2024.1\src\shared\hls\clib\hlsmath\src\common\hls_hotbm_float.cpp:123->C:\scratch\2024.1\hls_product\545\2024.1\src\shared\hls\clib\hlsmath\src\c++\sincoshotbmfloat.cpp:10->C:\scratch\2024.1\hls_product\545\2024.1\src\shared\hls\clib\hlsmath\src\c++\sincoshotbmfloat.cpp:42->pedal_top.cpp:67]   --->   Operation 333 'cttz' 'c_2' <Predicate = (sw4)> <Delay = 0.56> <CoreInst = "cttz">   --->   Core 145 'cttz' <Latency = 0> <II = 1> <Delay = 0.56> <FuncUnit> <Opcode : 'cttz'> <InPorts = 1> <OutPorts = 1>
ST_15 : Operation 334 [1/1] (0.00ns)   --->   "%zext_ln291 = zext i29 %result" [C:\scratch\2024.1\hls_product\545\2024.1\src\shared\hls\clib/src/hls\utils/x_hls_float_utils.h:291->C:\scratch\2024.1\hls_product\545\2024.1\src\shared\hls\clib/hlsmath/include/FloatingPoint\hls_hotbm.h:252->C:\scratch\2024.1\hls_product\545\2024.1\src\shared\hls\clib\hlsmath\src\common\hls_hotbm_float.cpp:123->C:\scratch\2024.1\hls_product\545\2024.1\src\shared\hls\clib\hlsmath\src\c++\sincoshotbmfloat.cpp:10->C:\scratch\2024.1\hls_product\545\2024.1\src\shared\hls\clib\hlsmath\src\c++\sincoshotbmfloat.cpp:42->pedal_top.cpp:67]   --->   Operation 334 'zext' 'zext_ln291' <Predicate = (sw4 & !and_ln271)> <Delay = 0.00>
ST_15 : Operation 335 [1/1] (1.38ns)   --->   "%shl_ln291 = shl i32 %zext_ln291, i32 %c" [C:\scratch\2024.1\hls_product\545\2024.1\src\shared\hls\clib/src/hls\utils/x_hls_float_utils.h:291->C:\scratch\2024.1\hls_product\545\2024.1\src\shared\hls\clib/hlsmath/include/FloatingPoint\hls_hotbm.h:252->C:\scratch\2024.1\hls_product\545\2024.1\src\shared\hls\clib\hlsmath\src\common\hls_hotbm_float.cpp:123->C:\scratch\2024.1\hls_product\545\2024.1\src\shared\hls\clib\hlsmath\src\c++\sincoshotbmfloat.cpp:10->C:\scratch\2024.1\hls_product\545\2024.1\src\shared\hls\clib\hlsmath\src\c++\sincoshotbmfloat.cpp:42->pedal_top.cpp:67]   --->   Operation 335 'shl' 'shl_ln291' <Predicate = (sw4 & !and_ln271)> <Delay = 1.38> <CoreInst = "Shifter">   --->   Core 75 'Shifter' <Latency = 0> <II = 1> <Delay = 1.38> <FuncUnit> <Opcode : 'shl' 'lshr' 'ashr'> <InPorts = 2> <OutPorts = 1>
ST_15 : Operation 336 [1/1] (0.00ns)   --->   "%in_shift_2 = trunc i32 %shl_ln291" [C:\scratch\2024.1\hls_product\545\2024.1\src\shared\hls\clib/src/hls\utils/x_hls_float_utils.h:291->C:\scratch\2024.1\hls_product\545\2024.1\src\shared\hls\clib/hlsmath/include/FloatingPoint\hls_hotbm.h:252->C:\scratch\2024.1\hls_product\545\2024.1\src\shared\hls\clib\hlsmath\src\common\hls_hotbm_float.cpp:123->C:\scratch\2024.1\hls_product\545\2024.1\src\shared\hls\clib\hlsmath\src\c++\sincoshotbmfloat.cpp:10->C:\scratch\2024.1\hls_product\545\2024.1\src\shared\hls\clib\hlsmath\src\c++\sincoshotbmfloat.cpp:42->pedal_top.cpp:67]   --->   Operation 336 'trunc' 'in_shift_2' <Predicate = (sw4 & !and_ln271)> <Delay = 0.00>
ST_15 : Operation 337 [1/1] (1.01ns)   --->   "%icmp_ln292 = icmp_eq  i32 %c, i32 16" [C:\scratch\2024.1\hls_product\545\2024.1\src\shared\hls\clib/src/hls\utils/x_hls_float_utils.h:292->C:\scratch\2024.1\hls_product\545\2024.1\src\shared\hls\clib/hlsmath/include/FloatingPoint\hls_hotbm.h:252->C:\scratch\2024.1\hls_product\545\2024.1\src\shared\hls\clib\hlsmath\src\common\hls_hotbm_float.cpp:123->C:\scratch\2024.1\hls_product\545\2024.1\src\shared\hls\clib\hlsmath\src\c++\sincoshotbmfloat.cpp:10->C:\scratch\2024.1\hls_product\545\2024.1\src\shared\hls\clib\hlsmath\src\c++\sincoshotbmfloat.cpp:42->pedal_top.cpp:67]   --->   Operation 337 'icmp' 'icmp_ln292' <Predicate = (sw4)> <Delay = 1.01> <CoreInst = "Cmp">   --->   Core 9 'Cmp' <Latency = 0> <II = 1> <Delay = 1.01> <FuncUnit> <Opcode : 'seteq' 'setne' 'setle' 'setge' 'setlt' 'setgt'> <InPorts = 2> <OutPorts = 1>
ST_15 : Operation 338 [1/1] (1.01ns)   --->   "%shift_3 = add i32 %c_2, i32 16" [C:\scratch\2024.1\hls_product\545\2024.1\src\shared\hls\clib/src/hls\utils/x_hls_float_utils.h:290->C:\scratch\2024.1\hls_product\545\2024.1\src\shared\hls\clib/hlsmath/include/FloatingPoint\hls_hotbm.h:252->C:\scratch\2024.1\hls_product\545\2024.1\src\shared\hls\clib\hlsmath\src\common\hls_hotbm_float.cpp:123->C:\scratch\2024.1\hls_product\545\2024.1\src\shared\hls\clib\hlsmath\src\c++\sincoshotbmfloat.cpp:10->C:\scratch\2024.1\hls_product\545\2024.1\src\shared\hls\clib\hlsmath\src\c++\sincoshotbmfloat.cpp:42->pedal_top.cpp:67]   --->   Operation 338 'add' 'shift_3' <Predicate = (sw4)> <Delay = 1.01> <CoreInst = "Adder">   --->   Core 1 'Adder' <Latency = 0> <II = 1> <Delay = 1.01> <FuncUnit> <Opcode : 'add' 'sub'> <InPorts = 2> <OutPorts = 1>
ST_15 : Operation 339 [1/1] (0.00ns)   --->   "%zext_ln291_2 = zext i28 %in_shift_2" [C:\scratch\2024.1\hls_product\545\2024.1\src\shared\hls\clib/src/hls\utils/x_hls_float_utils.h:291->C:\scratch\2024.1\hls_product\545\2024.1\src\shared\hls\clib/hlsmath/include/FloatingPoint\hls_hotbm.h:252->C:\scratch\2024.1\hls_product\545\2024.1\src\shared\hls\clib\hlsmath\src\common\hls_hotbm_float.cpp:123->C:\scratch\2024.1\hls_product\545\2024.1\src\shared\hls\clib\hlsmath\src\c++\sincoshotbmfloat.cpp:10->C:\scratch\2024.1\hls_product\545\2024.1\src\shared\hls\clib\hlsmath\src\c++\sincoshotbmfloat.cpp:42->pedal_top.cpp:67]   --->   Operation 339 'zext' 'zext_ln291_2' <Predicate = (sw4 & !and_ln271)> <Delay = 0.00>
ST_15 : Operation 340 [1/1] (1.38ns)   --->   "%shl_ln291_2 = shl i32 %zext_ln291_2, i32 %c_2" [C:\scratch\2024.1\hls_product\545\2024.1\src\shared\hls\clib/src/hls\utils/x_hls_float_utils.h:291->C:\scratch\2024.1\hls_product\545\2024.1\src\shared\hls\clib/hlsmath/include/FloatingPoint\hls_hotbm.h:252->C:\scratch\2024.1\hls_product\545\2024.1\src\shared\hls\clib\hlsmath\src\common\hls_hotbm_float.cpp:123->C:\scratch\2024.1\hls_product\545\2024.1\src\shared\hls\clib\hlsmath\src\c++\sincoshotbmfloat.cpp:10->C:\scratch\2024.1\hls_product\545\2024.1\src\shared\hls\clib\hlsmath\src\c++\sincoshotbmfloat.cpp:42->pedal_top.cpp:67]   --->   Operation 340 'shl' 'shl_ln291_2' <Predicate = (sw4 & !and_ln271)> <Delay = 1.38> <CoreInst = "Shifter">   --->   Core 75 'Shifter' <Latency = 0> <II = 1> <Delay = 1.38> <FuncUnit> <Opcode : 'shl' 'lshr' 'ashr'> <InPorts = 2> <OutPorts = 1>
ST_15 : Operation 341 [1/1] (0.00ns) (grouped into LUT with out node newexp)   --->   "%shift_4 = select i1 %icmp_ln292, i32 %shift_3, i32 %c" [C:\scratch\2024.1\hls_product\545\2024.1\src\shared\hls\clib/src/hls\utils/x_hls_float_utils.h:292->C:\scratch\2024.1\hls_product\545\2024.1\src\shared\hls\clib/hlsmath/include/FloatingPoint\hls_hotbm.h:252->C:\scratch\2024.1\hls_product\545\2024.1\src\shared\hls\clib\hlsmath\src\common\hls_hotbm_float.cpp:123->C:\scratch\2024.1\hls_product\545\2024.1\src\shared\hls\clib\hlsmath\src\c++\sincoshotbmfloat.cpp:10->C:\scratch\2024.1\hls_product\545\2024.1\src\shared\hls\clib\hlsmath\src\c++\sincoshotbmfloat.cpp:42->pedal_top.cpp:67]   --->   Operation 341 'select' 'shift_4' <Predicate = (sw4)> <Delay = 0.00> <CoreInst = "Sel">   --->   Core 73 'Sel' <Latency = 0> <II = 1> <Delay = 0.44> <FuncUnit> <Opcode : 'select'> <InPorts = 3> <OutPorts = 1>
ST_15 : Operation 342 [1/1] (0.76ns) (out node of the LUT)   --->   "%add_ln300 = add i9 %sext_ln252, i9 127" [C:\scratch\2024.1\hls_product\545\2024.1\src\shared\hls\clib/src/hls\utils/x_hls_float_utils.h:300->C:\scratch\2024.1\hls_product\545\2024.1\src\shared\hls\clib/hlsmath/include/FloatingPoint\hls_hotbm.h:252->C:\scratch\2024.1\hls_product\545\2024.1\src\shared\hls\clib\hlsmath\src\common\hls_hotbm_float.cpp:123->C:\scratch\2024.1\hls_product\545\2024.1\src\shared\hls\clib\hlsmath\src\c++\sincoshotbmfloat.cpp:10->C:\scratch\2024.1\hls_product\545\2024.1\src\shared\hls\clib\hlsmath\src\c++\sincoshotbmfloat.cpp:42->pedal_top.cpp:67]   --->   Operation 342 'add' 'add_ln300' <Predicate = (sw4)> <Delay = 0.76> <CoreInst = "Adder">   --->   Core 1 'Adder' <Latency = 0> <II = 1> <Delay = 0.76> <FuncUnit> <Opcode : 'add' 'sub'> <InPorts = 2> <OutPorts = 1>
ST_15 : Operation 343 [1/1] (0.00ns) (grouped into LUT with out node newexp)   --->   "%sext_ln300 = sext i9 %add_ln300" [C:\scratch\2024.1\hls_product\545\2024.1\src\shared\hls\clib/src/hls\utils/x_hls_float_utils.h:300->C:\scratch\2024.1\hls_product\545\2024.1\src\shared\hls\clib/hlsmath/include/FloatingPoint\hls_hotbm.h:252->C:\scratch\2024.1\hls_product\545\2024.1\src\shared\hls\clib\hlsmath\src\common\hls_hotbm_float.cpp:123->C:\scratch\2024.1\hls_product\545\2024.1\src\shared\hls\clib\hlsmath\src\c++\sincoshotbmfloat.cpp:10->C:\scratch\2024.1\hls_product\545\2024.1\src\shared\hls\clib\hlsmath\src\c++\sincoshotbmfloat.cpp:42->pedal_top.cpp:67]   --->   Operation 343 'sext' 'sext_ln300' <Predicate = (sw4)> <Delay = 0.00>
ST_15 : Operation 344 [1/1] (1.01ns) (out node of the LUT)   --->   "%newexp = sub i32 %sext_ln300, i32 %shift_4" [C:\scratch\2024.1\hls_product\545\2024.1\src\shared\hls\clib/src/hls\utils/x_hls_float_utils.h:300->C:\scratch\2024.1\hls_product\545\2024.1\src\shared\hls\clib/hlsmath/include/FloatingPoint\hls_hotbm.h:252->C:\scratch\2024.1\hls_product\545\2024.1\src\shared\hls\clib\hlsmath\src\common\hls_hotbm_float.cpp:123->C:\scratch\2024.1\hls_product\545\2024.1\src\shared\hls\clib\hlsmath\src\c++\sincoshotbmfloat.cpp:10->C:\scratch\2024.1\hls_product\545\2024.1\src\shared\hls\clib\hlsmath\src\c++\sincoshotbmfloat.cpp:42->pedal_top.cpp:67]   --->   Operation 344 'sub' 'newexp' <Predicate = (sw4)> <Delay = 1.01> <CoreInst = "Adder">   --->   Core 1 'Adder' <Latency = 0> <II = 1> <Delay = 1.01> <FuncUnit> <Opcode : 'add' 'sub'> <InPorts = 2> <OutPorts = 1>
ST_15 : Operation 345 [1/1] (0.00ns) (grouped into LUT with out node or_ln282)   --->   "%tmp_83 = bitselect i1 @_ssdm_op_BitSelect.i1.i32.i32, i32 %newexp, i32 31" [C:\scratch\2024.1\hls_product\545\2024.1\src\shared\hls\clib/src/hls\utils/x_hls_float_utils.h:306->C:\scratch\2024.1\hls_product\545\2024.1\src\shared\hls\clib/hlsmath/include/FloatingPoint\hls_hotbm.h:252->C:\scratch\2024.1\hls_product\545\2024.1\src\shared\hls\clib\hlsmath\src\common\hls_hotbm_float.cpp:123->C:\scratch\2024.1\hls_product\545\2024.1\src\shared\hls\clib\hlsmath\src\c++\sincoshotbmfloat.cpp:10->C:\scratch\2024.1\hls_product\545\2024.1\src\shared\hls\clib\hlsmath\src\c++\sincoshotbmfloat.cpp:42->pedal_top.cpp:67]   --->   Operation 345 'bitselect' 'tmp_83' <Predicate = (sw4)> <Delay = 0.00>
ST_15 : Operation 346 [1/1] (0.98ns)   --->   "%icmp_ln306 = icmp_eq  i29 %result, i29 0" [C:\scratch\2024.1\hls_product\545\2024.1\src\shared\hls\clib/src/hls\utils/x_hls_float_utils.h:306->C:\scratch\2024.1\hls_product\545\2024.1\src\shared\hls\clib/hlsmath/include/FloatingPoint\hls_hotbm.h:252->C:\scratch\2024.1\hls_product\545\2024.1\src\shared\hls\clib\hlsmath\src\common\hls_hotbm_float.cpp:123->C:\scratch\2024.1\hls_product\545\2024.1\src\shared\hls\clib\hlsmath\src\c++\sincoshotbmfloat.cpp:10->C:\scratch\2024.1\hls_product\545\2024.1\src\shared\hls\clib\hlsmath\src\c++\sincoshotbmfloat.cpp:42->pedal_top.cpp:67]   --->   Operation 346 'icmp' 'icmp_ln306' <Predicate = (sw4)> <Delay = 0.98> <CoreInst = "Cmp">   --->   Core 9 'Cmp' <Latency = 0> <II = 1> <Delay = 0.98> <FuncUnit> <Opcode : 'seteq' 'setne' 'setle' 'setge' 'setlt' 'setgt'> <InPorts = 2> <OutPorts = 1>
ST_15 : Operation 347 [1/1] (0.00ns) (grouped into LUT with out node or_ln282)   --->   "%or_ln306 = or i1 %tmp_83, i1 %icmp_ln306" [C:\scratch\2024.1\hls_product\545\2024.1\src\shared\hls\clib/src/hls\utils/x_hls_float_utils.h:306->C:\scratch\2024.1\hls_product\545\2024.1\src\shared\hls\clib/hlsmath/include/FloatingPoint\hls_hotbm.h:252->C:\scratch\2024.1\hls_product\545\2024.1\src\shared\hls\clib\hlsmath\src\common\hls_hotbm_float.cpp:123->C:\scratch\2024.1\hls_product\545\2024.1\src\shared\hls\clib\hlsmath\src\c++\sincoshotbmfloat.cpp:10->C:\scratch\2024.1\hls_product\545\2024.1\src\shared\hls\clib\hlsmath\src\c++\sincoshotbmfloat.cpp:42->pedal_top.cpp:67]   --->   Operation 347 'or' 'or_ln306' <Predicate = (sw4)> <Delay = 0.00> <CoreInst = "LogicGate">   --->   Core 74 'LogicGate' <Latency = 0> <II = 1> <Delay = 0.28> <FuncUnit> <Opcode : 'and' 'or' 'xor'> <InPorts = 2> <OutPorts = 1>
ST_15 : Operation 348 [1/1] (0.00ns) (grouped into LUT with out node results_exp_2)   --->   "%empty_78 = trunc i32 %newexp" [C:\scratch\2024.1\hls_product\545\2024.1\src\shared\hls\clib/src/hls\utils/x_hls_float_utils.h:300->C:\scratch\2024.1\hls_product\545\2024.1\src\shared\hls\clib/hlsmath/include/FloatingPoint\hls_hotbm.h:252->C:\scratch\2024.1\hls_product\545\2024.1\src\shared\hls\clib\hlsmath\src\common\hls_hotbm_float.cpp:123->C:\scratch\2024.1\hls_product\545\2024.1\src\shared\hls\clib\hlsmath\src\c++\sincoshotbmfloat.cpp:10->C:\scratch\2024.1\hls_product\545\2024.1\src\shared\hls\clib\hlsmath\src\c++\sincoshotbmfloat.cpp:42->pedal_top.cpp:67]   --->   Operation 348 'trunc' 'empty_78' <Predicate = (sw4 & !and_ln271)> <Delay = 0.00>
ST_15 : Operation 349 [1/1] (0.00ns) (grouped into LUT with out node results_exp_2)   --->   "%select_ln282 = select i1 %icmp_ln282, i8 255, i8 0" [C:\scratch\2024.1\hls_product\545\2024.1\src\shared\hls\clib/hlsmath/include/FloatingPoint\hls_hotbm.h:282->C:\scratch\2024.1\hls_product\545\2024.1\src\shared\hls\clib\hlsmath\src\common\hls_hotbm_float.cpp:123->C:\scratch\2024.1\hls_product\545\2024.1\src\shared\hls\clib\hlsmath\src\c++\sincoshotbmfloat.cpp:10->C:\scratch\2024.1\hls_product\545\2024.1\src\shared\hls\clib\hlsmath\src\c++\sincoshotbmfloat.cpp:42->pedal_top.cpp:67]   --->   Operation 349 'select' 'select_ln282' <Predicate = (sw4 & !and_ln271)> <Delay = 0.00> <CoreInst = "Sel">   --->   Core 73 'Sel' <Latency = 0> <II = 1> <Delay = 0.17> <FuncUnit> <Opcode : 'select'> <InPorts = 3> <OutPorts = 1>
ST_15 : Operation 350 [1/1] (0.28ns) (out node of the LUT)   --->   "%or_ln282 = or i1 %icmp_ln282, i1 %or_ln306" [C:\scratch\2024.1\hls_product\545\2024.1\src\shared\hls\clib/hlsmath/include/FloatingPoint\hls_hotbm.h:282->C:\scratch\2024.1\hls_product\545\2024.1\src\shared\hls\clib\hlsmath\src\common\hls_hotbm_float.cpp:123->C:\scratch\2024.1\hls_product\545\2024.1\src\shared\hls\clib\hlsmath\src\c++\sincoshotbmfloat.cpp:10->C:\scratch\2024.1\hls_product\545\2024.1\src\shared\hls\clib\hlsmath\src\c++\sincoshotbmfloat.cpp:42->pedal_top.cpp:67]   --->   Operation 350 'or' 'or_ln282' <Predicate = (sw4)> <Delay = 0.28> <CoreInst = "LogicGate">   --->   Core 74 'LogicGate' <Latency = 0> <II = 1> <Delay = 0.28> <FuncUnit> <Opcode : 'and' 'or' 'xor'> <InPorts = 2> <OutPorts = 1>
ST_15 : Operation 351 [1/1] (0.00ns) (grouped into LUT with out node results_exp_2)   --->   "%results_exp = select i1 %or_ln282, i8 %select_ln282, i8 %empty_78" [C:\scratch\2024.1\hls_product\545\2024.1\src\shared\hls\clib/hlsmath/include/FloatingPoint\hls_hotbm.h:282->C:\scratch\2024.1\hls_product\545\2024.1\src\shared\hls\clib\hlsmath\src\common\hls_hotbm_float.cpp:123->C:\scratch\2024.1\hls_product\545\2024.1\src\shared\hls\clib\hlsmath\src\c++\sincoshotbmfloat.cpp:10->C:\scratch\2024.1\hls_product\545\2024.1\src\shared\hls\clib\hlsmath\src\c++\sincoshotbmfloat.cpp:42->pedal_top.cpp:67]   --->   Operation 351 'select' 'results_exp' <Predicate = (sw4 & !and_ln271)> <Delay = 0.00> <CoreInst = "Sel">   --->   Core 73 'Sel' <Latency = 0> <II = 1> <Delay = 0.39> <FuncUnit> <Opcode : 'select'> <InPorts = 3> <OutPorts = 1>
ST_15 : Operation 352 [1/1] (0.39ns) (out node of the LUT)   --->   "%results_exp_2 = select i1 %and_ln271, i8 0, i8 %results_exp" [C:\scratch\2024.1\hls_product\545\2024.1\src\shared\hls\clib/hlsmath/include/FloatingPoint\hls_hotbm.h:271->C:\scratch\2024.1\hls_product\545\2024.1\src\shared\hls\clib\hlsmath\src\common\hls_hotbm_float.cpp:123->C:\scratch\2024.1\hls_product\545\2024.1\src\shared\hls\clib\hlsmath\src\c++\sincoshotbmfloat.cpp:10->C:\scratch\2024.1\hls_product\545\2024.1\src\shared\hls\clib\hlsmath\src\c++\sincoshotbmfloat.cpp:42->pedal_top.cpp:67]   --->   Operation 352 'select' 'results_exp_2' <Predicate = (sw4)> <Delay = 0.39> <CoreInst = "Sel">   --->   Core 73 'Sel' <Latency = 0> <II = 1> <Delay = 0.39> <FuncUnit> <Opcode : 'select'> <InPorts = 3> <OutPorts = 1>

State 16 <SV = 15> <Delay = 10.6>
ST_16 : Operation 353 [26/39] (10.6ns)   --->   "%sample_data_5 = call i16 @soft_clipping_distortion, i32 %sample_data_3, i58 %table_exp_Z1_ap_ufixed_58_1_ap_q_mode_5_ap_o_mode_3_0_array, i26 %table_f_Z3_ap_ufixed_59_0_ap_q_mode_5_ap_o_mode_3_0_array, i42 %table_f_Z2_ap_ufixed_59_0_ap_q_mode_5_ap_o_mode_3_0_array" [pedal_top.cpp:45]   --->   Operation 353 'call' 'sample_data_5' <Predicate = (sw1)> <Delay = 10.6> <CoreType = "Generic">   --->   Core 0 '' <Latency = 0> <II = 1> <Delay = 1.00> <Generic> <Opcode : >
ST_16 : Operation 354 [1/1] (0.00ns) (grouped into LUT with out node results_sig_2)   --->   "%tmp_31 = partselect i23 @_ssdm_op_PartSelect.i23.i32.i32.i32, i32 %shl_ln291_2, i32 5, i32 27" [C:\scratch\2024.1\hls_product\545\2024.1\src\shared\hls\clib/src/hls\utils/x_hls_float_utils.h:291->C:\scratch\2024.1\hls_product\545\2024.1\src\shared\hls\clib/hlsmath/include/FloatingPoint\hls_hotbm.h:252->C:\scratch\2024.1\hls_product\545\2024.1\src\shared\hls\clib\hlsmath\src\common\hls_hotbm_float.cpp:123->C:\scratch\2024.1\hls_product\545\2024.1\src\shared\hls\clib\hlsmath\src\c++\sincoshotbmfloat.cpp:10->C:\scratch\2024.1\hls_product\545\2024.1\src\shared\hls\clib\hlsmath\src\c++\sincoshotbmfloat.cpp:42->pedal_top.cpp:67]   --->   Operation 354 'partselect' 'tmp_31' <Predicate = (sw4 & !and_ln271 & !or_ln282 & icmp_ln292)> <Delay = 0.00>
ST_16 : Operation 355 [1/1] (0.00ns) (grouped into LUT with out node results_sig_2)   --->   "%tmp_32 = partselect i23 @_ssdm_op_PartSelect.i23.i32.i32.i32, i32 %shl_ln291, i32 5, i32 27" [C:\scratch\2024.1\hls_product\545\2024.1\src\shared\hls\clib/src/hls\utils/x_hls_float_utils.h:291->C:\scratch\2024.1\hls_product\545\2024.1\src\shared\hls\clib/hlsmath/include/FloatingPoint\hls_hotbm.h:252->C:\scratch\2024.1\hls_product\545\2024.1\src\shared\hls\clib\hlsmath\src\common\hls_hotbm_float.cpp:123->C:\scratch\2024.1\hls_product\545\2024.1\src\shared\hls\clib\hlsmath\src\c++\sincoshotbmfloat.cpp:10->C:\scratch\2024.1\hls_product\545\2024.1\src\shared\hls\clib\hlsmath\src\c++\sincoshotbmfloat.cpp:42->pedal_top.cpp:67]   --->   Operation 355 'partselect' 'tmp_32' <Predicate = (sw4 & !and_ln271 & !or_ln282 & !icmp_ln292)> <Delay = 0.00>
ST_16 : Operation 356 [1/1] (0.00ns) (grouped into LUT with out node results_sig_2)   --->   "%empty_79 = select i1 %icmp_ln292, i23 %tmp_31, i23 %tmp_32" [C:\scratch\2024.1\hls_product\545\2024.1\src\shared\hls\clib/src/hls\utils/x_hls_float_utils.h:292->C:\scratch\2024.1\hls_product\545\2024.1\src\shared\hls\clib/hlsmath/include/FloatingPoint\hls_hotbm.h:252->C:\scratch\2024.1\hls_product\545\2024.1\src\shared\hls\clib\hlsmath\src\common\hls_hotbm_float.cpp:123->C:\scratch\2024.1\hls_product\545\2024.1\src\shared\hls\clib\hlsmath\src\c++\sincoshotbmfloat.cpp:10->C:\scratch\2024.1\hls_product\545\2024.1\src\shared\hls\clib\hlsmath\src\c++\sincoshotbmfloat.cpp:42->pedal_top.cpp:67]   --->   Operation 356 'select' 'empty_79' <Predicate = (sw4 & !and_ln271 & !or_ln282)> <Delay = 0.00> <CoreInst = "Sel">   --->   Core 73 'Sel' <Latency = 0> <II = 1> <Delay = 0.33> <FuncUnit> <Opcode : 'select'> <InPorts = 3> <OutPorts = 1>
ST_16 : Operation 357 [1/1] (0.00ns) (grouped into LUT with out node results_sig_2)   --->   "%select_ln282_5 = select i1 %icmp_ln282, i23 8388607, i23 0" [C:\scratch\2024.1\hls_product\545\2024.1\src\shared\hls\clib/hlsmath/include/FloatingPoint\hls_hotbm.h:282->C:\scratch\2024.1\hls_product\545\2024.1\src\shared\hls\clib\hlsmath\src\common\hls_hotbm_float.cpp:123->C:\scratch\2024.1\hls_product\545\2024.1\src\shared\hls\clib\hlsmath\src\c++\sincoshotbmfloat.cpp:10->C:\scratch\2024.1\hls_product\545\2024.1\src\shared\hls\clib\hlsmath\src\c++\sincoshotbmfloat.cpp:42->pedal_top.cpp:67]   --->   Operation 357 'select' 'select_ln282_5' <Predicate = (sw4 & !and_ln271 & or_ln282)> <Delay = 0.00> <CoreInst = "Sel">   --->   Core 73 'Sel' <Latency = 0> <II = 1> <Delay = 0.17> <FuncUnit> <Opcode : 'select'> <InPorts = 3> <OutPorts = 1>
ST_16 : Operation 358 [1/1] (0.00ns) (grouped into LUT with out node results_sig_2)   --->   "%results_sig = select i1 %or_ln282, i23 %select_ln282_5, i23 %empty_79" [C:\scratch\2024.1\hls_product\545\2024.1\src\shared\hls\clib/hlsmath/include/FloatingPoint\hls_hotbm.h:282->C:\scratch\2024.1\hls_product\545\2024.1\src\shared\hls\clib\hlsmath\src\common\hls_hotbm_float.cpp:123->C:\scratch\2024.1\hls_product\545\2024.1\src\shared\hls\clib\hlsmath\src\c++\sincoshotbmfloat.cpp:10->C:\scratch\2024.1\hls_product\545\2024.1\src\shared\hls\clib\hlsmath\src\c++\sincoshotbmfloat.cpp:42->pedal_top.cpp:67]   --->   Operation 358 'select' 'results_sig' <Predicate = (sw4 & !and_ln271)> <Delay = 0.00> <CoreInst = "Sel">   --->   Core 73 'Sel' <Latency = 0> <II = 1> <Delay = 0.33> <FuncUnit> <Opcode : 'select'> <InPorts = 3> <OutPorts = 1>
ST_16 : Operation 359 [1/1] (0.33ns) (out node of the LUT)   --->   "%results_sig_2 = select i1 %and_ln271, i23 0, i23 %results_sig" [C:\scratch\2024.1\hls_product\545\2024.1\src\shared\hls\clib/hlsmath/include/FloatingPoint\hls_hotbm.h:271->C:\scratch\2024.1\hls_product\545\2024.1\src\shared\hls\clib\hlsmath\src\common\hls_hotbm_float.cpp:123->C:\scratch\2024.1\hls_product\545\2024.1\src\shared\hls\clib\hlsmath\src\c++\sincoshotbmfloat.cpp:10->C:\scratch\2024.1\hls_product\545\2024.1\src\shared\hls\clib\hlsmath\src\c++\sincoshotbmfloat.cpp:42->pedal_top.cpp:67]   --->   Operation 359 'select' 'results_sig_2' <Predicate = (sw4)> <Delay = 0.33> <CoreInst = "Sel">   --->   Core 73 'Sel' <Latency = 0> <II = 1> <Delay = 0.33> <FuncUnit> <Opcode : 'select'> <InPorts = 3> <OutPorts = 1>
ST_16 : Operation 360 [1/1] (0.00ns)   --->   "%t_4 = bitconcatenate i32 @_ssdm_op_BitConcatenate.i32.i1.i8.i23, i1 %results_sign_4, i8 %results_exp_2, i23 %results_sig_2" [C:\scratch\2024.1\hls_product\545\2024.1\src\shared\hls\clib/src/hls\utils/x_hls_utils.h:313->C:\scratch\2024.1\hls_product\545\2024.1\src\shared\hls\clib/src/hls\utils/x_hls_utils.h:326->C:\scratch\2024.1\hls_product\545\2024.1\src\shared\hls\clib/src/hls\utils/x_hls_utils.h:347->C:\scratch\2024.1\hls_product\545\2024.1\src\shared\hls\clib/hlsmath/include/FloatingPoint\hls_hotbm.h:287->C:\scratch\2024.1\hls_product\545\2024.1\src\shared\hls\clib\hlsmath\src\common\hls_hotbm_float.cpp:123->C:\scratch\2024.1\hls_product\545\2024.1\src\shared\hls\clib\hlsmath\src\c++\sincoshotbmfloat.cpp:10->C:\scratch\2024.1\hls_product\545\2024.1\src\shared\hls\clib\hlsmath\src\c++\sincoshotbmfloat.cpp:42->pedal_top.cpp:67]   --->   Operation 360 'bitconcatenate' 't_4' <Predicate = (sw4)> <Delay = 0.00>
ST_16 : Operation 361 [1/1] (0.00ns)   --->   "%bitcast_ln327 = bitcast i32 %t_4" [C:\scratch\2024.1\hls_product\545\2024.1\src\shared\hls\clib/src/hls\utils/x_hls_utils.h:327->C:\scratch\2024.1\hls_product\545\2024.1\src\shared\hls\clib/src/hls\utils/x_hls_utils.h:347->C:\scratch\2024.1\hls_product\545\2024.1\src\shared\hls\clib/hlsmath/include/FloatingPoint\hls_hotbm.h:287->C:\scratch\2024.1\hls_product\545\2024.1\src\shared\hls\clib\hlsmath\src\common\hls_hotbm_float.cpp:123->C:\scratch\2024.1\hls_product\545\2024.1\src\shared\hls\clib\hlsmath\src\c++\sincoshotbmfloat.cpp:10->C:\scratch\2024.1\hls_product\545\2024.1\src\shared\hls\clib\hlsmath\src\c++\sincoshotbmfloat.cpp:42->pedal_top.cpp:67]   --->   Operation 361 'bitcast' 'bitcast_ln327' <Predicate = (sw4)> <Delay = 0.00>
ST_16 : Operation 362 [1/1] (9.61ns)   --->   "%pf = fpext i32 %bitcast_ln327" [pedal_top.cpp:67]   --->   Operation 362 'fpext' 'pf' <Predicate = (sw4)> <Delay = 9.61> <CoreInst = "Float2Double">   --->   Core 64 'Float2Double' <Latency = 0> <II = 1> <Delay = 9.61> <FuncUnit> <Opcode : 'fpext'> <InPorts = 1> <OutPorts = 1>
ST_16 : Operation 363 [1/1] (0.00ns)   --->   "%bitcast_ln716 = bitcast i64 %pf" [pedal_top.cpp:67]   --->   Operation 363 'bitcast' 'bitcast_ln716' <Predicate = (sw4)> <Delay = 0.00>
ST_16 : Operation 364 [1/1] (0.00ns)   --->   "%trunc_ln67 = trunc i64 %bitcast_ln716" [pedal_top.cpp:67]   --->   Operation 364 'trunc' 'trunc_ln67' <Predicate = (sw4)> <Delay = 0.00>
ST_16 : Operation 365 [1/1] (0.00ns)   --->   "%tmp_84 = bitselect i1 @_ssdm_op_BitSelect.i1.i64.i32, i64 %bitcast_ln716, i32 63" [pedal_top.cpp:67]   --->   Operation 365 'bitselect' 'tmp_84' <Predicate = (sw4)> <Delay = 0.00>
ST_16 : Operation 366 [1/1] (0.00ns)   --->   "%tmp_81 = partselect i11 @_ssdm_op_PartSelect.i11.i64.i32.i32, i64 %bitcast_ln716, i32 52, i32 62" [pedal_top.cpp:67]   --->   Operation 366 'partselect' 'tmp_81' <Predicate = (sw4)> <Delay = 0.00>
ST_16 : Operation 367 [1/1] (0.00ns)   --->   "%trunc_ln67_1 = trunc i64 %bitcast_ln716" [pedal_top.cpp:67]   --->   Operation 367 'trunc' 'trunc_ln67_1' <Predicate = (sw4)> <Delay = 0.00>

State 17 <SV = 16> <Delay = 10.6>
ST_17 : Operation 368 [25/39] (10.6ns)   --->   "%sample_data_5 = call i16 @soft_clipping_distortion, i32 %sample_data_3, i58 %table_exp_Z1_ap_ufixed_58_1_ap_q_mode_5_ap_o_mode_3_0_array, i26 %table_f_Z3_ap_ufixed_59_0_ap_q_mode_5_ap_o_mode_3_0_array, i42 %table_f_Z2_ap_ufixed_59_0_ap_q_mode_5_ap_o_mode_3_0_array" [pedal_top.cpp:45]   --->   Operation 368 'call' 'sample_data_5' <Predicate = (sw1)> <Delay = 10.6> <CoreType = "Generic">   --->   Core 0 '' <Latency = 0> <II = 1> <Delay = 1.00> <Generic> <Opcode : >
ST_17 : Operation 369 [1/1] (0.00ns)   --->   "%zext_ln67 = zext i11 %tmp_81" [pedal_top.cpp:67]   --->   Operation 369 'zext' 'zext_ln67' <Predicate = (sw4)> <Delay = 0.00>
ST_17 : Operation 370 [1/1] (0.00ns) (grouped into TernaryAdder)   --->   "%add_ln67 = add i12 %zext_ln67, i12 3073" [pedal_top.cpp:67]   --->   Operation 370 'add' 'add_ln67' <Predicate = (sw4)> <Delay = 0.00> <CoreInst = "TAddSub">   --->   Core 10 'TAddSub' <Latency = 0> <II = 1> <Delay = 0.38> <IPBlock> <Opcode : '' 'add' 'sub'> <InPorts = 3> <OutPorts = 1> <Sync> <CReg>
ST_17 : Operation 371 [1/1] (0.00ns)   --->   "%zext_ln67_1_cast = bitconcatenate i53 @_ssdm_op_BitConcatenate.i53.i1.i52, i1 1, i52 %trunc_ln67_1" [pedal_top.cpp:67]   --->   Operation 371 'bitconcatenate' 'zext_ln67_1_cast' <Predicate = (sw4)> <Delay = 0.00>
ST_17 : Operation 372 [1/1] (0.00ns)   --->   "%zext_ln67_1 = zext i53 %zext_ln67_1_cast" [pedal_top.cpp:67]   --->   Operation 372 'zext' 'zext_ln67_1' <Predicate = (sw4)> <Delay = 0.00>
ST_17 : Operation 373 [1/1] (1.10ns)   --->   "%sub_ln67 = sub i54 0, i54 %zext_ln67_1" [pedal_top.cpp:67]   --->   Operation 373 'sub' 'sub_ln67' <Predicate = (sw4 & tmp_84)> <Delay = 1.10> <CoreInst = "Adder">   --->   Core 1 'Adder' <Latency = 0> <II = 1> <Delay = 1.10> <FuncUnit> <Opcode : 'add' 'sub'> <InPorts = 2> <OutPorts = 1>
ST_17 : Operation 374 [1/1] (0.40ns)   --->   "%select_ln67 = select i1 %tmp_84, i54 %sub_ln67, i54 %zext_ln67_1" [pedal_top.cpp:67]   --->   Operation 374 'select' 'select_ln67' <Predicate = (sw4)> <Delay = 0.40> <CoreInst = "Sel">   --->   Core 73 'Sel' <Latency = 0> <II = 1> <Delay = 0.40> <FuncUnit> <Opcode : 'select'> <InPorts = 3> <OutPorts = 1>
ST_17 : Operation 375 [1/1] (1.08ns)   --->   "%icmp_ln67 = icmp_eq  i63 %trunc_ln67, i63 0" [pedal_top.cpp:67]   --->   Operation 375 'icmp' 'icmp_ln67' <Predicate = (sw4)> <Delay = 1.08> <CoreInst = "Cmp">   --->   Core 9 'Cmp' <Latency = 0> <II = 1> <Delay = 1.08> <FuncUnit> <Opcode : 'seteq' 'setne' 'setle' 'setge' 'setlt' 'setgt'> <InPorts = 2> <OutPorts = 1>
ST_17 : Operation 376 [1/1] (0.80ns)   --->   "%sub_ln67_1 = sub i12 1075, i12 %zext_ln67" [pedal_top.cpp:67]   --->   Operation 376 'sub' 'sub_ln67_1' <Predicate = (sw4)> <Delay = 0.80> <CoreInst = "Adder">   --->   Core 1 'Adder' <Latency = 0> <II = 1> <Delay = 0.80> <FuncUnit> <Opcode : 'add' 'sub'> <InPorts = 2> <OutPorts = 1>
ST_17 : Operation 377 [1/1] (0.00ns)   --->   "%trunc_ln67_2 = trunc i12 %sub_ln67_1" [pedal_top.cpp:67]   --->   Operation 377 'trunc' 'trunc_ln67_2' <Predicate = (sw4)> <Delay = 0.00>
ST_17 : Operation 378 [1/1] (0.80ns)   --->   "%icmp_ln67_1 = icmp_sgt  i12 %sub_ln67_1, i12 16" [pedal_top.cpp:67]   --->   Operation 378 'icmp' 'icmp_ln67_1' <Predicate = (sw4)> <Delay = 0.80> <CoreInst = "Cmp">   --->   Core 9 'Cmp' <Latency = 0> <II = 1> <Delay = 0.80> <FuncUnit> <Opcode : 'seteq' 'setne' 'setle' 'setge' 'setlt' 'setgt'> <InPorts = 2> <OutPorts = 1>
ST_17 : Operation 379 [1/1] (0.80ns)   --->   "%add_ln67_1 = add i12 %sub_ln67_1, i12 4080" [pedal_top.cpp:67]   --->   Operation 379 'add' 'add_ln67_1' <Predicate = (sw4)> <Delay = 0.80> <CoreInst = "Adder">   --->   Core 1 'Adder' <Latency = 0> <II = 1> <Delay = 0.80> <FuncUnit> <Opcode : 'add' 'sub'> <InPorts = 2> <OutPorts = 1>
ST_17 : Operation 380 [1/1] (0.00ns)   --->   "%trunc_ln67_3 = trunc i12 %add_ln67_1" [pedal_top.cpp:67]   --->   Operation 380 'trunc' 'trunc_ln67_3' <Predicate = (sw4)> <Delay = 0.00>
ST_17 : Operation 381 [1/1] (0.79ns)   --->   "%sub_ln67_2 = sub i11 16, i11 %trunc_ln67_2" [pedal_top.cpp:67]   --->   Operation 381 'sub' 'sub_ln67_2' <Predicate = (sw4)> <Delay = 0.79> <CoreInst = "Adder">   --->   Core 1 'Adder' <Latency = 0> <II = 1> <Delay = 0.79> <FuncUnit> <Opcode : 'add' 'sub'> <InPorts = 2> <OutPorts = 1>
ST_17 : Operation 382 [1/1] (0.38ns)   --->   "%select_ln67_1 = select i1 %icmp_ln67_1, i11 %trunc_ln67_3, i11 %sub_ln67_2" [pedal_top.cpp:67]   --->   Operation 382 'select' 'select_ln67_1' <Predicate = (sw4)> <Delay = 0.38> <CoreInst = "Sel">   --->   Core 73 'Sel' <Latency = 0> <II = 1> <Delay = 0.38> <FuncUnit> <Opcode : 'select'> <InPorts = 3> <OutPorts = 1>
ST_17 : Operation 383 [1/1] (0.00ns)   --->   "%zext_ln67_4 = zext i11 %select_ln67_1" [pedal_top.cpp:67]   --->   Operation 383 'zext' 'zext_ln67_4' <Predicate = (sw4)> <Delay = 0.00>
ST_17 : Operation 384 [1/1] (0.80ns)   --->   "%icmp_ln67_2 = icmp_eq  i12 %sub_ln67_1, i12 16" [pedal_top.cpp:67]   --->   Operation 384 'icmp' 'icmp_ln67_2' <Predicate = (sw4)> <Delay = 0.80> <CoreInst = "Cmp">   --->   Core 9 'Cmp' <Latency = 0> <II = 1> <Delay = 0.80> <FuncUnit> <Opcode : 'seteq' 'setne' 'setle' 'setge' 'setlt' 'setgt'> <InPorts = 2> <OutPorts = 1>
ST_17 : Operation 385 [1/1] (0.00ns)   --->   "%trunc_ln67_4 = trunc i54 %select_ln67" [pedal_top.cpp:67]   --->   Operation 385 'trunc' 'trunc_ln67_4' <Predicate = (sw4)> <Delay = 0.00>
ST_17 : Operation 386 [1/1] (0.79ns)   --->   "%icmp_ln67_3 = icmp_ult  i11 %select_ln67_1, i11 54" [pedal_top.cpp:67]   --->   Operation 386 'icmp' 'icmp_ln67_3' <Predicate = (sw4)> <Delay = 0.79> <CoreInst = "Cmp">   --->   Core 9 'Cmp' <Latency = 0> <II = 1> <Delay = 0.79> <FuncUnit> <Opcode : 'seteq' 'setne' 'setle' 'setge' 'setlt' 'setgt'> <InPorts = 2> <OutPorts = 1>
ST_17 : Operation 387 [1/1] (0.00ns) (grouped into LUT with out node select_ln67_2)   --->   "%select_ln67_3 = select i1 %tmp_84, i32 4294967295, i32 0" [pedal_top.cpp:67]   --->   Operation 387 'select' 'select_ln67_3' <Predicate = (sw4)> <Delay = 0.00> <CoreInst = "Sel">   --->   Core 73 'Sel' <Latency = 0> <II = 1> <Delay = 0.17> <FuncUnit> <Opcode : 'select'> <InPorts = 3> <OutPorts = 1>
ST_17 : Operation 388 [1/1] (0.00ns)   --->   "%zext_ln67_2 = zext i11 %select_ln67_1" [pedal_top.cpp:67]   --->   Operation 388 'zext' 'zext_ln67_2' <Predicate = (sw4)> <Delay = 0.00>
ST_17 : Operation 389 [1/1] (1.50ns)   --->   "%ashr_ln67 = ashr i54 %select_ln67, i54 %zext_ln67_2" [pedal_top.cpp:67]   --->   Operation 389 'ashr' 'ashr_ln67' <Predicate = (sw4)> <Delay = 1.50> <CoreInst = "Shifter">   --->   Core 75 'Shifter' <Latency = 0> <II = 1> <Delay = 1.50> <FuncUnit> <Opcode : 'shl' 'lshr' 'ashr'> <InPorts = 2> <OutPorts = 1>
ST_17 : Operation 390 [1/1] (0.00ns) (grouped into LUT with out node select_ln67_2)   --->   "%trunc_ln67_5 = trunc i54 %ashr_ln67" [pedal_top.cpp:67]   --->   Operation 390 'trunc' 'trunc_ln67_5' <Predicate = (sw4)> <Delay = 0.00>
ST_17 : Operation 391 [1/1] (0.44ns) (out node of the LUT)   --->   "%select_ln67_2 = select i1 %icmp_ln67_3, i32 %trunc_ln67_5, i32 %select_ln67_3" [pedal_top.cpp:67]   --->   Operation 391 'select' 'select_ln67_2' <Predicate = (sw4)> <Delay = 0.44> <CoreInst = "Sel">   --->   Core 73 'Sel' <Latency = 0> <II = 1> <Delay = 0.44> <FuncUnit> <Opcode : 'select'> <InPorts = 3> <OutPorts = 1>
ST_17 : Operation 392 [1/1] (0.80ns)   --->   "%icmp_ln67_4 = icmp_sgt  i12 %add_ln67_1, i12 54" [pedal_top.cpp:67]   --->   Operation 392 'icmp' 'icmp_ln67_4' <Predicate = (sw4)> <Delay = 0.80> <CoreInst = "Cmp">   --->   Core 9 'Cmp' <Latency = 0> <II = 1> <Delay = 0.80> <FuncUnit> <Opcode : 'seteq' 'setne' 'setle' 'setge' 'setlt' 'setgt'> <InPorts = 2> <OutPorts = 1>
ST_17 : Operation 393 [1/1] (0.00ns)   --->   "%tmp_85 = partselect i6 @_ssdm_op_PartSelect.i6.i11.i32.i32, i11 %select_ln67_1, i32 5, i32 10" [pedal_top.cpp:67]   --->   Operation 393 'partselect' 'tmp_85' <Predicate = (sw4)> <Delay = 0.00>
ST_17 : Operation 394 [1/1] (0.78ns)   --->   "%icmp_ln67_5 = icmp_eq  i6 %tmp_85, i6 0" [pedal_top.cpp:67]   --->   Operation 394 'icmp' 'icmp_ln67_5' <Predicate = (sw4)> <Delay = 0.78> <CoreInst = "Cmp">   --->   Core 9 'Cmp' <Latency = 0> <II = 1> <Delay = 0.78> <FuncUnit> <Opcode : 'seteq' 'setne' 'setle' 'setge' 'setlt' 'setgt'> <InPorts = 2> <OutPorts = 1>
ST_17 : Operation 395 [1/1] (0.80ns)   --->   "%add_ln67_2 = add i12 %sub_ln67_1, i12 4079" [pedal_top.cpp:67]   --->   Operation 395 'add' 'add_ln67_2' <Predicate = (sw4)> <Delay = 0.80> <CoreInst = "Adder">   --->   Core 1 'Adder' <Latency = 0> <II = 1> <Delay = 0.80> <FuncUnit> <Opcode : 'add' 'sub'> <InPorts = 2> <OutPorts = 1>
ST_17 : Operation 396 [1/1] (0.00ns)   --->   "%sext_ln67 = sext i12 %add_ln67_2" [pedal_top.cpp:67]   --->   Operation 396 'sext' 'sext_ln67' <Predicate = (sw4)> <Delay = 0.00>
ST_17 : Operation 397 [1/1] (0.00ns)   --->   "%tmp_88 = bitselect i1 @_ssdm_op_BitSelect.i1.i54.i32, i54 %select_ln67, i32 %sext_ln67" [pedal_top.cpp:67]   --->   Operation 397 'bitselect' 'tmp_88' <Predicate = (sw4)> <Delay = 0.00>
ST_17 : Operation 398 [1/1] (1.38ns)   --->   "%shl_ln67 = shl i32 %trunc_ln67_4, i32 %zext_ln67_4" [pedal_top.cpp:67]   --->   Operation 398 'shl' 'shl_ln67' <Predicate = (sw4)> <Delay = 1.38> <CoreInst = "Shifter">   --->   Core 75 'Shifter' <Latency = 0> <II = 1> <Delay = 1.38> <FuncUnit> <Opcode : 'shl' 'lshr' 'ashr'> <InPorts = 2> <OutPorts = 1>
ST_17 : Operation 399 [1/1] (0.00ns) (grouped into LUT with out node and_ln67)   --->   "%cond63_i = select i1 %icmp_ln67_4, i1 %tmp_84, i1 %tmp_88" [pedal_top.cpp:67]   --->   Operation 399 'select' 'cond63_i' <Predicate = (sw4)> <Delay = 0.00> <CoreInst = "Sel">   --->   Core 73 'Sel' <Latency = 0> <II = 1> <Delay = 0.17> <FuncUnit> <Opcode : 'select'> <InPorts = 3> <OutPorts = 1>
ST_17 : Operation 400 [1/1] (0.80ns)   --->   "%icmp_ln67_6 = icmp_sgt  i12 %sub_ln67_1, i12 17" [pedal_top.cpp:67]   --->   Operation 400 'icmp' 'icmp_ln67_6' <Predicate = (sw4)> <Delay = 0.80> <CoreInst = "Cmp">   --->   Core 9 'Cmp' <Latency = 0> <II = 1> <Delay = 0.80> <FuncUnit> <Opcode : 'seteq' 'setne' 'setle' 'setge' 'setlt' 'setgt'> <InPorts = 2> <OutPorts = 1>
ST_17 : Operation 401 [1/1] (0.80ns)   --->   "%add_ln67_3 = add i12 %sub_ln67_1, i12 4078" [pedal_top.cpp:67]   --->   Operation 401 'add' 'add_ln67_3' <Predicate = (sw4)> <Delay = 0.80> <CoreInst = "Adder">   --->   Core 1 'Adder' <Latency = 0> <II = 1> <Delay = 0.80> <FuncUnit> <Opcode : 'add' 'sub'> <InPorts = 2> <OutPorts = 1>
ST_17 : Operation 402 [1/1] (0.80ns)   --->   "%icmp_ln67_7 = icmp_sgt  i12 %add_ln67_3, i12 53" [pedal_top.cpp:67]   --->   Operation 402 'icmp' 'icmp_ln67_7' <Predicate = (sw4)> <Delay = 0.80> <CoreInst = "Cmp">   --->   Core 9 'Cmp' <Latency = 0> <II = 1> <Delay = 0.80> <FuncUnit> <Opcode : 'seteq' 'setne' 'setle' 'setge' 'setlt' 'setgt'> <InPorts = 2> <OutPorts = 1>
ST_17 : Operation 403 [1/1] (0.00ns)   --->   "%trunc_ln67_6 = trunc i12 %add_ln67_3" [pedal_top.cpp:67]   --->   Operation 403 'trunc' 'trunc_ln67_6' <Predicate = (sw4)> <Delay = 0.00>
ST_17 : Operation 404 [1/1] (0.78ns)   --->   "%sub_ln67_3 = sub i6 53, i6 %trunc_ln67_6" [pedal_top.cpp:67]   --->   Operation 404 'sub' 'sub_ln67_3' <Predicate = (sw4)> <Delay = 0.78> <CoreInst = "Adder">   --->   Core 1 'Adder' <Latency = 0> <II = 1> <Delay = 0.78> <FuncUnit> <Opcode : 'add' 'sub'> <InPorts = 2> <OutPorts = 1>
ST_17 : Operation 405 [1/1] (0.00ns) (grouped into LUT with out node lshr_ln67_2)   --->   "%select_ln67_8 = select i1 %icmp_ln67_7, i6 0, i6 %sub_ln67_3" [pedal_top.cpp:67]   --->   Operation 405 'select' 'select_ln67_8' <Predicate = (sw4)> <Delay = 0.00> <CoreInst = "Sel">   --->   Core 73 'Sel' <Latency = 0> <II = 1> <Delay = 0.38> <FuncUnit> <Opcode : 'select'> <InPorts = 3> <OutPorts = 1>
ST_17 : Operation 406 [1/1] (0.00ns) (grouped into LUT with out node lshr_ln67_2)   --->   "%zext_ln67_5 = zext i6 %select_ln67_8" [pedal_top.cpp:67]   --->   Operation 406 'zext' 'zext_ln67_5' <Predicate = (sw4)> <Delay = 0.00>
ST_17 : Operation 407 [1/1] (0.73ns) (out node of the LUT)   --->   "%lshr_ln67_2 = lshr i54 18014398509481983, i54 %zext_ln67_5" [pedal_top.cpp:67]   --->   Operation 407 'lshr' 'lshr_ln67_2' <Predicate = (sw4)> <Delay = 0.73> <CoreInst = "Shifter">   --->   Core 75 'Shifter' <Latency = 0> <II = 1> <Delay = 0.73> <FuncUnit> <Opcode : 'shl' 'lshr' 'ashr'> <InPorts = 2> <OutPorts = 1>
ST_17 : Operation 408 [1/1] (0.00ns) (grouped into LUT with out node icmp_ln67_8)   --->   "%and_ln67_17 = and i54 %select_ln67, i54 %lshr_ln67_2" [pedal_top.cpp:67]   --->   Operation 408 'and' 'and_ln67_17' <Predicate = (sw4)> <Delay = 0.00> <CoreInst = "LogicGate">   --->   Core 74 'LogicGate' <Latency = 0> <II = 1> <Delay = 0.33> <FuncUnit> <Opcode : 'and' 'or' 'xor'> <InPorts = 2> <OutPorts = 1>
ST_17 : Operation 409 [1/1] (1.09ns) (out node of the LUT)   --->   "%icmp_ln67_8 = icmp_ne  i54 %and_ln67_17, i54 0" [pedal_top.cpp:67]   --->   Operation 409 'icmp' 'icmp_ln67_8' <Predicate = (sw4)> <Delay = 1.09> <CoreInst = "Cmp">   --->   Core 9 'Cmp' <Latency = 0> <II = 1> <Delay = 1.09> <FuncUnit> <Opcode : 'seteq' 'setne' 'setle' 'setge' 'setlt' 'setgt'> <InPorts = 2> <OutPorts = 1>
ST_17 : Operation 410 [1/1] (0.00ns) (grouped into LUT with out node and_ln67)   --->   "%cond85_i = and i1 %icmp_ln67_6, i1 %icmp_ln67_8" [pedal_top.cpp:67]   --->   Operation 410 'and' 'cond85_i' <Predicate = (sw4)> <Delay = 0.00> <CoreInst = "LogicGate">   --->   Core 74 'LogicGate' <Latency = 0> <II = 1> <Delay = 0.28> <FuncUnit> <Opcode : 'and' 'or' 'xor'> <InPorts = 2> <OutPorts = 1>
ST_17 : Operation 411 [1/1] (0.00ns) (grouped into LUT with out node carry_1_i)   --->   "%tmp_89 = bitselect i1 @_ssdm_op_BitSelect.i1.i32.i32, i32 %select_ln67_2, i32 31" [pedal_top.cpp:67]   --->   Operation 411 'bitselect' 'tmp_89' <Predicate = (sw4)> <Delay = 0.00>
ST_17 : Operation 412 [1/1] (0.00ns) (grouped into LUT with out node and_ln67)   --->   "%trunc_ln67_7 = trunc i32 %select_ln67_2" [pedal_top.cpp:67]   --->   Operation 412 'trunc' 'trunc_ln67_7' <Predicate = (sw4)> <Delay = 0.00>
ST_17 : Operation 413 [1/1] (0.00ns) (grouped into LUT with out node and_ln67)   --->   "%or_ln67 = or i1 %trunc_ln67_7, i1 %cond85_i" [pedal_top.cpp:67]   --->   Operation 413 'or' 'or_ln67' <Predicate = (sw4)> <Delay = 0.00> <CoreInst = "LogicGate">   --->   Core 74 'LogicGate' <Latency = 0> <II = 1> <Delay = 0.28> <FuncUnit> <Opcode : 'and' 'or' 'xor'> <InPorts = 2> <OutPorts = 1>
ST_17 : Operation 414 [1/1] (0.28ns) (out node of the LUT)   --->   "%and_ln67 = and i1 %or_ln67, i1 %cond63_i" [pedal_top.cpp:67]   --->   Operation 414 'and' 'and_ln67' <Predicate = (sw4)> <Delay = 0.28> <CoreInst = "LogicGate">   --->   Core 74 'LogicGate' <Latency = 0> <II = 1> <Delay = 0.28> <FuncUnit> <Opcode : 'and' 'or' 'xor'> <InPorts = 2> <OutPorts = 1>
ST_17 : Operation 415 [1/1] (0.00ns) (grouped into LUT with out node add_ln67_4)   --->   "%zext_ln67_3 = zext i1 %and_ln67" [pedal_top.cpp:67]   --->   Operation 415 'zext' 'zext_ln67_3' <Predicate = (sw4)> <Delay = 0.00>
ST_17 : Operation 416 [1/1] (1.01ns) (out node of the LUT)   --->   "%add_ln67_4 = add i32 %select_ln67_2, i32 %zext_ln67_3" [pedal_top.cpp:67]   --->   Operation 416 'add' 'add_ln67_4' <Predicate = (sw4)> <Delay = 1.01> <CoreInst = "Adder">   --->   Core 1 'Adder' <Latency = 0> <II = 1> <Delay = 1.01> <FuncUnit> <Opcode : 'add' 'sub'> <InPorts = 2> <OutPorts = 1>
ST_17 : Operation 417 [1/1] (0.00ns) (grouped into LUT with out node carry_1_i)   --->   "%tmp_90 = bitselect i1 @_ssdm_op_BitSelect.i1.i32.i32, i32 %add_ln67_4, i32 31" [pedal_top.cpp:67]   --->   Operation 417 'bitselect' 'tmp_90' <Predicate = (sw4)> <Delay = 0.00>
ST_17 : Operation 418 [1/1] (0.00ns) (grouped into LUT with out node carry_1_i)   --->   "%xor_ln67 = xor i1 %tmp_90, i1 1" [pedal_top.cpp:67]   --->   Operation 418 'xor' 'xor_ln67' <Predicate = (sw4)> <Delay = 0.00> <CoreInst = "LogicGate">   --->   Core 74 'LogicGate' <Latency = 0> <II = 1> <Delay = 0.28> <FuncUnit> <Opcode : 'and' 'or' 'xor'> <InPorts = 2> <OutPorts = 1>
ST_17 : Operation 419 [1/1] (0.00ns) (grouped into LUT with out node and_ln67_1)   --->   "%xor_ln67_2 = xor i1 %icmp_ln67_2, i1 1" [pedal_top.cpp:67]   --->   Operation 419 'xor' 'xor_ln67_2' <Predicate = (sw4)> <Delay = 0.00> <CoreInst = "LogicGate">   --->   Core 74 'LogicGate' <Latency = 0> <II = 1> <Delay = 0.28> <FuncUnit> <Opcode : 'and' 'or' 'xor'> <InPorts = 2> <OutPorts = 1>
ST_17 : Operation 420 [1/1] (0.28ns) (out node of the LUT)   --->   "%and_ln67_1 = and i1 %icmp_ln67_1, i1 %xor_ln67_2" [pedal_top.cpp:67]   --->   Operation 420 'and' 'and_ln67_1' <Predicate = (sw4)> <Delay = 0.28> <CoreInst = "LogicGate">   --->   Core 74 'LogicGate' <Latency = 0> <II = 1> <Delay = 0.28> <FuncUnit> <Opcode : 'and' 'or' 'xor'> <InPorts = 2> <OutPorts = 1>
ST_17 : Operation 421 [1/1] (0.00ns)   --->   "%tmp_92 = partselect i8 @_ssdm_op_PartSelect.i8.i12.i32.i32, i12 %sub_ln67_1, i32 4, i32 11" [pedal_top.cpp:67]   --->   Operation 421 'partselect' 'tmp_92' <Predicate = (sw4)> <Delay = 0.00>
ST_17 : Operation 422 [1/1] (0.76ns)   --->   "%icmp_ln67_9 = icmp_slt  i8 %tmp_92, i8 1" [pedal_top.cpp:67]   --->   Operation 422 'icmp' 'icmp_ln67_9' <Predicate = (sw4)> <Delay = 0.76> <CoreInst = "Cmp">   --->   Core 9 'Cmp' <Latency = 0> <II = 1> <Delay = 0.76> <FuncUnit> <Opcode : 'seteq' 'setne' 'setle' 'setge' 'setlt' 'setgt'> <InPorts = 2> <OutPorts = 1>
ST_17 : Operation 423 [1/1] (0.28ns)   --->   "%and_ln67_11 = and i1 %icmp_ln67_9, i1 %icmp_ln67_5" [pedal_top.cpp:67]   --->   Operation 423 'and' 'and_ln67_11' <Predicate = (sw4)> <Delay = 0.28> <CoreInst = "LogicGate">   --->   Core 74 'LogicGate' <Latency = 0> <II = 1> <Delay = 0.28> <FuncUnit> <Opcode : 'and' 'or' 'xor'> <InPorts = 2> <OutPorts = 1>
ST_17 : Operation 424 [1/1] (0.00ns)   --->   "%sel_tmp6 = bitconcatenate i3 @_ssdm_op_BitConcatenate.i3.i1.i1.i1, i1 %icmp_ln67_2, i1 %and_ln67_1, i1 %and_ln67_11" [pedal_top.cpp:67]   --->   Operation 424 'bitconcatenate' 'sel_tmp6' <Predicate = (sw4)> <Delay = 0.00>
ST_17 : Operation 425 [1/1] (0.47ns)   --->   "%ref_tmp_i_i = sparsemux i32 @_ssdm_op_SparseMux.ap_auto.4i32.i32.i3, i3 4, i32 %trunc_ln67_4, i3 2, i32 %add_ln67_4, i3 1, i32 %shl_ln67, i3 0, i32 0, i32 0, i3 %sel_tmp6" [pedal_top.cpp:67]   --->   Operation 425 'sparsemux' 'ref_tmp_i_i' <Predicate = (sw4)> <Delay = 0.47> <CoreInst = "SparseMux">   --->   Core 144 'SparseMux' <Latency = 0> <II = 1> <Delay = 0.47> <FuncUnit> <Opcode : 'sparsemux'> <InPorts = 2> <OutPorts = 1>
ST_17 : Operation 426 [1/1] (0.00ns) (grouped into LUT with out node carry_1_i)   --->   "%and_ln67_12 = and i1 %and_ln67_1, i1 %tmp_89" [pedal_top.cpp:67]   --->   Operation 426 'and' 'and_ln67_12' <Predicate = (sw4)> <Delay = 0.00> <CoreInst = "LogicGate">   --->   Core 74 'LogicGate' <Latency = 0> <II = 1> <Delay = 0.28> <FuncUnit> <Opcode : 'and' 'or' 'xor'> <InPorts = 2> <OutPorts = 1>
ST_17 : Operation 427 [1/1] (0.28ns) (out node of the LUT)   --->   "%carry_1_i = and i1 %and_ln67_12, i1 %xor_ln67" [pedal_top.cpp:67]   --->   Operation 427 'and' 'carry_1_i' <Predicate = (sw4)> <Delay = 0.28> <CoreInst = "LogicGate">   --->   Core 74 'LogicGate' <Latency = 0> <II = 1> <Delay = 0.28> <FuncUnit> <Opcode : 'and' 'or' 'xor'> <InPorts = 2> <OutPorts = 1>
ST_17 : Operation 428 [1/1] (0.20ns)   --->   "%select_ln67_9 = select i1 %icmp_ln67_1, i12 2, i12 1" [pedal_top.cpp:67]   --->   Operation 428 'select' 'select_ln67_9' <Predicate = (sw4)> <Delay = 0.20> <CoreInst = "Sel">   --->   Core 73 'Sel' <Latency = 0> <II = 1> <Delay = 0.20> <FuncUnit> <Opcode : 'select'> <InPorts = 3> <OutPorts = 1>
ST_17 : Operation 429 [1/1] (0.86ns) (root node of TernaryAdder)   --->   "%add_ln67_5 = add i12 %select_ln67_9, i12 %add_ln67" [pedal_top.cpp:67]   --->   Operation 429 'add' 'add_ln67_5' <Predicate = (sw4)> <Delay = 0.86> <CoreInst = "TAddSub">   --->   Core 10 'TAddSub' <Latency = 0> <II = 1> <Delay = 0.38> <IPBlock> <Opcode : '' 'add' 'sub'> <InPorts = 3> <OutPorts = 1> <Sync> <CReg>
ST_17 : Operation 430 [1/1] (0.00ns)   --->   "%tmp_93 = partselect i8 @_ssdm_op_PartSelect.i8.i12.i32.i32, i12 %add_ln67_5, i32 4, i32 11" [pedal_top.cpp:67]   --->   Operation 430 'partselect' 'tmp_93' <Predicate = (sw4)> <Delay = 0.00>
ST_17 : Operation 431 [1/1] (0.76ns)   --->   "%icmp_ln67_11 = icmp_sgt  i8 %tmp_93, i8 0" [pedal_top.cpp:67]   --->   Operation 431 'icmp' 'icmp_ln67_11' <Predicate = (sw4)> <Delay = 0.76> <CoreInst = "Cmp">   --->   Core 9 'Cmp' <Latency = 0> <II = 1> <Delay = 0.76> <FuncUnit> <Opcode : 'seteq' 'setne' 'setle' 'setge' 'setlt' 'setgt'> <InPorts = 2> <OutPorts = 1>
ST_17 : Operation 432 [1/1] (0.80ns)   --->   "%add_ln67_6 = add i12 %sub_ln67_1, i12 16" [pedal_top.cpp:67]   --->   Operation 432 'add' 'add_ln67_6' <Predicate = (sw4)> <Delay = 0.80> <CoreInst = "Adder">   --->   Core 1 'Adder' <Latency = 0> <II = 1> <Delay = 0.80> <FuncUnit> <Opcode : 'add' 'sub'> <InPorts = 2> <OutPorts = 1>
ST_17 : Operation 433 [1/1] (0.00ns)   --->   "%sext_ln67_1 = sext i12 %add_ln67_6" [pedal_top.cpp:67]   --->   Operation 433 'sext' 'sext_ln67_1' <Predicate = (sw4)> <Delay = 0.00>
ST_17 : Operation 434 [1/1] (0.80ns)   --->   "%add_ln67_7 = add i12 %sub_ln67_1, i12 17" [pedal_top.cpp:67]   --->   Operation 434 'add' 'add_ln67_7' <Predicate = (sw4)> <Delay = 0.80> <CoreInst = "Adder">   --->   Core 1 'Adder' <Latency = 0> <II = 1> <Delay = 0.80> <FuncUnit> <Opcode : 'add' 'sub'> <InPorts = 2> <OutPorts = 1>
ST_17 : Operation 435 [1/1] (0.00ns)   --->   "%tmp_94 = bitselect i1 @_ssdm_op_BitSelect.i1.i32.i32, i32 %ref_tmp_i_i, i32 31" [pedal_top.cpp:67]   --->   Operation 435 'bitselect' 'tmp_94' <Predicate = (sw4)> <Delay = 0.00>
ST_17 : Operation 436 [1/1] (0.80ns)   --->   "%icmp_ln67_10 = icmp_slt  i12 %add_ln67_6, i12 54" [pedal_top.cpp:67]   --->   Operation 436 'icmp' 'icmp_ln67_10' <Predicate = (sw4)> <Delay = 0.80> <CoreInst = "Cmp">   --->   Core 9 'Cmp' <Latency = 0> <II = 1> <Delay = 0.80> <FuncUnit> <Opcode : 'seteq' 'setne' 'setle' 'setge' 'setlt' 'setgt'> <InPorts = 2> <OutPorts = 1>
ST_17 : Operation 437 [1/1] (0.00ns)   --->   "%tmp_95 = bitselect i1 @_ssdm_op_BitSelect.i1.i12.i32, i12 %add_ln67_6, i32 11" [pedal_top.cpp:67]   --->   Operation 437 'bitselect' 'tmp_95' <Predicate = (sw4)> <Delay = 0.00>
ST_17 : Operation 438 [1/1] (0.28ns)   --->   "%xor_ln67_8 = xor i1 %tmp_95, i1 1" [pedal_top.cpp:67]   --->   Operation 438 'xor' 'xor_ln67_8' <Predicate = (sw4)> <Delay = 0.28> <CoreInst = "LogicGate">   --->   Core 74 'LogicGate' <Latency = 0> <II = 1> <Delay = 0.28> <FuncUnit> <Opcode : 'and' 'or' 'xor'> <InPorts = 2> <OutPorts = 1>
ST_17 : Operation 439 [1/1] (0.80ns)   --->   "%icmp_ln67_12 = icmp_ult  i12 %add_ln67_6, i12 54" [pedal_top.cpp:67]   --->   Operation 439 'icmp' 'icmp_ln67_12' <Predicate = (sw4)> <Delay = 0.80> <CoreInst = "Cmp">   --->   Core 9 'Cmp' <Latency = 0> <II = 1> <Delay = 0.80> <FuncUnit> <Opcode : 'seteq' 'setne' 'setle' 'setge' 'setlt' 'setgt'> <InPorts = 2> <OutPorts = 1>
ST_17 : Operation 440 [1/1] (0.00ns)   --->   "%tobool130_i = bitselect i1 @_ssdm_op_BitSelect.i1.i54.i32, i54 %select_ln67, i32 %sext_ln67_1" [pedal_top.cpp:67]   --->   Operation 440 'bitselect' 'tobool130_i' <Predicate = (sw4)> <Delay = 0.00>
ST_17 : Operation 441 [1/1] (0.28ns)   --->   "%lD_0_i = and i1 %icmp_ln67_12, i1 %tobool130_i" [pedal_top.cpp:67]   --->   Operation 441 'and' 'lD_0_i' <Predicate = (sw4)> <Delay = 0.28> <CoreInst = "LogicGate">   --->   Core 74 'LogicGate' <Latency = 0> <II = 1> <Delay = 0.28> <FuncUnit> <Opcode : 'and' 'or' 'xor'> <InPorts = 2> <OutPorts = 1>
ST_17 : Operation 442 [1/1] (0.80ns)   --->   "%icmp_ln67_13 = icmp_slt  i12 %add_ln67_7, i12 54" [pedal_top.cpp:67]   --->   Operation 442 'icmp' 'icmp_ln67_13' <Predicate = (sw4)> <Delay = 0.80> <CoreInst = "Cmp">   --->   Core 9 'Cmp' <Latency = 0> <II = 1> <Delay = 0.80> <FuncUnit> <Opcode : 'seteq' 'setne' 'setle' 'setge' 'setlt' 'setgt'> <InPorts = 2> <OutPorts = 1>
ST_17 : Operation 443 [1/1] (0.80ns)   --->   "%icmp_ln67_14 = icmp_ult  i12 %add_ln67_7, i12 54" [pedal_top.cpp:67]   --->   Operation 443 'icmp' 'icmp_ln67_14' <Predicate = (sw4)> <Delay = 0.80> <CoreInst = "Cmp">   --->   Core 9 'Cmp' <Latency = 0> <II = 1> <Delay = 0.80> <FuncUnit> <Opcode : 'seteq' 'setne' 'setle' 'setge' 'setlt' 'setgt'> <InPorts = 2> <OutPorts = 1>
ST_17 : Operation 444 [1/1] (0.00ns) (grouped into LUT with out node neg_src_0_i)   --->   "%and_ln67_2 = and i1 %tmp_84, i1 %tmp_94" [pedal_top.cpp:67]   --->   Operation 444 'and' 'and_ln67_2' <Predicate = (sw4)> <Delay = 0.00> <CoreInst = "LogicGate">   --->   Core 74 'LogicGate' <Latency = 0> <II = 1> <Delay = 0.28> <FuncUnit> <Opcode : 'and' 'or' 'xor'> <InPorts = 2> <OutPorts = 1>
ST_17 : Operation 445 [1/1] (0.00ns)   --->   "%sext_ln67_2 = sext i12 %add_ln67_7" [pedal_top.cpp:67]   --->   Operation 445 'sext' 'sext_ln67_2' <Predicate = (sw4)> <Delay = 0.00>
ST_17 : Operation 446 [1/1] (0.00ns)   --->   "%zext_ln67_6 = zext i32 %sext_ln67_2" [pedal_top.cpp:67]   --->   Operation 446 'zext' 'zext_ln67_6' <Predicate = (sw4)> <Delay = 0.00>
ST_17 : Operation 447 [1/1] (1.50ns)   --->   "%lshr_ln67 = lshr i54 %select_ln67, i54 %zext_ln67_6" [pedal_top.cpp:67]   --->   Operation 447 'lshr' 'lshr_ln67' <Predicate = (sw4)> <Delay = 1.50> <CoreInst = "Shifter">   --->   Core 75 'Shifter' <Latency = 0> <II = 1> <Delay = 1.50> <FuncUnit> <Opcode : 'shl' 'lshr' 'ashr'> <InPorts = 2> <OutPorts = 1>
ST_17 : Operation 448 [1/1] (1.38ns)   --->   "%lshr_ln67_1 = lshr i54 18014398509481983, i54 %zext_ln67_6" [pedal_top.cpp:67]   --->   Operation 448 'lshr' 'lshr_ln67_1' <Predicate = (sw4)> <Delay = 1.38> <CoreInst = "Shifter">   --->   Core 75 'Shifter' <Latency = 0> <II = 1> <Delay = 1.38> <FuncUnit> <Opcode : 'shl' 'lshr' 'ashr'> <InPorts = 2> <OutPorts = 1>
ST_17 : Operation 449 [1/1] (1.09ns)   --->   "%icmp_ln67_15 = icmp_eq  i54 %lshr_ln67, i54 %lshr_ln67_1" [pedal_top.cpp:67]   --->   Operation 449 'icmp' 'icmp_ln67_15' <Predicate = (sw4)> <Delay = 1.09> <CoreInst = "Cmp">   --->   Core 9 'Cmp' <Latency = 0> <II = 1> <Delay = 1.09> <FuncUnit> <Opcode : 'seteq' 'setne' 'setle' 'setge' 'setlt' 'setgt'> <InPorts = 2> <OutPorts = 1>
ST_17 : Operation 450 [1/1] (0.00ns) (grouped into LUT with out node Range2_all_ones_1_i)   --->   "%tmp_96 = bitselect i1 @_ssdm_op_BitSelect.i1.i12.i32, i12 %add_ln67_7, i32 11" [pedal_top.cpp:67]   --->   Operation 450 'bitselect' 'tmp_96' <Predicate = (sw4)> <Delay = 0.00>
ST_17 : Operation 451 [1/1] (0.00ns) (grouped into LUT with out node Range2_all_ones_1_i)   --->   "%xor_ln67_9 = xor i1 %tmp_96, i1 1" [pedal_top.cpp:67]   --->   Operation 451 'xor' 'xor_ln67_9' <Predicate = (sw4)> <Delay = 0.00> <CoreInst = "LogicGate">   --->   Core 74 'LogicGate' <Latency = 0> <II = 1> <Delay = 0.28> <FuncUnit> <Opcode : 'and' 'or' 'xor'> <InPorts = 2> <OutPorts = 1>
ST_17 : Operation 452 [1/1] (0.28ns) (out node of the LUT)   --->   "%Range2_all_ones_1_i = select i1 %icmp_ln67_14, i1 %icmp_ln67_15, i1 %xor_ln67_9" [pedal_top.cpp:67]   --->   Operation 452 'select' 'Range2_all_ones_1_i' <Predicate = (sw4)> <Delay = 0.28> <CoreInst = "Sel">   --->   Core 73 'Sel' <Latency = 0> <II = 1> <Delay = 0.17> <FuncUnit> <Opcode : 'select'> <InPorts = 3> <OutPorts = 1>
ST_17 : Operation 453 [1/1] (0.28ns)   --->   "%and_ln67_3 = and i1 %icmp_ln67_13, i1 %xor_ln67_8" [pedal_top.cpp:67]   --->   Operation 453 'and' 'and_ln67_3' <Predicate = (sw4)> <Delay = 0.28> <CoreInst = "LogicGate">   --->   Core 74 'LogicGate' <Latency = 0> <II = 1> <Delay = 0.28> <FuncUnit> <Opcode : 'and' 'or' 'xor'> <InPorts = 2> <OutPorts = 1>
ST_17 : Operation 454 [1/1] (0.00ns) (grouped into LUT with out node Range1_all_ones_2_i)   --->   "%and_ln67_4 = and i1 %Range2_all_ones_1_i, i1 %lD_0_i" [pedal_top.cpp:67]   --->   Operation 454 'and' 'and_ln67_4' <Predicate = (sw4)> <Delay = 0.00> <CoreInst = "LogicGate">   --->   Core 74 'LogicGate' <Latency = 0> <II = 1> <Delay = 0.28> <FuncUnit> <Opcode : 'and' 'or' 'xor'> <InPorts = 2> <OutPorts = 1>
ST_17 : Operation 455 [1/1] (0.28ns)   --->   "%xor_ln67_1 = xor i1 %lD_0_i, i1 1" [pedal_top.cpp:67]   --->   Operation 455 'xor' 'xor_ln67_1' <Predicate = (sw4)> <Delay = 0.28> <CoreInst = "LogicGate">   --->   Core 74 'LogicGate' <Latency = 0> <II = 1> <Delay = 0.28> <FuncUnit> <Opcode : 'and' 'or' 'xor'> <InPorts = 2> <OutPorts = 1>
ST_17 : Operation 456 [1/1] (1.09ns)   --->   "%icmp_ln67_16 = icmp_eq  i54 %lshr_ln67, i54 0" [pedal_top.cpp:67]   --->   Operation 456 'icmp' 'icmp_ln67_16' <Predicate = (sw4)> <Delay = 1.09> <CoreInst = "Cmp">   --->   Core 9 'Cmp' <Latency = 0> <II = 1> <Delay = 1.09> <FuncUnit> <Opcode : 'seteq' 'setne' 'setle' 'setge' 'setlt' 'setgt'> <InPorts = 2> <OutPorts = 1>
ST_17 : Operation 457 [1/1] (0.00ns) (grouped into LUT with out node Range1_all_zeros_2_i)   --->   "%and_ln67_5 = and i1 %icmp_ln67_16, i1 %xor_ln67_1" [pedal_top.cpp:67]   --->   Operation 457 'and' 'and_ln67_5' <Predicate = (sw4)> <Delay = 0.00> <CoreInst = "LogicGate">   --->   Core 74 'LogicGate' <Latency = 0> <II = 1> <Delay = 0.28> <FuncUnit> <Opcode : 'and' 'or' 'xor'> <InPorts = 2> <OutPorts = 1>
ST_17 : Operation 458 [1/1] (0.80ns)   --->   "%icmp_ln67_17 = icmp_eq  i12 %add_ln67_7, i12 54" [pedal_top.cpp:67]   --->   Operation 458 'icmp' 'icmp_ln67_17' <Predicate = (sw4)> <Delay = 0.80> <CoreInst = "Cmp">   --->   Core 9 'Cmp' <Latency = 0> <II = 1> <Delay = 0.80> <FuncUnit> <Opcode : 'seteq' 'setne' 'setle' 'setge' 'setlt' 'setgt'> <InPorts = 2> <OutPorts = 1>
ST_17 : Operation 459 [1/1] (0.00ns) (grouped into LUT with out node Range1_all_ones_2_i)   --->   "%select_ln67_6 = select i1 %icmp_ln67_17, i1 %lD_0_i, i1 %xor_ln67_8" [pedal_top.cpp:67]   --->   Operation 459 'select' 'select_ln67_6' <Predicate = (sw4)> <Delay = 0.00> <CoreInst = "Sel">   --->   Core 73 'Sel' <Latency = 0> <II = 1> <Delay = 0.17> <FuncUnit> <Opcode : 'select'> <InPorts = 3> <OutPorts = 1>
ST_17 : Operation 460 [1/1] (0.00ns) (grouped into LUT with out node Range1_all_zeros_2_i)   --->   "%select_ln67_7 = select i1 %icmp_ln67_17, i1 %xor_ln67_1, i1 %xor_ln67_8" [pedal_top.cpp:67]   --->   Operation 460 'select' 'select_ln67_7' <Predicate = (sw4)> <Delay = 0.00> <CoreInst = "Sel">   --->   Core 73 'Sel' <Latency = 0> <II = 1> <Delay = 0.17> <FuncUnit> <Opcode : 'select'> <InPorts = 3> <OutPorts = 1>
ST_17 : Operation 461 [1/1] (0.28ns) (out node of the LUT)   --->   "%Range1_all_ones_2_i = select i1 %and_ln67_3, i1 %and_ln67_4, i1 %select_ln67_6" [pedal_top.cpp:67]   --->   Operation 461 'select' 'Range1_all_ones_2_i' <Predicate = (sw4)> <Delay = 0.28> <CoreInst = "Sel">   --->   Core 73 'Sel' <Latency = 0> <II = 1> <Delay = 0.17> <FuncUnit> <Opcode : 'select'> <InPorts = 3> <OutPorts = 1>
ST_17 : Operation 462 [1/1] (0.28ns) (out node of the LUT)   --->   "%Range1_all_zeros_2_i = select i1 %and_ln67_3, i1 %and_ln67_5, i1 %select_ln67_7" [pedal_top.cpp:67]   --->   Operation 462 'select' 'Range1_all_zeros_2_i' <Predicate = (sw4)> <Delay = 0.28> <CoreInst = "Sel">   --->   Core 73 'Sel' <Latency = 0> <II = 1> <Delay = 0.17> <FuncUnit> <Opcode : 'select'> <InPorts = 3> <OutPorts = 1>
ST_17 : Operation 463 [1/1] (0.00ns) (grouped into LUT with out node and_ln67_8)   --->   "%select_ln67_4 = select i1 %carry_1_i, i1 %Range1_all_ones_2_i, i1 %Range1_all_zeros_2_i" [pedal_top.cpp:67]   --->   Operation 463 'select' 'select_ln67_4' <Predicate = (sw4)> <Delay = 0.00> <CoreInst = "Sel">   --->   Core 73 'Sel' <Latency = 0> <II = 1> <Delay = 0.17> <FuncUnit> <Opcode : 'select'> <InPorts = 3> <OutPorts = 1>
ST_17 : Operation 464 [1/1] (0.00ns) (grouped into LUT with out node deleted_ones_0_i)   --->   "%or_ln67_1 = or i1 %tmp_95, i1 %xor_ln67_1" [pedal_top.cpp:67]   --->   Operation 464 'or' 'or_ln67_1' <Predicate = (sw4)> <Delay = 0.00> <CoreInst = "LogicGate">   --->   Core 74 'LogicGate' <Latency = 0> <II = 1> <Delay = 0.28> <FuncUnit> <Opcode : 'and' 'or' 'xor'> <InPorts = 2> <OutPorts = 1>
ST_17 : Operation 465 [1/1] (0.00ns) (grouped into LUT with out node deleted_ones_0_i)   --->   "%and_ln67_6 = and i1 %Range2_all_ones_1_i, i1 %or_ln67_1" [pedal_top.cpp:67]   --->   Operation 465 'and' 'and_ln67_6' <Predicate = (sw4)> <Delay = 0.00> <CoreInst = "LogicGate">   --->   Core 74 'LogicGate' <Latency = 0> <II = 1> <Delay = 0.28> <FuncUnit> <Opcode : 'and' 'or' 'xor'> <InPorts = 2> <OutPorts = 1>
ST_17 : Operation 466 [1/1] (0.00ns) (grouped into LUT with out node deleted_ones_0_i)   --->   "%cond189_i = select i1 %carry_1_i, i1 %and_ln67_6, i1 %Range1_all_ones_2_i" [pedal_top.cpp:67]   --->   Operation 466 'select' 'cond189_i' <Predicate = (sw4)> <Delay = 0.00> <CoreInst = "Sel">   --->   Core 73 'Sel' <Latency = 0> <II = 1> <Delay = 0.17> <FuncUnit> <Opcode : 'select'> <InPorts = 3> <OutPorts = 1>
ST_17 : Operation 467 [1/1] (0.00ns) (grouped into LUT with out node neg_src_0_i)   --->   "%and_ln67_7 = and i1 %carry_1_i, i1 %Range1_all_ones_2_i" [pedal_top.cpp:67]   --->   Operation 467 'and' 'and_ln67_7' <Predicate = (sw4)> <Delay = 0.00> <CoreInst = "LogicGate">   --->   Core 74 'LogicGate' <Latency = 0> <II = 1> <Delay = 0.28> <FuncUnit> <Opcode : 'and' 'or' 'xor'> <InPorts = 2> <OutPorts = 1>
ST_17 : Operation 468 [1/1] (0.00ns) (grouped into LUT with out node neg_src_0_i)   --->   "%xor_ln67_3 = xor i1 %and_ln67_7, i1 1" [pedal_top.cpp:67]   --->   Operation 468 'xor' 'xor_ln67_3' <Predicate = (sw4)> <Delay = 0.00> <CoreInst = "LogicGate">   --->   Core 74 'LogicGate' <Latency = 0> <II = 1> <Delay = 0.28> <FuncUnit> <Opcode : 'and' 'or' 'xor'> <InPorts = 2> <OutPorts = 1>
ST_17 : Operation 469 [1/1] (0.28ns)   --->   "%not_icmp_ln67_10173 = xor i1 %icmp_ln67_10, i1 1" [pedal_top.cpp:67]   --->   Operation 469 'xor' 'not_icmp_ln67_10173' <Predicate = (sw4)> <Delay = 0.28> <CoreInst = "LogicGate">   --->   Core 74 'LogicGate' <Latency = 0> <II = 1> <Delay = 0.28> <FuncUnit> <Opcode : 'and' 'or' 'xor'> <InPorts = 2> <OutPorts = 1>
ST_17 : Operation 470 [1/1] (0.28ns) (out node of the LUT)   --->   "%deleted_ones_0_i = or i1 %cond189_i, i1 %not_icmp_ln67_10173" [pedal_top.cpp:67]   --->   Operation 470 'or' 'deleted_ones_0_i' <Predicate = (sw4)> <Delay = 0.28> <CoreInst = "LogicGate">   --->   Core 74 'LogicGate' <Latency = 0> <II = 1> <Delay = 0.28> <FuncUnit> <Opcode : 'and' 'or' 'xor'> <InPorts = 2> <OutPorts = 1>
ST_17 : Operation 471 [1/1] (0.00ns) (grouped into LUT with out node neg_src_0_i)   --->   "%and_ln67_13 = and i1 %icmp_ln67_10, i1 %tmp_84" [pedal_top.cpp:67]   --->   Operation 471 'and' 'and_ln67_13' <Predicate = (sw4)> <Delay = 0.00> <CoreInst = "LogicGate">   --->   Core 74 'LogicGate' <Latency = 0> <II = 1> <Delay = 0.28> <FuncUnit> <Opcode : 'and' 'or' 'xor'> <InPorts = 2> <OutPorts = 1>
ST_17 : Operation 472 [1/1] (0.00ns) (grouped into LUT with out node neg_src_0_i)   --->   "%sel_tmp = bitconcatenate i2 @_ssdm_op_BitConcatenate.i2.i1.i1, i1 %not_icmp_ln67_10173, i1 %and_ln67_13" [pedal_top.cpp:67]   --->   Operation 472 'bitconcatenate' 'sel_tmp' <Predicate = (sw4)> <Delay = 0.00>
ST_17 : Operation 473 [1/1] (0.42ns) (out node of the LUT)   --->   "%neg_src_0_i = sparsemux i1 @_ssdm_op_SparseMux.ap_auto.3i1.i1.i2, i2 2, i1 %and_ln67_2, i2 1, i1 %xor_ln67_3, i2 0, i1 0, i1 0, i2 %sel_tmp" [pedal_top.cpp:67]   --->   Operation 473 'sparsemux' 'neg_src_0_i' <Predicate = (sw4)> <Delay = 0.42> <CoreInst = "SparseMux">   --->   Core 144 'SparseMux' <Latency = 0> <II = 1> <Delay = 0.42> <FuncUnit> <Opcode : 'sparsemux'> <InPorts = 2> <OutPorts = 1>
ST_17 : Operation 474 [1/1] (0.00ns) (grouped into LUT with out node and_ln67_8)   --->   "%xor_ln67_4 = xor i1 %select_ln67_4, i1 1" [pedal_top.cpp:67]   --->   Operation 474 'xor' 'xor_ln67_4' <Predicate = (sw4)> <Delay = 0.00> <CoreInst = "LogicGate">   --->   Core 74 'LogicGate' <Latency = 0> <II = 1> <Delay = 0.28> <FuncUnit> <Opcode : 'and' 'or' 'xor'> <InPorts = 2> <OutPorts = 1>
ST_17 : Operation 475 [1/1] (0.00ns) (grouped into LUT with out node and_ln67_8)   --->   "%and_ln67_14 = and i1 %icmp_ln67_10, i1 %xor_ln67_4" [pedal_top.cpp:67]   --->   Operation 475 'and' 'and_ln67_14' <Predicate = (sw4)> <Delay = 0.00> <CoreInst = "LogicGate">   --->   Core 74 'LogicGate' <Latency = 0> <II = 1> <Delay = 0.28> <FuncUnit> <Opcode : 'and' 'or' 'xor'> <InPorts = 2> <OutPorts = 1>
ST_17 : Operation 476 [1/1] (0.00ns) (grouped into LUT with out node and_ln67_8)   --->   "%or_ln67_2 = or i1 %tmp_94, i1 %and_ln67_14" [pedal_top.cpp:67]   --->   Operation 476 'or' 'or_ln67_2' <Predicate = (sw4)> <Delay = 0.00> <CoreInst = "LogicGate">   --->   Core 74 'LogicGate' <Latency = 0> <II = 1> <Delay = 0.28> <FuncUnit> <Opcode : 'and' 'or' 'xor'> <InPorts = 2> <OutPorts = 1>
ST_17 : Operation 477 [1/1] (0.00ns) (grouped into LUT with out node and_ln67_8)   --->   "%xor_ln67_5 = xor i1 %tmp_84, i1 1" [pedal_top.cpp:67]   --->   Operation 477 'xor' 'xor_ln67_5' <Predicate = (sw4)> <Delay = 0.00> <CoreInst = "LogicGate">   --->   Core 74 'LogicGate' <Latency = 0> <II = 1> <Delay = 0.28> <FuncUnit> <Opcode : 'and' 'or' 'xor'> <InPorts = 2> <OutPorts = 1>
ST_17 : Operation 478 [1/1] (0.28ns) (out node of the LUT)   --->   "%and_ln67_8 = and i1 %or_ln67_2, i1 %xor_ln67_5" [pedal_top.cpp:67]   --->   Operation 478 'and' 'and_ln67_8' <Predicate = (sw4)> <Delay = 0.28> <CoreInst = "LogicGate">   --->   Core 74 'LogicGate' <Latency = 0> <II = 1> <Delay = 0.28> <FuncUnit> <Opcode : 'and' 'or' 'xor'> <InPorts = 2> <OutPorts = 1>
ST_17 : Operation 479 [1/1] (0.00ns) (grouped into LUT with out node xor_ln67_6)   --->   "%and_ln67_9 = and i1 %tmp_94, i1 %deleted_ones_0_i" [pedal_top.cpp:67]   --->   Operation 479 'and' 'and_ln67_9' <Predicate = (sw4)> <Delay = 0.00> <CoreInst = "LogicGate">   --->   Core 74 'LogicGate' <Latency = 0> <II = 1> <Delay = 0.28> <FuncUnit> <Opcode : 'and' 'or' 'xor'> <InPorts = 2> <OutPorts = 1>
ST_17 : Operation 480 [1/1] (0.28ns) (out node of the LUT)   --->   "%xor_ln67_6 = xor i1 %and_ln67_9, i1 1" [pedal_top.cpp:67]   --->   Operation 480 'xor' 'xor_ln67_6' <Predicate = (sw4)> <Delay = 0.28> <CoreInst = "LogicGate">   --->   Core 74 'LogicGate' <Latency = 0> <II = 1> <Delay = 0.28> <FuncUnit> <Opcode : 'and' 'or' 'xor'> <InPorts = 2> <OutPorts = 1>
ST_17 : Operation 481 [1/1] (0.00ns) (grouped into LUT with out node sel_tmp3)   --->   "%and_ln67_10 = and i1 %neg_src_0_i, i1 %xor_ln67_6" [pedal_top.cpp:67]   --->   Operation 481 'and' 'and_ln67_10' <Predicate = (sw4)> <Delay = 0.00> <CoreInst = "LogicGate">   --->   Core 74 'LogicGate' <Latency = 0> <II = 1> <Delay = 0.28> <FuncUnit> <Opcode : 'and' 'or' 'xor'> <InPorts = 2> <OutPorts = 1>
ST_17 : Operation 482 [1/1] (0.00ns) (grouped into LUT with out node sel_tmp3)   --->   "%or_ln67_3 = or i1 %and_ln67_10, i1 %and_ln67_8" [pedal_top.cpp:67]   --->   Operation 482 'or' 'or_ln67_3' <Predicate = (sw4)> <Delay = 0.00> <CoreInst = "LogicGate">   --->   Core 74 'LogicGate' <Latency = 0> <II = 1> <Delay = 0.28> <FuncUnit> <Opcode : 'and' 'or' 'xor'> <InPorts = 2> <OutPorts = 1>
ST_17 : Operation 483 [1/1] (0.00ns) (grouped into LUT with out node lfo)   --->   "%select_ln67_5 = select i1 %and_ln67_8, i32 2147483647, i32 2147483648" [pedal_top.cpp:67]   --->   Operation 483 'select' 'select_ln67_5' <Predicate = (sw4)> <Delay = 0.00> <CoreInst = "Sel">   --->   Core 73 'Sel' <Latency = 0> <II = 1> <Delay = 0.44> <FuncUnit> <Opcode : 'select'> <InPorts = 3> <OutPorts = 1>
ST_17 : Operation 484 [1/1] (0.00ns) (grouped into LUT with out node sel_tmp3)   --->   "%xor_ln67_7 = xor i1 %icmp_ln67, i1 1" [pedal_top.cpp:67]   --->   Operation 484 'xor' 'xor_ln67_7' <Predicate = (sw4)> <Delay = 0.00> <CoreInst = "LogicGate">   --->   Core 74 'LogicGate' <Latency = 0> <II = 1> <Delay = 0.28> <FuncUnit> <Opcode : 'and' 'or' 'xor'> <InPorts = 2> <OutPorts = 1>
ST_17 : Operation 485 [1/1] (0.00ns) (grouped into LUT with out node sel_tmp3)   --->   "%and_ln67_15 = and i1 %or_ln67_3, i1 %xor_ln67_7" [pedal_top.cpp:67]   --->   Operation 485 'and' 'and_ln67_15' <Predicate = (sw4)> <Delay = 0.00> <CoreInst = "LogicGate">   --->   Core 74 'LogicGate' <Latency = 0> <II = 1> <Delay = 0.28> <FuncUnit> <Opcode : 'and' 'or' 'xor'> <InPorts = 2> <OutPorts = 1>
ST_17 : Operation 486 [1/1] (0.00ns) (grouped into LUT with out node sel_tmp3)   --->   "%and_ln67_16 = and i1 %and_ln67_15, i1 %icmp_ln67_11" [pedal_top.cpp:67]   --->   Operation 486 'and' 'and_ln67_16' <Predicate = (sw4)> <Delay = 0.00> <CoreInst = "LogicGate">   --->   Core 74 'LogicGate' <Latency = 0> <II = 1> <Delay = 0.28> <FuncUnit> <Opcode : 'and' 'or' 'xor'> <InPorts = 2> <OutPorts = 1>
ST_17 : Operation 487 [1/1] (0.28ns) (out node of the LUT)   --->   "%sel_tmp3 = bitconcatenate i2 @_ssdm_op_BitConcatenate.i2.i1.i1, i1 %icmp_ln67, i1 %and_ln67_16" [pedal_top.cpp:67]   --->   Operation 487 'bitconcatenate' 'sel_tmp3' <Predicate = (sw4)> <Delay = 0.28>
ST_17 : Operation 488 [1/1] (0.44ns) (out node of the LUT)   --->   "%lfo = sparsemux i32 @_ssdm_op_SparseMux.ap_auto.3i32.i32.i2, i2 2, i32 0, i2 1, i32 %select_ln67_5, i2 0, i32 %ref_tmp_i_i, i32 0, i2 %sel_tmp3" [pedal_top.cpp:67]   --->   Operation 488 'sparsemux' 'lfo' <Predicate = (sw4)> <Delay = 0.44> <CoreInst = "SparseMux">   --->   Core 144 'SparseMux' <Latency = 0> <II = 1> <Delay = 0.42> <FuncUnit> <Opcode : 'sparsemux'> <InPorts = 2> <OutPorts = 1>

State 18 <SV = 17> <Delay = 10.7>
ST_18 : Operation 489 [24/39] (10.6ns)   --->   "%sample_data_5 = call i16 @soft_clipping_distortion, i32 %sample_data_3, i58 %table_exp_Z1_ap_ufixed_58_1_ap_q_mode_5_ap_o_mode_3_0_array, i26 %table_f_Z3_ap_ufixed_59_0_ap_q_mode_5_ap_o_mode_3_0_array, i42 %table_f_Z2_ap_ufixed_59_0_ap_q_mode_5_ap_o_mode_3_0_array" [pedal_top.cpp:45]   --->   Operation 489 'call' 'sample_data_5' <Predicate = (sw1)> <Delay = 10.6> <CoreType = "Generic">   --->   Core 0 '' <Latency = 0> <II = 1> <Delay = 1.00> <Generic> <Opcode : >
ST_18 : Operation 490 [1/1] (0.00ns)   --->   "%tmp_97 = bitconcatenate i52 @_ssdm_op_BitConcatenate.i52.i32.i20, i32 %lfo, i20 0" [pedal_top.cpp:70]   --->   Operation 490 'bitconcatenate' 'tmp_97' <Predicate = (sw4)> <Delay = 0.00>
ST_18 : Operation 491 [1/1] (0.00ns)   --->   "%sext_ln70 = sext i52 %tmp_97" [pedal_top.cpp:70]   --->   Operation 491 'sext' 'sext_ln70' <Predicate = (sw4)> <Delay = 0.00>
ST_18 : Operation 492 [1/1] (0.00ns)   --->   "%tmp_98 = bitconcatenate i50 @_ssdm_op_BitConcatenate.i50.i32.i18, i32 %lfo, i18 0" [pedal_top.cpp:70]   --->   Operation 492 'bitconcatenate' 'tmp_98' <Predicate = (sw4)> <Delay = 0.00>
ST_18 : Operation 493 [1/1] (0.00ns)   --->   "%sext_ln70_1 = sext i50 %tmp_98" [pedal_top.cpp:70]   --->   Operation 493 'sext' 'sext_ln70_1' <Predicate = (sw4)> <Delay = 0.00>
ST_18 : Operation 494 [1/1] (0.00ns) (grouped into TernaryAdder)   --->   "%add_ln70_1 = add i53 %sext_ln70, i53 %sext_ln70_1" [pedal_top.cpp:70]   --->   Operation 494 'add' 'add_ln70_1' <Predicate = (sw4)> <Delay = 0.00> <CoreInst = "TAddSub">   --->   Core 10 'TAddSub' <Latency = 0> <II = 1> <Delay = 0.38> <IPBlock> <Opcode : '' 'add' 'sub'> <InPorts = 3> <OutPorts = 1> <Sync> <CReg>
ST_18 : Operation 495 [1/1] (0.00ns)   --->   "%tmp_99 = bitconcatenate i47 @_ssdm_op_BitConcatenate.i47.i32.i15, i32 %lfo, i15 0" [pedal_top.cpp:70]   --->   Operation 495 'bitconcatenate' 'tmp_99' <Predicate = (sw4)> <Delay = 0.00>
ST_18 : Operation 496 [1/1] (0.00ns)   --->   "%sext_ln70_2 = sext i47 %tmp_99" [pedal_top.cpp:70]   --->   Operation 496 'sext' 'sext_ln70_2' <Predicate = (sw4)> <Delay = 0.00>
ST_18 : Operation 497 [1/1] (0.78ns) (root node of TernaryAdder)   --->   "%add_ln70_5 = add i53 %add_ln70_1, i53 %sext_ln70_2" [pedal_top.cpp:70]   --->   Operation 497 'add' 'add_ln70_5' <Predicate = (sw4)> <Delay = 0.78> <CoreInst = "TAddSub">   --->   Core 10 'TAddSub' <Latency = 0> <II = 1> <Delay = 0.38> <IPBlock> <Opcode : '' 'add' 'sub'> <InPorts = 3> <OutPorts = 1> <Sync> <CReg>
ST_18 : Operation 498 [1/1] (0.00ns)   --->   "%trunc_ln70_1 = trunc i53 %add_ln70_5" [pedal_top.cpp:70]   --->   Operation 498 'trunc' 'trunc_ln70_1' <Predicate = (sw4)> <Delay = 0.00>
ST_18 : Operation 499 [1/1] (1.10ns)   --->   "%icmp_ln70 = icmp_eq  i53 %add_ln70_5, i53 0" [pedal_top.cpp:70]   --->   Operation 499 'icmp' 'icmp_ln70' <Predicate = (sw4)> <Delay = 1.10> <CoreInst = "Cmp">   --->   Core 9 'Cmp' <Latency = 0> <II = 1> <Delay = 1.10> <FuncUnit> <Opcode : 'seteq' 'setne' 'setle' 'setge' 'setlt' 'setgt'> <InPorts = 2> <OutPorts = 1>
ST_18 : Operation 500 [1/1] (0.00ns)   --->   "%tmp_100 = bitselect i1 @_ssdm_op_BitSelect.i1.i53.i32, i53 %add_ln70_5, i32 52" [pedal_top.cpp:70]   --->   Operation 500 'bitselect' 'tmp_100' <Predicate = (sw4)> <Delay = 0.00>
ST_18 : Operation 501 [1/1] (1.10ns)   --->   "%sub_ln70 = sub i52 0, i52 %trunc_ln70_1" [pedal_top.cpp:70]   --->   Operation 501 'sub' 'sub_ln70' <Predicate = (sw4)> <Delay = 1.10> <CoreInst = "Adder">   --->   Core 1 'Adder' <Latency = 0> <II = 1> <Delay = 1.10> <FuncUnit> <Opcode : 'add' 'sub'> <InPorts = 2> <OutPorts = 1>
ST_18 : Operation 502 [1/1] (0.44ns)   --->   "%select_ln70 = select i1 %tmp_100, i52 %sub_ln70, i52 %trunc_ln70_1" [pedal_top.cpp:70]   --->   Operation 502 'select' 'select_ln70' <Predicate = (sw4)> <Delay = 0.44> <CoreInst = "Sel">   --->   Core 73 'Sel' <Latency = 0> <II = 1> <Delay = 0.44> <FuncUnit> <Opcode : 'select'> <InPorts = 3> <OutPorts = 1>
ST_18 : Operation 503 [1/1] (0.00ns)   --->   "%zext_ln70_1 = zext i52 %select_ln70" [pedal_top.cpp:70]   --->   Operation 503 'zext' 'zext_ln70_1' <Predicate = (sw4)> <Delay = 0.00>
ST_18 : Operation 504 [1/1] (0.00ns)   --->   "%tmp_86 = partselect i64 @llvm.part.select.i64, i64 %zext_ln70_1, i32 63, i32 0" [pedal_top.cpp:70]   --->   Operation 504 'partselect' 'tmp_86' <Predicate = (sw4)> <Delay = 0.00>
ST_18 : Operation 505 [1/1] (1.08ns)   --->   "%icmp_ln70_1 = icmp_eq  i64 %tmp_86, i64 0" [pedal_top.cpp:70]   --->   Operation 505 'icmp' 'icmp_ln70_1' <Predicate = (sw4)> <Delay = 1.08> <CoreInst = "Cmp">   --->   Core 9 'Cmp' <Latency = 0> <II = 1> <Delay = 1.08> <FuncUnit> <Opcode : 'seteq' 'setne' 'setle' 'setge' 'setlt' 'setgt'> <InPorts = 2> <OutPorts = 1>
ST_18 : Operation 506 [1/1] (0.75ns)   --->   "%tmp_87 = cttz i64 @llvm.cttz.i64, i64 %tmp_86, i1 1" [pedal_top.cpp:70]   --->   Operation 506 'cttz' 'tmp_87' <Predicate = (sw4)> <Delay = 0.75> <CoreInst = "cttz">   --->   Core 145 'cttz' <Latency = 0> <II = 1> <Delay = 0.75> <FuncUnit> <Opcode : 'cttz'> <InPorts = 1> <OutPorts = 1>
ST_18 : Operation 507 [1/1] (0.00ns)   --->   "%trunc_ln70_2 = trunc i64 %tmp_87" [pedal_top.cpp:70]   --->   Operation 507 'trunc' 'trunc_ln70_2' <Predicate = (sw4)> <Delay = 0.00>
ST_18 : Operation 508 [1/1] (0.44ns)   --->   "%select_ln70_1 = select i1 %icmp_ln70_1, i32 64, i32 %trunc_ln70_2" [pedal_top.cpp:70]   --->   Operation 508 'select' 'select_ln70_1' <Predicate = (sw4)> <Delay = 0.44> <CoreInst = "Sel">   --->   Core 73 'Sel' <Latency = 0> <II = 1> <Delay = 0.44> <FuncUnit> <Opcode : 'select'> <InPorts = 3> <OutPorts = 1>
ST_18 : Operation 509 [1/1] (0.00ns)   --->   "%trunc_ln70_3 = trunc i32 %select_ln70_1" [pedal_top.cpp:70]   --->   Operation 509 'trunc' 'trunc_ln70_3' <Predicate = (sw4)> <Delay = 0.00>
ST_18 : Operation 510 [1/1] (1.01ns)   --->   "%sub_ln70_1 = sub i32 64, i32 %select_ln70_1" [pedal_top.cpp:70]   --->   Operation 510 'sub' 'sub_ln70_1' <Predicate = (sw4)> <Delay = 1.01> <CoreInst = "Adder">   --->   Core 1 'Adder' <Latency = 0> <II = 1> <Delay = 1.01> <FuncUnit> <Opcode : 'add' 'sub'> <InPorts = 2> <OutPorts = 1>
ST_18 : Operation 511 [1/1] (1.01ns)   --->   "%add_ln70 = add i32 %sub_ln70_1, i32 4294967272" [pedal_top.cpp:70]   --->   Operation 511 'add' 'add_ln70' <Predicate = (sw4)> <Delay = 1.01> <CoreInst = "Adder">   --->   Core 1 'Adder' <Latency = 0> <II = 1> <Delay = 1.01> <FuncUnit> <Opcode : 'add' 'sub'> <InPorts = 2> <OutPorts = 1>
ST_18 : Operation 512 [1/1] (0.00ns)   --->   "%tmp_101 = partselect i31 @_ssdm_op_PartSelect.i31.i32.i32.i32, i32 %add_ln70, i32 1, i32 31" [pedal_top.cpp:70]   --->   Operation 512 'partselect' 'tmp_101' <Predicate = (sw4)> <Delay = 0.00>
ST_18 : Operation 513 [1/1] (1.00ns)   --->   "%icmp_ln70_2 = icmp_sgt  i31 %tmp_101, i31 0" [pedal_top.cpp:70]   --->   Operation 513 'icmp' 'icmp_ln70_2' <Predicate = (sw4)> <Delay = 1.00> <CoreInst = "Cmp">   --->   Core 9 'Cmp' <Latency = 0> <II = 1> <Delay = 1.00> <FuncUnit> <Opcode : 'seteq' 'setne' 'setle' 'setge' 'setlt' 'setgt'> <InPorts = 2> <OutPorts = 1>
ST_18 : Operation 514 [1/1] (0.00ns)   --->   "%trunc_ln70_4 = trunc i32 %sub_ln70_1" [pedal_top.cpp:70]   --->   Operation 514 'trunc' 'trunc_ln70_4' <Predicate = (sw4)> <Delay = 0.00>
ST_18 : Operation 515 [1/1] (0.78ns)   --->   "%sub_ln70_4 = sub i6 25, i6 %trunc_ln70_4" [pedal_top.cpp:70]   --->   Operation 515 'sub' 'sub_ln70_4' <Predicate = (sw4)> <Delay = 0.78> <CoreInst = "Adder">   --->   Core 1 'Adder' <Latency = 0> <II = 1> <Delay = 0.78> <FuncUnit> <Opcode : 'add' 'sub'> <InPorts = 2> <OutPorts = 1>
ST_18 : Operation 516 [1/1] (0.00ns)   --->   "%zext_ln70_6 = zext i6 %sub_ln70_4" [pedal_top.cpp:70]   --->   Operation 516 'zext' 'zext_ln70_6' <Predicate = (sw4)> <Delay = 0.00>
ST_18 : Operation 517 [1/1] (0.73ns)   --->   "%lshr_ln70_1 = lshr i64 18446744073709551615, i64 %zext_ln70_6" [pedal_top.cpp:70]   --->   Operation 517 'lshr' 'lshr_ln70_1' <Predicate = (sw4)> <Delay = 0.73> <CoreInst = "Shifter">   --->   Core 75 'Shifter' <Latency = 0> <II = 1> <Delay = 0.73> <FuncUnit> <Opcode : 'shl' 'lshr' 'ashr'> <InPorts = 2> <OutPorts = 1>
ST_18 : Operation 518 [1/1] (0.00ns) (grouped into LUT with out node icmp_ln70_3)   --->   "%trunc_ln70_5 = trunc i64 %lshr_ln70_1" [pedal_top.cpp:70]   --->   Operation 518 'trunc' 'trunc_ln70_5' <Predicate = (sw4)> <Delay = 0.00>
ST_18 : Operation 519 [1/1] (0.00ns) (grouped into LUT with out node icmp_ln70_3)   --->   "%and_ln70_1 = and i52 %select_ln70, i52 %trunc_ln70_5" [pedal_top.cpp:70]   --->   Operation 519 'and' 'and_ln70_1' <Predicate = (sw4)> <Delay = 0.00> <CoreInst = "LogicGate">   --->   Core 74 'LogicGate' <Latency = 0> <II = 1> <Delay = 0.28> <FuncUnit> <Opcode : 'and' 'or' 'xor'> <InPorts = 2> <OutPorts = 1>
ST_18 : Operation 520 [1/1] (1.10ns) (out node of the LUT)   --->   "%icmp_ln70_3 = icmp_ne  i52 %and_ln70_1, i52 0" [pedal_top.cpp:70]   --->   Operation 520 'icmp' 'icmp_ln70_3' <Predicate = (sw4)> <Delay = 1.10> <CoreInst = "Cmp">   --->   Core 9 'Cmp' <Latency = 0> <II = 1> <Delay = 1.10> <FuncUnit> <Opcode : 'seteq' 'setne' 'setle' 'setge' 'setlt' 'setgt'> <InPorts = 2> <OutPorts = 1>
ST_18 : Operation 521 [1/1] (0.00ns) (grouped into LUT with out node or_ln)   --->   "%phi_ln70 = and i1 %icmp_ln70_2, i1 %icmp_ln70_3" [pedal_top.cpp:70]   --->   Operation 521 'and' 'phi_ln70' <Predicate = (sw4)> <Delay = 0.00> <CoreInst = "LogicGate">   --->   Core 74 'LogicGate' <Latency = 0> <II = 1> <Delay = 0.28> <FuncUnit> <Opcode : 'and' 'or' 'xor'> <InPorts = 2> <OutPorts = 1>
ST_18 : Operation 522 [1/1] (0.00ns) (grouped into LUT with out node or_ln)   --->   "%tmp_102 = bitselect i1 @_ssdm_op_BitSelect.i1.i32.i32, i32 %add_ln70, i32 31" [pedal_top.cpp:70]   --->   Operation 522 'bitselect' 'tmp_102' <Predicate = (sw4)> <Delay = 0.00>
ST_18 : Operation 523 [1/1] (0.00ns) (grouped into LUT with out node or_ln)   --->   "%xor_ln70 = xor i1 %tmp_102, i1 1" [pedal_top.cpp:70]   --->   Operation 523 'xor' 'xor_ln70' <Predicate = (sw4)> <Delay = 0.00> <CoreInst = "LogicGate">   --->   Core 74 'LogicGate' <Latency = 0> <II = 1> <Delay = 0.28> <FuncUnit> <Opcode : 'and' 'or' 'xor'> <InPorts = 2> <OutPorts = 1>
ST_18 : Operation 524 [1/1] (0.00ns)   --->   "%tmp_103 = bitselect i1 @_ssdm_op_BitSelect.i1.i64.i32, i64 %zext_ln70_1, i32 %add_ln70" [pedal_top.cpp:70]   --->   Operation 524 'bitselect' 'tmp_103' <Predicate = (sw4)> <Delay = 0.00>
ST_18 : Operation 525 [1/1] (0.00ns) (grouped into LUT with out node or_ln)   --->   "%and_ln70 = and i1 %tmp_103, i1 %xor_ln70" [pedal_top.cpp:70]   --->   Operation 525 'and' 'and_ln70' <Predicate = (sw4)> <Delay = 0.00> <CoreInst = "LogicGate">   --->   Core 74 'LogicGate' <Latency = 0> <II = 1> <Delay = 0.28> <FuncUnit> <Opcode : 'and' 'or' 'xor'> <InPorts = 2> <OutPorts = 1>
ST_18 : Operation 526 [1/1] (0.00ns) (grouped into LUT with out node or_ln)   --->   "%or_ln70 = or i1 %and_ln70, i1 %phi_ln70" [pedal_top.cpp:70]   --->   Operation 526 'or' 'or_ln70' <Predicate = (sw4)> <Delay = 0.00> <CoreInst = "LogicGate">   --->   Core 74 'LogicGate' <Latency = 0> <II = 1> <Delay = 0.28> <FuncUnit> <Opcode : 'and' 'or' 'xor'> <InPorts = 2> <OutPorts = 1>
ST_18 : Operation 527 [1/1] (0.28ns) (out node of the LUT)   --->   "%or_ln = bitconcatenate i2 @_ssdm_op_BitConcatenate.i2.i1.i1, i1 0, i1 %or_ln70" [pedal_top.cpp:70]   --->   Operation 527 'bitconcatenate' 'or_ln' <Predicate = (sw4)> <Delay = 0.28>
ST_18 : Operation 528 [1/1] (1.01ns)   --->   "%icmp_ln70_4 = icmp_sgt  i32 %add_ln70, i32 0" [pedal_top.cpp:70]   --->   Operation 528 'icmp' 'icmp_ln70_4' <Predicate = (sw4)> <Delay = 1.01> <CoreInst = "Cmp">   --->   Core 9 'Cmp' <Latency = 0> <II = 1> <Delay = 1.01> <FuncUnit> <Opcode : 'seteq' 'setne' 'setle' 'setge' 'setlt' 'setgt'> <InPorts = 2> <OutPorts = 1>
ST_18 : Operation 529 [1/1] (1.01ns)   --->   "%add_ln70_2 = add i32 %sub_ln70_1, i32 4294967271" [pedal_top.cpp:70]   --->   Operation 529 'add' 'add_ln70_2' <Predicate = (sw4)> <Delay = 1.01> <CoreInst = "Adder">   --->   Core 1 'Adder' <Latency = 0> <II = 1> <Delay = 1.01> <FuncUnit> <Opcode : 'add' 'sub'> <InPorts = 2> <OutPorts = 1>
ST_18 : Operation 530 [1/1] (0.00ns)   --->   "%zext_ln70_2 = zext i32 %add_ln70_2" [pedal_top.cpp:70]   --->   Operation 530 'zext' 'zext_ln70_2' <Predicate = (sw4)> <Delay = 0.00>
ST_18 : Operation 531 [1/1] (1.49ns)   --->   "%lshr_ln70 = lshr i64 %zext_ln70_1, i64 %zext_ln70_2" [pedal_top.cpp:70]   --->   Operation 531 'lshr' 'lshr_ln70' <Predicate = (sw4)> <Delay = 1.49> <CoreInst = "Shifter">   --->   Core 75 'Shifter' <Latency = 0> <II = 1> <Delay = 1.49> <FuncUnit> <Opcode : 'shl' 'lshr' 'ashr'> <InPorts = 2> <OutPorts = 1>
ST_18 : Operation 532 [1/1] (1.01ns)   --->   "%sub_ln70_2 = sub i32 25, i32 %sub_ln70_1" [pedal_top.cpp:70]   --->   Operation 532 'sub' 'sub_ln70_2' <Predicate = (sw4)> <Delay = 1.01> <CoreInst = "Adder">   --->   Core 1 'Adder' <Latency = 0> <II = 1> <Delay = 1.01> <FuncUnit> <Opcode : 'add' 'sub'> <InPorts = 2> <OutPorts = 1>
ST_18 : Operation 533 [1/1] (0.00ns)   --->   "%zext_ln70_3 = zext i32 %sub_ln70_2" [pedal_top.cpp:70]   --->   Operation 533 'zext' 'zext_ln70_3' <Predicate = (sw4)> <Delay = 0.00>
ST_18 : Operation 534 [1/1] (1.49ns)   --->   "%shl_ln70 = shl i64 %zext_ln70_1, i64 %zext_ln70_3" [pedal_top.cpp:70]   --->   Operation 534 'shl' 'shl_ln70' <Predicate = (sw4)> <Delay = 1.49> <CoreInst = "Shifter">   --->   Core 75 'Shifter' <Latency = 0> <II = 1> <Delay = 1.49> <FuncUnit> <Opcode : 'shl' 'lshr' 'ashr'> <InPorts = 2> <OutPorts = 1>
ST_18 : Operation 535 [1/1] (0.00ns) (grouped into LUT with out node add_ln70_3)   --->   "%cond47_i_i = select i1 %icmp_ln70_4, i64 %lshr_ln70, i64 %shl_ln70" [pedal_top.cpp:70]   --->   Operation 535 'select' 'cond47_i_i' <Predicate = (sw4)> <Delay = 0.00> <CoreInst = "Sel">   --->   Core 73 'Sel' <Latency = 0> <II = 1> <Delay = 0.42> <FuncUnit> <Opcode : 'select'> <InPorts = 3> <OutPorts = 1>
ST_18 : Operation 536 [1/1] (0.00ns) (grouped into LUT with out node add_ln70_3)   --->   "%zext_ln70_4 = zext i2 %or_ln" [pedal_top.cpp:70]   --->   Operation 536 'zext' 'zext_ln70_4' <Predicate = (sw4)> <Delay = 0.00>
ST_18 : Operation 537 [1/1] (1.08ns) (out node of the LUT)   --->   "%add_ln70_3 = add i64 %cond47_i_i, i64 %zext_ln70_4" [pedal_top.cpp:70]   --->   Operation 537 'add' 'add_ln70_3' <Predicate = (sw4)> <Delay = 1.08> <CoreInst = "Adder">   --->   Core 1 'Adder' <Latency = 0> <II = 1> <Delay = 1.08> <FuncUnit> <Opcode : 'add' 'sub'> <InPorts = 2> <OutPorts = 1>
ST_18 : Operation 538 [1/1] (0.00ns)   --->   "%lshr_ln70_2 = partselect i63 @_ssdm_op_PartSelect.i63.i64.i32.i32, i64 %add_ln70_3, i32 1, i32 63" [pedal_top.cpp:70]   --->   Operation 538 'partselect' 'lshr_ln70_2' <Predicate = (sw4)> <Delay = 0.00>
ST_18 : Operation 539 [1/1] (0.00ns)   --->   "%zext_ln70_5 = zext i63 %lshr_ln70_2" [pedal_top.cpp:70]   --->   Operation 539 'zext' 'zext_ln70_5' <Predicate = (sw4)> <Delay = 0.00>
ST_18 : Operation 540 [1/1] (0.00ns)   --->   "%tmp_104 = bitselect i1 @_ssdm_op_BitSelect.i1.i64.i32, i64 %add_ln70_3, i32 25" [pedal_top.cpp:70]   --->   Operation 540 'bitselect' 'tmp_104' <Predicate = (sw4)> <Delay = 0.00>
ST_18 : Operation 541 [1/1] (0.39ns)   --->   "%select_ln70_2 = select i1 %tmp_104, i8 127, i8 126" [pedal_top.cpp:70]   --->   Operation 541 'select' 'select_ln70_2' <Predicate = (sw4)> <Delay = 0.39> <CoreInst = "Sel">   --->   Core 73 'Sel' <Latency = 0> <II = 1> <Delay = 0.39> <FuncUnit> <Opcode : 'select'> <InPorts = 3> <OutPorts = 1>
ST_18 : Operation 542 [1/1] (0.00ns) (grouped into TernaryAdder)   --->   "%sub_ln70_3 = sub i8 32, i8 %trunc_ln70_3" [pedal_top.cpp:70]   --->   Operation 542 'sub' 'sub_ln70_3' <Predicate = (sw4)> <Delay = 0.00> <CoreInst = "TAddSub">   --->   Core 10 'TAddSub' <Latency = 0> <II = 1> <Delay = 0.38> <IPBlock> <Opcode : '' 'add' 'sub'> <InPorts = 3> <OutPorts = 1> <Sync> <CReg>
ST_18 : Operation 543 [1/1] (1.05ns) (root node of TernaryAdder)   --->   "%add_ln70_4 = add i8 %sub_ln70_3, i8 %select_ln70_2" [pedal_top.cpp:70]   --->   Operation 543 'add' 'add_ln70_4' <Predicate = (sw4)> <Delay = 1.05> <CoreInst = "TAddSub">   --->   Core 10 'TAddSub' <Latency = 0> <II = 1> <Delay = 0.38> <IPBlock> <Opcode : '' 'add' 'sub'> <InPorts = 3> <OutPorts = 1> <Sync> <CReg>
ST_18 : Operation 544 [1/1] (0.00ns)   --->   "%tmp_91 = bitconcatenate i9 @_ssdm_op_BitConcatenate.i9.i1.i8, i1 %tmp_100, i8 %add_ln70_4" [pedal_top.cpp:70]   --->   Operation 544 'bitconcatenate' 'tmp_91' <Predicate = (sw4)> <Delay = 0.00>
ST_18 : Operation 545 [1/1] (0.00ns)   --->   "%pi_assign = partset i64 @_ssdm_op_PartSet.i64.i64.i9.i32.i32, i64 %zext_ln70_5, i9 %tmp_91, i32 23, i32 31" [pedal_top.cpp:70]   --->   Operation 545 'partset' 'pi_assign' <Predicate = (sw4)> <Delay = 0.00>
ST_18 : Operation 546 [1/1] (0.00ns)   --->   "%LD_2 = trunc i64 %pi_assign" [pedal_top.cpp:70]   --->   Operation 546 'trunc' 'LD_2' <Predicate = (sw4)> <Delay = 0.00>
ST_18 : Operation 547 [1/1] (0.00ns)   --->   "%bitcast_ln758 = bitcast i32 %LD_2" [pedal_top.cpp:70]   --->   Operation 547 'bitcast' 'bitcast_ln758' <Predicate = (sw4)> <Delay = 0.00>
ST_18 : Operation 548 [1/1] (0.44ns)   --->   "%retval_0_i_i = select i1 %icmp_ln70, i32 0, i32 %bitcast_ln758" [pedal_top.cpp:70]   --->   Operation 548 'select' 'retval_0_i_i' <Predicate = (sw4)> <Delay = 0.44> <CoreInst = "Sel">   --->   Core 73 'Sel' <Latency = 0> <II = 1> <Delay = 0.44> <FuncUnit> <Opcode : 'select'> <InPorts = 3> <OutPorts = 1>

State 19 <SV = 18> <Delay = 10.6>
ST_19 : Operation 549 [23/39] (10.6ns)   --->   "%sample_data_5 = call i16 @soft_clipping_distortion, i32 %sample_data_3, i58 %table_exp_Z1_ap_ufixed_58_1_ap_q_mode_5_ap_o_mode_3_0_array, i26 %table_f_Z3_ap_ufixed_59_0_ap_q_mode_5_ap_o_mode_3_0_array, i42 %table_f_Z2_ap_ufixed_59_0_ap_q_mode_5_ap_o_mode_3_0_array" [pedal_top.cpp:45]   --->   Operation 549 'call' 'sample_data_5' <Predicate = (sw1)> <Delay = 10.6> <CoreType = "Generic">   --->   Core 0 '' <Latency = 0> <II = 1> <Delay = 1.00> <Generic> <Opcode : >
ST_19 : Operation 550 [3/3] (10.5ns)   --->   "%raw_pos = fadd i32 %conv1, i32 %retval_0_i_i" [pedal_top.cpp:70]   --->   Operation 550 'fadd' 'raw_pos' <Predicate = (sw4)> <Delay = 10.5> <CoreInst = "FAddSub_fulldsp">   --->   Core 18 'FAddSub_fulldsp' <Latency = 2> <II = 1> <Delay = 10.5> <FuncUnit> <Opcode : 'fadd' 'fsub'> <InPorts = 2> <OutPorts = 1>

State 20 <SV = 19> <Delay = 10.6>
ST_20 : Operation 551 [22/39] (10.6ns)   --->   "%sample_data_5 = call i16 @soft_clipping_distortion, i32 %sample_data_3, i58 %table_exp_Z1_ap_ufixed_58_1_ap_q_mode_5_ap_o_mode_3_0_array, i26 %table_f_Z3_ap_ufixed_59_0_ap_q_mode_5_ap_o_mode_3_0_array, i42 %table_f_Z2_ap_ufixed_59_0_ap_q_mode_5_ap_o_mode_3_0_array" [pedal_top.cpp:45]   --->   Operation 551 'call' 'sample_data_5' <Predicate = (sw1)> <Delay = 10.6> <CoreType = "Generic">   --->   Core 0 '' <Latency = 0> <II = 1> <Delay = 1.00> <Generic> <Opcode : >
ST_20 : Operation 552 [2/3] (10.5ns)   --->   "%raw_pos = fadd i32 %conv1, i32 %retval_0_i_i" [pedal_top.cpp:70]   --->   Operation 552 'fadd' 'raw_pos' <Predicate = (sw4)> <Delay = 10.5> <CoreInst = "FAddSub_fulldsp">   --->   Core 18 'FAddSub_fulldsp' <Latency = 2> <II = 1> <Delay = 10.5> <FuncUnit> <Opcode : 'fadd' 'fsub'> <InPorts = 2> <OutPorts = 1>

State 21 <SV = 20> <Delay = 10.6>
ST_21 : Operation 553 [21/39] (10.6ns)   --->   "%sample_data_5 = call i16 @soft_clipping_distortion, i32 %sample_data_3, i58 %table_exp_Z1_ap_ufixed_58_1_ap_q_mode_5_ap_o_mode_3_0_array, i26 %table_f_Z3_ap_ufixed_59_0_ap_q_mode_5_ap_o_mode_3_0_array, i42 %table_f_Z2_ap_ufixed_59_0_ap_q_mode_5_ap_o_mode_3_0_array" [pedal_top.cpp:45]   --->   Operation 553 'call' 'sample_data_5' <Predicate = (sw1)> <Delay = 10.6> <CoreType = "Generic">   --->   Core 0 '' <Latency = 0> <II = 1> <Delay = 1.00> <Generic> <Opcode : >
ST_21 : Operation 554 [1/3] (10.5ns)   --->   "%raw_pos = fadd i32 %conv1, i32 %retval_0_i_i" [pedal_top.cpp:70]   --->   Operation 554 'fadd' 'raw_pos' <Predicate = (sw4)> <Delay = 10.5> <CoreInst = "FAddSub_fulldsp">   --->   Core 18 'FAddSub_fulldsp' <Latency = 2> <II = 1> <Delay = 10.5> <FuncUnit> <Opcode : 'fadd' 'fsub'> <InPorts = 2> <OutPorts = 1>

State 22 <SV = 21> <Delay = 10.6>
ST_22 : Operation 555 [20/39] (10.6ns)   --->   "%sample_data_5 = call i16 @soft_clipping_distortion, i32 %sample_data_3, i58 %table_exp_Z1_ap_ufixed_58_1_ap_q_mode_5_ap_o_mode_3_0_array, i26 %table_f_Z3_ap_ufixed_59_0_ap_q_mode_5_ap_o_mode_3_0_array, i42 %table_f_Z2_ap_ufixed_59_0_ap_q_mode_5_ap_o_mode_3_0_array" [pedal_top.cpp:45]   --->   Operation 555 'call' 'sample_data_5' <Predicate = (sw1)> <Delay = 10.6> <CoreType = "Generic">   --->   Core 0 '' <Latency = 0> <II = 1> <Delay = 1.00> <Generic> <Opcode : >
ST_22 : Operation 556 [3/3] (10.5ns)   --->   "%x_assign_1 = fadd i32 %raw_pos, i32 1102" [pedal_top.cpp:71]   --->   Operation 556 'fadd' 'x_assign_1' <Predicate = (sw4)> <Delay = 10.5> <CoreInst = "FAddSub_fulldsp">   --->   Core 18 'FAddSub_fulldsp' <Latency = 2> <II = 1> <Delay = 10.5> <FuncUnit> <Opcode : 'fadd' 'fsub'> <InPorts = 2> <OutPorts = 1>

State 23 <SV = 22> <Delay = 10.6>
ST_23 : Operation 557 [19/39] (10.6ns)   --->   "%sample_data_5 = call i16 @soft_clipping_distortion, i32 %sample_data_3, i58 %table_exp_Z1_ap_ufixed_58_1_ap_q_mode_5_ap_o_mode_3_0_array, i26 %table_f_Z3_ap_ufixed_59_0_ap_q_mode_5_ap_o_mode_3_0_array, i42 %table_f_Z2_ap_ufixed_59_0_ap_q_mode_5_ap_o_mode_3_0_array" [pedal_top.cpp:45]   --->   Operation 557 'call' 'sample_data_5' <Predicate = (sw1)> <Delay = 10.6> <CoreType = "Generic">   --->   Core 0 '' <Latency = 0> <II = 1> <Delay = 1.00> <Generic> <Opcode : >
ST_23 : Operation 558 [2/3] (10.5ns)   --->   "%x_assign_1 = fadd i32 %raw_pos, i32 1102" [pedal_top.cpp:71]   --->   Operation 558 'fadd' 'x_assign_1' <Predicate = (sw4)> <Delay = 10.5> <CoreInst = "FAddSub_fulldsp">   --->   Core 18 'FAddSub_fulldsp' <Latency = 2> <II = 1> <Delay = 10.5> <FuncUnit> <Opcode : 'fadd' 'fsub'> <InPorts = 2> <OutPorts = 1>

State 24 <SV = 23> <Delay = 10.6>
ST_24 : Operation 559 [18/39] (10.6ns)   --->   "%sample_data_5 = call i16 @soft_clipping_distortion, i32 %sample_data_3, i58 %table_exp_Z1_ap_ufixed_58_1_ap_q_mode_5_ap_o_mode_3_0_array, i26 %table_f_Z3_ap_ufixed_59_0_ap_q_mode_5_ap_o_mode_3_0_array, i42 %table_f_Z2_ap_ufixed_59_0_ap_q_mode_5_ap_o_mode_3_0_array" [pedal_top.cpp:45]   --->   Operation 559 'call' 'sample_data_5' <Predicate = (sw1)> <Delay = 10.6> <CoreType = "Generic">   --->   Core 0 '' <Latency = 0> <II = 1> <Delay = 1.00> <Generic> <Opcode : >
ST_24 : Operation 560 [1/3] (10.5ns)   --->   "%x_assign_1 = fadd i32 %raw_pos, i32 1102" [pedal_top.cpp:71]   --->   Operation 560 'fadd' 'x_assign_1' <Predicate = (sw4)> <Delay = 10.5> <CoreInst = "FAddSub_fulldsp">   --->   Core 18 'FAddSub_fulldsp' <Latency = 2> <II = 1> <Delay = 10.5> <FuncUnit> <Opcode : 'fadd' 'fsub'> <InPorts = 2> <OutPorts = 1>

State 25 <SV = 24> <Delay = 10.6>
ST_25 : Operation 561 [17/39] (10.6ns)   --->   "%sample_data_5 = call i16 @soft_clipping_distortion, i32 %sample_data_3, i58 %table_exp_Z1_ap_ufixed_58_1_ap_q_mode_5_ap_o_mode_3_0_array, i26 %table_f_Z3_ap_ufixed_59_0_ap_q_mode_5_ap_o_mode_3_0_array, i42 %table_f_Z2_ap_ufixed_59_0_ap_q_mode_5_ap_o_mode_3_0_array" [pedal_top.cpp:45]   --->   Operation 561 'call' 'sample_data_5' <Predicate = (sw1)> <Delay = 10.6> <CoreType = "Generic">   --->   Core 0 '' <Latency = 0> <II = 1> <Delay = 1.00> <Generic> <Opcode : >
ST_25 : Operation 562 [14/14] (1.38ns)   --->   "%pos = call i32 @generic_fmod_mult<float>, i32 %x_assign_1" [C:\scratch\2024.1\hls_product\545\2024.1\src\shared\hls\clib\hlsmath\src\c++\fmodfloat.cpp:7->C:\scratch\2024.1\hls_product\545\2024.1\src\shared\hls\clib\hlsmath\src\c++\fmodfloat.cpp:11->pedal_top.cpp:71]   --->   Operation 562 'call' 'pos' <Predicate = (sw4)> <Delay = 1.38> <CoreType = "Generic">   --->   Core 0 '' <Latency = 0> <II = 1> <Delay = 1.00> <Generic> <Opcode : >

State 26 <SV = 25> <Delay = 10.9>
ST_26 : Operation 563 [16/39] (10.6ns)   --->   "%sample_data_5 = call i16 @soft_clipping_distortion, i32 %sample_data_3, i58 %table_exp_Z1_ap_ufixed_58_1_ap_q_mode_5_ap_o_mode_3_0_array, i26 %table_f_Z3_ap_ufixed_59_0_ap_q_mode_5_ap_o_mode_3_0_array, i42 %table_f_Z2_ap_ufixed_59_0_ap_q_mode_5_ap_o_mode_3_0_array" [pedal_top.cpp:45]   --->   Operation 563 'call' 'sample_data_5' <Predicate = (sw1)> <Delay = 10.6> <CoreType = "Generic">   --->   Core 0 '' <Latency = 0> <II = 1> <Delay = 1.00> <Generic> <Opcode : >
ST_26 : Operation 564 [13/14] (10.9ns)   --->   "%pos = call i32 @generic_fmod_mult<float>, i32 %x_assign_1" [C:\scratch\2024.1\hls_product\545\2024.1\src\shared\hls\clib\hlsmath\src\c++\fmodfloat.cpp:7->C:\scratch\2024.1\hls_product\545\2024.1\src\shared\hls\clib\hlsmath\src\c++\fmodfloat.cpp:11->pedal_top.cpp:71]   --->   Operation 564 'call' 'pos' <Predicate = (sw4)> <Delay = 10.9> <CoreType = "Generic">   --->   Core 0 '' <Latency = 0> <II = 1> <Delay = 1.00> <Generic> <Opcode : >

State 27 <SV = 26> <Delay = 10.9>
ST_27 : Operation 565 [15/39] (10.6ns)   --->   "%sample_data_5 = call i16 @soft_clipping_distortion, i32 %sample_data_3, i58 %table_exp_Z1_ap_ufixed_58_1_ap_q_mode_5_ap_o_mode_3_0_array, i26 %table_f_Z3_ap_ufixed_59_0_ap_q_mode_5_ap_o_mode_3_0_array, i42 %table_f_Z2_ap_ufixed_59_0_ap_q_mode_5_ap_o_mode_3_0_array" [pedal_top.cpp:45]   --->   Operation 565 'call' 'sample_data_5' <Predicate = (sw1)> <Delay = 10.6> <CoreType = "Generic">   --->   Core 0 '' <Latency = 0> <II = 1> <Delay = 1.00> <Generic> <Opcode : >
ST_27 : Operation 566 [12/14] (10.9ns)   --->   "%pos = call i32 @generic_fmod_mult<float>, i32 %x_assign_1" [C:\scratch\2024.1\hls_product\545\2024.1\src\shared\hls\clib\hlsmath\src\c++\fmodfloat.cpp:7->C:\scratch\2024.1\hls_product\545\2024.1\src\shared\hls\clib\hlsmath\src\c++\fmodfloat.cpp:11->pedal_top.cpp:71]   --->   Operation 566 'call' 'pos' <Predicate = (sw4)> <Delay = 10.9> <CoreType = "Generic">   --->   Core 0 '' <Latency = 0> <II = 1> <Delay = 1.00> <Generic> <Opcode : >

State 28 <SV = 27> <Delay = 10.9>
ST_28 : Operation 567 [14/39] (10.6ns)   --->   "%sample_data_5 = call i16 @soft_clipping_distortion, i32 %sample_data_3, i58 %table_exp_Z1_ap_ufixed_58_1_ap_q_mode_5_ap_o_mode_3_0_array, i26 %table_f_Z3_ap_ufixed_59_0_ap_q_mode_5_ap_o_mode_3_0_array, i42 %table_f_Z2_ap_ufixed_59_0_ap_q_mode_5_ap_o_mode_3_0_array" [pedal_top.cpp:45]   --->   Operation 567 'call' 'sample_data_5' <Predicate = (sw1)> <Delay = 10.6> <CoreType = "Generic">   --->   Core 0 '' <Latency = 0> <II = 1> <Delay = 1.00> <Generic> <Opcode : >
ST_28 : Operation 568 [11/14] (10.9ns)   --->   "%pos = call i32 @generic_fmod_mult<float>, i32 %x_assign_1" [C:\scratch\2024.1\hls_product\545\2024.1\src\shared\hls\clib\hlsmath\src\c++\fmodfloat.cpp:7->C:\scratch\2024.1\hls_product\545\2024.1\src\shared\hls\clib\hlsmath\src\c++\fmodfloat.cpp:11->pedal_top.cpp:71]   --->   Operation 568 'call' 'pos' <Predicate = (sw4)> <Delay = 10.9> <CoreType = "Generic">   --->   Core 0 '' <Latency = 0> <II = 1> <Delay = 1.00> <Generic> <Opcode : >

State 29 <SV = 28> <Delay = 10.9>
ST_29 : Operation 569 [13/39] (10.6ns)   --->   "%sample_data_5 = call i16 @soft_clipping_distortion, i32 %sample_data_3, i58 %table_exp_Z1_ap_ufixed_58_1_ap_q_mode_5_ap_o_mode_3_0_array, i26 %table_f_Z3_ap_ufixed_59_0_ap_q_mode_5_ap_o_mode_3_0_array, i42 %table_f_Z2_ap_ufixed_59_0_ap_q_mode_5_ap_o_mode_3_0_array" [pedal_top.cpp:45]   --->   Operation 569 'call' 'sample_data_5' <Predicate = (sw1)> <Delay = 10.6> <CoreType = "Generic">   --->   Core 0 '' <Latency = 0> <II = 1> <Delay = 1.00> <Generic> <Opcode : >
ST_29 : Operation 570 [10/14] (10.9ns)   --->   "%pos = call i32 @generic_fmod_mult<float>, i32 %x_assign_1" [C:\scratch\2024.1\hls_product\545\2024.1\src\shared\hls\clib\hlsmath\src\c++\fmodfloat.cpp:7->C:\scratch\2024.1\hls_product\545\2024.1\src\shared\hls\clib\hlsmath\src\c++\fmodfloat.cpp:11->pedal_top.cpp:71]   --->   Operation 570 'call' 'pos' <Predicate = (sw4)> <Delay = 10.9> <CoreType = "Generic">   --->   Core 0 '' <Latency = 0> <II = 1> <Delay = 1.00> <Generic> <Opcode : >

State 30 <SV = 29> <Delay = 10.9>
ST_30 : Operation 571 [12/39] (10.6ns)   --->   "%sample_data_5 = call i16 @soft_clipping_distortion, i32 %sample_data_3, i58 %table_exp_Z1_ap_ufixed_58_1_ap_q_mode_5_ap_o_mode_3_0_array, i26 %table_f_Z3_ap_ufixed_59_0_ap_q_mode_5_ap_o_mode_3_0_array, i42 %table_f_Z2_ap_ufixed_59_0_ap_q_mode_5_ap_o_mode_3_0_array" [pedal_top.cpp:45]   --->   Operation 571 'call' 'sample_data_5' <Predicate = (sw1)> <Delay = 10.6> <CoreType = "Generic">   --->   Core 0 '' <Latency = 0> <II = 1> <Delay = 1.00> <Generic> <Opcode : >
ST_30 : Operation 572 [9/14] (10.9ns)   --->   "%pos = call i32 @generic_fmod_mult<float>, i32 %x_assign_1" [C:\scratch\2024.1\hls_product\545\2024.1\src\shared\hls\clib\hlsmath\src\c++\fmodfloat.cpp:7->C:\scratch\2024.1\hls_product\545\2024.1\src\shared\hls\clib\hlsmath\src\c++\fmodfloat.cpp:11->pedal_top.cpp:71]   --->   Operation 572 'call' 'pos' <Predicate = (sw4)> <Delay = 10.9> <CoreType = "Generic">   --->   Core 0 '' <Latency = 0> <II = 1> <Delay = 1.00> <Generic> <Opcode : >

State 31 <SV = 30> <Delay = 10.9>
ST_31 : Operation 573 [11/39] (10.6ns)   --->   "%sample_data_5 = call i16 @soft_clipping_distortion, i32 %sample_data_3, i58 %table_exp_Z1_ap_ufixed_58_1_ap_q_mode_5_ap_o_mode_3_0_array, i26 %table_f_Z3_ap_ufixed_59_0_ap_q_mode_5_ap_o_mode_3_0_array, i42 %table_f_Z2_ap_ufixed_59_0_ap_q_mode_5_ap_o_mode_3_0_array" [pedal_top.cpp:45]   --->   Operation 573 'call' 'sample_data_5' <Predicate = (sw1)> <Delay = 10.6> <CoreType = "Generic">   --->   Core 0 '' <Latency = 0> <II = 1> <Delay = 1.00> <Generic> <Opcode : >
ST_31 : Operation 574 [8/14] (10.9ns)   --->   "%pos = call i32 @generic_fmod_mult<float>, i32 %x_assign_1" [C:\scratch\2024.1\hls_product\545\2024.1\src\shared\hls\clib\hlsmath\src\c++\fmodfloat.cpp:7->C:\scratch\2024.1\hls_product\545\2024.1\src\shared\hls\clib\hlsmath\src\c++\fmodfloat.cpp:11->pedal_top.cpp:71]   --->   Operation 574 'call' 'pos' <Predicate = (sw4)> <Delay = 10.9> <CoreType = "Generic">   --->   Core 0 '' <Latency = 0> <II = 1> <Delay = 1.00> <Generic> <Opcode : >

State 32 <SV = 31> <Delay = 10.9>
ST_32 : Operation 575 [10/39] (10.6ns)   --->   "%sample_data_5 = call i16 @soft_clipping_distortion, i32 %sample_data_3, i58 %table_exp_Z1_ap_ufixed_58_1_ap_q_mode_5_ap_o_mode_3_0_array, i26 %table_f_Z3_ap_ufixed_59_0_ap_q_mode_5_ap_o_mode_3_0_array, i42 %table_f_Z2_ap_ufixed_59_0_ap_q_mode_5_ap_o_mode_3_0_array" [pedal_top.cpp:45]   --->   Operation 575 'call' 'sample_data_5' <Predicate = (sw1)> <Delay = 10.6> <CoreType = "Generic">   --->   Core 0 '' <Latency = 0> <II = 1> <Delay = 1.00> <Generic> <Opcode : >
ST_32 : Operation 576 [7/14] (10.9ns)   --->   "%pos = call i32 @generic_fmod_mult<float>, i32 %x_assign_1" [C:\scratch\2024.1\hls_product\545\2024.1\src\shared\hls\clib\hlsmath\src\c++\fmodfloat.cpp:7->C:\scratch\2024.1\hls_product\545\2024.1\src\shared\hls\clib\hlsmath\src\c++\fmodfloat.cpp:11->pedal_top.cpp:71]   --->   Operation 576 'call' 'pos' <Predicate = (sw4)> <Delay = 10.9> <CoreType = "Generic">   --->   Core 0 '' <Latency = 0> <II = 1> <Delay = 1.00> <Generic> <Opcode : >

State 33 <SV = 32> <Delay = 10.9>
ST_33 : Operation 577 [9/39] (10.6ns)   --->   "%sample_data_5 = call i16 @soft_clipping_distortion, i32 %sample_data_3, i58 %table_exp_Z1_ap_ufixed_58_1_ap_q_mode_5_ap_o_mode_3_0_array, i26 %table_f_Z3_ap_ufixed_59_0_ap_q_mode_5_ap_o_mode_3_0_array, i42 %table_f_Z2_ap_ufixed_59_0_ap_q_mode_5_ap_o_mode_3_0_array" [pedal_top.cpp:45]   --->   Operation 577 'call' 'sample_data_5' <Predicate = (sw1)> <Delay = 10.6> <CoreType = "Generic">   --->   Core 0 '' <Latency = 0> <II = 1> <Delay = 1.00> <Generic> <Opcode : >
ST_33 : Operation 578 [6/14] (10.9ns)   --->   "%pos = call i32 @generic_fmod_mult<float>, i32 %x_assign_1" [C:\scratch\2024.1\hls_product\545\2024.1\src\shared\hls\clib\hlsmath\src\c++\fmodfloat.cpp:7->C:\scratch\2024.1\hls_product\545\2024.1\src\shared\hls\clib\hlsmath\src\c++\fmodfloat.cpp:11->pedal_top.cpp:71]   --->   Operation 578 'call' 'pos' <Predicate = (sw4)> <Delay = 10.9> <CoreType = "Generic">   --->   Core 0 '' <Latency = 0> <II = 1> <Delay = 1.00> <Generic> <Opcode : >

State 34 <SV = 33> <Delay = 10.9>
ST_34 : Operation 579 [8/39] (10.6ns)   --->   "%sample_data_5 = call i16 @soft_clipping_distortion, i32 %sample_data_3, i58 %table_exp_Z1_ap_ufixed_58_1_ap_q_mode_5_ap_o_mode_3_0_array, i26 %table_f_Z3_ap_ufixed_59_0_ap_q_mode_5_ap_o_mode_3_0_array, i42 %table_f_Z2_ap_ufixed_59_0_ap_q_mode_5_ap_o_mode_3_0_array" [pedal_top.cpp:45]   --->   Operation 579 'call' 'sample_data_5' <Predicate = (sw1)> <Delay = 10.6> <CoreType = "Generic">   --->   Core 0 '' <Latency = 0> <II = 1> <Delay = 1.00> <Generic> <Opcode : >
ST_34 : Operation 580 [5/14] (10.9ns)   --->   "%pos = call i32 @generic_fmod_mult<float>, i32 %x_assign_1" [C:\scratch\2024.1\hls_product\545\2024.1\src\shared\hls\clib\hlsmath\src\c++\fmodfloat.cpp:7->C:\scratch\2024.1\hls_product\545\2024.1\src\shared\hls\clib\hlsmath\src\c++\fmodfloat.cpp:11->pedal_top.cpp:71]   --->   Operation 580 'call' 'pos' <Predicate = (sw4)> <Delay = 10.9> <CoreType = "Generic">   --->   Core 0 '' <Latency = 0> <II = 1> <Delay = 1.00> <Generic> <Opcode : >

State 35 <SV = 34> <Delay = 10.9>
ST_35 : Operation 581 [7/39] (10.6ns)   --->   "%sample_data_5 = call i16 @soft_clipping_distortion, i32 %sample_data_3, i58 %table_exp_Z1_ap_ufixed_58_1_ap_q_mode_5_ap_o_mode_3_0_array, i26 %table_f_Z3_ap_ufixed_59_0_ap_q_mode_5_ap_o_mode_3_0_array, i42 %table_f_Z2_ap_ufixed_59_0_ap_q_mode_5_ap_o_mode_3_0_array" [pedal_top.cpp:45]   --->   Operation 581 'call' 'sample_data_5' <Predicate = (sw1)> <Delay = 10.6> <CoreType = "Generic">   --->   Core 0 '' <Latency = 0> <II = 1> <Delay = 1.00> <Generic> <Opcode : >
ST_35 : Operation 582 [4/14] (10.9ns)   --->   "%pos = call i32 @generic_fmod_mult<float>, i32 %x_assign_1" [C:\scratch\2024.1\hls_product\545\2024.1\src\shared\hls\clib\hlsmath\src\c++\fmodfloat.cpp:7->C:\scratch\2024.1\hls_product\545\2024.1\src\shared\hls\clib\hlsmath\src\c++\fmodfloat.cpp:11->pedal_top.cpp:71]   --->   Operation 582 'call' 'pos' <Predicate = (sw4)> <Delay = 10.9> <CoreType = "Generic">   --->   Core 0 '' <Latency = 0> <II = 1> <Delay = 1.00> <Generic> <Opcode : >

State 36 <SV = 35> <Delay = 10.9>
ST_36 : Operation 583 [6/39] (10.6ns)   --->   "%sample_data_5 = call i16 @soft_clipping_distortion, i32 %sample_data_3, i58 %table_exp_Z1_ap_ufixed_58_1_ap_q_mode_5_ap_o_mode_3_0_array, i26 %table_f_Z3_ap_ufixed_59_0_ap_q_mode_5_ap_o_mode_3_0_array, i42 %table_f_Z2_ap_ufixed_59_0_ap_q_mode_5_ap_o_mode_3_0_array" [pedal_top.cpp:45]   --->   Operation 583 'call' 'sample_data_5' <Predicate = (sw1)> <Delay = 10.6> <CoreType = "Generic">   --->   Core 0 '' <Latency = 0> <II = 1> <Delay = 1.00> <Generic> <Opcode : >
ST_36 : Operation 584 [3/14] (10.9ns)   --->   "%pos = call i32 @generic_fmod_mult<float>, i32 %x_assign_1" [C:\scratch\2024.1\hls_product\545\2024.1\src\shared\hls\clib\hlsmath\src\c++\fmodfloat.cpp:7->C:\scratch\2024.1\hls_product\545\2024.1\src\shared\hls\clib\hlsmath\src\c++\fmodfloat.cpp:11->pedal_top.cpp:71]   --->   Operation 584 'call' 'pos' <Predicate = (sw4)> <Delay = 10.9> <CoreType = "Generic">   --->   Core 0 '' <Latency = 0> <II = 1> <Delay = 1.00> <Generic> <Opcode : >

State 37 <SV = 36> <Delay = 10.9>
ST_37 : Operation 585 [5/39] (10.6ns)   --->   "%sample_data_5 = call i16 @soft_clipping_distortion, i32 %sample_data_3, i58 %table_exp_Z1_ap_ufixed_58_1_ap_q_mode_5_ap_o_mode_3_0_array, i26 %table_f_Z3_ap_ufixed_59_0_ap_q_mode_5_ap_o_mode_3_0_array, i42 %table_f_Z2_ap_ufixed_59_0_ap_q_mode_5_ap_o_mode_3_0_array" [pedal_top.cpp:45]   --->   Operation 585 'call' 'sample_data_5' <Predicate = (sw1)> <Delay = 10.6> <CoreType = "Generic">   --->   Core 0 '' <Latency = 0> <II = 1> <Delay = 1.00> <Generic> <Opcode : >
ST_37 : Operation 586 [2/14] (10.9ns)   --->   "%pos = call i32 @generic_fmod_mult<float>, i32 %x_assign_1" [C:\scratch\2024.1\hls_product\545\2024.1\src\shared\hls\clib\hlsmath\src\c++\fmodfloat.cpp:7->C:\scratch\2024.1\hls_product\545\2024.1\src\shared\hls\clib\hlsmath\src\c++\fmodfloat.cpp:11->pedal_top.cpp:71]   --->   Operation 586 'call' 'pos' <Predicate = (sw4)> <Delay = 10.9> <CoreType = "Generic">   --->   Core 0 '' <Latency = 0> <II = 1> <Delay = 1.00> <Generic> <Opcode : >

State 38 <SV = 37> <Delay = 10.6>
ST_38 : Operation 587 [4/39] (10.6ns)   --->   "%sample_data_5 = call i16 @soft_clipping_distortion, i32 %sample_data_3, i58 %table_exp_Z1_ap_ufixed_58_1_ap_q_mode_5_ap_o_mode_3_0_array, i26 %table_f_Z3_ap_ufixed_59_0_ap_q_mode_5_ap_o_mode_3_0_array, i42 %table_f_Z2_ap_ufixed_59_0_ap_q_mode_5_ap_o_mode_3_0_array" [pedal_top.cpp:45]   --->   Operation 587 'call' 'sample_data_5' <Predicate = (sw1)> <Delay = 10.6> <CoreType = "Generic">   --->   Core 0 '' <Latency = 0> <II = 1> <Delay = 1.00> <Generic> <Opcode : >
ST_38 : Operation 588 [1/14] (5.49ns)   --->   "%pos = call i32 @generic_fmod_mult<float>, i32 %x_assign_1" [C:\scratch\2024.1\hls_product\545\2024.1\src\shared\hls\clib\hlsmath\src\c++\fmodfloat.cpp:7->C:\scratch\2024.1\hls_product\545\2024.1\src\shared\hls\clib\hlsmath\src\c++\fmodfloat.cpp:11->pedal_top.cpp:71]   --->   Operation 588 'call' 'pos' <Predicate = (sw4)> <Delay = 5.49> <CoreType = "Generic">   --->   Core 0 '' <Latency = 0> <II = 1> <Delay = 1.00> <Generic> <Opcode : >
ST_38 : Operation 589 [1/1] (0.00ns)   --->   "%data_3 = bitcast i32 %pos" [C:\scratch\2024.1\hls_product\545\2024.1\src\shared\hls\clib/src/hls\utils/x_hls_utils.h:288->C:\scratch\2024.1\hls_product\545\2024.1\src\shared\hls\clib/hlsmath/include/FloatingPoint\hls_case_IEEE754.h:13->C:\scratch\2024.1\hls_product\545\2024.1\src\shared\hls\clib/hlsmath/include/FloatingPoint\hls_case_IEEE754.h:117->C:\scratch\2024.1\hls_product\545\2024.1\src\shared\hls\clib\hlsmath\src\lib_floatconversion.cpp:51->pedal_top.cpp:73]   --->   Operation 589 'bitcast' 'data_3' <Predicate = (sw4)> <Delay = 0.00>
ST_38 : Operation 590 [1/1] (0.00ns)   --->   "%xs_sign = bitselect i1 @_ssdm_op_BitSelect.i1.i32.i32, i32 %data_3, i32 31" [C:\scratch\2024.1\hls_product\545\2024.1\src\shared\hls\clib/src/hls\utils/x_hls_utils.h:294->C:\scratch\2024.1\hls_product\545\2024.1\src\shared\hls\clib/hlsmath/include/FloatingPoint\hls_case_IEEE754.h:13->C:\scratch\2024.1\hls_product\545\2024.1\src\shared\hls\clib/hlsmath/include/FloatingPoint\hls_case_IEEE754.h:117->C:\scratch\2024.1\hls_product\545\2024.1\src\shared\hls\clib\hlsmath\src\lib_floatconversion.cpp:51->pedal_top.cpp:73]   --->   Operation 590 'bitselect' 'xs_sign' <Predicate = (sw4)> <Delay = 0.00>
ST_38 : Operation 591 [1/1] (0.00ns)   --->   "%xs_exp = partselect i8 @_ssdm_op_PartSelect.i8.i32.i32.i32, i32 %data_3, i32 23, i32 30" [C:\scratch\2024.1\hls_product\545\2024.1\src\shared\hls\clib/src/hls\utils/x_hls_utils.h:295->C:\scratch\2024.1\hls_product\545\2024.1\src\shared\hls\clib/hlsmath/include/FloatingPoint\hls_case_IEEE754.h:13->C:\scratch\2024.1\hls_product\545\2024.1\src\shared\hls\clib/hlsmath/include/FloatingPoint\hls_case_IEEE754.h:117->C:\scratch\2024.1\hls_product\545\2024.1\src\shared\hls\clib\hlsmath\src\lib_floatconversion.cpp:51->pedal_top.cpp:73]   --->   Operation 591 'partselect' 'xs_exp' <Predicate = (sw4)> <Delay = 0.00>
ST_38 : Operation 592 [1/1] (0.00ns)   --->   "%trunc_ln342 = trunc i32 %data_3" [C:\scratch\2024.1\hls_product\545\2024.1\src\shared\hls\clib/src/hls\utils/x_hls_utils.h:342->C:\scratch\2024.1\hls_product\545\2024.1\src\shared\hls\clib/hlsmath/include/FloatingPoint\hls_case_IEEE754.h:15->C:\scratch\2024.1\hls_product\545\2024.1\src\shared\hls\clib/hlsmath/include/FloatingPoint\hls_case_IEEE754.h:117->C:\scratch\2024.1\hls_product\545\2024.1\src\shared\hls\clib\hlsmath\src\lib_floatconversion.cpp:51->pedal_top.cpp:73]   --->   Operation 592 'trunc' 'trunc_ln342' <Predicate = (sw4)> <Delay = 0.00>
ST_38 : Operation 593 [1/1] (0.00ns)   --->   "%mantissa = bitconcatenate i25 @_ssdm_op_BitConcatenate.i25.i1.i23.i1, i1 1, i23 %trunc_ln342, i1 0" [C:\scratch\2024.1\hls_product\545\2024.1\src\shared\hls\clib/hlsmath/include/FloatingPoint\hls_case_IEEE754.h:15->C:\scratch\2024.1\hls_product\545\2024.1\src\shared\hls\clib/hlsmath/include/FloatingPoint\hls_case_IEEE754.h:117->C:\scratch\2024.1\hls_product\545\2024.1\src\shared\hls\clib\hlsmath\src\lib_floatconversion.cpp:51->pedal_top.cpp:73]   --->   Operation 593 'bitconcatenate' 'mantissa' <Predicate = (sw4)> <Delay = 0.00>
ST_38 : Operation 594 [1/1] (0.00ns)   --->   "%zext_ln15_1 = zext i25 %mantissa" [C:\scratch\2024.1\hls_product\545\2024.1\src\shared\hls\clib/hlsmath/include/FloatingPoint\hls_case_IEEE754.h:15->C:\scratch\2024.1\hls_product\545\2024.1\src\shared\hls\clib/hlsmath/include/FloatingPoint\hls_case_IEEE754.h:117->C:\scratch\2024.1\hls_product\545\2024.1\src\shared\hls\clib\hlsmath\src\lib_floatconversion.cpp:51->pedal_top.cpp:73]   --->   Operation 594 'zext' 'zext_ln15_1' <Predicate = (sw4)> <Delay = 0.00>
ST_38 : Operation 595 [1/1] (0.00ns)   --->   "%zext_ln317 = zext i8 %xs_exp" [C:\scratch\2024.1\hls_product\545\2024.1\src\shared\hls\clib/src/hls\utils/x_hls_utils.h:317->C:\scratch\2024.1\hls_product\545\2024.1\src\shared\hls\clib/hlsmath/include/FloatingPoint\hls_case_IEEE754.h:18->C:\scratch\2024.1\hls_product\545\2024.1\src\shared\hls\clib/hlsmath/include/FloatingPoint\hls_case_IEEE754.h:117->C:\scratch\2024.1\hls_product\545\2024.1\src\shared\hls\clib\hlsmath\src\lib_floatconversion.cpp:51->pedal_top.cpp:73]   --->   Operation 595 'zext' 'zext_ln317' <Predicate = (sw4)> <Delay = 0.00>
ST_38 : Operation 596 [1/1] (0.76ns)   --->   "%add_ln317 = add i9 %zext_ln317, i9 385" [C:\scratch\2024.1\hls_product\545\2024.1\src\shared\hls\clib/src/hls\utils/x_hls_utils.h:317->C:\scratch\2024.1\hls_product\545\2024.1\src\shared\hls\clib/hlsmath/include/FloatingPoint\hls_case_IEEE754.h:18->C:\scratch\2024.1\hls_product\545\2024.1\src\shared\hls\clib/hlsmath/include/FloatingPoint\hls_case_IEEE754.h:117->C:\scratch\2024.1\hls_product\545\2024.1\src\shared\hls\clib\hlsmath\src\lib_floatconversion.cpp:51->pedal_top.cpp:73]   --->   Operation 596 'add' 'add_ln317' <Predicate = (sw4)> <Delay = 0.76> <CoreInst = "Adder">   --->   Core 1 'Adder' <Latency = 0> <II = 1> <Delay = 0.76> <FuncUnit> <Opcode : 'add' 'sub'> <InPorts = 2> <OutPorts = 1>
ST_38 : Operation 597 [1/1] (0.00ns)   --->   "%tmp_106 = bitselect i1 @_ssdm_op_BitSelect.i1.i9.i32, i9 %add_ln317, i32 8" [C:\scratch\2024.1\hls_product\545\2024.1\src\shared\hls\clib/hlsmath/include/FloatingPoint\hls_case_IEEE754.h:18->C:\scratch\2024.1\hls_product\545\2024.1\src\shared\hls\clib/hlsmath/include/FloatingPoint\hls_case_IEEE754.h:117->C:\scratch\2024.1\hls_product\545\2024.1\src\shared\hls\clib\hlsmath\src\lib_floatconversion.cpp:51->pedal_top.cpp:73]   --->   Operation 597 'bitselect' 'tmp_106' <Predicate = (sw4)> <Delay = 0.00>
ST_38 : Operation 598 [1/1] (0.76ns)   --->   "%sub_ln18 = sub i8 127, i8 %xs_exp" [C:\scratch\2024.1\hls_product\545\2024.1\src\shared\hls\clib/hlsmath/include/FloatingPoint\hls_case_IEEE754.h:18->C:\scratch\2024.1\hls_product\545\2024.1\src\shared\hls\clib/hlsmath/include/FloatingPoint\hls_case_IEEE754.h:117->C:\scratch\2024.1\hls_product\545\2024.1\src\shared\hls\clib\hlsmath\src\lib_floatconversion.cpp:51->pedal_top.cpp:73]   --->   Operation 598 'sub' 'sub_ln18' <Predicate = (sw4)> <Delay = 0.76> <CoreInst = "Adder">   --->   Core 1 'Adder' <Latency = 0> <II = 1> <Delay = 0.76> <FuncUnit> <Opcode : 'add' 'sub'> <InPorts = 2> <OutPorts = 1>
ST_38 : Operation 599 [1/1] (0.00ns)   --->   "%sext_ln18 = sext i8 %sub_ln18" [C:\scratch\2024.1\hls_product\545\2024.1\src\shared\hls\clib/hlsmath/include/FloatingPoint\hls_case_IEEE754.h:18->C:\scratch\2024.1\hls_product\545\2024.1\src\shared\hls\clib/hlsmath/include/FloatingPoint\hls_case_IEEE754.h:117->C:\scratch\2024.1\hls_product\545\2024.1\src\shared\hls\clib\hlsmath\src\lib_floatconversion.cpp:51->pedal_top.cpp:73]   --->   Operation 599 'sext' 'sext_ln18' <Predicate = (sw4)> <Delay = 0.00>
ST_38 : Operation 600 [1/1] (0.39ns)   --->   "%select_ln18 = select i1 %tmp_106, i9 %sext_ln18, i9 %add_ln317" [C:\scratch\2024.1\hls_product\545\2024.1\src\shared\hls\clib/hlsmath/include/FloatingPoint\hls_case_IEEE754.h:18->C:\scratch\2024.1\hls_product\545\2024.1\src\shared\hls\clib/hlsmath/include/FloatingPoint\hls_case_IEEE754.h:117->C:\scratch\2024.1\hls_product\545\2024.1\src\shared\hls\clib\hlsmath\src\lib_floatconversion.cpp:51->pedal_top.cpp:73]   --->   Operation 600 'select' 'select_ln18' <Predicate = (sw4)> <Delay = 0.39> <CoreInst = "Sel">   --->   Core 73 'Sel' <Latency = 0> <II = 1> <Delay = 0.39> <FuncUnit> <Opcode : 'select'> <InPorts = 3> <OutPorts = 1>
ST_38 : Operation 601 [1/1] (0.00ns)   --->   "%sext_ln18_1 = sext i9 %select_ln18" [C:\scratch\2024.1\hls_product\545\2024.1\src\shared\hls\clib/hlsmath/include/FloatingPoint\hls_case_IEEE754.h:18->C:\scratch\2024.1\hls_product\545\2024.1\src\shared\hls\clib/hlsmath/include/FloatingPoint\hls_case_IEEE754.h:117->C:\scratch\2024.1\hls_product\545\2024.1\src\shared\hls\clib\hlsmath\src\lib_floatconversion.cpp:51->pedal_top.cpp:73]   --->   Operation 601 'sext' 'sext_ln18_1' <Predicate = (sw4)> <Delay = 0.00>
ST_38 : Operation 602 [1/1] (0.00ns)   --->   "%zext_ln18 = zext i32 %sext_ln18_1" [C:\scratch\2024.1\hls_product\545\2024.1\src\shared\hls\clib/hlsmath/include/FloatingPoint\hls_case_IEEE754.h:18->C:\scratch\2024.1\hls_product\545\2024.1\src\shared\hls\clib/hlsmath/include/FloatingPoint\hls_case_IEEE754.h:117->C:\scratch\2024.1\hls_product\545\2024.1\src\shared\hls\clib\hlsmath\src\lib_floatconversion.cpp:51->pedal_top.cpp:73]   --->   Operation 602 'zext' 'zext_ln18' <Predicate = (sw4)> <Delay = 0.00>
ST_38 : Operation 603 [1/1] (1.38ns)   --->   "%lshr_ln18 = lshr i79 %zext_ln15_1, i79 %zext_ln18" [C:\scratch\2024.1\hls_product\545\2024.1\src\shared\hls\clib/hlsmath/include/FloatingPoint\hls_case_IEEE754.h:18->C:\scratch\2024.1\hls_product\545\2024.1\src\shared\hls\clib/hlsmath/include/FloatingPoint\hls_case_IEEE754.h:117->C:\scratch\2024.1\hls_product\545\2024.1\src\shared\hls\clib\hlsmath\src\lib_floatconversion.cpp:51->pedal_top.cpp:73]   --->   Operation 603 'lshr' 'lshr_ln18' <Predicate = (sw4)> <Delay = 1.38> <CoreInst = "Shifter">   --->   Core 75 'Shifter' <Latency = 0> <II = 1> <Delay = 1.38> <FuncUnit> <Opcode : 'shl' 'lshr' 'ashr'> <InPorts = 2> <OutPorts = 1>
ST_38 : Operation 604 [1/1] (1.38ns)   --->   "%shl_ln18 = shl i79 %zext_ln15_1, i79 %zext_ln18" [C:\scratch\2024.1\hls_product\545\2024.1\src\shared\hls\clib/hlsmath/include/FloatingPoint\hls_case_IEEE754.h:18->C:\scratch\2024.1\hls_product\545\2024.1\src\shared\hls\clib/hlsmath/include/FloatingPoint\hls_case_IEEE754.h:117->C:\scratch\2024.1\hls_product\545\2024.1\src\shared\hls\clib\hlsmath\src\lib_floatconversion.cpp:51->pedal_top.cpp:73]   --->   Operation 604 'shl' 'shl_ln18' <Predicate = (sw4)> <Delay = 1.38> <CoreInst = "Shifter">   --->   Core 75 'Shifter' <Latency = 0> <II = 1> <Delay = 1.38> <FuncUnit> <Opcode : 'shl' 'lshr' 'ashr'> <InPorts = 2> <OutPorts = 1>
ST_38 : Operation 605 [1/1] (0.00ns)   --->   "%tmp_33 = partselect i32 @_ssdm_op_PartSelect.i32.i79.i32.i32, i79 %lshr_ln18, i32 24, i32 55" [C:\scratch\2024.1\hls_product\545\2024.1\src\shared\hls\clib/hlsmath/include/FloatingPoint\hls_case_IEEE754.h:21->C:\scratch\2024.1\hls_product\545\2024.1\src\shared\hls\clib/hlsmath/include/FloatingPoint\hls_case_IEEE754.h:117->C:\scratch\2024.1\hls_product\545\2024.1\src\shared\hls\clib\hlsmath\src\lib_floatconversion.cpp:51->pedal_top.cpp:73]   --->   Operation 605 'partselect' 'tmp_33' <Predicate = (sw4)> <Delay = 0.00>
ST_38 : Operation 606 [1/1] (0.00ns)   --->   "%tmp_34 = partselect i32 @_ssdm_op_PartSelect.i32.i79.i32.i32, i79 %shl_ln18, i32 24, i32 55" [C:\scratch\2024.1\hls_product\545\2024.1\src\shared\hls\clib/hlsmath/include/FloatingPoint\hls_case_IEEE754.h:21->C:\scratch\2024.1\hls_product\545\2024.1\src\shared\hls\clib/hlsmath/include/FloatingPoint\hls_case_IEEE754.h:117->C:\scratch\2024.1\hls_product\545\2024.1\src\shared\hls\clib\hlsmath\src\lib_floatconversion.cpp:51->pedal_top.cpp:73]   --->   Operation 606 'partselect' 'tmp_34' <Predicate = (sw4)> <Delay = 0.00>
ST_38 : Operation 607 [1/1] (0.44ns)   --->   "%val = select i1 %tmp_106, i32 %tmp_33, i32 %tmp_34" [C:\scratch\2024.1\hls_product\545\2024.1\src\shared\hls\clib/hlsmath/include/FloatingPoint\hls_case_IEEE754.h:18->C:\scratch\2024.1\hls_product\545\2024.1\src\shared\hls\clib/hlsmath/include/FloatingPoint\hls_case_IEEE754.h:117->C:\scratch\2024.1\hls_product\545\2024.1\src\shared\hls\clib\hlsmath\src\lib_floatconversion.cpp:51->pedal_top.cpp:73]   --->   Operation 607 'select' 'val' <Predicate = (sw4)> <Delay = 0.44> <CoreInst = "Sel">   --->   Core 73 'Sel' <Latency = 0> <II = 1> <Delay = 0.44> <FuncUnit> <Opcode : 'select'> <InPorts = 3> <OutPorts = 1>

State 39 <SV = 38> <Delay = 10.9>
ST_39 : Operation 608 [3/39] (10.6ns)   --->   "%sample_data_5 = call i16 @soft_clipping_distortion, i32 %sample_data_3, i58 %table_exp_Z1_ap_ufixed_58_1_ap_q_mode_5_ap_o_mode_3_0_array, i26 %table_f_Z3_ap_ufixed_59_0_ap_q_mode_5_ap_o_mode_3_0_array, i42 %table_f_Z2_ap_ufixed_59_0_ap_q_mode_5_ap_o_mode_3_0_array" [pedal_top.cpp:45]   --->   Operation 608 'call' 'sample_data_5' <Predicate = (sw1)> <Delay = 10.6> <CoreType = "Generic">   --->   Core 0 '' <Latency = 0> <II = 1> <Delay = 1.00> <Generic> <Opcode : >
ST_39 : Operation 609 [1/1] (1.01ns)   --->   "%result_6 = sub i32 0, i32 %val" [C:\scratch\2024.1\hls_product\545\2024.1\src\shared\hls\clib/hlsmath/include/FloatingPoint\hls_case_IEEE754.h:59->C:\scratch\2024.1\hls_product\545\2024.1\src\shared\hls\clib/hlsmath/include/FloatingPoint\hls_case_IEEE754.h:117->C:\scratch\2024.1\hls_product\545\2024.1\src\shared\hls\clib\hlsmath\src\lib_floatconversion.cpp:51->pedal_top.cpp:73]   --->   Operation 609 'sub' 'result_6' <Predicate = (sw4 & xs_sign)> <Delay = 1.01> <CoreInst = "Adder">   --->   Core 1 'Adder' <Latency = 0> <II = 1> <Delay = 1.01> <FuncUnit> <Opcode : 'add' 'sub'> <InPorts = 2> <OutPorts = 1>
ST_39 : Operation 610 [1/1] (0.44ns)   --->   "%result_7 = select i1 %xs_sign, i32 %result_6, i32 %val" [C:\scratch\2024.1\hls_product\545\2024.1\src\shared\hls\clib/hlsmath/include/FloatingPoint\hls_case_IEEE754.h:59->C:\scratch\2024.1\hls_product\545\2024.1\src\shared\hls\clib/hlsmath/include/FloatingPoint\hls_case_IEEE754.h:117->C:\scratch\2024.1\hls_product\545\2024.1\src\shared\hls\clib\hlsmath\src\lib_floatconversion.cpp:51->pedal_top.cpp:73]   --->   Operation 610 'select' 'result_7' <Predicate = (sw4)> <Delay = 0.44> <CoreInst = "Sel">   --->   Core 73 'Sel' <Latency = 0> <II = 1> <Delay = 0.44> <FuncUnit> <Opcode : 'select'> <InPorts = 3> <OutPorts = 1>
ST_39 : Operation 611 [1/1] (0.00ns)   --->   "%trunc_ln58 = trunc i32 %result_7" [C:\scratch\2024.1\hls_product\545\2024.1\src\shared\hls\clib/hlsmath/include/FloatingPoint\hls_case_IEEE754.h:58->C:\scratch\2024.1\hls_product\545\2024.1\src\shared\hls\clib/hlsmath/include/FloatingPoint\hls_case_IEEE754.h:117->C:\scratch\2024.1\hls_product\545\2024.1\src\shared\hls\clib\hlsmath\src\lib_floatconversion.cpp:51->pedal_top.cpp:73]   --->   Operation 611 'trunc' 'trunc_ln58' <Predicate = (sw4)> <Delay = 0.00>
ST_39 : Operation 612 [1/1] (0.00ns)   --->   "%lshr_ln2 = partselect i10 @_ssdm_op_PartSelect.i10.i32.i32.i32, i32 %result_7, i32 1, i32 10" [pedal_top.cpp:73]   --->   Operation 612 'partselect' 'lshr_ln2' <Predicate = (sw4)> <Delay = 0.00>
ST_39 : Operation 613 [1/1] (1.01ns)   --->   "%add_ln74 = add i32 %result_7, i32 1" [pedal_top.cpp:74]   --->   Operation 613 'add' 'add_ln74' <Predicate = (sw4)> <Delay = 1.01> <CoreInst = "Adder">   --->   Core 1 'Adder' <Latency = 0> <II = 1> <Delay = 1.01> <FuncUnit> <Opcode : 'add' 'sub'> <InPorts = 2> <OutPorts = 1>
ST_39 : Operation 614 [36/36] (1.45ns)   --->   "%pos_ceil = srem i32 %add_ln74, i32 1102" [pedal_top.cpp:74]   --->   Operation 614 'srem' 'pos_ceil' <Predicate = (sw4)> <Delay = 1.45> <CoreInst = "Divider">   --->   Core 6 'Divider' <Latency = 35> <II = 1> <Delay = 1.45> <FuncUnit> <Opcode : 'udiv' 'sdiv' 'urem' 'srem'> <InPorts = 2> <OutPorts = 1>
ST_39 : Operation 615 [2/2] (9.47ns)   --->   "%conv2 = sitofp i32 %result_7" [pedal_top.cpp:75]   --->   Operation 615 'sitofp' 'conv2' <Predicate = (sw4)> <Delay = 9.47> <CoreInst = "Int2Float">   --->   Core 62 'Int2Float' <Latency = 1> <II = 1> <Delay = 9.47> <FuncUnit> <Opcode : 'uitofp' 'sitofp'> <InPorts = 1> <OutPorts = 1>

State 40 <SV = 39> <Delay = 10.6>
ST_40 : Operation 616 [2/39] (10.6ns)   --->   "%sample_data_5 = call i16 @soft_clipping_distortion, i32 %sample_data_3, i58 %table_exp_Z1_ap_ufixed_58_1_ap_q_mode_5_ap_o_mode_3_0_array, i26 %table_f_Z3_ap_ufixed_59_0_ap_q_mode_5_ap_o_mode_3_0_array, i42 %table_f_Z2_ap_ufixed_59_0_ap_q_mode_5_ap_o_mode_3_0_array" [pedal_top.cpp:45]   --->   Operation 616 'call' 'sample_data_5' <Predicate = (sw1)> <Delay = 10.6> <CoreType = "Generic">   --->   Core 0 '' <Latency = 0> <II = 1> <Delay = 1.00> <Generic> <Opcode : >
ST_40 : Operation 617 [1/1] (0.00ns)   --->   "%buf_id_load = load i32 %buf_id" [pedal_top.cpp:50]   --->   Operation 617 'load' 'buf_id_load' <Predicate = (sw2)> <Delay = 0.00>
ST_40 : Operation 618 [1/1] (0.00ns)   --->   "%zext_ln50 = zext i32 %buf_id_load" [pedal_top.cpp:50]   --->   Operation 618 'zext' 'zext_ln50' <Predicate = (sw2)> <Delay = 0.00>
ST_40 : Operation 619 [1/1] (0.00ns)   --->   "%buffer_addr = getelementptr i32 %buffer_r, i64 0, i64 %zext_ln50" [pedal_top.cpp:50]   --->   Operation 619 'getelementptr' 'buffer_addr' <Predicate = (sw2)> <Delay = 0.00>
ST_40 : Operation 620 [2/2] (1.23ns)   --->   "%delayed = load i14 %buffer_addr" [pedal_top.cpp:50]   --->   Operation 620 'load' 'delayed' <Predicate = (sw2)> <Delay = 1.23> <CoreInst = "RAM_2P_BRAM">   --->   Core 93 'RAM_2P_BRAM' <Latency = 1> <II = 1> <Delay = 1.23> <Storage> <Opcode : 'load' 'store'> <Ports = 2> <Width = 32> <Depth = 8820> <RAM>
ST_40 : Operation 621 [1/1] (1.01ns)   --->   "%icmp_ln55 = icmp_eq  i32 %buf_id_load, i32 8819" [pedal_top.cpp:55]   --->   Operation 621 'icmp' 'icmp_ln55' <Predicate = (sw2)> <Delay = 1.01> <CoreInst = "Cmp">   --->   Core 9 'Cmp' <Latency = 0> <II = 1> <Delay = 1.01> <FuncUnit> <Opcode : 'seteq' 'setne' 'setle' 'setge' 'setlt' 'setgt'> <InPorts = 2> <OutPorts = 1>
ST_40 : Operation 622 [1/1] (1.01ns)   --->   "%add_ln56 = add i32 %buf_id_load, i32 1" [pedal_top.cpp:56]   --->   Operation 622 'add' 'add_ln56' <Predicate = (sw2)> <Delay = 1.01> <CoreInst = "Adder">   --->   Core 1 'Adder' <Latency = 0> <II = 1> <Delay = 1.01> <FuncUnit> <Opcode : 'add' 'sub'> <InPorts = 2> <OutPorts = 1>
ST_40 : Operation 623 [1/1] (0.44ns)   --->   "%select_ln55 = select i1 %icmp_ln55, i32 0, i32 %add_ln56" [pedal_top.cpp:55]   --->   Operation 623 'select' 'select_ln55' <Predicate = (sw2)> <Delay = 0.44> <CoreInst = "Sel">   --->   Core 73 'Sel' <Latency = 0> <II = 1> <Delay = 0.44> <FuncUnit> <Opcode : 'select'> <InPorts = 3> <OutPorts = 1>
ST_40 : Operation 624 [1/1] (0.00ns)   --->   "%store_ln55 = store i32 %select_ln55, i32 %buf_id" [pedal_top.cpp:55]   --->   Operation 624 'store' 'store_ln55' <Predicate = (sw2)> <Delay = 0.00>
ST_40 : Operation 625 [35/36] (1.45ns)   --->   "%pos_ceil = srem i32 %add_ln74, i32 1102" [pedal_top.cpp:74]   --->   Operation 625 'srem' 'pos_ceil' <Predicate = (sw4)> <Delay = 1.45> <CoreInst = "Divider">   --->   Core 6 'Divider' <Latency = 35> <II = 1> <Delay = 1.45> <FuncUnit> <Opcode : 'udiv' 'sdiv' 'urem' 'srem'> <InPorts = 2> <OutPorts = 1>
ST_40 : Operation 626 [1/2] (9.47ns)   --->   "%conv2 = sitofp i32 %result_7" [pedal_top.cpp:75]   --->   Operation 626 'sitofp' 'conv2' <Predicate = (sw4)> <Delay = 9.47> <CoreInst = "Int2Float">   --->   Core 62 'Int2Float' <Latency = 1> <II = 1> <Delay = 9.47> <FuncUnit> <Opcode : 'uitofp' 'sitofp'> <InPorts = 1> <OutPorts = 1>

State 41 <SV = 40> <Delay = 10.5>
ST_41 : Operation 627 [1/39] (7.79ns)   --->   "%sample_data_5 = call i16 @soft_clipping_distortion, i32 %sample_data_3, i58 %table_exp_Z1_ap_ufixed_58_1_ap_q_mode_5_ap_o_mode_3_0_array, i26 %table_f_Z3_ap_ufixed_59_0_ap_q_mode_5_ap_o_mode_3_0_array, i42 %table_f_Z2_ap_ufixed_59_0_ap_q_mode_5_ap_o_mode_3_0_array" [pedal_top.cpp:45]   --->   Operation 627 'call' 'sample_data_5' <Predicate = (sw1)> <Delay = 7.79> <CoreType = "Generic">   --->   Core 0 '' <Latency = 0> <II = 1> <Delay = 1.00> <Generic> <Opcode : >
ST_41 : Operation 628 [1/1] (0.00ns)   --->   "%sext_ln30 = sext i16 %sample_data_5" [pedal_top.cpp:30]   --->   Operation 628 'sext' 'sext_ln30' <Predicate = (sw1)> <Delay = 0.00>
ST_41 : Operation 629 [1/1] (0.42ns)   --->   "%br_ln46 = br void %if.end23" [pedal_top.cpp:46]   --->   Operation 629 'br' 'br_ln46' <Predicate = (sw1)> <Delay = 0.42>
ST_41 : Operation 630 [1/1] (0.00ns)   --->   "%sample_data_12 = phi i32 %sext_ln30, void %if.then14, i32 %sample_data_3, void %do.body_ifconv"   --->   Operation 630 'phi' 'sample_data_12' <Predicate = true> <Delay = 0.00>
ST_41 : Operation 631 [1/1] (0.42ns)   --->   "%br_ln47 = br i1 %sw2, void %if.end41, void %if.then24_ifconv" [pedal_top.cpp:47]   --->   Operation 631 'br' 'br_ln47' <Predicate = true> <Delay = 0.42>
ST_41 : Operation 632 [1/2] (1.23ns)   --->   "%delayed = load i14 %buffer_addr" [pedal_top.cpp:50]   --->   Operation 632 'load' 'delayed' <Predicate = (sw2)> <Delay = 1.23> <CoreInst = "RAM_2P_BRAM">   --->   Core 93 'RAM_2P_BRAM' <Latency = 1> <II = 1> <Delay = 1.23> <Storage> <Opcode : 'load' 'store'> <Ports = 2> <Width = 32> <Depth = 8820> <RAM>
ST_41 : Operation 633 [1/1] (0.00ns)   --->   "%tmp_68 = bitselect i1 @_ssdm_op_BitSelect.i1.i32.i32, i32 %delayed, i32 31" [pedal_top.cpp:53]   --->   Operation 633 'bitselect' 'tmp_68' <Predicate = (sw2)> <Delay = 0.00>
ST_41 : Operation 634 [1/1] (0.00ns) (grouped into LUT with out node select_ln53_1)   --->   "%shl_ln53 = shl i32 %delayed, i32 16" [pedal_top.cpp:53]   --->   Operation 634 'shl' 'shl_ln53' <Predicate = (sw2)> <Delay = 0.00>
ST_41 : Operation 635 [1/1] (0.00ns)   --->   "%tmp_69 = bitselect i1 @_ssdm_op_BitSelect.i1.i32.i32, i32 %delayed, i32 15" [pedal_top.cpp:53]   --->   Operation 635 'bitselect' 'tmp_69' <Predicate = (sw2)> <Delay = 0.00>
ST_41 : Operation 636 [1/1] (0.00ns)   --->   "%tmp_57 = partselect i16 @_ssdm_op_PartSelect.i16.i32.i32.i32, i32 %delayed, i32 16, i32 31" [pedal_top.cpp:53]   --->   Operation 636 'partselect' 'tmp_57' <Predicate = (sw2)> <Delay = 0.00>
ST_41 : Operation 637 [1/1] (0.85ns)   --->   "%icmp_ln53 = icmp_ne  i16 %tmp_57, i16 0" [pedal_top.cpp:53]   --->   Operation 637 'icmp' 'icmp_ln53' <Predicate = (sw2)> <Delay = 0.85> <CoreInst = "Cmp">   --->   Core 9 'Cmp' <Latency = 0> <II = 1> <Delay = 0.85> <FuncUnit> <Opcode : 'seteq' 'setne' 'setle' 'setge' 'setlt' 'setgt'> <InPorts = 2> <OutPorts = 1>
ST_41 : Operation 638 [1/1] (0.00ns) (grouped into LUT with out node and_ln53)   --->   "%or_ln53 = or i1 %tmp_69, i1 %icmp_ln53" [pedal_top.cpp:53]   --->   Operation 638 'or' 'or_ln53' <Predicate = (sw2)> <Delay = 0.00> <CoreInst = "LogicGate">   --->   Core 74 'LogicGate' <Latency = 0> <II = 1> <Delay = 0.28> <FuncUnit> <Opcode : 'and' 'or' 'xor'> <InPorts = 2> <OutPorts = 1>
ST_41 : Operation 639 [1/1] (0.00ns) (grouped into LUT with out node and_ln53)   --->   "%xor_ln53 = xor i1 %tmp_68, i1 1" [pedal_top.cpp:53]   --->   Operation 639 'xor' 'xor_ln53' <Predicate = (sw2)> <Delay = 0.00> <CoreInst = "LogicGate">   --->   Core 74 'LogicGate' <Latency = 0> <II = 1> <Delay = 0.28> <FuncUnit> <Opcode : 'and' 'or' 'xor'> <InPorts = 2> <OutPorts = 1>
ST_41 : Operation 640 [1/1] (0.28ns) (out node of the LUT)   --->   "%and_ln53 = and i1 %or_ln53, i1 %xor_ln53" [pedal_top.cpp:53]   --->   Operation 640 'and' 'and_ln53' <Predicate = (sw2)> <Delay = 0.28> <CoreInst = "LogicGate">   --->   Core 74 'LogicGate' <Latency = 0> <II = 1> <Delay = 0.28> <FuncUnit> <Opcode : 'and' 'or' 'xor'> <InPorts = 2> <OutPorts = 1>
ST_41 : Operation 641 [1/1] (0.00ns) (grouped into LUT with out node select_ln53_1)   --->   "%xor_ln53_1 = xor i1 %tmp_69, i1 1" [pedal_top.cpp:53]   --->   Operation 641 'xor' 'xor_ln53_1' <Predicate = (sw2)> <Delay = 0.00> <CoreInst = "LogicGate">   --->   Core 74 'LogicGate' <Latency = 0> <II = 1> <Delay = 0.28> <FuncUnit> <Opcode : 'and' 'or' 'xor'> <InPorts = 2> <OutPorts = 1>
ST_41 : Operation 642 [1/1] (0.85ns)   --->   "%icmp_ln53_1 = icmp_ne  i16 %tmp_57, i16 65535" [pedal_top.cpp:53]   --->   Operation 642 'icmp' 'icmp_ln53_1' <Predicate = (sw2)> <Delay = 0.85> <CoreInst = "Cmp">   --->   Core 9 'Cmp' <Latency = 0> <II = 1> <Delay = 0.85> <FuncUnit> <Opcode : 'seteq' 'setne' 'setle' 'setge' 'setlt' 'setgt'> <InPorts = 2> <OutPorts = 1>
ST_41 : Operation 643 [1/1] (0.00ns) (grouped into LUT with out node select_ln53_1)   --->   "%or_ln53_1 = or i1 %icmp_ln53_1, i1 %xor_ln53_1" [pedal_top.cpp:53]   --->   Operation 643 'or' 'or_ln53_1' <Predicate = (sw2)> <Delay = 0.00> <CoreInst = "LogicGate">   --->   Core 74 'LogicGate' <Latency = 0> <II = 1> <Delay = 0.28> <FuncUnit> <Opcode : 'and' 'or' 'xor'> <InPorts = 2> <OutPorts = 1>
ST_41 : Operation 644 [1/1] (0.00ns) (grouped into LUT with out node select_ln53_1)   --->   "%and_ln53_1 = and i1 %or_ln53_1, i1 %tmp_68" [pedal_top.cpp:53]   --->   Operation 644 'and' 'and_ln53_1' <Predicate = (sw2)> <Delay = 0.00> <CoreInst = "LogicGate">   --->   Core 74 'LogicGate' <Latency = 0> <II = 1> <Delay = 0.28> <FuncUnit> <Opcode : 'and' 'or' 'xor'> <InPorts = 2> <OutPorts = 1>
ST_41 : Operation 645 [1/1] (0.00ns) (grouped into LUT with out node select_ln53_1)   --->   "%select_ln53 = select i1 %and_ln53, i32 2147483647, i32 2147483648" [pedal_top.cpp:53]   --->   Operation 645 'select' 'select_ln53' <Predicate = (sw2)> <Delay = 0.00> <CoreInst = "Sel">   --->   Core 73 'Sel' <Latency = 0> <II = 1> <Delay = 0.44> <FuncUnit> <Opcode : 'select'> <InPorts = 3> <OutPorts = 1>
ST_41 : Operation 646 [1/1] (0.00ns) (grouped into LUT with out node select_ln53_1)   --->   "%or_ln53_2 = or i1 %and_ln53, i1 %and_ln53_1" [pedal_top.cpp:53]   --->   Operation 646 'or' 'or_ln53_2' <Predicate = (sw2)> <Delay = 0.00> <CoreInst = "LogicGate">   --->   Core 74 'LogicGate' <Latency = 0> <II = 1> <Delay = 0.28> <FuncUnit> <Opcode : 'and' 'or' 'xor'> <InPorts = 2> <OutPorts = 1>
ST_41 : Operation 647 [1/1] (0.44ns) (out node of the LUT)   --->   "%select_ln53_1 = select i1 %or_ln53_2, i32 %select_ln53, i32 %shl_ln53" [pedal_top.cpp:53]   --->   Operation 647 'select' 'select_ln53_1' <Predicate = (sw2)> <Delay = 0.44> <CoreInst = "Sel">   --->   Core 73 'Sel' <Latency = 0> <II = 1> <Delay = 0.44> <FuncUnit> <Opcode : 'select'> <InPorts = 3> <OutPorts = 1>
ST_41 : Operation 648 [1/1] (0.00ns)   --->   "%trunc_ln53 = trunc i32 %select_ln53_1" [pedal_top.cpp:53]   --->   Operation 648 'trunc' 'trunc_ln53' <Predicate = (sw2)> <Delay = 0.00>
ST_41 : Operation 649 [1/1] (0.00ns)   --->   "%tmp_70 = bitconcatenate i47 @_ssdm_op_BitConcatenate.i47.i32.i15, i32 %select_ln53_1, i15 0" [pedal_top.cpp:53]   --->   Operation 649 'bitconcatenate' 'tmp_70' <Predicate = (sw2)> <Delay = 0.00>
ST_41 : Operation 650 [1/1] (0.00ns)   --->   "%sext_ln53 = sext i47 %tmp_70" [pedal_top.cpp:53]   --->   Operation 650 'sext' 'sext_ln53' <Predicate = (sw2)> <Delay = 0.00>
ST_41 : Operation 651 [1/1] (0.00ns)   --->   "%tmp_71 = bitconcatenate i45 @_ssdm_op_BitConcatenate.i45.i32.i13, i32 %select_ln53_1, i13 0" [pedal_top.cpp:53]   --->   Operation 651 'bitconcatenate' 'tmp_71' <Predicate = (sw2)> <Delay = 0.00>
ST_41 : Operation 652 [1/1] (0.00ns)   --->   "%sext_ln53_1 = sext i45 %tmp_71" [pedal_top.cpp:53]   --->   Operation 652 'sext' 'sext_ln53_1' <Predicate = (sw2)> <Delay = 0.00>
ST_41 : Operation 653 [1/1] (1.08ns)   --->   "%add_ln53_1 = add i49 %sext_ln53, i49 %sext_ln53_1" [pedal_top.cpp:53]   --->   Operation 653 'add' 'add_ln53_1' <Predicate = (sw2)> <Delay = 1.08> <CoreInst = "Adder">   --->   Core 1 'Adder' <Latency = 0> <II = 1> <Delay = 1.08> <FuncUnit> <Opcode : 'add' 'sub'> <InPorts = 2> <OutPorts = 1>
ST_41 : Operation 654 [1/1] (0.00ns)   --->   "%tmp_73 = bitconcatenate i43 @_ssdm_op_BitConcatenate.i43.i32.i11, i32 %select_ln53_1, i11 0" [pedal_top.cpp:53]   --->   Operation 654 'bitconcatenate' 'tmp_73' <Predicate = (sw2)> <Delay = 0.00>
ST_41 : Operation 655 [1/1] (0.00ns)   --->   "%sext_ln53_2 = sext i43 %tmp_73" [pedal_top.cpp:53]   --->   Operation 655 'sext' 'sext_ln53_2' <Predicate = (sw2)> <Delay = 0.00>
ST_41 : Operation 656 [1/1] (0.00ns) (grouped into TernaryAdder)   --->   "%sub_ln53 = sub i49 %add_ln53_1, i49 %sext_ln53_2" [pedal_top.cpp:53]   --->   Operation 656 'sub' 'sub_ln53' <Predicate = (sw2)> <Delay = 0.00> <CoreInst = "TAddSub">   --->   Core 10 'TAddSub' <Latency = 0> <II = 1> <Delay = 0.38> <IPBlock> <Opcode : '' 'add' 'sub'> <InPorts = 3> <OutPorts = 1> <Sync> <CReg>
ST_41 : Operation 657 [1/1] (0.00ns)   --->   "%tmp_74 = bitconcatenate i41 @_ssdm_op_BitConcatenate.i41.i32.i9, i32 %select_ln53_1, i9 0" [pedal_top.cpp:53]   --->   Operation 657 'bitconcatenate' 'tmp_74' <Predicate = (sw2)> <Delay = 0.00>
ST_41 : Operation 658 [1/1] (0.00ns)   --->   "%sext_ln53_3 = sext i41 %tmp_74" [pedal_top.cpp:53]   --->   Operation 658 'sext' 'sext_ln53_3' <Predicate = (sw2)> <Delay = 0.00>
ST_41 : Operation 659 [1/1] (0.77ns) (root node of TernaryAdder)   --->   "%add_ln53_2 = add i49 %sub_ln53, i49 %sext_ln53_3" [pedal_top.cpp:53]   --->   Operation 659 'add' 'add_ln53_2' <Predicate = (sw2)> <Delay = 0.77> <CoreInst = "TAddSub">   --->   Core 10 'TAddSub' <Latency = 0> <II = 1> <Delay = 0.38> <IPBlock> <Opcode : '' 'add' 'sub'> <InPorts = 3> <OutPorts = 1> <Sync> <CReg>
ST_41 : Operation 660 [1/1] (0.00ns)   --->   "%tmp_75 = bitconcatenate i39 @_ssdm_op_BitConcatenate.i39.i32.i7, i32 %select_ln53_1, i7 0" [pedal_top.cpp:53]   --->   Operation 660 'bitconcatenate' 'tmp_75' <Predicate = (sw2)> <Delay = 0.00>
ST_41 : Operation 661 [1/1] (0.00ns)   --->   "%sext_ln53_4 = sext i39 %tmp_75" [pedal_top.cpp:53]   --->   Operation 661 'sext' 'sext_ln53_4' <Predicate = (sw2)> <Delay = 0.00>
ST_41 : Operation 662 [1/1] (0.00ns) (grouped into TernaryAdder)   --->   "%sub_ln53_1 = sub i49 %add_ln53_2, i49 %sext_ln53_4" [pedal_top.cpp:53]   --->   Operation 662 'sub' 'sub_ln53_1' <Predicate = (sw2)> <Delay = 0.00> <CoreInst = "TAddSub">   --->   Core 10 'TAddSub' <Latency = 0> <II = 1> <Delay = 0.38> <IPBlock> <Opcode : '' 'add' 'sub'> <InPorts = 3> <OutPorts = 1> <Sync> <CReg>
ST_41 : Operation 663 [1/1] (0.00ns)   --->   "%tmp_76 = bitconcatenate i37 @_ssdm_op_BitConcatenate.i37.i32.i5, i32 %select_ln53_1, i5 0" [pedal_top.cpp:53]   --->   Operation 663 'bitconcatenate' 'tmp_76' <Predicate = (sw2)> <Delay = 0.00>
ST_41 : Operation 664 [1/1] (0.00ns)   --->   "%sext_ln53_5 = sext i37 %tmp_76" [pedal_top.cpp:53]   --->   Operation 664 'sext' 'sext_ln53_5' <Predicate = (sw2)> <Delay = 0.00>
ST_41 : Operation 665 [1/1] (0.77ns) (root node of TernaryAdder)   --->   "%add_ln53_3 = add i49 %sub_ln53_1, i49 %sext_ln53_5" [pedal_top.cpp:53]   --->   Operation 665 'add' 'add_ln53_3' <Predicate = (sw2)> <Delay = 0.77> <CoreInst = "TAddSub">   --->   Core 10 'TAddSub' <Latency = 0> <II = 1> <Delay = 0.38> <IPBlock> <Opcode : '' 'add' 'sub'> <InPorts = 3> <OutPorts = 1> <Sync> <CReg>
ST_41 : Operation 666 [1/1] (0.00ns)   --->   "%tmp_77 = bitconcatenate i35 @_ssdm_op_BitConcatenate.i35.i32.i3, i32 %select_ln53_1, i3 0" [pedal_top.cpp:53]   --->   Operation 666 'bitconcatenate' 'tmp_77' <Predicate = (sw2)> <Delay = 0.00>
ST_41 : Operation 667 [1/1] (0.00ns)   --->   "%sext_ln53_6 = sext i35 %tmp_77" [pedal_top.cpp:53]   --->   Operation 667 'sext' 'sext_ln53_6' <Predicate = (sw2)> <Delay = 0.00>
ST_41 : Operation 668 [1/1] (0.00ns) (grouped into TernaryAdder)   --->   "%sub_ln53_2 = sub i49 %add_ln53_3, i49 %sext_ln53_6" [pedal_top.cpp:53]   --->   Operation 668 'sub' 'sub_ln53_2' <Predicate = (sw2)> <Delay = 0.00> <CoreInst = "TAddSub">   --->   Core 10 'TAddSub' <Latency = 0> <II = 1> <Delay = 0.38> <IPBlock> <Opcode : '' 'add' 'sub'> <InPorts = 3> <OutPorts = 1> <Sync> <CReg>
ST_41 : Operation 669 [1/1] (0.00ns)   --->   "%tmp_78 = bitconcatenate i33 @_ssdm_op_BitConcatenate.i33.i32.i1, i32 %select_ln53_1, i1 0" [pedal_top.cpp:53]   --->   Operation 669 'bitconcatenate' 'tmp_78' <Predicate = (sw2)> <Delay = 0.00>
ST_41 : Operation 670 [1/1] (0.00ns)   --->   "%sext_ln53_7 = sext i33 %tmp_78" [pedal_top.cpp:53]   --->   Operation 670 'sext' 'sext_ln53_7' <Predicate = (sw2)> <Delay = 0.00>
ST_41 : Operation 671 [1/1] (0.77ns) (root node of TernaryAdder)   --->   "%add_ln53_4 = add i49 %sub_ln53_2, i49 %sext_ln53_7" [pedal_top.cpp:53]   --->   Operation 671 'add' 'add_ln53_4' <Predicate = (sw2)> <Delay = 0.77> <CoreInst = "TAddSub">   --->   Core 10 'TAddSub' <Latency = 0> <II = 1> <Delay = 0.38> <IPBlock> <Opcode : '' 'add' 'sub'> <InPorts = 3> <OutPorts = 1> <Sync> <CReg>
ST_41 : Operation 672 [1/1] (0.00ns)   --->   "%tmp_25 = partselect i17 @_ssdm_op_PartSelect.i17.i49.i32.i32, i49 %add_ln53_4, i32 32, i32 48" [pedal_top.cpp:53]   --->   Operation 672 'partselect' 'tmp_25' <Predicate = (sw2)> <Delay = 0.00>
ST_41 : Operation 673 [1/1] (0.00ns)   --->   "%sext_ln53_8 = sext i17 %tmp_25" [pedal_top.cpp:53]   --->   Operation 673 'sext' 'sext_ln53_8' <Predicate = (sw2)> <Delay = 0.00>
ST_41 : Operation 674 [1/1] (0.00ns) (grouped into LUT with out node sample_data_7)   --->   "%tmp_79 = bitselect i1 @_ssdm_op_BitSelect.i1.i49.i32, i49 %add_ln53_4, i32 48" [pedal_top.cpp:53]   --->   Operation 674 'bitselect' 'tmp_79' <Predicate = (sw2)> <Delay = 0.00>
ST_41 : Operation 675 [1/1] (0.00ns)   --->   "%trunc_ln53_1 = trunc i49 %add_ln53_4" [pedal_top.cpp:53]   --->   Operation 675 'trunc' 'trunc_ln53_1' <Predicate = (sw2)> <Delay = 0.00>
ST_41 : Operation 676 [1/1] (1.01ns)   --->   "%icmp_ln53_2 = icmp_ne  i32 %trunc_ln53_1, i32 0" [pedal_top.cpp:53]   --->   Operation 676 'icmp' 'icmp_ln53_2' <Predicate = (sw2)> <Delay = 1.01> <CoreInst = "Cmp">   --->   Core 9 'Cmp' <Latency = 0> <II = 1> <Delay = 1.01> <FuncUnit> <Opcode : 'seteq' 'setne' 'setle' 'setge' 'setlt' 'setgt'> <InPorts = 2> <OutPorts = 1>
ST_41 : Operation 677 [1/1] (0.86ns)   --->   "%add_ln53 = add i18 %sext_ln53_8, i18 1" [pedal_top.cpp:53]   --->   Operation 677 'add' 'add_ln53' <Predicate = (sw2)> <Delay = 0.86> <CoreInst = "Adder">   --->   Core 1 'Adder' <Latency = 0> <II = 1> <Delay = 0.86> <FuncUnit> <Opcode : 'add' 'sub'> <InPorts = 2> <OutPorts = 1>
ST_41 : Operation 678 [1/1] (0.00ns) (grouped into LUT with out node sample_data_7)   --->   "%select_ln53_2 = select i1 %icmp_ln53_2, i18 %add_ln53, i18 %sext_ln53_8" [pedal_top.cpp:53]   --->   Operation 678 'select' 'select_ln53_2' <Predicate = (sw2)> <Delay = 0.00> <CoreInst = "Sel">   --->   Core 73 'Sel' <Latency = 0> <II = 1> <Delay = 0.36> <FuncUnit> <Opcode : 'select'> <InPorts = 3> <OutPorts = 1>
ST_41 : Operation 679 [1/1] (0.00ns) (grouped into LUT with out node sample_data_7)   --->   "%ref_tmp_i897_0 = select i1 %tmp_79, i18 %select_ln53_2, i18 %sext_ln53_8" [pedal_top.cpp:53]   --->   Operation 679 'select' 'ref_tmp_i897_0' <Predicate = (sw2)> <Delay = 0.00> <CoreInst = "Sel">   --->   Core 73 'Sel' <Latency = 0> <II = 1> <Delay = 0.36> <FuncUnit> <Opcode : 'select'> <InPorts = 3> <OutPorts = 1>
ST_41 : Operation 680 [1/1] (0.00ns) (grouped into LUT with out node sample_data_7)   --->   "%sext_ln53_9 = sext i18 %ref_tmp_i897_0" [pedal_top.cpp:53]   --->   Operation 680 'sext' 'sext_ln53_9' <Predicate = (sw2)> <Delay = 0.00>
ST_41 : Operation 681 [1/1] (1.01ns) (out node of the LUT)   --->   "%sample_data_7 = add i32 %sext_ln53_9, i32 %sample_data_12" [pedal_top.cpp:53]   --->   Operation 681 'add' 'sample_data_7' <Predicate = (sw2)> <Delay = 1.01> <CoreInst = "Adder">   --->   Core 1 'Adder' <Latency = 0> <II = 1> <Delay = 1.01> <FuncUnit> <Opcode : 'add' 'sub'> <InPorts = 2> <OutPorts = 1>
ST_41 : Operation 682 [1/1] (0.00ns)   --->   "%tmp_72 = partselect i15 @_ssdm_op_PartSelect.i15.i32.i32.i32, i32 %select_ln53_1, i32 17, i32 31" [pedal_top.cpp:54]   --->   Operation 682 'partselect' 'tmp_72' <Predicate = (sw2)> <Delay = 0.00>
ST_41 : Operation 683 [1/1] (0.00ns)   --->   "%sext_ln54 = sext i15 %tmp_72" [pedal_top.cpp:54]   --->   Operation 683 'sext' 'sext_ln54' <Predicate = (sw2)> <Delay = 0.00>
ST_41 : Operation 684 [1/1] (0.00ns) (grouped into LUT with out node add_ln54_1)   --->   "%tmp_80 = bitselect i1 @_ssdm_op_BitSelect.i1.i32.i32, i32 %select_ln53_1, i32 31" [pedal_top.cpp:54]   --->   Operation 684 'bitselect' 'tmp_80' <Predicate = (sw2)> <Delay = 0.00>
ST_41 : Operation 685 [1/1] (0.86ns)   --->   "%icmp_ln54 = icmp_ne  i17 %trunc_ln53, i17 0" [pedal_top.cpp:54]   --->   Operation 685 'icmp' 'icmp_ln54' <Predicate = (sw2)> <Delay = 0.86> <CoreInst = "Cmp">   --->   Core 9 'Cmp' <Latency = 0> <II = 1> <Delay = 0.86> <FuncUnit> <Opcode : 'seteq' 'setne' 'setle' 'setge' 'setlt' 'setgt'> <InPorts = 2> <OutPorts = 1>
ST_41 : Operation 686 [1/1] (0.84ns)   --->   "%add_ln54 = add i16 %sext_ln54, i16 1" [pedal_top.cpp:54]   --->   Operation 686 'add' 'add_ln54' <Predicate = (sw2)> <Delay = 0.84> <CoreInst = "Adder">   --->   Core 1 'Adder' <Latency = 0> <II = 1> <Delay = 0.84> <FuncUnit> <Opcode : 'add' 'sub'> <InPorts = 2> <OutPorts = 1>
ST_41 : Operation 687 [1/1] (0.00ns) (grouped into LUT with out node add_ln54_1)   --->   "%select_ln54 = select i1 %icmp_ln54, i16 %add_ln54, i16 %sext_ln54" [pedal_top.cpp:54]   --->   Operation 687 'select' 'select_ln54' <Predicate = (sw2)> <Delay = 0.00> <CoreInst = "Sel">   --->   Core 73 'Sel' <Latency = 0> <II = 1> <Delay = 0.35> <FuncUnit> <Opcode : 'select'> <InPorts = 3> <OutPorts = 1>
ST_41 : Operation 688 [1/1] (0.00ns) (grouped into LUT with out node add_ln54_1)   --->   "%ref_tmp_i741_0 = select i1 %tmp_80, i16 %select_ln54, i16 %sext_ln54" [pedal_top.cpp:54]   --->   Operation 688 'select' 'ref_tmp_i741_0' <Predicate = (sw2)> <Delay = 0.00> <CoreInst = "Sel">   --->   Core 73 'Sel' <Latency = 0> <II = 1> <Delay = 0.35> <FuncUnit> <Opcode : 'select'> <InPorts = 3> <OutPorts = 1>
ST_41 : Operation 689 [1/1] (0.00ns) (grouped into LUT with out node add_ln54_1)   --->   "%sext_ln54_1 = sext i16 %ref_tmp_i741_0" [pedal_top.cpp:54]   --->   Operation 689 'sext' 'sext_ln54_1' <Predicate = (sw2)> <Delay = 0.00>
ST_41 : Operation 690 [1/1] (1.01ns) (out node of the LUT)   --->   "%add_ln54_1 = add i32 %sext_ln54_1, i32 %sample_data_12" [pedal_top.cpp:54]   --->   Operation 690 'add' 'add_ln54_1' <Predicate = (sw2)> <Delay = 1.01> <CoreInst = "Adder">   --->   Core 1 'Adder' <Latency = 0> <II = 1> <Delay = 1.01> <FuncUnit> <Opcode : 'add' 'sub'> <InPorts = 2> <OutPorts = 1>
ST_41 : Operation 691 [1/1] (1.23ns)   --->   "%store_ln54 = store i32 %add_ln54_1, i14 %buffer_addr" [pedal_top.cpp:54]   --->   Operation 691 'store' 'store_ln54' <Predicate = (sw2)> <Delay = 1.23> <CoreInst = "RAM_2P_BRAM">   --->   Core 93 'RAM_2P_BRAM' <Latency = 1> <II = 1> <Delay = 1.23> <Storage> <Opcode : 'load' 'store'> <Ports = 2> <Width = 32> <Depth = 8820> <RAM>
ST_41 : Operation 692 [1/1] (0.42ns)   --->   "%br_ln57 = br void %if.end41" [pedal_top.cpp:57]   --->   Operation 692 'br' 'br_ln57' <Predicate = (sw2)> <Delay = 0.42>
ST_41 : Operation 693 [34/36] (1.45ns)   --->   "%pos_ceil = srem i32 %add_ln74, i32 1102" [pedal_top.cpp:74]   --->   Operation 693 'srem' 'pos_ceil' <Predicate = (sw4)> <Delay = 1.45> <CoreInst = "Divider">   --->   Core 6 'Divider' <Latency = 35> <II = 1> <Delay = 1.45> <FuncUnit> <Opcode : 'udiv' 'sdiv' 'urem' 'srem'> <InPorts = 2> <OutPorts = 1>
ST_41 : Operation 694 [3/3] (10.5ns)   --->   "%sub = fsub i32 %pos, i32 %conv2" [pedal_top.cpp:75]   --->   Operation 694 'fsub' 'sub' <Predicate = (sw4)> <Delay = 10.5> <CoreInst = "FAddSub_fulldsp">   --->   Core 18 'FAddSub_fulldsp' <Latency = 2> <II = 1> <Delay = 10.5> <FuncUnit> <Opcode : 'fadd' 'fsub'> <InPorts = 2> <OutPorts = 1>

State 42 <SV = 41> <Delay = 10.5>
ST_42 : Operation 695 [1/1] (0.00ns)   --->   "%sample_data_2 = phi i32 %sample_data_7, void %if.then24_ifconv, i32 %sample_data_12, void %if.end23"   --->   Operation 695 'phi' 'sample_data_2' <Predicate = true> <Delay = 0.00>
ST_42 : Operation 696 [1/1] (0.42ns)   --->   "%br_ln58 = br i1 %sw3, void %if.end50, void %if.then42" [pedal_top.cpp:58]   --->   Operation 696 'br' 'br_ln58' <Predicate = true> <Delay = 0.42>
ST_42 : Operation 697 [18/18] (9.47ns)   --->   "%sample_data_8 = call i32 @tremolo, i32 %sample_data_2, i32 %p_load191, i100 %ref_4oPi_table_100, i30 %second_order_float_sin_cos_K0, i23 %second_order_float_sin_cos_K1, i15 %second_order_float_sin_cos_K2" [pedal_top.cpp:60]   --->   Operation 697 'call' 'sample_data_8' <Predicate = (sw3)> <Delay = 9.47> <CoreType = "Generic">   --->   Core 0 '' <Latency = 0> <II = 1> <Delay = 1.00> <Generic> <Opcode : >
ST_42 : Operation 698 [33/36] (1.45ns)   --->   "%pos_ceil = srem i32 %add_ln74, i32 1102" [pedal_top.cpp:74]   --->   Operation 698 'srem' 'pos_ceil' <Predicate = (sw4)> <Delay = 1.45> <CoreInst = "Divider">   --->   Core 6 'Divider' <Latency = 35> <II = 1> <Delay = 1.45> <FuncUnit> <Opcode : 'udiv' 'sdiv' 'urem' 'srem'> <InPorts = 2> <OutPorts = 1>
ST_42 : Operation 699 [2/3] (10.5ns)   --->   "%sub = fsub i32 %pos, i32 %conv2" [pedal_top.cpp:75]   --->   Operation 699 'fsub' 'sub' <Predicate = (sw4)> <Delay = 10.5> <CoreInst = "FAddSub_fulldsp">   --->   Core 18 'FAddSub_fulldsp' <Latency = 2> <II = 1> <Delay = 10.5> <FuncUnit> <Opcode : 'fadd' 'fsub'> <InPorts = 2> <OutPorts = 1>

State 43 <SV = 42> <Delay = 10.9>
ST_43 : Operation 700 [17/18] (10.9ns)   --->   "%sample_data_8 = call i32 @tremolo, i32 %sample_data_2, i32 %p_load191, i100 %ref_4oPi_table_100, i30 %second_order_float_sin_cos_K0, i23 %second_order_float_sin_cos_K1, i15 %second_order_float_sin_cos_K2" [pedal_top.cpp:60]   --->   Operation 700 'call' 'sample_data_8' <Predicate = (sw3)> <Delay = 10.9> <CoreType = "Generic">   --->   Core 0 '' <Latency = 0> <II = 1> <Delay = 1.00> <Generic> <Opcode : >
ST_43 : Operation 701 [32/36] (1.45ns)   --->   "%pos_ceil = srem i32 %add_ln74, i32 1102" [pedal_top.cpp:74]   --->   Operation 701 'srem' 'pos_ceil' <Predicate = (sw4)> <Delay = 1.45> <CoreInst = "Divider">   --->   Core 6 'Divider' <Latency = 35> <II = 1> <Delay = 1.45> <FuncUnit> <Opcode : 'udiv' 'sdiv' 'urem' 'srem'> <InPorts = 2> <OutPorts = 1>
ST_43 : Operation 702 [1/3] (10.5ns)   --->   "%sub = fsub i32 %pos, i32 %conv2" [pedal_top.cpp:75]   --->   Operation 702 'fsub' 'sub' <Predicate = (sw4)> <Delay = 10.5> <CoreInst = "FAddSub_fulldsp">   --->   Core 18 'FAddSub_fulldsp' <Latency = 2> <II = 1> <Delay = 10.5> <FuncUnit> <Opcode : 'fadd' 'fsub'> <InPorts = 2> <OutPorts = 1>

State 44 <SV = 43> <Delay = 10.9>
ST_44 : Operation 703 [16/18] (10.9ns)   --->   "%sample_data_8 = call i32 @tremolo, i32 %sample_data_2, i32 %p_load191, i100 %ref_4oPi_table_100, i30 %second_order_float_sin_cos_K0, i23 %second_order_float_sin_cos_K1, i15 %second_order_float_sin_cos_K2" [pedal_top.cpp:60]   --->   Operation 703 'call' 'sample_data_8' <Predicate = (sw3)> <Delay = 10.9> <CoreType = "Generic">   --->   Core 0 '' <Latency = 0> <II = 1> <Delay = 1.00> <Generic> <Opcode : >
ST_44 : Operation 704 [31/36] (1.45ns)   --->   "%pos_ceil = srem i32 %add_ln74, i32 1102" [pedal_top.cpp:74]   --->   Operation 704 'srem' 'pos_ceil' <Predicate = (sw4)> <Delay = 1.45> <CoreInst = "Divider">   --->   Core 6 'Divider' <Latency = 35> <II = 1> <Delay = 1.45> <FuncUnit> <Opcode : 'udiv' 'sdiv' 'urem' 'srem'> <InPorts = 2> <OutPorts = 1>

State 45 <SV = 44> <Delay = 10.9>
ST_45 : Operation 705 [15/18] (10.9ns)   --->   "%sample_data_8 = call i32 @tremolo, i32 %sample_data_2, i32 %p_load191, i100 %ref_4oPi_table_100, i30 %second_order_float_sin_cos_K0, i23 %second_order_float_sin_cos_K1, i15 %second_order_float_sin_cos_K2" [pedal_top.cpp:60]   --->   Operation 705 'call' 'sample_data_8' <Predicate = (sw3)> <Delay = 10.9> <CoreType = "Generic">   --->   Core 0 '' <Latency = 0> <II = 1> <Delay = 1.00> <Generic> <Opcode : >
ST_45 : Operation 706 [30/36] (1.45ns)   --->   "%pos_ceil = srem i32 %add_ln74, i32 1102" [pedal_top.cpp:74]   --->   Operation 706 'srem' 'pos_ceil' <Predicate = (sw4)> <Delay = 1.45> <CoreInst = "Divider">   --->   Core 6 'Divider' <Latency = 35> <II = 1> <Delay = 1.45> <FuncUnit> <Opcode : 'udiv' 'sdiv' 'urem' 'srem'> <InPorts = 2> <OutPorts = 1>
ST_45 : Operation 707 [1/1] (9.61ns)   --->   "%pf_1 = fpext i32 %sub" [pedal_top.cpp:75]   --->   Operation 707 'fpext' 'pf_1' <Predicate = (sw4)> <Delay = 9.61> <CoreInst = "Float2Double">   --->   Core 64 'Float2Double' <Latency = 0> <II = 1> <Delay = 9.61> <FuncUnit> <Opcode : 'fpext'> <InPorts = 1> <OutPorts = 1>
ST_45 : Operation 708 [1/1] (0.00ns)   --->   "%bitcast_ln716_1 = bitcast i64 %pf_1" [pedal_top.cpp:75]   --->   Operation 708 'bitcast' 'bitcast_ln716_1' <Predicate = (sw4)> <Delay = 0.00>
ST_45 : Operation 709 [1/1] (0.00ns)   --->   "%trunc_ln75 = trunc i64 %bitcast_ln716_1" [pedal_top.cpp:75]   --->   Operation 709 'trunc' 'trunc_ln75' <Predicate = (sw4)> <Delay = 0.00>
ST_45 : Operation 710 [1/1] (0.00ns)   --->   "%tmp_107 = bitselect i1 @_ssdm_op_BitSelect.i1.i64.i32, i64 %bitcast_ln716_1, i32 63" [pedal_top.cpp:75]   --->   Operation 710 'bitselect' 'tmp_107' <Predicate = (sw4)> <Delay = 0.00>
ST_45 : Operation 711 [1/1] (0.00ns)   --->   "%tmp_105 = partselect i11 @_ssdm_op_PartSelect.i11.i64.i32.i32, i64 %bitcast_ln716_1, i32 52, i32 62" [pedal_top.cpp:75]   --->   Operation 711 'partselect' 'tmp_105' <Predicate = (sw4)> <Delay = 0.00>
ST_45 : Operation 712 [1/1] (0.00ns)   --->   "%trunc_ln75_1 = trunc i64 %bitcast_ln716_1" [pedal_top.cpp:75]   --->   Operation 712 'trunc' 'trunc_ln75_1' <Predicate = (sw4)> <Delay = 0.00>
ST_45 : Operation 713 [1/1] (1.08ns)   --->   "%icmp_ln75 = icmp_eq  i63 %trunc_ln75, i63 0" [pedal_top.cpp:75]   --->   Operation 713 'icmp' 'icmp_ln75' <Predicate = (sw4)> <Delay = 1.08> <CoreInst = "Cmp">   --->   Core 9 'Cmp' <Latency = 0> <II = 1> <Delay = 1.08> <FuncUnit> <Opcode : 'seteq' 'setne' 'setle' 'setge' 'setlt' 'setgt'> <InPorts = 2> <OutPorts = 1>

State 46 <SV = 45> <Delay = 10.9>
ST_46 : Operation 714 [14/18] (10.9ns)   --->   "%sample_data_8 = call i32 @tremolo, i32 %sample_data_2, i32 %p_load191, i100 %ref_4oPi_table_100, i30 %second_order_float_sin_cos_K0, i23 %second_order_float_sin_cos_K1, i15 %second_order_float_sin_cos_K2" [pedal_top.cpp:60]   --->   Operation 714 'call' 'sample_data_8' <Predicate = (sw3)> <Delay = 10.9> <CoreType = "Generic">   --->   Core 0 '' <Latency = 0> <II = 1> <Delay = 1.00> <Generic> <Opcode : >
ST_46 : Operation 715 [29/36] (1.45ns)   --->   "%pos_ceil = srem i32 %add_ln74, i32 1102" [pedal_top.cpp:74]   --->   Operation 715 'srem' 'pos_ceil' <Predicate = (sw4)> <Delay = 1.45> <CoreInst = "Divider">   --->   Core 6 'Divider' <Latency = 35> <II = 1> <Delay = 1.45> <FuncUnit> <Opcode : 'udiv' 'sdiv' 'urem' 'srem'> <InPorts = 2> <OutPorts = 1>
ST_46 : Operation 716 [1/1] (0.00ns)   --->   "%zext_ln75 = zext i11 %tmp_105" [pedal_top.cpp:75]   --->   Operation 716 'zext' 'zext_ln75' <Predicate = (sw4)> <Delay = 0.00>
ST_46 : Operation 717 [1/1] (0.00ns) (grouped into TernaryAdder)   --->   "%add_ln75 = add i12 %zext_ln75, i12 3073" [pedal_top.cpp:75]   --->   Operation 717 'add' 'add_ln75' <Predicate = (sw4)> <Delay = 0.00> <CoreInst = "TAddSub">   --->   Core 10 'TAddSub' <Latency = 0> <II = 1> <Delay = 0.38> <IPBlock> <Opcode : '' 'add' 'sub'> <InPorts = 3> <OutPorts = 1> <Sync> <CReg>
ST_46 : Operation 718 [1/1] (0.00ns)   --->   "%zext_ln75_1_cast = bitconcatenate i53 @_ssdm_op_BitConcatenate.i53.i1.i52, i1 1, i52 %trunc_ln75_1" [pedal_top.cpp:75]   --->   Operation 718 'bitconcatenate' 'zext_ln75_1_cast' <Predicate = (sw4)> <Delay = 0.00>
ST_46 : Operation 719 [1/1] (0.00ns)   --->   "%zext_ln75_1 = zext i53 %zext_ln75_1_cast" [pedal_top.cpp:75]   --->   Operation 719 'zext' 'zext_ln75_1' <Predicate = (sw4)> <Delay = 0.00>
ST_46 : Operation 720 [1/1] (1.10ns)   --->   "%sub_ln75 = sub i54 0, i54 %zext_ln75_1" [pedal_top.cpp:75]   --->   Operation 720 'sub' 'sub_ln75' <Predicate = (sw4 & tmp_107)> <Delay = 1.10> <CoreInst = "Adder">   --->   Core 1 'Adder' <Latency = 0> <II = 1> <Delay = 1.10> <FuncUnit> <Opcode : 'add' 'sub'> <InPorts = 2> <OutPorts = 1>
ST_46 : Operation 721 [1/1] (0.40ns)   --->   "%select_ln75 = select i1 %tmp_107, i54 %sub_ln75, i54 %zext_ln75_1" [pedal_top.cpp:75]   --->   Operation 721 'select' 'select_ln75' <Predicate = (sw4)> <Delay = 0.40> <CoreInst = "Sel">   --->   Core 73 'Sel' <Latency = 0> <II = 1> <Delay = 0.40> <FuncUnit> <Opcode : 'select'> <InPorts = 3> <OutPorts = 1>
ST_46 : Operation 722 [1/1] (0.80ns)   --->   "%sub_ln75_1 = sub i12 1075, i12 %zext_ln75" [pedal_top.cpp:75]   --->   Operation 722 'sub' 'sub_ln75_1' <Predicate = (sw4)> <Delay = 0.80> <CoreInst = "Adder">   --->   Core 1 'Adder' <Latency = 0> <II = 1> <Delay = 0.80> <FuncUnit> <Opcode : 'add' 'sub'> <InPorts = 2> <OutPorts = 1>
ST_46 : Operation 723 [1/1] (0.00ns)   --->   "%trunc_ln75_2 = trunc i12 %sub_ln75_1" [pedal_top.cpp:75]   --->   Operation 723 'trunc' 'trunc_ln75_2' <Predicate = (sw4)> <Delay = 0.00>
ST_46 : Operation 724 [1/1] (0.80ns)   --->   "%icmp_ln75_1 = icmp_sgt  i12 %sub_ln75_1, i12 16" [pedal_top.cpp:75]   --->   Operation 724 'icmp' 'icmp_ln75_1' <Predicate = (sw4)> <Delay = 0.80> <CoreInst = "Cmp">   --->   Core 9 'Cmp' <Latency = 0> <II = 1> <Delay = 0.80> <FuncUnit> <Opcode : 'seteq' 'setne' 'setle' 'setge' 'setlt' 'setgt'> <InPorts = 2> <OutPorts = 1>
ST_46 : Operation 725 [1/1] (0.80ns)   --->   "%add_ln75_1 = add i12 %sub_ln75_1, i12 4080" [pedal_top.cpp:75]   --->   Operation 725 'add' 'add_ln75_1' <Predicate = (sw4)> <Delay = 0.80> <CoreInst = "Adder">   --->   Core 1 'Adder' <Latency = 0> <II = 1> <Delay = 0.80> <FuncUnit> <Opcode : 'add' 'sub'> <InPorts = 2> <OutPorts = 1>
ST_46 : Operation 726 [1/1] (0.00ns)   --->   "%trunc_ln75_3 = trunc i12 %add_ln75_1" [pedal_top.cpp:75]   --->   Operation 726 'trunc' 'trunc_ln75_3' <Predicate = (sw4)> <Delay = 0.00>
ST_46 : Operation 727 [1/1] (0.79ns)   --->   "%sub_ln75_2 = sub i11 16, i11 %trunc_ln75_2" [pedal_top.cpp:75]   --->   Operation 727 'sub' 'sub_ln75_2' <Predicate = (sw4)> <Delay = 0.79> <CoreInst = "Adder">   --->   Core 1 'Adder' <Latency = 0> <II = 1> <Delay = 0.79> <FuncUnit> <Opcode : 'add' 'sub'> <InPorts = 2> <OutPorts = 1>
ST_46 : Operation 728 [1/1] (0.38ns)   --->   "%select_ln75_1 = select i1 %icmp_ln75_1, i11 %trunc_ln75_3, i11 %sub_ln75_2" [pedal_top.cpp:75]   --->   Operation 728 'select' 'select_ln75_1' <Predicate = (sw4)> <Delay = 0.38> <CoreInst = "Sel">   --->   Core 73 'Sel' <Latency = 0> <II = 1> <Delay = 0.38> <FuncUnit> <Opcode : 'select'> <InPorts = 3> <OutPorts = 1>
ST_46 : Operation 729 [1/1] (0.00ns)   --->   "%zext_ln75_4 = zext i11 %select_ln75_1" [pedal_top.cpp:75]   --->   Operation 729 'zext' 'zext_ln75_4' <Predicate = (sw4)> <Delay = 0.00>
ST_46 : Operation 730 [1/1] (0.80ns)   --->   "%icmp_ln75_2 = icmp_eq  i12 %sub_ln75_1, i12 16" [pedal_top.cpp:75]   --->   Operation 730 'icmp' 'icmp_ln75_2' <Predicate = (sw4)> <Delay = 0.80> <CoreInst = "Cmp">   --->   Core 9 'Cmp' <Latency = 0> <II = 1> <Delay = 0.80> <FuncUnit> <Opcode : 'seteq' 'setne' 'setle' 'setge' 'setlt' 'setgt'> <InPorts = 2> <OutPorts = 1>
ST_46 : Operation 731 [1/1] (0.00ns)   --->   "%trunc_ln75_4 = trunc i54 %select_ln75" [pedal_top.cpp:75]   --->   Operation 731 'trunc' 'trunc_ln75_4' <Predicate = (sw4)> <Delay = 0.00>
ST_46 : Operation 732 [1/1] (0.79ns)   --->   "%icmp_ln75_3 = icmp_ult  i11 %select_ln75_1, i11 54" [pedal_top.cpp:75]   --->   Operation 732 'icmp' 'icmp_ln75_3' <Predicate = (sw4)> <Delay = 0.79> <CoreInst = "Cmp">   --->   Core 9 'Cmp' <Latency = 0> <II = 1> <Delay = 0.79> <FuncUnit> <Opcode : 'seteq' 'setne' 'setle' 'setge' 'setlt' 'setgt'> <InPorts = 2> <OutPorts = 1>
ST_46 : Operation 733 [1/1] (0.00ns) (grouped into LUT with out node select_ln75_2)   --->   "%select_ln75_3 = select i1 %tmp_107, i32 4294967295, i32 0" [pedal_top.cpp:75]   --->   Operation 733 'select' 'select_ln75_3' <Predicate = (sw4)> <Delay = 0.00> <CoreInst = "Sel">   --->   Core 73 'Sel' <Latency = 0> <II = 1> <Delay = 0.17> <FuncUnit> <Opcode : 'select'> <InPorts = 3> <OutPorts = 1>
ST_46 : Operation 734 [1/1] (0.00ns)   --->   "%zext_ln75_2 = zext i11 %select_ln75_1" [pedal_top.cpp:75]   --->   Operation 734 'zext' 'zext_ln75_2' <Predicate = (sw4)> <Delay = 0.00>
ST_46 : Operation 735 [1/1] (1.50ns)   --->   "%ashr_ln75 = ashr i54 %select_ln75, i54 %zext_ln75_2" [pedal_top.cpp:75]   --->   Operation 735 'ashr' 'ashr_ln75' <Predicate = (sw4)> <Delay = 1.50> <CoreInst = "Shifter">   --->   Core 75 'Shifter' <Latency = 0> <II = 1> <Delay = 1.50> <FuncUnit> <Opcode : 'shl' 'lshr' 'ashr'> <InPorts = 2> <OutPorts = 1>
ST_46 : Operation 736 [1/1] (0.00ns) (grouped into LUT with out node select_ln75_2)   --->   "%trunc_ln75_5 = trunc i54 %ashr_ln75" [pedal_top.cpp:75]   --->   Operation 736 'trunc' 'trunc_ln75_5' <Predicate = (sw4)> <Delay = 0.00>
ST_46 : Operation 737 [1/1] (0.44ns) (out node of the LUT)   --->   "%select_ln75_2 = select i1 %icmp_ln75_3, i32 %trunc_ln75_5, i32 %select_ln75_3" [pedal_top.cpp:75]   --->   Operation 737 'select' 'select_ln75_2' <Predicate = (sw4)> <Delay = 0.44> <CoreInst = "Sel">   --->   Core 73 'Sel' <Latency = 0> <II = 1> <Delay = 0.44> <FuncUnit> <Opcode : 'select'> <InPorts = 3> <OutPorts = 1>
ST_46 : Operation 738 [1/1] (0.80ns)   --->   "%icmp_ln75_4 = icmp_sgt  i12 %add_ln75_1, i12 54" [pedal_top.cpp:75]   --->   Operation 738 'icmp' 'icmp_ln75_4' <Predicate = (sw4)> <Delay = 0.80> <CoreInst = "Cmp">   --->   Core 9 'Cmp' <Latency = 0> <II = 1> <Delay = 0.80> <FuncUnit> <Opcode : 'seteq' 'setne' 'setle' 'setge' 'setlt' 'setgt'> <InPorts = 2> <OutPorts = 1>
ST_46 : Operation 739 [1/1] (0.00ns)   --->   "%tmp_108 = partselect i6 @_ssdm_op_PartSelect.i6.i11.i32.i32, i11 %select_ln75_1, i32 5, i32 10" [pedal_top.cpp:75]   --->   Operation 739 'partselect' 'tmp_108' <Predicate = (sw4)> <Delay = 0.00>
ST_46 : Operation 740 [1/1] (0.78ns)   --->   "%icmp_ln75_5 = icmp_eq  i6 %tmp_108, i6 0" [pedal_top.cpp:75]   --->   Operation 740 'icmp' 'icmp_ln75_5' <Predicate = (sw4)> <Delay = 0.78> <CoreInst = "Cmp">   --->   Core 9 'Cmp' <Latency = 0> <II = 1> <Delay = 0.78> <FuncUnit> <Opcode : 'seteq' 'setne' 'setle' 'setge' 'setlt' 'setgt'> <InPorts = 2> <OutPorts = 1>
ST_46 : Operation 741 [1/1] (0.80ns)   --->   "%add_ln75_2 = add i12 %sub_ln75_1, i12 4079" [pedal_top.cpp:75]   --->   Operation 741 'add' 'add_ln75_2' <Predicate = (sw4)> <Delay = 0.80> <CoreInst = "Adder">   --->   Core 1 'Adder' <Latency = 0> <II = 1> <Delay = 0.80> <FuncUnit> <Opcode : 'add' 'sub'> <InPorts = 2> <OutPorts = 1>
ST_46 : Operation 742 [1/1] (0.00ns)   --->   "%sext_ln75_1 = sext i12 %add_ln75_2" [pedal_top.cpp:75]   --->   Operation 742 'sext' 'sext_ln75_1' <Predicate = (sw4)> <Delay = 0.00>
ST_46 : Operation 743 [1/1] (0.00ns)   --->   "%tmp_109 = bitselect i1 @_ssdm_op_BitSelect.i1.i54.i32, i54 %select_ln75, i32 %sext_ln75_1" [pedal_top.cpp:75]   --->   Operation 743 'bitselect' 'tmp_109' <Predicate = (sw4)> <Delay = 0.00>
ST_46 : Operation 744 [1/1] (1.38ns)   --->   "%shl_ln75 = shl i32 %trunc_ln75_4, i32 %zext_ln75_4" [pedal_top.cpp:75]   --->   Operation 744 'shl' 'shl_ln75' <Predicate = (sw4)> <Delay = 1.38> <CoreInst = "Shifter">   --->   Core 75 'Shifter' <Latency = 0> <II = 1> <Delay = 1.38> <FuncUnit> <Opcode : 'shl' 'lshr' 'ashr'> <InPorts = 2> <OutPorts = 1>
ST_46 : Operation 745 [1/1] (0.80ns)   --->   "%icmp_ln75_6 = icmp_sgt  i12 %sub_ln75_1, i12 17" [pedal_top.cpp:75]   --->   Operation 745 'icmp' 'icmp_ln75_6' <Predicate = (sw4)> <Delay = 0.80> <CoreInst = "Cmp">   --->   Core 9 'Cmp' <Latency = 0> <II = 1> <Delay = 0.80> <FuncUnit> <Opcode : 'seteq' 'setne' 'setle' 'setge' 'setlt' 'setgt'> <InPorts = 2> <OutPorts = 1>
ST_46 : Operation 746 [1/1] (0.80ns)   --->   "%add_ln75_3 = add i12 %sub_ln75_1, i12 4078" [pedal_top.cpp:75]   --->   Operation 746 'add' 'add_ln75_3' <Predicate = (sw4)> <Delay = 0.80> <CoreInst = "Adder">   --->   Core 1 'Adder' <Latency = 0> <II = 1> <Delay = 0.80> <FuncUnit> <Opcode : 'add' 'sub'> <InPorts = 2> <OutPorts = 1>
ST_46 : Operation 747 [1/1] (0.80ns)   --->   "%icmp_ln75_7 = icmp_sgt  i12 %add_ln75_3, i12 53" [pedal_top.cpp:75]   --->   Operation 747 'icmp' 'icmp_ln75_7' <Predicate = (sw4)> <Delay = 0.80> <CoreInst = "Cmp">   --->   Core 9 'Cmp' <Latency = 0> <II = 1> <Delay = 0.80> <FuncUnit> <Opcode : 'seteq' 'setne' 'setle' 'setge' 'setlt' 'setgt'> <InPorts = 2> <OutPorts = 1>
ST_46 : Operation 748 [1/1] (0.00ns)   --->   "%trunc_ln75_6 = trunc i12 %add_ln75_3" [pedal_top.cpp:75]   --->   Operation 748 'trunc' 'trunc_ln75_6' <Predicate = (sw4)> <Delay = 0.00>
ST_46 : Operation 749 [1/1] (0.00ns)   --->   "%tmp_112 = partselect i8 @_ssdm_op_PartSelect.i8.i12.i32.i32, i12 %sub_ln75_1, i32 4, i32 11" [pedal_top.cpp:75]   --->   Operation 749 'partselect' 'tmp_112' <Predicate = (sw4)> <Delay = 0.00>
ST_46 : Operation 750 [1/1] (0.76ns)   --->   "%icmp_ln75_9 = icmp_slt  i8 %tmp_112, i8 1" [pedal_top.cpp:75]   --->   Operation 750 'icmp' 'icmp_ln75_9' <Predicate = (sw4)> <Delay = 0.76> <CoreInst = "Cmp">   --->   Core 9 'Cmp' <Latency = 0> <II = 1> <Delay = 0.76> <FuncUnit> <Opcode : 'seteq' 'setne' 'setle' 'setge' 'setlt' 'setgt'> <InPorts = 2> <OutPorts = 1>
ST_46 : Operation 751 [1/1] (0.28ns)   --->   "%and_ln75_11 = and i1 %icmp_ln75_9, i1 %icmp_ln75_5" [pedal_top.cpp:75]   --->   Operation 751 'and' 'and_ln75_11' <Predicate = (sw4)> <Delay = 0.28> <CoreInst = "LogicGate">   --->   Core 74 'LogicGate' <Latency = 0> <II = 1> <Delay = 0.28> <FuncUnit> <Opcode : 'and' 'or' 'xor'> <InPorts = 2> <OutPorts = 1>
ST_46 : Operation 752 [1/1] (0.20ns)   --->   "%select_ln75_9 = select i1 %icmp_ln75_1, i12 2, i12 1" [pedal_top.cpp:75]   --->   Operation 752 'select' 'select_ln75_9' <Predicate = (sw4)> <Delay = 0.20> <CoreInst = "Sel">   --->   Core 73 'Sel' <Latency = 0> <II = 1> <Delay = 0.20> <FuncUnit> <Opcode : 'select'> <InPorts = 3> <OutPorts = 1>
ST_46 : Operation 753 [1/1] (0.86ns) (root node of TernaryAdder)   --->   "%add_ln75_5 = add i12 %select_ln75_9, i12 %add_ln75" [pedal_top.cpp:75]   --->   Operation 753 'add' 'add_ln75_5' <Predicate = (sw4)> <Delay = 0.86> <CoreInst = "TAddSub">   --->   Core 10 'TAddSub' <Latency = 0> <II = 1> <Delay = 0.38> <IPBlock> <Opcode : '' 'add' 'sub'> <InPorts = 3> <OutPorts = 1> <Sync> <CReg>
ST_46 : Operation 754 [1/1] (0.00ns)   --->   "%tmp_113 = partselect i8 @_ssdm_op_PartSelect.i8.i12.i32.i32, i12 %add_ln75_5, i32 4, i32 11" [pedal_top.cpp:75]   --->   Operation 754 'partselect' 'tmp_113' <Predicate = (sw4)> <Delay = 0.00>
ST_46 : Operation 755 [1/1] (0.76ns)   --->   "%icmp_ln75_11 = icmp_sgt  i8 %tmp_113, i8 0" [pedal_top.cpp:75]   --->   Operation 755 'icmp' 'icmp_ln75_11' <Predicate = (sw4)> <Delay = 0.76> <CoreInst = "Cmp">   --->   Core 9 'Cmp' <Latency = 0> <II = 1> <Delay = 0.76> <FuncUnit> <Opcode : 'seteq' 'setne' 'setle' 'setge' 'setlt' 'setgt'> <InPorts = 2> <OutPorts = 1>
ST_46 : Operation 756 [1/1] (0.80ns)   --->   "%add_ln75_6 = add i12 %sub_ln75_1, i12 16" [pedal_top.cpp:75]   --->   Operation 756 'add' 'add_ln75_6' <Predicate = (sw4)> <Delay = 0.80> <CoreInst = "Adder">   --->   Core 1 'Adder' <Latency = 0> <II = 1> <Delay = 0.80> <FuncUnit> <Opcode : 'add' 'sub'> <InPorts = 2> <OutPorts = 1>
ST_46 : Operation 757 [1/1] (0.00ns)   --->   "%sext_ln75_2 = sext i12 %add_ln75_6" [pedal_top.cpp:75]   --->   Operation 757 'sext' 'sext_ln75_2' <Predicate = (sw4)> <Delay = 0.00>
ST_46 : Operation 758 [1/1] (0.80ns)   --->   "%add_ln75_7 = add i12 %sub_ln75_1, i12 17" [pedal_top.cpp:75]   --->   Operation 758 'add' 'add_ln75_7' <Predicate = (sw4)> <Delay = 0.80> <CoreInst = "Adder">   --->   Core 1 'Adder' <Latency = 0> <II = 1> <Delay = 0.80> <FuncUnit> <Opcode : 'add' 'sub'> <InPorts = 2> <OutPorts = 1>
ST_46 : Operation 759 [1/1] (0.80ns)   --->   "%icmp_ln75_10 = icmp_slt  i12 %add_ln75_6, i12 54" [pedal_top.cpp:75]   --->   Operation 759 'icmp' 'icmp_ln75_10' <Predicate = (sw4)> <Delay = 0.80> <CoreInst = "Cmp">   --->   Core 9 'Cmp' <Latency = 0> <II = 1> <Delay = 0.80> <FuncUnit> <Opcode : 'seteq' 'setne' 'setle' 'setge' 'setlt' 'setgt'> <InPorts = 2> <OutPorts = 1>
ST_46 : Operation 760 [1/1] (0.00ns)   --->   "%tmp_115 = bitselect i1 @_ssdm_op_BitSelect.i1.i12.i32, i12 %add_ln75_6, i32 11" [pedal_top.cpp:75]   --->   Operation 760 'bitselect' 'tmp_115' <Predicate = (sw4)> <Delay = 0.00>
ST_46 : Operation 761 [1/1] (0.80ns)   --->   "%icmp_ln75_12 = icmp_ult  i12 %add_ln75_6, i12 54" [pedal_top.cpp:75]   --->   Operation 761 'icmp' 'icmp_ln75_12' <Predicate = (sw4)> <Delay = 0.80> <CoreInst = "Cmp">   --->   Core 9 'Cmp' <Latency = 0> <II = 1> <Delay = 0.80> <FuncUnit> <Opcode : 'seteq' 'setne' 'setle' 'setge' 'setlt' 'setgt'> <InPorts = 2> <OutPorts = 1>
ST_46 : Operation 762 [1/1] (0.00ns)   --->   "%tobool130_i1 = bitselect i1 @_ssdm_op_BitSelect.i1.i54.i32, i54 %select_ln75, i32 %sext_ln75_2" [pedal_top.cpp:75]   --->   Operation 762 'bitselect' 'tobool130_i1' <Predicate = (sw4)> <Delay = 0.00>
ST_46 : Operation 763 [1/1] (0.28ns)   --->   "%lD_0_i1681 = and i1 %icmp_ln75_12, i1 %tobool130_i1" [pedal_top.cpp:75]   --->   Operation 763 'and' 'lD_0_i1681' <Predicate = (sw4)> <Delay = 0.28> <CoreInst = "LogicGate">   --->   Core 74 'LogicGate' <Latency = 0> <II = 1> <Delay = 0.28> <FuncUnit> <Opcode : 'and' 'or' 'xor'> <InPorts = 2> <OutPorts = 1>
ST_46 : Operation 764 [1/1] (0.00ns)   --->   "%sext_ln75_3 = sext i12 %add_ln75_7" [pedal_top.cpp:75]   --->   Operation 764 'sext' 'sext_ln75_3' <Predicate = (sw4)> <Delay = 0.00>
ST_46 : Operation 765 [1/1] (0.00ns)   --->   "%zext_ln75_6 = zext i32 %sext_ln75_3" [pedal_top.cpp:75]   --->   Operation 765 'zext' 'zext_ln75_6' <Predicate = (sw4)> <Delay = 0.00>
ST_46 : Operation 766 [1/1] (1.50ns)   --->   "%lshr_ln75 = lshr i54 %select_ln75, i54 %zext_ln75_6" [pedal_top.cpp:75]   --->   Operation 766 'lshr' 'lshr_ln75' <Predicate = (sw4)> <Delay = 1.50> <CoreInst = "Shifter">   --->   Core 75 'Shifter' <Latency = 0> <II = 1> <Delay = 1.50> <FuncUnit> <Opcode : 'shl' 'lshr' 'ashr'> <InPorts = 2> <OutPorts = 1>

State 47 <SV = 46> <Delay = 10.9>
ST_47 : Operation 767 [13/18] (10.9ns)   --->   "%sample_data_8 = call i32 @tremolo, i32 %sample_data_2, i32 %p_load191, i100 %ref_4oPi_table_100, i30 %second_order_float_sin_cos_K0, i23 %second_order_float_sin_cos_K1, i15 %second_order_float_sin_cos_K2" [pedal_top.cpp:60]   --->   Operation 767 'call' 'sample_data_8' <Predicate = (sw3)> <Delay = 10.9> <CoreType = "Generic">   --->   Core 0 '' <Latency = 0> <II = 1> <Delay = 1.00> <Generic> <Opcode : >
ST_47 : Operation 768 [1/1] (0.00ns)   --->   "%zext_ln73 = zext i10 %lshr_ln2" [pedal_top.cpp:73]   --->   Operation 768 'zext' 'zext_ln73' <Predicate = (sw4)> <Delay = 0.00>
ST_47 : Operation 769 [28/36] (1.45ns)   --->   "%pos_ceil = srem i32 %add_ln74, i32 1102" [pedal_top.cpp:74]   --->   Operation 769 'srem' 'pos_ceil' <Predicate = (sw4)> <Delay = 1.45> <CoreInst = "Divider">   --->   Core 6 'Divider' <Latency = 35> <II = 1> <Delay = 1.45> <FuncUnit> <Opcode : 'udiv' 'sdiv' 'urem' 'srem'> <InPorts = 2> <OutPorts = 1>
ST_47 : Operation 770 [1/1] (0.28ns)   --->   "%xor_ln75_8 = xor i1 %tmp_115, i1 1" [pedal_top.cpp:75]   --->   Operation 770 'xor' 'xor_ln75_8' <Predicate = (sw4)> <Delay = 0.28> <CoreInst = "LogicGate">   --->   Core 74 'LogicGate' <Latency = 0> <II = 1> <Delay = 0.28> <FuncUnit> <Opcode : 'and' 'or' 'xor'> <InPorts = 2> <OutPorts = 1>
ST_47 : Operation 771 [1/1] (0.80ns)   --->   "%icmp_ln75_13 = icmp_slt  i12 %add_ln75_7, i12 54" [pedal_top.cpp:75]   --->   Operation 771 'icmp' 'icmp_ln75_13' <Predicate = (sw4)> <Delay = 0.80> <CoreInst = "Cmp">   --->   Core 9 'Cmp' <Latency = 0> <II = 1> <Delay = 0.80> <FuncUnit> <Opcode : 'seteq' 'setne' 'setle' 'setge' 'setlt' 'setgt'> <InPorts = 2> <OutPorts = 1>
ST_47 : Operation 772 [1/1] (0.80ns)   --->   "%icmp_ln75_14 = icmp_ult  i12 %add_ln75_7, i12 54" [pedal_top.cpp:75]   --->   Operation 772 'icmp' 'icmp_ln75_14' <Predicate = (sw4)> <Delay = 0.80> <CoreInst = "Cmp">   --->   Core 9 'Cmp' <Latency = 0> <II = 1> <Delay = 0.80> <FuncUnit> <Opcode : 'seteq' 'setne' 'setle' 'setge' 'setlt' 'setgt'> <InPorts = 2> <OutPorts = 1>
ST_47 : Operation 773 [1/1] (1.38ns)   --->   "%lshr_ln75_1 = lshr i54 18014398509481983, i54 %zext_ln75_6" [pedal_top.cpp:75]   --->   Operation 773 'lshr' 'lshr_ln75_1' <Predicate = (sw4)> <Delay = 1.38> <CoreInst = "Shifter">   --->   Core 75 'Shifter' <Latency = 0> <II = 1> <Delay = 1.38> <FuncUnit> <Opcode : 'shl' 'lshr' 'ashr'> <InPorts = 2> <OutPorts = 1>
ST_47 : Operation 774 [1/1] (1.09ns)   --->   "%icmp_ln75_15 = icmp_eq  i54 %lshr_ln75, i54 %lshr_ln75_1" [pedal_top.cpp:75]   --->   Operation 774 'icmp' 'icmp_ln75_15' <Predicate = (sw4)> <Delay = 1.09> <CoreInst = "Cmp">   --->   Core 9 'Cmp' <Latency = 0> <II = 1> <Delay = 1.09> <FuncUnit> <Opcode : 'seteq' 'setne' 'setle' 'setge' 'setlt' 'setgt'> <InPorts = 2> <OutPorts = 1>
ST_47 : Operation 775 [1/1] (0.00ns) (grouped into LUT with out node Range2_all_ones_1_i1694)   --->   "%tmp_116 = bitselect i1 @_ssdm_op_BitSelect.i1.i12.i32, i12 %add_ln75_7, i32 11" [pedal_top.cpp:75]   --->   Operation 775 'bitselect' 'tmp_116' <Predicate = (sw4)> <Delay = 0.00>
ST_47 : Operation 776 [1/1] (0.00ns) (grouped into LUT with out node Range2_all_ones_1_i1694)   --->   "%xor_ln75_9 = xor i1 %tmp_116, i1 1" [pedal_top.cpp:75]   --->   Operation 776 'xor' 'xor_ln75_9' <Predicate = (sw4)> <Delay = 0.00> <CoreInst = "LogicGate">   --->   Core 74 'LogicGate' <Latency = 0> <II = 1> <Delay = 0.28> <FuncUnit> <Opcode : 'and' 'or' 'xor'> <InPorts = 2> <OutPorts = 1>
ST_47 : Operation 777 [1/1] (0.28ns) (out node of the LUT)   --->   "%Range2_all_ones_1_i1694 = select i1 %icmp_ln75_14, i1 %icmp_ln75_15, i1 %xor_ln75_9" [pedal_top.cpp:75]   --->   Operation 777 'select' 'Range2_all_ones_1_i1694' <Predicate = (sw4)> <Delay = 0.28> <CoreInst = "Sel">   --->   Core 73 'Sel' <Latency = 0> <II = 1> <Delay = 0.17> <FuncUnit> <Opcode : 'select'> <InPorts = 3> <OutPorts = 1>
ST_47 : Operation 778 [1/1] (0.28ns)   --->   "%and_ln75_3 = and i1 %icmp_ln75_13, i1 %xor_ln75_8" [pedal_top.cpp:75]   --->   Operation 778 'and' 'and_ln75_3' <Predicate = (sw4)> <Delay = 0.28> <CoreInst = "LogicGate">   --->   Core 74 'LogicGate' <Latency = 0> <II = 1> <Delay = 0.28> <FuncUnit> <Opcode : 'and' 'or' 'xor'> <InPorts = 2> <OutPorts = 1>
ST_47 : Operation 779 [1/1] (0.00ns) (grouped into LUT with out node Range1_all_ones_2_i1712)   --->   "%and_ln75_4 = and i1 %Range2_all_ones_1_i1694, i1 %lD_0_i1681" [pedal_top.cpp:75]   --->   Operation 779 'and' 'and_ln75_4' <Predicate = (sw4)> <Delay = 0.00> <CoreInst = "LogicGate">   --->   Core 74 'LogicGate' <Latency = 0> <II = 1> <Delay = 0.28> <FuncUnit> <Opcode : 'and' 'or' 'xor'> <InPorts = 2> <OutPorts = 1>
ST_47 : Operation 780 [1/1] (0.28ns)   --->   "%xor_ln75_1 = xor i1 %lD_0_i1681, i1 1" [pedal_top.cpp:75]   --->   Operation 780 'xor' 'xor_ln75_1' <Predicate = (sw4)> <Delay = 0.28> <CoreInst = "LogicGate">   --->   Core 74 'LogicGate' <Latency = 0> <II = 1> <Delay = 0.28> <FuncUnit> <Opcode : 'and' 'or' 'xor'> <InPorts = 2> <OutPorts = 1>
ST_47 : Operation 781 [1/1] (1.09ns)   --->   "%icmp_ln75_16 = icmp_eq  i54 %lshr_ln75, i54 0" [pedal_top.cpp:75]   --->   Operation 781 'icmp' 'icmp_ln75_16' <Predicate = (sw4)> <Delay = 1.09> <CoreInst = "Cmp">   --->   Core 9 'Cmp' <Latency = 0> <II = 1> <Delay = 1.09> <FuncUnit> <Opcode : 'seteq' 'setne' 'setle' 'setge' 'setlt' 'setgt'> <InPorts = 2> <OutPorts = 1>
ST_47 : Operation 782 [1/1] (0.00ns) (grouped into LUT with out node Range1_all_zeros_2_i1713)   --->   "%and_ln75_5 = and i1 %icmp_ln75_16, i1 %xor_ln75_1" [pedal_top.cpp:75]   --->   Operation 782 'and' 'and_ln75_5' <Predicate = (sw4)> <Delay = 0.00> <CoreInst = "LogicGate">   --->   Core 74 'LogicGate' <Latency = 0> <II = 1> <Delay = 0.28> <FuncUnit> <Opcode : 'and' 'or' 'xor'> <InPorts = 2> <OutPorts = 1>
ST_47 : Operation 783 [1/1] (0.80ns)   --->   "%icmp_ln75_17 = icmp_eq  i12 %add_ln75_7, i12 54" [pedal_top.cpp:75]   --->   Operation 783 'icmp' 'icmp_ln75_17' <Predicate = (sw4)> <Delay = 0.80> <CoreInst = "Cmp">   --->   Core 9 'Cmp' <Latency = 0> <II = 1> <Delay = 0.80> <FuncUnit> <Opcode : 'seteq' 'setne' 'setle' 'setge' 'setlt' 'setgt'> <InPorts = 2> <OutPorts = 1>
ST_47 : Operation 784 [1/1] (0.00ns) (grouped into LUT with out node Range1_all_ones_2_i1712)   --->   "%select_ln75_6 = select i1 %icmp_ln75_17, i1 %lD_0_i1681, i1 %xor_ln75_8" [pedal_top.cpp:75]   --->   Operation 784 'select' 'select_ln75_6' <Predicate = (sw4)> <Delay = 0.00> <CoreInst = "Sel">   --->   Core 73 'Sel' <Latency = 0> <II = 1> <Delay = 0.17> <FuncUnit> <Opcode : 'select'> <InPorts = 3> <OutPorts = 1>
ST_47 : Operation 785 [1/1] (0.00ns) (grouped into LUT with out node Range1_all_zeros_2_i1713)   --->   "%select_ln75_7 = select i1 %icmp_ln75_17, i1 %xor_ln75_1, i1 %xor_ln75_8" [pedal_top.cpp:75]   --->   Operation 785 'select' 'select_ln75_7' <Predicate = (sw4)> <Delay = 0.00> <CoreInst = "Sel">   --->   Core 73 'Sel' <Latency = 0> <II = 1> <Delay = 0.17> <FuncUnit> <Opcode : 'select'> <InPorts = 3> <OutPorts = 1>
ST_47 : Operation 786 [1/1] (0.28ns) (out node of the LUT)   --->   "%Range1_all_ones_2_i1712 = select i1 %and_ln75_3, i1 %and_ln75_4, i1 %select_ln75_6" [pedal_top.cpp:75]   --->   Operation 786 'select' 'Range1_all_ones_2_i1712' <Predicate = (sw4)> <Delay = 0.28> <CoreInst = "Sel">   --->   Core 73 'Sel' <Latency = 0> <II = 1> <Delay = 0.17> <FuncUnit> <Opcode : 'select'> <InPorts = 3> <OutPorts = 1>
ST_47 : Operation 787 [1/1] (0.28ns) (out node of the LUT)   --->   "%Range1_all_zeros_2_i1713 = select i1 %and_ln75_3, i1 %and_ln75_5, i1 %select_ln75_7" [pedal_top.cpp:75]   --->   Operation 787 'select' 'Range1_all_zeros_2_i1713' <Predicate = (sw4)> <Delay = 0.28> <CoreInst = "Sel">   --->   Core 73 'Sel' <Latency = 0> <II = 1> <Delay = 0.17> <FuncUnit> <Opcode : 'select'> <InPorts = 3> <OutPorts = 1>
ST_47 : Operation 788 [1/1] (0.00ns)   --->   "%pedal_top_stream_stream_axis_0_ap_uint_8_buffer2_1_addr = getelementptr i32 %pedal_top_stream_stream_axis_0_ap_uint_8_buffer2_1, i64 0, i64 %zext_ln73" [pedal_top.cpp:78]   --->   Operation 788 'getelementptr' 'pedal_top_stream_stream_axis_0_ap_uint_8_buffer2_1_addr' <Predicate = (sw4 & !trunc_ln58)> <Delay = 0.00>
ST_47 : Operation 789 [1/1] (0.00ns)   --->   "%pedal_top_stream_stream_axis_0_ap_uint_8_buffer2_addr = getelementptr i32 %pedal_top_stream_stream_axis_0_ap_uint_8_buffer2, i64 0, i64 %zext_ln73" [pedal_top.cpp:78]   --->   Operation 789 'getelementptr' 'pedal_top_stream_stream_axis_0_ap_uint_8_buffer2_addr' <Predicate = (sw4 & trunc_ln58)> <Delay = 0.00>
ST_47 : Operation 790 [2/2] (1.23ns)   --->   "%pedal_top_stream_stream_axis_0_ap_uint_8_buffer2_1_load = load i10 %pedal_top_stream_stream_axis_0_ap_uint_8_buffer2_1_addr" [pedal_top.cpp:78]   --->   Operation 790 'load' 'pedal_top_stream_stream_axis_0_ap_uint_8_buffer2_1_load' <Predicate = (sw4 & !trunc_ln58)> <Delay = 1.23> <CoreInst = "RAM">   --->   Core 82 'RAM' <Latency = 1> <II = 1> <Delay = 1.23> <Storage> <Opcode : 'load' 'store'> <Ports = 2> <Width = 32> <Depth = 551> <RAM>
ST_47 : Operation 791 [2/2] (1.23ns)   --->   "%pedal_top_stream_stream_axis_0_ap_uint_8_buffer2_load = load i10 %pedal_top_stream_stream_axis_0_ap_uint_8_buffer2_addr" [pedal_top.cpp:78]   --->   Operation 791 'load' 'pedal_top_stream_stream_axis_0_ap_uint_8_buffer2_load' <Predicate = (sw4 & trunc_ln58)> <Delay = 1.23> <CoreInst = "RAM">   --->   Core 82 'RAM' <Latency = 1> <II = 1> <Delay = 1.23> <Storage> <Opcode : 'load' 'store'> <Ports = 2> <Width = 32> <Depth = 551> <RAM>

State 48 <SV = 47> <Delay = 10.9>
ST_48 : Operation 792 [12/18] (10.9ns)   --->   "%sample_data_8 = call i32 @tremolo, i32 %sample_data_2, i32 %p_load191, i100 %ref_4oPi_table_100, i30 %second_order_float_sin_cos_K0, i23 %second_order_float_sin_cos_K1, i15 %second_order_float_sin_cos_K2" [pedal_top.cpp:60]   --->   Operation 792 'call' 'sample_data_8' <Predicate = (sw3)> <Delay = 10.9> <CoreType = "Generic">   --->   Core 0 '' <Latency = 0> <II = 1> <Delay = 1.00> <Generic> <Opcode : >
ST_48 : Operation 793 [27/36] (1.45ns)   --->   "%pos_ceil = srem i32 %add_ln74, i32 1102" [pedal_top.cpp:74]   --->   Operation 793 'srem' 'pos_ceil' <Predicate = (sw4)> <Delay = 1.45> <CoreInst = "Divider">   --->   Core 6 'Divider' <Latency = 35> <II = 1> <Delay = 1.45> <FuncUnit> <Opcode : 'udiv' 'sdiv' 'urem' 'srem'> <InPorts = 2> <OutPorts = 1>
ST_48 : Operation 794 [1/1] (0.00ns) (grouped into LUT with out node and_ln75)   --->   "%cond63_i1642 = select i1 %icmp_ln75_4, i1 %tmp_107, i1 %tmp_109" [pedal_top.cpp:75]   --->   Operation 794 'select' 'cond63_i1642' <Predicate = (sw4)> <Delay = 0.00> <CoreInst = "Sel">   --->   Core 73 'Sel' <Latency = 0> <II = 1> <Delay = 0.17> <FuncUnit> <Opcode : 'select'> <InPorts = 3> <OutPorts = 1>
ST_48 : Operation 795 [1/1] (0.78ns)   --->   "%sub_ln75_3 = sub i6 53, i6 %trunc_ln75_6" [pedal_top.cpp:75]   --->   Operation 795 'sub' 'sub_ln75_3' <Predicate = (sw4 & !icmp_ln75_7)> <Delay = 0.78> <CoreInst = "Adder">   --->   Core 1 'Adder' <Latency = 0> <II = 1> <Delay = 0.78> <FuncUnit> <Opcode : 'add' 'sub'> <InPorts = 2> <OutPorts = 1>
ST_48 : Operation 796 [1/1] (0.00ns) (grouped into LUT with out node lshr_ln75_2)   --->   "%select_ln75_8 = select i1 %icmp_ln75_7, i6 0, i6 %sub_ln75_3" [pedal_top.cpp:75]   --->   Operation 796 'select' 'select_ln75_8' <Predicate = (sw4)> <Delay = 0.00> <CoreInst = "Sel">   --->   Core 73 'Sel' <Latency = 0> <II = 1> <Delay = 0.38> <FuncUnit> <Opcode : 'select'> <InPorts = 3> <OutPorts = 1>
ST_48 : Operation 797 [1/1] (0.00ns) (grouped into LUT with out node lshr_ln75_2)   --->   "%zext_ln75_5 = zext i6 %select_ln75_8" [pedal_top.cpp:75]   --->   Operation 797 'zext' 'zext_ln75_5' <Predicate = (sw4)> <Delay = 0.00>
ST_48 : Operation 798 [1/1] (0.73ns) (out node of the LUT)   --->   "%lshr_ln75_2 = lshr i54 18014398509481983, i54 %zext_ln75_5" [pedal_top.cpp:75]   --->   Operation 798 'lshr' 'lshr_ln75_2' <Predicate = (sw4)> <Delay = 0.73> <CoreInst = "Shifter">   --->   Core 75 'Shifter' <Latency = 0> <II = 1> <Delay = 0.73> <FuncUnit> <Opcode : 'shl' 'lshr' 'ashr'> <InPorts = 2> <OutPorts = 1>
ST_48 : Operation 799 [1/1] (0.00ns) (grouped into LUT with out node icmp_ln75_8)   --->   "%and_ln75_17 = and i54 %select_ln75, i54 %lshr_ln75_2" [pedal_top.cpp:75]   --->   Operation 799 'and' 'and_ln75_17' <Predicate = (sw4)> <Delay = 0.00> <CoreInst = "LogicGate">   --->   Core 74 'LogicGate' <Latency = 0> <II = 1> <Delay = 0.33> <FuncUnit> <Opcode : 'and' 'or' 'xor'> <InPorts = 2> <OutPorts = 1>
ST_48 : Operation 800 [1/1] (1.09ns) (out node of the LUT)   --->   "%icmp_ln75_8 = icmp_ne  i54 %and_ln75_17, i54 0" [pedal_top.cpp:75]   --->   Operation 800 'icmp' 'icmp_ln75_8' <Predicate = (sw4)> <Delay = 1.09> <CoreInst = "Cmp">   --->   Core 9 'Cmp' <Latency = 0> <II = 1> <Delay = 1.09> <FuncUnit> <Opcode : 'seteq' 'setne' 'setle' 'setge' 'setlt' 'setgt'> <InPorts = 2> <OutPorts = 1>
ST_48 : Operation 801 [1/1] (0.00ns) (grouped into LUT with out node and_ln75)   --->   "%cond85_i1651 = and i1 %icmp_ln75_6, i1 %icmp_ln75_8" [pedal_top.cpp:75]   --->   Operation 801 'and' 'cond85_i1651' <Predicate = (sw4)> <Delay = 0.00> <CoreInst = "LogicGate">   --->   Core 74 'LogicGate' <Latency = 0> <II = 1> <Delay = 0.28> <FuncUnit> <Opcode : 'and' 'or' 'xor'> <InPorts = 2> <OutPorts = 1>
ST_48 : Operation 802 [1/1] (0.00ns) (grouped into LUT with out node carry_1_i1665)   --->   "%tmp_110 = bitselect i1 @_ssdm_op_BitSelect.i1.i32.i32, i32 %select_ln75_2, i32 31" [pedal_top.cpp:75]   --->   Operation 802 'bitselect' 'tmp_110' <Predicate = (sw4)> <Delay = 0.00>
ST_48 : Operation 803 [1/1] (0.00ns) (grouped into LUT with out node and_ln75)   --->   "%trunc_ln75_7 = trunc i32 %select_ln75_2" [pedal_top.cpp:75]   --->   Operation 803 'trunc' 'trunc_ln75_7' <Predicate = (sw4)> <Delay = 0.00>
ST_48 : Operation 804 [1/1] (0.00ns) (grouped into LUT with out node and_ln75)   --->   "%or_ln75 = or i1 %trunc_ln75_7, i1 %cond85_i1651" [pedal_top.cpp:75]   --->   Operation 804 'or' 'or_ln75' <Predicate = (sw4)> <Delay = 0.00> <CoreInst = "LogicGate">   --->   Core 74 'LogicGate' <Latency = 0> <II = 1> <Delay = 0.28> <FuncUnit> <Opcode : 'and' 'or' 'xor'> <InPorts = 2> <OutPorts = 1>
ST_48 : Operation 805 [1/1] (0.28ns) (out node of the LUT)   --->   "%and_ln75 = and i1 %or_ln75, i1 %cond63_i1642" [pedal_top.cpp:75]   --->   Operation 805 'and' 'and_ln75' <Predicate = (sw4)> <Delay = 0.28> <CoreInst = "LogicGate">   --->   Core 74 'LogicGate' <Latency = 0> <II = 1> <Delay = 0.28> <FuncUnit> <Opcode : 'and' 'or' 'xor'> <InPorts = 2> <OutPorts = 1>
ST_48 : Operation 806 [1/1] (0.00ns) (grouped into LUT with out node add_ln75_4)   --->   "%zext_ln75_3 = zext i1 %and_ln75" [pedal_top.cpp:75]   --->   Operation 806 'zext' 'zext_ln75_3' <Predicate = (sw4)> <Delay = 0.00>
ST_48 : Operation 807 [1/1] (1.01ns) (out node of the LUT)   --->   "%add_ln75_4 = add i32 %select_ln75_2, i32 %zext_ln75_3" [pedal_top.cpp:75]   --->   Operation 807 'add' 'add_ln75_4' <Predicate = (sw4)> <Delay = 1.01> <CoreInst = "Adder">   --->   Core 1 'Adder' <Latency = 0> <II = 1> <Delay = 1.01> <FuncUnit> <Opcode : 'add' 'sub'> <InPorts = 2> <OutPorts = 1>
ST_48 : Operation 808 [1/1] (0.00ns) (grouped into LUT with out node carry_1_i1665)   --->   "%tmp_111 = bitselect i1 @_ssdm_op_BitSelect.i1.i32.i32, i32 %add_ln75_4, i32 31" [pedal_top.cpp:75]   --->   Operation 808 'bitselect' 'tmp_111' <Predicate = (sw4)> <Delay = 0.00>
ST_48 : Operation 809 [1/1] (0.00ns) (grouped into LUT with out node carry_1_i1665)   --->   "%xor_ln75 = xor i1 %tmp_111, i1 1" [pedal_top.cpp:75]   --->   Operation 809 'xor' 'xor_ln75' <Predicate = (sw4)> <Delay = 0.00> <CoreInst = "LogicGate">   --->   Core 74 'LogicGate' <Latency = 0> <II = 1> <Delay = 0.28> <FuncUnit> <Opcode : 'and' 'or' 'xor'> <InPorts = 2> <OutPorts = 1>
ST_48 : Operation 810 [1/1] (0.00ns) (grouped into LUT with out node and_ln75_1)   --->   "%xor_ln75_2 = xor i1 %icmp_ln75_2, i1 1" [pedal_top.cpp:75]   --->   Operation 810 'xor' 'xor_ln75_2' <Predicate = (sw4)> <Delay = 0.00> <CoreInst = "LogicGate">   --->   Core 74 'LogicGate' <Latency = 0> <II = 1> <Delay = 0.28> <FuncUnit> <Opcode : 'and' 'or' 'xor'> <InPorts = 2> <OutPorts = 1>
ST_48 : Operation 811 [1/1] (0.28ns) (out node of the LUT)   --->   "%and_ln75_1 = and i1 %icmp_ln75_1, i1 %xor_ln75_2" [pedal_top.cpp:75]   --->   Operation 811 'and' 'and_ln75_1' <Predicate = (sw4)> <Delay = 0.28> <CoreInst = "LogicGate">   --->   Core 74 'LogicGate' <Latency = 0> <II = 1> <Delay = 0.28> <FuncUnit> <Opcode : 'and' 'or' 'xor'> <InPorts = 2> <OutPorts = 1>
ST_48 : Operation 812 [1/1] (0.00ns)   --->   "%sel_tmp4 = bitconcatenate i3 @_ssdm_op_BitConcatenate.i3.i1.i1.i1, i1 %icmp_ln75_2, i1 %and_ln75_1, i1 %and_ln75_11" [pedal_top.cpp:75]   --->   Operation 812 'bitconcatenate' 'sel_tmp4' <Predicate = (sw4)> <Delay = 0.00>
ST_48 : Operation 813 [1/1] (0.47ns)   --->   "%ref_tmp_i_i1 = sparsemux i32 @_ssdm_op_SparseMux.ap_auto.4i32.i32.i3, i3 4, i32 %trunc_ln75_4, i3 2, i32 %add_ln75_4, i3 1, i32 %shl_ln75, i3 0, i32 0, i32 0, i3 %sel_tmp4" [pedal_top.cpp:75]   --->   Operation 813 'sparsemux' 'ref_tmp_i_i1' <Predicate = (sw4)> <Delay = 0.47> <CoreInst = "SparseMux">   --->   Core 144 'SparseMux' <Latency = 0> <II = 1> <Delay = 0.47> <FuncUnit> <Opcode : 'sparsemux'> <InPorts = 2> <OutPorts = 1>
ST_48 : Operation 814 [1/1] (0.00ns) (grouped into LUT with out node carry_1_i1665)   --->   "%and_ln75_12 = and i1 %and_ln75_1, i1 %tmp_110" [pedal_top.cpp:75]   --->   Operation 814 'and' 'and_ln75_12' <Predicate = (sw4)> <Delay = 0.00> <CoreInst = "LogicGate">   --->   Core 74 'LogicGate' <Latency = 0> <II = 1> <Delay = 0.28> <FuncUnit> <Opcode : 'and' 'or' 'xor'> <InPorts = 2> <OutPorts = 1>
ST_48 : Operation 815 [1/1] (0.28ns) (out node of the LUT)   --->   "%carry_1_i1665 = and i1 %and_ln75_12, i1 %xor_ln75" [pedal_top.cpp:75]   --->   Operation 815 'and' 'carry_1_i1665' <Predicate = (sw4)> <Delay = 0.28> <CoreInst = "LogicGate">   --->   Core 74 'LogicGate' <Latency = 0> <II = 1> <Delay = 0.28> <FuncUnit> <Opcode : 'and' 'or' 'xor'> <InPorts = 2> <OutPorts = 1>
ST_48 : Operation 816 [1/1] (0.00ns)   --->   "%tmp_114 = bitselect i1 @_ssdm_op_BitSelect.i1.i32.i32, i32 %ref_tmp_i_i1, i32 31" [pedal_top.cpp:75]   --->   Operation 816 'bitselect' 'tmp_114' <Predicate = (sw4)> <Delay = 0.00>
ST_48 : Operation 817 [1/1] (0.00ns) (grouped into LUT with out node neg_src_0_i1)   --->   "%and_ln75_2 = and i1 %tmp_107, i1 %tmp_114" [pedal_top.cpp:75]   --->   Operation 817 'and' 'and_ln75_2' <Predicate = (sw4)> <Delay = 0.00> <CoreInst = "LogicGate">   --->   Core 74 'LogicGate' <Latency = 0> <II = 1> <Delay = 0.28> <FuncUnit> <Opcode : 'and' 'or' 'xor'> <InPorts = 2> <OutPorts = 1>
ST_48 : Operation 818 [1/1] (0.00ns) (grouped into LUT with out node and_ln75_8)   --->   "%select_ln75_4 = select i1 %carry_1_i1665, i1 %Range1_all_ones_2_i1712, i1 %Range1_all_zeros_2_i1713" [pedal_top.cpp:75]   --->   Operation 818 'select' 'select_ln75_4' <Predicate = (sw4)> <Delay = 0.00> <CoreInst = "Sel">   --->   Core 73 'Sel' <Latency = 0> <II = 1> <Delay = 0.17> <FuncUnit> <Opcode : 'select'> <InPorts = 3> <OutPorts = 1>
ST_48 : Operation 819 [1/1] (0.00ns) (grouped into LUT with out node deleted_ones_0_i1728)   --->   "%or_ln75_1 = or i1 %tmp_115, i1 %xor_ln75_1" [pedal_top.cpp:75]   --->   Operation 819 'or' 'or_ln75_1' <Predicate = (sw4)> <Delay = 0.00> <CoreInst = "LogicGate">   --->   Core 74 'LogicGate' <Latency = 0> <II = 1> <Delay = 0.28> <FuncUnit> <Opcode : 'and' 'or' 'xor'> <InPorts = 2> <OutPorts = 1>
ST_48 : Operation 820 [1/1] (0.00ns) (grouped into LUT with out node deleted_ones_0_i1728)   --->   "%and_ln75_6 = and i1 %Range2_all_ones_1_i1694, i1 %or_ln75_1" [pedal_top.cpp:75]   --->   Operation 820 'and' 'and_ln75_6' <Predicate = (sw4)> <Delay = 0.00> <CoreInst = "LogicGate">   --->   Core 74 'LogicGate' <Latency = 0> <II = 1> <Delay = 0.28> <FuncUnit> <Opcode : 'and' 'or' 'xor'> <InPorts = 2> <OutPorts = 1>
ST_48 : Operation 821 [1/1] (0.00ns) (grouped into LUT with out node deleted_ones_0_i1728)   --->   "%cond189_i1720 = select i1 %carry_1_i1665, i1 %and_ln75_6, i1 %Range1_all_ones_2_i1712" [pedal_top.cpp:75]   --->   Operation 821 'select' 'cond189_i1720' <Predicate = (sw4)> <Delay = 0.00> <CoreInst = "Sel">   --->   Core 73 'Sel' <Latency = 0> <II = 1> <Delay = 0.17> <FuncUnit> <Opcode : 'select'> <InPorts = 3> <OutPorts = 1>
ST_48 : Operation 822 [1/1] (0.00ns) (grouped into LUT with out node neg_src_0_i1)   --->   "%and_ln75_7 = and i1 %carry_1_i1665, i1 %Range1_all_ones_2_i1712" [pedal_top.cpp:75]   --->   Operation 822 'and' 'and_ln75_7' <Predicate = (sw4)> <Delay = 0.00> <CoreInst = "LogicGate">   --->   Core 74 'LogicGate' <Latency = 0> <II = 1> <Delay = 0.28> <FuncUnit> <Opcode : 'and' 'or' 'xor'> <InPorts = 2> <OutPorts = 1>
ST_48 : Operation 823 [1/1] (0.00ns) (grouped into LUT with out node neg_src_0_i1)   --->   "%xor_ln75_3 = xor i1 %and_ln75_7, i1 1" [pedal_top.cpp:75]   --->   Operation 823 'xor' 'xor_ln75_3' <Predicate = (sw4)> <Delay = 0.00> <CoreInst = "LogicGate">   --->   Core 74 'LogicGate' <Latency = 0> <II = 1> <Delay = 0.28> <FuncUnit> <Opcode : 'and' 'or' 'xor'> <InPorts = 2> <OutPorts = 1>
ST_48 : Operation 824 [1/1] (0.28ns)   --->   "%not_icmp_ln75_10189 = xor i1 %icmp_ln75_10, i1 1" [pedal_top.cpp:75]   --->   Operation 824 'xor' 'not_icmp_ln75_10189' <Predicate = (sw4)> <Delay = 0.28> <CoreInst = "LogicGate">   --->   Core 74 'LogicGate' <Latency = 0> <II = 1> <Delay = 0.28> <FuncUnit> <Opcode : 'and' 'or' 'xor'> <InPorts = 2> <OutPorts = 1>
ST_48 : Operation 825 [1/1] (0.28ns) (out node of the LUT)   --->   "%deleted_ones_0_i1728 = or i1 %cond189_i1720, i1 %not_icmp_ln75_10189" [pedal_top.cpp:75]   --->   Operation 825 'or' 'deleted_ones_0_i1728' <Predicate = (sw4)> <Delay = 0.28> <CoreInst = "LogicGate">   --->   Core 74 'LogicGate' <Latency = 0> <II = 1> <Delay = 0.28> <FuncUnit> <Opcode : 'and' 'or' 'xor'> <InPorts = 2> <OutPorts = 1>
ST_48 : Operation 826 [1/1] (0.00ns) (grouped into LUT with out node neg_src_0_i1)   --->   "%and_ln75_13 = and i1 %icmp_ln75_10, i1 %tmp_107" [pedal_top.cpp:75]   --->   Operation 826 'and' 'and_ln75_13' <Predicate = (sw4)> <Delay = 0.00> <CoreInst = "LogicGate">   --->   Core 74 'LogicGate' <Latency = 0> <II = 1> <Delay = 0.28> <FuncUnit> <Opcode : 'and' 'or' 'xor'> <InPorts = 2> <OutPorts = 1>
ST_48 : Operation 827 [1/1] (0.00ns) (grouped into LUT with out node neg_src_0_i1)   --->   "%sel_tmp5 = bitconcatenate i2 @_ssdm_op_BitConcatenate.i2.i1.i1, i1 %not_icmp_ln75_10189, i1 %and_ln75_13" [pedal_top.cpp:75]   --->   Operation 827 'bitconcatenate' 'sel_tmp5' <Predicate = (sw4)> <Delay = 0.00>
ST_48 : Operation 828 [1/1] (0.42ns) (out node of the LUT)   --->   "%neg_src_0_i1 = sparsemux i1 @_ssdm_op_SparseMux.ap_auto.3i1.i1.i2, i2 2, i1 %and_ln75_2, i2 1, i1 %xor_ln75_3, i2 0, i1 0, i1 0, i2 %sel_tmp5" [pedal_top.cpp:75]   --->   Operation 828 'sparsemux' 'neg_src_0_i1' <Predicate = (sw4)> <Delay = 0.42> <CoreInst = "SparseMux">   --->   Core 144 'SparseMux' <Latency = 0> <II = 1> <Delay = 0.42> <FuncUnit> <Opcode : 'sparsemux'> <InPorts = 2> <OutPorts = 1>
ST_48 : Operation 829 [1/1] (0.00ns) (grouped into LUT with out node and_ln75_8)   --->   "%xor_ln75_4 = xor i1 %select_ln75_4, i1 1" [pedal_top.cpp:75]   --->   Operation 829 'xor' 'xor_ln75_4' <Predicate = (sw4)> <Delay = 0.00> <CoreInst = "LogicGate">   --->   Core 74 'LogicGate' <Latency = 0> <II = 1> <Delay = 0.28> <FuncUnit> <Opcode : 'and' 'or' 'xor'> <InPorts = 2> <OutPorts = 1>
ST_48 : Operation 830 [1/1] (0.00ns) (grouped into LUT with out node and_ln75_8)   --->   "%and_ln75_14 = and i1 %icmp_ln75_10, i1 %xor_ln75_4" [pedal_top.cpp:75]   --->   Operation 830 'and' 'and_ln75_14' <Predicate = (sw4)> <Delay = 0.00> <CoreInst = "LogicGate">   --->   Core 74 'LogicGate' <Latency = 0> <II = 1> <Delay = 0.28> <FuncUnit> <Opcode : 'and' 'or' 'xor'> <InPorts = 2> <OutPorts = 1>
ST_48 : Operation 831 [1/1] (0.00ns) (grouped into LUT with out node and_ln75_8)   --->   "%or_ln75_2 = or i1 %tmp_114, i1 %and_ln75_14" [pedal_top.cpp:75]   --->   Operation 831 'or' 'or_ln75_2' <Predicate = (sw4)> <Delay = 0.00> <CoreInst = "LogicGate">   --->   Core 74 'LogicGate' <Latency = 0> <II = 1> <Delay = 0.28> <FuncUnit> <Opcode : 'and' 'or' 'xor'> <InPorts = 2> <OutPorts = 1>
ST_48 : Operation 832 [1/1] (0.00ns) (grouped into LUT with out node and_ln75_8)   --->   "%xor_ln75_5 = xor i1 %tmp_107, i1 1" [pedal_top.cpp:75]   --->   Operation 832 'xor' 'xor_ln75_5' <Predicate = (sw4)> <Delay = 0.00> <CoreInst = "LogicGate">   --->   Core 74 'LogicGate' <Latency = 0> <II = 1> <Delay = 0.28> <FuncUnit> <Opcode : 'and' 'or' 'xor'> <InPorts = 2> <OutPorts = 1>
ST_48 : Operation 833 [1/1] (0.28ns) (out node of the LUT)   --->   "%and_ln75_8 = and i1 %or_ln75_2, i1 %xor_ln75_5" [pedal_top.cpp:75]   --->   Operation 833 'and' 'and_ln75_8' <Predicate = (sw4)> <Delay = 0.28> <CoreInst = "LogicGate">   --->   Core 74 'LogicGate' <Latency = 0> <II = 1> <Delay = 0.28> <FuncUnit> <Opcode : 'and' 'or' 'xor'> <InPorts = 2> <OutPorts = 1>
ST_48 : Operation 834 [1/1] (0.00ns) (grouped into LUT with out node xor_ln75_6)   --->   "%and_ln75_9 = and i1 %tmp_114, i1 %deleted_ones_0_i1728" [pedal_top.cpp:75]   --->   Operation 834 'and' 'and_ln75_9' <Predicate = (sw4)> <Delay = 0.00> <CoreInst = "LogicGate">   --->   Core 74 'LogicGate' <Latency = 0> <II = 1> <Delay = 0.28> <FuncUnit> <Opcode : 'and' 'or' 'xor'> <InPorts = 2> <OutPorts = 1>
ST_48 : Operation 835 [1/1] (0.28ns) (out node of the LUT)   --->   "%xor_ln75_6 = xor i1 %and_ln75_9, i1 1" [pedal_top.cpp:75]   --->   Operation 835 'xor' 'xor_ln75_6' <Predicate = (sw4)> <Delay = 0.28> <CoreInst = "LogicGate">   --->   Core 74 'LogicGate' <Latency = 0> <II = 1> <Delay = 0.28> <FuncUnit> <Opcode : 'and' 'or' 'xor'> <InPorts = 2> <OutPorts = 1>
ST_48 : Operation 836 [1/1] (0.00ns) (grouped into LUT with out node sel_tmp7)   --->   "%and_ln75_10 = and i1 %neg_src_0_i1, i1 %xor_ln75_6" [pedal_top.cpp:75]   --->   Operation 836 'and' 'and_ln75_10' <Predicate = (sw4)> <Delay = 0.00> <CoreInst = "LogicGate">   --->   Core 74 'LogicGate' <Latency = 0> <II = 1> <Delay = 0.28> <FuncUnit> <Opcode : 'and' 'or' 'xor'> <InPorts = 2> <OutPorts = 1>
ST_48 : Operation 837 [1/1] (0.00ns) (grouped into LUT with out node sel_tmp7)   --->   "%or_ln75_3 = or i1 %and_ln75_10, i1 %and_ln75_8" [pedal_top.cpp:75]   --->   Operation 837 'or' 'or_ln75_3' <Predicate = (sw4)> <Delay = 0.00> <CoreInst = "LogicGate">   --->   Core 74 'LogicGate' <Latency = 0> <II = 1> <Delay = 0.28> <FuncUnit> <Opcode : 'and' 'or' 'xor'> <InPorts = 2> <OutPorts = 1>
ST_48 : Operation 838 [1/1] (0.00ns) (grouped into LUT with out node fraction)   --->   "%select_ln75_5 = select i1 %and_ln75_8, i32 2147483647, i32 2147483648" [pedal_top.cpp:75]   --->   Operation 838 'select' 'select_ln75_5' <Predicate = (sw4)> <Delay = 0.00> <CoreInst = "Sel">   --->   Core 73 'Sel' <Latency = 0> <II = 1> <Delay = 0.44> <FuncUnit> <Opcode : 'select'> <InPorts = 3> <OutPorts = 1>
ST_48 : Operation 839 [1/1] (0.00ns) (grouped into LUT with out node sel_tmp7)   --->   "%xor_ln75_7 = xor i1 %icmp_ln75, i1 1" [pedal_top.cpp:75]   --->   Operation 839 'xor' 'xor_ln75_7' <Predicate = (sw4)> <Delay = 0.00> <CoreInst = "LogicGate">   --->   Core 74 'LogicGate' <Latency = 0> <II = 1> <Delay = 0.28> <FuncUnit> <Opcode : 'and' 'or' 'xor'> <InPorts = 2> <OutPorts = 1>
ST_48 : Operation 840 [1/1] (0.00ns) (grouped into LUT with out node sel_tmp7)   --->   "%and_ln75_15 = and i1 %or_ln75_3, i1 %xor_ln75_7" [pedal_top.cpp:75]   --->   Operation 840 'and' 'and_ln75_15' <Predicate = (sw4)> <Delay = 0.00> <CoreInst = "LogicGate">   --->   Core 74 'LogicGate' <Latency = 0> <II = 1> <Delay = 0.28> <FuncUnit> <Opcode : 'and' 'or' 'xor'> <InPorts = 2> <OutPorts = 1>
ST_48 : Operation 841 [1/1] (0.00ns) (grouped into LUT with out node sel_tmp7)   --->   "%and_ln75_16 = and i1 %and_ln75_15, i1 %icmp_ln75_11" [pedal_top.cpp:75]   --->   Operation 841 'and' 'and_ln75_16' <Predicate = (sw4)> <Delay = 0.00> <CoreInst = "LogicGate">   --->   Core 74 'LogicGate' <Latency = 0> <II = 1> <Delay = 0.28> <FuncUnit> <Opcode : 'and' 'or' 'xor'> <InPorts = 2> <OutPorts = 1>
ST_48 : Operation 842 [1/1] (0.28ns) (out node of the LUT)   --->   "%sel_tmp7 = bitconcatenate i2 @_ssdm_op_BitConcatenate.i2.i1.i1, i1 %icmp_ln75, i1 %and_ln75_16" [pedal_top.cpp:75]   --->   Operation 842 'bitconcatenate' 'sel_tmp7' <Predicate = (sw4)> <Delay = 0.28>
ST_48 : Operation 843 [1/1] (0.44ns) (out node of the LUT)   --->   "%fraction = sparsemux i32 @_ssdm_op_SparseMux.ap_auto.3i32.i32.i2, i2 2, i32 0, i2 1, i32 %select_ln75_5, i2 0, i32 %ref_tmp_i_i1, i32 0, i2 %sel_tmp7" [pedal_top.cpp:75]   --->   Operation 843 'sparsemux' 'fraction' <Predicate = (sw4)> <Delay = 0.44> <CoreInst = "SparseMux">   --->   Core 144 'SparseMux' <Latency = 0> <II = 1> <Delay = 0.42> <FuncUnit> <Opcode : 'sparsemux'> <InPorts = 2> <OutPorts = 1>
ST_48 : Operation 844 [1/2] (1.23ns)   --->   "%pedal_top_stream_stream_axis_0_ap_uint_8_buffer2_1_load = load i10 %pedal_top_stream_stream_axis_0_ap_uint_8_buffer2_1_addr" [pedal_top.cpp:78]   --->   Operation 844 'load' 'pedal_top_stream_stream_axis_0_ap_uint_8_buffer2_1_load' <Predicate = (sw4 & !trunc_ln58)> <Delay = 1.23> <CoreInst = "RAM">   --->   Core 82 'RAM' <Latency = 1> <II = 1> <Delay = 1.23> <Storage> <Opcode : 'load' 'store'> <Ports = 2> <Width = 32> <Depth = 551> <RAM>
ST_48 : Operation 845 [1/2] (1.23ns)   --->   "%pedal_top_stream_stream_axis_0_ap_uint_8_buffer2_load = load i10 %pedal_top_stream_stream_axis_0_ap_uint_8_buffer2_addr" [pedal_top.cpp:78]   --->   Operation 845 'load' 'pedal_top_stream_stream_axis_0_ap_uint_8_buffer2_load' <Predicate = (sw4 & trunc_ln58)> <Delay = 1.23> <CoreInst = "RAM">   --->   Core 82 'RAM' <Latency = 1> <II = 1> <Delay = 1.23> <Storage> <Opcode : 'load' 'store'> <Ports = 2> <Width = 32> <Depth = 551> <RAM>
ST_48 : Operation 846 [1/1] (0.44ns)   --->   "%select_ln78_2 = select i1 %trunc_ln58, i32 %pedal_top_stream_stream_axis_0_ap_uint_8_buffer2_load, i32 %pedal_top_stream_stream_axis_0_ap_uint_8_buffer2_1_load" [pedal_top.cpp:78]   --->   Operation 846 'select' 'select_ln78_2' <Predicate = (sw4)> <Delay = 0.44> <CoreInst = "Sel">   --->   Core 73 'Sel' <Latency = 0> <II = 1> <Delay = 0.44> <FuncUnit> <Opcode : 'select'> <InPorts = 3> <OutPorts = 1>
ST_48 : Operation 847 [1/1] (0.00ns)   --->   "%tmp_117 = bitselect i1 @_ssdm_op_BitSelect.i1.i32.i32, i32 %select_ln78_2, i32 31" [pedal_top.cpp:78]   --->   Operation 847 'bitselect' 'tmp_117' <Predicate = (sw4)> <Delay = 0.00>
ST_48 : Operation 848 [1/1] (0.00ns) (grouped into LUT with out node select_ln78_1)   --->   "%shl_ln78 = shl i32 %select_ln78_2, i32 16" [pedal_top.cpp:78]   --->   Operation 848 'shl' 'shl_ln78' <Predicate = (sw4)> <Delay = 0.00>
ST_48 : Operation 849 [1/1] (0.00ns)   --->   "%tmp_118 = bitselect i1 @_ssdm_op_BitSelect.i1.i32.i32, i32 %select_ln78_2, i32 15" [pedal_top.cpp:78]   --->   Operation 849 'bitselect' 'tmp_118' <Predicate = (sw4)> <Delay = 0.00>
ST_48 : Operation 850 [1/1] (0.00ns)   --->   "%tmp_119 = partselect i16 @_ssdm_op_PartSelect.i16.i32.i32.i32, i32 %select_ln78_2, i32 16, i32 31" [pedal_top.cpp:78]   --->   Operation 850 'partselect' 'tmp_119' <Predicate = (sw4)> <Delay = 0.00>
ST_48 : Operation 851 [1/1] (0.85ns)   --->   "%icmp_ln78 = icmp_ne  i16 %tmp_119, i16 0" [pedal_top.cpp:78]   --->   Operation 851 'icmp' 'icmp_ln78' <Predicate = (sw4)> <Delay = 0.85> <CoreInst = "Cmp">   --->   Core 9 'Cmp' <Latency = 0> <II = 1> <Delay = 0.85> <FuncUnit> <Opcode : 'seteq' 'setne' 'setle' 'setge' 'setlt' 'setgt'> <InPorts = 2> <OutPorts = 1>
ST_48 : Operation 852 [1/1] (0.00ns) (grouped into LUT with out node and_ln78)   --->   "%or_ln78 = or i1 %tmp_118, i1 %icmp_ln78" [pedal_top.cpp:78]   --->   Operation 852 'or' 'or_ln78' <Predicate = (sw4)> <Delay = 0.00> <CoreInst = "LogicGate">   --->   Core 74 'LogicGate' <Latency = 0> <II = 1> <Delay = 0.28> <FuncUnit> <Opcode : 'and' 'or' 'xor'> <InPorts = 2> <OutPorts = 1>
ST_48 : Operation 853 [1/1] (0.00ns) (grouped into LUT with out node and_ln78)   --->   "%xor_ln78 = xor i1 %tmp_117, i1 1" [pedal_top.cpp:78]   --->   Operation 853 'xor' 'xor_ln78' <Predicate = (sw4)> <Delay = 0.00> <CoreInst = "LogicGate">   --->   Core 74 'LogicGate' <Latency = 0> <II = 1> <Delay = 0.28> <FuncUnit> <Opcode : 'and' 'or' 'xor'> <InPorts = 2> <OutPorts = 1>
ST_48 : Operation 854 [1/1] (0.28ns) (out node of the LUT)   --->   "%and_ln78 = and i1 %or_ln78, i1 %xor_ln78" [pedal_top.cpp:78]   --->   Operation 854 'and' 'and_ln78' <Predicate = (sw4)> <Delay = 0.28> <CoreInst = "LogicGate">   --->   Core 74 'LogicGate' <Latency = 0> <II = 1> <Delay = 0.28> <FuncUnit> <Opcode : 'and' 'or' 'xor'> <InPorts = 2> <OutPorts = 1>
ST_48 : Operation 855 [1/1] (0.00ns) (grouped into LUT with out node select_ln78_1)   --->   "%xor_ln78_1 = xor i1 %tmp_118, i1 1" [pedal_top.cpp:78]   --->   Operation 855 'xor' 'xor_ln78_1' <Predicate = (sw4)> <Delay = 0.00> <CoreInst = "LogicGate">   --->   Core 74 'LogicGate' <Latency = 0> <II = 1> <Delay = 0.28> <FuncUnit> <Opcode : 'and' 'or' 'xor'> <InPorts = 2> <OutPorts = 1>
ST_48 : Operation 856 [1/1] (0.85ns)   --->   "%icmp_ln78_1 = icmp_ne  i16 %tmp_119, i16 65535" [pedal_top.cpp:78]   --->   Operation 856 'icmp' 'icmp_ln78_1' <Predicate = (sw4)> <Delay = 0.85> <CoreInst = "Cmp">   --->   Core 9 'Cmp' <Latency = 0> <II = 1> <Delay = 0.85> <FuncUnit> <Opcode : 'seteq' 'setne' 'setle' 'setge' 'setlt' 'setgt'> <InPorts = 2> <OutPorts = 1>
ST_48 : Operation 857 [1/1] (0.00ns) (grouped into LUT with out node select_ln78_1)   --->   "%or_ln78_1 = or i1 %icmp_ln78_1, i1 %xor_ln78_1" [pedal_top.cpp:78]   --->   Operation 857 'or' 'or_ln78_1' <Predicate = (sw4)> <Delay = 0.00> <CoreInst = "LogicGate">   --->   Core 74 'LogicGate' <Latency = 0> <II = 1> <Delay = 0.28> <FuncUnit> <Opcode : 'and' 'or' 'xor'> <InPorts = 2> <OutPorts = 1>
ST_48 : Operation 858 [1/1] (0.00ns) (grouped into LUT with out node select_ln78_1)   --->   "%and_ln78_1 = and i1 %or_ln78_1, i1 %tmp_117" [pedal_top.cpp:78]   --->   Operation 858 'and' 'and_ln78_1' <Predicate = (sw4)> <Delay = 0.00> <CoreInst = "LogicGate">   --->   Core 74 'LogicGate' <Latency = 0> <II = 1> <Delay = 0.28> <FuncUnit> <Opcode : 'and' 'or' 'xor'> <InPorts = 2> <OutPorts = 1>
ST_48 : Operation 859 [1/1] (0.00ns) (grouped into LUT with out node select_ln78_1)   --->   "%select_ln78 = select i1 %and_ln78, i32 2147483647, i32 2147483648" [pedal_top.cpp:78]   --->   Operation 859 'select' 'select_ln78' <Predicate = (sw4)> <Delay = 0.00> <CoreInst = "Sel">   --->   Core 73 'Sel' <Latency = 0> <II = 1> <Delay = 0.44> <FuncUnit> <Opcode : 'select'> <InPorts = 3> <OutPorts = 1>
ST_48 : Operation 860 [1/1] (0.00ns) (grouped into LUT with out node select_ln78_1)   --->   "%or_ln78_2 = or i1 %and_ln78, i1 %and_ln78_1" [pedal_top.cpp:78]   --->   Operation 860 'or' 'or_ln78_2' <Predicate = (sw4)> <Delay = 0.00> <CoreInst = "LogicGate">   --->   Core 74 'LogicGate' <Latency = 0> <II = 1> <Delay = 0.28> <FuncUnit> <Opcode : 'and' 'or' 'xor'> <InPorts = 2> <OutPorts = 1>
ST_48 : Operation 861 [1/1] (0.44ns) (out node of the LUT)   --->   "%select_ln78_1 = select i1 %or_ln78_2, i32 %select_ln78, i32 %shl_ln78" [pedal_top.cpp:78]   --->   Operation 861 'select' 'select_ln78_1' <Predicate = (sw4)> <Delay = 0.44> <CoreInst = "Sel">   --->   Core 73 'Sel' <Latency = 0> <II = 1> <Delay = 0.44> <FuncUnit> <Opcode : 'select'> <InPorts = 3> <OutPorts = 1>
ST_48 : Operation 862 [1/1] (0.00ns)   --->   "%sext_ln78 = sext i32 %fraction" [pedal_top.cpp:78]   --->   Operation 862 'sext' 'sext_ln78' <Predicate = (sw4)> <Delay = 0.00>
ST_48 : Operation 863 [1/1] (1.01ns)   --->   "%sub_ln78 = sub i33 65536, i33 %sext_ln78" [pedal_top.cpp:78]   --->   Operation 863 'sub' 'sub_ln78' <Predicate = (sw4)> <Delay = 1.01> <CoreInst = "Adder">   --->   Core 1 'Adder' <Latency = 0> <II = 1> <Delay = 1.01> <FuncUnit> <Opcode : 'add' 'sub'> <InPorts = 2> <OutPorts = 1>
ST_48 : Operation 864 [1/1] (0.00ns)   --->   "%sext_ln78_1 = sext i32 %select_ln78_1" [pedal_top.cpp:78]   --->   Operation 864 'sext' 'sext_ln78_1' <Predicate = (sw4)> <Delay = 0.00>
ST_48 : Operation 865 [1/1] (0.00ns)   --->   "%sext_ln78_2 = sext i33 %sub_ln78" [pedal_top.cpp:78]   --->   Operation 865 'sext' 'sext_ln78_2' <Predicate = (sw4)> <Delay = 0.00>
ST_48 : Operation 866 [1/1] (3.41ns)   --->   "%mul_ln78 = mul i64 %sext_ln78_2, i64 %sext_ln78_1" [pedal_top.cpp:78]   --->   Operation 866 'mul' 'mul_ln78' <Predicate = (sw4)> <Delay = 3.41> <CoreInst = "Multiplier">   --->   Core 3 'Multiplier' <Latency = 0> <II = 1> <Delay = 3.41> <FuncUnit> <Opcode : 'mul'> <InPorts = 2> <OutPorts = 1>
ST_48 : Operation 867 [1/1] (0.00ns)   --->   "%trunc_ln79 = trunc i64 %mul_ln78" [pedal_top.cpp:79]   --->   Operation 867 'trunc' 'trunc_ln79' <Predicate = (sw4)> <Delay = 0.00>

State 49 <SV = 48> <Delay = 10.9>
ST_49 : Operation 868 [11/18] (10.9ns)   --->   "%sample_data_8 = call i32 @tremolo, i32 %sample_data_2, i32 %p_load191, i100 %ref_4oPi_table_100, i30 %second_order_float_sin_cos_K0, i23 %second_order_float_sin_cos_K1, i15 %second_order_float_sin_cos_K2" [pedal_top.cpp:60]   --->   Operation 868 'call' 'sample_data_8' <Predicate = (sw3)> <Delay = 10.9> <CoreType = "Generic">   --->   Core 0 '' <Latency = 0> <II = 1> <Delay = 1.00> <Generic> <Opcode : >
ST_49 : Operation 869 [26/36] (1.45ns)   --->   "%pos_ceil = srem i32 %add_ln74, i32 1102" [pedal_top.cpp:74]   --->   Operation 869 'srem' 'pos_ceil' <Predicate = (sw4)> <Delay = 1.45> <CoreInst = "Divider">   --->   Core 6 'Divider' <Latency = 35> <II = 1> <Delay = 1.45> <FuncUnit> <Opcode : 'udiv' 'sdiv' 'urem' 'srem'> <InPorts = 2> <OutPorts = 1>

State 50 <SV = 49> <Delay = 10.9>
ST_50 : Operation 870 [10/18] (10.9ns)   --->   "%sample_data_8 = call i32 @tremolo, i32 %sample_data_2, i32 %p_load191, i100 %ref_4oPi_table_100, i30 %second_order_float_sin_cos_K0, i23 %second_order_float_sin_cos_K1, i15 %second_order_float_sin_cos_K2" [pedal_top.cpp:60]   --->   Operation 870 'call' 'sample_data_8' <Predicate = (sw3)> <Delay = 10.9> <CoreType = "Generic">   --->   Core 0 '' <Latency = 0> <II = 1> <Delay = 1.00> <Generic> <Opcode : >
ST_50 : Operation 871 [25/36] (1.45ns)   --->   "%pos_ceil = srem i32 %add_ln74, i32 1102" [pedal_top.cpp:74]   --->   Operation 871 'srem' 'pos_ceil' <Predicate = (sw4)> <Delay = 1.45> <CoreInst = "Divider">   --->   Core 6 'Divider' <Latency = 35> <II = 1> <Delay = 1.45> <FuncUnit> <Opcode : 'udiv' 'sdiv' 'urem' 'srem'> <InPorts = 2> <OutPorts = 1>

State 51 <SV = 50> <Delay = 10.9>
ST_51 : Operation 872 [9/18] (10.9ns)   --->   "%sample_data_8 = call i32 @tremolo, i32 %sample_data_2, i32 %p_load191, i100 %ref_4oPi_table_100, i30 %second_order_float_sin_cos_K0, i23 %second_order_float_sin_cos_K1, i15 %second_order_float_sin_cos_K2" [pedal_top.cpp:60]   --->   Operation 872 'call' 'sample_data_8' <Predicate = (sw3)> <Delay = 10.9> <CoreType = "Generic">   --->   Core 0 '' <Latency = 0> <II = 1> <Delay = 1.00> <Generic> <Opcode : >
ST_51 : Operation 873 [24/36] (1.45ns)   --->   "%pos_ceil = srem i32 %add_ln74, i32 1102" [pedal_top.cpp:74]   --->   Operation 873 'srem' 'pos_ceil' <Predicate = (sw4)> <Delay = 1.45> <CoreInst = "Divider">   --->   Core 6 'Divider' <Latency = 35> <II = 1> <Delay = 1.45> <FuncUnit> <Opcode : 'udiv' 'sdiv' 'urem' 'srem'> <InPorts = 2> <OutPorts = 1>

State 52 <SV = 51> <Delay = 10.9>
ST_52 : Operation 874 [8/18] (10.9ns)   --->   "%sample_data_8 = call i32 @tremolo, i32 %sample_data_2, i32 %p_load191, i100 %ref_4oPi_table_100, i30 %second_order_float_sin_cos_K0, i23 %second_order_float_sin_cos_K1, i15 %second_order_float_sin_cos_K2" [pedal_top.cpp:60]   --->   Operation 874 'call' 'sample_data_8' <Predicate = (sw3)> <Delay = 10.9> <CoreType = "Generic">   --->   Core 0 '' <Latency = 0> <II = 1> <Delay = 1.00> <Generic> <Opcode : >
ST_52 : Operation 875 [23/36] (1.45ns)   --->   "%pos_ceil = srem i32 %add_ln74, i32 1102" [pedal_top.cpp:74]   --->   Operation 875 'srem' 'pos_ceil' <Predicate = (sw4)> <Delay = 1.45> <CoreInst = "Divider">   --->   Core 6 'Divider' <Latency = 35> <II = 1> <Delay = 1.45> <FuncUnit> <Opcode : 'udiv' 'sdiv' 'urem' 'srem'> <InPorts = 2> <OutPorts = 1>

State 53 <SV = 52> <Delay = 10.9>
ST_53 : Operation 876 [7/18] (10.9ns)   --->   "%sample_data_8 = call i32 @tremolo, i32 %sample_data_2, i32 %p_load191, i100 %ref_4oPi_table_100, i30 %second_order_float_sin_cos_K0, i23 %second_order_float_sin_cos_K1, i15 %second_order_float_sin_cos_K2" [pedal_top.cpp:60]   --->   Operation 876 'call' 'sample_data_8' <Predicate = (sw3)> <Delay = 10.9> <CoreType = "Generic">   --->   Core 0 '' <Latency = 0> <II = 1> <Delay = 1.00> <Generic> <Opcode : >
ST_53 : Operation 877 [22/36] (1.45ns)   --->   "%pos_ceil = srem i32 %add_ln74, i32 1102" [pedal_top.cpp:74]   --->   Operation 877 'srem' 'pos_ceil' <Predicate = (sw4)> <Delay = 1.45> <CoreInst = "Divider">   --->   Core 6 'Divider' <Latency = 35> <II = 1> <Delay = 1.45> <FuncUnit> <Opcode : 'udiv' 'sdiv' 'urem' 'srem'> <InPorts = 2> <OutPorts = 1>

State 54 <SV = 53> <Delay = 10.9>
ST_54 : Operation 878 [6/18] (10.9ns)   --->   "%sample_data_8 = call i32 @tremolo, i32 %sample_data_2, i32 %p_load191, i100 %ref_4oPi_table_100, i30 %second_order_float_sin_cos_K0, i23 %second_order_float_sin_cos_K1, i15 %second_order_float_sin_cos_K2" [pedal_top.cpp:60]   --->   Operation 878 'call' 'sample_data_8' <Predicate = (sw3)> <Delay = 10.9> <CoreType = "Generic">   --->   Core 0 '' <Latency = 0> <II = 1> <Delay = 1.00> <Generic> <Opcode : >
ST_54 : Operation 879 [21/36] (1.45ns)   --->   "%pos_ceil = srem i32 %add_ln74, i32 1102" [pedal_top.cpp:74]   --->   Operation 879 'srem' 'pos_ceil' <Predicate = (sw4)> <Delay = 1.45> <CoreInst = "Divider">   --->   Core 6 'Divider' <Latency = 35> <II = 1> <Delay = 1.45> <FuncUnit> <Opcode : 'udiv' 'sdiv' 'urem' 'srem'> <InPorts = 2> <OutPorts = 1>

State 55 <SV = 54> <Delay = 10.9>
ST_55 : Operation 880 [5/18] (10.9ns)   --->   "%sample_data_8 = call i32 @tremolo, i32 %sample_data_2, i32 %p_load191, i100 %ref_4oPi_table_100, i30 %second_order_float_sin_cos_K0, i23 %second_order_float_sin_cos_K1, i15 %second_order_float_sin_cos_K2" [pedal_top.cpp:60]   --->   Operation 880 'call' 'sample_data_8' <Predicate = (sw3)> <Delay = 10.9> <CoreType = "Generic">   --->   Core 0 '' <Latency = 0> <II = 1> <Delay = 1.00> <Generic> <Opcode : >
ST_55 : Operation 881 [20/36] (1.45ns)   --->   "%pos_ceil = srem i32 %add_ln74, i32 1102" [pedal_top.cpp:74]   --->   Operation 881 'srem' 'pos_ceil' <Predicate = (sw4)> <Delay = 1.45> <CoreInst = "Divider">   --->   Core 6 'Divider' <Latency = 35> <II = 1> <Delay = 1.45> <FuncUnit> <Opcode : 'udiv' 'sdiv' 'urem' 'srem'> <InPorts = 2> <OutPorts = 1>

State 56 <SV = 55> <Delay = 10.9>
ST_56 : Operation 882 [4/18] (10.9ns)   --->   "%sample_data_8 = call i32 @tremolo, i32 %sample_data_2, i32 %p_load191, i100 %ref_4oPi_table_100, i30 %second_order_float_sin_cos_K0, i23 %second_order_float_sin_cos_K1, i15 %second_order_float_sin_cos_K2" [pedal_top.cpp:60]   --->   Operation 882 'call' 'sample_data_8' <Predicate = (sw3)> <Delay = 10.9> <CoreType = "Generic">   --->   Core 0 '' <Latency = 0> <II = 1> <Delay = 1.00> <Generic> <Opcode : >
ST_56 : Operation 883 [19/36] (1.45ns)   --->   "%pos_ceil = srem i32 %add_ln74, i32 1102" [pedal_top.cpp:74]   --->   Operation 883 'srem' 'pos_ceil' <Predicate = (sw4)> <Delay = 1.45> <CoreInst = "Divider">   --->   Core 6 'Divider' <Latency = 35> <II = 1> <Delay = 1.45> <FuncUnit> <Opcode : 'udiv' 'sdiv' 'urem' 'srem'> <InPorts = 2> <OutPorts = 1>

State 57 <SV = 56> <Delay = 10.9>
ST_57 : Operation 884 [3/18] (10.9ns)   --->   "%sample_data_8 = call i32 @tremolo, i32 %sample_data_2, i32 %p_load191, i100 %ref_4oPi_table_100, i30 %second_order_float_sin_cos_K0, i23 %second_order_float_sin_cos_K1, i15 %second_order_float_sin_cos_K2" [pedal_top.cpp:60]   --->   Operation 884 'call' 'sample_data_8' <Predicate = (sw3)> <Delay = 10.9> <CoreType = "Generic">   --->   Core 0 '' <Latency = 0> <II = 1> <Delay = 1.00> <Generic> <Opcode : >
ST_57 : Operation 885 [18/36] (1.45ns)   --->   "%pos_ceil = srem i32 %add_ln74, i32 1102" [pedal_top.cpp:74]   --->   Operation 885 'srem' 'pos_ceil' <Predicate = (sw4)> <Delay = 1.45> <CoreInst = "Divider">   --->   Core 6 'Divider' <Latency = 35> <II = 1> <Delay = 1.45> <FuncUnit> <Opcode : 'udiv' 'sdiv' 'urem' 'srem'> <InPorts = 2> <OutPorts = 1>

State 58 <SV = 57> <Delay = 10.9>
ST_58 : Operation 886 [2/18] (10.9ns)   --->   "%sample_data_8 = call i32 @tremolo, i32 %sample_data_2, i32 %p_load191, i100 %ref_4oPi_table_100, i30 %second_order_float_sin_cos_K0, i23 %second_order_float_sin_cos_K1, i15 %second_order_float_sin_cos_K2" [pedal_top.cpp:60]   --->   Operation 886 'call' 'sample_data_8' <Predicate = (sw3)> <Delay = 10.9> <CoreType = "Generic">   --->   Core 0 '' <Latency = 0> <II = 1> <Delay = 1.00> <Generic> <Opcode : >
ST_58 : Operation 887 [17/36] (1.45ns)   --->   "%pos_ceil = srem i32 %add_ln74, i32 1102" [pedal_top.cpp:74]   --->   Operation 887 'srem' 'pos_ceil' <Predicate = (sw4)> <Delay = 1.45> <CoreInst = "Divider">   --->   Core 6 'Divider' <Latency = 35> <II = 1> <Delay = 1.45> <FuncUnit> <Opcode : 'udiv' 'sdiv' 'urem' 'srem'> <InPorts = 2> <OutPorts = 1>

State 59 <SV = 58> <Delay = 8.43>
ST_59 : Operation 888 [1/18] (8.43ns)   --->   "%sample_data_8 = call i32 @tremolo, i32 %sample_data_2, i32 %p_load191, i100 %ref_4oPi_table_100, i30 %second_order_float_sin_cos_K0, i23 %second_order_float_sin_cos_K1, i15 %second_order_float_sin_cos_K2" [pedal_top.cpp:60]   --->   Operation 888 'call' 'sample_data_8' <Predicate = (sw3)> <Delay = 8.43> <CoreType = "Generic">   --->   Core 0 '' <Latency = 0> <II = 1> <Delay = 1.00> <Generic> <Opcode : >
ST_59 : Operation 889 [1/1] (0.42ns)   --->   "%br_ln61 = br void %if.end50" [pedal_top.cpp:61]   --->   Operation 889 'br' 'br_ln61' <Predicate = (sw3)> <Delay = 0.42>
ST_59 : Operation 890 [16/36] (1.45ns)   --->   "%pos_ceil = srem i32 %add_ln74, i32 1102" [pedal_top.cpp:74]   --->   Operation 890 'srem' 'pos_ceil' <Predicate = (sw4)> <Delay = 1.45> <CoreInst = "Divider">   --->   Core 6 'Divider' <Latency = 35> <II = 1> <Delay = 1.45> <FuncUnit> <Opcode : 'udiv' 'sdiv' 'urem' 'srem'> <InPorts = 2> <OutPorts = 1>

State 60 <SV = 59> <Delay = 1.45>
ST_60 : Operation 891 [1/1] (0.00ns)   --->   "%sample_data_13 = phi i32 %sample_data_8, void %if.then42, i32 %sample_data_2, void %if.end41"   --->   Operation 891 'phi' 'sample_data_13' <Predicate = true> <Delay = 0.00>
ST_60 : Operation 892 [1/1] (0.42ns)   --->   "%br_ln62 = br i1 %sw4, void %if.end96, void %if.then51_ifconv" [pedal_top.cpp:62]   --->   Operation 892 'br' 'br_ln62' <Predicate = true> <Delay = 0.42>
ST_60 : Operation 893 [15/36] (1.45ns)   --->   "%pos_ceil = srem i32 %add_ln74, i32 1102" [pedal_top.cpp:74]   --->   Operation 893 'srem' 'pos_ceil' <Predicate = (sw4)> <Delay = 1.45> <CoreInst = "Divider">   --->   Core 6 'Divider' <Latency = 35> <II = 1> <Delay = 1.45> <FuncUnit> <Opcode : 'udiv' 'sdiv' 'urem' 'srem'> <InPorts = 2> <OutPorts = 1>

State 61 <SV = 60> <Delay = 1.45>
ST_61 : Operation 894 [14/36] (1.45ns)   --->   "%pos_ceil = srem i32 %add_ln74, i32 1102" [pedal_top.cpp:74]   --->   Operation 894 'srem' 'pos_ceil' <Predicate = (sw4)> <Delay = 1.45> <CoreInst = "Divider">   --->   Core 6 'Divider' <Latency = 35> <II = 1> <Delay = 1.45> <FuncUnit> <Opcode : 'udiv' 'sdiv' 'urem' 'srem'> <InPorts = 2> <OutPorts = 1>

State 62 <SV = 61> <Delay = 1.45>
ST_62 : Operation 895 [13/36] (1.45ns)   --->   "%pos_ceil = srem i32 %add_ln74, i32 1102" [pedal_top.cpp:74]   --->   Operation 895 'srem' 'pos_ceil' <Predicate = (sw4)> <Delay = 1.45> <CoreInst = "Divider">   --->   Core 6 'Divider' <Latency = 35> <II = 1> <Delay = 1.45> <FuncUnit> <Opcode : 'udiv' 'sdiv' 'urem' 'srem'> <InPorts = 2> <OutPorts = 1>

State 63 <SV = 62> <Delay = 1.45>
ST_63 : Operation 896 [12/36] (1.45ns)   --->   "%pos_ceil = srem i32 %add_ln74, i32 1102" [pedal_top.cpp:74]   --->   Operation 896 'srem' 'pos_ceil' <Predicate = (sw4)> <Delay = 1.45> <CoreInst = "Divider">   --->   Core 6 'Divider' <Latency = 35> <II = 1> <Delay = 1.45> <FuncUnit> <Opcode : 'udiv' 'sdiv' 'urem' 'srem'> <InPorts = 2> <OutPorts = 1>

State 64 <SV = 63> <Delay = 1.45>
ST_64 : Operation 897 [11/36] (1.45ns)   --->   "%pos_ceil = srem i32 %add_ln74, i32 1102" [pedal_top.cpp:74]   --->   Operation 897 'srem' 'pos_ceil' <Predicate = (sw4)> <Delay = 1.45> <CoreInst = "Divider">   --->   Core 6 'Divider' <Latency = 35> <II = 1> <Delay = 1.45> <FuncUnit> <Opcode : 'udiv' 'sdiv' 'urem' 'srem'> <InPorts = 2> <OutPorts = 1>

State 65 <SV = 64> <Delay = 1.45>
ST_65 : Operation 898 [10/36] (1.45ns)   --->   "%pos_ceil = srem i32 %add_ln74, i32 1102" [pedal_top.cpp:74]   --->   Operation 898 'srem' 'pos_ceil' <Predicate = (sw4)> <Delay = 1.45> <CoreInst = "Divider">   --->   Core 6 'Divider' <Latency = 35> <II = 1> <Delay = 1.45> <FuncUnit> <Opcode : 'udiv' 'sdiv' 'urem' 'srem'> <InPorts = 2> <OutPorts = 1>

State 66 <SV = 65> <Delay = 1.45>
ST_66 : Operation 899 [9/36] (1.45ns)   --->   "%pos_ceil = srem i32 %add_ln74, i32 1102" [pedal_top.cpp:74]   --->   Operation 899 'srem' 'pos_ceil' <Predicate = (sw4)> <Delay = 1.45> <CoreInst = "Divider">   --->   Core 6 'Divider' <Latency = 35> <II = 1> <Delay = 1.45> <FuncUnit> <Opcode : 'udiv' 'sdiv' 'urem' 'srem'> <InPorts = 2> <OutPorts = 1>

State 67 <SV = 66> <Delay = 1.45>
ST_67 : Operation 900 [8/36] (1.45ns)   --->   "%pos_ceil = srem i32 %add_ln74, i32 1102" [pedal_top.cpp:74]   --->   Operation 900 'srem' 'pos_ceil' <Predicate = (sw4)> <Delay = 1.45> <CoreInst = "Divider">   --->   Core 6 'Divider' <Latency = 35> <II = 1> <Delay = 1.45> <FuncUnit> <Opcode : 'udiv' 'sdiv' 'urem' 'srem'> <InPorts = 2> <OutPorts = 1>

State 68 <SV = 67> <Delay = 1.45>
ST_68 : Operation 901 [7/36] (1.45ns)   --->   "%pos_ceil = srem i32 %add_ln74, i32 1102" [pedal_top.cpp:74]   --->   Operation 901 'srem' 'pos_ceil' <Predicate = (sw4)> <Delay = 1.45> <CoreInst = "Divider">   --->   Core 6 'Divider' <Latency = 35> <II = 1> <Delay = 1.45> <FuncUnit> <Opcode : 'udiv' 'sdiv' 'urem' 'srem'> <InPorts = 2> <OutPorts = 1>

State 69 <SV = 68> <Delay = 1.45>
ST_69 : Operation 902 [6/36] (1.45ns)   --->   "%pos_ceil = srem i32 %add_ln74, i32 1102" [pedal_top.cpp:74]   --->   Operation 902 'srem' 'pos_ceil' <Predicate = (sw4)> <Delay = 1.45> <CoreInst = "Divider">   --->   Core 6 'Divider' <Latency = 35> <II = 1> <Delay = 1.45> <FuncUnit> <Opcode : 'udiv' 'sdiv' 'urem' 'srem'> <InPorts = 2> <OutPorts = 1>

State 70 <SV = 69> <Delay = 1.45>
ST_70 : Operation 903 [5/36] (1.45ns)   --->   "%pos_ceil = srem i32 %add_ln74, i32 1102" [pedal_top.cpp:74]   --->   Operation 903 'srem' 'pos_ceil' <Predicate = (sw4)> <Delay = 1.45> <CoreInst = "Divider">   --->   Core 6 'Divider' <Latency = 35> <II = 1> <Delay = 1.45> <FuncUnit> <Opcode : 'udiv' 'sdiv' 'urem' 'srem'> <InPorts = 2> <OutPorts = 1>

State 71 <SV = 70> <Delay = 1.45>
ST_71 : Operation 904 [4/36] (1.45ns)   --->   "%pos_ceil = srem i32 %add_ln74, i32 1102" [pedal_top.cpp:74]   --->   Operation 904 'srem' 'pos_ceil' <Predicate = (sw4)> <Delay = 1.45> <CoreInst = "Divider">   --->   Core 6 'Divider' <Latency = 35> <II = 1> <Delay = 1.45> <FuncUnit> <Opcode : 'udiv' 'sdiv' 'urem' 'srem'> <InPorts = 2> <OutPorts = 1>

State 72 <SV = 71> <Delay = 1.45>
ST_72 : Operation 905 [3/36] (1.45ns)   --->   "%pos_ceil = srem i32 %add_ln74, i32 1102" [pedal_top.cpp:74]   --->   Operation 905 'srem' 'pos_ceil' <Predicate = (sw4)> <Delay = 1.45> <CoreInst = "Divider">   --->   Core 6 'Divider' <Latency = 35> <II = 1> <Delay = 1.45> <FuncUnit> <Opcode : 'udiv' 'sdiv' 'urem' 'srem'> <InPorts = 2> <OutPorts = 1>

State 73 <SV = 72> <Delay = 1.45>
ST_73 : Operation 906 [2/36] (1.45ns)   --->   "%pos_ceil = srem i32 %add_ln74, i32 1102" [pedal_top.cpp:74]   --->   Operation 906 'srem' 'pos_ceil' <Predicate = (sw4)> <Delay = 1.45> <CoreInst = "Divider">   --->   Core 6 'Divider' <Latency = 35> <II = 1> <Delay = 1.45> <FuncUnit> <Opcode : 'udiv' 'sdiv' 'urem' 'srem'> <InPorts = 2> <OutPorts = 1>

State 74 <SV = 73> <Delay = 2.69>
ST_74 : Operation 907 [1/1] (0.00ns)   --->   "%zext_ln70 = zext i10 %lshr_ln1" [pedal_top.cpp:70]   --->   Operation 907 'zext' 'zext_ln70' <Predicate = (sw4)> <Delay = 0.00>
ST_74 : Operation 908 [1/36] (1.45ns)   --->   "%pos_ceil = srem i32 %add_ln74, i32 1102" [pedal_top.cpp:74]   --->   Operation 908 'srem' 'pos_ceil' <Predicate = (sw4)> <Delay = 1.45> <CoreInst = "Divider">   --->   Core 6 'Divider' <Latency = 35> <II = 1> <Delay = 1.45> <FuncUnit> <Opcode : 'udiv' 'sdiv' 'urem' 'srem'> <InPorts = 2> <OutPorts = 1>
ST_74 : Operation 909 [1/1] (0.00ns)   --->   "%trunc_ln74 = trunc i32 %pos_ceil" [pedal_top.cpp:74]   --->   Operation 909 'trunc' 'trunc_ln74' <Predicate = (sw4)> <Delay = 0.00>
ST_74 : Operation 910 [1/1] (0.00ns)   --->   "%lshr_ln3 = partselect i10 @_ssdm_op_PartSelect.i10.i32.i32.i32, i32 %pos_ceil, i32 1, i32 10" [pedal_top.cpp:74]   --->   Operation 910 'partselect' 'lshr_ln3' <Predicate = (sw4)> <Delay = 0.00>
ST_74 : Operation 911 [1/1] (0.00ns)   --->   "%zext_ln74 = zext i10 %lshr_ln3" [pedal_top.cpp:74]   --->   Operation 911 'zext' 'zext_ln74' <Predicate = (sw4)> <Delay = 0.00>
ST_74 : Operation 912 [1/1] (0.00ns)   --->   "%pedal_top_stream_stream_axis_0_ap_uint_8_buffer2_1_addr_1 = getelementptr i32 %pedal_top_stream_stream_axis_0_ap_uint_8_buffer2_1, i64 0, i64 %zext_ln74" [pedal_top.cpp:79]   --->   Operation 912 'getelementptr' 'pedal_top_stream_stream_axis_0_ap_uint_8_buffer2_1_addr_1' <Predicate = (sw4)> <Delay = 0.00>
ST_74 : Operation 913 [1/1] (0.00ns)   --->   "%pedal_top_stream_stream_axis_0_ap_uint_8_buffer2_addr_1 = getelementptr i32 %pedal_top_stream_stream_axis_0_ap_uint_8_buffer2, i64 0, i64 %zext_ln74" [pedal_top.cpp:79]   --->   Operation 913 'getelementptr' 'pedal_top_stream_stream_axis_0_ap_uint_8_buffer2_addr_1' <Predicate = (sw4)> <Delay = 0.00>
ST_74 : Operation 914 [2/2] (1.23ns)   --->   "%pedal_top_stream_stream_axis_0_ap_uint_8_buffer2_1_load_1 = load i10 %pedal_top_stream_stream_axis_0_ap_uint_8_buffer2_1_addr_1" [pedal_top.cpp:79]   --->   Operation 914 'load' 'pedal_top_stream_stream_axis_0_ap_uint_8_buffer2_1_load_1' <Predicate = (sw4)> <Delay = 1.23> <CoreInst = "RAM">   --->   Core 82 'RAM' <Latency = 1> <II = 1> <Delay = 1.23> <Storage> <Opcode : 'load' 'store'> <Ports = 2> <Width = 32> <Depth = 551> <RAM>
ST_74 : Operation 915 [2/2] (1.23ns)   --->   "%pedal_top_stream_stream_axis_0_ap_uint_8_buffer2_load_1 = load i10 %pedal_top_stream_stream_axis_0_ap_uint_8_buffer2_addr_1" [pedal_top.cpp:79]   --->   Operation 915 'load' 'pedal_top_stream_stream_axis_0_ap_uint_8_buffer2_load_1' <Predicate = (sw4)> <Delay = 1.23> <CoreInst = "RAM">   --->   Core 82 'RAM' <Latency = 1> <II = 1> <Delay = 1.23> <Storage> <Opcode : 'load' 'store'> <Ports = 2> <Width = 32> <Depth = 551> <RAM>
ST_74 : Operation 916 [1/1] (0.00ns)   --->   "%pedal_top_stream_stream_axis_0_ap_uint_8_buffer2_1_addr_2 = getelementptr i32 %pedal_top_stream_stream_axis_0_ap_uint_8_buffer2_1, i64 0, i64 %zext_ln70" [pedal_top.cpp:85]   --->   Operation 916 'getelementptr' 'pedal_top_stream_stream_axis_0_ap_uint_8_buffer2_1_addr_2' <Predicate = (sw4)> <Delay = 0.00>
ST_74 : Operation 917 [1/1] (0.00ns)   --->   "%pedal_top_stream_stream_axis_0_ap_uint_8_buffer2_addr_2 = getelementptr i32 %pedal_top_stream_stream_axis_0_ap_uint_8_buffer2, i64 0, i64 %zext_ln70" [pedal_top.cpp:85]   --->   Operation 917 'getelementptr' 'pedal_top_stream_stream_axis_0_ap_uint_8_buffer2_addr_2' <Predicate = (sw4)> <Delay = 0.00>
ST_74 : Operation 918 [1/1] (1.23ns)   --->   "%store_ln85 = store i32 %sample_data_13, i10 %pedal_top_stream_stream_axis_0_ap_uint_8_buffer2_1_addr_2" [pedal_top.cpp:85]   --->   Operation 918 'store' 'store_ln85' <Predicate = (sw4 & !trunc_ln70)> <Delay = 1.23> <CoreInst = "RAM">   --->   Core 82 'RAM' <Latency = 1> <II = 1> <Delay = 1.23> <Storage> <Opcode : 'load' 'store'> <Ports = 2> <Width = 32> <Depth = 551> <RAM>
ST_74 : Operation 919 [1/1] (0.00ns)   --->   "%br_ln85 = br void %arrayidx90.exit" [pedal_top.cpp:85]   --->   Operation 919 'br' 'br_ln85' <Predicate = (sw4 & !trunc_ln70)> <Delay = 0.00>
ST_74 : Operation 920 [1/1] (1.23ns)   --->   "%store_ln85 = store i32 %sample_data_13, i10 %pedal_top_stream_stream_axis_0_ap_uint_8_buffer2_addr_2" [pedal_top.cpp:85]   --->   Operation 920 'store' 'store_ln85' <Predicate = (sw4 & trunc_ln70)> <Delay = 1.23> <CoreInst = "RAM">   --->   Core 82 'RAM' <Latency = 1> <II = 1> <Delay = 1.23> <Storage> <Opcode : 'load' 'store'> <Ports = 2> <Width = 32> <Depth = 551> <RAM>
ST_74 : Operation 921 [1/1] (0.00ns)   --->   "%br_ln85 = br void %arrayidx90.exit" [pedal_top.cpp:85]   --->   Operation 921 'br' 'br_ln85' <Predicate = (sw4 & trunc_ln70)> <Delay = 0.00>

State 75 <SV = 74> <Delay = 3.27>
ST_75 : Operation 922 [1/2] (1.23ns)   --->   "%pedal_top_stream_stream_axis_0_ap_uint_8_buffer2_1_load_1 = load i10 %pedal_top_stream_stream_axis_0_ap_uint_8_buffer2_1_addr_1" [pedal_top.cpp:79]   --->   Operation 922 'load' 'pedal_top_stream_stream_axis_0_ap_uint_8_buffer2_1_load_1' <Predicate = (sw4)> <Delay = 1.23> <CoreInst = "RAM">   --->   Core 82 'RAM' <Latency = 1> <II = 1> <Delay = 1.23> <Storage> <Opcode : 'load' 'store'> <Ports = 2> <Width = 32> <Depth = 551> <RAM>
ST_75 : Operation 923 [1/2] (1.23ns)   --->   "%pedal_top_stream_stream_axis_0_ap_uint_8_buffer2_load_1 = load i10 %pedal_top_stream_stream_axis_0_ap_uint_8_buffer2_addr_1" [pedal_top.cpp:79]   --->   Operation 923 'load' 'pedal_top_stream_stream_axis_0_ap_uint_8_buffer2_load_1' <Predicate = (sw4)> <Delay = 1.23> <CoreInst = "RAM">   --->   Core 82 'RAM' <Latency = 1> <II = 1> <Delay = 1.23> <Storage> <Opcode : 'load' 'store'> <Ports = 2> <Width = 32> <Depth = 551> <RAM>
ST_75 : Operation 924 [1/1] (0.44ns)   --->   "%select_ln79_2 = select i1 %trunc_ln74, i32 %pedal_top_stream_stream_axis_0_ap_uint_8_buffer2_load_1, i32 %pedal_top_stream_stream_axis_0_ap_uint_8_buffer2_1_load_1" [pedal_top.cpp:79]   --->   Operation 924 'select' 'select_ln79_2' <Predicate = (sw4)> <Delay = 0.44> <CoreInst = "Sel">   --->   Core 73 'Sel' <Latency = 0> <II = 1> <Delay = 0.44> <FuncUnit> <Opcode : 'select'> <InPorts = 3> <OutPorts = 1>
ST_75 : Operation 925 [1/1] (0.00ns)   --->   "%tmp_120 = bitselect i1 @_ssdm_op_BitSelect.i1.i32.i32, i32 %select_ln79_2, i32 31" [pedal_top.cpp:79]   --->   Operation 925 'bitselect' 'tmp_120' <Predicate = (sw4)> <Delay = 0.00>
ST_75 : Operation 926 [1/1] (0.00ns) (grouped into LUT with out node select_ln79_1)   --->   "%shl_ln79 = shl i32 %select_ln79_2, i32 16" [pedal_top.cpp:79]   --->   Operation 926 'shl' 'shl_ln79' <Predicate = (sw4)> <Delay = 0.00>
ST_75 : Operation 927 [1/1] (0.00ns)   --->   "%tmp_121 = bitselect i1 @_ssdm_op_BitSelect.i1.i32.i32, i32 %select_ln79_2, i32 15" [pedal_top.cpp:79]   --->   Operation 927 'bitselect' 'tmp_121' <Predicate = (sw4)> <Delay = 0.00>
ST_75 : Operation 928 [1/1] (0.00ns)   --->   "%tmp_122 = partselect i16 @_ssdm_op_PartSelect.i16.i32.i32.i32, i32 %select_ln79_2, i32 16, i32 31" [pedal_top.cpp:79]   --->   Operation 928 'partselect' 'tmp_122' <Predicate = (sw4)> <Delay = 0.00>
ST_75 : Operation 929 [1/1] (0.85ns)   --->   "%icmp_ln79 = icmp_ne  i16 %tmp_122, i16 0" [pedal_top.cpp:79]   --->   Operation 929 'icmp' 'icmp_ln79' <Predicate = (sw4)> <Delay = 0.85> <CoreInst = "Cmp">   --->   Core 9 'Cmp' <Latency = 0> <II = 1> <Delay = 0.85> <FuncUnit> <Opcode : 'seteq' 'setne' 'setle' 'setge' 'setlt' 'setgt'> <InPorts = 2> <OutPorts = 1>
ST_75 : Operation 930 [1/1] (0.00ns) (grouped into LUT with out node and_ln79)   --->   "%or_ln79 = or i1 %tmp_121, i1 %icmp_ln79" [pedal_top.cpp:79]   --->   Operation 930 'or' 'or_ln79' <Predicate = (sw4)> <Delay = 0.00> <CoreInst = "LogicGate">   --->   Core 74 'LogicGate' <Latency = 0> <II = 1> <Delay = 0.28> <FuncUnit> <Opcode : 'and' 'or' 'xor'> <InPorts = 2> <OutPorts = 1>
ST_75 : Operation 931 [1/1] (0.00ns) (grouped into LUT with out node and_ln79)   --->   "%xor_ln79 = xor i1 %tmp_120, i1 1" [pedal_top.cpp:79]   --->   Operation 931 'xor' 'xor_ln79' <Predicate = (sw4)> <Delay = 0.00> <CoreInst = "LogicGate">   --->   Core 74 'LogicGate' <Latency = 0> <II = 1> <Delay = 0.28> <FuncUnit> <Opcode : 'and' 'or' 'xor'> <InPorts = 2> <OutPorts = 1>
ST_75 : Operation 932 [1/1] (0.28ns) (out node of the LUT)   --->   "%and_ln79 = and i1 %or_ln79, i1 %xor_ln79" [pedal_top.cpp:79]   --->   Operation 932 'and' 'and_ln79' <Predicate = (sw4)> <Delay = 0.28> <CoreInst = "LogicGate">   --->   Core 74 'LogicGate' <Latency = 0> <II = 1> <Delay = 0.28> <FuncUnit> <Opcode : 'and' 'or' 'xor'> <InPorts = 2> <OutPorts = 1>
ST_75 : Operation 933 [1/1] (0.00ns) (grouped into LUT with out node select_ln79_1)   --->   "%xor_ln79_1 = xor i1 %tmp_121, i1 1" [pedal_top.cpp:79]   --->   Operation 933 'xor' 'xor_ln79_1' <Predicate = (sw4)> <Delay = 0.00> <CoreInst = "LogicGate">   --->   Core 74 'LogicGate' <Latency = 0> <II = 1> <Delay = 0.28> <FuncUnit> <Opcode : 'and' 'or' 'xor'> <InPorts = 2> <OutPorts = 1>
ST_75 : Operation 934 [1/1] (0.85ns)   --->   "%icmp_ln79_1 = icmp_ne  i16 %tmp_122, i16 65535" [pedal_top.cpp:79]   --->   Operation 934 'icmp' 'icmp_ln79_1' <Predicate = (sw4)> <Delay = 0.85> <CoreInst = "Cmp">   --->   Core 9 'Cmp' <Latency = 0> <II = 1> <Delay = 0.85> <FuncUnit> <Opcode : 'seteq' 'setne' 'setle' 'setge' 'setlt' 'setgt'> <InPorts = 2> <OutPorts = 1>
ST_75 : Operation 935 [1/1] (0.00ns) (grouped into LUT with out node select_ln79_1)   --->   "%or_ln79_1 = or i1 %icmp_ln79_1, i1 %xor_ln79_1" [pedal_top.cpp:79]   --->   Operation 935 'or' 'or_ln79_1' <Predicate = (sw4)> <Delay = 0.00> <CoreInst = "LogicGate">   --->   Core 74 'LogicGate' <Latency = 0> <II = 1> <Delay = 0.28> <FuncUnit> <Opcode : 'and' 'or' 'xor'> <InPorts = 2> <OutPorts = 1>
ST_75 : Operation 936 [1/1] (0.00ns) (grouped into LUT with out node select_ln79_1)   --->   "%and_ln79_1 = and i1 %or_ln79_1, i1 %tmp_120" [pedal_top.cpp:79]   --->   Operation 936 'and' 'and_ln79_1' <Predicate = (sw4)> <Delay = 0.00> <CoreInst = "LogicGate">   --->   Core 74 'LogicGate' <Latency = 0> <II = 1> <Delay = 0.28> <FuncUnit> <Opcode : 'and' 'or' 'xor'> <InPorts = 2> <OutPorts = 1>
ST_75 : Operation 937 [1/1] (0.00ns) (grouped into LUT with out node select_ln79_1)   --->   "%select_ln79 = select i1 %and_ln79, i32 2147483647, i32 2147483648" [pedal_top.cpp:79]   --->   Operation 937 'select' 'select_ln79' <Predicate = (sw4)> <Delay = 0.00> <CoreInst = "Sel">   --->   Core 73 'Sel' <Latency = 0> <II = 1> <Delay = 0.44> <FuncUnit> <Opcode : 'select'> <InPorts = 3> <OutPorts = 1>
ST_75 : Operation 938 [1/1] (0.00ns) (grouped into LUT with out node select_ln79_1)   --->   "%or_ln79_2 = or i1 %and_ln79, i1 %and_ln79_1" [pedal_top.cpp:79]   --->   Operation 938 'or' 'or_ln79_2' <Predicate = (sw4)> <Delay = 0.00> <CoreInst = "LogicGate">   --->   Core 74 'LogicGate' <Latency = 0> <II = 1> <Delay = 0.28> <FuncUnit> <Opcode : 'and' 'or' 'xor'> <InPorts = 2> <OutPorts = 1>
ST_75 : Operation 939 [1/1] (0.44ns) (out node of the LUT)   --->   "%select_ln79_1 = select i1 %or_ln79_2, i32 %select_ln79, i32 %shl_ln79" [pedal_top.cpp:79]   --->   Operation 939 'select' 'select_ln79_1' <Predicate = (sw4)> <Delay = 0.44> <CoreInst = "Sel">   --->   Core 73 'Sel' <Latency = 0> <II = 1> <Delay = 0.44> <FuncUnit> <Opcode : 'select'> <InPorts = 3> <OutPorts = 1>

State 76 <SV = 75> <Delay = 7.68>
ST_76 : Operation 940 [1/1] (0.00ns)   --->   "%sext_ln79 = sext i32 %select_ln79_1" [pedal_top.cpp:79]   --->   Operation 940 'sext' 'sext_ln79' <Predicate = (sw4)> <Delay = 0.00>
ST_76 : Operation 941 [1/1] (0.00ns)   --->   "%sext_ln79_1 = sext i32 %fraction" [pedal_top.cpp:79]   --->   Operation 941 'sext' 'sext_ln79_1' <Predicate = (sw4)> <Delay = 0.00>
ST_76 : Operation 942 [1/1] (3.42ns)   --->   "%mul_ln79 = mul i64 %sext_ln79, i64 %sext_ln79_1" [pedal_top.cpp:79]   --->   Operation 942 'mul' 'mul_ln79' <Predicate = (sw4)> <Delay = 3.42> <CoreInst = "Multiplier">   --->   Core 3 'Multiplier' <Latency = 0> <II = 1> <Delay = 3.42> <FuncUnit> <Opcode : 'mul'> <InPorts = 2> <OutPorts = 1>
ST_76 : Operation 943 [1/1] (0.00ns)   --->   "%trunc_ln79_1 = trunc i64 %mul_ln79" [pedal_top.cpp:79]   --->   Operation 943 'trunc' 'trunc_ln79_1' <Predicate = (sw4)> <Delay = 0.00>
ST_76 : Operation 944 [1/1] (0.00ns)   --->   "%sext_ln79_2 = sext i64 %mul_ln78" [pedal_top.cpp:79]   --->   Operation 944 'sext' 'sext_ln79_2' <Predicate = (sw4)> <Delay = 0.00>
ST_76 : Operation 945 [1/1] (0.00ns)   --->   "%sext_ln79_3 = sext i64 %mul_ln79" [pedal_top.cpp:79]   --->   Operation 945 'sext' 'sext_ln79_3' <Predicate = (sw4)> <Delay = 0.00>
ST_76 : Operation 946 [1/1] (1.09ns)   --->   "%add_ln79_1 = add i49 %trunc_ln79, i49 %trunc_ln79_1" [pedal_top.cpp:79]   --->   Operation 946 'add' 'add_ln79_1' <Predicate = (sw4)> <Delay = 1.09> <CoreInst = "Adder">   --->   Core 1 'Adder' <Latency = 0> <II = 1> <Delay = 1.09> <FuncUnit> <Opcode : 'add' 'sub'> <InPorts = 2> <OutPorts = 1>
ST_76 : Operation 947 [1/1] (0.00ns)   --->   "%zext_ln79 = zext i49 %add_ln79_1" [pedal_top.cpp:79]   --->   Operation 947 'zext' 'zext_ln79' <Predicate = (sw4)> <Delay = 0.00>
ST_76 : Operation 948 [1/1] (1.08ns)   --->   "%add_ln79 = add i65 %sext_ln79_2, i65 %sext_ln79_3" [pedal_top.cpp:79]   --->   Operation 948 'add' 'add_ln79' <Predicate = (sw4)> <Delay = 1.08> <CoreInst = "Adder">   --->   Core 1 'Adder' <Latency = 0> <II = 1> <Delay = 1.08> <FuncUnit> <Opcode : 'add' 'sub'> <InPorts = 2> <OutPorts = 1>
ST_76 : Operation 949 [1/1] (0.00ns)   --->   "%tmp_123 = bitselect i1 @_ssdm_op_BitSelect.i1.i65.i32, i65 %add_ln79, i32 64" [pedal_top.cpp:78]   --->   Operation 949 'bitselect' 'tmp_123' <Predicate = (sw4)> <Delay = 0.00>
ST_76 : Operation 950 [1/1] (0.00ns) (grouped into LUT with out node delayed_2)   --->   "%delayed_1 = partselect i32 @_ssdm_op_PartSelect.i32.i49.i32.i32, i49 %add_ln79_1, i32 16, i32 47" [pedal_top.cpp:78]   --->   Operation 950 'partselect' 'delayed_1' <Predicate = (sw4)> <Delay = 0.00>
ST_76 : Operation 951 [1/1] (0.00ns) (grouped into LUT with out node delayed_2)   --->   "%tmp_124 = bitselect i1 @_ssdm_op_BitSelect.i1.i64.i32, i64 %zext_ln79, i32 15" [pedal_top.cpp:78]   --->   Operation 951 'bitselect' 'tmp_124' <Predicate = (sw4)> <Delay = 0.00>
ST_76 : Operation 952 [1/1] (0.00ns)   --->   "%trunc_ln78 = trunc i49 %add_ln79_1" [pedal_top.cpp:78]   --->   Operation 952 'trunc' 'trunc_ln78' <Predicate = (sw4)> <Delay = 0.00>
ST_76 : Operation 953 [1/1] (0.84ns)   --->   "%icmp_ln78_2 = icmp_ne  i15 %trunc_ln78, i15 0" [pedal_top.cpp:78]   --->   Operation 953 'icmp' 'icmp_ln78_2' <Predicate = (sw4)> <Delay = 0.84> <CoreInst = "Cmp">   --->   Core 9 'Cmp' <Latency = 0> <II = 1> <Delay = 0.84> <FuncUnit> <Opcode : 'seteq' 'setne' 'setle' 'setge' 'setlt' 'setgt'> <InPorts = 2> <OutPorts = 1>
ST_76 : Operation 954 [1/1] (0.00ns) (grouped into LUT with out node and_ln78_3)   --->   "%tmp_125 = bitselect i1 @_ssdm_op_BitSelect.i1.i64.i32, i64 %zext_ln79, i32 47" [pedal_top.cpp:78]   --->   Operation 954 'bitselect' 'tmp_125' <Predicate = (sw4)> <Delay = 0.00>
ST_76 : Operation 955 [1/1] (0.00ns) (grouped into LUT with out node delayed_2)   --->   "%tmp_126 = bitselect i1 @_ssdm_op_BitSelect.i1.i64.i32, i64 %zext_ln79, i32 16" [pedal_top.cpp:78]   --->   Operation 955 'bitselect' 'tmp_126' <Predicate = (sw4)> <Delay = 0.00>
ST_76 : Operation 956 [1/1] (0.00ns) (grouped into LUT with out node delayed_2)   --->   "%or_ln78_3 = or i1 %tmp_126, i1 %icmp_ln78_2" [pedal_top.cpp:78]   --->   Operation 956 'or' 'or_ln78_3' <Predicate = (sw4)> <Delay = 0.00> <CoreInst = "LogicGate">   --->   Core 74 'LogicGate' <Latency = 0> <II = 1> <Delay = 0.28> <FuncUnit> <Opcode : 'and' 'or' 'xor'> <InPorts = 2> <OutPorts = 1>
ST_76 : Operation 957 [1/1] (0.00ns) (grouped into LUT with out node delayed_2)   --->   "%and_ln78_2 = and i1 %or_ln78_3, i1 %tmp_124" [pedal_top.cpp:78]   --->   Operation 957 'and' 'and_ln78_2' <Predicate = (sw4)> <Delay = 0.00> <CoreInst = "LogicGate">   --->   Core 74 'LogicGate' <Latency = 0> <II = 1> <Delay = 0.28> <FuncUnit> <Opcode : 'and' 'or' 'xor'> <InPorts = 2> <OutPorts = 1>
ST_76 : Operation 958 [1/1] (0.00ns) (grouped into LUT with out node delayed_2)   --->   "%zext_ln78 = zext i1 %and_ln78_2" [pedal_top.cpp:78]   --->   Operation 958 'zext' 'zext_ln78' <Predicate = (sw4)> <Delay = 0.00>
ST_76 : Operation 959 [1/1] (1.01ns) (out node of the LUT)   --->   "%delayed_2 = add i32 %delayed_1, i32 %zext_ln78" [pedal_top.cpp:78]   --->   Operation 959 'add' 'delayed_2' <Predicate = (sw4)> <Delay = 1.01> <CoreInst = "Adder">   --->   Core 1 'Adder' <Latency = 0> <II = 1> <Delay = 1.01> <FuncUnit> <Opcode : 'add' 'sub'> <InPorts = 2> <OutPorts = 1>
ST_76 : Operation 960 [1/1] (0.00ns)   --->   "%tmp_127 = bitselect i1 @_ssdm_op_BitSelect.i1.i32.i32, i32 %delayed_2, i32 31" [pedal_top.cpp:78]   --->   Operation 960 'bitselect' 'tmp_127' <Predicate = (sw4)> <Delay = 0.00>
ST_76 : Operation 961 [1/1] (0.00ns) (grouped into LUT with out node and_ln78_3)   --->   "%xor_ln78_2 = xor i1 %tmp_127, i1 1" [pedal_top.cpp:78]   --->   Operation 961 'xor' 'xor_ln78_2' <Predicate = (sw4)> <Delay = 0.00> <CoreInst = "LogicGate">   --->   Core 74 'LogicGate' <Latency = 0> <II = 1> <Delay = 0.28> <FuncUnit> <Opcode : 'and' 'or' 'xor'> <InPorts = 2> <OutPorts = 1>
ST_76 : Operation 962 [1/1] (0.28ns) (out node of the LUT)   --->   "%and_ln78_3 = and i1 %tmp_125, i1 %xor_ln78_2" [pedal_top.cpp:78]   --->   Operation 962 'and' 'and_ln78_3' <Predicate = (sw4)> <Delay = 0.28> <CoreInst = "LogicGate">   --->   Core 74 'LogicGate' <Latency = 0> <II = 1> <Delay = 0.28> <FuncUnit> <Opcode : 'and' 'or' 'xor'> <InPorts = 2> <OutPorts = 1>
ST_76 : Operation 963 [1/1] (0.00ns) (grouped into LUT with out node xor_ln78_7)   --->   "%tmp_128 = bitselect i1 @_ssdm_op_BitSelect.i1.i64.i32, i64 %zext_ln79, i32 48" [pedal_top.cpp:78]   --->   Operation 963 'bitselect' 'tmp_128' <Predicate = (sw4)> <Delay = 0.00>
ST_76 : Operation 964 [1/1] (0.00ns)   --->   "%tmp_26 = partselect i16 @_ssdm_op_PartSelect.i16.i65.i32.i32, i65 %add_ln79, i32 49, i32 64" [pedal_top.cpp:78]   --->   Operation 964 'partselect' 'tmp_26' <Predicate = (sw4)> <Delay = 0.00>
ST_76 : Operation 965 [1/1] (0.85ns)   --->   "%icmp_ln78_3 = icmp_eq  i16 %tmp_26, i16 65535" [pedal_top.cpp:78]   --->   Operation 965 'icmp' 'icmp_ln78_3' <Predicate = (sw4)> <Delay = 0.85> <CoreInst = "Cmp">   --->   Core 9 'Cmp' <Latency = 0> <II = 1> <Delay = 0.85> <FuncUnit> <Opcode : 'seteq' 'setne' 'setle' 'setge' 'setlt' 'setgt'> <InPorts = 2> <OutPorts = 1>
ST_76 : Operation 966 [1/1] (0.00ns)   --->   "%tmp_27 = partselect i17 @_ssdm_op_PartSelect.i17.i65.i32.i32, i65 %add_ln79, i32 48, i32 64" [pedal_top.cpp:78]   --->   Operation 966 'partselect' 'tmp_27' <Predicate = (sw4)> <Delay = 0.00>
ST_76 : Operation 967 [1/1] (0.86ns)   --->   "%icmp_ln78_4 = icmp_eq  i17 %tmp_27, i17 131071" [pedal_top.cpp:78]   --->   Operation 967 'icmp' 'icmp_ln78_4' <Predicate = (sw4)> <Delay = 0.86> <CoreInst = "Cmp">   --->   Core 9 'Cmp' <Latency = 0> <II = 1> <Delay = 0.86> <FuncUnit> <Opcode : 'seteq' 'setne' 'setle' 'setge' 'setlt' 'setgt'> <InPorts = 2> <OutPorts = 1>
ST_76 : Operation 968 [1/1] (0.86ns)   --->   "%icmp_ln78_5 = icmp_eq  i17 %tmp_27, i17 0" [pedal_top.cpp:78]   --->   Operation 968 'icmp' 'icmp_ln78_5' <Predicate = (sw4)> <Delay = 0.86> <CoreInst = "Cmp">   --->   Core 9 'Cmp' <Latency = 0> <II = 1> <Delay = 0.86> <FuncUnit> <Opcode : 'seteq' 'setne' 'setle' 'setge' 'setlt' 'setgt'> <InPorts = 2> <OutPorts = 1>
ST_76 : Operation 969 [1/1] (0.00ns) (grouped into LUT with out node and_ln78_6)   --->   "%select_ln78_3 = select i1 %and_ln78_3, i1 %icmp_ln78_4, i1 %icmp_ln78_5" [pedal_top.cpp:78]   --->   Operation 969 'select' 'select_ln78_3' <Predicate = (sw4)> <Delay = 0.00> <CoreInst = "Sel">   --->   Core 73 'Sel' <Latency = 0> <II = 1> <Delay = 0.17> <FuncUnit> <Opcode : 'select'> <InPorts = 3> <OutPorts = 1>
ST_76 : Operation 970 [1/1] (0.00ns) (grouped into LUT with out node xor_ln78_7)   --->   "%xor_ln78_3 = xor i1 %tmp_128, i1 1" [pedal_top.cpp:78]   --->   Operation 970 'xor' 'xor_ln78_3' <Predicate = (sw4)> <Delay = 0.00> <CoreInst = "LogicGate">   --->   Core 74 'LogicGate' <Latency = 0> <II = 1> <Delay = 0.28> <FuncUnit> <Opcode : 'and' 'or' 'xor'> <InPorts = 2> <OutPorts = 1>
ST_76 : Operation 971 [1/1] (0.00ns) (grouped into LUT with out node xor_ln78_7)   --->   "%and_ln78_4 = and i1 %icmp_ln78_3, i1 %xor_ln78_3" [pedal_top.cpp:78]   --->   Operation 971 'and' 'and_ln78_4' <Predicate = (sw4)> <Delay = 0.00> <CoreInst = "LogicGate">   --->   Core 74 'LogicGate' <Latency = 0> <II = 1> <Delay = 0.28> <FuncUnit> <Opcode : 'and' 'or' 'xor'> <InPorts = 2> <OutPorts = 1>
ST_76 : Operation 972 [1/1] (0.00ns) (grouped into LUT with out node xor_ln78_7)   --->   "%select_ln78_4 = select i1 %and_ln78_3, i1 %and_ln78_4, i1 %icmp_ln78_4" [pedal_top.cpp:78]   --->   Operation 972 'select' 'select_ln78_4' <Predicate = (sw4)> <Delay = 0.00> <CoreInst = "Sel">   --->   Core 73 'Sel' <Latency = 0> <II = 1> <Delay = 0.17> <FuncUnit> <Opcode : 'select'> <InPorts = 3> <OutPorts = 1>
ST_76 : Operation 973 [1/1] (0.00ns) (grouped into LUT with out node or_ln78_5)   --->   "%and_ln78_5 = and i1 %and_ln78_3, i1 %icmp_ln78_4" [pedal_top.cpp:78]   --->   Operation 973 'and' 'and_ln78_5' <Predicate = (sw4)> <Delay = 0.00> <CoreInst = "LogicGate">   --->   Core 74 'LogicGate' <Latency = 0> <II = 1> <Delay = 0.28> <FuncUnit> <Opcode : 'and' 'or' 'xor'> <InPorts = 2> <OutPorts = 1>
ST_76 : Operation 974 [1/1] (0.00ns) (grouped into LUT with out node or_ln78_5)   --->   "%xor_ln78_4 = xor i1 %and_ln78_5, i1 1" [pedal_top.cpp:78]   --->   Operation 974 'xor' 'xor_ln78_4' <Predicate = (sw4)> <Delay = 0.00> <CoreInst = "LogicGate">   --->   Core 74 'LogicGate' <Latency = 0> <II = 1> <Delay = 0.28> <FuncUnit> <Opcode : 'and' 'or' 'xor'> <InPorts = 2> <OutPorts = 1>
ST_76 : Operation 975 [1/1] (0.00ns) (grouped into LUT with out node or_ln78_5)   --->   "%empty_80 = and i1 %tmp_123, i1 %xor_ln78_4" [pedal_top.cpp:78]   --->   Operation 975 'and' 'empty_80' <Predicate = (sw4)> <Delay = 0.00> <CoreInst = "LogicGate">   --->   Core 74 'LogicGate' <Latency = 0> <II = 1> <Delay = 0.28> <FuncUnit> <Opcode : 'and' 'or' 'xor'> <InPorts = 2> <OutPorts = 1>
ST_76 : Operation 976 [1/1] (0.00ns) (grouped into LUT with out node and_ln78_6)   --->   "%xor_ln78_5 = xor i1 %select_ln78_3, i1 1" [pedal_top.cpp:78]   --->   Operation 976 'xor' 'xor_ln78_5' <Predicate = (sw4)> <Delay = 0.00> <CoreInst = "LogicGate">   --->   Core 74 'LogicGate' <Latency = 0> <II = 1> <Delay = 0.28> <FuncUnit> <Opcode : 'and' 'or' 'xor'> <InPorts = 2> <OutPorts = 1>
ST_76 : Operation 977 [1/1] (0.00ns) (grouped into LUT with out node and_ln78_6)   --->   "%or_ln78_4 = or i1 %tmp_127, i1 %xor_ln78_5" [pedal_top.cpp:78]   --->   Operation 977 'or' 'or_ln78_4' <Predicate = (sw4)> <Delay = 0.00> <CoreInst = "LogicGate">   --->   Core 74 'LogicGate' <Latency = 0> <II = 1> <Delay = 0.28> <FuncUnit> <Opcode : 'and' 'or' 'xor'> <InPorts = 2> <OutPorts = 1>
ST_76 : Operation 978 [1/1] (0.00ns) (grouped into LUT with out node and_ln78_6)   --->   "%xor_ln78_6 = xor i1 %tmp_123, i1 1" [pedal_top.cpp:78]   --->   Operation 978 'xor' 'xor_ln78_6' <Predicate = (sw4)> <Delay = 0.00> <CoreInst = "LogicGate">   --->   Core 74 'LogicGate' <Latency = 0> <II = 1> <Delay = 0.28> <FuncUnit> <Opcode : 'and' 'or' 'xor'> <InPorts = 2> <OutPorts = 1>
ST_76 : Operation 979 [1/1] (0.28ns) (out node of the LUT)   --->   "%and_ln78_6 = and i1 %or_ln78_4, i1 %xor_ln78_6" [pedal_top.cpp:78]   --->   Operation 979 'and' 'and_ln78_6' <Predicate = (sw4)> <Delay = 0.28> <CoreInst = "LogicGate">   --->   Core 74 'LogicGate' <Latency = 0> <II = 1> <Delay = 0.28> <FuncUnit> <Opcode : 'and' 'or' 'xor'> <InPorts = 2> <OutPorts = 1>
ST_76 : Operation 980 [1/1] (0.00ns) (grouped into LUT with out node xor_ln78_7)   --->   "%and_ln78_7 = and i1 %tmp_127, i1 %select_ln78_4" [pedal_top.cpp:78]   --->   Operation 980 'and' 'and_ln78_7' <Predicate = (sw4)> <Delay = 0.00> <CoreInst = "LogicGate">   --->   Core 74 'LogicGate' <Latency = 0> <II = 1> <Delay = 0.28> <FuncUnit> <Opcode : 'and' 'or' 'xor'> <InPorts = 2> <OutPorts = 1>
ST_76 : Operation 981 [1/1] (0.28ns) (out node of the LUT)   --->   "%xor_ln78_7 = xor i1 %and_ln78_7, i1 1" [pedal_top.cpp:78]   --->   Operation 981 'xor' 'xor_ln78_7' <Predicate = (sw4)> <Delay = 0.28> <CoreInst = "LogicGate">   --->   Core 74 'LogicGate' <Latency = 0> <II = 1> <Delay = 0.28> <FuncUnit> <Opcode : 'and' 'or' 'xor'> <InPorts = 2> <OutPorts = 1>
ST_76 : Operation 982 [1/1] (0.00ns) (grouped into LUT with out node or_ln78_5)   --->   "%and_ln78_8 = and i1 %empty_80, i1 %xor_ln78_7" [pedal_top.cpp:78]   --->   Operation 982 'and' 'and_ln78_8' <Predicate = (sw4)> <Delay = 0.00> <CoreInst = "LogicGate">   --->   Core 74 'LogicGate' <Latency = 0> <II = 1> <Delay = 0.28> <FuncUnit> <Opcode : 'and' 'or' 'xor'> <InPorts = 2> <OutPorts = 1>
ST_76 : Operation 983 [1/1] (0.00ns) (grouped into LUT with out node delayed_3)   --->   "%select_ln78_5 = select i1 %and_ln78_6, i32 2147483647, i32 2147483648" [pedal_top.cpp:78]   --->   Operation 983 'select' 'select_ln78_5' <Predicate = (sw4)> <Delay = 0.00> <CoreInst = "Sel">   --->   Core 73 'Sel' <Latency = 0> <II = 1> <Delay = 0.44> <FuncUnit> <Opcode : 'select'> <InPorts = 3> <OutPorts = 1>
ST_76 : Operation 984 [1/1] (0.28ns) (out node of the LUT)   --->   "%or_ln78_5 = or i1 %and_ln78_6, i1 %and_ln78_8" [pedal_top.cpp:78]   --->   Operation 984 'or' 'or_ln78_5' <Predicate = (sw4)> <Delay = 0.28> <CoreInst = "LogicGate">   --->   Core 74 'LogicGate' <Latency = 0> <II = 1> <Delay = 0.28> <FuncUnit> <Opcode : 'and' 'or' 'xor'> <InPorts = 2> <OutPorts = 1>
ST_76 : Operation 985 [1/1] (0.44ns) (out node of the LUT)   --->   "%delayed_3 = select i1 %or_ln78_5, i32 %select_ln78_5, i32 %delayed_2" [pedal_top.cpp:78]   --->   Operation 985 'select' 'delayed_3' <Predicate = (sw4)> <Delay = 0.44> <CoreInst = "Sel">   --->   Core 73 'Sel' <Latency = 0> <II = 1> <Delay = 0.44> <FuncUnit> <Opcode : 'select'> <InPorts = 3> <OutPorts = 1>

State 77 <SV = 76> <Delay = 6.96>
ST_77 : Operation 986 [1/1] (0.00ns)   --->   "%specmemcore_ln375 = specmemcore void @_ssdm_op_SpecMemCore, i100 %ref_4oPi_table_100, i64 666, i64 34, i64 18446744073709551615" [C:\scratch\2024.1\hls_product\545\2024.1\src\shared\hls\clib/hlsmath/include/FloatingPoint/hls_range_redux.h:375->C:\scratch\2024.1\hls_product\545\2024.1\src\shared\hls\clib/hlsmath/include/FloatingPoint/hls_range_redux.h:467->C:\scratch\2024.1\hls_product\545\2024.1\src\shared\hls\clib/hlsmath/include/FloatingPoint\hls_hotbm.h:239->C:\scratch\2024.1\hls_product\545\2024.1\src\shared\hls\clib\hlsmath\src\common\hls_hotbm_float.cpp:123->C:\scratch\2024.1\hls_product\545\2024.1\src\shared\hls\clib\hlsmath\src\c++\sincoshotbmfloat.cpp:10->C:\scratch\2024.1\hls_product\545\2024.1\src\shared\hls\clib\hlsmath\src\c++\sincoshotbmfloat.cpp:42->pedal_top.cpp:67]   --->   Operation 986 'specmemcore' 'specmemcore_ln375' <Predicate = (sw4)> <Delay = 0.00>
ST_77 : Operation 987 [1/1] (0.00ns)   --->   "%specmemcore_ln16 = specmemcore void @_ssdm_op_SpecMemCore, i30 %second_order_float_sin_cos_K0, i64 666, i64 34, i64 18446744073709551615" [C:\scratch\2024.1\hls_product\545\2024.1\src\shared\hls\clib\hlsmath\src\common\hls_hotbm_float.cpp:16->C:\scratch\2024.1\hls_product\545\2024.1\src\shared\hls\clib/hlsmath/include/FloatingPoint\hls_hotbm.h:250->C:\scratch\2024.1\hls_product\545\2024.1\src\shared\hls\clib\hlsmath\src\common\hls_hotbm_float.cpp:123->C:\scratch\2024.1\hls_product\545\2024.1\src\shared\hls\clib\hlsmath\src\c++\sincoshotbmfloat.cpp:10->C:\scratch\2024.1\hls_product\545\2024.1\src\shared\hls\clib\hlsmath\src\c++\sincoshotbmfloat.cpp:42->pedal_top.cpp:67]   --->   Operation 987 'specmemcore' 'specmemcore_ln16' <Predicate = (sw4)> <Delay = 0.00>
ST_77 : Operation 988 [1/1] (0.00ns)   --->   "%specmemcore_ln17 = specmemcore void @_ssdm_op_SpecMemCore, i23 %second_order_float_sin_cos_K1, i64 666, i64 34, i64 18446744073709551615" [C:\scratch\2024.1\hls_product\545\2024.1\src\shared\hls\clib\hlsmath\src\common\hls_hotbm_float.cpp:17->C:\scratch\2024.1\hls_product\545\2024.1\src\shared\hls\clib/hlsmath/include/FloatingPoint\hls_hotbm.h:250->C:\scratch\2024.1\hls_product\545\2024.1\src\shared\hls\clib\hlsmath\src\common\hls_hotbm_float.cpp:123->C:\scratch\2024.1\hls_product\545\2024.1\src\shared\hls\clib\hlsmath\src\c++\sincoshotbmfloat.cpp:10->C:\scratch\2024.1\hls_product\545\2024.1\src\shared\hls\clib\hlsmath\src\c++\sincoshotbmfloat.cpp:42->pedal_top.cpp:67]   --->   Operation 988 'specmemcore' 'specmemcore_ln17' <Predicate = (sw4)> <Delay = 0.00>
ST_77 : Operation 989 [1/1] (0.00ns)   --->   "%specmemcore_ln18 = specmemcore void @_ssdm_op_SpecMemCore, i15 %second_order_float_sin_cos_K2, i64 666, i64 34, i64 18446744073709551615" [C:\scratch\2024.1\hls_product\545\2024.1\src\shared\hls\clib\hlsmath\src\common\hls_hotbm_float.cpp:18->C:\scratch\2024.1\hls_product\545\2024.1\src\shared\hls\clib/hlsmath/include/FloatingPoint\hls_hotbm.h:250->C:\scratch\2024.1\hls_product\545\2024.1\src\shared\hls\clib\hlsmath\src\common\hls_hotbm_float.cpp:123->C:\scratch\2024.1\hls_product\545\2024.1\src\shared\hls\clib\hlsmath\src\c++\sincoshotbmfloat.cpp:10->C:\scratch\2024.1\hls_product\545\2024.1\src\shared\hls\clib\hlsmath\src\c++\sincoshotbmfloat.cpp:42->pedal_top.cpp:67]   --->   Operation 989 'specmemcore' 'specmemcore_ln18' <Predicate = (sw4)> <Delay = 0.00>
ST_77 : Operation 990 [1/1] (0.00ns)   --->   "%tmp_129 = bitselect i1 @_ssdm_op_BitSelect.i1.i32.i32, i32 %sample_data_13, i32 31" [pedal_top.cpp:83]   --->   Operation 990 'bitselect' 'tmp_129' <Predicate = (sw4)> <Delay = 0.00>
ST_77 : Operation 991 [1/1] (0.00ns) (grouped into LUT with out node select_ln83_1)   --->   "%shl_ln83 = shl i32 %sample_data_13, i32 16" [pedal_top.cpp:83]   --->   Operation 991 'shl' 'shl_ln83' <Predicate = (sw4)> <Delay = 0.00>
ST_77 : Operation 992 [1/1] (0.00ns)   --->   "%tmp_130 = bitselect i1 @_ssdm_op_BitSelect.i1.i32.i32, i32 %sample_data_13, i32 15" [pedal_top.cpp:83]   --->   Operation 992 'bitselect' 'tmp_130' <Predicate = (sw4)> <Delay = 0.00>
ST_77 : Operation 993 [1/1] (0.00ns)   --->   "%tmp_131 = partselect i16 @_ssdm_op_PartSelect.i16.i32.i32.i32, i32 %sample_data_13, i32 16, i32 31" [pedal_top.cpp:83]   --->   Operation 993 'partselect' 'tmp_131' <Predicate = (sw4)> <Delay = 0.00>
ST_77 : Operation 994 [1/1] (0.85ns)   --->   "%icmp_ln83 = icmp_ne  i16 %tmp_131, i16 0" [pedal_top.cpp:83]   --->   Operation 994 'icmp' 'icmp_ln83' <Predicate = (sw4)> <Delay = 0.85> <CoreInst = "Cmp">   --->   Core 9 'Cmp' <Latency = 0> <II = 1> <Delay = 0.85> <FuncUnit> <Opcode : 'seteq' 'setne' 'setle' 'setge' 'setlt' 'setgt'> <InPorts = 2> <OutPorts = 1>
ST_77 : Operation 995 [1/1] (0.00ns) (grouped into LUT with out node and_ln83)   --->   "%or_ln83 = or i1 %tmp_130, i1 %icmp_ln83" [pedal_top.cpp:83]   --->   Operation 995 'or' 'or_ln83' <Predicate = (sw4)> <Delay = 0.00> <CoreInst = "LogicGate">   --->   Core 74 'LogicGate' <Latency = 0> <II = 1> <Delay = 0.28> <FuncUnit> <Opcode : 'and' 'or' 'xor'> <InPorts = 2> <OutPorts = 1>
ST_77 : Operation 996 [1/1] (0.00ns) (grouped into LUT with out node and_ln83)   --->   "%xor_ln83 = xor i1 %tmp_129, i1 1" [pedal_top.cpp:83]   --->   Operation 996 'xor' 'xor_ln83' <Predicate = (sw4)> <Delay = 0.00> <CoreInst = "LogicGate">   --->   Core 74 'LogicGate' <Latency = 0> <II = 1> <Delay = 0.28> <FuncUnit> <Opcode : 'and' 'or' 'xor'> <InPorts = 2> <OutPorts = 1>
ST_77 : Operation 997 [1/1] (0.28ns) (out node of the LUT)   --->   "%and_ln83 = and i1 %or_ln83, i1 %xor_ln83" [pedal_top.cpp:83]   --->   Operation 997 'and' 'and_ln83' <Predicate = (sw4)> <Delay = 0.28> <CoreInst = "LogicGate">   --->   Core 74 'LogicGate' <Latency = 0> <II = 1> <Delay = 0.28> <FuncUnit> <Opcode : 'and' 'or' 'xor'> <InPorts = 2> <OutPorts = 1>
ST_77 : Operation 998 [1/1] (0.00ns) (grouped into LUT with out node select_ln83_1)   --->   "%xor_ln83_1 = xor i1 %tmp_130, i1 1" [pedal_top.cpp:83]   --->   Operation 998 'xor' 'xor_ln83_1' <Predicate = (sw4)> <Delay = 0.00> <CoreInst = "LogicGate">   --->   Core 74 'LogicGate' <Latency = 0> <II = 1> <Delay = 0.28> <FuncUnit> <Opcode : 'and' 'or' 'xor'> <InPorts = 2> <OutPorts = 1>
ST_77 : Operation 999 [1/1] (0.85ns)   --->   "%icmp_ln83_1 = icmp_ne  i16 %tmp_131, i16 65535" [pedal_top.cpp:83]   --->   Operation 999 'icmp' 'icmp_ln83_1' <Predicate = (sw4)> <Delay = 0.85> <CoreInst = "Cmp">   --->   Core 9 'Cmp' <Latency = 0> <II = 1> <Delay = 0.85> <FuncUnit> <Opcode : 'seteq' 'setne' 'setle' 'setge' 'setlt' 'setgt'> <InPorts = 2> <OutPorts = 1>
ST_77 : Operation 1000 [1/1] (0.00ns) (grouped into LUT with out node select_ln83_1)   --->   "%or_ln83_1 = or i1 %icmp_ln83_1, i1 %xor_ln83_1" [pedal_top.cpp:83]   --->   Operation 1000 'or' 'or_ln83_1' <Predicate = (sw4)> <Delay = 0.00> <CoreInst = "LogicGate">   --->   Core 74 'LogicGate' <Latency = 0> <II = 1> <Delay = 0.28> <FuncUnit> <Opcode : 'and' 'or' 'xor'> <InPorts = 2> <OutPorts = 1>
ST_77 : Operation 1001 [1/1] (0.00ns) (grouped into LUT with out node select_ln83_1)   --->   "%and_ln83_1 = and i1 %or_ln83_1, i1 %tmp_129" [pedal_top.cpp:83]   --->   Operation 1001 'and' 'and_ln83_1' <Predicate = (sw4)> <Delay = 0.00> <CoreInst = "LogicGate">   --->   Core 74 'LogicGate' <Latency = 0> <II = 1> <Delay = 0.28> <FuncUnit> <Opcode : 'and' 'or' 'xor'> <InPorts = 2> <OutPorts = 1>
ST_77 : Operation 1002 [1/1] (0.00ns) (grouped into LUT with out node select_ln83_1)   --->   "%select_ln83 = select i1 %and_ln83, i32 2147483647, i32 2147483648" [pedal_top.cpp:83]   --->   Operation 1002 'select' 'select_ln83' <Predicate = (sw4)> <Delay = 0.00> <CoreInst = "Sel">   --->   Core 73 'Sel' <Latency = 0> <II = 1> <Delay = 0.44> <FuncUnit> <Opcode : 'select'> <InPorts = 3> <OutPorts = 1>
ST_77 : Operation 1003 [1/1] (0.00ns) (grouped into LUT with out node select_ln83_1)   --->   "%or_ln83_2 = or i1 %and_ln83, i1 %and_ln83_1" [pedal_top.cpp:83]   --->   Operation 1003 'or' 'or_ln83_2' <Predicate = (sw4)> <Delay = 0.00> <CoreInst = "LogicGate">   --->   Core 74 'LogicGate' <Latency = 0> <II = 1> <Delay = 0.28> <FuncUnit> <Opcode : 'and' 'or' 'xor'> <InPorts = 2> <OutPorts = 1>
ST_77 : Operation 1004 [1/1] (0.44ns) (out node of the LUT)   --->   "%select_ln83_1 = select i1 %or_ln83_2, i32 %select_ln83, i32 %shl_ln83" [pedal_top.cpp:83]   --->   Operation 1004 'select' 'select_ln83_1' <Predicate = (sw4)> <Delay = 0.44> <CoreInst = "Sel">   --->   Core 73 'Sel' <Latency = 0> <II = 1> <Delay = 0.44> <FuncUnit> <Opcode : 'select'> <InPorts = 3> <OutPorts = 1>
ST_77 : Operation 1005 [1/1] (0.00ns)   --->   "%sext_ln83 = sext i32 %select_ln83_1" [pedal_top.cpp:83]   --->   Operation 1005 'sext' 'sext_ln83' <Predicate = (sw4)> <Delay = 0.00>
ST_77 : Operation 1006 [1/1] (0.00ns)   --->   "%tmp_132 = bitconcatenate i46 @_ssdm_op_BitConcatenate.i46.i32.i14, i32 %select_ln83_1, i14 0" [pedal_top.cpp:83]   --->   Operation 1006 'bitconcatenate' 'tmp_132' <Predicate = (sw4)> <Delay = 0.00>
ST_77 : Operation 1007 [1/1] (0.00ns)   --->   "%sext_ln83_2 = sext i46 %tmp_132" [pedal_top.cpp:83]   --->   Operation 1007 'sext' 'sext_ln83_2' <Predicate = (sw4)> <Delay = 0.00>
ST_77 : Operation 1008 [1/1] (0.00ns)   --->   "%tmp_133 = bitconcatenate i44 @_ssdm_op_BitConcatenate.i44.i32.i12, i32 %select_ln83_1, i12 0" [pedal_top.cpp:83]   --->   Operation 1008 'bitconcatenate' 'tmp_133' <Predicate = (sw4)> <Delay = 0.00>
ST_77 : Operation 1009 [1/1] (0.00ns)   --->   "%sext_ln83_3 = sext i44 %tmp_133" [pedal_top.cpp:83]   --->   Operation 1009 'sext' 'sext_ln83_3' <Predicate = (sw4)> <Delay = 0.00>
ST_77 : Operation 1010 [1/1] (0.00ns) (grouped into TernaryAdder)   --->   "%add_ln83_2 = add i48 %sext_ln83_2, i48 %sext_ln83_3" [pedal_top.cpp:83]   --->   Operation 1010 'add' 'add_ln83_2' <Predicate = (sw4)> <Delay = 0.00> <CoreInst = "TAddSub">   --->   Core 10 'TAddSub' <Latency = 0> <II = 1> <Delay = 0.38> <IPBlock> <Opcode : '' 'add' 'sub'> <InPorts = 3> <OutPorts = 1> <Sync> <CReg>
ST_77 : Operation 1011 [1/1] (0.00ns)   --->   "%tmp_134 = bitconcatenate i42 @_ssdm_op_BitConcatenate.i42.i32.i10, i32 %select_ln83_1, i10 0" [pedal_top.cpp:83]   --->   Operation 1011 'bitconcatenate' 'tmp_134' <Predicate = (sw4)> <Delay = 0.00>
ST_77 : Operation 1012 [1/1] (0.00ns)   --->   "%sext_ln83_4 = sext i42 %tmp_134" [pedal_top.cpp:83]   --->   Operation 1012 'sext' 'sext_ln83_4' <Predicate = (sw4)> <Delay = 0.00>
ST_77 : Operation 1013 [1/1] (0.76ns) (root node of TernaryAdder)   --->   "%sub_ln83 = sub i48 %add_ln83_2, i48 %sext_ln83_4" [pedal_top.cpp:83]   --->   Operation 1013 'sub' 'sub_ln83' <Predicate = (sw4)> <Delay = 0.76> <CoreInst = "TAddSub">   --->   Core 10 'TAddSub' <Latency = 0> <II = 1> <Delay = 0.38> <IPBlock> <Opcode : '' 'add' 'sub'> <InPorts = 3> <OutPorts = 1> <Sync> <CReg>
ST_77 : Operation 1014 [1/1] (0.00ns)   --->   "%tmp_135 = bitconcatenate i40 @_ssdm_op_BitConcatenate.i40.i32.i8, i32 %select_ln83_1, i8 0" [pedal_top.cpp:83]   --->   Operation 1014 'bitconcatenate' 'tmp_135' <Predicate = (sw4)> <Delay = 0.00>
ST_77 : Operation 1015 [1/1] (0.00ns)   --->   "%sext_ln83_5 = sext i40 %tmp_135" [pedal_top.cpp:83]   --->   Operation 1015 'sext' 'sext_ln83_5' <Predicate = (sw4)> <Delay = 0.00>
ST_77 : Operation 1016 [1/1] (0.00ns) (grouped into TernaryAdder)   --->   "%add_ln83_3 = add i48 %sub_ln83, i48 %sext_ln83_5" [pedal_top.cpp:83]   --->   Operation 1016 'add' 'add_ln83_3' <Predicate = (sw4)> <Delay = 0.00> <CoreInst = "TAddSub">   --->   Core 10 'TAddSub' <Latency = 0> <II = 1> <Delay = 0.38> <IPBlock> <Opcode : '' 'add' 'sub'> <InPorts = 3> <OutPorts = 1> <Sync> <CReg>
ST_77 : Operation 1017 [1/1] (0.00ns)   --->   "%tmp_136 = bitconcatenate i38 @_ssdm_op_BitConcatenate.i38.i32.i6, i32 %select_ln83_1, i6 0" [pedal_top.cpp:83]   --->   Operation 1017 'bitconcatenate' 'tmp_136' <Predicate = (sw4)> <Delay = 0.00>
ST_77 : Operation 1018 [1/1] (0.00ns)   --->   "%sext_ln83_6 = sext i38 %tmp_136" [pedal_top.cpp:83]   --->   Operation 1018 'sext' 'sext_ln83_6' <Predicate = (sw4)> <Delay = 0.00>
ST_77 : Operation 1019 [1/1] (0.77ns) (root node of TernaryAdder)   --->   "%sub_ln83_1 = sub i48 %add_ln83_3, i48 %sext_ln83_6" [pedal_top.cpp:83]   --->   Operation 1019 'sub' 'sub_ln83_1' <Predicate = (sw4)> <Delay = 0.77> <CoreInst = "TAddSub">   --->   Core 10 'TAddSub' <Latency = 0> <II = 1> <Delay = 0.38> <IPBlock> <Opcode : '' 'add' 'sub'> <InPorts = 3> <OutPorts = 1> <Sync> <CReg>
ST_77 : Operation 1020 [1/1] (0.00ns)   --->   "%tmp_137 = bitconcatenate i36 @_ssdm_op_BitConcatenate.i36.i32.i4, i32 %select_ln83_1, i4 0" [pedal_top.cpp:83]   --->   Operation 1020 'bitconcatenate' 'tmp_137' <Predicate = (sw4)> <Delay = 0.00>
ST_77 : Operation 1021 [1/1] (0.00ns)   --->   "%sext_ln83_7 = sext i36 %tmp_137" [pedal_top.cpp:83]   --->   Operation 1021 'sext' 'sext_ln83_7' <Predicate = (sw4)> <Delay = 0.00>
ST_77 : Operation 1022 [1/1] (0.00ns) (grouped into TernaryAdder)   --->   "%add_ln83_4 = add i48 %sub_ln83_1, i48 %sext_ln83_7" [pedal_top.cpp:83]   --->   Operation 1022 'add' 'add_ln83_4' <Predicate = (sw4)> <Delay = 0.00> <CoreInst = "TAddSub">   --->   Core 10 'TAddSub' <Latency = 0> <II = 1> <Delay = 0.38> <IPBlock> <Opcode : '' 'add' 'sub'> <InPorts = 3> <OutPorts = 1> <Sync> <CReg>
ST_77 : Operation 1023 [1/1] (0.00ns)   --->   "%tmp_138 = bitconcatenate i34 @_ssdm_op_BitConcatenate.i34.i32.i2, i32 %select_ln83_1, i2 0" [pedal_top.cpp:83]   --->   Operation 1023 'bitconcatenate' 'tmp_138' <Predicate = (sw4)> <Delay = 0.00>
ST_77 : Operation 1024 [1/1] (0.00ns)   --->   "%sext_ln83_8 = sext i34 %tmp_138" [pedal_top.cpp:83]   --->   Operation 1024 'sext' 'sext_ln83_8' <Predicate = (sw4)> <Delay = 0.00>
ST_77 : Operation 1025 [1/1] (0.77ns) (root node of TernaryAdder)   --->   "%sub_ln83_2 = sub i48 %add_ln83_4, i48 %sext_ln83_8" [pedal_top.cpp:83]   --->   Operation 1025 'sub' 'sub_ln83_2' <Predicate = (sw4)> <Delay = 0.77> <CoreInst = "TAddSub">   --->   Core 10 'TAddSub' <Latency = 0> <II = 1> <Delay = 0.38> <IPBlock> <Opcode : '' 'add' 'sub'> <InPorts = 3> <OutPorts = 1> <Sync> <CReg>
ST_77 : Operation 1026 [1/1] (0.00ns) (grouped into TernaryAdder)   --->   "%add_ln83_5 = add i48 %sub_ln83_2, i48 %sext_ln83" [pedal_top.cpp:83]   --->   Operation 1026 'add' 'add_ln83_5' <Predicate = (sw4)> <Delay = 0.00> <CoreInst = "TAddSub">   --->   Core 10 'TAddSub' <Latency = 0> <II = 1> <Delay = 0.38> <IPBlock> <Opcode : '' 'add' 'sub'> <InPorts = 3> <OutPorts = 1> <Sync> <CReg>
ST_77 : Operation 1027 [1/1] (0.00ns)   --->   "%sext_ln83_1 = sext i32 %delayed_3" [pedal_top.cpp:83]   --->   Operation 1027 'sext' 'sext_ln83_1' <Predicate = (sw4)> <Delay = 0.00>
ST_77 : Operation 1028 [1/1] (0.00ns)   --->   "%p_shl = bitconcatenate i48 @_ssdm_op_BitConcatenate.i48.i32.i16, i32 %delayed_3, i16 0" [pedal_top.cpp:83]   --->   Operation 1028 'bitconcatenate' 'p_shl' <Predicate = (sw4)> <Delay = 0.00>
ST_77 : Operation 1029 [1/1] (0.00ns)   --->   "%tmp_139 = bitconcatenate i46 @_ssdm_op_BitConcatenate.i46.i32.i14, i32 %delayed_3, i14 0" [pedal_top.cpp:83]   --->   Operation 1029 'bitconcatenate' 'tmp_139' <Predicate = (sw4)> <Delay = 0.00>
ST_77 : Operation 1030 [1/1] (0.00ns)   --->   "%sext_ln83_9 = sext i46 %tmp_139" [pedal_top.cpp:83]   --->   Operation 1030 'sext' 'sext_ln83_9' <Predicate = (sw4)> <Delay = 0.00>
ST_77 : Operation 1031 [1/1] (0.00ns) (grouped into TernaryAdder)   --->   "%sub_ln83_3 = sub i48 %p_shl, i48 %sext_ln83_9" [pedal_top.cpp:83]   --->   Operation 1031 'sub' 'sub_ln83_3' <Predicate = (sw4)> <Delay = 0.00> <CoreInst = "TAddSub">   --->   Core 10 'TAddSub' <Latency = 0> <II = 1> <Delay = 0.38> <IPBlock> <Opcode : '' 'add' 'sub'> <InPorts = 3> <OutPorts = 1> <Sync> <CReg>
ST_77 : Operation 1032 [1/1] (0.00ns)   --->   "%tmp_140 = bitconcatenate i44 @_ssdm_op_BitConcatenate.i44.i32.i12, i32 %delayed_3, i12 0" [pedal_top.cpp:83]   --->   Operation 1032 'bitconcatenate' 'tmp_140' <Predicate = (sw4)> <Delay = 0.00>
ST_77 : Operation 1033 [1/1] (0.00ns)   --->   "%sext_ln83_10 = sext i44 %tmp_140" [pedal_top.cpp:83]   --->   Operation 1033 'sext' 'sext_ln83_10' <Predicate = (sw4)> <Delay = 0.00>
ST_77 : Operation 1034 [1/1] (0.77ns) (root node of TernaryAdder)   --->   "%sub_ln83_4 = sub i48 %sub_ln83_3, i48 %sext_ln83_10" [pedal_top.cpp:83]   --->   Operation 1034 'sub' 'sub_ln83_4' <Predicate = (sw4)> <Delay = 0.77> <CoreInst = "TAddSub">   --->   Core 10 'TAddSub' <Latency = 0> <II = 1> <Delay = 0.38> <IPBlock> <Opcode : '' 'add' 'sub'> <InPorts = 3> <OutPorts = 1> <Sync> <CReg>
ST_77 : Operation 1035 [1/1] (0.00ns)   --->   "%tmp_141 = bitconcatenate i42 @_ssdm_op_BitConcatenate.i42.i32.i10, i32 %delayed_3, i10 0" [pedal_top.cpp:83]   --->   Operation 1035 'bitconcatenate' 'tmp_141' <Predicate = (sw4)> <Delay = 0.00>
ST_77 : Operation 1036 [1/1] (0.00ns)   --->   "%sext_ln83_11 = sext i42 %tmp_141" [pedal_top.cpp:83]   --->   Operation 1036 'sext' 'sext_ln83_11' <Predicate = (sw4)> <Delay = 0.00>
ST_77 : Operation 1037 [1/1] (0.00ns) (grouped into TernaryAdder)   --->   "%add_ln83_6 = add i48 %sub_ln83_4, i48 %sext_ln83_11" [pedal_top.cpp:83]   --->   Operation 1037 'add' 'add_ln83_6' <Predicate = (sw4)> <Delay = 0.00> <CoreInst = "TAddSub">   --->   Core 10 'TAddSub' <Latency = 0> <II = 1> <Delay = 0.38> <IPBlock> <Opcode : '' 'add' 'sub'> <InPorts = 3> <OutPorts = 1> <Sync> <CReg>
ST_77 : Operation 1038 [1/1] (0.00ns)   --->   "%tmp_142 = bitconcatenate i40 @_ssdm_op_BitConcatenate.i40.i32.i8, i32 %delayed_3, i8 0" [pedal_top.cpp:83]   --->   Operation 1038 'bitconcatenate' 'tmp_142' <Predicate = (sw4)> <Delay = 0.00>
ST_77 : Operation 1039 [1/1] (0.00ns)   --->   "%sext_ln83_12 = sext i40 %tmp_142" [pedal_top.cpp:83]   --->   Operation 1039 'sext' 'sext_ln83_12' <Predicate = (sw4)> <Delay = 0.00>
ST_77 : Operation 1040 [1/1] (0.77ns) (root node of TernaryAdder)   --->   "%sub_ln83_5 = sub i48 %add_ln83_6, i48 %sext_ln83_12" [pedal_top.cpp:83]   --->   Operation 1040 'sub' 'sub_ln83_5' <Predicate = (sw4)> <Delay = 0.77> <CoreInst = "TAddSub">   --->   Core 10 'TAddSub' <Latency = 0> <II = 1> <Delay = 0.38> <IPBlock> <Opcode : '' 'add' 'sub'> <InPorts = 3> <OutPorts = 1> <Sync> <CReg>
ST_77 : Operation 1041 [1/1] (0.00ns)   --->   "%tmp_143 = bitconcatenate i38 @_ssdm_op_BitConcatenate.i38.i32.i6, i32 %delayed_3, i6 0" [pedal_top.cpp:83]   --->   Operation 1041 'bitconcatenate' 'tmp_143' <Predicate = (sw4)> <Delay = 0.00>
ST_77 : Operation 1042 [1/1] (0.00ns)   --->   "%sext_ln83_13 = sext i38 %tmp_143" [pedal_top.cpp:83]   --->   Operation 1042 'sext' 'sext_ln83_13' <Predicate = (sw4)> <Delay = 0.00>
ST_77 : Operation 1043 [1/1] (0.00ns) (grouped into TernaryAdder)   --->   "%add_ln83_7 = add i48 %sub_ln83_5, i48 %sext_ln83_13" [pedal_top.cpp:83]   --->   Operation 1043 'add' 'add_ln83_7' <Predicate = (sw4)> <Delay = 0.00> <CoreInst = "TAddSub">   --->   Core 10 'TAddSub' <Latency = 0> <II = 1> <Delay = 0.38> <IPBlock> <Opcode : '' 'add' 'sub'> <InPorts = 3> <OutPorts = 1> <Sync> <CReg>
ST_77 : Operation 1044 [1/1] (0.00ns)   --->   "%tmp_144 = bitconcatenate i36 @_ssdm_op_BitConcatenate.i36.i32.i4, i32 %delayed_3, i4 0" [pedal_top.cpp:83]   --->   Operation 1044 'bitconcatenate' 'tmp_144' <Predicate = (sw4)> <Delay = 0.00>
ST_77 : Operation 1045 [1/1] (0.00ns)   --->   "%sext_ln83_14 = sext i36 %tmp_144" [pedal_top.cpp:83]   --->   Operation 1045 'sext' 'sext_ln83_14' <Predicate = (sw4)> <Delay = 0.00>
ST_77 : Operation 1046 [1/1] (0.77ns) (root node of TernaryAdder)   --->   "%sub_ln83_6 = sub i48 %add_ln83_7, i48 %sext_ln83_14" [pedal_top.cpp:83]   --->   Operation 1046 'sub' 'sub_ln83_6' <Predicate = (sw4)> <Delay = 0.77> <CoreInst = "TAddSub">   --->   Core 10 'TAddSub' <Latency = 0> <II = 1> <Delay = 0.38> <IPBlock> <Opcode : '' 'add' 'sub'> <InPorts = 3> <OutPorts = 1> <Sync> <CReg>
ST_77 : Operation 1047 [1/1] (0.00ns)   --->   "%tmp_145 = bitconcatenate i34 @_ssdm_op_BitConcatenate.i34.i32.i2, i32 %delayed_3, i2 0" [pedal_top.cpp:83]   --->   Operation 1047 'bitconcatenate' 'tmp_145' <Predicate = (sw4)> <Delay = 0.00>
ST_77 : Operation 1048 [1/1] (0.00ns)   --->   "%sext_ln83_15 = sext i34 %tmp_145" [pedal_top.cpp:83]   --->   Operation 1048 'sext' 'sext_ln83_15' <Predicate = (sw4)> <Delay = 0.00>
ST_77 : Operation 1049 [1/1] (0.00ns) (grouped into TernaryAdder)   --->   "%add_ln83_8 = add i48 %sub_ln83_6, i48 %sext_ln83_15" [pedal_top.cpp:83]   --->   Operation 1049 'add' 'add_ln83_8' <Predicate = (sw4)> <Delay = 0.00> <CoreInst = "TAddSub">   --->   Core 10 'TAddSub' <Latency = 0> <II = 1> <Delay = 0.38> <IPBlock> <Opcode : '' 'add' 'sub'> <InPorts = 3> <OutPorts = 1> <Sync> <CReg>
ST_77 : Operation 1050 [1/1] (0.77ns) (root node of TernaryAdder)   --->   "%sub_ln83_7 = sub i48 %add_ln83_8, i48 %sext_ln83_1" [pedal_top.cpp:83]   --->   Operation 1050 'sub' 'sub_ln83_7' <Predicate = (sw4)> <Delay = 0.77> <CoreInst = "TAddSub">   --->   Core 10 'TAddSub' <Latency = 0> <II = 1> <Delay = 0.38> <IPBlock> <Opcode : '' 'add' 'sub'> <InPorts = 3> <OutPorts = 1> <Sync> <CReg>
ST_77 : Operation 1051 [1/1] (0.77ns) (root node of TernaryAdder)   --->   "%add_ln83 = add i48 %add_ln83_5, i48 %sub_ln83_7" [pedal_top.cpp:83]   --->   Operation 1051 'add' 'add_ln83' <Predicate = (sw4)> <Delay = 0.77> <CoreInst = "TAddSub">   --->   Core 10 'TAddSub' <Latency = 0> <II = 1> <Delay = 0.38> <IPBlock> <Opcode : '' 'add' 'sub'> <InPorts = 3> <OutPorts = 1> <Sync> <CReg>
ST_77 : Operation 1052 [1/1] (0.00ns)   --->   "%tmp_28 = partselect i16 @_ssdm_op_PartSelect.i16.i48.i32.i32, i48 %add_ln83, i32 32, i32 47" [pedal_top.cpp:83]   --->   Operation 1052 'partselect' 'tmp_28' <Predicate = (sw4)> <Delay = 0.00>
ST_77 : Operation 1053 [1/1] (0.00ns)   --->   "%sext_ln83_16 = sext i16 %tmp_28" [pedal_top.cpp:83]   --->   Operation 1053 'sext' 'sext_ln83_16' <Predicate = (sw4)> <Delay = 0.00>
ST_77 : Operation 1054 [1/1] (0.00ns) (grouped into LUT with out node sample_data_10)   --->   "%tmp_146 = bitselect i1 @_ssdm_op_BitSelect.i1.i48.i32, i48 %add_ln83, i32 47" [pedal_top.cpp:83]   --->   Operation 1054 'bitselect' 'tmp_146' <Predicate = (sw4)> <Delay = 0.00>
ST_77 : Operation 1055 [1/1] (0.00ns)   --->   "%trunc_ln83 = trunc i48 %add_ln83" [pedal_top.cpp:83]   --->   Operation 1055 'trunc' 'trunc_ln83' <Predicate = (sw4)> <Delay = 0.00>
ST_77 : Operation 1056 [1/1] (1.01ns)   --->   "%icmp_ln83_2 = icmp_ne  i32 %trunc_ln83, i32 0" [pedal_top.cpp:83]   --->   Operation 1056 'icmp' 'icmp_ln83_2' <Predicate = (sw4)> <Delay = 1.01> <CoreInst = "Cmp">   --->   Core 9 'Cmp' <Latency = 0> <II = 1> <Delay = 1.01> <FuncUnit> <Opcode : 'seteq' 'setne' 'setle' 'setge' 'setlt' 'setgt'> <InPorts = 2> <OutPorts = 1>
ST_77 : Operation 1057 [1/1] (0.85ns)   --->   "%add_ln83_1 = add i17 %sext_ln83_16, i17 1" [pedal_top.cpp:83]   --->   Operation 1057 'add' 'add_ln83_1' <Predicate = (sw4)> <Delay = 0.85> <CoreInst = "Adder">   --->   Core 1 'Adder' <Latency = 0> <II = 1> <Delay = 0.85> <FuncUnit> <Opcode : 'add' 'sub'> <InPorts = 2> <OutPorts = 1>
ST_77 : Operation 1058 [1/1] (0.00ns) (grouped into LUT with out node sample_data_10)   --->   "%select_ln83_2 = select i1 %icmp_ln83_2, i17 %add_ln83_1, i17 %sext_ln83_16" [pedal_top.cpp:83]   --->   Operation 1058 'select' 'select_ln83_2' <Predicate = (sw4)> <Delay = 0.00> <CoreInst = "Sel">   --->   Core 73 'Sel' <Latency = 0> <II = 1> <Delay = 0.35> <FuncUnit> <Opcode : 'select'> <InPorts = 3> <OutPorts = 1>
ST_77 : Operation 1059 [1/1] (0.35ns) (out node of the LUT)   --->   "%sample_data_10 = select i1 %tmp_146, i17 %select_ln83_2, i17 %sext_ln83_16" [pedal_top.cpp:83]   --->   Operation 1059 'select' 'sample_data_10' <Predicate = (sw4)> <Delay = 0.35> <CoreInst = "Sel">   --->   Core 73 'Sel' <Latency = 0> <II = 1> <Delay = 0.35> <FuncUnit> <Opcode : 'select'> <InPorts = 3> <OutPorts = 1>
ST_77 : Operation 1060 [1/1] (0.00ns)   --->   "%sext_ln30_2 = sext i17 %sample_data_10" [pedal_top.cpp:30]   --->   Operation 1060 'sext' 'sext_ln30_2' <Predicate = (sw4)> <Delay = 0.00>
ST_77 : Operation 1061 [1/1] (0.42ns)   --->   "%br_ln88 = br void %if.end96" [pedal_top.cpp:88]   --->   Operation 1061 'br' 'br_ln88' <Predicate = (sw4)> <Delay = 0.42>
ST_77 : Operation 1062 [1/1] (0.00ns)   --->   "%sample_data_4 = phi i32 %sext_ln30_2, void %arrayidx90.exit, i32 %sample_data_13, void %if.end50"   --->   Operation 1062 'phi' 'sample_data_4' <Predicate = true> <Delay = 0.00>
ST_77 : Operation 1063 [2/2] (0.49ns)   --->   "%write_ln93 = write void @_ssdm_op_Write.axis.volatile.i32P0A.i4P0A.i4P0A.i1P0A, i32 %out_stream_V_data_V, i4 %out_stream_V_keep_V, i4 %out_stream_V_strb_V, i1 %out_stream_V_last_V, i32 %sample_data_4, i4 %sample_keep, i4 %sample_strb, i1 %sample_last" [pedal_top.cpp:93]   --->   Operation 1063 'write' 'write_ln93' <Predicate = true> <Delay = 0.49> <CoreInst = "regslice">   --->   Core 148 'regslice' <Latency = 0> <II = 1> <Delay = 0.65> <Adapter> <Opcode : 'read' 'write'>

State 78 <SV = 77> <Delay = 0.49>
ST_78 : Operation 1064 [1/2] (0.49ns)   --->   "%write_ln93 = write void @_ssdm_op_Write.axis.volatile.i32P0A.i4P0A.i4P0A.i1P0A, i32 %out_stream_V_data_V, i4 %out_stream_V_keep_V, i4 %out_stream_V_strb_V, i1 %out_stream_V_last_V, i32 %sample_data_4, i4 %sample_keep, i4 %sample_strb, i1 %sample_last" [pedal_top.cpp:93]   --->   Operation 1064 'write' 'write_ln93' <Predicate = true> <Delay = 0.49> <CoreInst = "regslice">   --->   Core 148 'regslice' <Latency = 0> <II = 1> <Delay = 0.65> <Adapter> <Opcode : 'read' 'write'>

State 79 <SV = 78> <Delay = 0.00>
ST_79 : Operation 1065 [1/1] (0.00ns)   --->   "%store_ln91 = store i32 %select_ln91, i32 %sample_count" [pedal_top.cpp:91]   --->   Operation 1065 'store' 'store_ln91' <Predicate = true> <Delay = 0.00>
ST_79 : Operation 1066 [1/1] (0.00ns)   --->   "%ret_ln95 = ret" [pedal_top.cpp:95]   --->   Operation 1066 'ret' 'ret_ln95' <Predicate = true> <Delay = 0.00>


============================================================
+ Verbose Summary: Timing violations
============================================================
Target clock period: 15.000ns, clock uncertainty: 4.050ns.

 <State 1>: 1.000ns
The critical path consists of the following:
	s_axi read operation ('switches_read') on port 'switches' [39]  (1.000 ns)

 <State 2>: 9.473ns
The critical path consists of the following:
	'load' operation 32 bit ('p_load190', pedal_top.cpp:67) on local variable 'empty' [217]  (0.000 ns)
	'sitofp' operation 32 bit ('conv', pedal_top.cpp:67) [218]  (9.473 ns)

 <State 3>: 10.050ns
The critical path consists of the following:
	'call' operation 16 bit ('sample.data', pedal_top.cpp:45) to 'soft_clipping_distortion' [131]  (10.050 ns)

 <State 4>: 10.633ns
The critical path consists of the following:
	'call' operation 16 bit ('sample.data', pedal_top.cpp:45) to 'soft_clipping_distortion' [131]  (10.633 ns)

 <State 5>: 10.633ns
The critical path consists of the following:
	'call' operation 16 bit ('sample.data', pedal_top.cpp:45) to 'soft_clipping_distortion' [131]  (10.633 ns)

 <State 6>: 10.633ns
The critical path consists of the following:
	'call' operation 16 bit ('sample.data', pedal_top.cpp:45) to 'soft_clipping_distortion' [131]  (10.633 ns)

 <State 7>: 10.633ns
The critical path consists of the following:
	'call' operation 16 bit ('sample.data', pedal_top.cpp:45) to 'soft_clipping_distortion' [131]  (10.633 ns)

 <State 8>: 10.633ns
The critical path consists of the following:
	'call' operation 16 bit ('sample.data', pedal_top.cpp:45) to 'soft_clipping_distortion' [131]  (10.633 ns)

 <State 9>: 10.633ns
The critical path consists of the following:
	'call' operation 16 bit ('sample.data', pedal_top.cpp:45) to 'soft_clipping_distortion' [131]  (10.633 ns)

 <State 10>: 10.633ns
The critical path consists of the following:
	'call' operation 16 bit ('sample.data', pedal_top.cpp:45) to 'soft_clipping_distortion' [131]  (10.633 ns)

 <State 11>: 10.633ns
The critical path consists of the following:
	'call' operation 16 bit ('sample.data', pedal_top.cpp:45) to 'soft_clipping_distortion' [131]  (10.633 ns)

 <State 12>: 10.633ns
The critical path consists of the following:
	'call' operation 16 bit ('sample.data', pedal_top.cpp:45) to 'soft_clipping_distortion' [131]  (10.633 ns)

 <State 13>: 10.941ns
The critical path consists of the following:
	'load' operation 100 bit ('table_100', C:\scratch\2024.1\hls_product\545\2024.1\src\shared\hls\clib/hlsmath/include/FloatingPoint/hls_range_redux.h:378->C:\scratch\2024.1\hls_product\545\2024.1\src\shared\hls\clib/hlsmath/include/FloatingPoint/hls_range_redux.h:467->C:\scratch\2024.1\hls_product\545\2024.1\src\shared\hls\clib/hlsmath/include/FloatingPoint\hls_hotbm.h:239->C:\scratch\2024.1\hls_product\545\2024.1\src\shared\hls\clib\hlsmath\src\common\hls_hotbm_float.cpp:123->C:\scratch\2024.1\hls_product\545\2024.1\src\shared\hls\clib\hlsmath\src\c++\sincoshotbmfloat.cpp:10->C:\scratch\2024.1\hls_product\545\2024.1\src\shared\hls\clib\hlsmath\src\c++\sincoshotbmfloat.cpp:42->pedal_top.cpp:67) on array 'ref_4oPi_table_100' [235]  (0.673 ns)
	'shl' operation 100 bit ('shl_ln379', C:\scratch\2024.1\hls_product\545\2024.1\src\shared\hls\clib/hlsmath/include/FloatingPoint/hls_range_redux.h:379->C:\scratch\2024.1\hls_product\545\2024.1\src\shared\hls\clib/hlsmath/include/FloatingPoint/hls_range_redux.h:467->C:\scratch\2024.1\hls_product\545\2024.1\src\shared\hls\clib/hlsmath/include/FloatingPoint\hls_hotbm.h:239->C:\scratch\2024.1\hls_product\545\2024.1\src\shared\hls\clib\hlsmath\src\common\hls_hotbm_float.cpp:123->C:\scratch\2024.1\hls_product\545\2024.1\src\shared\hls\clib\hlsmath\src\c++\sincoshotbmfloat.cpp:10->C:\scratch\2024.1\hls_product\545\2024.1\src\shared\hls\clib\hlsmath\src\c++\sincoshotbmfloat.cpp:42->pedal_top.cpp:67) [238]  (1.514 ns)
	'mul' operation 80 bit ('h', C:\scratch\2024.1\hls_product\545\2024.1\src\shared\hls\clib/hlsmath/include/FloatingPoint/hls_range_redux.h:468->C:\scratch\2024.1\hls_product\545\2024.1\src\shared\hls\clib/hlsmath/include/FloatingPoint\hls_hotbm.h:239->C:\scratch\2024.1\hls_product\545\2024.1\src\shared\hls\clib\hlsmath\src\common\hls_hotbm_float.cpp:123->C:\scratch\2024.1\hls_product\545\2024.1\src\shared\hls\clib\hlsmath\src\c++\sincoshotbmfloat.cpp:10->C:\scratch\2024.1\hls_product\545\2024.1\src\shared\hls\clib\hlsmath\src\c++\sincoshotbmfloat.cpp:42->pedal_top.cpp:67) [241]  (5.200 ns)
	'sub' operation 58 bit ('Mx_bits', C:\scratch\2024.1\hls_product\545\2024.1\src\shared\hls\clib/hlsmath/include/FloatingPoint/hls_range_redux.h:492->C:\scratch\2024.1\hls_product\545\2024.1\src\shared\hls\clib/hlsmath/include/FloatingPoint\hls_hotbm.h:239->C:\scratch\2024.1\hls_product\545\2024.1\src\shared\hls\clib\hlsmath\src\common\hls_hotbm_float.cpp:123->C:\scratch\2024.1\hls_product\545\2024.1\src\shared\hls\clib\hlsmath\src\c++\sincoshotbmfloat.cpp:10->C:\scratch\2024.1\hls_product\545\2024.1\src\shared\hls\clib\hlsmath\src\c++\sincoshotbmfloat.cpp:42->pedal_top.cpp:67) [246]  (1.093 ns)
	'select' operation 58 bit ('Mx_bits', C:\scratch\2024.1\hls_product\545\2024.1\src\shared\hls\clib/hlsmath/include/FloatingPoint/hls_range_redux.h:491->C:\scratch\2024.1\hls_product\545\2024.1\src\shared\hls\clib/hlsmath/include/FloatingPoint\hls_hotbm.h:239->C:\scratch\2024.1\hls_product\545\2024.1\src\shared\hls\clib\hlsmath\src\common\hls_hotbm_float.cpp:123->C:\scratch\2024.1\hls_product\545\2024.1\src\shared\hls\clib\hlsmath\src\c++\sincoshotbmfloat.cpp:10->C:\scratch\2024.1\hls_product\545\2024.1\src\shared\hls\clib\hlsmath\src\c++\sincoshotbmfloat.cpp:42->pedal_top.cpp:67) [247]  (0.380 ns)
	'cttz' operation 32 bit ('tmp_139_i', C:\scratch\2024.1\hls_product\545\2024.1\src\shared\hls\clib/hlsmath/include/FloatingPoint/hls_normalize.h:75->C:\scratch\2024.1\hls_product\545\2024.1\src\shared\hls\clib/hlsmath/include/FloatingPoint/hls_range_redux.h:495->C:\scratch\2024.1\hls_product\545\2024.1\src\shared\hls\clib/hlsmath/include/FloatingPoint\hls_hotbm.h:239->C:\scratch\2024.1\hls_product\545\2024.1\src\shared\hls\clib\hlsmath\src\common\hls_hotbm_float.cpp:123->C:\scratch\2024.1\hls_product\545\2024.1\src\shared\hls\clib\hlsmath\src\c++\sincoshotbmfloat.cpp:10->C:\scratch\2024.1\hls_product\545\2024.1\src\shared\hls\clib\hlsmath\src\c++\sincoshotbmfloat.cpp:42->pedal_top.cpp:67) [253]  (0.563 ns)
	'shl' operation 58 bit ('shl_ln504', C:\scratch\2024.1\hls_product\545\2024.1\src\shared\hls\clib/hlsmath/include/FloatingPoint/hls_range_redux.h:504->C:\scratch\2024.1\hls_product\545\2024.1\src\shared\hls\clib/hlsmath/include/FloatingPoint\hls_hotbm.h:239->C:\scratch\2024.1\hls_product\545\2024.1\src\shared\hls\clib\hlsmath\src\common\hls_hotbm_float.cpp:123->C:\scratch\2024.1\hls_product\545\2024.1\src\shared\hls\clib\hlsmath\src\c++\sincoshotbmfloat.cpp:10->C:\scratch\2024.1\hls_product\545\2024.1\src\shared\hls\clib\hlsmath\src\c++\sincoshotbmfloat.cpp:42->pedal_top.cpp:67) [256]  (1.519 ns)

 <State 14>: 10.633ns
The critical path consists of the following:
	'call' operation 16 bit ('sample.data', pedal_top.cpp:45) to 'soft_clipping_distortion' [131]  (10.633 ns)

 <State 15>: 10.907ns
The critical path consists of the following:
	'load' operation 23 bit ('second_order_float_sin_cos_K1_load', C:\scratch\2024.1\hls_product\545\2024.1\src\shared\hls\clib\hlsmath\src\common\hls_hotbm_float.cpp:29->C:\scratch\2024.1\hls_product\545\2024.1\src\shared\hls\clib/hlsmath/include/FloatingPoint\hls_hotbm.h:250->C:\scratch\2024.1\hls_product\545\2024.1\src\shared\hls\clib\hlsmath\src\common\hls_hotbm_float.cpp:123->C:\scratch\2024.1\hls_product\545\2024.1\src\shared\hls\clib\hlsmath\src\c++\sincoshotbmfloat.cpp:10->C:\scratch\2024.1\hls_product\545\2024.1\src\shared\hls\clib\hlsmath\src\c++\sincoshotbmfloat.cpp:42->pedal_top.cpp:67) on array 'second_order_float_sin_cos_K1' [289]  (0.677 ns)
	'mul' operation 45 bit ('mul_ln29', C:\scratch\2024.1\hls_product\545\2024.1\src\shared\hls\clib\hlsmath\src\common\hls_hotbm_float.cpp:29->C:\scratch\2024.1\hls_product\545\2024.1\src\shared\hls\clib/hlsmath/include/FloatingPoint\hls_hotbm.h:250->C:\scratch\2024.1\hls_product\545\2024.1\src\shared\hls\clib\hlsmath\src\common\hls_hotbm_float.cpp:123->C:\scratch\2024.1\hls_product\545\2024.1\src\shared\hls\clib\hlsmath\src\c++\sincoshotbmfloat.cpp:10->C:\scratch\2024.1\hls_product\545\2024.1\src\shared\hls\clib\hlsmath\src\c++\sincoshotbmfloat.cpp:42->pedal_top.cpp:67) [291]  (2.833 ns)
	'add' operation 30 bit ('add_ln32', C:\scratch\2024.1\hls_product\545\2024.1\src\shared\hls\clib\hlsmath\src\common\hls_hotbm_float.cpp:32->C:\scratch\2024.1\hls_product\545\2024.1\src\shared\hls\clib/hlsmath/include/FloatingPoint\hls_hotbm.h:250->C:\scratch\2024.1\hls_product\545\2024.1\src\shared\hls\clib\hlsmath\src\common\hls_hotbm_float.cpp:123->C:\scratch\2024.1\hls_product\545\2024.1\src\shared\hls\clib\hlsmath\src\c++\sincoshotbmfloat.cpp:10->C:\scratch\2024.1\hls_product\545\2024.1\src\shared\hls\clib\hlsmath\src\c++\sincoshotbmfloat.cpp:42->pedal_top.cpp:67) [300]  (0.000 ns)
	'add' operation 30 bit ('add_ln32_2', C:\scratch\2024.1\hls_product\545\2024.1\src\shared\hls\clib\hlsmath\src\common\hls_hotbm_float.cpp:32->C:\scratch\2024.1\hls_product\545\2024.1\src\shared\hls\clib/hlsmath/include/FloatingPoint\hls_hotbm.h:250->C:\scratch\2024.1\hls_product\545\2024.1\src\shared\hls\clib\hlsmath\src\common\hls_hotbm_float.cpp:123->C:\scratch\2024.1\hls_product\545\2024.1\src\shared\hls\clib\hlsmath\src\c++\sincoshotbmfloat.cpp:10->C:\scratch\2024.1\hls_product\545\2024.1\src\shared\hls\clib\hlsmath\src\c++\sincoshotbmfloat.cpp:42->pedal_top.cpp:67) [302]  (0.726 ns)
	'mul' operation 58 bit ('mul_ln32', C:\scratch\2024.1\hls_product\545\2024.1\src\shared\hls\clib\hlsmath\src\common\hls_hotbm_float.cpp:32->C:\scratch\2024.1\hls_product\545\2024.1\src\shared\hls\clib/hlsmath/include/FloatingPoint\hls_hotbm.h:250->C:\scratch\2024.1\hls_product\545\2024.1\src\shared\hls\clib\hlsmath\src\common\hls_hotbm_float.cpp:123->C:\scratch\2024.1\hls_product\545\2024.1\src\shared\hls\clib\hlsmath\src\c++\sincoshotbmfloat.cpp:10->C:\scratch\2024.1\hls_product\545\2024.1\src\shared\hls\clib\hlsmath\src\c++\sincoshotbmfloat.cpp:42->pedal_top.cpp:67) [305]  (3.329 ns)
	'cttz' operation 32 bit ('c', C:\scratch\2024.1\hls_product\545\2024.1\src\shared\hls\clib/hlsmath/include/FloatingPoint/hls_normalize.h:81->C:\scratch\2024.1\hls_product\545\2024.1\src\shared\hls\clib/src/hls\utils/x_hls_float_utils.h:283->C:\scratch\2024.1\hls_product\545\2024.1\src\shared\hls\clib/hlsmath/include/FloatingPoint\hls_hotbm.h:252->C:\scratch\2024.1\hls_product\545\2024.1\src\shared\hls\clib\hlsmath\src\common\hls_hotbm_float.cpp:123->C:\scratch\2024.1\hls_product\545\2024.1\src\shared\hls\clib\hlsmath\src\c++\sincoshotbmfloat.cpp:10->C:\scratch\2024.1\hls_product\545\2024.1\src\shared\hls\clib\hlsmath\src\c++\sincoshotbmfloat.cpp:42->pedal_top.cpp:67) [313]  (0.567 ns)
	'shl' operation 32 bit ('shl_ln291', C:\scratch\2024.1\hls_product\545\2024.1\src\shared\hls\clib/src/hls\utils/x_hls_float_utils.h:291->C:\scratch\2024.1\hls_product\545\2024.1\src\shared\hls\clib/hlsmath/include/FloatingPoint\hls_hotbm.h:252->C:\scratch\2024.1\hls_product\545\2024.1\src\shared\hls\clib\hlsmath\src\common\hls_hotbm_float.cpp:123->C:\scratch\2024.1\hls_product\545\2024.1\src\shared\hls\clib\hlsmath\src\c++\sincoshotbmfloat.cpp:10->C:\scratch\2024.1\hls_product\545\2024.1\src\shared\hls\clib\hlsmath\src\c++\sincoshotbmfloat.cpp:42->pedal_top.cpp:67) [317]  (1.388 ns)
	'shl' operation 32 bit ('shl_ln291_2', C:\scratch\2024.1\hls_product\545\2024.1\src\shared\hls\clib/src/hls\utils/x_hls_float_utils.h:291->C:\scratch\2024.1\hls_product\545\2024.1\src\shared\hls\clib/hlsmath/include/FloatingPoint\hls_hotbm.h:252->C:\scratch\2024.1\hls_product\545\2024.1\src\shared\hls\clib\hlsmath\src\common\hls_hotbm_float.cpp:123->C:\scratch\2024.1\hls_product\545\2024.1\src\shared\hls\clib\hlsmath\src\c++\sincoshotbmfloat.cpp:10->C:\scratch\2024.1\hls_product\545\2024.1\src\shared\hls\clib\hlsmath\src\c++\sincoshotbmfloat.cpp:42->pedal_top.cpp:67) [322]  (1.388 ns)

 <State 16>: 10.633ns
The critical path consists of the following:
	'call' operation 16 bit ('sample.data', pedal_top.cpp:45) to 'soft_clipping_distortion' [131]  (10.633 ns)

 <State 17>: 10.633ns
The critical path consists of the following:
	'call' operation 16 bit ('sample.data', pedal_top.cpp:45) to 'soft_clipping_distortion' [131]  (10.633 ns)

 <State 18>: 10.766ns
The critical path consists of the following:
	'add' operation 53 bit ('add_ln70_1', pedal_top.cpp:70) [489]  (0.000 ns)
	'add' operation 53 bit ('add_ln70_5', pedal_top.cpp:70) [492]  (0.784 ns)
	'sub' operation 52 bit ('sub_ln70', pedal_top.cpp:70) [496]  (1.101 ns)
	'select' operation 52 bit ('select_ln70', pedal_top.cpp:70) [497]  (0.447 ns)
	'icmp' operation 1 bit ('icmp_ln70_1', pedal_top.cpp:70) [500]  (1.085 ns)
	'select' operation 32 bit ('select_ln70_1', pedal_top.cpp:70) [503]  (0.449 ns)
	'sub' operation 32 bit ('sub_ln70_1', pedal_top.cpp:70) [505]  (1.016 ns)
	'sub' operation 6 bit ('sub_ln70_4', pedal_top.cpp:70) [510]  (0.781 ns)
	'lshr' operation 64 bit ('lshr_ln70_1', pedal_top.cpp:70) [512]  (0.736 ns)
	'and' operation 52 bit ('and_ln70_1', pedal_top.cpp:70) [514]  (0.000 ns)
	'icmp' operation 1 bit ('icmp_ln70_3', pedal_top.cpp:70) [515]  (1.101 ns)
	'and' operation 1 bit ('phi_ln70', pedal_top.cpp:70) [516]  (0.000 ns)
	'or' operation 1 bit ('or_ln70', pedal_top.cpp:70) [521]  (0.000 ns)
	'add' operation 64 bit ('add_ln70_3', pedal_top.cpp:70) [532]  (1.085 ns)
	'select' operation 8 bit ('select_ln70_2', pedal_top.cpp:70) [536]  (0.393 ns)
	'add' operation 8 bit ('add_ln70_4', pedal_top.cpp:70) [538]  (1.051 ns)
	'select' operation 32 bit ('retval_0_i_i', pedal_top.cpp:70) [543]  (0.449 ns)
	blocking operation 0.287 ns on control path)

 <State 19>: 10.633ns
The critical path consists of the following:
	'call' operation 16 bit ('sample.data', pedal_top.cpp:45) to 'soft_clipping_distortion' [131]  (10.633 ns)

 <State 20>: 10.633ns
The critical path consists of the following:
	'call' operation 16 bit ('sample.data', pedal_top.cpp:45) to 'soft_clipping_distortion' [131]  (10.633 ns)

 <State 21>: 10.633ns
The critical path consists of the following:
	'call' operation 16 bit ('sample.data', pedal_top.cpp:45) to 'soft_clipping_distortion' [131]  (10.633 ns)

 <State 22>: 10.633ns
The critical path consists of the following:
	'call' operation 16 bit ('sample.data', pedal_top.cpp:45) to 'soft_clipping_distortion' [131]  (10.633 ns)

 <State 23>: 10.633ns
The critical path consists of the following:
	'call' operation 16 bit ('sample.data', pedal_top.cpp:45) to 'soft_clipping_distortion' [131]  (10.633 ns)

 <State 24>: 10.633ns
The critical path consists of the following:
	'call' operation 16 bit ('sample.data', pedal_top.cpp:45) to 'soft_clipping_distortion' [131]  (10.633 ns)

 <State 25>: 10.633ns
The critical path consists of the following:
	'call' operation 16 bit ('sample.data', pedal_top.cpp:45) to 'soft_clipping_distortion' [131]  (10.633 ns)

 <State 26>: 10.908ns
The critical path consists of the following:
	'call' operation 32 bit ('pos', C:\scratch\2024.1\hls_product\545\2024.1\src\shared\hls\clib\hlsmath\src\c++\fmodfloat.cpp:7->C:\scratch\2024.1\hls_product\545\2024.1\src\shared\hls\clib\hlsmath\src\c++\fmodfloat.cpp:11->pedal_top.cpp:71) to 'generic_fmod_mult<float>' [546]  (10.908 ns)

 <State 27>: 10.908ns
The critical path consists of the following:
	'call' operation 32 bit ('pos', C:\scratch\2024.1\hls_product\545\2024.1\src\shared\hls\clib\hlsmath\src\c++\fmodfloat.cpp:7->C:\scratch\2024.1\hls_product\545\2024.1\src\shared\hls\clib\hlsmath\src\c++\fmodfloat.cpp:11->pedal_top.cpp:71) to 'generic_fmod_mult<float>' [546]  (10.908 ns)

 <State 28>: 10.908ns
The critical path consists of the following:
	'call' operation 32 bit ('pos', C:\scratch\2024.1\hls_product\545\2024.1\src\shared\hls\clib\hlsmath\src\c++\fmodfloat.cpp:7->C:\scratch\2024.1\hls_product\545\2024.1\src\shared\hls\clib\hlsmath\src\c++\fmodfloat.cpp:11->pedal_top.cpp:71) to 'generic_fmod_mult<float>' [546]  (10.908 ns)

 <State 29>: 10.908ns
The critical path consists of the following:
	'call' operation 32 bit ('pos', C:\scratch\2024.1\hls_product\545\2024.1\src\shared\hls\clib\hlsmath\src\c++\fmodfloat.cpp:7->C:\scratch\2024.1\hls_product\545\2024.1\src\shared\hls\clib\hlsmath\src\c++\fmodfloat.cpp:11->pedal_top.cpp:71) to 'generic_fmod_mult<float>' [546]  (10.908 ns)

 <State 30>: 10.908ns
The critical path consists of the following:
	'call' operation 32 bit ('pos', C:\scratch\2024.1\hls_product\545\2024.1\src\shared\hls\clib\hlsmath\src\c++\fmodfloat.cpp:7->C:\scratch\2024.1\hls_product\545\2024.1\src\shared\hls\clib\hlsmath\src\c++\fmodfloat.cpp:11->pedal_top.cpp:71) to 'generic_fmod_mult<float>' [546]  (10.908 ns)

 <State 31>: 10.908ns
The critical path consists of the following:
	'call' operation 32 bit ('pos', C:\scratch\2024.1\hls_product\545\2024.1\src\shared\hls\clib\hlsmath\src\c++\fmodfloat.cpp:7->C:\scratch\2024.1\hls_product\545\2024.1\src\shared\hls\clib\hlsmath\src\c++\fmodfloat.cpp:11->pedal_top.cpp:71) to 'generic_fmod_mult<float>' [546]  (10.908 ns)

 <State 32>: 10.908ns
The critical path consists of the following:
	'call' operation 32 bit ('pos', C:\scratch\2024.1\hls_product\545\2024.1\src\shared\hls\clib\hlsmath\src\c++\fmodfloat.cpp:7->C:\scratch\2024.1\hls_product\545\2024.1\src\shared\hls\clib\hlsmath\src\c++\fmodfloat.cpp:11->pedal_top.cpp:71) to 'generic_fmod_mult<float>' [546]  (10.908 ns)

 <State 33>: 10.908ns
The critical path consists of the following:
	'call' operation 32 bit ('pos', C:\scratch\2024.1\hls_product\545\2024.1\src\shared\hls\clib\hlsmath\src\c++\fmodfloat.cpp:7->C:\scratch\2024.1\hls_product\545\2024.1\src\shared\hls\clib\hlsmath\src\c++\fmodfloat.cpp:11->pedal_top.cpp:71) to 'generic_fmod_mult<float>' [546]  (10.908 ns)

 <State 34>: 10.908ns
The critical path consists of the following:
	'call' operation 32 bit ('pos', C:\scratch\2024.1\hls_product\545\2024.1\src\shared\hls\clib\hlsmath\src\c++\fmodfloat.cpp:7->C:\scratch\2024.1\hls_product\545\2024.1\src\shared\hls\clib\hlsmath\src\c++\fmodfloat.cpp:11->pedal_top.cpp:71) to 'generic_fmod_mult<float>' [546]  (10.908 ns)

 <State 35>: 10.908ns
The critical path consists of the following:
	'call' operation 32 bit ('pos', C:\scratch\2024.1\hls_product\545\2024.1\src\shared\hls\clib\hlsmath\src\c++\fmodfloat.cpp:7->C:\scratch\2024.1\hls_product\545\2024.1\src\shared\hls\clib\hlsmath\src\c++\fmodfloat.cpp:11->pedal_top.cpp:71) to 'generic_fmod_mult<float>' [546]  (10.908 ns)

 <State 36>: 10.908ns
The critical path consists of the following:
	'call' operation 32 bit ('pos', C:\scratch\2024.1\hls_product\545\2024.1\src\shared\hls\clib\hlsmath\src\c++\fmodfloat.cpp:7->C:\scratch\2024.1\hls_product\545\2024.1\src\shared\hls\clib\hlsmath\src\c++\fmodfloat.cpp:11->pedal_top.cpp:71) to 'generic_fmod_mult<float>' [546]  (10.908 ns)

 <State 37>: 10.908ns
The critical path consists of the following:
	'call' operation 32 bit ('pos', C:\scratch\2024.1\hls_product\545\2024.1\src\shared\hls\clib\hlsmath\src\c++\fmodfloat.cpp:7->C:\scratch\2024.1\hls_product\545\2024.1\src\shared\hls\clib\hlsmath\src\c++\fmodfloat.cpp:11->pedal_top.cpp:71) to 'generic_fmod_mult<float>' [546]  (10.908 ns)

 <State 38>: 10.633ns
The critical path consists of the following:
	'call' operation 16 bit ('sample.data', pedal_top.cpp:45) to 'soft_clipping_distortion' [131]  (10.633 ns)

 <State 39>: 10.938ns
The critical path consists of the following:
	'sub' operation 32 bit ('result', C:\scratch\2024.1\hls_product\545\2024.1\src\shared\hls\clib/hlsmath/include/FloatingPoint\hls_case_IEEE754.h:59->C:\scratch\2024.1\hls_product\545\2024.1\src\shared\hls\clib/hlsmath/include/FloatingPoint\hls_case_IEEE754.h:117->C:\scratch\2024.1\hls_product\545\2024.1\src\shared\hls\clib\hlsmath\src\lib_floatconversion.cpp:51->pedal_top.cpp:73) [566]  (1.016 ns)
	'select' operation 32 bit ('result', C:\scratch\2024.1\hls_product\545\2024.1\src\shared\hls\clib/hlsmath/include/FloatingPoint\hls_case_IEEE754.h:59->C:\scratch\2024.1\hls_product\545\2024.1\src\shared\hls\clib/hlsmath/include/FloatingPoint\hls_case_IEEE754.h:117->C:\scratch\2024.1\hls_product\545\2024.1\src\shared\hls\clib\hlsmath\src\lib_floatconversion.cpp:51->pedal_top.cpp:73) [567]  (0.449 ns)
	'sitofp' operation 32 bit ('conv2', pedal_top.cpp:75) [576]  (9.473 ns)

 <State 40>: 10.633ns
The critical path consists of the following:
	'call' operation 16 bit ('sample.data', pedal_top.cpp:45) to 'soft_clipping_distortion' [131]  (10.633 ns)

 <State 41>: 10.544ns
The critical path consists of the following:
	'fsub' operation 32 bit ('sub', pedal_top.cpp:75) [577]  (10.544 ns)

 <State 42>: 10.544ns
The critical path consists of the following:
	'fsub' operation 32 bit ('sub', pedal_top.cpp:75) [577]  (10.544 ns)

 <State 43>: 10.941ns
The critical path consists of the following:
	'call' operation 32 bit ('sample.data', pedal_top.cpp:60) to 'tremolo' [211]  (10.941 ns)

 <State 44>: 10.941ns
The critical path consists of the following:
	'call' operation 32 bit ('sample.data', pedal_top.cpp:60) to 'tremolo' [211]  (10.941 ns)

 <State 45>: 10.941ns
The critical path consists of the following:
	'call' operation 32 bit ('sample.data', pedal_top.cpp:60) to 'tremolo' [211]  (10.941 ns)

 <State 46>: 10.941ns
The critical path consists of the following:
	'call' operation 32 bit ('sample.data', pedal_top.cpp:60) to 'tremolo' [211]  (10.941 ns)

 <State 47>: 10.941ns
The critical path consists of the following:
	'call' operation 32 bit ('sample.data', pedal_top.cpp:60) to 'tremolo' [211]  (10.941 ns)

 <State 48>: 10.941ns
The critical path consists of the following:
	'call' operation 32 bit ('sample.data', pedal_top.cpp:60) to 'tremolo' [211]  (10.941 ns)

 <State 49>: 10.941ns
The critical path consists of the following:
	'call' operation 32 bit ('sample.data', pedal_top.cpp:60) to 'tremolo' [211]  (10.941 ns)

 <State 50>: 10.941ns
The critical path consists of the following:
	'call' operation 32 bit ('sample.data', pedal_top.cpp:60) to 'tremolo' [211]  (10.941 ns)

 <State 51>: 10.941ns
The critical path consists of the following:
	'call' operation 32 bit ('sample.data', pedal_top.cpp:60) to 'tremolo' [211]  (10.941 ns)

 <State 52>: 10.941ns
The critical path consists of the following:
	'call' operation 32 bit ('sample.data', pedal_top.cpp:60) to 'tremolo' [211]  (10.941 ns)

 <State 53>: 10.941ns
The critical path consists of the following:
	'call' operation 32 bit ('sample.data', pedal_top.cpp:60) to 'tremolo' [211]  (10.941 ns)

 <State 54>: 10.941ns
The critical path consists of the following:
	'call' operation 32 bit ('sample.data', pedal_top.cpp:60) to 'tremolo' [211]  (10.941 ns)

 <State 55>: 10.941ns
The critical path consists of the following:
	'call' operation 32 bit ('sample.data', pedal_top.cpp:60) to 'tremolo' [211]  (10.941 ns)

 <State 56>: 10.941ns
The critical path consists of the following:
	'call' operation 32 bit ('sample.data', pedal_top.cpp:60) to 'tremolo' [211]  (10.941 ns)

 <State 57>: 10.941ns
The critical path consists of the following:
	'call' operation 32 bit ('sample.data', pedal_top.cpp:60) to 'tremolo' [211]  (10.941 ns)

 <State 58>: 10.941ns
The critical path consists of the following:
	'call' operation 32 bit ('sample.data', pedal_top.cpp:60) to 'tremolo' [211]  (10.941 ns)

 <State 59>: 8.432ns
The critical path consists of the following:
	'call' operation 32 bit ('sample.data', pedal_top.cpp:60) to 'tremolo' [211]  (8.432 ns)

 <State 60>: 1.453ns
The critical path consists of the following:
	'srem' operation 32 bit ('pos_ceil', pedal_top.cpp:74) [572]  (1.453 ns)

 <State 61>: 1.453ns
The critical path consists of the following:
	'srem' operation 32 bit ('pos_ceil', pedal_top.cpp:74) [572]  (1.453 ns)

 <State 62>: 1.453ns
The critical path consists of the following:
	'srem' operation 32 bit ('pos_ceil', pedal_top.cpp:74) [572]  (1.453 ns)

 <State 63>: 1.453ns
The critical path consists of the following:
	'srem' operation 32 bit ('pos_ceil', pedal_top.cpp:74) [572]  (1.453 ns)

 <State 64>: 1.453ns
The critical path consists of the following:
	'srem' operation 32 bit ('pos_ceil', pedal_top.cpp:74) [572]  (1.453 ns)

 <State 65>: 1.453ns
The critical path consists of the following:
	'srem' operation 32 bit ('pos_ceil', pedal_top.cpp:74) [572]  (1.453 ns)

 <State 66>: 1.453ns
The critical path consists of the following:
	'srem' operation 32 bit ('pos_ceil', pedal_top.cpp:74) [572]  (1.453 ns)

 <State 67>: 1.453ns
The critical path consists of the following:
	'srem' operation 32 bit ('pos_ceil', pedal_top.cpp:74) [572]  (1.453 ns)

 <State 68>: 1.453ns
The critical path consists of the following:
	'srem' operation 32 bit ('pos_ceil', pedal_top.cpp:74) [572]  (1.453 ns)

 <State 69>: 1.453ns
The critical path consists of the following:
	'srem' operation 32 bit ('pos_ceil', pedal_top.cpp:74) [572]  (1.453 ns)

 <State 70>: 1.453ns
The critical path consists of the following:
	'srem' operation 32 bit ('pos_ceil', pedal_top.cpp:74) [572]  (1.453 ns)

 <State 71>: 1.453ns
The critical path consists of the following:
	'srem' operation 32 bit ('pos_ceil', pedal_top.cpp:74) [572]  (1.453 ns)

 <State 72>: 1.453ns
The critical path consists of the following:
	'srem' operation 32 bit ('pos_ceil', pedal_top.cpp:74) [572]  (1.453 ns)

 <State 73>: 1.453ns
The critical path consists of the following:
	'srem' operation 32 bit ('pos_ceil', pedal_top.cpp:74) [572]  (1.453 ns)

 <State 74>: 2.690ns
The critical path consists of the following:
	'srem' operation 32 bit ('pos_ceil', pedal_top.cpp:74) [572]  (1.453 ns)
	'getelementptr' operation 10 bit ('pedal_top_stream_stream_axis_0_ap_uint_8_buffer2_1_addr_1', pedal_top.cpp:79) [730]  (0.000 ns)
	'load' operation 32 bit ('pedal_top_stream_stream_axis_0_ap_uint_8_buffer2_1_load_1', pedal_top.cpp:79) on array 'pedal_top_stream_stream_axis_0_ap_uint_8_buffer2_1' [732]  (1.237 ns)

 <State 75>: 3.275ns
The critical path consists of the following:
	'load' operation 32 bit ('pedal_top_stream_stream_axis_0_ap_uint_8_buffer2_1_load_1', pedal_top.cpp:79) on array 'pedal_top_stream_stream_axis_0_ap_uint_8_buffer2_1' [732]  (1.237 ns)
	'select' operation 32 bit ('select_ln79_2', pedal_top.cpp:79) [734]  (0.449 ns)
	'icmp' operation 1 bit ('icmp_ln79', pedal_top.cpp:79) [739]  (0.853 ns)
	'or' operation 1 bit ('or_ln79', pedal_top.cpp:79) [740]  (0.000 ns)
	'and' operation 1 bit ('and_ln79', pedal_top.cpp:79) [742]  (0.287 ns)
	'or' operation 1 bit ('or_ln79_2', pedal_top.cpp:79) [748]  (0.000 ns)
	'select' operation 32 bit ('select_ln79_1', pedal_top.cpp:79) [749]  (0.449 ns)

 <State 76>: 7.685ns
The critical path consists of the following:
	'mul' operation 64 bit ('mul_ln79', pedal_top.cpp:79) [752]  (3.420 ns)
	'add' operation 49 bit ('add_ln79_1', pedal_top.cpp:79) [756]  (1.097 ns)
	'icmp' operation 1 bit ('icmp_ln78_2', pedal_top.cpp:78) [763]  (0.842 ns)
	'or' operation 1 bit ('or_ln78_3', pedal_top.cpp:78) [766]  (0.000 ns)
	'and' operation 1 bit ('and_ln78_2', pedal_top.cpp:78) [767]  (0.000 ns)
	'add' operation 32 bit ('delayed', pedal_top.cpp:78) [769]  (1.016 ns)
	'xor' operation 1 bit ('xor_ln78_2', pedal_top.cpp:78) [771]  (0.000 ns)
	'and' operation 1 bit ('and_ln78_3', pedal_top.cpp:78) [772]  (0.287 ns)
	'select' operation 1 bit ('select_ln78_4', pedal_top.cpp:78) [782]  (0.000 ns)
	'and' operation 1 bit ('and_ln78_7', pedal_top.cpp:78) [790]  (0.000 ns)
	'xor' operation 1 bit ('xor_ln78_7', pedal_top.cpp:78) [791]  (0.287 ns)
	'and' operation 1 bit ('and_ln78_8', pedal_top.cpp:78) [792]  (0.000 ns)
	'or' operation 1 bit ('or_ln78_5', pedal_top.cpp:78) [794]  (0.287 ns)
	'select' operation 32 bit ('delayed', pedal_top.cpp:78) [795]  (0.449 ns)

 <State 77>: 6.968ns
The critical path consists of the following:
	'icmp' operation 1 bit ('icmp_ln83', pedal_top.cpp:83) [800]  (0.853 ns)
	'or' operation 1 bit ('or_ln83', pedal_top.cpp:83) [801]  (0.000 ns)
	'and' operation 1 bit ('and_ln83', pedal_top.cpp:83) [803]  (0.287 ns)
	'select' operation 32 bit ('select_ln83', pedal_top.cpp:83) [808]  (0.000 ns)
	'select' operation 32 bit ('select_ln83_1', pedal_top.cpp:83) [810]  (0.449 ns)
	'add' operation 48 bit ('add_ln83_2', pedal_top.cpp:83) [816]  (0.000 ns)
	'sub' operation 48 bit ('sub_ln83', pedal_top.cpp:83) [819]  (0.768 ns)
	'add' operation 48 bit ('add_ln83_3', pedal_top.cpp:83) [822]  (0.000 ns)
	'sub' operation 48 bit ('sub_ln83_1', pedal_top.cpp:83) [825]  (0.771 ns)
	'add' operation 48 bit ('add_ln83_4', pedal_top.cpp:83) [828]  (0.000 ns)
	'sub' operation 48 bit ('sub_ln83_2', pedal_top.cpp:83) [831]  (0.771 ns)
	'add' operation 48 bit ('add_ln83_5', pedal_top.cpp:83) [832]  (0.000 ns)
	'add' operation 48 bit ('add_ln83', pedal_top.cpp:83) [857]  (0.771 ns)
	'icmp' operation 1 bit ('icmp_ln83_2', pedal_top.cpp:83) [862]  (1.016 ns)
	'select' operation 17 bit ('select_ln83_2', pedal_top.cpp:83) [864]  (0.000 ns)
	'select' operation 17 bit ('sample.data', pedal_top.cpp:83) [865]  (0.358 ns)
	multiplexor before 'phi' operation 32 bit ('sample.data') with incoming values : ('sample.data', pedal_top.cpp:23) ('sext_ln30', pedal_top.cpp:30) ('sample.data', pedal_top.cpp:53) ('sample.data', pedal_top.cpp:60) ('sext_ln30_2', pedal_top.cpp:30) [883]  (0.427 ns)
	'phi' operation 32 bit ('sample.data') with incoming values : ('sample.data', pedal_top.cpp:23) ('sext_ln30', pedal_top.cpp:30) ('sample.data', pedal_top.cpp:53) ('sample.data', pedal_top.cpp:60) ('sext_ln30_2', pedal_top.cpp:30) [883]  (0.000 ns)
	axis write operation ('write_ln93', pedal_top.cpp:93) on port 'out_stream_V_data_V' (pedal_top.cpp:93) [888]  (0.497 ns)

 <State 78>: 0.497ns
The critical path consists of the following:
	axis write operation ('write_ln93', pedal_top.cpp:93) on port 'out_stream_V_data_V' (pedal_top.cpp:93) [888]  (0.497 ns)

 <State 79>: 0.000ns
The critical path consists of the following:


============================================================
+ Verbose Summary: Binding
============================================================
N/A
* FSMD analyzer results:
  - Output states:
 - Input state : 
  - Chain level:
	State 1
	State 2
	State 3
	State 4
	State 5
	State 6
	State 7
	State 8
	State 9
	State 10
	State 11
	State 12
	State 13
	State 14
	State 15
	State 16
	State 17
	State 18
	State 19
	State 20
	State 21
	State 22
	State 23
	State 24
	State 25
	State 26
	State 27
	State 28
	State 29
	State 30
	State 31
	State 32
	State 33
	State 34
	State 35
	State 36
	State 37
	State 38
	State 39
	State 40
	State 41
	State 42
	State 43
	State 44
	State 45
	State 46
	State 47
	State 48
	State 49
	State 50
	State 51
	State 52
	State 53
	State 54
	State 55
	State 56
	State 57
	State 58
	State 59
	State 60
	State 61
	State 62
	State 63
	State 64
	State 65
	State 66
	State 67
	State 68
	State 69
	State 70
	State 71
	State 72
	State 73
	State 74
	State 75
	State 76
	State 77
	State 78
	State 79


============================================================
+ Verbose Summary: Datapath Resource usage 
============================================================
N/A
