

================================================================
== Vitis HLS Report for 'soft_clipping_distortion'
================================================================
* Date:           Wed Apr  8 16:17:30 2026

* Version:        2024.1 (Build 5069499 on May 21 2024)
* Project:        pedal
* Solution:       hls (Vivado IP Flow Target)
* Product family: zynquplus
* Target device:  xczu3eg-sfvc784-2-e


================================================================
== Performance Estimates
================================================================
+ Timing: 
    * Summary: 
    +--------+----------+-----------+------------+
    |  Clock |  Target  | Estimated | Uncertainty|
    +--------+----------+-----------+------------+
    |ap_clk  |  15.00 ns|  10.633 ns|     4.05 ns|
    +--------+----------+-----------+------------+

+ Latency: 
    * Summary: 
    +---------+---------+----------+----------+-----+-----+---------+
    |  Latency (cycles) |  Latency (absolute) |  Interval | Pipeline|
    |   min   |   max   |    min   |    max   | min | max |   Type  |
    +---------+---------+----------+----------+-----+-----+---------+
    |       37|       37|  0.555 us|  0.555 us|    1|    1|      yes|
    +---------+---------+----------+----------+-----+-----+---------+

    + Detail: 
        * Instance: 
        N/A

        * Loop: 
        N/A

============================================================
+ Verbose Summary: Synthesis Manager
============================================================
InlineROM: 1
ExposeGlobal: 0
============================================================
+ Verbose Summary: CDFG Model
============================================================
IsTopModel: 0
ResetActiveHigh: 1
IsCombinational: 0
IsDatapathOnly: 0
HasWiredReturn: 1
HasMFsm: 2
HasVarLatency: 0
IsPipeline: 1
IsRtlPipelined: 1
IsInstanceOverlapped: 0
IsDontTouch: 0
HasImplIP: 0
IsGatedGlobalClock: 0

+ Individual pipeline summary: 
  * Pipeline-0: initiation interval (II) = 1, depth = 38


============================================================
+ Verbose Summary: Schedule
============================================================
* Number of FSM states : 38
* Pipeline : 1
  Pipeline-0 : II = 1, D = 38, States = { 1 2 3 4 5 6 7 8 9 10 11 12 13 14 15 16 17 18 19 20 21 22 23 24 25 26 27 28 29 30 31 32 33 34 35 36 37 38 }
* Dataflow Pipeline: 0

* FSM state transitions: 
1 --> 2 
2 --> 3 
3 --> 4 
4 --> 5 
5 --> 6 
6 --> 7 
7 --> 8 
8 --> 9 
9 --> 10 
10 --> 11 
11 --> 12 
12 --> 13 
13 --> 14 
14 --> 15 
15 --> 16 
16 --> 17 
17 --> 18 
18 --> 19 
19 --> 20 
20 --> 21 
21 --> 22 
22 --> 23 
23 --> 24 
24 --> 25 
25 --> 26 
26 --> 27 
27 --> 28 
28 --> 29 
29 --> 30 
30 --> 31 
31 --> 32 
32 --> 33 
33 --> 34 
34 --> 35 
35 --> 36 
36 --> 37 
37 --> 38 
38 --> 

* FSM state operations: 

State 1 <SV = 0> <Delay = 10.0>
ST_1 : Operation 39 [1/1] (0.00ns)   --->   "%data_read = read i32 @_ssdm_op_Read.ap_auto.i32, i32 %data" [pedal_c.cpp:28]   --->   Operation 39 'read' 'data_read' <Predicate = true> <Delay = 0.00>
ST_1 : Operation 40 [1/1] (0.00ns)   --->   "%tmp = bitselect i1 @_ssdm_op_BitSelect.i1.i32.i32, i32 %data_read, i32 31" [pedal_c.cpp:28]   --->   Operation 40 'bitselect' 'tmp' <Predicate = true> <Delay = 0.00>
ST_1 : Operation 41 [1/1] (0.00ns) (grouped into LUT with out node select_ln28_1)   --->   "%shl_ln28 = shl i32 %data_read, i32 16" [pedal_c.cpp:28]   --->   Operation 41 'shl' 'shl_ln28' <Predicate = true> <Delay = 0.00>
ST_1 : Operation 42 [1/1] (0.00ns)   --->   "%tmp_23 = bitselect i1 @_ssdm_op_BitSelect.i1.i32.i32, i32 %data_read, i32 15" [pedal_c.cpp:28]   --->   Operation 42 'bitselect' 'tmp_23' <Predicate = true> <Delay = 0.00>
ST_1 : Operation 43 [1/1] (0.00ns)   --->   "%tmp_s = partselect i16 @_ssdm_op_PartSelect.i16.i32.i32.i32, i32 %data_read, i32 16, i32 31" [pedal_c.cpp:28]   --->   Operation 43 'partselect' 'tmp_s' <Predicate = true> <Delay = 0.00>
ST_1 : Operation 44 [1/1] (0.85ns)   --->   "%icmp_ln28 = icmp_ne  i16 %tmp_s, i16 0" [pedal_c.cpp:28]   --->   Operation 44 'icmp' 'icmp_ln28' <Predicate = true> <Delay = 0.85> <CoreInst = "Cmp">   --->   Core 9 'Cmp' <Latency = 0> <II = 1> <Delay = 0.85> <FuncUnit> <Opcode : 'seteq' 'setne' 'setle' 'setge' 'setlt' 'setgt'> <InPorts = 2> <OutPorts = 1>
ST_1 : Operation 45 [1/1] (0.00ns) (grouped into LUT with out node and_ln28)   --->   "%or_ln28 = or i1 %tmp_23, i1 %icmp_ln28" [pedal_c.cpp:28]   --->   Operation 45 'or' 'or_ln28' <Predicate = true> <Delay = 0.00> <CoreInst = "LogicGate">   --->   Core 74 'LogicGate' <Latency = 0> <II = 1> <Delay = 0.28> <FuncUnit> <Opcode : 'and' 'or' 'xor'> <InPorts = 2> <OutPorts = 1>
ST_1 : Operation 46 [1/1] (0.00ns) (grouped into LUT with out node and_ln28)   --->   "%xor_ln28 = xor i1 %tmp, i1 1" [pedal_c.cpp:28]   --->   Operation 46 'xor' 'xor_ln28' <Predicate = true> <Delay = 0.00> <CoreInst = "LogicGate">   --->   Core 74 'LogicGate' <Latency = 0> <II = 1> <Delay = 0.28> <FuncUnit> <Opcode : 'and' 'or' 'xor'> <InPorts = 2> <OutPorts = 1>
ST_1 : Operation 47 [1/1] (0.28ns) (out node of the LUT)   --->   "%and_ln28 = and i1 %or_ln28, i1 %xor_ln28" [pedal_c.cpp:28]   --->   Operation 47 'and' 'and_ln28' <Predicate = true> <Delay = 0.28> <CoreInst = "LogicGate">   --->   Core 74 'LogicGate' <Latency = 0> <II = 1> <Delay = 0.28> <FuncUnit> <Opcode : 'and' 'or' 'xor'> <InPorts = 2> <OutPorts = 1>
ST_1 : Operation 48 [1/1] (0.00ns) (grouped into LUT with out node select_ln28_1)   --->   "%xor_ln28_1 = xor i1 %tmp_23, i1 1" [pedal_c.cpp:28]   --->   Operation 48 'xor' 'xor_ln28_1' <Predicate = true> <Delay = 0.00> <CoreInst = "LogicGate">   --->   Core 74 'LogicGate' <Latency = 0> <II = 1> <Delay = 0.28> <FuncUnit> <Opcode : 'and' 'or' 'xor'> <InPorts = 2> <OutPorts = 1>
ST_1 : Operation 49 [1/1] (0.85ns)   --->   "%icmp_ln28_1 = icmp_ne  i16 %tmp_s, i16 65535" [pedal_c.cpp:28]   --->   Operation 49 'icmp' 'icmp_ln28_1' <Predicate = true> <Delay = 0.85> <CoreInst = "Cmp">   --->   Core 9 'Cmp' <Latency = 0> <II = 1> <Delay = 0.85> <FuncUnit> <Opcode : 'seteq' 'setne' 'setle' 'setge' 'setlt' 'setgt'> <InPorts = 2> <OutPorts = 1>
ST_1 : Operation 50 [1/1] (0.00ns) (grouped into LUT with out node select_ln28_1)   --->   "%or_ln28_1 = or i1 %icmp_ln28_1, i1 %xor_ln28_1" [pedal_c.cpp:28]   --->   Operation 50 'or' 'or_ln28_1' <Predicate = true> <Delay = 0.00> <CoreInst = "LogicGate">   --->   Core 74 'LogicGate' <Latency = 0> <II = 1> <Delay = 0.28> <FuncUnit> <Opcode : 'and' 'or' 'xor'> <InPorts = 2> <OutPorts = 1>
ST_1 : Operation 51 [1/1] (0.00ns) (grouped into LUT with out node select_ln28_1)   --->   "%and_ln28_1 = and i1 %or_ln28_1, i1 %tmp" [pedal_c.cpp:28]   --->   Operation 51 'and' 'and_ln28_1' <Predicate = true> <Delay = 0.00> <CoreInst = "LogicGate">   --->   Core 74 'LogicGate' <Latency = 0> <II = 1> <Delay = 0.28> <FuncUnit> <Opcode : 'and' 'or' 'xor'> <InPorts = 2> <OutPorts = 1>
ST_1 : Operation 52 [1/1] (0.00ns) (grouped into LUT with out node select_ln28_1)   --->   "%or_ln28_2 = or i1 %and_ln28, i1 %and_ln28_1" [pedal_c.cpp:28]   --->   Operation 52 'or' 'or_ln28_2' <Predicate = true> <Delay = 0.00> <CoreInst = "LogicGate">   --->   Core 74 'LogicGate' <Latency = 0> <II = 1> <Delay = 0.28> <FuncUnit> <Opcode : 'and' 'or' 'xor'> <InPorts = 2> <OutPorts = 1>
ST_1 : Operation 53 [1/1] (0.00ns) (grouped into LUT with out node select_ln28_1)   --->   "%select_ln28 = select i1 %and_ln28, i32 2147483647, i32 2147483648" [pedal_c.cpp:28]   --->   Operation 53 'select' 'select_ln28' <Predicate = true> <Delay = 0.00> <CoreInst = "Sel">   --->   Core 73 'Sel' <Latency = 0> <II = 1> <Delay = 0.44> <FuncUnit> <Opcode : 'select'> <InPorts = 3> <OutPorts = 1>
ST_1 : Operation 54 [1/1] (0.44ns) (out node of the LUT)   --->   "%select_ln28_1 = select i1 %or_ln28_2, i32 %select_ln28, i32 %shl_ln28" [pedal_c.cpp:28]   --->   Operation 54 'select' 'select_ln28_1' <Predicate = true> <Delay = 0.44> <CoreInst = "Sel">   --->   Core 73 'Sel' <Latency = 0> <II = 1> <Delay = 0.44> <FuncUnit> <Opcode : 'select'> <InPorts = 3> <OutPorts = 1>
ST_1 : Operation 55 [1/1] (0.00ns)   --->   "%shl_ln28_1 = bitconcatenate i48 @_ssdm_op_BitConcatenate.i48.i32.i16, i32 %select_ln28_1, i16 0" [pedal_c.cpp:28]   --->   Operation 55 'bitconcatenate' 'shl_ln28_1' <Predicate = true> <Delay = 0.00>
ST_1 : Operation 56 [1/1] (0.00ns)   --->   "%sext_ln28 = sext i48 %shl_ln28_1" [pedal_c.cpp:28]   --->   Operation 56 'sext' 'sext_ln28' <Predicate = true> <Delay = 0.00>
ST_1 : Operation 57 [1/1] (3.90ns)   --->   "%mul_ln28_1 = mul i97 %sext_ln28, i97 345876453493117" [pedal_c.cpp:28]   --->   Operation 57 'mul' 'mul_ln28_1' <Predicate = true> <Delay = 3.90> <CoreInst = "Multiplier">   --->   Core 3 'Multiplier' <Latency = 0> <II = 1> <Delay = 3.90> <FuncUnit> <Opcode : 'mul'> <InPorts = 2> <OutPorts = 1>
ST_1 : Operation 58 [1/1] (1.33ns)   --->   "%sub_ln28 = sub i97 0, i97 %mul_ln28_1" [pedal_c.cpp:28]   --->   Operation 58 'sub' 'sub_ln28' <Predicate = true> <Delay = 1.33> <CoreInst = "Adder">   --->   Core 1 'Adder' <Latency = 0> <II = 1> <Delay = 1.33> <FuncUnit> <Opcode : 'add' 'sub'> <InPorts = 2> <OutPorts = 1>
ST_1 : Operation 59 [1/1] (0.00ns)   --->   "%tmp_24 = bitselect i1 @_ssdm_op_BitSelect.i1.i32.i32, i32 %select_ln28_1, i32 31" [pedal_c.cpp:28]   --->   Operation 59 'bitselect' 'tmp_24' <Predicate = true> <Delay = 0.00>
ST_1 : Operation 60 [1/1] (0.00ns) (grouped into LUT with out node sub_ln28_1)   --->   "%tmp_25 = partselect i22 @_ssdm_op_PartSelect.i22.i97.i32.i32, i97 %sub_ln28, i32 75, i32 96" [pedal_c.cpp:28]   --->   Operation 60 'partselect' 'tmp_25' <Predicate = true> <Delay = 0.00>
ST_1 : Operation 61 [1/1] (0.00ns)   --->   "%tmp_26 = partselect i22 @_ssdm_op_PartSelect.i22.i97.i32.i32, i97 %mul_ln28_1, i32 75, i32 96" [pedal_c.cpp:28]   --->   Operation 61 'partselect' 'tmp_26' <Predicate = true> <Delay = 0.00>
ST_1 : Operation 62 [1/1] (0.00ns)   --->   "%sext_ln28_1 = sext i22 %tmp_26" [pedal_c.cpp:28]   --->   Operation 62 'sext' 'sext_ln28_1' <Predicate = true> <Delay = 0.00>
ST_1 : Operation 63 [1/1] (0.00ns) (grouped into LUT with out node sub_ln28_1)   --->   "%select_ln28_4 = select i1 %tmp_24, i22 %tmp_25, i22 %tmp_26" [pedal_c.cpp:28]   --->   Operation 63 'select' 'select_ln28_4' <Predicate = true> <Delay = 0.00> <CoreInst = "Sel">   --->   Core 73 'Sel' <Latency = 0> <II = 1> <Delay = 0.34> <FuncUnit> <Opcode : 'select'> <InPorts = 3> <OutPorts = 1>
ST_1 : Operation 64 [1/1] (0.00ns) (grouped into LUT with out node sub_ln28_1)   --->   "%sext_ln28_2 = sext i22 %select_ln28_4" [pedal_c.cpp:28]   --->   Operation 64 'sext' 'sext_ln28_2' <Predicate = true> <Delay = 0.00>
ST_1 : Operation 65 [1/1] (0.91ns) (out node of the LUT)   --->   "%sub_ln28_1 = sub i41 0, i41 %sext_ln28_2" [pedal_c.cpp:28]   --->   Operation 65 'sub' 'sub_ln28_1' <Predicate = true> <Delay = 0.91> <CoreInst = "Adder">   --->   Core 1 'Adder' <Latency = 0> <II = 1> <Delay = 0.91> <FuncUnit> <Opcode : 'add' 'sub'> <InPorts = 2> <OutPorts = 1>
ST_1 : Operation 66 [1/1] (0.32ns)   --->   "%select_ln28_3 = select i1 %tmp_24, i41 %sub_ln28_1, i41 %sext_ln28_1" [pedal_c.cpp:28]   --->   Operation 66 'select' 'select_ln28_3' <Predicate = true> <Delay = 0.32> <CoreInst = "Sel">   --->   Core 73 'Sel' <Latency = 0> <II = 1> <Delay = 0.32> <FuncUnit> <Opcode : 'select'> <InPorts = 3> <OutPorts = 1>
ST_1 : Operation 67 [1/1] (0.00ns) (grouped into LUT with out node add_ln28)   --->   "%shl_ln28_2 = shl i41 %select_ln28_3, i41 17" [pedal_c.cpp:28]   --->   Operation 67 'shl' 'shl_ln28_2' <Predicate = true> <Delay = 0.00>
ST_1 : Operation 68 [1/1] (0.00ns) (grouped into LUT with out node add_ln28)   --->   "%shl_ln28_3 = shl i41 %select_ln28_3, i41 15" [pedal_c.cpp:28]   --->   Operation 68 'shl' 'shl_ln28_3' <Predicate = true> <Delay = 0.00>
ST_1 : Operation 69 [1/1] (1.04ns) (out node of the LUT)   --->   "%add_ln28 = add i41 %shl_ln28_2, i41 %shl_ln28_3" [pedal_c.cpp:28]   --->   Operation 69 'add' 'add_ln28' <Predicate = true> <Delay = 1.04> <CoreInst = "Adder">   --->   Core 1 'Adder' <Latency = 0> <II = 1> <Delay = 1.04> <FuncUnit> <Opcode : 'add' 'sub'> <InPorts = 2> <OutPorts = 1>
ST_1 : Operation 70 [1/1] (0.00ns)   --->   "%tmp_27 = bitselect i1 @_ssdm_op_BitSelect.i1.i41.i32, i41 %add_ln28, i32 40" [pedal_c.cpp:28]   --->   Operation 70 'bitselect' 'tmp_27' <Predicate = true> <Delay = 0.00>
ST_1 : Operation 71 [1/1] (0.00ns) (grouped into LUT with out node x_2)   --->   "%x = partselect i25 @_ssdm_op_PartSelect.i25.i41.i32.i32, i41 %add_ln28, i32 16, i32 40" [pedal_c.cpp:28]   --->   Operation 71 'partselect' 'x' <Predicate = true> <Delay = 0.00>
ST_1 : Operation 72 [1/1] (0.00ns) (grouped into LUT with out node x_2)   --->   "%sext_ln28_3 = sext i25 %x" [pedal_c.cpp:28]   --->   Operation 72 'sext' 'sext_ln28_3' <Predicate = true> <Delay = 0.00>
ST_1 : Operation 73 [1/1] (0.00ns) (grouped into LUT with out node x_2)   --->   "%tmp_28 = bitselect i1 @_ssdm_op_BitSelect.i1.i41.i32, i41 %add_ln28, i32 15" [pedal_c.cpp:28]   --->   Operation 73 'bitselect' 'tmp_28' <Predicate = true> <Delay = 0.00>
ST_1 : Operation 74 [1/1] (0.00ns) (grouped into LUT with out node x_2)   --->   "%tmp_29 = bitselect i1 @_ssdm_op_BitSelect.i1.i41.i32, i41 %add_ln28, i32 16" [pedal_c.cpp:28]   --->   Operation 74 'bitselect' 'tmp_29' <Predicate = true> <Delay = 0.00>
ST_1 : Operation 75 [1/1] (0.00ns) (grouped into LUT with out node x_2)   --->   "%and_ln28_2 = and i1 %tmp_29, i1 %tmp_28" [pedal_c.cpp:28]   --->   Operation 75 'and' 'and_ln28_2' <Predicate = true> <Delay = 0.00> <CoreInst = "LogicGate">   --->   Core 74 'LogicGate' <Latency = 0> <II = 1> <Delay = 0.28> <FuncUnit> <Opcode : 'and' 'or' 'xor'> <InPorts = 2> <OutPorts = 1>
ST_1 : Operation 76 [1/1] (0.00ns) (grouped into LUT with out node x_2)   --->   "%zext_ln28 = zext i1 %and_ln28_2" [pedal_c.cpp:28]   --->   Operation 76 'zext' 'zext_ln28' <Predicate = true> <Delay = 0.00>
ST_1 : Operation 77 [1/1] (0.94ns) (out node of the LUT)   --->   "%x_2 = add i26 %sext_ln28_3, i26 %zext_ln28" [pedal_c.cpp:28]   --->   Operation 77 'add' 'x_2' <Predicate = true> <Delay = 0.94> <CoreInst = "Adder">   --->   Core 1 'Adder' <Latency = 0> <II = 1> <Delay = 0.94> <FuncUnit> <Opcode : 'add' 'sub'> <InPorts = 2> <OutPorts = 1>

State 2 <SV = 1> <Delay = 9.53>
ST_2 : Operation 78 [1/1] (0.00ns)   --->   "%sext_ln28_4 = sext i26 %x_2" [pedal_c.cpp:28]   --->   Operation 78 'sext' 'sext_ln28_4' <Predicate = true> <Delay = 0.00>
ST_2 : Operation 79 [1/1] (0.00ns)   --->   "%tmp_30 = bitselect i1 @_ssdm_op_BitSelect.i1.i32.i32, i32 %sext_ln28_4, i32 31" [pedal_c.cpp:28]   --->   Operation 79 'bitselect' 'tmp_30' <Predicate = true> <Delay = 0.00>
ST_2 : Operation 80 [1/1] (0.28ns)   --->   "%xor_ln28_2 = xor i1 %tmp_27, i1 1" [pedal_c.cpp:28]   --->   Operation 80 'xor' 'xor_ln28_2' <Predicate = true> <Delay = 0.28> <CoreInst = "LogicGate">   --->   Core 74 'LogicGate' <Latency = 0> <II = 1> <Delay = 0.28> <FuncUnit> <Opcode : 'and' 'or' 'xor'> <InPorts = 2> <OutPorts = 1>
ST_2 : Operation 81 [1/1] (0.00ns) (grouped into LUT with out node x_3)   --->   "%or_ln28_3 = or i1 %tmp_30, i1 %xor_ln28_2" [pedal_c.cpp:28]   --->   Operation 81 'or' 'or_ln28_3' <Predicate = true> <Delay = 0.00> <CoreInst = "LogicGate">   --->   Core 74 'LogicGate' <Latency = 0> <II = 1> <Delay = 0.28> <FuncUnit> <Opcode : 'and' 'or' 'xor'> <InPorts = 2> <OutPorts = 1>
ST_2 : Operation 82 [1/1] (0.00ns) (grouped into LUT with out node x_3)   --->   "%xor_ln28_3 = xor i1 %tmp_27, i1 %or_ln28_3" [pedal_c.cpp:28]   --->   Operation 82 'xor' 'xor_ln28_3' <Predicate = true> <Delay = 0.00> <CoreInst = "LogicGate">   --->   Core 74 'LogicGate' <Latency = 0> <II = 1> <Delay = 0.28> <FuncUnit> <Opcode : 'and' 'or' 'xor'> <InPorts = 2> <OutPorts = 1>
ST_2 : Operation 83 [1/1] (0.00ns) (grouped into LUT with out node x_3)   --->   "%xor_ln28_4 = xor i1 %xor_ln28_3, i1 1" [pedal_c.cpp:28]   --->   Operation 83 'xor' 'xor_ln28_4' <Predicate = true> <Delay = 0.00> <CoreInst = "LogicGate">   --->   Core 74 'LogicGate' <Latency = 0> <II = 1> <Delay = 0.28> <FuncUnit> <Opcode : 'and' 'or' 'xor'> <InPorts = 2> <OutPorts = 1>
ST_2 : Operation 84 [1/1] (0.00ns) (grouped into LUT with out node x_3)   --->   "%or_ln28_4 = or i1 %tmp_30, i1 %xor_ln28_4" [pedal_c.cpp:28]   --->   Operation 84 'or' 'or_ln28_4' <Predicate = true> <Delay = 0.00> <CoreInst = "LogicGate">   --->   Core 74 'LogicGate' <Latency = 0> <II = 1> <Delay = 0.28> <FuncUnit> <Opcode : 'and' 'or' 'xor'> <InPorts = 2> <OutPorts = 1>
ST_2 : Operation 85 [1/1] (0.00ns) (grouped into LUT with out node x_3)   --->   "%and_ln28_3 = and i1 %or_ln28_4, i1 %xor_ln28_2" [pedal_c.cpp:28]   --->   Operation 85 'and' 'and_ln28_3' <Predicate = true> <Delay = 0.00> <CoreInst = "LogicGate">   --->   Core 74 'LogicGate' <Latency = 0> <II = 1> <Delay = 0.28> <FuncUnit> <Opcode : 'and' 'or' 'xor'> <InPorts = 2> <OutPorts = 1>
ST_2 : Operation 86 [1/1] (0.44ns) (out node of the LUT)   --->   "%x_3 = select i1 %and_ln28_3, i32 2147483647, i32 %sext_ln28_4" [pedal_c.cpp:28]   --->   Operation 86 'select' 'x_3' <Predicate = true> <Delay = 0.44> <CoreInst = "Sel">   --->   Core 73 'Sel' <Latency = 0> <II = 1> <Delay = 0.44> <FuncUnit> <Opcode : 'select'> <InPorts = 3> <OutPorts = 1>
ST_2 : Operation 87 [1/1] (1.01ns)   --->   "%icmp_ln31 = icmp_eq  i32 %x_3, i32 0" [pedal_c.cpp:31]   --->   Operation 87 'icmp' 'icmp_ln31' <Predicate = true> <Delay = 1.01> <CoreInst = "Cmp">   --->   Core 9 'Cmp' <Latency = 0> <II = 1> <Delay = 1.01> <FuncUnit> <Opcode : 'seteq' 'setne' 'setle' 'setge' 'setlt' 'setgt'> <InPorts = 2> <OutPorts = 1>
ST_2 : Operation 88 [1/1] (0.00ns)   --->   "%tmp_33 = bitselect i1 @_ssdm_op_BitSelect.i1.i32.i32, i32 %x_3, i32 31" [pedal_c.cpp:31]   --->   Operation 88 'bitselect' 'tmp_33' <Predicate = true> <Delay = 0.00>
ST_2 : Operation 89 [1/1] (1.01ns)   --->   "%sub_ln31 = sub i32 0, i32 %x_3" [pedal_c.cpp:31]   --->   Operation 89 'sub' 'sub_ln31' <Predicate = true> <Delay = 1.01> <CoreInst = "Adder">   --->   Core 1 'Adder' <Latency = 0> <II = 1> <Delay = 1.01> <FuncUnit> <Opcode : 'add' 'sub'> <InPorts = 2> <OutPorts = 1>
ST_2 : Operation 90 [1/1] (0.44ns)   --->   "%select_ln31 = select i1 %tmp_33, i32 %sub_ln31, i32 %x_3" [pedal_c.cpp:31]   --->   Operation 90 'select' 'select_ln31' <Predicate = true> <Delay = 0.44> <CoreInst = "Sel">   --->   Core 73 'Sel' <Latency = 0> <II = 1> <Delay = 0.44> <FuncUnit> <Opcode : 'select'> <InPorts = 3> <OutPorts = 1>
ST_2 : Operation 91 [1/1] (0.00ns)   --->   "%tmp_22 = partselect i32 @llvm.part.select.i32, i32 %select_ln31, i32 31, i32 0" [pedal_c.cpp:31]   --->   Operation 91 'partselect' 'tmp_22' <Predicate = true> <Delay = 0.00>
ST_2 : Operation 92 [1/1] (0.56ns)   --->   "%tmp_31 = cttz i32 @llvm.cttz.i32, i32 %tmp_22, i1 1" [pedal_c.cpp:31]   --->   Operation 92 'cttz' 'tmp_31' <Predicate = true> <Delay = 0.56> <CoreInst = "cttz">   --->   Core 145 'cttz' <Latency = 0> <II = 1> <Delay = 0.56> <FuncUnit> <Opcode : 'cttz'> <InPorts = 1> <OutPorts = 1>
ST_2 : Operation 93 [1/1] (0.00ns)   --->   "%trunc_ln31 = trunc i32 %tmp_31" [pedal_c.cpp:31]   --->   Operation 93 'trunc' 'trunc_ln31' <Predicate = true> <Delay = 0.00>
ST_2 : Operation 94 [1/1] (1.01ns)   --->   "%sub_ln31_1 = sub i32 32, i32 %tmp_31" [pedal_c.cpp:31]   --->   Operation 94 'sub' 'sub_ln31_1' <Predicate = true> <Delay = 1.01> <CoreInst = "Adder">   --->   Core 1 'Adder' <Latency = 0> <II = 1> <Delay = 1.01> <FuncUnit> <Opcode : 'add' 'sub'> <InPorts = 2> <OutPorts = 1>
ST_2 : Operation 95 [1/1] (1.01ns)   --->   "%add_ln31 = add i32 %sub_ln31_1, i32 4294967272" [pedal_c.cpp:31]   --->   Operation 95 'add' 'add_ln31' <Predicate = true> <Delay = 1.01> <CoreInst = "Adder">   --->   Core 1 'Adder' <Latency = 0> <II = 1> <Delay = 1.01> <FuncUnit> <Opcode : 'add' 'sub'> <InPorts = 2> <OutPorts = 1>
ST_2 : Operation 96 [1/1] (0.00ns)   --->   "%tmp_34 = partselect i31 @_ssdm_op_PartSelect.i31.i32.i32.i32, i32 %add_ln31, i32 1, i32 31" [pedal_c.cpp:31]   --->   Operation 96 'partselect' 'tmp_34' <Predicate = true> <Delay = 0.00>
ST_2 : Operation 97 [1/1] (1.00ns)   --->   "%icmp_ln31_1 = icmp_sgt  i31 %tmp_34, i31 0" [pedal_c.cpp:31]   --->   Operation 97 'icmp' 'icmp_ln31_1' <Predicate = true> <Delay = 1.00> <CoreInst = "Cmp">   --->   Core 9 'Cmp' <Latency = 0> <II = 1> <Delay = 1.00> <FuncUnit> <Opcode : 'seteq' 'setne' 'setle' 'setge' 'setlt' 'setgt'> <InPorts = 2> <OutPorts = 1>
ST_2 : Operation 98 [1/1] (0.00ns)   --->   "%trunc_ln31_1 = trunc i32 %sub_ln31_1" [pedal_c.cpp:31]   --->   Operation 98 'trunc' 'trunc_ln31_1' <Predicate = true> <Delay = 0.00>
ST_2 : Operation 99 [1/1] (0.78ns)   --->   "%sub_ln31_7 = sub i5 25, i5 %trunc_ln31_1" [pedal_c.cpp:31]   --->   Operation 99 'sub' 'sub_ln31_7' <Predicate = true> <Delay = 0.78> <CoreInst = "Adder">   --->   Core 1 'Adder' <Latency = 0> <II = 1> <Delay = 0.78> <FuncUnit> <Opcode : 'add' 'sub'> <InPorts = 2> <OutPorts = 1>
ST_2 : Operation 100 [1/1] (0.00ns)   --->   "%zext_ln31_5 = zext i5 %sub_ln31_7" [pedal_c.cpp:31]   --->   Operation 100 'zext' 'zext_ln31_5' <Predicate = true> <Delay = 0.00>
ST_2 : Operation 101 [1/1] (0.68ns)   --->   "%lshr_ln31_4 = lshr i32 4294967295, i32 %zext_ln31_5" [pedal_c.cpp:31]   --->   Operation 101 'lshr' 'lshr_ln31_4' <Predicate = true> <Delay = 0.68> <CoreInst = "Shifter">   --->   Core 75 'Shifter' <Latency = 0> <II = 1> <Delay = 0.68> <FuncUnit> <Opcode : 'shl' 'lshr' 'ashr'> <InPorts = 2> <OutPorts = 1>
ST_2 : Operation 102 [1/1] (0.00ns) (grouped into LUT with out node icmp_ln31_2)   --->   "%and_ln31_25 = and i32 %select_ln31, i32 %lshr_ln31_4" [pedal_c.cpp:31]   --->   Operation 102 'and' 'and_ln31_25' <Predicate = true> <Delay = 0.00> <CoreInst = "LogicGate">   --->   Core 74 'LogicGate' <Latency = 0> <II = 1> <Delay = 0.35> <FuncUnit> <Opcode : 'and' 'or' 'xor'> <InPorts = 2> <OutPorts = 1>
ST_2 : Operation 103 [1/1] (1.01ns) (out node of the LUT)   --->   "%icmp_ln31_2 = icmp_ne  i32 %and_ln31_25, i32 0" [pedal_c.cpp:31]   --->   Operation 103 'icmp' 'icmp_ln31_2' <Predicate = true> <Delay = 1.01> <CoreInst = "Cmp">   --->   Core 9 'Cmp' <Latency = 0> <II = 1> <Delay = 1.01> <FuncUnit> <Opcode : 'seteq' 'setne' 'setle' 'setge' 'setlt' 'setgt'> <InPorts = 2> <OutPorts = 1>
ST_2 : Operation 104 [1/1] (0.00ns) (grouped into LUT with out node or_ln)   --->   "%phi_ln31 = and i1 %icmp_ln31_1, i1 %icmp_ln31_2" [pedal_c.cpp:31]   --->   Operation 104 'and' 'phi_ln31' <Predicate = true> <Delay = 0.00> <CoreInst = "LogicGate">   --->   Core 74 'LogicGate' <Latency = 0> <II = 1> <Delay = 0.28> <FuncUnit> <Opcode : 'and' 'or' 'xor'> <InPorts = 2> <OutPorts = 1>
ST_2 : Operation 105 [1/1] (0.00ns) (grouped into LUT with out node or_ln)   --->   "%tmp_35 = bitselect i1 @_ssdm_op_BitSelect.i1.i32.i32, i32 %add_ln31, i32 31" [pedal_c.cpp:31]   --->   Operation 105 'bitselect' 'tmp_35' <Predicate = true> <Delay = 0.00>
ST_2 : Operation 106 [1/1] (0.00ns) (grouped into LUT with out node or_ln)   --->   "%xor_ln31_14 = xor i1 %tmp_35, i1 1" [pedal_c.cpp:31]   --->   Operation 106 'xor' 'xor_ln31_14' <Predicate = true> <Delay = 0.00> <CoreInst = "LogicGate">   --->   Core 74 'LogicGate' <Latency = 0> <II = 1> <Delay = 0.28> <FuncUnit> <Opcode : 'and' 'or' 'xor'> <InPorts = 2> <OutPorts = 1>
ST_2 : Operation 107 [1/1] (0.00ns)   --->   "%tmp_38 = bitselect i1 @_ssdm_op_BitSelect.i1.i32.i32, i32 %select_ln31, i32 %add_ln31" [pedal_c.cpp:31]   --->   Operation 107 'bitselect' 'tmp_38' <Predicate = true> <Delay = 0.00>
ST_2 : Operation 108 [1/1] (0.00ns) (grouped into LUT with out node or_ln)   --->   "%and_ln31 = and i1 %tmp_38, i1 %xor_ln31_14" [pedal_c.cpp:31]   --->   Operation 108 'and' 'and_ln31' <Predicate = true> <Delay = 0.00> <CoreInst = "LogicGate">   --->   Core 74 'LogicGate' <Latency = 0> <II = 1> <Delay = 0.28> <FuncUnit> <Opcode : 'and' 'or' 'xor'> <InPorts = 2> <OutPorts = 1>
ST_2 : Operation 109 [1/1] (0.00ns) (grouped into LUT with out node or_ln)   --->   "%or_ln31_2 = or i1 %and_ln31, i1 %phi_ln31" [pedal_c.cpp:31]   --->   Operation 109 'or' 'or_ln31_2' <Predicate = true> <Delay = 0.00> <CoreInst = "LogicGate">   --->   Core 74 'LogicGate' <Latency = 0> <II = 1> <Delay = 0.28> <FuncUnit> <Opcode : 'and' 'or' 'xor'> <InPorts = 2> <OutPorts = 1>
ST_2 : Operation 110 [1/1] (0.28ns) (out node of the LUT)   --->   "%or_ln = bitconcatenate i2 @_ssdm_op_BitConcatenate.i2.i1.i1, i1 0, i1 %or_ln31_2" [pedal_c.cpp:31]   --->   Operation 110 'bitconcatenate' 'or_ln' <Predicate = true> <Delay = 0.28>
ST_2 : Operation 111 [1/1] (0.00ns)   --->   "%zext_ln31 = zext i32 %select_ln31" [pedal_c.cpp:31]   --->   Operation 111 'zext' 'zext_ln31' <Predicate = true> <Delay = 0.00>
ST_2 : Operation 112 [1/1] (1.01ns)   --->   "%icmp_ln31_3 = icmp_sgt  i32 %add_ln31, i32 0" [pedal_c.cpp:31]   --->   Operation 112 'icmp' 'icmp_ln31_3' <Predicate = true> <Delay = 1.01> <CoreInst = "Cmp">   --->   Core 9 'Cmp' <Latency = 0> <II = 1> <Delay = 1.01> <FuncUnit> <Opcode : 'seteq' 'setne' 'setle' 'setge' 'setlt' 'setgt'> <InPorts = 2> <OutPorts = 1>
ST_2 : Operation 113 [1/1] (1.01ns)   --->   "%add_ln31_1 = add i32 %sub_ln31_1, i32 4294967271" [pedal_c.cpp:31]   --->   Operation 113 'add' 'add_ln31_1' <Predicate = true> <Delay = 1.01> <CoreInst = "Adder">   --->   Core 1 'Adder' <Latency = 0> <II = 1> <Delay = 1.01> <FuncUnit> <Opcode : 'add' 'sub'> <InPorts = 2> <OutPorts = 1>
ST_2 : Operation 114 [1/1] (0.00ns)   --->   "%zext_ln31_1 = zext i32 %add_ln31_1" [pedal_c.cpp:31]   --->   Operation 114 'zext' 'zext_ln31_1' <Predicate = true> <Delay = 0.00>
ST_2 : Operation 115 [1/1] (1.38ns)   --->   "%lshr_ln31 = lshr i64 %zext_ln31, i64 %zext_ln31_1" [pedal_c.cpp:31]   --->   Operation 115 'lshr' 'lshr_ln31' <Predicate = true> <Delay = 1.38> <CoreInst = "Shifter">   --->   Core 75 'Shifter' <Latency = 0> <II = 1> <Delay = 1.38> <FuncUnit> <Opcode : 'shl' 'lshr' 'ashr'> <InPorts = 2> <OutPorts = 1>
ST_2 : Operation 116 [1/1] (1.01ns)   --->   "%sub_ln31_2 = sub i32 25, i32 %sub_ln31_1" [pedal_c.cpp:31]   --->   Operation 116 'sub' 'sub_ln31_2' <Predicate = true> <Delay = 1.01> <CoreInst = "Adder">   --->   Core 1 'Adder' <Latency = 0> <II = 1> <Delay = 1.01> <FuncUnit> <Opcode : 'add' 'sub'> <InPorts = 2> <OutPorts = 1>
ST_2 : Operation 117 [1/1] (0.00ns)   --->   "%zext_ln31_2 = zext i32 %sub_ln31_2" [pedal_c.cpp:31]   --->   Operation 117 'zext' 'zext_ln31_2' <Predicate = true> <Delay = 0.00>
ST_2 : Operation 118 [1/1] (1.38ns)   --->   "%shl_ln31 = shl i64 %zext_ln31, i64 %zext_ln31_2" [pedal_c.cpp:31]   --->   Operation 118 'shl' 'shl_ln31' <Predicate = true> <Delay = 1.38> <CoreInst = "Shifter">   --->   Core 75 'Shifter' <Latency = 0> <II = 1> <Delay = 1.38> <FuncUnit> <Opcode : 'shl' 'lshr' 'ashr'> <InPorts = 2> <OutPorts = 1>
ST_2 : Operation 119 [1/1] (0.00ns) (grouped into LUT with out node add_ln31_2)   --->   "%cond46_i_i = select i1 %icmp_ln31_3, i64 %lshr_ln31, i64 %shl_ln31" [pedal_c.cpp:31]   --->   Operation 119 'select' 'cond46_i_i' <Predicate = true> <Delay = 0.00> <CoreInst = "Sel">   --->   Core 73 'Sel' <Latency = 0> <II = 1> <Delay = 0.42> <FuncUnit> <Opcode : 'select'> <InPorts = 3> <OutPorts = 1>
ST_2 : Operation 120 [1/1] (0.00ns) (grouped into LUT with out node add_ln31_2)   --->   "%zext_ln31_3 = zext i2 %or_ln" [pedal_c.cpp:31]   --->   Operation 120 'zext' 'zext_ln31_3' <Predicate = true> <Delay = 0.00>
ST_2 : Operation 121 [1/1] (1.08ns) (out node of the LUT)   --->   "%add_ln31_2 = add i64 %cond46_i_i, i64 %zext_ln31_3" [pedal_c.cpp:31]   --->   Operation 121 'add' 'add_ln31_2' <Predicate = true> <Delay = 1.08> <CoreInst = "Adder">   --->   Core 1 'Adder' <Latency = 0> <II = 1> <Delay = 1.08> <FuncUnit> <Opcode : 'add' 'sub'> <InPorts = 2> <OutPorts = 1>
ST_2 : Operation 122 [1/1] (0.00ns)   --->   "%lshr_ln31_1 = partselect i63 @_ssdm_op_PartSelect.i63.i64.i32.i32, i64 %add_ln31_2, i32 1, i32 63" [pedal_c.cpp:31]   --->   Operation 122 'partselect' 'lshr_ln31_1' <Predicate = true> <Delay = 0.00>
ST_2 : Operation 123 [1/1] (0.00ns)   --->   "%zext_ln31_9 = zext i63 %lshr_ln31_1" [pedal_c.cpp:31]   --->   Operation 123 'zext' 'zext_ln31_9' <Predicate = true> <Delay = 0.00>
ST_2 : Operation 124 [1/1] (0.00ns)   --->   "%tmp_39 = bitselect i1 @_ssdm_op_BitSelect.i1.i64.i32, i64 %add_ln31_2, i32 25" [pedal_c.cpp:31]   --->   Operation 124 'bitselect' 'tmp_39' <Predicate = true> <Delay = 0.00>
ST_2 : Operation 125 [1/1] (0.39ns)   --->   "%select_ln31_1 = select i1 %tmp_39, i8 127, i8 126" [pedal_c.cpp:31]   --->   Operation 125 'select' 'select_ln31_1' <Predicate = true> <Delay = 0.39> <CoreInst = "Sel">   --->   Core 73 'Sel' <Latency = 0> <II = 1> <Delay = 0.39> <FuncUnit> <Opcode : 'select'> <InPorts = 3> <OutPorts = 1>
ST_2 : Operation 126 [1/1] (0.00ns) (grouped into TernaryAdder)   --->   "%sub_ln31_6 = sub i8 16, i8 %trunc_ln31" [pedal_c.cpp:31]   --->   Operation 126 'sub' 'sub_ln31_6' <Predicate = true> <Delay = 0.00> <CoreInst = "TAddSub">   --->   Core 10 'TAddSub' <Latency = 0> <II = 1> <Delay = 0.43> <IPBlock> <Opcode : '' 'add' 'sub'> <InPorts = 3> <OutPorts = 1> <Sync> <CReg>
ST_2 : Operation 127 [1/1] (1.05ns) (root node of TernaryAdder)   --->   "%add_ln31_3 = add i8 %sub_ln31_6, i8 %select_ln31_1" [pedal_c.cpp:31]   --->   Operation 127 'add' 'add_ln31_3' <Predicate = true> <Delay = 1.05> <CoreInst = "TAddSub">   --->   Core 10 'TAddSub' <Latency = 0> <II = 1> <Delay = 0.43> <IPBlock> <Opcode : '' 'add' 'sub'> <InPorts = 3> <OutPorts = 1> <Sync> <CReg>
ST_2 : Operation 128 [1/1] (0.00ns)   --->   "%tmp_32 = bitconcatenate i9 @_ssdm_op_BitConcatenate.i9.i1.i8, i1 %tmp_33, i8 %add_ln31_3" [pedal_c.cpp:31]   --->   Operation 128 'bitconcatenate' 'tmp_32' <Predicate = true> <Delay = 0.00>
ST_2 : Operation 129 [1/1] (0.00ns)   --->   "%pi_assign = partset i64 @_ssdm_op_PartSet.i64.i64.i9.i32.i32, i64 %zext_ln31_9, i9 %tmp_32, i32 23, i32 31" [pedal_c.cpp:31]   --->   Operation 129 'partset' 'pi_assign' <Predicate = true> <Delay = 0.00>
ST_2 : Operation 130 [1/1] (0.00ns)   --->   "%LD = trunc i64 %pi_assign" [pedal_c.cpp:31]   --->   Operation 130 'trunc' 'LD' <Predicate = true> <Delay = 0.00>
ST_2 : Operation 131 [1/1] (0.00ns)   --->   "%bitcast_ln758 = bitcast i32 %LD" [pedal_c.cpp:31]   --->   Operation 131 'bitcast' 'bitcast_ln758' <Predicate = true> <Delay = 0.00>
ST_2 : Operation 132 [1/1] (0.44ns)   --->   "%x_assign = select i1 %icmp_ln31, i32 0, i32 %bitcast_ln758" [pedal_c.cpp:31]   --->   Operation 132 'select' 'x_assign' <Predicate = true> <Delay = 0.44> <CoreInst = "Sel">   --->   Core 73 'Sel' <Latency = 0> <II = 1> <Delay = 0.44> <FuncUnit> <Opcode : 'select'> <InPorts = 3> <OutPorts = 1>

State 3 <SV = 2> <Delay = 10.5>
ST_3 : Operation 133 [34/34] (10.5ns)   --->   "%tmp_36 = call i32 @generic_tanh<float>, i32 %x_assign, i58 %table_exp_Z1_ap_ufixed_58_1_ap_q_mode_5_ap_o_mode_3_0_array, i26 %table_f_Z3_ap_ufixed_59_0_ap_q_mode_5_ap_o_mode_3_0_array, i42 %table_f_Z2_ap_ufixed_59_0_ap_q_mode_5_ap_o_mode_3_0_array" [C:\scratch\2024.1\hls_product\545\2024.1\src\shared\hls\clib\hlsmath\src\c++\tanhfloat.cpp:7->C:\scratch\2024.1\hls_product\545\2024.1\src\shared\hls\clib\hlsmath\src\c++\tanhfloat.cpp:11->pedal_c.cpp:31]   --->   Operation 133 'call' 'tmp_36' <Predicate = true> <Delay = 10.5> <CoreType = "Generic">   --->   Core 0 '' <Latency = 0> <II = 1> <Delay = 1.00> <Generic> <Opcode : >

State 4 <SV = 3> <Delay = 10.5>
ST_4 : Operation 134 [33/34] (10.5ns)   --->   "%tmp_36 = call i32 @generic_tanh<float>, i32 %x_assign, i58 %table_exp_Z1_ap_ufixed_58_1_ap_q_mode_5_ap_o_mode_3_0_array, i26 %table_f_Z3_ap_ufixed_59_0_ap_q_mode_5_ap_o_mode_3_0_array, i42 %table_f_Z2_ap_ufixed_59_0_ap_q_mode_5_ap_o_mode_3_0_array" [C:\scratch\2024.1\hls_product\545\2024.1\src\shared\hls\clib\hlsmath\src\c++\tanhfloat.cpp:7->C:\scratch\2024.1\hls_product\545\2024.1\src\shared\hls\clib\hlsmath\src\c++\tanhfloat.cpp:11->pedal_c.cpp:31]   --->   Operation 134 'call' 'tmp_36' <Predicate = true> <Delay = 10.5> <CoreType = "Generic">   --->   Core 0 '' <Latency = 0> <II = 1> <Delay = 1.00> <Generic> <Opcode : >

State 5 <SV = 4> <Delay = 10.5>
ST_5 : Operation 135 [32/34] (10.5ns)   --->   "%tmp_36 = call i32 @generic_tanh<float>, i32 %x_assign, i58 %table_exp_Z1_ap_ufixed_58_1_ap_q_mode_5_ap_o_mode_3_0_array, i26 %table_f_Z3_ap_ufixed_59_0_ap_q_mode_5_ap_o_mode_3_0_array, i42 %table_f_Z2_ap_ufixed_59_0_ap_q_mode_5_ap_o_mode_3_0_array" [C:\scratch\2024.1\hls_product\545\2024.1\src\shared\hls\clib\hlsmath\src\c++\tanhfloat.cpp:7->C:\scratch\2024.1\hls_product\545\2024.1\src\shared\hls\clib\hlsmath\src\c++\tanhfloat.cpp:11->pedal_c.cpp:31]   --->   Operation 135 'call' 'tmp_36' <Predicate = true> <Delay = 10.5> <CoreType = "Generic">   --->   Core 0 '' <Latency = 0> <II = 1> <Delay = 1.00> <Generic> <Opcode : >

State 6 <SV = 5> <Delay = 10.5>
ST_6 : Operation 136 [31/34] (10.5ns)   --->   "%tmp_36 = call i32 @generic_tanh<float>, i32 %x_assign, i58 %table_exp_Z1_ap_ufixed_58_1_ap_q_mode_5_ap_o_mode_3_0_array, i26 %table_f_Z3_ap_ufixed_59_0_ap_q_mode_5_ap_o_mode_3_0_array, i42 %table_f_Z2_ap_ufixed_59_0_ap_q_mode_5_ap_o_mode_3_0_array" [C:\scratch\2024.1\hls_product\545\2024.1\src\shared\hls\clib\hlsmath\src\c++\tanhfloat.cpp:7->C:\scratch\2024.1\hls_product\545\2024.1\src\shared\hls\clib\hlsmath\src\c++\tanhfloat.cpp:11->pedal_c.cpp:31]   --->   Operation 136 'call' 'tmp_36' <Predicate = true> <Delay = 10.5> <CoreType = "Generic">   --->   Core 0 '' <Latency = 0> <II = 1> <Delay = 1.00> <Generic> <Opcode : >

State 7 <SV = 6> <Delay = 10.5>
ST_7 : Operation 137 [30/34] (10.5ns)   --->   "%tmp_36 = call i32 @generic_tanh<float>, i32 %x_assign, i58 %table_exp_Z1_ap_ufixed_58_1_ap_q_mode_5_ap_o_mode_3_0_array, i26 %table_f_Z3_ap_ufixed_59_0_ap_q_mode_5_ap_o_mode_3_0_array, i42 %table_f_Z2_ap_ufixed_59_0_ap_q_mode_5_ap_o_mode_3_0_array" [C:\scratch\2024.1\hls_product\545\2024.1\src\shared\hls\clib\hlsmath\src\c++\tanhfloat.cpp:7->C:\scratch\2024.1\hls_product\545\2024.1\src\shared\hls\clib\hlsmath\src\c++\tanhfloat.cpp:11->pedal_c.cpp:31]   --->   Operation 137 'call' 'tmp_36' <Predicate = true> <Delay = 10.5> <CoreType = "Generic">   --->   Core 0 '' <Latency = 0> <II = 1> <Delay = 1.00> <Generic> <Opcode : >

State 8 <SV = 7> <Delay = 10.5>
ST_8 : Operation 138 [29/34] (10.5ns)   --->   "%tmp_36 = call i32 @generic_tanh<float>, i32 %x_assign, i58 %table_exp_Z1_ap_ufixed_58_1_ap_q_mode_5_ap_o_mode_3_0_array, i26 %table_f_Z3_ap_ufixed_59_0_ap_q_mode_5_ap_o_mode_3_0_array, i42 %table_f_Z2_ap_ufixed_59_0_ap_q_mode_5_ap_o_mode_3_0_array" [C:\scratch\2024.1\hls_product\545\2024.1\src\shared\hls\clib\hlsmath\src\c++\tanhfloat.cpp:7->C:\scratch\2024.1\hls_product\545\2024.1\src\shared\hls\clib\hlsmath\src\c++\tanhfloat.cpp:11->pedal_c.cpp:31]   --->   Operation 138 'call' 'tmp_36' <Predicate = true> <Delay = 10.5> <CoreType = "Generic">   --->   Core 0 '' <Latency = 0> <II = 1> <Delay = 1.00> <Generic> <Opcode : >

State 9 <SV = 8> <Delay = 10.5>
ST_9 : Operation 139 [28/34] (10.5ns)   --->   "%tmp_36 = call i32 @generic_tanh<float>, i32 %x_assign, i58 %table_exp_Z1_ap_ufixed_58_1_ap_q_mode_5_ap_o_mode_3_0_array, i26 %table_f_Z3_ap_ufixed_59_0_ap_q_mode_5_ap_o_mode_3_0_array, i42 %table_f_Z2_ap_ufixed_59_0_ap_q_mode_5_ap_o_mode_3_0_array" [C:\scratch\2024.1\hls_product\545\2024.1\src\shared\hls\clib\hlsmath\src\c++\tanhfloat.cpp:7->C:\scratch\2024.1\hls_product\545\2024.1\src\shared\hls\clib\hlsmath\src\c++\tanhfloat.cpp:11->pedal_c.cpp:31]   --->   Operation 139 'call' 'tmp_36' <Predicate = true> <Delay = 10.5> <CoreType = "Generic">   --->   Core 0 '' <Latency = 0> <II = 1> <Delay = 1.00> <Generic> <Opcode : >

State 10 <SV = 9> <Delay = 10.5>
ST_10 : Operation 140 [27/34] (10.5ns)   --->   "%tmp_36 = call i32 @generic_tanh<float>, i32 %x_assign, i58 %table_exp_Z1_ap_ufixed_58_1_ap_q_mode_5_ap_o_mode_3_0_array, i26 %table_f_Z3_ap_ufixed_59_0_ap_q_mode_5_ap_o_mode_3_0_array, i42 %table_f_Z2_ap_ufixed_59_0_ap_q_mode_5_ap_o_mode_3_0_array" [C:\scratch\2024.1\hls_product\545\2024.1\src\shared\hls\clib\hlsmath\src\c++\tanhfloat.cpp:7->C:\scratch\2024.1\hls_product\545\2024.1\src\shared\hls\clib\hlsmath\src\c++\tanhfloat.cpp:11->pedal_c.cpp:31]   --->   Operation 140 'call' 'tmp_36' <Predicate = true> <Delay = 10.5> <CoreType = "Generic">   --->   Core 0 '' <Latency = 0> <II = 1> <Delay = 1.00> <Generic> <Opcode : >

State 11 <SV = 10> <Delay = 10.5>
ST_11 : Operation 141 [26/34] (10.5ns)   --->   "%tmp_36 = call i32 @generic_tanh<float>, i32 %x_assign, i58 %table_exp_Z1_ap_ufixed_58_1_ap_q_mode_5_ap_o_mode_3_0_array, i26 %table_f_Z3_ap_ufixed_59_0_ap_q_mode_5_ap_o_mode_3_0_array, i42 %table_f_Z2_ap_ufixed_59_0_ap_q_mode_5_ap_o_mode_3_0_array" [C:\scratch\2024.1\hls_product\545\2024.1\src\shared\hls\clib\hlsmath\src\c++\tanhfloat.cpp:7->C:\scratch\2024.1\hls_product\545\2024.1\src\shared\hls\clib\hlsmath\src\c++\tanhfloat.cpp:11->pedal_c.cpp:31]   --->   Operation 141 'call' 'tmp_36' <Predicate = true> <Delay = 10.5> <CoreType = "Generic">   --->   Core 0 '' <Latency = 0> <II = 1> <Delay = 1.00> <Generic> <Opcode : >

State 12 <SV = 11> <Delay = 10.5>
ST_12 : Operation 142 [25/34] (10.5ns)   --->   "%tmp_36 = call i32 @generic_tanh<float>, i32 %x_assign, i58 %table_exp_Z1_ap_ufixed_58_1_ap_q_mode_5_ap_o_mode_3_0_array, i26 %table_f_Z3_ap_ufixed_59_0_ap_q_mode_5_ap_o_mode_3_0_array, i42 %table_f_Z2_ap_ufixed_59_0_ap_q_mode_5_ap_o_mode_3_0_array" [C:\scratch\2024.1\hls_product\545\2024.1\src\shared\hls\clib\hlsmath\src\c++\tanhfloat.cpp:7->C:\scratch\2024.1\hls_product\545\2024.1\src\shared\hls\clib\hlsmath\src\c++\tanhfloat.cpp:11->pedal_c.cpp:31]   --->   Operation 142 'call' 'tmp_36' <Predicate = true> <Delay = 10.5> <CoreType = "Generic">   --->   Core 0 '' <Latency = 0> <II = 1> <Delay = 1.00> <Generic> <Opcode : >

State 13 <SV = 12> <Delay = 10.5>
ST_13 : Operation 143 [24/34] (10.5ns)   --->   "%tmp_36 = call i32 @generic_tanh<float>, i32 %x_assign, i58 %table_exp_Z1_ap_ufixed_58_1_ap_q_mode_5_ap_o_mode_3_0_array, i26 %table_f_Z3_ap_ufixed_59_0_ap_q_mode_5_ap_o_mode_3_0_array, i42 %table_f_Z2_ap_ufixed_59_0_ap_q_mode_5_ap_o_mode_3_0_array" [C:\scratch\2024.1\hls_product\545\2024.1\src\shared\hls\clib\hlsmath\src\c++\tanhfloat.cpp:7->C:\scratch\2024.1\hls_product\545\2024.1\src\shared\hls\clib\hlsmath\src\c++\tanhfloat.cpp:11->pedal_c.cpp:31]   --->   Operation 143 'call' 'tmp_36' <Predicate = true> <Delay = 10.5> <CoreType = "Generic">   --->   Core 0 '' <Latency = 0> <II = 1> <Delay = 1.00> <Generic> <Opcode : >

State 14 <SV = 13> <Delay = 10.5>
ST_14 : Operation 144 [23/34] (10.5ns)   --->   "%tmp_36 = call i32 @generic_tanh<float>, i32 %x_assign, i58 %table_exp_Z1_ap_ufixed_58_1_ap_q_mode_5_ap_o_mode_3_0_array, i26 %table_f_Z3_ap_ufixed_59_0_ap_q_mode_5_ap_o_mode_3_0_array, i42 %table_f_Z2_ap_ufixed_59_0_ap_q_mode_5_ap_o_mode_3_0_array" [C:\scratch\2024.1\hls_product\545\2024.1\src\shared\hls\clib\hlsmath\src\c++\tanhfloat.cpp:7->C:\scratch\2024.1\hls_product\545\2024.1\src\shared\hls\clib\hlsmath\src\c++\tanhfloat.cpp:11->pedal_c.cpp:31]   --->   Operation 144 'call' 'tmp_36' <Predicate = true> <Delay = 10.5> <CoreType = "Generic">   --->   Core 0 '' <Latency = 0> <II = 1> <Delay = 1.00> <Generic> <Opcode : >

State 15 <SV = 14> <Delay = 10.5>
ST_15 : Operation 145 [22/34] (10.5ns)   --->   "%tmp_36 = call i32 @generic_tanh<float>, i32 %x_assign, i58 %table_exp_Z1_ap_ufixed_58_1_ap_q_mode_5_ap_o_mode_3_0_array, i26 %table_f_Z3_ap_ufixed_59_0_ap_q_mode_5_ap_o_mode_3_0_array, i42 %table_f_Z2_ap_ufixed_59_0_ap_q_mode_5_ap_o_mode_3_0_array" [C:\scratch\2024.1\hls_product\545\2024.1\src\shared\hls\clib\hlsmath\src\c++\tanhfloat.cpp:7->C:\scratch\2024.1\hls_product\545\2024.1\src\shared\hls\clib\hlsmath\src\c++\tanhfloat.cpp:11->pedal_c.cpp:31]   --->   Operation 145 'call' 'tmp_36' <Predicate = true> <Delay = 10.5> <CoreType = "Generic">   --->   Core 0 '' <Latency = 0> <II = 1> <Delay = 1.00> <Generic> <Opcode : >

State 16 <SV = 15> <Delay = 10.5>
ST_16 : Operation 146 [21/34] (10.5ns)   --->   "%tmp_36 = call i32 @generic_tanh<float>, i32 %x_assign, i58 %table_exp_Z1_ap_ufixed_58_1_ap_q_mode_5_ap_o_mode_3_0_array, i26 %table_f_Z3_ap_ufixed_59_0_ap_q_mode_5_ap_o_mode_3_0_array, i42 %table_f_Z2_ap_ufixed_59_0_ap_q_mode_5_ap_o_mode_3_0_array" [C:\scratch\2024.1\hls_product\545\2024.1\src\shared\hls\clib\hlsmath\src\c++\tanhfloat.cpp:7->C:\scratch\2024.1\hls_product\545\2024.1\src\shared\hls\clib\hlsmath\src\c++\tanhfloat.cpp:11->pedal_c.cpp:31]   --->   Operation 146 'call' 'tmp_36' <Predicate = true> <Delay = 10.5> <CoreType = "Generic">   --->   Core 0 '' <Latency = 0> <II = 1> <Delay = 1.00> <Generic> <Opcode : >

State 17 <SV = 16> <Delay = 10.5>
ST_17 : Operation 147 [20/34] (10.5ns)   --->   "%tmp_36 = call i32 @generic_tanh<float>, i32 %x_assign, i58 %table_exp_Z1_ap_ufixed_58_1_ap_q_mode_5_ap_o_mode_3_0_array, i26 %table_f_Z3_ap_ufixed_59_0_ap_q_mode_5_ap_o_mode_3_0_array, i42 %table_f_Z2_ap_ufixed_59_0_ap_q_mode_5_ap_o_mode_3_0_array" [C:\scratch\2024.1\hls_product\545\2024.1\src\shared\hls\clib\hlsmath\src\c++\tanhfloat.cpp:7->C:\scratch\2024.1\hls_product\545\2024.1\src\shared\hls\clib\hlsmath\src\c++\tanhfloat.cpp:11->pedal_c.cpp:31]   --->   Operation 147 'call' 'tmp_36' <Predicate = true> <Delay = 10.5> <CoreType = "Generic">   --->   Core 0 '' <Latency = 0> <II = 1> <Delay = 1.00> <Generic> <Opcode : >

State 18 <SV = 17> <Delay = 10.5>
ST_18 : Operation 148 [19/34] (10.5ns)   --->   "%tmp_36 = call i32 @generic_tanh<float>, i32 %x_assign, i58 %table_exp_Z1_ap_ufixed_58_1_ap_q_mode_5_ap_o_mode_3_0_array, i26 %table_f_Z3_ap_ufixed_59_0_ap_q_mode_5_ap_o_mode_3_0_array, i42 %table_f_Z2_ap_ufixed_59_0_ap_q_mode_5_ap_o_mode_3_0_array" [C:\scratch\2024.1\hls_product\545\2024.1\src\shared\hls\clib\hlsmath\src\c++\tanhfloat.cpp:7->C:\scratch\2024.1\hls_product\545\2024.1\src\shared\hls\clib\hlsmath\src\c++\tanhfloat.cpp:11->pedal_c.cpp:31]   --->   Operation 148 'call' 'tmp_36' <Predicate = true> <Delay = 10.5> <CoreType = "Generic">   --->   Core 0 '' <Latency = 0> <II = 1> <Delay = 1.00> <Generic> <Opcode : >

State 19 <SV = 18> <Delay = 10.5>
ST_19 : Operation 149 [18/34] (10.5ns)   --->   "%tmp_36 = call i32 @generic_tanh<float>, i32 %x_assign, i58 %table_exp_Z1_ap_ufixed_58_1_ap_q_mode_5_ap_o_mode_3_0_array, i26 %table_f_Z3_ap_ufixed_59_0_ap_q_mode_5_ap_o_mode_3_0_array, i42 %table_f_Z2_ap_ufixed_59_0_ap_q_mode_5_ap_o_mode_3_0_array" [C:\scratch\2024.1\hls_product\545\2024.1\src\shared\hls\clib\hlsmath\src\c++\tanhfloat.cpp:7->C:\scratch\2024.1\hls_product\545\2024.1\src\shared\hls\clib\hlsmath\src\c++\tanhfloat.cpp:11->pedal_c.cpp:31]   --->   Operation 149 'call' 'tmp_36' <Predicate = true> <Delay = 10.5> <CoreType = "Generic">   --->   Core 0 '' <Latency = 0> <II = 1> <Delay = 1.00> <Generic> <Opcode : >

State 20 <SV = 19> <Delay = 10.5>
ST_20 : Operation 150 [17/34] (10.5ns)   --->   "%tmp_36 = call i32 @generic_tanh<float>, i32 %x_assign, i58 %table_exp_Z1_ap_ufixed_58_1_ap_q_mode_5_ap_o_mode_3_0_array, i26 %table_f_Z3_ap_ufixed_59_0_ap_q_mode_5_ap_o_mode_3_0_array, i42 %table_f_Z2_ap_ufixed_59_0_ap_q_mode_5_ap_o_mode_3_0_array" [C:\scratch\2024.1\hls_product\545\2024.1\src\shared\hls\clib\hlsmath\src\c++\tanhfloat.cpp:7->C:\scratch\2024.1\hls_product\545\2024.1\src\shared\hls\clib\hlsmath\src\c++\tanhfloat.cpp:11->pedal_c.cpp:31]   --->   Operation 150 'call' 'tmp_36' <Predicate = true> <Delay = 10.5> <CoreType = "Generic">   --->   Core 0 '' <Latency = 0> <II = 1> <Delay = 1.00> <Generic> <Opcode : >

State 21 <SV = 20> <Delay = 10.5>
ST_21 : Operation 151 [16/34] (10.5ns)   --->   "%tmp_36 = call i32 @generic_tanh<float>, i32 %x_assign, i58 %table_exp_Z1_ap_ufixed_58_1_ap_q_mode_5_ap_o_mode_3_0_array, i26 %table_f_Z3_ap_ufixed_59_0_ap_q_mode_5_ap_o_mode_3_0_array, i42 %table_f_Z2_ap_ufixed_59_0_ap_q_mode_5_ap_o_mode_3_0_array" [C:\scratch\2024.1\hls_product\545\2024.1\src\shared\hls\clib\hlsmath\src\c++\tanhfloat.cpp:7->C:\scratch\2024.1\hls_product\545\2024.1\src\shared\hls\clib\hlsmath\src\c++\tanhfloat.cpp:11->pedal_c.cpp:31]   --->   Operation 151 'call' 'tmp_36' <Predicate = true> <Delay = 10.5> <CoreType = "Generic">   --->   Core 0 '' <Latency = 0> <II = 1> <Delay = 1.00> <Generic> <Opcode : >

State 22 <SV = 21> <Delay = 10.5>
ST_22 : Operation 152 [15/34] (10.5ns)   --->   "%tmp_36 = call i32 @generic_tanh<float>, i32 %x_assign, i58 %table_exp_Z1_ap_ufixed_58_1_ap_q_mode_5_ap_o_mode_3_0_array, i26 %table_f_Z3_ap_ufixed_59_0_ap_q_mode_5_ap_o_mode_3_0_array, i42 %table_f_Z2_ap_ufixed_59_0_ap_q_mode_5_ap_o_mode_3_0_array" [C:\scratch\2024.1\hls_product\545\2024.1\src\shared\hls\clib\hlsmath\src\c++\tanhfloat.cpp:7->C:\scratch\2024.1\hls_product\545\2024.1\src\shared\hls\clib\hlsmath\src\c++\tanhfloat.cpp:11->pedal_c.cpp:31]   --->   Operation 152 'call' 'tmp_36' <Predicate = true> <Delay = 10.5> <CoreType = "Generic">   --->   Core 0 '' <Latency = 0> <II = 1> <Delay = 1.00> <Generic> <Opcode : >

State 23 <SV = 22> <Delay = 10.5>
ST_23 : Operation 153 [14/34] (10.5ns)   --->   "%tmp_36 = call i32 @generic_tanh<float>, i32 %x_assign, i58 %table_exp_Z1_ap_ufixed_58_1_ap_q_mode_5_ap_o_mode_3_0_array, i26 %table_f_Z3_ap_ufixed_59_0_ap_q_mode_5_ap_o_mode_3_0_array, i42 %table_f_Z2_ap_ufixed_59_0_ap_q_mode_5_ap_o_mode_3_0_array" [C:\scratch\2024.1\hls_product\545\2024.1\src\shared\hls\clib\hlsmath\src\c++\tanhfloat.cpp:7->C:\scratch\2024.1\hls_product\545\2024.1\src\shared\hls\clib\hlsmath\src\c++\tanhfloat.cpp:11->pedal_c.cpp:31]   --->   Operation 153 'call' 'tmp_36' <Predicate = true> <Delay = 10.5> <CoreType = "Generic">   --->   Core 0 '' <Latency = 0> <II = 1> <Delay = 1.00> <Generic> <Opcode : >

State 24 <SV = 23> <Delay = 10.5>
ST_24 : Operation 154 [13/34] (10.5ns)   --->   "%tmp_36 = call i32 @generic_tanh<float>, i32 %x_assign, i58 %table_exp_Z1_ap_ufixed_58_1_ap_q_mode_5_ap_o_mode_3_0_array, i26 %table_f_Z3_ap_ufixed_59_0_ap_q_mode_5_ap_o_mode_3_0_array, i42 %table_f_Z2_ap_ufixed_59_0_ap_q_mode_5_ap_o_mode_3_0_array" [C:\scratch\2024.1\hls_product\545\2024.1\src\shared\hls\clib\hlsmath\src\c++\tanhfloat.cpp:7->C:\scratch\2024.1\hls_product\545\2024.1\src\shared\hls\clib\hlsmath\src\c++\tanhfloat.cpp:11->pedal_c.cpp:31]   --->   Operation 154 'call' 'tmp_36' <Predicate = true> <Delay = 10.5> <CoreType = "Generic">   --->   Core 0 '' <Latency = 0> <II = 1> <Delay = 1.00> <Generic> <Opcode : >

State 25 <SV = 24> <Delay = 10.5>
ST_25 : Operation 155 [12/34] (10.5ns)   --->   "%tmp_36 = call i32 @generic_tanh<float>, i32 %x_assign, i58 %table_exp_Z1_ap_ufixed_58_1_ap_q_mode_5_ap_o_mode_3_0_array, i26 %table_f_Z3_ap_ufixed_59_0_ap_q_mode_5_ap_o_mode_3_0_array, i42 %table_f_Z2_ap_ufixed_59_0_ap_q_mode_5_ap_o_mode_3_0_array" [C:\scratch\2024.1\hls_product\545\2024.1\src\shared\hls\clib\hlsmath\src\c++\tanhfloat.cpp:7->C:\scratch\2024.1\hls_product\545\2024.1\src\shared\hls\clib\hlsmath\src\c++\tanhfloat.cpp:11->pedal_c.cpp:31]   --->   Operation 155 'call' 'tmp_36' <Predicate = true> <Delay = 10.5> <CoreType = "Generic">   --->   Core 0 '' <Latency = 0> <II = 1> <Delay = 1.00> <Generic> <Opcode : >

State 26 <SV = 25> <Delay = 10.5>
ST_26 : Operation 156 [11/34] (10.5ns)   --->   "%tmp_36 = call i32 @generic_tanh<float>, i32 %x_assign, i58 %table_exp_Z1_ap_ufixed_58_1_ap_q_mode_5_ap_o_mode_3_0_array, i26 %table_f_Z3_ap_ufixed_59_0_ap_q_mode_5_ap_o_mode_3_0_array, i42 %table_f_Z2_ap_ufixed_59_0_ap_q_mode_5_ap_o_mode_3_0_array" [C:\scratch\2024.1\hls_product\545\2024.1\src\shared\hls\clib\hlsmath\src\c++\tanhfloat.cpp:7->C:\scratch\2024.1\hls_product\545\2024.1\src\shared\hls\clib\hlsmath\src\c++\tanhfloat.cpp:11->pedal_c.cpp:31]   --->   Operation 156 'call' 'tmp_36' <Predicate = true> <Delay = 10.5> <CoreType = "Generic">   --->   Core 0 '' <Latency = 0> <II = 1> <Delay = 1.00> <Generic> <Opcode : >

State 27 <SV = 26> <Delay = 10.5>
ST_27 : Operation 157 [10/34] (10.5ns)   --->   "%tmp_36 = call i32 @generic_tanh<float>, i32 %x_assign, i58 %table_exp_Z1_ap_ufixed_58_1_ap_q_mode_5_ap_o_mode_3_0_array, i26 %table_f_Z3_ap_ufixed_59_0_ap_q_mode_5_ap_o_mode_3_0_array, i42 %table_f_Z2_ap_ufixed_59_0_ap_q_mode_5_ap_o_mode_3_0_array" [C:\scratch\2024.1\hls_product\545\2024.1\src\shared\hls\clib\hlsmath\src\c++\tanhfloat.cpp:7->C:\scratch\2024.1\hls_product\545\2024.1\src\shared\hls\clib\hlsmath\src\c++\tanhfloat.cpp:11->pedal_c.cpp:31]   --->   Operation 157 'call' 'tmp_36' <Predicate = true> <Delay = 10.5> <CoreType = "Generic">   --->   Core 0 '' <Latency = 0> <II = 1> <Delay = 1.00> <Generic> <Opcode : >

State 28 <SV = 27> <Delay = 10.5>
ST_28 : Operation 158 [9/34] (10.5ns)   --->   "%tmp_36 = call i32 @generic_tanh<float>, i32 %x_assign, i58 %table_exp_Z1_ap_ufixed_58_1_ap_q_mode_5_ap_o_mode_3_0_array, i26 %table_f_Z3_ap_ufixed_59_0_ap_q_mode_5_ap_o_mode_3_0_array, i42 %table_f_Z2_ap_ufixed_59_0_ap_q_mode_5_ap_o_mode_3_0_array" [C:\scratch\2024.1\hls_product\545\2024.1\src\shared\hls\clib\hlsmath\src\c++\tanhfloat.cpp:7->C:\scratch\2024.1\hls_product\545\2024.1\src\shared\hls\clib\hlsmath\src\c++\tanhfloat.cpp:11->pedal_c.cpp:31]   --->   Operation 158 'call' 'tmp_36' <Predicate = true> <Delay = 10.5> <CoreType = "Generic">   --->   Core 0 '' <Latency = 0> <II = 1> <Delay = 1.00> <Generic> <Opcode : >

State 29 <SV = 28> <Delay = 10.5>
ST_29 : Operation 159 [8/34] (10.5ns)   --->   "%tmp_36 = call i32 @generic_tanh<float>, i32 %x_assign, i58 %table_exp_Z1_ap_ufixed_58_1_ap_q_mode_5_ap_o_mode_3_0_array, i26 %table_f_Z3_ap_ufixed_59_0_ap_q_mode_5_ap_o_mode_3_0_array, i42 %table_f_Z2_ap_ufixed_59_0_ap_q_mode_5_ap_o_mode_3_0_array" [C:\scratch\2024.1\hls_product\545\2024.1\src\shared\hls\clib\hlsmath\src\c++\tanhfloat.cpp:7->C:\scratch\2024.1\hls_product\545\2024.1\src\shared\hls\clib\hlsmath\src\c++\tanhfloat.cpp:11->pedal_c.cpp:31]   --->   Operation 159 'call' 'tmp_36' <Predicate = true> <Delay = 10.5> <CoreType = "Generic">   --->   Core 0 '' <Latency = 0> <II = 1> <Delay = 1.00> <Generic> <Opcode : >

State 30 <SV = 29> <Delay = 10.5>
ST_30 : Operation 160 [7/34] (10.5ns)   --->   "%tmp_36 = call i32 @generic_tanh<float>, i32 %x_assign, i58 %table_exp_Z1_ap_ufixed_58_1_ap_q_mode_5_ap_o_mode_3_0_array, i26 %table_f_Z3_ap_ufixed_59_0_ap_q_mode_5_ap_o_mode_3_0_array, i42 %table_f_Z2_ap_ufixed_59_0_ap_q_mode_5_ap_o_mode_3_0_array" [C:\scratch\2024.1\hls_product\545\2024.1\src\shared\hls\clib\hlsmath\src\c++\tanhfloat.cpp:7->C:\scratch\2024.1\hls_product\545\2024.1\src\shared\hls\clib\hlsmath\src\c++\tanhfloat.cpp:11->pedal_c.cpp:31]   --->   Operation 160 'call' 'tmp_36' <Predicate = true> <Delay = 10.5> <CoreType = "Generic">   --->   Core 0 '' <Latency = 0> <II = 1> <Delay = 1.00> <Generic> <Opcode : >

State 31 <SV = 30> <Delay = 10.5>
ST_31 : Operation 161 [6/34] (10.5ns)   --->   "%tmp_36 = call i32 @generic_tanh<float>, i32 %x_assign, i58 %table_exp_Z1_ap_ufixed_58_1_ap_q_mode_5_ap_o_mode_3_0_array, i26 %table_f_Z3_ap_ufixed_59_0_ap_q_mode_5_ap_o_mode_3_0_array, i42 %table_f_Z2_ap_ufixed_59_0_ap_q_mode_5_ap_o_mode_3_0_array" [C:\scratch\2024.1\hls_product\545\2024.1\src\shared\hls\clib\hlsmath\src\c++\tanhfloat.cpp:7->C:\scratch\2024.1\hls_product\545\2024.1\src\shared\hls\clib\hlsmath\src\c++\tanhfloat.cpp:11->pedal_c.cpp:31]   --->   Operation 161 'call' 'tmp_36' <Predicate = true> <Delay = 10.5> <CoreType = "Generic">   --->   Core 0 '' <Latency = 0> <II = 1> <Delay = 1.00> <Generic> <Opcode : >

State 32 <SV = 31> <Delay = 10.5>
ST_32 : Operation 162 [5/34] (10.5ns)   --->   "%tmp_36 = call i32 @generic_tanh<float>, i32 %x_assign, i58 %table_exp_Z1_ap_ufixed_58_1_ap_q_mode_5_ap_o_mode_3_0_array, i26 %table_f_Z3_ap_ufixed_59_0_ap_q_mode_5_ap_o_mode_3_0_array, i42 %table_f_Z2_ap_ufixed_59_0_ap_q_mode_5_ap_o_mode_3_0_array" [C:\scratch\2024.1\hls_product\545\2024.1\src\shared\hls\clib\hlsmath\src\c++\tanhfloat.cpp:7->C:\scratch\2024.1\hls_product\545\2024.1\src\shared\hls\clib\hlsmath\src\c++\tanhfloat.cpp:11->pedal_c.cpp:31]   --->   Operation 162 'call' 'tmp_36' <Predicate = true> <Delay = 10.5> <CoreType = "Generic">   --->   Core 0 '' <Latency = 0> <II = 1> <Delay = 1.00> <Generic> <Opcode : >

State 33 <SV = 32> <Delay = 10.5>
ST_33 : Operation 163 [4/34] (10.5ns)   --->   "%tmp_36 = call i32 @generic_tanh<float>, i32 %x_assign, i58 %table_exp_Z1_ap_ufixed_58_1_ap_q_mode_5_ap_o_mode_3_0_array, i26 %table_f_Z3_ap_ufixed_59_0_ap_q_mode_5_ap_o_mode_3_0_array, i42 %table_f_Z2_ap_ufixed_59_0_ap_q_mode_5_ap_o_mode_3_0_array" [C:\scratch\2024.1\hls_product\545\2024.1\src\shared\hls\clib\hlsmath\src\c++\tanhfloat.cpp:7->C:\scratch\2024.1\hls_product\545\2024.1\src\shared\hls\clib\hlsmath\src\c++\tanhfloat.cpp:11->pedal_c.cpp:31]   --->   Operation 163 'call' 'tmp_36' <Predicate = true> <Delay = 10.5> <CoreType = "Generic">   --->   Core 0 '' <Latency = 0> <II = 1> <Delay = 1.00> <Generic> <Opcode : >

State 34 <SV = 33> <Delay = 10.5>
ST_34 : Operation 164 [3/34] (10.5ns)   --->   "%tmp_36 = call i32 @generic_tanh<float>, i32 %x_assign, i58 %table_exp_Z1_ap_ufixed_58_1_ap_q_mode_5_ap_o_mode_3_0_array, i26 %table_f_Z3_ap_ufixed_59_0_ap_q_mode_5_ap_o_mode_3_0_array, i42 %table_f_Z2_ap_ufixed_59_0_ap_q_mode_5_ap_o_mode_3_0_array" [C:\scratch\2024.1\hls_product\545\2024.1\src\shared\hls\clib\hlsmath\src\c++\tanhfloat.cpp:7->C:\scratch\2024.1\hls_product\545\2024.1\src\shared\hls\clib\hlsmath\src\c++\tanhfloat.cpp:11->pedal_c.cpp:31]   --->   Operation 164 'call' 'tmp_36' <Predicate = true> <Delay = 10.5> <CoreType = "Generic">   --->   Core 0 '' <Latency = 0> <II = 1> <Delay = 1.00> <Generic> <Opcode : >

State 35 <SV = 34> <Delay = 10.5>
ST_35 : Operation 165 [2/34] (10.5ns)   --->   "%tmp_36 = call i32 @generic_tanh<float>, i32 %x_assign, i58 %table_exp_Z1_ap_ufixed_58_1_ap_q_mode_5_ap_o_mode_3_0_array, i26 %table_f_Z3_ap_ufixed_59_0_ap_q_mode_5_ap_o_mode_3_0_array, i42 %table_f_Z2_ap_ufixed_59_0_ap_q_mode_5_ap_o_mode_3_0_array" [C:\scratch\2024.1\hls_product\545\2024.1\src\shared\hls\clib\hlsmath\src\c++\tanhfloat.cpp:7->C:\scratch\2024.1\hls_product\545\2024.1\src\shared\hls\clib\hlsmath\src\c++\tanhfloat.cpp:11->pedal_c.cpp:31]   --->   Operation 165 'call' 'tmp_36' <Predicate = true> <Delay = 10.5> <CoreType = "Generic">   --->   Core 0 '' <Latency = 0> <II = 1> <Delay = 1.00> <Generic> <Opcode : >

State 36 <SV = 35> <Delay = 10.6>
ST_36 : Operation 166 [1/34] (1.02ns)   --->   "%tmp_36 = call i32 @generic_tanh<float>, i32 %x_assign, i58 %table_exp_Z1_ap_ufixed_58_1_ap_q_mode_5_ap_o_mode_3_0_array, i26 %table_f_Z3_ap_ufixed_59_0_ap_q_mode_5_ap_o_mode_3_0_array, i42 %table_f_Z2_ap_ufixed_59_0_ap_q_mode_5_ap_o_mode_3_0_array" [C:\scratch\2024.1\hls_product\545\2024.1\src\shared\hls\clib\hlsmath\src\c++\tanhfloat.cpp:7->C:\scratch\2024.1\hls_product\545\2024.1\src\shared\hls\clib\hlsmath\src\c++\tanhfloat.cpp:11->pedal_c.cpp:31]   --->   Operation 166 'call' 'tmp_36' <Predicate = true> <Delay = 1.02> <CoreType = "Generic">   --->   Core 0 '' <Latency = 0> <II = 1> <Delay = 1.00> <Generic> <Opcode : >
ST_36 : Operation 167 [1/1] (9.61ns)   --->   "%pf = fpext i32 %tmp_36" [pedal_c.cpp:31]   --->   Operation 167 'fpext' 'pf' <Predicate = true> <Delay = 9.61> <CoreInst = "Float2Double">   --->   Core 64 'Float2Double' <Latency = 0> <II = 1> <Delay = 9.61> <FuncUnit> <Opcode : 'fpext'> <InPorts = 1> <OutPorts = 1>
ST_36 : Operation 168 [1/1] (0.00ns)   --->   "%bitcast_ln716 = bitcast i64 %pf" [pedal_c.cpp:31]   --->   Operation 168 'bitcast' 'bitcast_ln716' <Predicate = true> <Delay = 0.00>
ST_36 : Operation 169 [1/1] (0.00ns)   --->   "%trunc_ln31_2 = trunc i64 %bitcast_ln716" [pedal_c.cpp:31]   --->   Operation 169 'trunc' 'trunc_ln31_2' <Predicate = true> <Delay = 0.00>
ST_36 : Operation 170 [1/1] (0.00ns)   --->   "%tmp_40 = bitselect i1 @_ssdm_op_BitSelect.i1.i64.i32, i64 %bitcast_ln716, i32 63" [pedal_c.cpp:31]   --->   Operation 170 'bitselect' 'tmp_40' <Predicate = true> <Delay = 0.00>
ST_36 : Operation 171 [1/1] (0.00ns)   --->   "%tmp_37 = partselect i11 @_ssdm_op_PartSelect.i11.i64.i32.i32, i64 %bitcast_ln716, i32 52, i32 62" [pedal_c.cpp:31]   --->   Operation 171 'partselect' 'tmp_37' <Predicate = true> <Delay = 0.00>
ST_36 : Operation 172 [1/1] (0.00ns)   --->   "%trunc_ln31_3 = trunc i64 %bitcast_ln716" [pedal_c.cpp:31]   --->   Operation 172 'trunc' 'trunc_ln31_3' <Predicate = true> <Delay = 0.00>

State 37 <SV = 36> <Delay = 7.20>
ST_37 : Operation 173 [1/1] (0.00ns)   --->   "%zext_ln31_4 = zext i11 %tmp_37" [pedal_c.cpp:31]   --->   Operation 173 'zext' 'zext_ln31_4' <Predicate = true> <Delay = 0.00>
ST_37 : Operation 174 [1/1] (0.00ns) (grouped into TernaryAdder)   --->   "%add_ln31_4 = add i12 %zext_ln31_4, i12 3073" [pedal_c.cpp:31]   --->   Operation 174 'add' 'add_ln31_4' <Predicate = true> <Delay = 0.00> <CoreInst = "TAddSub">   --->   Core 10 'TAddSub' <Latency = 0> <II = 1> <Delay = 0.43> <IPBlock> <Opcode : '' 'add' 'sub'> <InPorts = 3> <OutPorts = 1> <Sync> <CReg>
ST_37 : Operation 175 [1/1] (0.00ns)   --->   "%zext_ln31_5_cast = bitconcatenate i53 @_ssdm_op_BitConcatenate.i53.i1.i52, i1 1, i52 %trunc_ln31_3" [pedal_c.cpp:31]   --->   Operation 175 'bitconcatenate' 'zext_ln31_5_cast' <Predicate = true> <Delay = 0.00>
ST_37 : Operation 176 [1/1] (0.00ns)   --->   "%zext_ln31_11 = zext i53 %zext_ln31_5_cast" [pedal_c.cpp:31]   --->   Operation 176 'zext' 'zext_ln31_11' <Predicate = true> <Delay = 0.00>
ST_37 : Operation 177 [1/1] (1.10ns)   --->   "%sub_ln31_3 = sub i54 0, i54 %zext_ln31_11" [pedal_c.cpp:31]   --->   Operation 177 'sub' 'sub_ln31_3' <Predicate = (tmp_40)> <Delay = 1.10> <CoreInst = "Adder">   --->   Core 1 'Adder' <Latency = 0> <II = 1> <Delay = 1.10> <FuncUnit> <Opcode : 'add' 'sub'> <InPorts = 2> <OutPorts = 1>
ST_37 : Operation 178 [1/1] (0.40ns)   --->   "%select_ln31_2 = select i1 %tmp_40, i54 %sub_ln31_3, i54 %zext_ln31_11" [pedal_c.cpp:31]   --->   Operation 178 'select' 'select_ln31_2' <Predicate = true> <Delay = 0.40> <CoreInst = "Sel">   --->   Core 73 'Sel' <Latency = 0> <II = 1> <Delay = 0.40> <FuncUnit> <Opcode : 'select'> <InPorts = 3> <OutPorts = 1>
ST_37 : Operation 179 [1/1] (1.08ns)   --->   "%icmp_ln31_4 = icmp_eq  i63 %trunc_ln31_2, i63 0" [pedal_c.cpp:31]   --->   Operation 179 'icmp' 'icmp_ln31_4' <Predicate = true> <Delay = 1.08> <CoreInst = "Cmp">   --->   Core 9 'Cmp' <Latency = 0> <II = 1> <Delay = 1.08> <FuncUnit> <Opcode : 'seteq' 'setne' 'setle' 'setge' 'setlt' 'setgt'> <InPorts = 2> <OutPorts = 1>
ST_37 : Operation 180 [1/1] (0.80ns)   --->   "%sub_ln31_4 = sub i12 1075, i12 %zext_ln31_4" [pedal_c.cpp:31]   --->   Operation 180 'sub' 'sub_ln31_4' <Predicate = true> <Delay = 0.80> <CoreInst = "Adder">   --->   Core 1 'Adder' <Latency = 0> <II = 1> <Delay = 0.80> <FuncUnit> <Opcode : 'add' 'sub'> <InPorts = 2> <OutPorts = 1>
ST_37 : Operation 181 [1/1] (0.00ns)   --->   "%trunc_ln31_4 = trunc i12 %sub_ln31_4" [pedal_c.cpp:31]   --->   Operation 181 'trunc' 'trunc_ln31_4' <Predicate = true> <Delay = 0.00>
ST_37 : Operation 182 [1/1] (0.80ns)   --->   "%icmp_ln31_5 = icmp_sgt  i12 %sub_ln31_4, i12 16" [pedal_c.cpp:31]   --->   Operation 182 'icmp' 'icmp_ln31_5' <Predicate = true> <Delay = 0.80> <CoreInst = "Cmp">   --->   Core 9 'Cmp' <Latency = 0> <II = 1> <Delay = 0.80> <FuncUnit> <Opcode : 'seteq' 'setne' 'setle' 'setge' 'setlt' 'setgt'> <InPorts = 2> <OutPorts = 1>
ST_37 : Operation 183 [1/1] (0.80ns)   --->   "%add_ln31_5 = add i12 %sub_ln31_4, i12 4080" [pedal_c.cpp:31]   --->   Operation 183 'add' 'add_ln31_5' <Predicate = true> <Delay = 0.80> <CoreInst = "Adder">   --->   Core 1 'Adder' <Latency = 0> <II = 1> <Delay = 0.80> <FuncUnit> <Opcode : 'add' 'sub'> <InPorts = 2> <OutPorts = 1>
ST_37 : Operation 184 [1/1] (0.00ns)   --->   "%trunc_ln31_5 = trunc i12 %add_ln31_5" [pedal_c.cpp:31]   --->   Operation 184 'trunc' 'trunc_ln31_5' <Predicate = true> <Delay = 0.00>
ST_37 : Operation 185 [1/1] (0.79ns)   --->   "%sub_ln31_5 = sub i11 16, i11 %trunc_ln31_4" [pedal_c.cpp:31]   --->   Operation 185 'sub' 'sub_ln31_5' <Predicate = true> <Delay = 0.79> <CoreInst = "Adder">   --->   Core 1 'Adder' <Latency = 0> <II = 1> <Delay = 0.79> <FuncUnit> <Opcode : 'add' 'sub'> <InPorts = 2> <OutPorts = 1>
ST_37 : Operation 186 [1/1] (0.38ns)   --->   "%select_ln31_3 = select i1 %icmp_ln31_5, i11 %trunc_ln31_5, i11 %sub_ln31_5" [pedal_c.cpp:31]   --->   Operation 186 'select' 'select_ln31_3' <Predicate = true> <Delay = 0.38> <CoreInst = "Sel">   --->   Core 73 'Sel' <Latency = 0> <II = 1> <Delay = 0.38> <FuncUnit> <Opcode : 'select'> <InPorts = 3> <OutPorts = 1>
ST_37 : Operation 187 [1/1] (0.00ns)   --->   "%zext_ln31_6 = zext i11 %select_ln31_3" [pedal_c.cpp:31]   --->   Operation 187 'zext' 'zext_ln31_6' <Predicate = true> <Delay = 0.00>
ST_37 : Operation 188 [1/1] (0.80ns)   --->   "%icmp_ln31_6 = icmp_eq  i12 %sub_ln31_4, i12 16" [pedal_c.cpp:31]   --->   Operation 188 'icmp' 'icmp_ln31_6' <Predicate = true> <Delay = 0.80> <CoreInst = "Cmp">   --->   Core 9 'Cmp' <Latency = 0> <II = 1> <Delay = 0.80> <FuncUnit> <Opcode : 'seteq' 'setne' 'setle' 'setge' 'setlt' 'setgt'> <InPorts = 2> <OutPorts = 1>
ST_37 : Operation 189 [1/1] (0.00ns)   --->   "%trunc_ln31_6 = trunc i54 %select_ln31_2" [pedal_c.cpp:31]   --->   Operation 189 'trunc' 'trunc_ln31_6' <Predicate = true> <Delay = 0.00>
ST_37 : Operation 190 [1/1] (0.79ns)   --->   "%icmp_ln31_7 = icmp_ult  i11 %select_ln31_3, i11 54" [pedal_c.cpp:31]   --->   Operation 190 'icmp' 'icmp_ln31_7' <Predicate = true> <Delay = 0.79> <CoreInst = "Cmp">   --->   Core 9 'Cmp' <Latency = 0> <II = 1> <Delay = 0.79> <FuncUnit> <Opcode : 'seteq' 'setne' 'setle' 'setge' 'setlt' 'setgt'> <InPorts = 2> <OutPorts = 1>
ST_37 : Operation 191 [1/1] (0.00ns) (grouped into LUT with out node select_ln31_4)   --->   "%select_ln31_5 = select i1 %tmp_40, i32 4294967295, i32 0" [pedal_c.cpp:31]   --->   Operation 191 'select' 'select_ln31_5' <Predicate = true> <Delay = 0.00> <CoreInst = "Sel">   --->   Core 73 'Sel' <Latency = 0> <II = 1> <Delay = 0.17> <FuncUnit> <Opcode : 'select'> <InPorts = 3> <OutPorts = 1>
ST_37 : Operation 192 [1/1] (0.00ns)   --->   "%zext_ln31_7 = zext i11 %select_ln31_3" [pedal_c.cpp:31]   --->   Operation 192 'zext' 'zext_ln31_7' <Predicate = true> <Delay = 0.00>
ST_37 : Operation 193 [1/1] (1.50ns)   --->   "%ashr_ln31 = ashr i54 %select_ln31_2, i54 %zext_ln31_7" [pedal_c.cpp:31]   --->   Operation 193 'ashr' 'ashr_ln31' <Predicate = true> <Delay = 1.50> <CoreInst = "Shifter">   --->   Core 75 'Shifter' <Latency = 0> <II = 1> <Delay = 1.50> <FuncUnit> <Opcode : 'shl' 'lshr' 'ashr'> <InPorts = 2> <OutPorts = 1>
ST_37 : Operation 194 [1/1] (0.00ns) (grouped into LUT with out node select_ln31_4)   --->   "%trunc_ln31_7 = trunc i54 %ashr_ln31" [pedal_c.cpp:31]   --->   Operation 194 'trunc' 'trunc_ln31_7' <Predicate = true> <Delay = 0.00>
ST_37 : Operation 195 [1/1] (0.44ns) (out node of the LUT)   --->   "%select_ln31_4 = select i1 %icmp_ln31_7, i32 %trunc_ln31_7, i32 %select_ln31_5" [pedal_c.cpp:31]   --->   Operation 195 'select' 'select_ln31_4' <Predicate = true> <Delay = 0.44> <CoreInst = "Sel">   --->   Core 73 'Sel' <Latency = 0> <II = 1> <Delay = 0.44> <FuncUnit> <Opcode : 'select'> <InPorts = 3> <OutPorts = 1>
ST_37 : Operation 196 [1/1] (0.80ns)   --->   "%icmp_ln31_8 = icmp_sgt  i12 %add_ln31_5, i12 54" [pedal_c.cpp:31]   --->   Operation 196 'icmp' 'icmp_ln31_8' <Predicate = true> <Delay = 0.80> <CoreInst = "Cmp">   --->   Core 9 'Cmp' <Latency = 0> <II = 1> <Delay = 0.80> <FuncUnit> <Opcode : 'seteq' 'setne' 'setle' 'setge' 'setlt' 'setgt'> <InPorts = 2> <OutPorts = 1>
ST_37 : Operation 197 [1/1] (0.00ns)   --->   "%tmp_41 = partselect i6 @_ssdm_op_PartSelect.i6.i11.i32.i32, i11 %select_ln31_3, i32 5, i32 10" [pedal_c.cpp:31]   --->   Operation 197 'partselect' 'tmp_41' <Predicate = true> <Delay = 0.00>
ST_37 : Operation 198 [1/1] (0.78ns)   --->   "%icmp_ln31_9 = icmp_eq  i6 %tmp_41, i6 0" [pedal_c.cpp:31]   --->   Operation 198 'icmp' 'icmp_ln31_9' <Predicate = true> <Delay = 0.78> <CoreInst = "Cmp">   --->   Core 9 'Cmp' <Latency = 0> <II = 1> <Delay = 0.78> <FuncUnit> <Opcode : 'seteq' 'setne' 'setle' 'setge' 'setlt' 'setgt'> <InPorts = 2> <OutPorts = 1>
ST_37 : Operation 199 [1/1] (0.80ns)   --->   "%add_ln31_6 = add i12 %sub_ln31_4, i12 4079" [pedal_c.cpp:31]   --->   Operation 199 'add' 'add_ln31_6' <Predicate = true> <Delay = 0.80> <CoreInst = "Adder">   --->   Core 1 'Adder' <Latency = 0> <II = 1> <Delay = 0.80> <FuncUnit> <Opcode : 'add' 'sub'> <InPorts = 2> <OutPorts = 1>
ST_37 : Operation 200 [1/1] (0.00ns)   --->   "%sext_ln31 = sext i12 %add_ln31_6" [pedal_c.cpp:31]   --->   Operation 200 'sext' 'sext_ln31' <Predicate = true> <Delay = 0.00>
ST_37 : Operation 201 [1/1] (0.00ns)   --->   "%tmp_42 = bitselect i1 @_ssdm_op_BitSelect.i1.i54.i32, i54 %select_ln31_2, i32 %sext_ln31" [pedal_c.cpp:31]   --->   Operation 201 'bitselect' 'tmp_42' <Predicate = true> <Delay = 0.00>
ST_37 : Operation 202 [1/1] (1.38ns)   --->   "%shl_ln31_1 = shl i32 %trunc_ln31_6, i32 %zext_ln31_6" [pedal_c.cpp:31]   --->   Operation 202 'shl' 'shl_ln31_1' <Predicate = true> <Delay = 1.38> <CoreInst = "Shifter">   --->   Core 75 'Shifter' <Latency = 0> <II = 1> <Delay = 1.38> <FuncUnit> <Opcode : 'shl' 'lshr' 'ashr'> <InPorts = 2> <OutPorts = 1>
ST_37 : Operation 203 [1/1] (0.00ns) (grouped into LUT with out node and_ln31_1)   --->   "%cond63_i = select i1 %icmp_ln31_8, i1 %tmp_40, i1 %tmp_42" [pedal_c.cpp:31]   --->   Operation 203 'select' 'cond63_i' <Predicate = true> <Delay = 0.00> <CoreInst = "Sel">   --->   Core 73 'Sel' <Latency = 0> <II = 1> <Delay = 0.17> <FuncUnit> <Opcode : 'select'> <InPorts = 3> <OutPorts = 1>
ST_37 : Operation 204 [1/1] (0.80ns)   --->   "%icmp_ln31_10 = icmp_sgt  i12 %sub_ln31_4, i12 17" [pedal_c.cpp:31]   --->   Operation 204 'icmp' 'icmp_ln31_10' <Predicate = true> <Delay = 0.80> <CoreInst = "Cmp">   --->   Core 9 'Cmp' <Latency = 0> <II = 1> <Delay = 0.80> <FuncUnit> <Opcode : 'seteq' 'setne' 'setle' 'setge' 'setlt' 'setgt'> <InPorts = 2> <OutPorts = 1>
ST_37 : Operation 205 [1/1] (0.80ns)   --->   "%add_ln31_7 = add i12 %sub_ln31_4, i12 4078" [pedal_c.cpp:31]   --->   Operation 205 'add' 'add_ln31_7' <Predicate = true> <Delay = 0.80> <CoreInst = "Adder">   --->   Core 1 'Adder' <Latency = 0> <II = 1> <Delay = 0.80> <FuncUnit> <Opcode : 'add' 'sub'> <InPorts = 2> <OutPorts = 1>
ST_37 : Operation 206 [1/1] (0.80ns)   --->   "%icmp_ln31_11 = icmp_sgt  i12 %add_ln31_7, i12 53" [pedal_c.cpp:31]   --->   Operation 206 'icmp' 'icmp_ln31_11' <Predicate = true> <Delay = 0.80> <CoreInst = "Cmp">   --->   Core 9 'Cmp' <Latency = 0> <II = 1> <Delay = 0.80> <FuncUnit> <Opcode : 'seteq' 'setne' 'setle' 'setge' 'setlt' 'setgt'> <InPorts = 2> <OutPorts = 1>
ST_37 : Operation 207 [1/1] (0.00ns)   --->   "%trunc_ln31_8 = trunc i12 %add_ln31_7" [pedal_c.cpp:31]   --->   Operation 207 'trunc' 'trunc_ln31_8' <Predicate = true> <Delay = 0.00>
ST_37 : Operation 208 [1/1] (0.78ns)   --->   "%sub_ln31_8 = sub i6 53, i6 %trunc_ln31_8" [pedal_c.cpp:31]   --->   Operation 208 'sub' 'sub_ln31_8' <Predicate = true> <Delay = 0.78> <CoreInst = "Adder">   --->   Core 1 'Adder' <Latency = 0> <II = 1> <Delay = 0.78> <FuncUnit> <Opcode : 'add' 'sub'> <InPorts = 2> <OutPorts = 1>
ST_37 : Operation 209 [1/1] (0.00ns) (grouped into LUT with out node lshr_ln31_5)   --->   "%select_ln31_13 = select i1 %icmp_ln31_11, i6 0, i6 %sub_ln31_8" [pedal_c.cpp:31]   --->   Operation 209 'select' 'select_ln31_13' <Predicate = true> <Delay = 0.00> <CoreInst = "Sel">   --->   Core 73 'Sel' <Latency = 0> <II = 1> <Delay = 0.38> <FuncUnit> <Opcode : 'select'> <InPorts = 3> <OutPorts = 1>
ST_37 : Operation 210 [1/1] (0.00ns) (grouped into LUT with out node lshr_ln31_5)   --->   "%zext_ln31_12 = zext i6 %select_ln31_13" [pedal_c.cpp:31]   --->   Operation 210 'zext' 'zext_ln31_12' <Predicate = true> <Delay = 0.00>
ST_37 : Operation 211 [1/1] (0.73ns) (out node of the LUT)   --->   "%lshr_ln31_5 = lshr i54 18014398509481983, i54 %zext_ln31_12" [pedal_c.cpp:31]   --->   Operation 211 'lshr' 'lshr_ln31_5' <Predicate = true> <Delay = 0.73> <CoreInst = "Shifter">   --->   Core 75 'Shifter' <Latency = 0> <II = 1> <Delay = 0.73> <FuncUnit> <Opcode : 'shl' 'lshr' 'ashr'> <InPorts = 2> <OutPorts = 1>
ST_37 : Operation 212 [1/1] (0.00ns) (grouped into LUT with out node icmp_ln31_12)   --->   "%and_ln31_26 = and i54 %select_ln31_2, i54 %lshr_ln31_5" [pedal_c.cpp:31]   --->   Operation 212 'and' 'and_ln31_26' <Predicate = true> <Delay = 0.00> <CoreInst = "LogicGate">   --->   Core 74 'LogicGate' <Latency = 0> <II = 1> <Delay = 0.33> <FuncUnit> <Opcode : 'and' 'or' 'xor'> <InPorts = 2> <OutPorts = 1>
ST_37 : Operation 213 [1/1] (1.09ns) (out node of the LUT)   --->   "%icmp_ln31_12 = icmp_ne  i54 %and_ln31_26, i54 0" [pedal_c.cpp:31]   --->   Operation 213 'icmp' 'icmp_ln31_12' <Predicate = true> <Delay = 1.09> <CoreInst = "Cmp">   --->   Core 9 'Cmp' <Latency = 0> <II = 1> <Delay = 1.09> <FuncUnit> <Opcode : 'seteq' 'setne' 'setle' 'setge' 'setlt' 'setgt'> <InPorts = 2> <OutPorts = 1>
ST_37 : Operation 214 [1/1] (0.00ns) (grouped into LUT with out node and_ln31_1)   --->   "%cond85_i = and i1 %icmp_ln31_10, i1 %icmp_ln31_12" [pedal_c.cpp:31]   --->   Operation 214 'and' 'cond85_i' <Predicate = true> <Delay = 0.00> <CoreInst = "LogicGate">   --->   Core 74 'LogicGate' <Latency = 0> <II = 1> <Delay = 0.28> <FuncUnit> <Opcode : 'and' 'or' 'xor'> <InPorts = 2> <OutPorts = 1>
ST_37 : Operation 215 [1/1] (0.00ns) (grouped into LUT with out node carry_1_i)   --->   "%tmp_43 = bitselect i1 @_ssdm_op_BitSelect.i1.i32.i32, i32 %select_ln31_4, i32 31" [pedal_c.cpp:31]   --->   Operation 215 'bitselect' 'tmp_43' <Predicate = true> <Delay = 0.00>
ST_37 : Operation 216 [1/1] (0.00ns) (grouped into LUT with out node and_ln31_1)   --->   "%trunc_ln31_9 = trunc i32 %select_ln31_4" [pedal_c.cpp:31]   --->   Operation 216 'trunc' 'trunc_ln31_9' <Predicate = true> <Delay = 0.00>
ST_37 : Operation 217 [1/1] (0.00ns) (grouped into LUT with out node and_ln31_1)   --->   "%or_ln31_1 = or i1 %trunc_ln31_9, i1 %cond85_i" [pedal_c.cpp:31]   --->   Operation 217 'or' 'or_ln31_1' <Predicate = true> <Delay = 0.00> <CoreInst = "LogicGate">   --->   Core 74 'LogicGate' <Latency = 0> <II = 1> <Delay = 0.28> <FuncUnit> <Opcode : 'and' 'or' 'xor'> <InPorts = 2> <OutPorts = 1>
ST_37 : Operation 218 [1/1] (0.28ns) (out node of the LUT)   --->   "%and_ln31_1 = and i1 %or_ln31_1, i1 %cond63_i" [pedal_c.cpp:31]   --->   Operation 218 'and' 'and_ln31_1' <Predicate = true> <Delay = 0.28> <CoreInst = "LogicGate">   --->   Core 74 'LogicGate' <Latency = 0> <II = 1> <Delay = 0.28> <FuncUnit> <Opcode : 'and' 'or' 'xor'> <InPorts = 2> <OutPorts = 1>
ST_37 : Operation 219 [1/1] (0.00ns) (grouped into LUT with out node add_ln31_8)   --->   "%zext_ln31_8 = zext i1 %and_ln31_1" [pedal_c.cpp:31]   --->   Operation 219 'zext' 'zext_ln31_8' <Predicate = true> <Delay = 0.00>
ST_37 : Operation 220 [1/1] (1.01ns) (out node of the LUT)   --->   "%add_ln31_8 = add i32 %select_ln31_4, i32 %zext_ln31_8" [pedal_c.cpp:31]   --->   Operation 220 'add' 'add_ln31_8' <Predicate = true> <Delay = 1.01> <CoreInst = "Adder">   --->   Core 1 'Adder' <Latency = 0> <II = 1> <Delay = 1.01> <FuncUnit> <Opcode : 'add' 'sub'> <InPorts = 2> <OutPorts = 1>
ST_37 : Operation 221 [1/1] (0.00ns) (grouped into LUT with out node carry_1_i)   --->   "%tmp_44 = bitselect i1 @_ssdm_op_BitSelect.i1.i32.i32, i32 %add_ln31_8, i32 31" [pedal_c.cpp:31]   --->   Operation 221 'bitselect' 'tmp_44' <Predicate = true> <Delay = 0.00>
ST_37 : Operation 222 [1/1] (0.00ns) (grouped into LUT with out node carry_1_i)   --->   "%xor_ln31 = xor i1 %tmp_44, i1 1" [pedal_c.cpp:31]   --->   Operation 222 'xor' 'xor_ln31' <Predicate = true> <Delay = 0.00> <CoreInst = "LogicGate">   --->   Core 74 'LogicGate' <Latency = 0> <II = 1> <Delay = 0.28> <FuncUnit> <Opcode : 'and' 'or' 'xor'> <InPorts = 2> <OutPorts = 1>
ST_37 : Operation 223 [1/1] (0.00ns) (grouped into LUT with out node and_ln31_18)   --->   "%xor_ln31_2 = xor i1 %icmp_ln31_6, i1 1" [pedal_c.cpp:31]   --->   Operation 223 'xor' 'xor_ln31_2' <Predicate = true> <Delay = 0.00> <CoreInst = "LogicGate">   --->   Core 74 'LogicGate' <Latency = 0> <II = 1> <Delay = 0.28> <FuncUnit> <Opcode : 'and' 'or' 'xor'> <InPorts = 2> <OutPorts = 1>
ST_37 : Operation 224 [1/1] (0.28ns) (out node of the LUT)   --->   "%and_ln31_18 = and i1 %icmp_ln31_5, i1 %xor_ln31_2" [pedal_c.cpp:31]   --->   Operation 224 'and' 'and_ln31_18' <Predicate = true> <Delay = 0.28> <CoreInst = "LogicGate">   --->   Core 74 'LogicGate' <Latency = 0> <II = 1> <Delay = 0.28> <FuncUnit> <Opcode : 'and' 'or' 'xor'> <InPorts = 2> <OutPorts = 1>
ST_37 : Operation 225 [1/1] (0.00ns)   --->   "%tmp_45 = partselect i8 @_ssdm_op_PartSelect.i8.i12.i32.i32, i12 %sub_ln31_4, i32 4, i32 11" [pedal_c.cpp:31]   --->   Operation 225 'partselect' 'tmp_45' <Predicate = true> <Delay = 0.00>
ST_37 : Operation 226 [1/1] (0.76ns)   --->   "%icmp_ln31_13 = icmp_slt  i8 %tmp_45, i8 1" [pedal_c.cpp:31]   --->   Operation 226 'icmp' 'icmp_ln31_13' <Predicate = true> <Delay = 0.76> <CoreInst = "Cmp">   --->   Core 9 'Cmp' <Latency = 0> <II = 1> <Delay = 0.76> <FuncUnit> <Opcode : 'seteq' 'setne' 'setle' 'setge' 'setlt' 'setgt'> <InPorts = 2> <OutPorts = 1>
ST_37 : Operation 227 [1/1] (0.28ns)   --->   "%and_ln31_19 = and i1 %icmp_ln31_13, i1 %icmp_ln31_9" [pedal_c.cpp:31]   --->   Operation 227 'and' 'and_ln31_19' <Predicate = true> <Delay = 0.28> <CoreInst = "LogicGate">   --->   Core 74 'LogicGate' <Latency = 0> <II = 1> <Delay = 0.28> <FuncUnit> <Opcode : 'and' 'or' 'xor'> <InPorts = 2> <OutPorts = 1>
ST_37 : Operation 228 [1/1] (0.00ns)   --->   "%sel_tmp6 = bitconcatenate i3 @_ssdm_op_BitConcatenate.i3.i1.i1.i1, i1 %icmp_ln31_6, i1 %and_ln31_18, i1 %and_ln31_19" [pedal_c.cpp:31]   --->   Operation 228 'bitconcatenate' 'sel_tmp6' <Predicate = true> <Delay = 0.00>
ST_37 : Operation 229 [1/1] (0.47ns)   --->   "%ref_tmp_i_i = sparsemux i32 @_ssdm_op_SparseMux.ap_auto.4i32.i32.i3, i3 4, i32 %trunc_ln31_6, i3 2, i32 %add_ln31_8, i3 1, i32 %shl_ln31_1, i3 0, i32 0, i32 0, i3 %sel_tmp6" [pedal_c.cpp:31]   --->   Operation 229 'sparsemux' 'ref_tmp_i_i' <Predicate = true> <Delay = 0.47> <CoreInst = "SparseMux">   --->   Core 144 'SparseMux' <Latency = 0> <II = 1> <Delay = 0.47> <FuncUnit> <Opcode : 'sparsemux'> <InPorts = 2> <OutPorts = 1>
ST_37 : Operation 230 [1/1] (0.00ns) (grouped into LUT with out node carry_1_i)   --->   "%and_ln31_20 = and i1 %and_ln31_18, i1 %tmp_43" [pedal_c.cpp:31]   --->   Operation 230 'and' 'and_ln31_20' <Predicate = true> <Delay = 0.00> <CoreInst = "LogicGate">   --->   Core 74 'LogicGate' <Latency = 0> <II = 1> <Delay = 0.28> <FuncUnit> <Opcode : 'and' 'or' 'xor'> <InPorts = 2> <OutPorts = 1>
ST_37 : Operation 231 [1/1] (0.28ns) (out node of the LUT)   --->   "%carry_1_i = and i1 %and_ln31_20, i1 %xor_ln31" [pedal_c.cpp:31]   --->   Operation 231 'and' 'carry_1_i' <Predicate = true> <Delay = 0.28> <CoreInst = "LogicGate">   --->   Core 74 'LogicGate' <Latency = 0> <II = 1> <Delay = 0.28> <FuncUnit> <Opcode : 'and' 'or' 'xor'> <InPorts = 2> <OutPorts = 1>
ST_37 : Operation 232 [1/1] (0.20ns)   --->   "%select_ln31_14 = select i1 %icmp_ln31_5, i12 2, i12 1" [pedal_c.cpp:31]   --->   Operation 232 'select' 'select_ln31_14' <Predicate = true> <Delay = 0.20> <CoreInst = "Sel">   --->   Core 73 'Sel' <Latency = 0> <II = 1> <Delay = 0.20> <FuncUnit> <Opcode : 'select'> <InPorts = 3> <OutPorts = 1>
ST_37 : Operation 233 [1/1] (0.86ns) (root node of TernaryAdder)   --->   "%add_ln31_9 = add i12 %select_ln31_14, i12 %add_ln31_4" [pedal_c.cpp:31]   --->   Operation 233 'add' 'add_ln31_9' <Predicate = true> <Delay = 0.86> <CoreInst = "TAddSub">   --->   Core 10 'TAddSub' <Latency = 0> <II = 1> <Delay = 0.43> <IPBlock> <Opcode : '' 'add' 'sub'> <InPorts = 3> <OutPorts = 1> <Sync> <CReg>
ST_37 : Operation 234 [1/1] (0.00ns)   --->   "%tmp_46 = partselect i8 @_ssdm_op_PartSelect.i8.i12.i32.i32, i12 %add_ln31_9, i32 4, i32 11" [pedal_c.cpp:31]   --->   Operation 234 'partselect' 'tmp_46' <Predicate = true> <Delay = 0.00>
ST_37 : Operation 235 [1/1] (0.76ns)   --->   "%icmp_ln31_14 = icmp_sgt  i8 %tmp_46, i8 0" [pedal_c.cpp:31]   --->   Operation 235 'icmp' 'icmp_ln31_14' <Predicate = true> <Delay = 0.76> <CoreInst = "Cmp">   --->   Core 9 'Cmp' <Latency = 0> <II = 1> <Delay = 0.76> <FuncUnit> <Opcode : 'seteq' 'setne' 'setle' 'setge' 'setlt' 'setgt'> <InPorts = 2> <OutPorts = 1>
ST_37 : Operation 236 [1/1] (0.80ns)   --->   "%add_ln31_10 = add i12 %sub_ln31_4, i12 16" [pedal_c.cpp:31]   --->   Operation 236 'add' 'add_ln31_10' <Predicate = true> <Delay = 0.80> <CoreInst = "Adder">   --->   Core 1 'Adder' <Latency = 0> <II = 1> <Delay = 0.80> <FuncUnit> <Opcode : 'add' 'sub'> <InPorts = 2> <OutPorts = 1>
ST_37 : Operation 237 [1/1] (0.00ns)   --->   "%sext_ln31_1 = sext i12 %add_ln31_10" [pedal_c.cpp:31]   --->   Operation 237 'sext' 'sext_ln31_1' <Predicate = true> <Delay = 0.00>
ST_37 : Operation 238 [1/1] (0.80ns)   --->   "%add_ln31_11 = add i12 %sub_ln31_4, i12 17" [pedal_c.cpp:31]   --->   Operation 238 'add' 'add_ln31_11' <Predicate = true> <Delay = 0.80> <CoreInst = "Adder">   --->   Core 1 'Adder' <Latency = 0> <II = 1> <Delay = 0.80> <FuncUnit> <Opcode : 'add' 'sub'> <InPorts = 2> <OutPorts = 1>
ST_37 : Operation 239 [1/1] (0.00ns)   --->   "%tmp_47 = bitselect i1 @_ssdm_op_BitSelect.i1.i32.i32, i32 %ref_tmp_i_i, i32 31" [pedal_c.cpp:31]   --->   Operation 239 'bitselect' 'tmp_47' <Predicate = true> <Delay = 0.00>
ST_37 : Operation 240 [1/1] (0.80ns)   --->   "%icmp_ln31_15 = icmp_slt  i12 %add_ln31_10, i12 54" [pedal_c.cpp:31]   --->   Operation 240 'icmp' 'icmp_ln31_15' <Predicate = true> <Delay = 0.80> <CoreInst = "Cmp">   --->   Core 9 'Cmp' <Latency = 0> <II = 1> <Delay = 0.80> <FuncUnit> <Opcode : 'seteq' 'setne' 'setle' 'setge' 'setlt' 'setgt'> <InPorts = 2> <OutPorts = 1>
ST_37 : Operation 241 [1/1] (0.00ns)   --->   "%tmp_48 = bitselect i1 @_ssdm_op_BitSelect.i1.i12.i32, i12 %add_ln31_10, i32 11" [pedal_c.cpp:31]   --->   Operation 241 'bitselect' 'tmp_48' <Predicate = true> <Delay = 0.00>
ST_37 : Operation 242 [1/1] (0.28ns)   --->   "%xor_ln31_15 = xor i1 %tmp_48, i1 1" [pedal_c.cpp:31]   --->   Operation 242 'xor' 'xor_ln31_15' <Predicate = true> <Delay = 0.28> <CoreInst = "LogicGate">   --->   Core 74 'LogicGate' <Latency = 0> <II = 1> <Delay = 0.28> <FuncUnit> <Opcode : 'and' 'or' 'xor'> <InPorts = 2> <OutPorts = 1>
ST_37 : Operation 243 [1/1] (0.80ns)   --->   "%icmp_ln31_16 = icmp_ult  i12 %add_ln31_10, i12 54" [pedal_c.cpp:31]   --->   Operation 243 'icmp' 'icmp_ln31_16' <Predicate = true> <Delay = 0.80> <CoreInst = "Cmp">   --->   Core 9 'Cmp' <Latency = 0> <II = 1> <Delay = 0.80> <FuncUnit> <Opcode : 'seteq' 'setne' 'setle' 'setge' 'setlt' 'setgt'> <InPorts = 2> <OutPorts = 1>
ST_37 : Operation 244 [1/1] (0.00ns)   --->   "%tobool130_i = bitselect i1 @_ssdm_op_BitSelect.i1.i54.i32, i54 %select_ln31_2, i32 %sext_ln31_1" [pedal_c.cpp:31]   --->   Operation 244 'bitselect' 'tobool130_i' <Predicate = true> <Delay = 0.00>
ST_37 : Operation 245 [1/1] (0.28ns)   --->   "%lD_0_i = and i1 %icmp_ln31_16, i1 %tobool130_i" [pedal_c.cpp:31]   --->   Operation 245 'and' 'lD_0_i' <Predicate = true> <Delay = 0.28> <CoreInst = "LogicGate">   --->   Core 74 'LogicGate' <Latency = 0> <II = 1> <Delay = 0.28> <FuncUnit> <Opcode : 'and' 'or' 'xor'> <InPorts = 2> <OutPorts = 1>
ST_37 : Operation 246 [1/1] (0.80ns)   --->   "%icmp_ln31_17 = icmp_slt  i12 %add_ln31_11, i12 54" [pedal_c.cpp:31]   --->   Operation 246 'icmp' 'icmp_ln31_17' <Predicate = true> <Delay = 0.80> <CoreInst = "Cmp">   --->   Core 9 'Cmp' <Latency = 0> <II = 1> <Delay = 0.80> <FuncUnit> <Opcode : 'seteq' 'setne' 'setle' 'setge' 'setlt' 'setgt'> <InPorts = 2> <OutPorts = 1>
ST_37 : Operation 247 [1/1] (0.80ns)   --->   "%icmp_ln31_18 = icmp_ult  i12 %add_ln31_11, i12 54" [pedal_c.cpp:31]   --->   Operation 247 'icmp' 'icmp_ln31_18' <Predicate = true> <Delay = 0.80> <CoreInst = "Cmp">   --->   Core 9 'Cmp' <Latency = 0> <II = 1> <Delay = 0.80> <FuncUnit> <Opcode : 'seteq' 'setne' 'setle' 'setge' 'setlt' 'setgt'> <InPorts = 2> <OutPorts = 1>
ST_37 : Operation 248 [1/1] (0.00ns) (grouped into LUT with out node neg_src_0_i)   --->   "%and_ln31_2 = and i1 %tmp_40, i1 %tmp_47" [pedal_c.cpp:31]   --->   Operation 248 'and' 'and_ln31_2' <Predicate = true> <Delay = 0.00> <CoreInst = "LogicGate">   --->   Core 74 'LogicGate' <Latency = 0> <II = 1> <Delay = 0.28> <FuncUnit> <Opcode : 'and' 'or' 'xor'> <InPorts = 2> <OutPorts = 1>
ST_37 : Operation 249 [1/1] (0.00ns)   --->   "%sext_ln31_2 = sext i12 %add_ln31_11" [pedal_c.cpp:31]   --->   Operation 249 'sext' 'sext_ln31_2' <Predicate = true> <Delay = 0.00>
ST_37 : Operation 250 [1/1] (0.00ns)   --->   "%zext_ln31_13 = zext i32 %sext_ln31_2" [pedal_c.cpp:31]   --->   Operation 250 'zext' 'zext_ln31_13' <Predicate = true> <Delay = 0.00>
ST_37 : Operation 251 [1/1] (1.50ns)   --->   "%lshr_ln31_2 = lshr i54 %select_ln31_2, i54 %zext_ln31_13" [pedal_c.cpp:31]   --->   Operation 251 'lshr' 'lshr_ln31_2' <Predicate = true> <Delay = 1.50> <CoreInst = "Shifter">   --->   Core 75 'Shifter' <Latency = 0> <II = 1> <Delay = 1.50> <FuncUnit> <Opcode : 'shl' 'lshr' 'ashr'> <InPorts = 2> <OutPorts = 1>
ST_37 : Operation 252 [1/1] (1.38ns)   --->   "%lshr_ln31_3 = lshr i54 18014398509481983, i54 %zext_ln31_13" [pedal_c.cpp:31]   --->   Operation 252 'lshr' 'lshr_ln31_3' <Predicate = true> <Delay = 1.38> <CoreInst = "Shifter">   --->   Core 75 'Shifter' <Latency = 0> <II = 1> <Delay = 1.38> <FuncUnit> <Opcode : 'shl' 'lshr' 'ashr'> <InPorts = 2> <OutPorts = 1>
ST_37 : Operation 253 [1/1] (1.09ns)   --->   "%icmp_ln31_19 = icmp_eq  i54 %lshr_ln31_2, i54 %lshr_ln31_3" [pedal_c.cpp:31]   --->   Operation 253 'icmp' 'icmp_ln31_19' <Predicate = true> <Delay = 1.09> <CoreInst = "Cmp">   --->   Core 9 'Cmp' <Latency = 0> <II = 1> <Delay = 1.09> <FuncUnit> <Opcode : 'seteq' 'setne' 'setle' 'setge' 'setlt' 'setgt'> <InPorts = 2> <OutPorts = 1>
ST_37 : Operation 254 [1/1] (0.00ns) (grouped into LUT with out node Range2_all_ones_1_i)   --->   "%tmp_49 = bitselect i1 @_ssdm_op_BitSelect.i1.i12.i32, i12 %add_ln31_11, i32 11" [pedal_c.cpp:31]   --->   Operation 254 'bitselect' 'tmp_49' <Predicate = true> <Delay = 0.00>
ST_37 : Operation 255 [1/1] (0.00ns) (grouped into LUT with out node Range2_all_ones_1_i)   --->   "%xor_ln31_16 = xor i1 %tmp_49, i1 1" [pedal_c.cpp:31]   --->   Operation 255 'xor' 'xor_ln31_16' <Predicate = true> <Delay = 0.00> <CoreInst = "LogicGate">   --->   Core 74 'LogicGate' <Latency = 0> <II = 1> <Delay = 0.28> <FuncUnit> <Opcode : 'and' 'or' 'xor'> <InPorts = 2> <OutPorts = 1>
ST_37 : Operation 256 [1/1] (0.28ns) (out node of the LUT)   --->   "%Range2_all_ones_1_i = select i1 %icmp_ln31_18, i1 %icmp_ln31_19, i1 %xor_ln31_16" [pedal_c.cpp:31]   --->   Operation 256 'select' 'Range2_all_ones_1_i' <Predicate = true> <Delay = 0.28> <CoreInst = "Sel">   --->   Core 73 'Sel' <Latency = 0> <II = 1> <Delay = 0.17> <FuncUnit> <Opcode : 'select'> <InPorts = 3> <OutPorts = 1>
ST_37 : Operation 257 [1/1] (0.28ns)   --->   "%and_ln31_3 = and i1 %icmp_ln31_17, i1 %xor_ln31_15" [pedal_c.cpp:31]   --->   Operation 257 'and' 'and_ln31_3' <Predicate = true> <Delay = 0.28> <CoreInst = "LogicGate">   --->   Core 74 'LogicGate' <Latency = 0> <II = 1> <Delay = 0.28> <FuncUnit> <Opcode : 'and' 'or' 'xor'> <InPorts = 2> <OutPorts = 1>
ST_37 : Operation 258 [1/1] (0.00ns) (grouped into LUT with out node Range1_all_ones_2_i)   --->   "%and_ln31_4 = and i1 %Range2_all_ones_1_i, i1 %lD_0_i" [pedal_c.cpp:31]   --->   Operation 258 'and' 'and_ln31_4' <Predicate = true> <Delay = 0.00> <CoreInst = "LogicGate">   --->   Core 74 'LogicGate' <Latency = 0> <II = 1> <Delay = 0.28> <FuncUnit> <Opcode : 'and' 'or' 'xor'> <InPorts = 2> <OutPorts = 1>
ST_37 : Operation 259 [1/1] (0.28ns)   --->   "%xor_ln31_1 = xor i1 %lD_0_i, i1 1" [pedal_c.cpp:31]   --->   Operation 259 'xor' 'xor_ln31_1' <Predicate = true> <Delay = 0.28> <CoreInst = "LogicGate">   --->   Core 74 'LogicGate' <Latency = 0> <II = 1> <Delay = 0.28> <FuncUnit> <Opcode : 'and' 'or' 'xor'> <InPorts = 2> <OutPorts = 1>
ST_37 : Operation 260 [1/1] (1.09ns)   --->   "%icmp_ln31_20 = icmp_eq  i54 %lshr_ln31_2, i54 0" [pedal_c.cpp:31]   --->   Operation 260 'icmp' 'icmp_ln31_20' <Predicate = true> <Delay = 1.09> <CoreInst = "Cmp">   --->   Core 9 'Cmp' <Latency = 0> <II = 1> <Delay = 1.09> <FuncUnit> <Opcode : 'seteq' 'setne' 'setle' 'setge' 'setlt' 'setgt'> <InPorts = 2> <OutPorts = 1>
ST_37 : Operation 261 [1/1] (0.00ns) (grouped into LUT with out node Range1_all_zeros_2_i)   --->   "%and_ln31_5 = and i1 %icmp_ln31_20, i1 %xor_ln31_1" [pedal_c.cpp:31]   --->   Operation 261 'and' 'and_ln31_5' <Predicate = true> <Delay = 0.00> <CoreInst = "LogicGate">   --->   Core 74 'LogicGate' <Latency = 0> <II = 1> <Delay = 0.28> <FuncUnit> <Opcode : 'and' 'or' 'xor'> <InPorts = 2> <OutPorts = 1>
ST_37 : Operation 262 [1/1] (0.80ns)   --->   "%icmp_ln31_21 = icmp_eq  i12 %add_ln31_11, i12 54" [pedal_c.cpp:31]   --->   Operation 262 'icmp' 'icmp_ln31_21' <Predicate = true> <Delay = 0.80> <CoreInst = "Cmp">   --->   Core 9 'Cmp' <Latency = 0> <II = 1> <Delay = 0.80> <FuncUnit> <Opcode : 'seteq' 'setne' 'setle' 'setge' 'setlt' 'setgt'> <InPorts = 2> <OutPorts = 1>
ST_37 : Operation 263 [1/1] (0.00ns) (grouped into LUT with out node Range1_all_ones_2_i)   --->   "%select_ln31_8 = select i1 %icmp_ln31_21, i1 %lD_0_i, i1 %xor_ln31_15" [pedal_c.cpp:31]   --->   Operation 263 'select' 'select_ln31_8' <Predicate = true> <Delay = 0.00> <CoreInst = "Sel">   --->   Core 73 'Sel' <Latency = 0> <II = 1> <Delay = 0.17> <FuncUnit> <Opcode : 'select'> <InPorts = 3> <OutPorts = 1>
ST_37 : Operation 264 [1/1] (0.00ns) (grouped into LUT with out node Range1_all_zeros_2_i)   --->   "%select_ln31_12 = select i1 %icmp_ln31_21, i1 %xor_ln31_1, i1 %xor_ln31_15" [pedal_c.cpp:31]   --->   Operation 264 'select' 'select_ln31_12' <Predicate = true> <Delay = 0.00> <CoreInst = "Sel">   --->   Core 73 'Sel' <Latency = 0> <II = 1> <Delay = 0.17> <FuncUnit> <Opcode : 'select'> <InPorts = 3> <OutPorts = 1>
ST_37 : Operation 265 [1/1] (0.28ns) (out node of the LUT)   --->   "%Range1_all_ones_2_i = select i1 %and_ln31_3, i1 %and_ln31_4, i1 %select_ln31_8" [pedal_c.cpp:31]   --->   Operation 265 'select' 'Range1_all_ones_2_i' <Predicate = true> <Delay = 0.28> <CoreInst = "Sel">   --->   Core 73 'Sel' <Latency = 0> <II = 1> <Delay = 0.17> <FuncUnit> <Opcode : 'select'> <InPorts = 3> <OutPorts = 1>
ST_37 : Operation 266 [1/1] (0.28ns) (out node of the LUT)   --->   "%Range1_all_zeros_2_i = select i1 %and_ln31_3, i1 %and_ln31_5, i1 %select_ln31_12" [pedal_c.cpp:31]   --->   Operation 266 'select' 'Range1_all_zeros_2_i' <Predicate = true> <Delay = 0.28> <CoreInst = "Sel">   --->   Core 73 'Sel' <Latency = 0> <II = 1> <Delay = 0.17> <FuncUnit> <Opcode : 'select'> <InPorts = 3> <OutPorts = 1>
ST_37 : Operation 267 [1/1] (0.00ns) (grouped into LUT with out node and_ln31_8)   --->   "%select_ln31_6 = select i1 %carry_1_i, i1 %Range1_all_ones_2_i, i1 %Range1_all_zeros_2_i" [pedal_c.cpp:31]   --->   Operation 267 'select' 'select_ln31_6' <Predicate = true> <Delay = 0.00> <CoreInst = "Sel">   --->   Core 73 'Sel' <Latency = 0> <II = 1> <Delay = 0.17> <FuncUnit> <Opcode : 'select'> <InPorts = 3> <OutPorts = 1>
ST_37 : Operation 268 [1/1] (0.00ns) (grouped into LUT with out node deleted_ones_0_i)   --->   "%or_ln31 = or i1 %tmp_48, i1 %xor_ln31_1" [pedal_c.cpp:31]   --->   Operation 268 'or' 'or_ln31' <Predicate = true> <Delay = 0.00> <CoreInst = "LogicGate">   --->   Core 74 'LogicGate' <Latency = 0> <II = 1> <Delay = 0.28> <FuncUnit> <Opcode : 'and' 'or' 'xor'> <InPorts = 2> <OutPorts = 1>
ST_37 : Operation 269 [1/1] (0.00ns) (grouped into LUT with out node deleted_ones_0_i)   --->   "%and_ln31_6 = and i1 %Range2_all_ones_1_i, i1 %or_ln31" [pedal_c.cpp:31]   --->   Operation 269 'and' 'and_ln31_6' <Predicate = true> <Delay = 0.00> <CoreInst = "LogicGate">   --->   Core 74 'LogicGate' <Latency = 0> <II = 1> <Delay = 0.28> <FuncUnit> <Opcode : 'and' 'or' 'xor'> <InPorts = 2> <OutPorts = 1>
ST_37 : Operation 270 [1/1] (0.00ns) (grouped into LUT with out node deleted_ones_0_i)   --->   "%cond189_i = select i1 %carry_1_i, i1 %and_ln31_6, i1 %Range1_all_ones_2_i" [pedal_c.cpp:31]   --->   Operation 270 'select' 'cond189_i' <Predicate = true> <Delay = 0.00> <CoreInst = "Sel">   --->   Core 73 'Sel' <Latency = 0> <II = 1> <Delay = 0.17> <FuncUnit> <Opcode : 'select'> <InPorts = 3> <OutPorts = 1>
ST_37 : Operation 271 [1/1] (0.00ns) (grouped into LUT with out node neg_src_0_i)   --->   "%and_ln31_7 = and i1 %carry_1_i, i1 %Range1_all_ones_2_i" [pedal_c.cpp:31]   --->   Operation 271 'and' 'and_ln31_7' <Predicate = true> <Delay = 0.00> <CoreInst = "LogicGate">   --->   Core 74 'LogicGate' <Latency = 0> <II = 1> <Delay = 0.28> <FuncUnit> <Opcode : 'and' 'or' 'xor'> <InPorts = 2> <OutPorts = 1>
ST_37 : Operation 272 [1/1] (0.00ns) (grouped into LUT with out node neg_src_0_i)   --->   "%xor_ln31_3 = xor i1 %and_ln31_7, i1 1" [pedal_c.cpp:31]   --->   Operation 272 'xor' 'xor_ln31_3' <Predicate = true> <Delay = 0.00> <CoreInst = "LogicGate">   --->   Core 74 'LogicGate' <Latency = 0> <II = 1> <Delay = 0.28> <FuncUnit> <Opcode : 'and' 'or' 'xor'> <InPorts = 2> <OutPorts = 1>
ST_37 : Operation 273 [1/1] (0.28ns)   --->   "%not_icmp_ln31_1538 = xor i1 %icmp_ln31_15, i1 1" [pedal_c.cpp:31]   --->   Operation 273 'xor' 'not_icmp_ln31_1538' <Predicate = true> <Delay = 0.28> <CoreInst = "LogicGate">   --->   Core 74 'LogicGate' <Latency = 0> <II = 1> <Delay = 0.28> <FuncUnit> <Opcode : 'and' 'or' 'xor'> <InPorts = 2> <OutPorts = 1>
ST_37 : Operation 274 [1/1] (0.28ns) (out node of the LUT)   --->   "%deleted_ones_0_i = or i1 %cond189_i, i1 %not_icmp_ln31_1538" [pedal_c.cpp:31]   --->   Operation 274 'or' 'deleted_ones_0_i' <Predicate = true> <Delay = 0.28> <CoreInst = "LogicGate">   --->   Core 74 'LogicGate' <Latency = 0> <II = 1> <Delay = 0.28> <FuncUnit> <Opcode : 'and' 'or' 'xor'> <InPorts = 2> <OutPorts = 1>
ST_37 : Operation 275 [1/1] (0.00ns) (grouped into LUT with out node neg_src_0_i)   --->   "%and_ln31_21 = and i1 %icmp_ln31_15, i1 %tmp_40" [pedal_c.cpp:31]   --->   Operation 275 'and' 'and_ln31_21' <Predicate = true> <Delay = 0.00> <CoreInst = "LogicGate">   --->   Core 74 'LogicGate' <Latency = 0> <II = 1> <Delay = 0.28> <FuncUnit> <Opcode : 'and' 'or' 'xor'> <InPorts = 2> <OutPorts = 1>
ST_37 : Operation 276 [1/1] (0.00ns) (grouped into LUT with out node neg_src_0_i)   --->   "%sel_tmp = bitconcatenate i2 @_ssdm_op_BitConcatenate.i2.i1.i1, i1 %not_icmp_ln31_1538, i1 %and_ln31_21" [pedal_c.cpp:31]   --->   Operation 276 'bitconcatenate' 'sel_tmp' <Predicate = true> <Delay = 0.00>
ST_37 : Operation 277 [1/1] (0.42ns) (out node of the LUT)   --->   "%neg_src_0_i = sparsemux i1 @_ssdm_op_SparseMux.ap_auto.3i1.i1.i2, i2 2, i1 %and_ln31_2, i2 1, i1 %xor_ln31_3, i2 0, i1 0, i1 0, i2 %sel_tmp" [pedal_c.cpp:31]   --->   Operation 277 'sparsemux' 'neg_src_0_i' <Predicate = true> <Delay = 0.42> <CoreInst = "SparseMux">   --->   Core 144 'SparseMux' <Latency = 0> <II = 1> <Delay = 0.42> <FuncUnit> <Opcode : 'sparsemux'> <InPorts = 2> <OutPorts = 1>
ST_37 : Operation 278 [1/1] (0.00ns) (grouped into LUT with out node and_ln31_8)   --->   "%xor_ln31_4 = xor i1 %select_ln31_6, i1 1" [pedal_c.cpp:31]   --->   Operation 278 'xor' 'xor_ln31_4' <Predicate = true> <Delay = 0.00> <CoreInst = "LogicGate">   --->   Core 74 'LogicGate' <Latency = 0> <II = 1> <Delay = 0.28> <FuncUnit> <Opcode : 'and' 'or' 'xor'> <InPorts = 2> <OutPorts = 1>
ST_37 : Operation 279 [1/1] (0.00ns) (grouped into LUT with out node and_ln31_8)   --->   "%and_ln31_22 = and i1 %icmp_ln31_15, i1 %xor_ln31_4" [pedal_c.cpp:31]   --->   Operation 279 'and' 'and_ln31_22' <Predicate = true> <Delay = 0.00> <CoreInst = "LogicGate">   --->   Core 74 'LogicGate' <Latency = 0> <II = 1> <Delay = 0.28> <FuncUnit> <Opcode : 'and' 'or' 'xor'> <InPorts = 2> <OutPorts = 1>
ST_37 : Operation 280 [1/1] (0.00ns) (grouped into LUT with out node and_ln31_8)   --->   "%or_ln31_3 = or i1 %tmp_47, i1 %and_ln31_22" [pedal_c.cpp:31]   --->   Operation 280 'or' 'or_ln31_3' <Predicate = true> <Delay = 0.00> <CoreInst = "LogicGate">   --->   Core 74 'LogicGate' <Latency = 0> <II = 1> <Delay = 0.28> <FuncUnit> <Opcode : 'and' 'or' 'xor'> <InPorts = 2> <OutPorts = 1>
ST_37 : Operation 281 [1/1] (0.00ns) (grouped into LUT with out node and_ln31_8)   --->   "%xor_ln31_5 = xor i1 %tmp_40, i1 1" [pedal_c.cpp:31]   --->   Operation 281 'xor' 'xor_ln31_5' <Predicate = true> <Delay = 0.00> <CoreInst = "LogicGate">   --->   Core 74 'LogicGate' <Latency = 0> <II = 1> <Delay = 0.28> <FuncUnit> <Opcode : 'and' 'or' 'xor'> <InPorts = 2> <OutPorts = 1>
ST_37 : Operation 282 [1/1] (0.28ns) (out node of the LUT)   --->   "%and_ln31_8 = and i1 %or_ln31_3, i1 %xor_ln31_5" [pedal_c.cpp:31]   --->   Operation 282 'and' 'and_ln31_8' <Predicate = true> <Delay = 0.28> <CoreInst = "LogicGate">   --->   Core 74 'LogicGate' <Latency = 0> <II = 1> <Delay = 0.28> <FuncUnit> <Opcode : 'and' 'or' 'xor'> <InPorts = 2> <OutPorts = 1>
ST_37 : Operation 283 [1/1] (0.00ns) (grouped into LUT with out node xor_ln31_6)   --->   "%and_ln31_9 = and i1 %tmp_47, i1 %deleted_ones_0_i" [pedal_c.cpp:31]   --->   Operation 283 'and' 'and_ln31_9' <Predicate = true> <Delay = 0.00> <CoreInst = "LogicGate">   --->   Core 74 'LogicGate' <Latency = 0> <II = 1> <Delay = 0.28> <FuncUnit> <Opcode : 'and' 'or' 'xor'> <InPorts = 2> <OutPorts = 1>
ST_37 : Operation 284 [1/1] (0.28ns) (out node of the LUT)   --->   "%xor_ln31_6 = xor i1 %and_ln31_9, i1 1" [pedal_c.cpp:31]   --->   Operation 284 'xor' 'xor_ln31_6' <Predicate = true> <Delay = 0.28> <CoreInst = "LogicGate">   --->   Core 74 'LogicGate' <Latency = 0> <II = 1> <Delay = 0.28> <FuncUnit> <Opcode : 'and' 'or' 'xor'> <InPorts = 2> <OutPorts = 1>
ST_37 : Operation 285 [1/1] (0.00ns) (grouped into LUT with out node sel_tmp2)   --->   "%and_ln31_10 = and i1 %neg_src_0_i, i1 %xor_ln31_6" [pedal_c.cpp:31]   --->   Operation 285 'and' 'and_ln31_10' <Predicate = true> <Delay = 0.00> <CoreInst = "LogicGate">   --->   Core 74 'LogicGate' <Latency = 0> <II = 1> <Delay = 0.28> <FuncUnit> <Opcode : 'and' 'or' 'xor'> <InPorts = 2> <OutPorts = 1>
ST_37 : Operation 286 [1/1] (0.00ns) (grouped into LUT with out node sel_tmp2)   --->   "%or_ln31_4 = or i1 %and_ln31_10, i1 %and_ln31_8" [pedal_c.cpp:31]   --->   Operation 286 'or' 'or_ln31_4' <Predicate = true> <Delay = 0.00> <CoreInst = "LogicGate">   --->   Core 74 'LogicGate' <Latency = 0> <II = 1> <Delay = 0.28> <FuncUnit> <Opcode : 'and' 'or' 'xor'> <InPorts = 2> <OutPorts = 1>
ST_37 : Operation 287 [1/1] (0.00ns) (grouped into LUT with out node ref_tmp_i_i42_4)   --->   "%select_ln31_7 = select i1 %and_ln31_8, i32 2147483647, i32 2147483648" [pedal_c.cpp:31]   --->   Operation 287 'select' 'select_ln31_7' <Predicate = true> <Delay = 0.00> <CoreInst = "Sel">   --->   Core 73 'Sel' <Latency = 0> <II = 1> <Delay = 0.44> <FuncUnit> <Opcode : 'select'> <InPorts = 3> <OutPorts = 1>
ST_37 : Operation 288 [1/1] (0.00ns) (grouped into LUT with out node sel_tmp2)   --->   "%xor_ln31_7 = xor i1 %icmp_ln31_4, i1 1" [pedal_c.cpp:31]   --->   Operation 288 'xor' 'xor_ln31_7' <Predicate = true> <Delay = 0.00> <CoreInst = "LogicGate">   --->   Core 74 'LogicGate' <Latency = 0> <II = 1> <Delay = 0.28> <FuncUnit> <Opcode : 'and' 'or' 'xor'> <InPorts = 2> <OutPorts = 1>
ST_37 : Operation 289 [1/1] (0.00ns) (grouped into LUT with out node sel_tmp2)   --->   "%and_ln31_23 = and i1 %or_ln31_4, i1 %xor_ln31_7" [pedal_c.cpp:31]   --->   Operation 289 'and' 'and_ln31_23' <Predicate = true> <Delay = 0.00> <CoreInst = "LogicGate">   --->   Core 74 'LogicGate' <Latency = 0> <II = 1> <Delay = 0.28> <FuncUnit> <Opcode : 'and' 'or' 'xor'> <InPorts = 2> <OutPorts = 1>
ST_37 : Operation 290 [1/1] (0.00ns) (grouped into LUT with out node sel_tmp2)   --->   "%and_ln31_24 = and i1 %and_ln31_23, i1 %icmp_ln31_14" [pedal_c.cpp:31]   --->   Operation 290 'and' 'and_ln31_24' <Predicate = true> <Delay = 0.00> <CoreInst = "LogicGate">   --->   Core 74 'LogicGate' <Latency = 0> <II = 1> <Delay = 0.28> <FuncUnit> <Opcode : 'and' 'or' 'xor'> <InPorts = 2> <OutPorts = 1>
ST_37 : Operation 291 [1/1] (0.28ns) (out node of the LUT)   --->   "%sel_tmp2 = bitconcatenate i2 @_ssdm_op_BitConcatenate.i2.i1.i1, i1 %icmp_ln31_4, i1 %and_ln31_24" [pedal_c.cpp:31]   --->   Operation 291 'bitconcatenate' 'sel_tmp2' <Predicate = true> <Delay = 0.28>
ST_37 : Operation 292 [1/1] (0.44ns) (out node of the LUT)   --->   "%ref_tmp_i_i42_4 = sparsemux i32 @_ssdm_op_SparseMux.ap_auto.3i32.i32.i2, i2 2, i32 0, i2 1, i32 %select_ln31_7, i2 0, i32 %ref_tmp_i_i, i32 0, i2 %sel_tmp2" [pedal_c.cpp:31]   --->   Operation 292 'sparsemux' 'ref_tmp_i_i42_4' <Predicate = true> <Delay = 0.44> <CoreInst = "SparseMux">   --->   Core 144 'SparseMux' <Latency = 0> <II = 1> <Delay = 0.42> <FuncUnit> <Opcode : 'sparsemux'> <InPorts = 2> <OutPorts = 1>

State 38 <SV = 37> <Delay = 7.79>
ST_38 : Operation 293 [1/1] (0.00ns)   --->   "%sext_ln31_3 = sext i32 %ref_tmp_i_i42_4" [pedal_c.cpp:31]   --->   Operation 293 'sext' 'sext_ln31_3' <Predicate = true> <Delay = 0.00>
ST_38 : Operation 294 [1/1] (3.42ns)   --->   "%mul_ln31 = mul i59 %sext_ln31_3, i59 109226666" [pedal_c.cpp:31]   --->   Operation 294 'mul' 'mul_ln31' <Predicate = true> <Delay = 3.42> <CoreInst = "Multiplier">   --->   Core 3 'Multiplier' <Latency = 0> <II = 1> <Delay = 3.42> <FuncUnit> <Opcode : 'mul'> <InPorts = 2> <OutPorts = 1>
ST_38 : Operation 295 [1/1] (0.00ns)   --->   "%tmp_50 = bitselect i1 @_ssdm_op_BitSelect.i1.i59.i32, i59 %mul_ln31, i32 58" [pedal_c.cpp:31]   --->   Operation 295 'bitselect' 'tmp_50' <Predicate = true> <Delay = 0.00>
ST_38 : Operation 296 [1/1] (0.00ns) (grouped into LUT with out node result_1)   --->   "%result = partselect i32 @_ssdm_op_PartSelect.i32.i59.i32.i32, i59 %mul_ln31, i32 16, i32 47" [pedal_c.cpp:31]   --->   Operation 296 'partselect' 'result' <Predicate = true> <Delay = 0.00>
ST_38 : Operation 297 [1/1] (0.00ns) (grouped into LUT with out node result_1)   --->   "%tmp_51 = bitselect i1 @_ssdm_op_BitSelect.i1.i59.i32, i59 %mul_ln31, i32 15" [pedal_c.cpp:31]   --->   Operation 297 'bitselect' 'tmp_51' <Predicate = true> <Delay = 0.00>
ST_38 : Operation 298 [1/1] (0.00ns)   --->   "%trunc_ln31_10 = trunc i59 %mul_ln31" [pedal_c.cpp:31]   --->   Operation 298 'trunc' 'trunc_ln31_10' <Predicate = true> <Delay = 0.00>
ST_38 : Operation 299 [1/1] (0.84ns)   --->   "%icmp_ln31_22 = icmp_ne  i15 %trunc_ln31_10, i15 0" [pedal_c.cpp:31]   --->   Operation 299 'icmp' 'icmp_ln31_22' <Predicate = true> <Delay = 0.84> <CoreInst = "Cmp">   --->   Core 9 'Cmp' <Latency = 0> <II = 1> <Delay = 0.84> <FuncUnit> <Opcode : 'seteq' 'setne' 'setle' 'setge' 'setlt' 'setgt'> <InPorts = 2> <OutPorts = 1>
ST_38 : Operation 300 [1/1] (0.00ns) (grouped into LUT with out node and_ln31_12)   --->   "%tmp_52 = bitselect i1 @_ssdm_op_BitSelect.i1.i59.i32, i59 %mul_ln31, i32 47" [pedal_c.cpp:31]   --->   Operation 300 'bitselect' 'tmp_52' <Predicate = true> <Delay = 0.00>
ST_38 : Operation 301 [1/1] (0.00ns) (grouped into LUT with out node result_1)   --->   "%tmp_53 = bitselect i1 @_ssdm_op_BitSelect.i1.i59.i32, i59 %mul_ln31, i32 16" [pedal_c.cpp:31]   --->   Operation 301 'bitselect' 'tmp_53' <Predicate = true> <Delay = 0.00>
ST_38 : Operation 302 [1/1] (0.00ns) (grouped into LUT with out node result_1)   --->   "%or_ln31_5 = or i1 %tmp_53, i1 %icmp_ln31_22" [pedal_c.cpp:31]   --->   Operation 302 'or' 'or_ln31_5' <Predicate = true> <Delay = 0.00> <CoreInst = "LogicGate">   --->   Core 74 'LogicGate' <Latency = 0> <II = 1> <Delay = 0.28> <FuncUnit> <Opcode : 'and' 'or' 'xor'> <InPorts = 2> <OutPorts = 1>
ST_38 : Operation 303 [1/1] (0.00ns) (grouped into LUT with out node result_1)   --->   "%and_ln31_11 = and i1 %or_ln31_5, i1 %tmp_51" [pedal_c.cpp:31]   --->   Operation 303 'and' 'and_ln31_11' <Predicate = true> <Delay = 0.00> <CoreInst = "LogicGate">   --->   Core 74 'LogicGate' <Latency = 0> <II = 1> <Delay = 0.28> <FuncUnit> <Opcode : 'and' 'or' 'xor'> <InPorts = 2> <OutPorts = 1>
ST_38 : Operation 304 [1/1] (0.00ns) (grouped into LUT with out node result_1)   --->   "%zext_ln31_10 = zext i1 %and_ln31_11" [pedal_c.cpp:31]   --->   Operation 304 'zext' 'zext_ln31_10' <Predicate = true> <Delay = 0.00>
ST_38 : Operation 305 [1/1] (1.01ns) (out node of the LUT)   --->   "%result_1 = add i32 %result, i32 %zext_ln31_10" [pedal_c.cpp:31]   --->   Operation 305 'add' 'result_1' <Predicate = true> <Delay = 1.01> <CoreInst = "Adder">   --->   Core 1 'Adder' <Latency = 0> <II = 1> <Delay = 1.01> <FuncUnit> <Opcode : 'add' 'sub'> <InPorts = 2> <OutPorts = 1>
ST_38 : Operation 306 [1/1] (0.00ns)   --->   "%tmp_54 = bitselect i1 @_ssdm_op_BitSelect.i1.i32.i32, i32 %result_1, i32 31" [pedal_c.cpp:31]   --->   Operation 306 'bitselect' 'tmp_54' <Predicate = true> <Delay = 0.00>
ST_38 : Operation 307 [1/1] (0.00ns) (grouped into LUT with out node and_ln31_12)   --->   "%xor_ln31_8 = xor i1 %tmp_54, i1 1" [pedal_c.cpp:31]   --->   Operation 307 'xor' 'xor_ln31_8' <Predicate = true> <Delay = 0.00> <CoreInst = "LogicGate">   --->   Core 74 'LogicGate' <Latency = 0> <II = 1> <Delay = 0.28> <FuncUnit> <Opcode : 'and' 'or' 'xor'> <InPorts = 2> <OutPorts = 1>
ST_38 : Operation 308 [1/1] (0.28ns) (out node of the LUT)   --->   "%and_ln31_12 = and i1 %tmp_52, i1 %xor_ln31_8" [pedal_c.cpp:31]   --->   Operation 308 'and' 'and_ln31_12' <Predicate = true> <Delay = 0.28> <CoreInst = "LogicGate">   --->   Core 74 'LogicGate' <Latency = 0> <II = 1> <Delay = 0.28> <FuncUnit> <Opcode : 'and' 'or' 'xor'> <InPorts = 2> <OutPorts = 1>
ST_38 : Operation 309 [1/1] (0.00ns) (grouped into LUT with out node xor_ln31_13)   --->   "%tmp_55 = bitselect i1 @_ssdm_op_BitSelect.i1.i59.i32, i59 %mul_ln31, i32 48" [pedal_c.cpp:31]   --->   Operation 309 'bitselect' 'tmp_55' <Predicate = true> <Delay = 0.00>
ST_38 : Operation 310 [1/1] (0.00ns)   --->   "%tmp_20 = partselect i10 @_ssdm_op_PartSelect.i10.i59.i32.i32, i59 %mul_ln31, i32 49, i32 58" [pedal_c.cpp:31]   --->   Operation 310 'partselect' 'tmp_20' <Predicate = true> <Delay = 0.00>
ST_38 : Operation 311 [1/1] (0.78ns)   --->   "%icmp_ln31_23 = icmp_eq  i10 %tmp_20, i10 1023" [pedal_c.cpp:31]   --->   Operation 311 'icmp' 'icmp_ln31_23' <Predicate = true> <Delay = 0.78> <CoreInst = "Cmp">   --->   Core 9 'Cmp' <Latency = 0> <II = 1> <Delay = 0.78> <FuncUnit> <Opcode : 'seteq' 'setne' 'setle' 'setge' 'setlt' 'setgt'> <InPorts = 2> <OutPorts = 1>
ST_38 : Operation 312 [1/1] (0.00ns)   --->   "%tmp_21 = partselect i11 @_ssdm_op_PartSelect.i11.i59.i32.i32, i59 %mul_ln31, i32 48, i32 58" [pedal_c.cpp:31]   --->   Operation 312 'partselect' 'tmp_21' <Predicate = true> <Delay = 0.00>
ST_38 : Operation 313 [1/1] (0.79ns)   --->   "%icmp_ln31_24 = icmp_eq  i11 %tmp_21, i11 2047" [pedal_c.cpp:31]   --->   Operation 313 'icmp' 'icmp_ln31_24' <Predicate = true> <Delay = 0.79> <CoreInst = "Cmp">   --->   Core 9 'Cmp' <Latency = 0> <II = 1> <Delay = 0.79> <FuncUnit> <Opcode : 'seteq' 'setne' 'setle' 'setge' 'setlt' 'setgt'> <InPorts = 2> <OutPorts = 1>
ST_38 : Operation 314 [1/1] (0.79ns)   --->   "%icmp_ln31_25 = icmp_eq  i11 %tmp_21, i11 0" [pedal_c.cpp:31]   --->   Operation 314 'icmp' 'icmp_ln31_25' <Predicate = true> <Delay = 0.79> <CoreInst = "Cmp">   --->   Core 9 'Cmp' <Latency = 0> <II = 1> <Delay = 0.79> <FuncUnit> <Opcode : 'seteq' 'setne' 'setle' 'setge' 'setlt' 'setgt'> <InPorts = 2> <OutPorts = 1>
ST_38 : Operation 315 [1/1] (0.00ns) (grouped into LUT with out node and_ln31_15)   --->   "%select_ln31_9 = select i1 %and_ln31_12, i1 %icmp_ln31_24, i1 %icmp_ln31_25" [pedal_c.cpp:31]   --->   Operation 315 'select' 'select_ln31_9' <Predicate = true> <Delay = 0.00> <CoreInst = "Sel">   --->   Core 73 'Sel' <Latency = 0> <II = 1> <Delay = 0.17> <FuncUnit> <Opcode : 'select'> <InPorts = 3> <OutPorts = 1>
ST_38 : Operation 316 [1/1] (0.00ns) (grouped into LUT with out node xor_ln31_13)   --->   "%xor_ln31_9 = xor i1 %tmp_55, i1 1" [pedal_c.cpp:31]   --->   Operation 316 'xor' 'xor_ln31_9' <Predicate = true> <Delay = 0.00> <CoreInst = "LogicGate">   --->   Core 74 'LogicGate' <Latency = 0> <II = 1> <Delay = 0.28> <FuncUnit> <Opcode : 'and' 'or' 'xor'> <InPorts = 2> <OutPorts = 1>
ST_38 : Operation 317 [1/1] (0.00ns) (grouped into LUT with out node xor_ln31_13)   --->   "%and_ln31_13 = and i1 %icmp_ln31_23, i1 %xor_ln31_9" [pedal_c.cpp:31]   --->   Operation 317 'and' 'and_ln31_13' <Predicate = true> <Delay = 0.00> <CoreInst = "LogicGate">   --->   Core 74 'LogicGate' <Latency = 0> <II = 1> <Delay = 0.28> <FuncUnit> <Opcode : 'and' 'or' 'xor'> <InPorts = 2> <OutPorts = 1>
ST_38 : Operation 318 [1/1] (0.00ns) (grouped into LUT with out node xor_ln31_13)   --->   "%select_ln31_10 = select i1 %and_ln31_12, i1 %and_ln31_13, i1 %icmp_ln31_24" [pedal_c.cpp:31]   --->   Operation 318 'select' 'select_ln31_10' <Predicate = true> <Delay = 0.00> <CoreInst = "Sel">   --->   Core 73 'Sel' <Latency = 0> <II = 1> <Delay = 0.17> <FuncUnit> <Opcode : 'select'> <InPorts = 3> <OutPorts = 1>
ST_38 : Operation 319 [1/1] (0.00ns) (grouped into LUT with out node or_ln31_7)   --->   "%and_ln31_14 = and i1 %and_ln31_12, i1 %icmp_ln31_24" [pedal_c.cpp:31]   --->   Operation 319 'and' 'and_ln31_14' <Predicate = true> <Delay = 0.00> <CoreInst = "LogicGate">   --->   Core 74 'LogicGate' <Latency = 0> <II = 1> <Delay = 0.28> <FuncUnit> <Opcode : 'and' 'or' 'xor'> <InPorts = 2> <OutPorts = 1>
ST_38 : Operation 320 [1/1] (0.00ns) (grouped into LUT with out node or_ln31_7)   --->   "%xor_ln31_10 = xor i1 %and_ln31_14, i1 1" [pedal_c.cpp:31]   --->   Operation 320 'xor' 'xor_ln31_10' <Predicate = true> <Delay = 0.00> <CoreInst = "LogicGate">   --->   Core 74 'LogicGate' <Latency = 0> <II = 1> <Delay = 0.28> <FuncUnit> <Opcode : 'and' 'or' 'xor'> <InPorts = 2> <OutPorts = 1>
ST_38 : Operation 321 [1/1] (0.00ns) (grouped into LUT with out node or_ln31_7)   --->   "%empty = and i1 %tmp_50, i1 %xor_ln31_10" [pedal_c.cpp:31]   --->   Operation 321 'and' 'empty' <Predicate = true> <Delay = 0.00> <CoreInst = "LogicGate">   --->   Core 74 'LogicGate' <Latency = 0> <II = 1> <Delay = 0.28> <FuncUnit> <Opcode : 'and' 'or' 'xor'> <InPorts = 2> <OutPorts = 1>
ST_38 : Operation 322 [1/1] (0.00ns) (grouped into LUT with out node and_ln31_15)   --->   "%xor_ln31_11 = xor i1 %select_ln31_9, i1 1" [pedal_c.cpp:31]   --->   Operation 322 'xor' 'xor_ln31_11' <Predicate = true> <Delay = 0.00> <CoreInst = "LogicGate">   --->   Core 74 'LogicGate' <Latency = 0> <II = 1> <Delay = 0.28> <FuncUnit> <Opcode : 'and' 'or' 'xor'> <InPorts = 2> <OutPorts = 1>
ST_38 : Operation 323 [1/1] (0.00ns) (grouped into LUT with out node and_ln31_15)   --->   "%or_ln31_6 = or i1 %tmp_54, i1 %xor_ln31_11" [pedal_c.cpp:31]   --->   Operation 323 'or' 'or_ln31_6' <Predicate = true> <Delay = 0.00> <CoreInst = "LogicGate">   --->   Core 74 'LogicGate' <Latency = 0> <II = 1> <Delay = 0.28> <FuncUnit> <Opcode : 'and' 'or' 'xor'> <InPorts = 2> <OutPorts = 1>
ST_38 : Operation 324 [1/1] (0.00ns) (grouped into LUT with out node and_ln31_15)   --->   "%xor_ln31_12 = xor i1 %tmp_50, i1 1" [pedal_c.cpp:31]   --->   Operation 324 'xor' 'xor_ln31_12' <Predicate = true> <Delay = 0.00> <CoreInst = "LogicGate">   --->   Core 74 'LogicGate' <Latency = 0> <II = 1> <Delay = 0.28> <FuncUnit> <Opcode : 'and' 'or' 'xor'> <InPorts = 2> <OutPorts = 1>
ST_38 : Operation 325 [1/1] (0.28ns) (out node of the LUT)   --->   "%and_ln31_15 = and i1 %or_ln31_6, i1 %xor_ln31_12" [pedal_c.cpp:31]   --->   Operation 325 'and' 'and_ln31_15' <Predicate = true> <Delay = 0.28> <CoreInst = "LogicGate">   --->   Core 74 'LogicGate' <Latency = 0> <II = 1> <Delay = 0.28> <FuncUnit> <Opcode : 'and' 'or' 'xor'> <InPorts = 2> <OutPorts = 1>
ST_38 : Operation 326 [1/1] (0.00ns) (grouped into LUT with out node xor_ln31_13)   --->   "%and_ln31_16 = and i1 %tmp_54, i1 %select_ln31_10" [pedal_c.cpp:31]   --->   Operation 326 'and' 'and_ln31_16' <Predicate = true> <Delay = 0.00> <CoreInst = "LogicGate">   --->   Core 74 'LogicGate' <Latency = 0> <II = 1> <Delay = 0.28> <FuncUnit> <Opcode : 'and' 'or' 'xor'> <InPorts = 2> <OutPorts = 1>
ST_38 : Operation 327 [1/1] (0.28ns) (out node of the LUT)   --->   "%xor_ln31_13 = xor i1 %and_ln31_16, i1 1" [pedal_c.cpp:31]   --->   Operation 327 'xor' 'xor_ln31_13' <Predicate = true> <Delay = 0.28> <CoreInst = "LogicGate">   --->   Core 74 'LogicGate' <Latency = 0> <II = 1> <Delay = 0.28> <FuncUnit> <Opcode : 'and' 'or' 'xor'> <InPorts = 2> <OutPorts = 1>
ST_38 : Operation 328 [1/1] (0.00ns) (grouped into LUT with out node or_ln31_7)   --->   "%and_ln31_17 = and i1 %empty, i1 %xor_ln31_13" [pedal_c.cpp:31]   --->   Operation 328 'and' 'and_ln31_17' <Predicate = true> <Delay = 0.00> <CoreInst = "LogicGate">   --->   Core 74 'LogicGate' <Latency = 0> <II = 1> <Delay = 0.28> <FuncUnit> <Opcode : 'and' 'or' 'xor'> <InPorts = 2> <OutPorts = 1>
ST_38 : Operation 329 [1/1] (0.00ns) (grouped into LUT with out node result_2)   --->   "%select_ln31_11 = select i1 %and_ln31_15, i32 2147483647, i32 2147483648" [pedal_c.cpp:31]   --->   Operation 329 'select' 'select_ln31_11' <Predicate = true> <Delay = 0.00> <CoreInst = "Sel">   --->   Core 73 'Sel' <Latency = 0> <II = 1> <Delay = 0.44> <FuncUnit> <Opcode : 'select'> <InPorts = 3> <OutPorts = 1>
ST_38 : Operation 330 [1/1] (0.28ns) (out node of the LUT)   --->   "%or_ln31_7 = or i1 %and_ln31_15, i1 %and_ln31_17" [pedal_c.cpp:31]   --->   Operation 330 'or' 'or_ln31_7' <Predicate = true> <Delay = 0.28> <CoreInst = "LogicGate">   --->   Core 74 'LogicGate' <Latency = 0> <II = 1> <Delay = 0.28> <FuncUnit> <Opcode : 'and' 'or' 'xor'> <InPorts = 2> <OutPorts = 1>
ST_38 : Operation 331 [1/1] (0.44ns) (out node of the LUT)   --->   "%result_2 = select i1 %or_ln31_7, i32 %select_ln31_11, i32 %result_1" [pedal_c.cpp:31]   --->   Operation 331 'select' 'result_2' <Predicate = true> <Delay = 0.44> <CoreInst = "Sel">   --->   Core 73 'Sel' <Latency = 0> <II = 1> <Delay = 0.44> <FuncUnit> <Opcode : 'select'> <InPorts = 3> <OutPorts = 1>
ST_38 : Operation 332 [1/1] (0.00ns)   --->   "%tmp_56 = partselect i16 @_ssdm_op_PartSelect.i16.i32.i32.i32, i32 %result_2, i32 16, i32 31" [pedal_c.cpp:32]   --->   Operation 332 'partselect' 'tmp_56' <Predicate = true> <Delay = 0.00>
ST_38 : Operation 333 [1/1] (0.00ns) (grouped into LUT with out node ref_tmp_i_0)   --->   "%tmp_57 = bitselect i1 @_ssdm_op_BitSelect.i1.i32.i32, i32 %result_2, i32 31" [pedal_c.cpp:32]   --->   Operation 333 'bitselect' 'tmp_57' <Predicate = true> <Delay = 0.00>
ST_38 : Operation 334 [1/1] (0.00ns)   --->   "%trunc_ln32 = trunc i32 %result_2" [pedal_c.cpp:32]   --->   Operation 334 'trunc' 'trunc_ln32' <Predicate = true> <Delay = 0.00>
ST_38 : Operation 335 [1/1] (0.85ns)   --->   "%icmp_ln32 = icmp_ne  i16 %trunc_ln32, i16 0" [pedal_c.cpp:32]   --->   Operation 335 'icmp' 'icmp_ln32' <Predicate = true> <Delay = 0.85> <CoreInst = "Cmp">   --->   Core 9 'Cmp' <Latency = 0> <II = 1> <Delay = 0.85> <FuncUnit> <Opcode : 'seteq' 'setne' 'setle' 'setge' 'setlt' 'setgt'> <InPorts = 2> <OutPorts = 1>
ST_38 : Operation 336 [1/1] (0.85ns)   --->   "%add_ln32 = add i16 %tmp_56, i16 1" [pedal_c.cpp:32]   --->   Operation 336 'add' 'add_ln32' <Predicate = true> <Delay = 0.85> <CoreInst = "Adder">   --->   Core 1 'Adder' <Latency = 0> <II = 1> <Delay = 0.85> <FuncUnit> <Opcode : 'add' 'sub'> <InPorts = 2> <OutPorts = 1>
ST_38 : Operation 337 [1/1] (0.00ns) (grouped into LUT with out node ref_tmp_i_0)   --->   "%select_ln32 = select i1 %icmp_ln32, i16 %add_ln32, i16 %tmp_56" [pedal_c.cpp:32]   --->   Operation 337 'select' 'select_ln32' <Predicate = true> <Delay = 0.00> <CoreInst = "Sel">   --->   Core 73 'Sel' <Latency = 0> <II = 1> <Delay = 0.35> <FuncUnit> <Opcode : 'select'> <InPorts = 3> <OutPorts = 1>
ST_38 : Operation 338 [1/1] (0.35ns) (out node of the LUT)   --->   "%ref_tmp_i_0 = select i1 %tmp_57, i16 %select_ln32, i16 %tmp_56" [pedal_c.cpp:32]   --->   Operation 338 'select' 'ref_tmp_i_0' <Predicate = true> <Delay = 0.35> <CoreInst = "Sel">   --->   Core 73 'Sel' <Latency = 0> <II = 1> <Delay = 0.35> <FuncUnit> <Opcode : 'select'> <InPorts = 3> <OutPorts = 1>
ST_38 : Operation 339 [1/1] (0.00ns)   --->   "%ret_ln32 = ret i16 %ref_tmp_i_0" [pedal_c.cpp:32]   --->   Operation 339 'ret' 'ret_ln32' <Predicate = true> <Delay = 0.00>


============================================================
+ Verbose Summary: Timing violations
============================================================
Target clock period: 15.000ns, clock uncertainty: 4.050ns.

 <State 1>: 10.050ns
The critical path consists of the following:
	wire read operation ('data_read', pedal_c.cpp:28) on port 'data' (pedal_c.cpp:28) [5]  (0.000 ns)
	'icmp' operation 1 bit ('icmp_ln28', pedal_c.cpp:28) [10]  (0.853 ns)
	'or' operation 1 bit ('or_ln28', pedal_c.cpp:28) [11]  (0.000 ns)
	'and' operation 1 bit ('and_ln28', pedal_c.cpp:28) [13]  (0.287 ns)
	'select' operation 32 bit ('select_ln28', pedal_c.cpp:28) [19]  (0.000 ns)
	'select' operation 32 bit ('select_ln28_1', pedal_c.cpp:28) [20]  (0.449 ns)
	'mul' operation 97 bit ('mul_ln28_1', pedal_c.cpp:28) [23]  (3.900 ns)
	'sub' operation 97 bit ('sub_ln28', pedal_c.cpp:28) [24]  (1.340 ns)
	'select' operation 22 bit ('select_ln28_4', pedal_c.cpp:28) [29]  (0.000 ns)
	'sub' operation 41 bit ('sub_ln28_1', pedal_c.cpp:28) [31]  (0.914 ns)
	'select' operation 41 bit ('select_ln28_3', pedal_c.cpp:28) [32]  (0.321 ns)
	'shl' operation 41 bit ('shl_ln28_2', pedal_c.cpp:28) [33]  (0.000 ns)
	'add' operation 41 bit ('add_ln28', pedal_c.cpp:28) [35]  (1.041 ns)
	'add' operation 26 bit ('x', pedal_c.cpp:28) [43]  (0.945 ns)

 <State 2>: 9.534ns
The critical path consists of the following:
	'xor' operation 1 bit ('xor_ln28_2', pedal_c.cpp:28) [46]  (0.287 ns)
	'and' operation 1 bit ('and_ln28_3', pedal_c.cpp:28) [51]  (0.000 ns)
	'select' operation 32 bit ('x', pedal_c.cpp:28) [52]  (0.449 ns)
	'sub' operation 32 bit ('sub_ln31', pedal_c.cpp:31) [55]  (1.016 ns)
	'select' operation 32 bit ('select_ln31', pedal_c.cpp:31) [56]  (0.449 ns)
	'cttz' operation 32 bit ('tmp_31', pedal_c.cpp:31) [58]  (0.567 ns)
	'sub' operation 32 bit ('sub_ln31_1', pedal_c.cpp:31) [60]  (1.016 ns)
	'sub' operation 5 bit ('sub_ln31_7', pedal_c.cpp:31) [65]  (0.789 ns)
	'lshr' operation 32 bit ('lshr_ln31_4', pedal_c.cpp:31) [67]  (0.680 ns)
	'and' operation 32 bit ('and_ln31_25', pedal_c.cpp:31) [68]  (0.000 ns)
	'icmp' operation 1 bit ('icmp_ln31_2', pedal_c.cpp:31) [69]  (1.016 ns)
	'and' operation 1 bit ('phi_ln31', pedal_c.cpp:31) [70]  (0.000 ns)
	'or' operation 1 bit ('or_ln31_2', pedal_c.cpp:31) [75]  (0.000 ns)
	'add' operation 64 bit ('add_ln31_2', pedal_c.cpp:31) [87]  (1.085 ns)
	'select' operation 8 bit ('select_ln31_1', pedal_c.cpp:31) [91]  (0.393 ns)
	'add' operation 8 bit ('add_ln31_3', pedal_c.cpp:31) [93]  (1.051 ns)
	'select' operation 32 bit ('x', pedal_c.cpp:31) [98]  (0.449 ns)
	blocking operation 0.287 ns on control path)

 <State 3>: 10.544ns
The critical path consists of the following:
	'call' operation 32 bit ('tmp_36', C:\scratch\2024.1\hls_product\545\2024.1\src\shared\hls\clib\hlsmath\src\c++\tanhfloat.cpp:7->C:\scratch\2024.1\hls_product\545\2024.1\src\shared\hls\clib\hlsmath\src\c++\tanhfloat.cpp:11->pedal_c.cpp:31) to 'generic_tanh<float>' [99]  (10.544 ns)

 <State 4>: 10.544ns
The critical path consists of the following:
	'call' operation 32 bit ('tmp_36', C:\scratch\2024.1\hls_product\545\2024.1\src\shared\hls\clib\hlsmath\src\c++\tanhfloat.cpp:7->C:\scratch\2024.1\hls_product\545\2024.1\src\shared\hls\clib\hlsmath\src\c++\tanhfloat.cpp:11->pedal_c.cpp:31) to 'generic_tanh<float>' [99]  (10.544 ns)

 <State 5>: 10.544ns
The critical path consists of the following:
	'call' operation 32 bit ('tmp_36', C:\scratch\2024.1\hls_product\545\2024.1\src\shared\hls\clib\hlsmath\src\c++\tanhfloat.cpp:7->C:\scratch\2024.1\hls_product\545\2024.1\src\shared\hls\clib\hlsmath\src\c++\tanhfloat.cpp:11->pedal_c.cpp:31) to 'generic_tanh<float>' [99]  (10.544 ns)

 <State 6>: 10.544ns
The critical path consists of the following:
	'call' operation 32 bit ('tmp_36', C:\scratch\2024.1\hls_product\545\2024.1\src\shared\hls\clib\hlsmath\src\c++\tanhfloat.cpp:7->C:\scratch\2024.1\hls_product\545\2024.1\src\shared\hls\clib\hlsmath\src\c++\tanhfloat.cpp:11->pedal_c.cpp:31) to 'generic_tanh<float>' [99]  (10.544 ns)

 <State 7>: 10.544ns
The critical path consists of the following:
	'call' operation 32 bit ('tmp_36', C:\scratch\2024.1\hls_product\545\2024.1\src\shared\hls\clib\hlsmath\src\c++\tanhfloat.cpp:7->C:\scratch\2024.1\hls_product\545\2024.1\src\shared\hls\clib\hlsmath\src\c++\tanhfloat.cpp:11->pedal_c.cpp:31) to 'generic_tanh<float>' [99]  (10.544 ns)

 <State 8>: 10.544ns
The critical path consists of the following:
	'call' operation 32 bit ('tmp_36', C:\scratch\2024.1\hls_product\545\2024.1\src\shared\hls\clib\hlsmath\src\c++\tanhfloat.cpp:7->C:\scratch\2024.1\hls_product\545\2024.1\src\shared\hls\clib\hlsmath\src\c++\tanhfloat.cpp:11->pedal_c.cpp:31) to 'generic_tanh<float>' [99]  (10.544 ns)

 <State 9>: 10.544ns
The critical path consists of the following:
	'call' operation 32 bit ('tmp_36', C:\scratch\2024.1\hls_product\545\2024.1\src\shared\hls\clib\hlsmath\src\c++\tanhfloat.cpp:7->C:\scratch\2024.1\hls_product\545\2024.1\src\shared\hls\clib\hlsmath\src\c++\tanhfloat.cpp:11->pedal_c.cpp:31) to 'generic_tanh<float>' [99]  (10.544 ns)

 <State 10>: 10.544ns
The critical path consists of the following:
	'call' operation 32 bit ('tmp_36', C:\scratch\2024.1\hls_product\545\2024.1\src\shared\hls\clib\hlsmath\src\c++\tanhfloat.cpp:7->C:\scratch\2024.1\hls_product\545\2024.1\src\shared\hls\clib\hlsmath\src\c++\tanhfloat.cpp:11->pedal_c.cpp:31) to 'generic_tanh<float>' [99]  (10.544 ns)

 <State 11>: 10.544ns
The critical path consists of the following:
	'call' operation 32 bit ('tmp_36', C:\scratch\2024.1\hls_product\545\2024.1\src\shared\hls\clib\hlsmath\src\c++\tanhfloat.cpp:7->C:\scratch\2024.1\hls_product\545\2024.1\src\shared\hls\clib\hlsmath\src\c++\tanhfloat.cpp:11->pedal_c.cpp:31) to 'generic_tanh<float>' [99]  (10.544 ns)

 <State 12>: 10.544ns
The critical path consists of the following:
	'call' operation 32 bit ('tmp_36', C:\scratch\2024.1\hls_product\545\2024.1\src\shared\hls\clib\hlsmath\src\c++\tanhfloat.cpp:7->C:\scratch\2024.1\hls_product\545\2024.1\src\shared\hls\clib\hlsmath\src\c++\tanhfloat.cpp:11->pedal_c.cpp:31) to 'generic_tanh<float>' [99]  (10.544 ns)

 <State 13>: 10.544ns
The critical path consists of the following:
	'call' operation 32 bit ('tmp_36', C:\scratch\2024.1\hls_product\545\2024.1\src\shared\hls\clib\hlsmath\src\c++\tanhfloat.cpp:7->C:\scratch\2024.1\hls_product\545\2024.1\src\shared\hls\clib\hlsmath\src\c++\tanhfloat.cpp:11->pedal_c.cpp:31) to 'generic_tanh<float>' [99]  (10.544 ns)

 <State 14>: 10.544ns
The critical path consists of the following:
	'call' operation 32 bit ('tmp_36', C:\scratch\2024.1\hls_product\545\2024.1\src\shared\hls\clib\hlsmath\src\c++\tanhfloat.cpp:7->C:\scratch\2024.1\hls_product\545\2024.1\src\shared\hls\clib\hlsmath\src\c++\tanhfloat.cpp:11->pedal_c.cpp:31) to 'generic_tanh<float>' [99]  (10.544 ns)

 <State 15>: 10.544ns
The critical path consists of the following:
	'call' operation 32 bit ('tmp_36', C:\scratch\2024.1\hls_product\545\2024.1\src\shared\hls\clib\hlsmath\src\c++\tanhfloat.cpp:7->C:\scratch\2024.1\hls_product\545\2024.1\src\shared\hls\clib\hlsmath\src\c++\tanhfloat.cpp:11->pedal_c.cpp:31) to 'generic_tanh<float>' [99]  (10.544 ns)

 <State 16>: 10.544ns
The critical path consists of the following:
	'call' operation 32 bit ('tmp_36', C:\scratch\2024.1\hls_product\545\2024.1\src\shared\hls\clib\hlsmath\src\c++\tanhfloat.cpp:7->C:\scratch\2024.1\hls_product\545\2024.1\src\shared\hls\clib\hlsmath\src\c++\tanhfloat.cpp:11->pedal_c.cpp:31) to 'generic_tanh<float>' [99]  (10.544 ns)

 <State 17>: 10.544ns
The critical path consists of the following:
	'call' operation 32 bit ('tmp_36', C:\scratch\2024.1\hls_product\545\2024.1\src\shared\hls\clib\hlsmath\src\c++\tanhfloat.cpp:7->C:\scratch\2024.1\hls_product\545\2024.1\src\shared\hls\clib\hlsmath\src\c++\tanhfloat.cpp:11->pedal_c.cpp:31) to 'generic_tanh<float>' [99]  (10.544 ns)

 <State 18>: 10.544ns
The critical path consists of the following:
	'call' operation 32 bit ('tmp_36', C:\scratch\2024.1\hls_product\545\2024.1\src\shared\hls\clib\hlsmath\src\c++\tanhfloat.cpp:7->C:\scratch\2024.1\hls_product\545\2024.1\src\shared\hls\clib\hlsmath\src\c++\tanhfloat.cpp:11->pedal_c.cpp:31) to 'generic_tanh<float>' [99]  (10.544 ns)

 <State 19>: 10.544ns
The critical path consists of the following:
	'call' operation 32 bit ('tmp_36', C:\scratch\2024.1\hls_product\545\2024.1\src\shared\hls\clib\hlsmath\src\c++\tanhfloat.cpp:7->C:\scratch\2024.1\hls_product\545\2024.1\src\shared\hls\clib\hlsmath\src\c++\tanhfloat.cpp:11->pedal_c.cpp:31) to 'generic_tanh<float>' [99]  (10.544 ns)

 <State 20>: 10.544ns
The critical path consists of the following:
	'call' operation 32 bit ('tmp_36', C:\scratch\2024.1\hls_product\545\2024.1\src\shared\hls\clib\hlsmath\src\c++\tanhfloat.cpp:7->C:\scratch\2024.1\hls_product\545\2024.1\src\shared\hls\clib\hlsmath\src\c++\tanhfloat.cpp:11->pedal_c.cpp:31) to 'generic_tanh<float>' [99]  (10.544 ns)

 <State 21>: 10.544ns
The critical path consists of the following:
	'call' operation 32 bit ('tmp_36', C:\scratch\2024.1\hls_product\545\2024.1\src\shared\hls\clib\hlsmath\src\c++\tanhfloat.cpp:7->C:\scratch\2024.1\hls_product\545\2024.1\src\shared\hls\clib\hlsmath\src\c++\tanhfloat.cpp:11->pedal_c.cpp:31) to 'generic_tanh<float>' [99]  (10.544 ns)

 <State 22>: 10.544ns
The critical path consists of the following:
	'call' operation 32 bit ('tmp_36', C:\scratch\2024.1\hls_product\545\2024.1\src\shared\hls\clib\hlsmath\src\c++\tanhfloat.cpp:7->C:\scratch\2024.1\hls_product\545\2024.1\src\shared\hls\clib\hlsmath\src\c++\tanhfloat.cpp:11->pedal_c.cpp:31) to 'generic_tanh<float>' [99]  (10.544 ns)

 <State 23>: 10.544ns
The critical path consists of the following:
	'call' operation 32 bit ('tmp_36', C:\scratch\2024.1\hls_product\545\2024.1\src\shared\hls\clib\hlsmath\src\c++\tanhfloat.cpp:7->C:\scratch\2024.1\hls_product\545\2024.1\src\shared\hls\clib\hlsmath\src\c++\tanhfloat.cpp:11->pedal_c.cpp:31) to 'generic_tanh<float>' [99]  (10.544 ns)

 <State 24>: 10.544ns
The critical path consists of the following:
	'call' operation 32 bit ('tmp_36', C:\scratch\2024.1\hls_product\545\2024.1\src\shared\hls\clib\hlsmath\src\c++\tanhfloat.cpp:7->C:\scratch\2024.1\hls_product\545\2024.1\src\shared\hls\clib\hlsmath\src\c++\tanhfloat.cpp:11->pedal_c.cpp:31) to 'generic_tanh<float>' [99]  (10.544 ns)

 <State 25>: 10.544ns
The critical path consists of the following:
	'call' operation 32 bit ('tmp_36', C:\scratch\2024.1\hls_product\545\2024.1\src\shared\hls\clib\hlsmath\src\c++\tanhfloat.cpp:7->C:\scratch\2024.1\hls_product\545\2024.1\src\shared\hls\clib\hlsmath\src\c++\tanhfloat.cpp:11->pedal_c.cpp:31) to 'generic_tanh<float>' [99]  (10.544 ns)

 <State 26>: 10.544ns
The critical path consists of the following:
	'call' operation 32 bit ('tmp_36', C:\scratch\2024.1\hls_product\545\2024.1\src\shared\hls\clib\hlsmath\src\c++\tanhfloat.cpp:7->C:\scratch\2024.1\hls_product\545\2024.1\src\shared\hls\clib\hlsmath\src\c++\tanhfloat.cpp:11->pedal_c.cpp:31) to 'generic_tanh<float>' [99]  (10.544 ns)

 <State 27>: 10.544ns
The critical path consists of the following:
	'call' operation 32 bit ('tmp_36', C:\scratch\2024.1\hls_product\545\2024.1\src\shared\hls\clib\hlsmath\src\c++\tanhfloat.cpp:7->C:\scratch\2024.1\hls_product\545\2024.1\src\shared\hls\clib\hlsmath\src\c++\tanhfloat.cpp:11->pedal_c.cpp:31) to 'generic_tanh<float>' [99]  (10.544 ns)

 <State 28>: 10.544ns
The critical path consists of the following:
	'call' operation 32 bit ('tmp_36', C:\scratch\2024.1\hls_product\545\2024.1\src\shared\hls\clib\hlsmath\src\c++\tanhfloat.cpp:7->C:\scratch\2024.1\hls_product\545\2024.1\src\shared\hls\clib\hlsmath\src\c++\tanhfloat.cpp:11->pedal_c.cpp:31) to 'generic_tanh<float>' [99]  (10.544 ns)

 <State 29>: 10.544ns
The critical path consists of the following:
	'call' operation 32 bit ('tmp_36', C:\scratch\2024.1\hls_product\545\2024.1\src\shared\hls\clib\hlsmath\src\c++\tanhfloat.cpp:7->C:\scratch\2024.1\hls_product\545\2024.1\src\shared\hls\clib\hlsmath\src\c++\tanhfloat.cpp:11->pedal_c.cpp:31) to 'generic_tanh<float>' [99]  (10.544 ns)

 <State 30>: 10.544ns
The critical path consists of the following:
	'call' operation 32 bit ('tmp_36', C:\scratch\2024.1\hls_product\545\2024.1\src\shared\hls\clib\hlsmath\src\c++\tanhfloat.cpp:7->C:\scratch\2024.1\hls_product\545\2024.1\src\shared\hls\clib\hlsmath\src\c++\tanhfloat.cpp:11->pedal_c.cpp:31) to 'generic_tanh<float>' [99]  (10.544 ns)

 <State 31>: 10.544ns
The critical path consists of the following:
	'call' operation 32 bit ('tmp_36', C:\scratch\2024.1\hls_product\545\2024.1\src\shared\hls\clib\hlsmath\src\c++\tanhfloat.cpp:7->C:\scratch\2024.1\hls_product\545\2024.1\src\shared\hls\clib\hlsmath\src\c++\tanhfloat.cpp:11->pedal_c.cpp:31) to 'generic_tanh<float>' [99]  (10.544 ns)

 <State 32>: 10.544ns
The critical path consists of the following:
	'call' operation 32 bit ('tmp_36', C:\scratch\2024.1\hls_product\545\2024.1\src\shared\hls\clib\hlsmath\src\c++\tanhfloat.cpp:7->C:\scratch\2024.1\hls_product\545\2024.1\src\shared\hls\clib\hlsmath\src\c++\tanhfloat.cpp:11->pedal_c.cpp:31) to 'generic_tanh<float>' [99]  (10.544 ns)

 <State 33>: 10.544ns
The critical path consists of the following:
	'call' operation 32 bit ('tmp_36', C:\scratch\2024.1\hls_product\545\2024.1\src\shared\hls\clib\hlsmath\src\c++\tanhfloat.cpp:7->C:\scratch\2024.1\hls_product\545\2024.1\src\shared\hls\clib\hlsmath\src\c++\tanhfloat.cpp:11->pedal_c.cpp:31) to 'generic_tanh<float>' [99]  (10.544 ns)

 <State 34>: 10.544ns
The critical path consists of the following:
	'call' operation 32 bit ('tmp_36', C:\scratch\2024.1\hls_product\545\2024.1\src\shared\hls\clib\hlsmath\src\c++\tanhfloat.cpp:7->C:\scratch\2024.1\hls_product\545\2024.1\src\shared\hls\clib\hlsmath\src\c++\tanhfloat.cpp:11->pedal_c.cpp:31) to 'generic_tanh<float>' [99]  (10.544 ns)

 <State 35>: 10.544ns
The critical path consists of the following:
	'call' operation 32 bit ('tmp_36', C:\scratch\2024.1\hls_product\545\2024.1\src\shared\hls\clib\hlsmath\src\c++\tanhfloat.cpp:7->C:\scratch\2024.1\hls_product\545\2024.1\src\shared\hls\clib\hlsmath\src\c++\tanhfloat.cpp:11->pedal_c.cpp:31) to 'generic_tanh<float>' [99]  (10.544 ns)

 <State 36>: 10.633ns
The critical path consists of the following:
	'call' operation 32 bit ('tmp_36', C:\scratch\2024.1\hls_product\545\2024.1\src\shared\hls\clib\hlsmath\src\c++\tanhfloat.cpp:7->C:\scratch\2024.1\hls_product\545\2024.1\src\shared\hls\clib\hlsmath\src\c++\tanhfloat.cpp:11->pedal_c.cpp:31) to 'generic_tanh<float>' [99]  (1.023 ns)
	'fpext' operation 64 bit ('pf', pedal_c.cpp:31) [100]  (9.610 ns)

 <State 37>: 7.204ns
The critical path consists of the following:
	'sub' operation 12 bit ('sub_ln31_4', pedal_c.cpp:31) [113]  (0.809 ns)
	'add' operation 12 bit ('add_ln31_7', pedal_c.cpp:31) [138]  (0.809 ns)
	'icmp' operation 1 bit ('icmp_ln31_11', pedal_c.cpp:31) [139]  (0.809 ns)
	'select' operation 6 bit ('select_ln31_13', pedal_c.cpp:31) [142]  (0.000 ns)
	'lshr' operation 54 bit ('lshr_ln31_5', pedal_c.cpp:31) [144]  (0.736 ns)
	'and' operation 54 bit ('and_ln31_26', pedal_c.cpp:31) [145]  (0.000 ns)
	'icmp' operation 1 bit ('icmp_ln31_12', pedal_c.cpp:31) [146]  (1.099 ns)
	'and' operation 1 bit ('cond85_i', pedal_c.cpp:31) [147]  (0.000 ns)
	'or' operation 1 bit ('or_ln31_1', pedal_c.cpp:31) [150]  (0.000 ns)
	'and' operation 1 bit ('and_ln31_1', pedal_c.cpp:31) [151]  (0.287 ns)
	'add' operation 32 bit ('add_ln31_8', pedal_c.cpp:31) [153]  (1.016 ns)
	'sparsemux' operation 32 bit ('ref_tmp_i_i', pedal_c.cpp:31) [162]  (0.476 ns)
	'and' operation 1 bit ('and_ln31_2', pedal_c.cpp:31) [181]  (0.000 ns)
	'sparsemux' operation 1 bit ('neg_src_0_i', pedal_c.cpp:31) [210]  (0.427 ns)
	'and' operation 1 bit ('and_ln31_10', pedal_c.cpp:31) [218]  (0.000 ns)
	'or' operation 1 bit ('or_ln31_4', pedal_c.cpp:31) [219]  (0.000 ns)
	'and' operation 1 bit ('and_ln31_23', pedal_c.cpp:31) [222]  (0.000 ns)
	'and' operation 1 bit ('and_ln31_24', pedal_c.cpp:31) [223]  (0.000 ns)
	'sparsemux' operation 32 bit ('ref_tmp_i_i42_4', pedal_c.cpp:31) [225]  (0.449 ns)
	blocking operation 0.287 ns on control path)

 <State 38>: 7.798ns
The critical path consists of the following:
	'mul' operation 59 bit ('mul_ln31', pedal_c.cpp:31) [227]  (3.420 ns)
	'icmp' operation 1 bit ('icmp_ln31_22', pedal_c.cpp:31) [232]  (0.842 ns)
	'or' operation 1 bit ('or_ln31_5', pedal_c.cpp:31) [235]  (0.000 ns)
	'and' operation 1 bit ('and_ln31_11', pedal_c.cpp:31) [236]  (0.000 ns)
	'add' operation 32 bit ('result', pedal_c.cpp:31) [238]  (1.016 ns)
	'xor' operation 1 bit ('xor_ln31_8', pedal_c.cpp:31) [240]  (0.000 ns)
	'and' operation 1 bit ('and_ln31_12', pedal_c.cpp:31) [241]  (0.287 ns)
	'select' operation 1 bit ('select_ln31_9', pedal_c.cpp:31) [248]  (0.000 ns)
	'xor' operation 1 bit ('xor_ln31_11', pedal_c.cpp:31) [255]  (0.000 ns)
	'or' operation 1 bit ('or_ln31_6', pedal_c.cpp:31) [256]  (0.000 ns)
	'and' operation 1 bit ('and_ln31_15', pedal_c.cpp:31) [258]  (0.287 ns)
	'or' operation 1 bit ('or_ln31_7', pedal_c.cpp:31) [263]  (0.287 ns)
	'select' operation 32 bit ('result', pedal_c.cpp:31) [264]  (0.449 ns)
	'icmp' operation 1 bit ('icmp_ln32', pedal_c.cpp:32) [268]  (0.853 ns)
	'select' operation 16 bit ('select_ln32', pedal_c.cpp:32) [270]  (0.000 ns)
	'select' operation 16 bit ('ref_tmp_i_0', pedal_c.cpp:32) [271]  (0.357 ns)


============================================================
+ Verbose Summary: Binding
============================================================
N/A
* FSMD analyzer results:
  - Output states:
 - Input state : 
  - Chain level:
	State 1
	State 2
	State 3
	State 4
	State 5
	State 6
	State 7
	State 8
	State 9
	State 10
	State 11
	State 12
	State 13
	State 14
	State 15
	State 16
	State 17
	State 18
	State 19
	State 20
	State 21
	State 22
	State 23
	State 24
	State 25
	State 26
	State 27
	State 28
	State 29
	State 30
	State 31
	State 32
	State 33
	State 34
	State 35
	State 36
	State 37
	State 38


============================================================
+ Verbose Summary: Datapath Resource usage 
============================================================
N/A
