

================================================================
== Vitis HLS Report for 'tremolo'
================================================================
* Date:           Wed Apr  8 16:17:38 2026

* Version:        2024.1 (Build 5069499 on May 21 2024)
* Project:        pedal
* Solution:       hls (Vivado IP Flow Target)
* Product family: zynquplus
* Target device:  xczu3eg-sfvc784-2-e


================================================================
== Performance Estimates
================================================================
+ Timing: 
    * Summary: 
    +--------+----------+-----------+------------+
    |  Clock |  Target  | Estimated | Uncertainty|
    +--------+----------+-----------+------------+
    |ap_clk  |  15.00 ns|  10.941 ns|     4.05 ns|
    +--------+----------+-----------+------------+

+ Latency: 
    * Summary: 
    +---------+---------+----------+----------+-----+-----+---------+
    |  Latency (cycles) |  Latency (absolute) |  Interval | Pipeline|
    |   min   |   max   |    min   |    max   | min | max |   Type  |
    +---------+---------+----------+----------+-----+-----+---------+
    |       16|       16|  0.240 us|  0.240 us|    1|    1|      yes|
    +---------+---------+----------+----------+-----+-----+---------+

    + Detail: 
        * Instance: 
        N/A

        * Loop: 
        N/A

============================================================
+ Verbose Summary: Synthesis Manager
============================================================
InlineROM: 1
ExposeGlobal: 0
============================================================
+ Verbose Summary: CDFG Model
============================================================
IsTopModel: 0
ResetActiveHigh: 1
IsCombinational: 0
IsDatapathOnly: 0
HasWiredReturn: 1
HasMFsm: 2
HasVarLatency: 0
IsPipeline: 1
IsRtlPipelined: 1
IsInstanceOverlapped: 0
IsDontTouch: 0
HasImplIP: 0
IsGatedGlobalClock: 0

+ Individual pipeline summary: 
  * Pipeline-0: initiation interval (II) = 1, depth = 17


============================================================
+ Verbose Summary: Schedule
============================================================
* Number of FSM states : 17
* Pipeline : 1
  Pipeline-0 : II = 1, D = 17, States = { 1 2 3 4 5 6 7 8 9 10 11 12 13 14 15 16 17 }
* Dataflow Pipeline: 0

* FSM state transitions: 
1 --> 2 
2 --> 3 
3 --> 4 
4 --> 5 
5 --> 6 
6 --> 7 
7 --> 8 
8 --> 9 
9 --> 10 
10 --> 11 
11 --> 12 
12 --> 13 
13 --> 14 
14 --> 15 
15 --> 16 
16 --> 17 
17 --> 

* FSM state operations: 

State 1 <SV = 0> <Delay = 9.47>
ST_1 : Operation 18 [1/1] (0.00ns)   --->   "%count_read = read i32 @_ssdm_op_Read.ap_auto.i32, i32 %count" [pedal_c.cpp:37]   --->   Operation 18 'read' 'count_read' <Predicate = true> <Delay = 0.00>
ST_1 : Operation 19 [1/1] (0.00ns)   --->   "%data_read = read i32 @_ssdm_op_Read.ap_auto.i32, i32 %data" [pedal_c.cpp:37]   --->   Operation 19 'read' 'data_read' <Predicate = true> <Delay = 0.00>
ST_1 : Operation 20 [2/2] (9.47ns)   --->   "%conv1 = sitofp i32 %count_read" [pedal_c.cpp:37]   --->   Operation 20 'sitofp' 'conv1' <Predicate = true> <Delay = 9.47> <CoreInst = "Int2Float">   --->   Core 62 'Int2Float' <Latency = 1> <II = 1> <Delay = 9.47> <FuncUnit> <Opcode : 'uitofp' 'sitofp'> <InPorts = 1> <OutPorts = 1>
ST_1 : Operation 21 [1/1] (0.00ns)   --->   "%tmp_18 = bitselect i1 @_ssdm_op_BitSelect.i1.i32.i32, i32 %data_read, i32 31" [pedal_c.cpp:40]   --->   Operation 21 'bitselect' 'tmp_18' <Predicate = true> <Delay = 0.00>
ST_1 : Operation 22 [1/1] (0.00ns) (grouped into LUT with out node select_ln40_1)   --->   "%shl_ln40 = shl i32 %data_read, i32 16" [pedal_c.cpp:40]   --->   Operation 22 'shl' 'shl_ln40' <Predicate = true> <Delay = 0.00>
ST_1 : Operation 23 [1/1] (0.00ns)   --->   "%tmp_19 = bitselect i1 @_ssdm_op_BitSelect.i1.i32.i32, i32 %data_read, i32 15" [pedal_c.cpp:40]   --->   Operation 23 'bitselect' 'tmp_19' <Predicate = true> <Delay = 0.00>
ST_1 : Operation 24 [1/1] (0.00ns)   --->   "%tmp_20 = partselect i16 @_ssdm_op_PartSelect.i16.i32.i32.i32, i32 %data_read, i32 16, i32 31" [pedal_c.cpp:40]   --->   Operation 24 'partselect' 'tmp_20' <Predicate = true> <Delay = 0.00>
ST_1 : Operation 25 [1/1] (0.85ns)   --->   "%icmp_ln40 = icmp_ne  i16 %tmp_20, i16 0" [pedal_c.cpp:40]   --->   Operation 25 'icmp' 'icmp_ln40' <Predicate = true> <Delay = 0.85> <CoreInst = "Cmp">   --->   Core 9 'Cmp' <Latency = 0> <II = 1> <Delay = 0.85> <FuncUnit> <Opcode : 'seteq' 'setne' 'setle' 'setge' 'setlt' 'setgt'> <InPorts = 2> <OutPorts = 1>
ST_1 : Operation 26 [1/1] (0.00ns) (grouped into LUT with out node and_ln40)   --->   "%or_ln40 = or i1 %tmp_19, i1 %icmp_ln40" [pedal_c.cpp:40]   --->   Operation 26 'or' 'or_ln40' <Predicate = true> <Delay = 0.00> <CoreInst = "LogicGate">   --->   Core 74 'LogicGate' <Latency = 0> <II = 1> <Delay = 0.28> <FuncUnit> <Opcode : 'and' 'or' 'xor'> <InPorts = 2> <OutPorts = 1>
ST_1 : Operation 27 [1/1] (0.00ns) (grouped into LUT with out node and_ln40)   --->   "%xor_ln40 = xor i1 %tmp_18, i1 1" [pedal_c.cpp:40]   --->   Operation 27 'xor' 'xor_ln40' <Predicate = true> <Delay = 0.00> <CoreInst = "LogicGate">   --->   Core 74 'LogicGate' <Latency = 0> <II = 1> <Delay = 0.28> <FuncUnit> <Opcode : 'and' 'or' 'xor'> <InPorts = 2> <OutPorts = 1>
ST_1 : Operation 28 [1/1] (0.28ns) (out node of the LUT)   --->   "%and_ln40 = and i1 %or_ln40, i1 %xor_ln40" [pedal_c.cpp:40]   --->   Operation 28 'and' 'and_ln40' <Predicate = true> <Delay = 0.28> <CoreInst = "LogicGate">   --->   Core 74 'LogicGate' <Latency = 0> <II = 1> <Delay = 0.28> <FuncUnit> <Opcode : 'and' 'or' 'xor'> <InPorts = 2> <OutPorts = 1>
ST_1 : Operation 29 [1/1] (0.00ns) (grouped into LUT with out node select_ln40_1)   --->   "%xor_ln40_1 = xor i1 %tmp_19, i1 1" [pedal_c.cpp:40]   --->   Operation 29 'xor' 'xor_ln40_1' <Predicate = true> <Delay = 0.00> <CoreInst = "LogicGate">   --->   Core 74 'LogicGate' <Latency = 0> <II = 1> <Delay = 0.28> <FuncUnit> <Opcode : 'and' 'or' 'xor'> <InPorts = 2> <OutPorts = 1>
ST_1 : Operation 30 [1/1] (0.85ns)   --->   "%icmp_ln40_1 = icmp_ne  i16 %tmp_20, i16 65535" [pedal_c.cpp:40]   --->   Operation 30 'icmp' 'icmp_ln40_1' <Predicate = true> <Delay = 0.85> <CoreInst = "Cmp">   --->   Core 9 'Cmp' <Latency = 0> <II = 1> <Delay = 0.85> <FuncUnit> <Opcode : 'seteq' 'setne' 'setle' 'setge' 'setlt' 'setgt'> <InPorts = 2> <OutPorts = 1>
ST_1 : Operation 31 [1/1] (0.00ns) (grouped into LUT with out node select_ln40_1)   --->   "%or_ln40_1 = or i1 %icmp_ln40_1, i1 %xor_ln40_1" [pedal_c.cpp:40]   --->   Operation 31 'or' 'or_ln40_1' <Predicate = true> <Delay = 0.00> <CoreInst = "LogicGate">   --->   Core 74 'LogicGate' <Latency = 0> <II = 1> <Delay = 0.28> <FuncUnit> <Opcode : 'and' 'or' 'xor'> <InPorts = 2> <OutPorts = 1>
ST_1 : Operation 32 [1/1] (0.00ns) (grouped into LUT with out node select_ln40_1)   --->   "%and_ln40_1 = and i1 %or_ln40_1, i1 %tmp_18" [pedal_c.cpp:40]   --->   Operation 32 'and' 'and_ln40_1' <Predicate = true> <Delay = 0.00> <CoreInst = "LogicGate">   --->   Core 74 'LogicGate' <Latency = 0> <II = 1> <Delay = 0.28> <FuncUnit> <Opcode : 'and' 'or' 'xor'> <InPorts = 2> <OutPorts = 1>
ST_1 : Operation 33 [1/1] (0.00ns) (grouped into LUT with out node select_ln40_1)   --->   "%select_ln40 = select i1 %and_ln40, i32 2147483647, i32 2147483648" [pedal_c.cpp:40]   --->   Operation 33 'select' 'select_ln40' <Predicate = true> <Delay = 0.00> <CoreInst = "Sel">   --->   Core 73 'Sel' <Latency = 0> <II = 1> <Delay = 0.44> <FuncUnit> <Opcode : 'select'> <InPorts = 3> <OutPorts = 1>
ST_1 : Operation 34 [1/1] (0.00ns) (grouped into LUT with out node select_ln40_1)   --->   "%or_ln40_2 = or i1 %and_ln40, i1 %and_ln40_1" [pedal_c.cpp:40]   --->   Operation 34 'or' 'or_ln40_2' <Predicate = true> <Delay = 0.00> <CoreInst = "LogicGate">   --->   Core 74 'LogicGate' <Latency = 0> <II = 1> <Delay = 0.28> <FuncUnit> <Opcode : 'and' 'or' 'xor'> <InPorts = 2> <OutPorts = 1>
ST_1 : Operation 35 [1/1] (0.44ns) (out node of the LUT)   --->   "%select_ln40_1 = select i1 %or_ln40_2, i32 %select_ln40, i32 %shl_ln40" [pedal_c.cpp:40]   --->   Operation 35 'select' 'select_ln40_1' <Predicate = true> <Delay = 0.44> <CoreInst = "Sel">   --->   Core 73 'Sel' <Latency = 0> <II = 1> <Delay = 0.44> <FuncUnit> <Opcode : 'select'> <InPorts = 3> <OutPorts = 1>

State 2 <SV = 1> <Delay = 9.47>
ST_2 : Operation 36 [1/2] (9.47ns)   --->   "%conv1 = sitofp i32 %count_read" [pedal_c.cpp:37]   --->   Operation 36 'sitofp' 'conv1' <Predicate = true> <Delay = 9.47> <CoreInst = "Int2Float">   --->   Core 62 'Int2Float' <Latency = 1> <II = 1> <Delay = 9.47> <FuncUnit> <Opcode : 'uitofp' 'sitofp'> <InPorts = 1> <OutPorts = 1>

State 3 <SV = 2> <Delay = 9.66>
ST_3 : Operation 37 [7/7] (9.66ns)   --->   "%div = fdiv i32 %conv1, i32 44100" [pedal_c.cpp:37]   --->   Operation 37 'fdiv' 'div' <Predicate = true> <Delay = 9.66> <CoreInst = "FDiv">   --->   Core 20 'FDiv' <Latency = 6> <II = 1> <Delay = 9.66> <FuncUnit> <Opcode : 'fdiv' 'frem'> <InPorts = 2> <OutPorts = 1>

State 4 <SV = 3> <Delay = 9.66>
ST_4 : Operation 38 [6/7] (9.66ns)   --->   "%div = fdiv i32 %conv1, i32 44100" [pedal_c.cpp:37]   --->   Operation 38 'fdiv' 'div' <Predicate = true> <Delay = 9.66> <CoreInst = "FDiv">   --->   Core 20 'FDiv' <Latency = 6> <II = 1> <Delay = 9.66> <FuncUnit> <Opcode : 'fdiv' 'frem'> <InPorts = 2> <OutPorts = 1>

State 5 <SV = 4> <Delay = 9.66>
ST_5 : Operation 39 [5/7] (9.66ns)   --->   "%div = fdiv i32 %conv1, i32 44100" [pedal_c.cpp:37]   --->   Operation 39 'fdiv' 'div' <Predicate = true> <Delay = 9.66> <CoreInst = "FDiv">   --->   Core 20 'FDiv' <Latency = 6> <II = 1> <Delay = 9.66> <FuncUnit> <Opcode : 'fdiv' 'frem'> <InPorts = 2> <OutPorts = 1>

State 6 <SV = 5> <Delay = 9.66>
ST_6 : Operation 40 [4/7] (9.66ns)   --->   "%div = fdiv i32 %conv1, i32 44100" [pedal_c.cpp:37]   --->   Operation 40 'fdiv' 'div' <Predicate = true> <Delay = 9.66> <CoreInst = "FDiv">   --->   Core 20 'FDiv' <Latency = 6> <II = 1> <Delay = 9.66> <FuncUnit> <Opcode : 'fdiv' 'frem'> <InPorts = 2> <OutPorts = 1>

State 7 <SV = 6> <Delay = 9.66>
ST_7 : Operation 41 [3/7] (9.66ns)   --->   "%div = fdiv i32 %conv1, i32 44100" [pedal_c.cpp:37]   --->   Operation 41 'fdiv' 'div' <Predicate = true> <Delay = 9.66> <CoreInst = "FDiv">   --->   Core 20 'FDiv' <Latency = 6> <II = 1> <Delay = 9.66> <FuncUnit> <Opcode : 'fdiv' 'frem'> <InPorts = 2> <OutPorts = 1>

State 8 <SV = 7> <Delay = 9.66>
ST_8 : Operation 42 [2/7] (9.66ns)   --->   "%div = fdiv i32 %conv1, i32 44100" [pedal_c.cpp:37]   --->   Operation 42 'fdiv' 'div' <Predicate = true> <Delay = 9.66> <CoreInst = "FDiv">   --->   Core 20 'FDiv' <Latency = 6> <II = 1> <Delay = 9.66> <FuncUnit> <Opcode : 'fdiv' 'frem'> <InPorts = 2> <OutPorts = 1>

State 9 <SV = 8> <Delay = 9.66>
ST_9 : Operation 43 [1/7] (9.66ns)   --->   "%div = fdiv i32 %conv1, i32 44100" [pedal_c.cpp:37]   --->   Operation 43 'fdiv' 'div' <Predicate = true> <Delay = 9.66> <CoreInst = "FDiv">   --->   Core 20 'FDiv' <Latency = 6> <II = 1> <Delay = 9.66> <FuncUnit> <Opcode : 'fdiv' 'frem'> <InPorts = 2> <OutPorts = 1>

State 10 <SV = 9> <Delay = 8.41>
ST_10 : Operation 44 [2/2] (8.41ns)   --->   "%x_assign = fmul i32 %div, i32 31.4159" [pedal_c.cpp:37]   --->   Operation 44 'fmul' 'x_assign' <Predicate = true> <Delay = 8.41> <CoreInst = "FMul_maxdsp">   --->   Core 30 'FMul_maxdsp' <Latency = 1> <II = 1> <Delay = 8.41> <FuncUnit> <Opcode : 'fmul'> <InPorts = 2> <OutPorts = 1>

State 11 <SV = 10> <Delay = 10.2>
ST_11 : Operation 45 [1/2] (8.41ns)   --->   "%x_assign = fmul i32 %div, i32 31.4159" [pedal_c.cpp:37]   --->   Operation 45 'fmul' 'x_assign' <Predicate = true> <Delay = 8.41> <CoreInst = "FMul_maxdsp">   --->   Core 30 'FMul_maxdsp' <Latency = 1> <II = 1> <Delay = 8.41> <FuncUnit> <Opcode : 'fmul'> <InPorts = 2> <OutPorts = 1>
ST_11 : Operation 46 [1/1] (0.00ns)   --->   "%data_1 = bitcast i32 %x_assign" [C:\scratch\2024.1\hls_product\545\2024.1\src\shared\hls\clib/src/hls\utils/x_hls_utils.h:288->C:\scratch\2024.1\hls_product\545\2024.1\src\shared\hls\clib/hlsmath/include/FloatingPoint\hls_hotbm.h:223->C:\scratch\2024.1\hls_product\545\2024.1\src\shared\hls\clib\hlsmath\src\common\hls_hotbm_float.cpp:123->C:\scratch\2024.1\hls_product\545\2024.1\src\shared\hls\clib\hlsmath\src\c++\sincoshotbmfloat.cpp:10->C:\scratch\2024.1\hls_product\545\2024.1\src\shared\hls\clib\hlsmath\src\c++\sincoshotbmfloat.cpp:42->pedal_c.cpp:37]   --->   Operation 46 'bitcast' 'data_1' <Predicate = true> <Delay = 0.00>
ST_11 : Operation 47 [1/1] (0.00ns)   --->   "%din_sign = bitselect i1 @_ssdm_op_BitSelect.i1.i32.i32, i32 %data_1, i32 31" [C:\scratch\2024.1\hls_product\545\2024.1\src\shared\hls\clib/src/hls\utils/x_hls_utils.h:294->C:\scratch\2024.1\hls_product\545\2024.1\src\shared\hls\clib/hlsmath/include/FloatingPoint\hls_hotbm.h:223->C:\scratch\2024.1\hls_product\545\2024.1\src\shared\hls\clib\hlsmath\src\common\hls_hotbm_float.cpp:123->C:\scratch\2024.1\hls_product\545\2024.1\src\shared\hls\clib\hlsmath\src\c++\sincoshotbmfloat.cpp:10->C:\scratch\2024.1\hls_product\545\2024.1\src\shared\hls\clib\hlsmath\src\c++\sincoshotbmfloat.cpp:42->pedal_c.cpp:37]   --->   Operation 47 'bitselect' 'din_sign' <Predicate = true> <Delay = 0.00>
ST_11 : Operation 48 [1/1] (0.00ns)   --->   "%din_exp = partselect i8 @_ssdm_op_PartSelect.i8.i32.i32.i32, i32 %data_1, i32 23, i32 30" [C:\scratch\2024.1\hls_product\545\2024.1\src\shared\hls\clib/src/hls\utils/x_hls_utils.h:295->C:\scratch\2024.1\hls_product\545\2024.1\src\shared\hls\clib/hlsmath/include/FloatingPoint\hls_hotbm.h:223->C:\scratch\2024.1\hls_product\545\2024.1\src\shared\hls\clib\hlsmath\src\common\hls_hotbm_float.cpp:123->C:\scratch\2024.1\hls_product\545\2024.1\src\shared\hls\clib\hlsmath\src\c++\sincoshotbmfloat.cpp:10->C:\scratch\2024.1\hls_product\545\2024.1\src\shared\hls\clib\hlsmath\src\c++\sincoshotbmfloat.cpp:42->pedal_c.cpp:37]   --->   Operation 48 'partselect' 'din_exp' <Predicate = true> <Delay = 0.00>
ST_11 : Operation 49 [1/1] (0.00ns)   --->   "%din_sig = trunc i32 %data_1" [C:\scratch\2024.1\hls_product\545\2024.1\src\shared\hls\clib/src/hls\utils/x_hls_utils.h:296->C:\scratch\2024.1\hls_product\545\2024.1\src\shared\hls\clib/hlsmath/include/FloatingPoint\hls_hotbm.h:223->C:\scratch\2024.1\hls_product\545\2024.1\src\shared\hls\clib\hlsmath\src\common\hls_hotbm_float.cpp:123->C:\scratch\2024.1\hls_product\545\2024.1\src\shared\hls\clib\hlsmath\src\c++\sincoshotbmfloat.cpp:10->C:\scratch\2024.1\hls_product\545\2024.1\src\shared\hls\clib\hlsmath\src\c++\sincoshotbmfloat.cpp:42->pedal_c.cpp:37]   --->   Operation 49 'trunc' 'din_sig' <Predicate = true> <Delay = 0.00>
ST_11 : Operation 50 [1/1] (0.76ns)   --->   "%closepath = icmp_ult  i8 %din_exp, i8 126" [C:\scratch\2024.1\hls_product\545\2024.1\src\shared\hls\clib/hlsmath/include/FloatingPoint/hls_range_redux.h:451->C:\scratch\2024.1\hls_product\545\2024.1\src\shared\hls\clib/hlsmath/include/FloatingPoint\hls_hotbm.h:239->C:\scratch\2024.1\hls_product\545\2024.1\src\shared\hls\clib\hlsmath\src\common\hls_hotbm_float.cpp:123->C:\scratch\2024.1\hls_product\545\2024.1\src\shared\hls\clib\hlsmath\src\c++\sincoshotbmfloat.cpp:10->C:\scratch\2024.1\hls_product\545\2024.1\src\shared\hls\clib\hlsmath\src\c++\sincoshotbmfloat.cpp:42->pedal_c.cpp:37]   --->   Operation 50 'icmp' 'closepath' <Predicate = true> <Delay = 0.76> <CoreInst = "Cmp">   --->   Core 9 'Cmp' <Latency = 0> <II = 1> <Delay = 0.76> <FuncUnit> <Opcode : 'seteq' 'setne' 'setle' 'setge' 'setlt' 'setgt'> <InPorts = 2> <OutPorts = 1>
ST_11 : Operation 51 [1/1] (0.76ns)   --->   "%add_ln376 = add i8 %din_exp, i8 194" [C:\scratch\2024.1\hls_product\545\2024.1\src\shared\hls\clib/hlsmath/include/FloatingPoint/hls_range_redux.h:376->C:\scratch\2024.1\hls_product\545\2024.1\src\shared\hls\clib/hlsmath/include/FloatingPoint/hls_range_redux.h:467->C:\scratch\2024.1\hls_product\545\2024.1\src\shared\hls\clib/hlsmath/include/FloatingPoint\hls_hotbm.h:239->C:\scratch\2024.1\hls_product\545\2024.1\src\shared\hls\clib\hlsmath\src\common\hls_hotbm_float.cpp:123->C:\scratch\2024.1\hls_product\545\2024.1\src\shared\hls\clib\hlsmath\src\c++\sincoshotbmfloat.cpp:10->C:\scratch\2024.1\hls_product\545\2024.1\src\shared\hls\clib\hlsmath\src\c++\sincoshotbmfloat.cpp:42->pedal_c.cpp:37]   --->   Operation 51 'add' 'add_ln376' <Predicate = true> <Delay = 0.76> <CoreInst = "Adder">   --->   Core 1 'Adder' <Latency = 0> <II = 1> <Delay = 0.76> <FuncUnit> <Opcode : 'add' 'sub'> <InPorts = 2> <OutPorts = 1>
ST_11 : Operation 52 [1/1] (0.39ns)   --->   "%addr = select i1 %closepath, i8 63, i8 %add_ln376" [C:\scratch\2024.1\hls_product\545\2024.1\src\shared\hls\clib/hlsmath/include/FloatingPoint/hls_range_redux.h:376->C:\scratch\2024.1\hls_product\545\2024.1\src\shared\hls\clib/hlsmath/include/FloatingPoint/hls_range_redux.h:467->C:\scratch\2024.1\hls_product\545\2024.1\src\shared\hls\clib/hlsmath/include/FloatingPoint\hls_hotbm.h:239->C:\scratch\2024.1\hls_product\545\2024.1\src\shared\hls\clib\hlsmath\src\common\hls_hotbm_float.cpp:123->C:\scratch\2024.1\hls_product\545\2024.1\src\shared\hls\clib\hlsmath\src\c++\sincoshotbmfloat.cpp:10->C:\scratch\2024.1\hls_product\545\2024.1\src\shared\hls\clib\hlsmath\src\c++\sincoshotbmfloat.cpp:42->pedal_c.cpp:37]   --->   Operation 52 'select' 'addr' <Predicate = true> <Delay = 0.39> <CoreInst = "Sel">   --->   Core 73 'Sel' <Latency = 0> <II = 1> <Delay = 0.39> <FuncUnit> <Opcode : 'select'> <InPorts = 3> <OutPorts = 1>
ST_11 : Operation 53 [1/1] (0.00ns)   --->   "%lshr_ln = partselect i4 @_ssdm_op_PartSelect.i4.i8.i32.i32, i8 %addr, i32 4, i32 7" [C:\scratch\2024.1\hls_product\545\2024.1\src\shared\hls\clib/hlsmath/include/FloatingPoint/hls_range_redux.h:378->C:\scratch\2024.1\hls_product\545\2024.1\src\shared\hls\clib/hlsmath/include/FloatingPoint/hls_range_redux.h:467->C:\scratch\2024.1\hls_product\545\2024.1\src\shared\hls\clib/hlsmath/include/FloatingPoint\hls_hotbm.h:239->C:\scratch\2024.1\hls_product\545\2024.1\src\shared\hls\clib\hlsmath\src\common\hls_hotbm_float.cpp:123->C:\scratch\2024.1\hls_product\545\2024.1\src\shared\hls\clib\hlsmath\src\c++\sincoshotbmfloat.cpp:10->C:\scratch\2024.1\hls_product\545\2024.1\src\shared\hls\clib\hlsmath\src\c++\sincoshotbmfloat.cpp:42->pedal_c.cpp:37]   --->   Operation 53 'partselect' 'lshr_ln' <Predicate = true> <Delay = 0.00>
ST_11 : Operation 54 [1/1] (0.00ns)   --->   "%zext_ln378 = zext i4 %lshr_ln" [C:\scratch\2024.1\hls_product\545\2024.1\src\shared\hls\clib/hlsmath/include/FloatingPoint/hls_range_redux.h:378->C:\scratch\2024.1\hls_product\545\2024.1\src\shared\hls\clib/hlsmath/include/FloatingPoint/hls_range_redux.h:467->C:\scratch\2024.1\hls_product\545\2024.1\src\shared\hls\clib/hlsmath/include/FloatingPoint\hls_hotbm.h:239->C:\scratch\2024.1\hls_product\545\2024.1\src\shared\hls\clib\hlsmath\src\common\hls_hotbm_float.cpp:123->C:\scratch\2024.1\hls_product\545\2024.1\src\shared\hls\clib\hlsmath\src\c++\sincoshotbmfloat.cpp:10->C:\scratch\2024.1\hls_product\545\2024.1\src\shared\hls\clib\hlsmath\src\c++\sincoshotbmfloat.cpp:42->pedal_c.cpp:37]   --->   Operation 54 'zext' 'zext_ln378' <Predicate = true> <Delay = 0.00>
ST_11 : Operation 55 [1/1] (0.00ns)   --->   "%ref_4oPi_table_100_addr = getelementptr i100 %ref_4oPi_table_100, i64 0, i64 %zext_ln378" [C:\scratch\2024.1\hls_product\545\2024.1\src\shared\hls\clib/hlsmath/include/FloatingPoint/hls_range_redux.h:378->C:\scratch\2024.1\hls_product\545\2024.1\src\shared\hls\clib/hlsmath/include/FloatingPoint/hls_range_redux.h:467->C:\scratch\2024.1\hls_product\545\2024.1\src\shared\hls\clib/hlsmath/include/FloatingPoint\hls_hotbm.h:239->C:\scratch\2024.1\hls_product\545\2024.1\src\shared\hls\clib\hlsmath\src\common\hls_hotbm_float.cpp:123->C:\scratch\2024.1\hls_product\545\2024.1\src\shared\hls\clib\hlsmath\src\c++\sincoshotbmfloat.cpp:10->C:\scratch\2024.1\hls_product\545\2024.1\src\shared\hls\clib\hlsmath\src\c++\sincoshotbmfloat.cpp:42->pedal_c.cpp:37]   --->   Operation 55 'getelementptr' 'ref_4oPi_table_100_addr' <Predicate = true> <Delay = 0.00>
ST_11 : Operation 56 [2/2] (0.67ns)   --->   "%table_100 = load i4 %ref_4oPi_table_100_addr" [C:\scratch\2024.1\hls_product\545\2024.1\src\shared\hls\clib/hlsmath/include/FloatingPoint/hls_range_redux.h:378->C:\scratch\2024.1\hls_product\545\2024.1\src\shared\hls\clib/hlsmath/include/FloatingPoint/hls_range_redux.h:467->C:\scratch\2024.1\hls_product\545\2024.1\src\shared\hls\clib/hlsmath/include/FloatingPoint\hls_hotbm.h:239->C:\scratch\2024.1\hls_product\545\2024.1\src\shared\hls\clib\hlsmath\src\common\hls_hotbm_float.cpp:123->C:\scratch\2024.1\hls_product\545\2024.1\src\shared\hls\clib\hlsmath\src\c++\sincoshotbmfloat.cpp:10->C:\scratch\2024.1\hls_product\545\2024.1\src\shared\hls\clib\hlsmath\src\c++\sincoshotbmfloat.cpp:42->pedal_c.cpp:37]   --->   Operation 56 'load' 'table_100' <Predicate = true> <Delay = 0.67> <CoreInst = "ROM_1P_LUTRAM">   --->   Core 102 'ROM_1P_LUTRAM' <Latency = 1> <II = 1> <Delay = 0.67> <Storage> <Opcode : 'load'> <Ports = 1> <Width = 100> <Depth = 13> <ROM>
ST_11 : Operation 57 [1/1] (0.00ns)   --->   "%trunc_ln379 = trunc i8 %addr" [C:\scratch\2024.1\hls_product\545\2024.1\src\shared\hls\clib/hlsmath/include/FloatingPoint/hls_range_redux.h:379->C:\scratch\2024.1\hls_product\545\2024.1\src\shared\hls\clib/hlsmath/include/FloatingPoint/hls_range_redux.h:467->C:\scratch\2024.1\hls_product\545\2024.1\src\shared\hls\clib/hlsmath/include/FloatingPoint\hls_hotbm.h:239->C:\scratch\2024.1\hls_product\545\2024.1\src\shared\hls\clib\hlsmath\src\common\hls_hotbm_float.cpp:123->C:\scratch\2024.1\hls_product\545\2024.1\src\shared\hls\clib\hlsmath\src\c++\sincoshotbmfloat.cpp:10->C:\scratch\2024.1\hls_product\545\2024.1\src\shared\hls\clib\hlsmath\src\c++\sincoshotbmfloat.cpp:42->pedal_c.cpp:37]   --->   Operation 57 'trunc' 'trunc_ln379' <Predicate = true> <Delay = 0.00>

State 12 <SV = 11> <Delay = 10.9>
ST_12 : Operation 58 [1/1] (0.76ns)   --->   "%Ex = add i8 %din_exp, i8 131" [C:\scratch\2024.1\hls_product\545\2024.1\src\shared\hls\clib/hlsmath/include/FloatingPoint/hls_range_redux.h:454->C:\scratch\2024.1\hls_product\545\2024.1\src\shared\hls\clib/hlsmath/include/FloatingPoint\hls_hotbm.h:239->C:\scratch\2024.1\hls_product\545\2024.1\src\shared\hls\clib\hlsmath\src\common\hls_hotbm_float.cpp:123->C:\scratch\2024.1\hls_product\545\2024.1\src\shared\hls\clib\hlsmath\src\c++\sincoshotbmfloat.cpp:10->C:\scratch\2024.1\hls_product\545\2024.1\src\shared\hls\clib\hlsmath\src\c++\sincoshotbmfloat.cpp:42->pedal_c.cpp:37]   --->   Operation 58 'add' 'Ex' <Predicate = (closepath)> <Delay = 0.76> <CoreInst = "Adder">   --->   Core 1 'Adder' <Latency = 0> <II = 1> <Delay = 0.76> <FuncUnit> <Opcode : 'add' 'sub'> <InPorts = 2> <OutPorts = 1>
ST_12 : Operation 59 [1/1] (0.00ns) (grouped into LUT with out node Ex_1)   --->   "%select_ln453 = select i1 %closepath, i8 %Ex, i8 0" [C:\scratch\2024.1\hls_product\545\2024.1\src\shared\hls\clib/hlsmath/include/FloatingPoint/hls_range_redux.h:453->C:\scratch\2024.1\hls_product\545\2024.1\src\shared\hls\clib/hlsmath/include/FloatingPoint\hls_hotbm.h:239->C:\scratch\2024.1\hls_product\545\2024.1\src\shared\hls\clib\hlsmath\src\common\hls_hotbm_float.cpp:123->C:\scratch\2024.1\hls_product\545\2024.1\src\shared\hls\clib\hlsmath\src\c++\sincoshotbmfloat.cpp:10->C:\scratch\2024.1\hls_product\545\2024.1\src\shared\hls\clib\hlsmath\src\c++\sincoshotbmfloat.cpp:42->pedal_c.cpp:37]   --->   Operation 59 'select' 'select_ln453' <Predicate = true> <Delay = 0.00> <CoreInst = "Sel">   --->   Core 73 'Sel' <Latency = 0> <II = 1> <Delay = 0.39> <FuncUnit> <Opcode : 'select'> <InPorts = 3> <OutPorts = 1>
ST_12 : Operation 60 [1/1] (0.00ns)   --->   "%X = bitconcatenate i24 @_ssdm_op_BitConcatenate.i24.i1.i23, i1 1, i23 %din_sig" [C:\scratch\2024.1\hls_product\545\2024.1\src\shared\hls\clib/hlsmath/include/FloatingPoint/hls_range_redux.h:468->C:\scratch\2024.1\hls_product\545\2024.1\src\shared\hls\clib/hlsmath/include/FloatingPoint\hls_hotbm.h:239->C:\scratch\2024.1\hls_product\545\2024.1\src\shared\hls\clib\hlsmath\src\common\hls_hotbm_float.cpp:123->C:\scratch\2024.1\hls_product\545\2024.1\src\shared\hls\clib\hlsmath\src\c++\sincoshotbmfloat.cpp:10->C:\scratch\2024.1\hls_product\545\2024.1\src\shared\hls\clib\hlsmath\src\c++\sincoshotbmfloat.cpp:42->pedal_c.cpp:37]   --->   Operation 60 'bitconcatenate' 'X' <Predicate = true> <Delay = 0.00>
ST_12 : Operation 61 [1/2] (0.67ns)   --->   "%table_100 = load i4 %ref_4oPi_table_100_addr" [C:\scratch\2024.1\hls_product\545\2024.1\src\shared\hls\clib/hlsmath/include/FloatingPoint/hls_range_redux.h:378->C:\scratch\2024.1\hls_product\545\2024.1\src\shared\hls\clib/hlsmath/include/FloatingPoint/hls_range_redux.h:467->C:\scratch\2024.1\hls_product\545\2024.1\src\shared\hls\clib/hlsmath/include/FloatingPoint\hls_hotbm.h:239->C:\scratch\2024.1\hls_product\545\2024.1\src\shared\hls\clib\hlsmath\src\common\hls_hotbm_float.cpp:123->C:\scratch\2024.1\hls_product\545\2024.1\src\shared\hls\clib\hlsmath\src\c++\sincoshotbmfloat.cpp:10->C:\scratch\2024.1\hls_product\545\2024.1\src\shared\hls\clib\hlsmath\src\c++\sincoshotbmfloat.cpp:42->pedal_c.cpp:37]   --->   Operation 61 'load' 'table_100' <Predicate = true> <Delay = 0.67> <CoreInst = "ROM_1P_LUTRAM">   --->   Core 102 'ROM_1P_LUTRAM' <Latency = 1> <II = 1> <Delay = 0.67> <Storage> <Opcode : 'load'> <Ports = 1> <Width = 100> <Depth = 13> <ROM>
ST_12 : Operation 62 [1/1] (0.00ns)   --->   "%zext_ln379 = zext i4 %trunc_ln379" [C:\scratch\2024.1\hls_product\545\2024.1\src\shared\hls\clib/hlsmath/include/FloatingPoint/hls_range_redux.h:379->C:\scratch\2024.1\hls_product\545\2024.1\src\shared\hls\clib/hlsmath/include/FloatingPoint/hls_range_redux.h:467->C:\scratch\2024.1\hls_product\545\2024.1\src\shared\hls\clib/hlsmath/include/FloatingPoint\hls_hotbm.h:239->C:\scratch\2024.1\hls_product\545\2024.1\src\shared\hls\clib\hlsmath\src\common\hls_hotbm_float.cpp:123->C:\scratch\2024.1\hls_product\545\2024.1\src\shared\hls\clib\hlsmath\src\c++\sincoshotbmfloat.cpp:10->C:\scratch\2024.1\hls_product\545\2024.1\src\shared\hls\clib\hlsmath\src\c++\sincoshotbmfloat.cpp:42->pedal_c.cpp:37]   --->   Operation 62 'zext' 'zext_ln379' <Predicate = true> <Delay = 0.00>
ST_12 : Operation 63 [1/1] (1.51ns)   --->   "%shl_ln379 = shl i100 %table_100, i100 %zext_ln379" [C:\scratch\2024.1\hls_product\545\2024.1\src\shared\hls\clib/hlsmath/include/FloatingPoint/hls_range_redux.h:379->C:\scratch\2024.1\hls_product\545\2024.1\src\shared\hls\clib/hlsmath/include/FloatingPoint/hls_range_redux.h:467->C:\scratch\2024.1\hls_product\545\2024.1\src\shared\hls\clib/hlsmath/include/FloatingPoint\hls_hotbm.h:239->C:\scratch\2024.1\hls_product\545\2024.1\src\shared\hls\clib\hlsmath\src\common\hls_hotbm_float.cpp:123->C:\scratch\2024.1\hls_product\545\2024.1\src\shared\hls\clib\hlsmath\src\c++\sincoshotbmfloat.cpp:10->C:\scratch\2024.1\hls_product\545\2024.1\src\shared\hls\clib\hlsmath\src\c++\sincoshotbmfloat.cpp:42->pedal_c.cpp:37]   --->   Operation 63 'shl' 'shl_ln379' <Predicate = true> <Delay = 1.51> <CoreInst = "Shifter">   --->   Core 75 'Shifter' <Latency = 0> <II = 1> <Delay = 1.51> <FuncUnit> <Opcode : 'shl' 'lshr' 'ashr'> <InPorts = 2> <OutPorts = 1>
ST_12 : Operation 64 [1/1] (0.00ns)   --->   "%Med = partselect i80 @_ssdm_op_PartSelect.i80.i100.i32.i32, i100 %shl_ln379, i32 20, i32 99" [C:\scratch\2024.1\hls_product\545\2024.1\src\shared\hls\clib/hlsmath/include/FloatingPoint/hls_range_redux.h:379->C:\scratch\2024.1\hls_product\545\2024.1\src\shared\hls\clib/hlsmath/include/FloatingPoint/hls_range_redux.h:467->C:\scratch\2024.1\hls_product\545\2024.1\src\shared\hls\clib/hlsmath/include/FloatingPoint\hls_hotbm.h:239->C:\scratch\2024.1\hls_product\545\2024.1\src\shared\hls\clib\hlsmath\src\common\hls_hotbm_float.cpp:123->C:\scratch\2024.1\hls_product\545\2024.1\src\shared\hls\clib\hlsmath\src\c++\sincoshotbmfloat.cpp:10->C:\scratch\2024.1\hls_product\545\2024.1\src\shared\hls\clib\hlsmath\src\c++\sincoshotbmfloat.cpp:42->pedal_c.cpp:37]   --->   Operation 64 'partselect' 'Med' <Predicate = true> <Delay = 0.00>
ST_12 : Operation 65 [1/1] (0.00ns)   --->   "%zext_ln468 = zext i24 %X" [C:\scratch\2024.1\hls_product\545\2024.1\src\shared\hls\clib/hlsmath/include/FloatingPoint/hls_range_redux.h:468->C:\scratch\2024.1\hls_product\545\2024.1\src\shared\hls\clib/hlsmath/include/FloatingPoint\hls_hotbm.h:239->C:\scratch\2024.1\hls_product\545\2024.1\src\shared\hls\clib\hlsmath\src\common\hls_hotbm_float.cpp:123->C:\scratch\2024.1\hls_product\545\2024.1\src\shared\hls\clib\hlsmath\src\c++\sincoshotbmfloat.cpp:10->C:\scratch\2024.1\hls_product\545\2024.1\src\shared\hls\clib\hlsmath\src\c++\sincoshotbmfloat.cpp:42->pedal_c.cpp:37]   --->   Operation 65 'zext' 'zext_ln468' <Predicate = true> <Delay = 0.00>
ST_12 : Operation 66 [1/1] (5.20ns)   --->   "%h = mul i80 %Med, i80 %zext_ln468" [C:\scratch\2024.1\hls_product\545\2024.1\src\shared\hls\clib/hlsmath/include/FloatingPoint/hls_range_redux.h:468->C:\scratch\2024.1\hls_product\545\2024.1\src\shared\hls\clib/hlsmath/include/FloatingPoint\hls_hotbm.h:239->C:\scratch\2024.1\hls_product\545\2024.1\src\shared\hls\clib\hlsmath\src\common\hls_hotbm_float.cpp:123->C:\scratch\2024.1\hls_product\545\2024.1\src\shared\hls\clib\hlsmath\src\c++\sincoshotbmfloat.cpp:10->C:\scratch\2024.1\hls_product\545\2024.1\src\shared\hls\clib\hlsmath\src\c++\sincoshotbmfloat.cpp:42->pedal_c.cpp:37]   --->   Operation 66 'mul' 'h' <Predicate = true> <Delay = 5.20> <CoreInst = "Multiplier">   --->   Core 3 'Multiplier' <Latency = 0> <II = 1> <Delay = 5.20> <FuncUnit> <Opcode : 'mul'> <InPorts = 2> <OutPorts = 1>
ST_12 : Operation 67 [1/1] (0.00ns)   --->   "%Mx_bits = partselect i58 @_ssdm_op_PartSelect.i58.i80.i32.i32, i80 %h, i32 19, i32 76" [C:\scratch\2024.1\hls_product\545\2024.1\src\shared\hls\clib/hlsmath/include/FloatingPoint/hls_range_redux.h:483->C:\scratch\2024.1\hls_product\545\2024.1\src\shared\hls\clib/hlsmath/include/FloatingPoint\hls_hotbm.h:239->C:\scratch\2024.1\hls_product\545\2024.1\src\shared\hls\clib\hlsmath\src\common\hls_hotbm_float.cpp:123->C:\scratch\2024.1\hls_product\545\2024.1\src\shared\hls\clib\hlsmath\src\c++\sincoshotbmfloat.cpp:10->C:\scratch\2024.1\hls_product\545\2024.1\src\shared\hls\clib\hlsmath\src\c++\sincoshotbmfloat.cpp:42->pedal_c.cpp:37]   --->   Operation 67 'partselect' 'Mx_bits' <Predicate = true> <Delay = 0.00>
ST_12 : Operation 68 [1/1] (0.00ns)   --->   "%k = partselect i3 @_ssdm_op_PartSelect.i3.i80.i32.i32, i80 %h, i32 77, i32 79" [C:\scratch\2024.1\hls_product\545\2024.1\src\shared\hls\clib/hlsmath/include/FloatingPoint/hls_range_redux.h:487->C:\scratch\2024.1\hls_product\545\2024.1\src\shared\hls\clib/hlsmath/include/FloatingPoint\hls_hotbm.h:239->C:\scratch\2024.1\hls_product\545\2024.1\src\shared\hls\clib\hlsmath\src\common\hls_hotbm_float.cpp:123->C:\scratch\2024.1\hls_product\545\2024.1\src\shared\hls\clib\hlsmath\src\c++\sincoshotbmfloat.cpp:10->C:\scratch\2024.1\hls_product\545\2024.1\src\shared\hls\clib\hlsmath\src\c++\sincoshotbmfloat.cpp:42->pedal_c.cpp:37]   --->   Operation 68 'partselect' 'k' <Predicate = (!closepath)> <Delay = 0.00>
ST_12 : Operation 69 [1/1] (0.20ns)   --->   "%k_1 = select i1 %closepath, i3 0, i3 %k" [C:\scratch\2024.1\hls_product\545\2024.1\src\shared\hls\clib/hlsmath/include/FloatingPoint/hls_range_redux.h:451->C:\scratch\2024.1\hls_product\545\2024.1\src\shared\hls\clib/hlsmath/include/FloatingPoint\hls_hotbm.h:239->C:\scratch\2024.1\hls_product\545\2024.1\src\shared\hls\clib\hlsmath\src\common\hls_hotbm_float.cpp:123->C:\scratch\2024.1\hls_product\545\2024.1\src\shared\hls\clib\hlsmath\src\c++\sincoshotbmfloat.cpp:10->C:\scratch\2024.1\hls_product\545\2024.1\src\shared\hls\clib\hlsmath\src\c++\sincoshotbmfloat.cpp:42->pedal_c.cpp:37]   --->   Operation 69 'select' 'k_1' <Predicate = true> <Delay = 0.20> <CoreInst = "Sel">   --->   Core 73 'Sel' <Latency = 0> <II = 1> <Delay = 0.20> <FuncUnit> <Opcode : 'select'> <InPorts = 3> <OutPorts = 1>
ST_12 : Operation 70 [1/1] (0.00ns)   --->   "%trunc_ln491 = trunc i3 %k_1" [C:\scratch\2024.1\hls_product\545\2024.1\src\shared\hls\clib/hlsmath/include/FloatingPoint/hls_range_redux.h:491->C:\scratch\2024.1\hls_product\545\2024.1\src\shared\hls\clib/hlsmath/include/FloatingPoint\hls_hotbm.h:239->C:\scratch\2024.1\hls_product\545\2024.1\src\shared\hls\clib\hlsmath\src\common\hls_hotbm_float.cpp:123->C:\scratch\2024.1\hls_product\545\2024.1\src\shared\hls\clib\hlsmath\src\c++\sincoshotbmfloat.cpp:10->C:\scratch\2024.1\hls_product\545\2024.1\src\shared\hls\clib\hlsmath\src\c++\sincoshotbmfloat.cpp:42->pedal_c.cpp:37]   --->   Operation 70 'trunc' 'trunc_ln491' <Predicate = true> <Delay = 0.00>
ST_12 : Operation 71 [1/1] (1.09ns)   --->   "%Mx_bits_1 = sub i58 0, i58 %Mx_bits" [C:\scratch\2024.1\hls_product\545\2024.1\src\shared\hls\clib/hlsmath/include/FloatingPoint/hls_range_redux.h:492->C:\scratch\2024.1\hls_product\545\2024.1\src\shared\hls\clib/hlsmath/include/FloatingPoint\hls_hotbm.h:239->C:\scratch\2024.1\hls_product\545\2024.1\src\shared\hls\clib\hlsmath\src\common\hls_hotbm_float.cpp:123->C:\scratch\2024.1\hls_product\545\2024.1\src\shared\hls\clib\hlsmath\src\c++\sincoshotbmfloat.cpp:10->C:\scratch\2024.1\hls_product\545\2024.1\src\shared\hls\clib\hlsmath\src\c++\sincoshotbmfloat.cpp:42->pedal_c.cpp:37]   --->   Operation 71 'sub' 'Mx_bits_1' <Predicate = true> <Delay = 1.09> <CoreInst = "Adder">   --->   Core 1 'Adder' <Latency = 0> <II = 1> <Delay = 1.09> <FuncUnit> <Opcode : 'add' 'sub'> <InPorts = 2> <OutPorts = 1>
ST_12 : Operation 72 [1/1] (0.37ns)   --->   "%Mx_bits_2 = select i1 %trunc_ln491, i58 %Mx_bits_1, i58 %Mx_bits" [C:\scratch\2024.1\hls_product\545\2024.1\src\shared\hls\clib/hlsmath/include/FloatingPoint/hls_range_redux.h:491->C:\scratch\2024.1\hls_product\545\2024.1\src\shared\hls\clib/hlsmath/include/FloatingPoint\hls_hotbm.h:239->C:\scratch\2024.1\hls_product\545\2024.1\src\shared\hls\clib\hlsmath\src\common\hls_hotbm_float.cpp:123->C:\scratch\2024.1\hls_product\545\2024.1\src\shared\hls\clib\hlsmath\src\c++\sincoshotbmfloat.cpp:10->C:\scratch\2024.1\hls_product\545\2024.1\src\shared\hls\clib\hlsmath\src\c++\sincoshotbmfloat.cpp:42->pedal_c.cpp:37]   --->   Operation 72 'select' 'Mx_bits_2' <Predicate = true> <Delay = 0.37> <CoreInst = "Sel">   --->   Core 73 'Sel' <Latency = 0> <II = 1> <Delay = 0.37> <FuncUnit> <Opcode : 'select'> <InPorts = 3> <OutPorts = 1>
ST_12 : Operation 73 [1/1] (0.00ns)   --->   "%tmp_136_i3 = partselect i29 @_ssdm_op_PartSelect.i29.i58.i32.i32, i58 %Mx_bits_2, i32 29, i32 57" [C:\scratch\2024.1\hls_product\545\2024.1\src\shared\hls\clib/hlsmath/include/FloatingPoint/hls_normalize.h:72->C:\scratch\2024.1\hls_product\545\2024.1\src\shared\hls\clib/hlsmath/include/FloatingPoint/hls_range_redux.h:495->C:\scratch\2024.1\hls_product\545\2024.1\src\shared\hls\clib/hlsmath/include/FloatingPoint\hls_hotbm.h:239->C:\scratch\2024.1\hls_product\545\2024.1\src\shared\hls\clib\hlsmath\src\common\hls_hotbm_float.cpp:123->C:\scratch\2024.1\hls_product\545\2024.1\src\shared\hls\clib\hlsmath\src\c++\sincoshotbmfloat.cpp:10->C:\scratch\2024.1\hls_product\545\2024.1\src\shared\hls\clib\hlsmath\src\c++\sincoshotbmfloat.cpp:42->pedal_c.cpp:37]   --->   Operation 73 'partselect' 'tmp_136_i3' <Predicate = true> <Delay = 0.00>
ST_12 : Operation 74 [1/1] (0.00ns)   --->   "%t = bitconcatenate i30 @_ssdm_op_BitConcatenate.i30.i29.i1, i29 %tmp_136_i3, i1 1" [C:\scratch\2024.1\hls_product\545\2024.1\src\shared\hls\clib/hlsmath/include/FloatingPoint/hls_normalize.h:73->C:\scratch\2024.1\hls_product\545\2024.1\src\shared\hls\clib/hlsmath/include/FloatingPoint/hls_range_redux.h:495->C:\scratch\2024.1\hls_product\545\2024.1\src\shared\hls\clib/hlsmath/include/FloatingPoint\hls_hotbm.h:239->C:\scratch\2024.1\hls_product\545\2024.1\src\shared\hls\clib\hlsmath\src\common\hls_hotbm_float.cpp:123->C:\scratch\2024.1\hls_product\545\2024.1\src\shared\hls\clib\hlsmath\src\c++\sincoshotbmfloat.cpp:10->C:\scratch\2024.1\hls_product\545\2024.1\src\shared\hls\clib\hlsmath\src\c++\sincoshotbmfloat.cpp:42->pedal_c.cpp:37]   --->   Operation 74 'bitconcatenate' 't' <Predicate = true> <Delay = 0.00>
ST_12 : Operation 75 [1/1] (0.00ns)   --->   "%tmp_137_i = partselect i30 @llvm.part.select.i30, i30 %t, i32 29, i32 0" [C:\scratch\2024.1\hls_product\545\2024.1\src\shared\hls\clib/hlsmath/include/FloatingPoint/hls_normalize.h:75->C:\scratch\2024.1\hls_product\545\2024.1\src\shared\hls\clib/hlsmath/include/FloatingPoint/hls_range_redux.h:495->C:\scratch\2024.1\hls_product\545\2024.1\src\shared\hls\clib/hlsmath/include/FloatingPoint\hls_hotbm.h:239->C:\scratch\2024.1\hls_product\545\2024.1\src\shared\hls\clib\hlsmath\src\common\hls_hotbm_float.cpp:123->C:\scratch\2024.1\hls_product\545\2024.1\src\shared\hls\clib\hlsmath\src\c++\sincoshotbmfloat.cpp:10->C:\scratch\2024.1\hls_product\545\2024.1\src\shared\hls\clib\hlsmath\src\c++\sincoshotbmfloat.cpp:42->pedal_c.cpp:37]   --->   Operation 75 'partselect' 'tmp_137_i' <Predicate = true> <Delay = 0.00>
ST_12 : Operation 76 [1/1] (0.00ns)   --->   "%tmp_138_i = bitconcatenate i31 @_ssdm_op_BitConcatenate.i31.i1.i30, i1 1, i30 %tmp_137_i" [C:\scratch\2024.1\hls_product\545\2024.1\src\shared\hls\clib/hlsmath/include/FloatingPoint/hls_normalize.h:75->C:\scratch\2024.1\hls_product\545\2024.1\src\shared\hls\clib/hlsmath/include/FloatingPoint/hls_range_redux.h:495->C:\scratch\2024.1\hls_product\545\2024.1\src\shared\hls\clib/hlsmath/include/FloatingPoint\hls_hotbm.h:239->C:\scratch\2024.1\hls_product\545\2024.1\src\shared\hls\clib\hlsmath\src\common\hls_hotbm_float.cpp:123->C:\scratch\2024.1\hls_product\545\2024.1\src\shared\hls\clib\hlsmath\src\c++\sincoshotbmfloat.cpp:10->C:\scratch\2024.1\hls_product\545\2024.1\src\shared\hls\clib\hlsmath\src\c++\sincoshotbmfloat.cpp:42->pedal_c.cpp:37]   --->   Operation 76 'bitconcatenate' 'tmp_138_i' <Predicate = true> <Delay = 0.00>
ST_12 : Operation 77 [1/1] (0.00ns)   --->   "%sext_ln75 = sext i31 %tmp_138_i" [C:\scratch\2024.1\hls_product\545\2024.1\src\shared\hls\clib/hlsmath/include/FloatingPoint/hls_normalize.h:75->C:\scratch\2024.1\hls_product\545\2024.1\src\shared\hls\clib/hlsmath/include/FloatingPoint/hls_range_redux.h:495->C:\scratch\2024.1\hls_product\545\2024.1\src\shared\hls\clib/hlsmath/include/FloatingPoint\hls_hotbm.h:239->C:\scratch\2024.1\hls_product\545\2024.1\src\shared\hls\clib\hlsmath\src\common\hls_hotbm_float.cpp:123->C:\scratch\2024.1\hls_product\545\2024.1\src\shared\hls\clib\hlsmath\src\c++\sincoshotbmfloat.cpp:10->C:\scratch\2024.1\hls_product\545\2024.1\src\shared\hls\clib\hlsmath\src\c++\sincoshotbmfloat.cpp:42->pedal_c.cpp:37]   --->   Operation 77 'sext' 'sext_ln75' <Predicate = true> <Delay = 0.00>
ST_12 : Operation 78 [1/1] (0.56ns)   --->   "%tmp_139_i = cttz i32 @llvm.cttz.i32, i32 %sext_ln75, i1 1" [C:\scratch\2024.1\hls_product\545\2024.1\src\shared\hls\clib/hlsmath/include/FloatingPoint/hls_normalize.h:75->C:\scratch\2024.1\hls_product\545\2024.1\src\shared\hls\clib/hlsmath/include/FloatingPoint/hls_range_redux.h:495->C:\scratch\2024.1\hls_product\545\2024.1\src\shared\hls\clib/hlsmath/include/FloatingPoint\hls_hotbm.h:239->C:\scratch\2024.1\hls_product\545\2024.1\src\shared\hls\clib\hlsmath\src\common\hls_hotbm_float.cpp:123->C:\scratch\2024.1\hls_product\545\2024.1\src\shared\hls\clib\hlsmath\src\c++\sincoshotbmfloat.cpp:10->C:\scratch\2024.1\hls_product\545\2024.1\src\shared\hls\clib\hlsmath\src\c++\sincoshotbmfloat.cpp:42->pedal_c.cpp:37]   --->   Operation 78 'cttz' 'tmp_139_i' <Predicate = true> <Delay = 0.56> <CoreInst = "cttz">   --->   Core 145 'cttz' <Latency = 0> <II = 1> <Delay = 0.56> <FuncUnit> <Opcode : 'cttz'> <InPorts = 1> <OutPorts = 1>
ST_12 : Operation 79 [1/1] (0.00ns)   --->   "%Mx_zeros = trunc i32 %tmp_139_i" [C:\scratch\2024.1\hls_product\545\2024.1\src\shared\hls\clib/hlsmath/include/FloatingPoint/hls_range_redux.h:495->C:\scratch\2024.1\hls_product\545\2024.1\src\shared\hls\clib/hlsmath/include/FloatingPoint\hls_hotbm.h:239->C:\scratch\2024.1\hls_product\545\2024.1\src\shared\hls\clib\hlsmath\src\common\hls_hotbm_float.cpp:123->C:\scratch\2024.1\hls_product\545\2024.1\src\shared\hls\clib\hlsmath\src\c++\sincoshotbmfloat.cpp:10->C:\scratch\2024.1\hls_product\545\2024.1\src\shared\hls\clib\hlsmath\src\c++\sincoshotbmfloat.cpp:42->pedal_c.cpp:37]   --->   Operation 79 'trunc' 'Mx_zeros' <Predicate = true> <Delay = 0.00>
ST_12 : Operation 80 [1/1] (0.00ns)   --->   "%zext_ln504 = zext i6 %Mx_zeros" [C:\scratch\2024.1\hls_product\545\2024.1\src\shared\hls\clib/hlsmath/include/FloatingPoint/hls_range_redux.h:504->C:\scratch\2024.1\hls_product\545\2024.1\src\shared\hls\clib/hlsmath/include/FloatingPoint\hls_hotbm.h:239->C:\scratch\2024.1\hls_product\545\2024.1\src\shared\hls\clib\hlsmath\src\common\hls_hotbm_float.cpp:123->C:\scratch\2024.1\hls_product\545\2024.1\src\shared\hls\clib\hlsmath\src\c++\sincoshotbmfloat.cpp:10->C:\scratch\2024.1\hls_product\545\2024.1\src\shared\hls\clib\hlsmath\src\c++\sincoshotbmfloat.cpp:42->pedal_c.cpp:37]   --->   Operation 80 'zext' 'zext_ln504' <Predicate = true> <Delay = 0.00>
ST_12 : Operation 81 [1/1] (1.51ns)   --->   "%shl_ln504 = shl i58 %Mx_bits_2, i58 %zext_ln504" [C:\scratch\2024.1\hls_product\545\2024.1\src\shared\hls\clib/hlsmath/include/FloatingPoint/hls_range_redux.h:504->C:\scratch\2024.1\hls_product\545\2024.1\src\shared\hls\clib/hlsmath/include/FloatingPoint\hls_hotbm.h:239->C:\scratch\2024.1\hls_product\545\2024.1\src\shared\hls\clib\hlsmath\src\common\hls_hotbm_float.cpp:123->C:\scratch\2024.1\hls_product\545\2024.1\src\shared\hls\clib\hlsmath\src\c++\sincoshotbmfloat.cpp:10->C:\scratch\2024.1\hls_product\545\2024.1\src\shared\hls\clib\hlsmath\src\c++\sincoshotbmfloat.cpp:42->pedal_c.cpp:37]   --->   Operation 81 'shl' 'shl_ln504' <Predicate = true> <Delay = 1.51> <CoreInst = "Shifter">   --->   Core 75 'Shifter' <Latency = 0> <II = 1> <Delay = 1.51> <FuncUnit> <Opcode : 'shl' 'lshr' 'ashr'> <InPorts = 2> <OutPorts = 1>
ST_12 : Operation 82 [1/1] (0.00ns)   --->   "%Mx = partselect i29 @_ssdm_op_PartSelect.i29.i58.i32.i32, i58 %shl_ln504, i32 29, i32 57" [C:\scratch\2024.1\hls_product\545\2024.1\src\shared\hls\clib/hlsmath/include/FloatingPoint/hls_range_redux.h:504->C:\scratch\2024.1\hls_product\545\2024.1\src\shared\hls\clib/hlsmath/include/FloatingPoint\hls_hotbm.h:239->C:\scratch\2024.1\hls_product\545\2024.1\src\shared\hls\clib\hlsmath\src\common\hls_hotbm_float.cpp:123->C:\scratch\2024.1\hls_product\545\2024.1\src\shared\hls\clib\hlsmath\src\c++\sincoshotbmfloat.cpp:10->C:\scratch\2024.1\hls_product\545\2024.1\src\shared\hls\clib\hlsmath\src\c++\sincoshotbmfloat.cpp:42->pedal_c.cpp:37]   --->   Operation 82 'partselect' 'Mx' <Predicate = true> <Delay = 0.00>
ST_12 : Operation 83 [1/1] (0.00ns) (grouped into LUT with out node Ex_1)   --->   "%zext_ln505 = zext i6 %Mx_zeros" [C:\scratch\2024.1\hls_product\545\2024.1\src\shared\hls\clib/hlsmath/include/FloatingPoint/hls_range_redux.h:505->C:\scratch\2024.1\hls_product\545\2024.1\src\shared\hls\clib/hlsmath/include/FloatingPoint\hls_hotbm.h:239->C:\scratch\2024.1\hls_product\545\2024.1\src\shared\hls\clib\hlsmath\src\common\hls_hotbm_float.cpp:123->C:\scratch\2024.1\hls_product\545\2024.1\src\shared\hls\clib\hlsmath\src\c++\sincoshotbmfloat.cpp:10->C:\scratch\2024.1\hls_product\545\2024.1\src\shared\hls\clib\hlsmath\src\c++\sincoshotbmfloat.cpp:42->pedal_c.cpp:37]   --->   Operation 83 'zext' 'zext_ln505' <Predicate = true> <Delay = 0.00>
ST_12 : Operation 84 [1/1] (0.76ns) (out node of the LUT)   --->   "%Ex_1 = sub i8 %select_ln453, i8 %zext_ln505" [C:\scratch\2024.1\hls_product\545\2024.1\src\shared\hls\clib/hlsmath/include/FloatingPoint/hls_range_redux.h:505->C:\scratch\2024.1\hls_product\545\2024.1\src\shared\hls\clib/hlsmath/include/FloatingPoint\hls_hotbm.h:239->C:\scratch\2024.1\hls_product\545\2024.1\src\shared\hls\clib\hlsmath\src\common\hls_hotbm_float.cpp:123->C:\scratch\2024.1\hls_product\545\2024.1\src\shared\hls\clib\hlsmath\src\c++\sincoshotbmfloat.cpp:10->C:\scratch\2024.1\hls_product\545\2024.1\src\shared\hls\clib\hlsmath\src\c++\sincoshotbmfloat.cpp:42->pedal_c.cpp:37]   --->   Operation 84 'sub' 'Ex_1' <Predicate = true> <Delay = 0.76> <CoreInst = "Adder">   --->   Core 1 'Adder' <Latency = 0> <II = 1> <Delay = 0.76> <FuncUnit> <Opcode : 'add' 'sub'> <InPorts = 2> <OutPorts = 1>
ST_12 : Operation 85 [1/1] (0.00ns)   --->   "%tmp_2 = bitselect i1 @_ssdm_op_BitSelect.i1.i8.i32, i8 %Ex_1, i32 7" [C:\scratch\2024.1\hls_product\545\2024.1\src\shared\hls\clib/hlsmath/include/FloatingPoint/hls_range_redux.h:506->C:\scratch\2024.1\hls_product\545\2024.1\src\shared\hls\clib/hlsmath/include/FloatingPoint\hls_hotbm.h:239->C:\scratch\2024.1\hls_product\545\2024.1\src\shared\hls\clib\hlsmath\src\common\hls_hotbm_float.cpp:123->C:\scratch\2024.1\hls_product\545\2024.1\src\shared\hls\clib\hlsmath\src\c++\sincoshotbmfloat.cpp:10->C:\scratch\2024.1\hls_product\545\2024.1\src\shared\hls\clib\hlsmath\src\c++\sincoshotbmfloat.cpp:42->pedal_c.cpp:37]   --->   Operation 85 'bitselect' 'tmp_2' <Predicate = true> <Delay = 0.00>
ST_12 : Operation 86 [1/1] (0.72ns)   --->   "%cos_basis = sparsemux i1 @_ssdm_op_SparseMux.ap_auto.8i1.i1.i3, i3 0, i1 0, i3 1, i1 1, i3 2, i1 1, i3 3, i1 0, i3 4, i1 0, i3 5, i1 1, i3 6, i1 1, i3 7, i1 0, i1 0, i3 %k_1" [C:\scratch\2024.1\hls_product\545\2024.1\src\shared\hls\clib/hlsmath/include/FloatingPoint\hls_hotbm.h:242->C:\scratch\2024.1\hls_product\545\2024.1\src\shared\hls\clib\hlsmath\src\common\hls_hotbm_float.cpp:123->C:\scratch\2024.1\hls_product\545\2024.1\src\shared\hls\clib\hlsmath\src\c++\sincoshotbmfloat.cpp:10->C:\scratch\2024.1\hls_product\545\2024.1\src\shared\hls\clib\hlsmath\src\c++\sincoshotbmfloat.cpp:42->pedal_c.cpp:37]   --->   Operation 86 'sparsemux' 'cos_basis' <Predicate = true> <Delay = 0.72> <CoreInst = "SparseMux">   --->   Core 144 'SparseMux' <Latency = 0> <II = 1> <Delay = 0.72> <FuncUnit> <Opcode : 'sparsemux'> <InPorts = 2> <OutPorts = 1>
ST_12 : Operation 87 [1/1] (0.00ns)   --->   "%index = bitconcatenate i4 @_ssdm_op_BitConcatenate.i4.i1.i3, i1 %din_sign, i3 %k_1" [C:\scratch\2024.1\hls_product\545\2024.1\src\shared\hls\clib/hlsmath/include/FloatingPoint\hls_hotbm.h:266->C:\scratch\2024.1\hls_product\545\2024.1\src\shared\hls\clib\hlsmath\src\common\hls_hotbm_float.cpp:123->C:\scratch\2024.1\hls_product\545\2024.1\src\shared\hls\clib\hlsmath\src\c++\sincoshotbmfloat.cpp:10->C:\scratch\2024.1\hls_product\545\2024.1\src\shared\hls\clib\hlsmath\src\c++\sincoshotbmfloat.cpp:42->pedal_c.cpp:37]   --->   Operation 87 'bitconcatenate' 'index' <Predicate = true> <Delay = 0.00>
ST_12 : Operation 88 [1/1] (0.00ns) (grouped into LUT with out node results_sign_2)   --->   "%tmp_145_i = sparsemux i1 @_ssdm_op_SparseMux.ap_auto.16i1.i1.i4, i4 0, i1 0, i4 1, i1 0, i4 2, i1 0, i4 3, i1 1, i4 4, i1 1, i4 5, i1 1, i4 6, i1 1, i4 7, i1 0, i4 8, i1 0, i4 9, i1 1, i4 10, i1 1, i4 11, i1 1, i4 12, i1 1, i4 13, i1 0, i4 14, i1 0, i4 15, i1 0, i1 0, i4 %index" [C:\scratch\2024.1\hls_product\545\2024.1\src\shared\hls\clib/hlsmath/include/FloatingPoint\hls_hotbm.h:267->C:\scratch\2024.1\hls_product\545\2024.1\src\shared\hls\clib\hlsmath\src\common\hls_hotbm_float.cpp:123->C:\scratch\2024.1\hls_product\545\2024.1\src\shared\hls\clib\hlsmath\src\c++\sincoshotbmfloat.cpp:10->C:\scratch\2024.1\hls_product\545\2024.1\src\shared\hls\clib\hlsmath\src\c++\sincoshotbmfloat.cpp:42->pedal_c.cpp:37]   --->   Operation 88 'sparsemux' 'tmp_145_i' <Predicate = true> <Delay = 0.00> <CoreInst = "SparseMux">   --->   Core 144 'SparseMux' <Latency = 0> <II = 1> <Delay = 0.48> <FuncUnit> <Opcode : 'sparsemux'> <InPorts = 2> <OutPorts = 1>
ST_12 : Operation 89 [1/1] (0.00ns) (grouped into LUT with out node results_sign_2)   --->   "%tmp_146_i = sparsemux i1 @_ssdm_op_SparseMux.ap_auto.16i1.i1.i4, i4 0, i1 0, i4 1, i1 0, i4 2, i1 1, i4 3, i1 0, i4 4, i1 1, i4 5, i1 1, i4 6, i1 0, i4 7, i1 1, i4 8, i1 1, i4 9, i1 0, i4 10, i1 1, i4 11, i1 1, i4 12, i1 0, i4 13, i1 1, i4 14, i1 0, i4 15, i1 0, i1 0, i4 %index" [C:\scratch\2024.1\hls_product\545\2024.1\src\shared\hls\clib/hlsmath/include/FloatingPoint\hls_hotbm.h:267->C:\scratch\2024.1\hls_product\545\2024.1\src\shared\hls\clib\hlsmath\src\common\hls_hotbm_float.cpp:123->C:\scratch\2024.1\hls_product\545\2024.1\src\shared\hls\clib\hlsmath\src\c++\sincoshotbmfloat.cpp:10->C:\scratch\2024.1\hls_product\545\2024.1\src\shared\hls\clib\hlsmath\src\c++\sincoshotbmfloat.cpp:42->pedal_c.cpp:37]   --->   Operation 89 'sparsemux' 'tmp_146_i' <Predicate = true> <Delay = 0.00> <CoreInst = "SparseMux">   --->   Core 144 'SparseMux' <Latency = 0> <II = 1> <Delay = 0.48> <FuncUnit> <Opcode : 'sparsemux'> <InPorts = 2> <OutPorts = 1>
ST_12 : Operation 90 [1/1] (0.00ns) (grouped into LUT with out node results_sign_2)   --->   "%results_sign = select i1 %cos_basis, i1 %tmp_145_i, i1 %tmp_146_i" [C:\scratch\2024.1\hls_product\545\2024.1\src\shared\hls\clib/hlsmath/include/FloatingPoint\hls_hotbm.h:242->C:\scratch\2024.1\hls_product\545\2024.1\src\shared\hls\clib\hlsmath\src\common\hls_hotbm_float.cpp:123->C:\scratch\2024.1\hls_product\545\2024.1\src\shared\hls\clib\hlsmath\src\c++\sincoshotbmfloat.cpp:10->C:\scratch\2024.1\hls_product\545\2024.1\src\shared\hls\clib\hlsmath\src\c++\sincoshotbmfloat.cpp:42->pedal_c.cpp:37]   --->   Operation 90 'select' 'results_sign' <Predicate = true> <Delay = 0.00> <CoreInst = "Sel">   --->   Core 73 'Sel' <Latency = 0> <II = 1> <Delay = 0.17> <FuncUnit> <Opcode : 'select'> <InPorts = 3> <OutPorts = 1>
ST_12 : Operation 91 [1/1] (0.76ns)   --->   "%icmp_ln271 = icmp_eq  i8 %din_exp, i8 0" [C:\scratch\2024.1\hls_product\545\2024.1\src\shared\hls\clib/hlsmath/include/FloatingPoint\hls_hotbm.h:271->C:\scratch\2024.1\hls_product\545\2024.1\src\shared\hls\clib\hlsmath\src\common\hls_hotbm_float.cpp:123->C:\scratch\2024.1\hls_product\545\2024.1\src\shared\hls\clib\hlsmath\src\c++\sincoshotbmfloat.cpp:10->C:\scratch\2024.1\hls_product\545\2024.1\src\shared\hls\clib\hlsmath\src\c++\sincoshotbmfloat.cpp:42->pedal_c.cpp:37]   --->   Operation 91 'icmp' 'icmp_ln271' <Predicate = true> <Delay = 0.76> <CoreInst = "Cmp">   --->   Core 9 'Cmp' <Latency = 0> <II = 1> <Delay = 0.76> <FuncUnit> <Opcode : 'seteq' 'setne' 'setle' 'setge' 'setlt' 'setgt'> <InPorts = 2> <OutPorts = 1>
ST_12 : Operation 92 [1/1] (0.92ns)   --->   "%icmp_ln271_1 = icmp_eq  i23 %din_sig, i23 0" [C:\scratch\2024.1\hls_product\545\2024.1\src\shared\hls\clib/hlsmath/include/FloatingPoint\hls_hotbm.h:271->C:\scratch\2024.1\hls_product\545\2024.1\src\shared\hls\clib\hlsmath\src\common\hls_hotbm_float.cpp:123->C:\scratch\2024.1\hls_product\545\2024.1\src\shared\hls\clib\hlsmath\src\c++\sincoshotbmfloat.cpp:10->C:\scratch\2024.1\hls_product\545\2024.1\src\shared\hls\clib\hlsmath\src\c++\sincoshotbmfloat.cpp:42->pedal_c.cpp:37]   --->   Operation 92 'icmp' 'icmp_ln271_1' <Predicate = true> <Delay = 0.92> <CoreInst = "Cmp">   --->   Core 9 'Cmp' <Latency = 0> <II = 1> <Delay = 0.92> <FuncUnit> <Opcode : 'seteq' 'setne' 'setle' 'setge' 'setlt' 'setgt'> <InPorts = 2> <OutPorts = 1>
ST_12 : Operation 93 [1/1] (0.28ns)   --->   "%and_ln271 = and i1 %icmp_ln271, i1 %icmp_ln271_1" [C:\scratch\2024.1\hls_product\545\2024.1\src\shared\hls\clib/hlsmath/include/FloatingPoint\hls_hotbm.h:271->C:\scratch\2024.1\hls_product\545\2024.1\src\shared\hls\clib\hlsmath\src\common\hls_hotbm_float.cpp:123->C:\scratch\2024.1\hls_product\545\2024.1\src\shared\hls\clib\hlsmath\src\c++\sincoshotbmfloat.cpp:10->C:\scratch\2024.1\hls_product\545\2024.1\src\shared\hls\clib\hlsmath\src\c++\sincoshotbmfloat.cpp:42->pedal_c.cpp:37]   --->   Operation 93 'and' 'and_ln271' <Predicate = true> <Delay = 0.28> <CoreInst = "LogicGate">   --->   Core 74 'LogicGate' <Latency = 0> <II = 1> <Delay = 0.28> <FuncUnit> <Opcode : 'and' 'or' 'xor'> <InPorts = 2> <OutPorts = 1>
ST_12 : Operation 94 [1/1] (0.76ns)   --->   "%icmp_ln282 = icmp_eq  i8 %din_exp, i8 255" [C:\scratch\2024.1\hls_product\545\2024.1\src\shared\hls\clib/hlsmath/include/FloatingPoint\hls_hotbm.h:282->C:\scratch\2024.1\hls_product\545\2024.1\src\shared\hls\clib\hlsmath\src\common\hls_hotbm_float.cpp:123->C:\scratch\2024.1\hls_product\545\2024.1\src\shared\hls\clib\hlsmath\src\c++\sincoshotbmfloat.cpp:10->C:\scratch\2024.1\hls_product\545\2024.1\src\shared\hls\clib\hlsmath\src\c++\sincoshotbmfloat.cpp:42->pedal_c.cpp:37]   --->   Operation 94 'icmp' 'icmp_ln282' <Predicate = true> <Delay = 0.76> <CoreInst = "Cmp">   --->   Core 9 'Cmp' <Latency = 0> <II = 1> <Delay = 0.76> <FuncUnit> <Opcode : 'seteq' 'setne' 'setle' 'setge' 'setlt' 'setgt'> <InPorts = 2> <OutPorts = 1>
ST_12 : Operation 95 [1/1] (0.00ns) (grouped into LUT with out node results_sign_2)   --->   "%xor_ln282 = xor i1 %icmp_ln282, i1 1" [C:\scratch\2024.1\hls_product\545\2024.1\src\shared\hls\clib/hlsmath/include/FloatingPoint\hls_hotbm.h:282->C:\scratch\2024.1\hls_product\545\2024.1\src\shared\hls\clib\hlsmath\src\common\hls_hotbm_float.cpp:123->C:\scratch\2024.1\hls_product\545\2024.1\src\shared\hls\clib\hlsmath\src\c++\sincoshotbmfloat.cpp:10->C:\scratch\2024.1\hls_product\545\2024.1\src\shared\hls\clib\hlsmath\src\c++\sincoshotbmfloat.cpp:42->pedal_c.cpp:37]   --->   Operation 95 'xor' 'xor_ln282' <Predicate = true> <Delay = 0.00> <CoreInst = "LogicGate">   --->   Core 74 'LogicGate' <Latency = 0> <II = 1> <Delay = 0.28> <FuncUnit> <Opcode : 'and' 'or' 'xor'> <InPorts = 2> <OutPorts = 1>
ST_12 : Operation 96 [1/1] (0.00ns) (grouped into LUT with out node results_sign_2)   --->   "%results_sign_1 = and i1 %results_sign, i1 %xor_ln282" [C:\scratch\2024.1\hls_product\545\2024.1\src\shared\hls\clib/hlsmath/include/FloatingPoint\hls_hotbm.h:282->C:\scratch\2024.1\hls_product\545\2024.1\src\shared\hls\clib\hlsmath\src\common\hls_hotbm_float.cpp:123->C:\scratch\2024.1\hls_product\545\2024.1\src\shared\hls\clib\hlsmath\src\c++\sincoshotbmfloat.cpp:10->C:\scratch\2024.1\hls_product\545\2024.1\src\shared\hls\clib\hlsmath\src\c++\sincoshotbmfloat.cpp:42->pedal_c.cpp:37]   --->   Operation 96 'and' 'results_sign_1' <Predicate = true> <Delay = 0.00> <CoreInst = "LogicGate">   --->   Core 74 'LogicGate' <Latency = 0> <II = 1> <Delay = 0.28> <FuncUnit> <Opcode : 'and' 'or' 'xor'> <InPorts = 2> <OutPorts = 1>
ST_12 : Operation 97 [1/1] (0.48ns) (out node of the LUT)   --->   "%results_sign_2 = select i1 %and_ln271, i1 %din_sign, i1 %results_sign_1" [C:\scratch\2024.1\hls_product\545\2024.1\src\shared\hls\clib/hlsmath/include/FloatingPoint\hls_hotbm.h:271->C:\scratch\2024.1\hls_product\545\2024.1\src\shared\hls\clib\hlsmath\src\common\hls_hotbm_float.cpp:123->C:\scratch\2024.1\hls_product\545\2024.1\src\shared\hls\clib\hlsmath\src\c++\sincoshotbmfloat.cpp:10->C:\scratch\2024.1\hls_product\545\2024.1\src\shared\hls\clib\hlsmath\src\c++\sincoshotbmfloat.cpp:42->pedal_c.cpp:37]   --->   Operation 97 'select' 'results_sign_2' <Predicate = true> <Delay = 0.48> <CoreInst = "Sel">   --->   Core 73 'Sel' <Latency = 0> <II = 1> <Delay = 0.17> <FuncUnit> <Opcode : 'select'> <InPorts = 3> <OutPorts = 1>

State 13 <SV = 12> <Delay = 5.15>
ST_13 : Operation 98 [1/1] (0.76ns)   --->   "%sub_ln506 = sub i8 0, i8 %Ex_1" [C:\scratch\2024.1\hls_product\545\2024.1\src\shared\hls\clib/hlsmath/include/FloatingPoint/hls_range_redux.h:506->C:\scratch\2024.1\hls_product\545\2024.1\src\shared\hls\clib/hlsmath/include/FloatingPoint\hls_hotbm.h:239->C:\scratch\2024.1\hls_product\545\2024.1\src\shared\hls\clib\hlsmath\src\common\hls_hotbm_float.cpp:123->C:\scratch\2024.1\hls_product\545\2024.1\src\shared\hls\clib\hlsmath\src\c++\sincoshotbmfloat.cpp:10->C:\scratch\2024.1\hls_product\545\2024.1\src\shared\hls\clib\hlsmath\src\c++\sincoshotbmfloat.cpp:42->pedal_c.cpp:37]   --->   Operation 98 'sub' 'sub_ln506' <Predicate = (tmp_2)> <Delay = 0.76> <CoreInst = "Adder">   --->   Core 1 'Adder' <Latency = 0> <II = 1> <Delay = 0.76> <FuncUnit> <Opcode : 'add' 'sub'> <InPorts = 2> <OutPorts = 1>
ST_13 : Operation 99 [1/1] (0.39ns)   --->   "%select_ln506 = select i1 %tmp_2, i8 %sub_ln506, i8 %Ex_1" [C:\scratch\2024.1\hls_product\545\2024.1\src\shared\hls\clib/hlsmath/include/FloatingPoint/hls_range_redux.h:506->C:\scratch\2024.1\hls_product\545\2024.1\src\shared\hls\clib/hlsmath/include/FloatingPoint\hls_hotbm.h:239->C:\scratch\2024.1\hls_product\545\2024.1\src\shared\hls\clib\hlsmath\src\common\hls_hotbm_float.cpp:123->C:\scratch\2024.1\hls_product\545\2024.1\src\shared\hls\clib\hlsmath\src\c++\sincoshotbmfloat.cpp:10->C:\scratch\2024.1\hls_product\545\2024.1\src\shared\hls\clib\hlsmath\src\c++\sincoshotbmfloat.cpp:42->pedal_c.cpp:37]   --->   Operation 99 'select' 'select_ln506' <Predicate = true> <Delay = 0.39> <CoreInst = "Sel">   --->   Core 73 'Sel' <Latency = 0> <II = 1> <Delay = 0.39> <FuncUnit> <Opcode : 'select'> <InPorts = 3> <OutPorts = 1>
ST_13 : Operation 100 [1/1] (0.00ns)   --->   "%zext_ln506 = zext i8 %select_ln506" [C:\scratch\2024.1\hls_product\545\2024.1\src\shared\hls\clib/hlsmath/include/FloatingPoint/hls_range_redux.h:506->C:\scratch\2024.1\hls_product\545\2024.1\src\shared\hls\clib/hlsmath/include/FloatingPoint\hls_hotbm.h:239->C:\scratch\2024.1\hls_product\545\2024.1\src\shared\hls\clib\hlsmath\src\common\hls_hotbm_float.cpp:123->C:\scratch\2024.1\hls_product\545\2024.1\src\shared\hls\clib\hlsmath\src\c++\sincoshotbmfloat.cpp:10->C:\scratch\2024.1\hls_product\545\2024.1\src\shared\hls\clib\hlsmath\src\c++\sincoshotbmfloat.cpp:42->pedal_c.cpp:37]   --->   Operation 100 'zext' 'zext_ln506' <Predicate = true> <Delay = 0.00>
ST_13 : Operation 101 [1/1] (0.00ns)   --->   "%zext_ln506_1 = zext i29 %Mx" [C:\scratch\2024.1\hls_product\545\2024.1\src\shared\hls\clib/hlsmath/include/FloatingPoint/hls_range_redux.h:506->C:\scratch\2024.1\hls_product\545\2024.1\src\shared\hls\clib/hlsmath/include/FloatingPoint\hls_hotbm.h:239->C:\scratch\2024.1\hls_product\545\2024.1\src\shared\hls\clib\hlsmath\src\common\hls_hotbm_float.cpp:123->C:\scratch\2024.1\hls_product\545\2024.1\src\shared\hls\clib\hlsmath\src\c++\sincoshotbmfloat.cpp:10->C:\scratch\2024.1\hls_product\545\2024.1\src\shared\hls\clib\hlsmath\src\c++\sincoshotbmfloat.cpp:42->pedal_c.cpp:37]   --->   Operation 101 'zext' 'zext_ln506_1' <Predicate = true> <Delay = 0.00>
ST_13 : Operation 102 [1/1] (1.21ns)   --->   "%lshr_ln506 = lshr i32 %zext_ln506_1, i32 %zext_ln506" [C:\scratch\2024.1\hls_product\545\2024.1\src\shared\hls\clib/hlsmath/include/FloatingPoint/hls_range_redux.h:506->C:\scratch\2024.1\hls_product\545\2024.1\src\shared\hls\clib/hlsmath/include/FloatingPoint\hls_hotbm.h:239->C:\scratch\2024.1\hls_product\545\2024.1\src\shared\hls\clib\hlsmath\src\common\hls_hotbm_float.cpp:123->C:\scratch\2024.1\hls_product\545\2024.1\src\shared\hls\clib\hlsmath\src\c++\sincoshotbmfloat.cpp:10->C:\scratch\2024.1\hls_product\545\2024.1\src\shared\hls\clib\hlsmath\src\c++\sincoshotbmfloat.cpp:42->pedal_c.cpp:37]   --->   Operation 102 'lshr' 'lshr_ln506' <Predicate = (tmp_2)> <Delay = 1.21> <CoreInst = "Shifter">   --->   Core 75 'Shifter' <Latency = 0> <II = 1> <Delay = 1.21> <FuncUnit> <Opcode : 'shl' 'lshr' 'ashr'> <InPorts = 2> <OutPorts = 1>
ST_13 : Operation 103 [1/1] (1.21ns)   --->   "%shl_ln506 = shl i32 %zext_ln506_1, i32 %zext_ln506" [C:\scratch\2024.1\hls_product\545\2024.1\src\shared\hls\clib/hlsmath/include/FloatingPoint/hls_range_redux.h:506->C:\scratch\2024.1\hls_product\545\2024.1\src\shared\hls\clib/hlsmath/include/FloatingPoint\hls_hotbm.h:239->C:\scratch\2024.1\hls_product\545\2024.1\src\shared\hls\clib\hlsmath\src\common\hls_hotbm_float.cpp:123->C:\scratch\2024.1\hls_product\545\2024.1\src\shared\hls\clib\hlsmath\src\c++\sincoshotbmfloat.cpp:10->C:\scratch\2024.1\hls_product\545\2024.1\src\shared\hls\clib\hlsmath\src\c++\sincoshotbmfloat.cpp:42->pedal_c.cpp:37]   --->   Operation 103 'shl' 'shl_ln506' <Predicate = (!tmp_2)> <Delay = 1.21> <CoreInst = "Shifter">   --->   Core 75 'Shifter' <Latency = 0> <II = 1> <Delay = 1.21> <FuncUnit> <Opcode : 'shl' 'lshr' 'ashr'> <InPorts = 2> <OutPorts = 1>
ST_13 : Operation 104 [1/1] (0.44ns)   --->   "%select_ln506_1 = select i1 %tmp_2, i32 %lshr_ln506, i32 %shl_ln506" [C:\scratch\2024.1\hls_product\545\2024.1\src\shared\hls\clib/hlsmath/include/FloatingPoint/hls_range_redux.h:506->C:\scratch\2024.1\hls_product\545\2024.1\src\shared\hls\clib/hlsmath/include/FloatingPoint\hls_hotbm.h:239->C:\scratch\2024.1\hls_product\545\2024.1\src\shared\hls\clib\hlsmath\src\common\hls_hotbm_float.cpp:123->C:\scratch\2024.1\hls_product\545\2024.1\src\shared\hls\clib\hlsmath\src\c++\sincoshotbmfloat.cpp:10->C:\scratch\2024.1\hls_product\545\2024.1\src\shared\hls\clib\hlsmath\src\c++\sincoshotbmfloat.cpp:42->pedal_c.cpp:37]   --->   Operation 104 'select' 'select_ln506_1' <Predicate = true> <Delay = 0.44> <CoreInst = "Sel">   --->   Core 73 'Sel' <Latency = 0> <II = 1> <Delay = 0.44> <FuncUnit> <Opcode : 'select'> <InPorts = 3> <OutPorts = 1>
ST_13 : Operation 105 [1/1] (0.00ns)   --->   "%B = trunc i32 %select_ln506_1" [C:\scratch\2024.1\hls_product\545\2024.1\src\shared\hls\clib\hlsmath\src\common\hls_hotbm_float.cpp:21->C:\scratch\2024.1\hls_product\545\2024.1\src\shared\hls\clib/hlsmath/include/FloatingPoint\hls_hotbm.h:250->C:\scratch\2024.1\hls_product\545\2024.1\src\shared\hls\clib\hlsmath\src\common\hls_hotbm_float.cpp:123->C:\scratch\2024.1\hls_product\545\2024.1\src\shared\hls\clib\hlsmath\src\c++\sincoshotbmfloat.cpp:10->C:\scratch\2024.1\hls_product\545\2024.1\src\shared\hls\clib\hlsmath\src\c++\sincoshotbmfloat.cpp:42->pedal_c.cpp:37]   --->   Operation 105 'trunc' 'B' <Predicate = true> <Delay = 0.00>
ST_13 : Operation 106 [1/1] (0.00ns)   --->   "%tmp_140_i = partselect i7 @_ssdm_op_PartSelect.i7.i32.i32.i32, i32 %select_ln506_1, i32 22, i32 28" [C:\scratch\2024.1\hls_product\545\2024.1\src\shared\hls\clib\hlsmath\src\common\hls_hotbm_float.cpp:20->C:\scratch\2024.1\hls_product\545\2024.1\src\shared\hls\clib/hlsmath/include/FloatingPoint\hls_hotbm.h:250->C:\scratch\2024.1\hls_product\545\2024.1\src\shared\hls\clib\hlsmath\src\common\hls_hotbm_float.cpp:123->C:\scratch\2024.1\hls_product\545\2024.1\src\shared\hls\clib\hlsmath\src\c++\sincoshotbmfloat.cpp:10->C:\scratch\2024.1\hls_product\545\2024.1\src\shared\hls\clib\hlsmath\src\c++\sincoshotbmfloat.cpp:42->pedal_c.cpp:37]   --->   Operation 106 'partselect' 'tmp_140_i' <Predicate = true> <Delay = 0.00>
ST_13 : Operation 107 [1/1] (0.00ns)   --->   "%B_trunc = partselect i15 @_ssdm_op_PartSelect.i15.i32.i32.i32, i32 %select_ln506_1, i32 7, i32 21" [C:\scratch\2024.1\hls_product\545\2024.1\src\shared\hls\clib\hlsmath\src\common\hls_hotbm_float.cpp:22->C:\scratch\2024.1\hls_product\545\2024.1\src\shared\hls\clib/hlsmath/include/FloatingPoint\hls_hotbm.h:250->C:\scratch\2024.1\hls_product\545\2024.1\src\shared\hls\clib\hlsmath\src\common\hls_hotbm_float.cpp:123->C:\scratch\2024.1\hls_product\545\2024.1\src\shared\hls\clib\hlsmath\src\c++\sincoshotbmfloat.cpp:10->C:\scratch\2024.1\hls_product\545\2024.1\src\shared\hls\clib\hlsmath\src\c++\sincoshotbmfloat.cpp:42->pedal_c.cpp:37]   --->   Operation 107 'partselect' 'B_trunc' <Predicate = true> <Delay = 0.00>
ST_13 : Operation 108 [1/1] (0.00ns)   --->   "%zext_ln23 = zext i15 %B_trunc" [C:\scratch\2024.1\hls_product\545\2024.1\src\shared\hls\clib\hlsmath\src\common\hls_hotbm_float.cpp:23->C:\scratch\2024.1\hls_product\545\2024.1\src\shared\hls\clib/hlsmath/include/FloatingPoint\hls_hotbm.h:250->C:\scratch\2024.1\hls_product\545\2024.1\src\shared\hls\clib\hlsmath\src\common\hls_hotbm_float.cpp:123->C:\scratch\2024.1\hls_product\545\2024.1\src\shared\hls\clib\hlsmath\src\c++\sincoshotbmfloat.cpp:10->C:\scratch\2024.1\hls_product\545\2024.1\src\shared\hls\clib\hlsmath\src\c++\sincoshotbmfloat.cpp:42->pedal_c.cpp:37]   --->   Operation 108 'zext' 'zext_ln23' <Predicate = true> <Delay = 0.00>
ST_13 : Operation 109 [1/1] (2.33ns)   --->   "%mul_ln23 = mul i30 %zext_ln23, i30 %zext_ln23" [C:\scratch\2024.1\hls_product\545\2024.1\src\shared\hls\clib\hlsmath\src\common\hls_hotbm_float.cpp:23->C:\scratch\2024.1\hls_product\545\2024.1\src\shared\hls\clib/hlsmath/include/FloatingPoint\hls_hotbm.h:250->C:\scratch\2024.1\hls_product\545\2024.1\src\shared\hls\clib\hlsmath\src\common\hls_hotbm_float.cpp:123->C:\scratch\2024.1\hls_product\545\2024.1\src\shared\hls\clib\hlsmath\src\c++\sincoshotbmfloat.cpp:10->C:\scratch\2024.1\hls_product\545\2024.1\src\shared\hls\clib\hlsmath\src\c++\sincoshotbmfloat.cpp:42->pedal_c.cpp:37]   --->   Operation 109 'mul' 'mul_ln23' <Predicate = true> <Delay = 2.33> <CoreInst = "Multiplier">   --->   Core 3 'Multiplier' <Latency = 0> <II = 1> <Delay = 2.33> <FuncUnit> <Opcode : 'mul'> <InPorts = 2> <OutPorts = 1>
ST_13 : Operation 110 [1/1] (0.00ns)   --->   "%B_squared = partselect i15 @_ssdm_op_PartSelect.i15.i30.i32.i32, i30 %mul_ln23, i32 15, i32 29" [C:\scratch\2024.1\hls_product\545\2024.1\src\shared\hls\clib\hlsmath\src\common\hls_hotbm_float.cpp:23->C:\scratch\2024.1\hls_product\545\2024.1\src\shared\hls\clib/hlsmath/include/FloatingPoint\hls_hotbm.h:250->C:\scratch\2024.1\hls_product\545\2024.1\src\shared\hls\clib\hlsmath\src\common\hls_hotbm_float.cpp:123->C:\scratch\2024.1\hls_product\545\2024.1\src\shared\hls\clib\hlsmath\src\c++\sincoshotbmfloat.cpp:10->C:\scratch\2024.1\hls_product\545\2024.1\src\shared\hls\clib\hlsmath\src\c++\sincoshotbmfloat.cpp:42->pedal_c.cpp:37]   --->   Operation 110 'partselect' 'B_squared' <Predicate = true> <Delay = 0.00>
ST_13 : Operation 111 [1/1] (0.28ns)   --->   "%sin_basis = xor i1 %cos_basis, i1 1" [C:\scratch\2024.1\hls_product\545\2024.1\src\shared\hls\clib\hlsmath\src\common\hls_hotbm_float.cpp:25->C:\scratch\2024.1\hls_product\545\2024.1\src\shared\hls\clib/hlsmath/include/FloatingPoint\hls_hotbm.h:250->C:\scratch\2024.1\hls_product\545\2024.1\src\shared\hls\clib\hlsmath\src\common\hls_hotbm_float.cpp:123->C:\scratch\2024.1\hls_product\545\2024.1\src\shared\hls\clib\hlsmath\src\c++\sincoshotbmfloat.cpp:10->C:\scratch\2024.1\hls_product\545\2024.1\src\shared\hls\clib\hlsmath\src\c++\sincoshotbmfloat.cpp:42->pedal_c.cpp:37]   --->   Operation 111 'xor' 'sin_basis' <Predicate = true> <Delay = 0.28> <CoreInst = "LogicGate">   --->   Core 74 'LogicGate' <Latency = 0> <II = 1> <Delay = 0.28> <FuncUnit> <Opcode : 'and' 'or' 'xor'> <InPorts = 2> <OutPorts = 1>
ST_13 : Operation 112 [1/1] (0.00ns)   --->   "%A = bitconcatenate i8 @_ssdm_op_BitConcatenate.i8.i1.i7, i1 %sin_basis, i7 %tmp_140_i" [C:\scratch\2024.1\hls_product\545\2024.1\src\shared\hls\clib\hlsmath\src\common\hls_hotbm_float.cpp:26->C:\scratch\2024.1\hls_product\545\2024.1\src\shared\hls\clib/hlsmath/include/FloatingPoint\hls_hotbm.h:250->C:\scratch\2024.1\hls_product\545\2024.1\src\shared\hls\clib\hlsmath\src\common\hls_hotbm_float.cpp:123->C:\scratch\2024.1\hls_product\545\2024.1\src\shared\hls\clib\hlsmath\src\c++\sincoshotbmfloat.cpp:10->C:\scratch\2024.1\hls_product\545\2024.1\src\shared\hls\clib\hlsmath\src\c++\sincoshotbmfloat.cpp:42->pedal_c.cpp:37]   --->   Operation 112 'bitconcatenate' 'A' <Predicate = true> <Delay = 0.00>
ST_13 : Operation 113 [1/1] (0.00ns)   --->   "%zext_ln28 = zext i8 %A" [C:\scratch\2024.1\hls_product\545\2024.1\src\shared\hls\clib\hlsmath\src\common\hls_hotbm_float.cpp:28->C:\scratch\2024.1\hls_product\545\2024.1\src\shared\hls\clib/hlsmath/include/FloatingPoint\hls_hotbm.h:250->C:\scratch\2024.1\hls_product\545\2024.1\src\shared\hls\clib\hlsmath\src\common\hls_hotbm_float.cpp:123->C:\scratch\2024.1\hls_product\545\2024.1\src\shared\hls\clib\hlsmath\src\c++\sincoshotbmfloat.cpp:10->C:\scratch\2024.1\hls_product\545\2024.1\src\shared\hls\clib\hlsmath\src\c++\sincoshotbmfloat.cpp:42->pedal_c.cpp:37]   --->   Operation 113 'zext' 'zext_ln28' <Predicate = true> <Delay = 0.00>
ST_13 : Operation 114 [1/1] (0.00ns)   --->   "%second_order_float_sin_cos_K0_addr = getelementptr i30 %second_order_float_sin_cos_K0, i64 0, i64 %zext_ln28" [C:\scratch\2024.1\hls_product\545\2024.1\src\shared\hls\clib\hlsmath\src\common\hls_hotbm_float.cpp:28->C:\scratch\2024.1\hls_product\545\2024.1\src\shared\hls\clib/hlsmath/include/FloatingPoint\hls_hotbm.h:250->C:\scratch\2024.1\hls_product\545\2024.1\src\shared\hls\clib\hlsmath\src\common\hls_hotbm_float.cpp:123->C:\scratch\2024.1\hls_product\545\2024.1\src\shared\hls\clib\hlsmath\src\c++\sincoshotbmfloat.cpp:10->C:\scratch\2024.1\hls_product\545\2024.1\src\shared\hls\clib\hlsmath\src\c++\sincoshotbmfloat.cpp:42->pedal_c.cpp:37]   --->   Operation 114 'getelementptr' 'second_order_float_sin_cos_K0_addr' <Predicate = true> <Delay = 0.00>
ST_13 : Operation 115 [2/2] (0.67ns)   --->   "%second_order_float_sin_cos_K0_load = load i8 %second_order_float_sin_cos_K0_addr" [C:\scratch\2024.1\hls_product\545\2024.1\src\shared\hls\clib\hlsmath\src\common\hls_hotbm_float.cpp:28->C:\scratch\2024.1\hls_product\545\2024.1\src\shared\hls\clib/hlsmath/include/FloatingPoint\hls_hotbm.h:250->C:\scratch\2024.1\hls_product\545\2024.1\src\shared\hls\clib\hlsmath\src\common\hls_hotbm_float.cpp:123->C:\scratch\2024.1\hls_product\545\2024.1\src\shared\hls\clib\hlsmath\src\c++\sincoshotbmfloat.cpp:10->C:\scratch\2024.1\hls_product\545\2024.1\src\shared\hls\clib\hlsmath\src\c++\sincoshotbmfloat.cpp:42->pedal_c.cpp:37]   --->   Operation 115 'load' 'second_order_float_sin_cos_K0_load' <Predicate = true> <Delay = 0.67> <CoreInst = "ROM_1P_LUTRAM">   --->   Core 102 'ROM_1P_LUTRAM' <Latency = 1> <II = 1> <Delay = 0.67> <Storage> <Opcode : 'load'> <Ports = 1> <Width = 30> <Depth = 256> <ROM>
ST_13 : Operation 116 [1/1] (0.00ns)   --->   "%second_order_float_sin_cos_K1_addr = getelementptr i23 %second_order_float_sin_cos_K1, i64 0, i64 %zext_ln28" [C:\scratch\2024.1\hls_product\545\2024.1\src\shared\hls\clib\hlsmath\src\common\hls_hotbm_float.cpp:29->C:\scratch\2024.1\hls_product\545\2024.1\src\shared\hls\clib/hlsmath/include/FloatingPoint\hls_hotbm.h:250->C:\scratch\2024.1\hls_product\545\2024.1\src\shared\hls\clib\hlsmath\src\common\hls_hotbm_float.cpp:123->C:\scratch\2024.1\hls_product\545\2024.1\src\shared\hls\clib\hlsmath\src\c++\sincoshotbmfloat.cpp:10->C:\scratch\2024.1\hls_product\545\2024.1\src\shared\hls\clib\hlsmath\src\c++\sincoshotbmfloat.cpp:42->pedal_c.cpp:37]   --->   Operation 116 'getelementptr' 'second_order_float_sin_cos_K1_addr' <Predicate = true> <Delay = 0.00>
ST_13 : Operation 117 [2/2] (0.67ns)   --->   "%second_order_float_sin_cos_K1_load = load i8 %second_order_float_sin_cos_K1_addr" [C:\scratch\2024.1\hls_product\545\2024.1\src\shared\hls\clib\hlsmath\src\common\hls_hotbm_float.cpp:29->C:\scratch\2024.1\hls_product\545\2024.1\src\shared\hls\clib/hlsmath/include/FloatingPoint\hls_hotbm.h:250->C:\scratch\2024.1\hls_product\545\2024.1\src\shared\hls\clib\hlsmath\src\common\hls_hotbm_float.cpp:123->C:\scratch\2024.1\hls_product\545\2024.1\src\shared\hls\clib\hlsmath\src\c++\sincoshotbmfloat.cpp:10->C:\scratch\2024.1\hls_product\545\2024.1\src\shared\hls\clib\hlsmath\src\c++\sincoshotbmfloat.cpp:42->pedal_c.cpp:37]   --->   Operation 117 'load' 'second_order_float_sin_cos_K1_load' <Predicate = true> <Delay = 0.67> <CoreInst = "ROM_1P_LUTRAM">   --->   Core 102 'ROM_1P_LUTRAM' <Latency = 1> <II = 1> <Delay = 0.67> <Storage> <Opcode : 'load'> <Ports = 1> <Width = 23> <Depth = 256> <ROM>
ST_13 : Operation 118 [1/1] (0.00ns)   --->   "%second_order_float_sin_cos_K2_addr = getelementptr i15 %second_order_float_sin_cos_K2, i64 0, i64 %zext_ln28" [C:\scratch\2024.1\hls_product\545\2024.1\src\shared\hls\clib\hlsmath\src\common\hls_hotbm_float.cpp:30->C:\scratch\2024.1\hls_product\545\2024.1\src\shared\hls\clib/hlsmath/include/FloatingPoint\hls_hotbm.h:250->C:\scratch\2024.1\hls_product\545\2024.1\src\shared\hls\clib\hlsmath\src\common\hls_hotbm_float.cpp:123->C:\scratch\2024.1\hls_product\545\2024.1\src\shared\hls\clib\hlsmath\src\c++\sincoshotbmfloat.cpp:10->C:\scratch\2024.1\hls_product\545\2024.1\src\shared\hls\clib\hlsmath\src\c++\sincoshotbmfloat.cpp:42->pedal_c.cpp:37]   --->   Operation 118 'getelementptr' 'second_order_float_sin_cos_K2_addr' <Predicate = true> <Delay = 0.00>
ST_13 : Operation 119 [2/2] (0.67ns)   --->   "%second_order_float_sin_cos_K2_load = load i8 %second_order_float_sin_cos_K2_addr" [C:\scratch\2024.1\hls_product\545\2024.1\src\shared\hls\clib\hlsmath\src\common\hls_hotbm_float.cpp:30->C:\scratch\2024.1\hls_product\545\2024.1\src\shared\hls\clib/hlsmath/include/FloatingPoint\hls_hotbm.h:250->C:\scratch\2024.1\hls_product\545\2024.1\src\shared\hls\clib\hlsmath\src\common\hls_hotbm_float.cpp:123->C:\scratch\2024.1\hls_product\545\2024.1\src\shared\hls\clib\hlsmath\src\c++\sincoshotbmfloat.cpp:10->C:\scratch\2024.1\hls_product\545\2024.1\src\shared\hls\clib\hlsmath\src\c++\sincoshotbmfloat.cpp:42->pedal_c.cpp:37]   --->   Operation 119 'load' 'second_order_float_sin_cos_K2_load' <Predicate = true> <Delay = 0.67> <CoreInst = "ROM_1P_LUTRAM">   --->   Core 102 'ROM_1P_LUTRAM' <Latency = 1> <II = 1> <Delay = 0.67> <Storage> <Opcode : 'load'> <Ports = 1> <Width = 15> <Depth = 256> <ROM>

State 14 <SV = 13> <Delay = 10.9>
ST_14 : Operation 120 [1/1] (0.35ns)   --->   "%Mx_1 = select i1 %cos_basis, i29 536870911, i29 %Mx" [C:\scratch\2024.1\hls_product\545\2024.1\src\shared\hls\clib/hlsmath/include/FloatingPoint\hls_hotbm.h:243->C:\scratch\2024.1\hls_product\545\2024.1\src\shared\hls\clib\hlsmath\src\common\hls_hotbm_float.cpp:123->C:\scratch\2024.1\hls_product\545\2024.1\src\shared\hls\clib\hlsmath\src\c++\sincoshotbmfloat.cpp:10->C:\scratch\2024.1\hls_product\545\2024.1\src\shared\hls\clib\hlsmath\src\c++\sincoshotbmfloat.cpp:42->pedal_c.cpp:37]   --->   Operation 120 'select' 'Mx_1' <Predicate = true> <Delay = 0.35> <CoreInst = "Sel">   --->   Core 73 'Sel' <Latency = 0> <II = 1> <Delay = 0.35> <FuncUnit> <Opcode : 'select'> <InPorts = 3> <OutPorts = 1>
ST_14 : Operation 121 [1/1] (0.00ns) (grouped into LUT with out node add_ln300)   --->   "%Ex_2 = select i1 %cos_basis, i8 0, i8 %Ex_1" [C:\scratch\2024.1\hls_product\545\2024.1\src\shared\hls\clib/hlsmath/include/FloatingPoint\hls_hotbm.h:243->C:\scratch\2024.1\hls_product\545\2024.1\src\shared\hls\clib\hlsmath\src\common\hls_hotbm_float.cpp:123->C:\scratch\2024.1\hls_product\545\2024.1\src\shared\hls\clib\hlsmath\src\c++\sincoshotbmfloat.cpp:10->C:\scratch\2024.1\hls_product\545\2024.1\src\shared\hls\clib\hlsmath\src\c++\sincoshotbmfloat.cpp:42->pedal_c.cpp:37]   --->   Operation 121 'select' 'Ex_2' <Predicate = true> <Delay = 0.00> <CoreInst = "Sel">   --->   Core 73 'Sel' <Latency = 0> <II = 1> <Delay = 0.39> <FuncUnit> <Opcode : 'select'> <InPorts = 3> <OutPorts = 1>
ST_14 : Operation 122 [1/1] (0.00ns)   --->   "%zext_ln23_1 = zext i15 %B_squared" [C:\scratch\2024.1\hls_product\545\2024.1\src\shared\hls\clib\hlsmath\src\common\hls_hotbm_float.cpp:23->C:\scratch\2024.1\hls_product\545\2024.1\src\shared\hls\clib/hlsmath/include/FloatingPoint\hls_hotbm.h:250->C:\scratch\2024.1\hls_product\545\2024.1\src\shared\hls\clib\hlsmath\src\common\hls_hotbm_float.cpp:123->C:\scratch\2024.1\hls_product\545\2024.1\src\shared\hls\clib\hlsmath\src\c++\sincoshotbmfloat.cpp:10->C:\scratch\2024.1\hls_product\545\2024.1\src\shared\hls\clib\hlsmath\src\c++\sincoshotbmfloat.cpp:42->pedal_c.cpp:37]   --->   Operation 122 'zext' 'zext_ln23_1' <Predicate = true> <Delay = 0.00>
ST_14 : Operation 123 [1/2] (0.67ns)   --->   "%second_order_float_sin_cos_K0_load = load i8 %second_order_float_sin_cos_K0_addr" [C:\scratch\2024.1\hls_product\545\2024.1\src\shared\hls\clib\hlsmath\src\common\hls_hotbm_float.cpp:28->C:\scratch\2024.1\hls_product\545\2024.1\src\shared\hls\clib/hlsmath/include/FloatingPoint\hls_hotbm.h:250->C:\scratch\2024.1\hls_product\545\2024.1\src\shared\hls\clib\hlsmath\src\common\hls_hotbm_float.cpp:123->C:\scratch\2024.1\hls_product\545\2024.1\src\shared\hls\clib\hlsmath\src\c++\sincoshotbmfloat.cpp:10->C:\scratch\2024.1\hls_product\545\2024.1\src\shared\hls\clib\hlsmath\src\c++\sincoshotbmfloat.cpp:42->pedal_c.cpp:37]   --->   Operation 123 'load' 'second_order_float_sin_cos_K0_load' <Predicate = true> <Delay = 0.67> <CoreInst = "ROM_1P_LUTRAM">   --->   Core 102 'ROM_1P_LUTRAM' <Latency = 1> <II = 1> <Delay = 0.67> <Storage> <Opcode : 'load'> <Ports = 1> <Width = 30> <Depth = 256> <ROM>
ST_14 : Operation 124 [1/1] (0.00ns)   --->   "%t1 = partselect i29 @_ssdm_op_PartSelect.i29.i30.i32.i32, i30 %second_order_float_sin_cos_K0_load, i32 1, i32 29" [C:\scratch\2024.1\hls_product\545\2024.1\src\shared\hls\clib\hlsmath\src\common\hls_hotbm_float.cpp:28->C:\scratch\2024.1\hls_product\545\2024.1\src\shared\hls\clib/hlsmath/include/FloatingPoint\hls_hotbm.h:250->C:\scratch\2024.1\hls_product\545\2024.1\src\shared\hls\clib\hlsmath\src\common\hls_hotbm_float.cpp:123->C:\scratch\2024.1\hls_product\545\2024.1\src\shared\hls\clib\hlsmath\src\c++\sincoshotbmfloat.cpp:10->C:\scratch\2024.1\hls_product\545\2024.1\src\shared\hls\clib\hlsmath\src\c++\sincoshotbmfloat.cpp:42->pedal_c.cpp:37]   --->   Operation 124 'partselect' 't1' <Predicate = true> <Delay = 0.00>
ST_14 : Operation 125 [1/1] (0.00ns)   --->   "%zext_ln29 = zext i22 %B" [C:\scratch\2024.1\hls_product\545\2024.1\src\shared\hls\clib\hlsmath\src\common\hls_hotbm_float.cpp:29->C:\scratch\2024.1\hls_product\545\2024.1\src\shared\hls\clib/hlsmath/include/FloatingPoint\hls_hotbm.h:250->C:\scratch\2024.1\hls_product\545\2024.1\src\shared\hls\clib\hlsmath\src\common\hls_hotbm_float.cpp:123->C:\scratch\2024.1\hls_product\545\2024.1\src\shared\hls\clib\hlsmath\src\c++\sincoshotbmfloat.cpp:10->C:\scratch\2024.1\hls_product\545\2024.1\src\shared\hls\clib\hlsmath\src\c++\sincoshotbmfloat.cpp:42->pedal_c.cpp:37]   --->   Operation 125 'zext' 'zext_ln29' <Predicate = true> <Delay = 0.00>
ST_14 : Operation 126 [1/2] (0.67ns)   --->   "%second_order_float_sin_cos_K1_load = load i8 %second_order_float_sin_cos_K1_addr" [C:\scratch\2024.1\hls_product\545\2024.1\src\shared\hls\clib\hlsmath\src\common\hls_hotbm_float.cpp:29->C:\scratch\2024.1\hls_product\545\2024.1\src\shared\hls\clib/hlsmath/include/FloatingPoint\hls_hotbm.h:250->C:\scratch\2024.1\hls_product\545\2024.1\src\shared\hls\clib\hlsmath\src\common\hls_hotbm_float.cpp:123->C:\scratch\2024.1\hls_product\545\2024.1\src\shared\hls\clib\hlsmath\src\c++\sincoshotbmfloat.cpp:10->C:\scratch\2024.1\hls_product\545\2024.1\src\shared\hls\clib\hlsmath\src\c++\sincoshotbmfloat.cpp:42->pedal_c.cpp:37]   --->   Operation 126 'load' 'second_order_float_sin_cos_K1_load' <Predicate = true> <Delay = 0.67> <CoreInst = "ROM_1P_LUTRAM">   --->   Core 102 'ROM_1P_LUTRAM' <Latency = 1> <II = 1> <Delay = 0.67> <Storage> <Opcode : 'load'> <Ports = 1> <Width = 23> <Depth = 256> <ROM>
ST_14 : Operation 127 [1/1] (0.00ns)   --->   "%sext_ln29 = sext i23 %second_order_float_sin_cos_K1_load" [C:\scratch\2024.1\hls_product\545\2024.1\src\shared\hls\clib\hlsmath\src\common\hls_hotbm_float.cpp:29->C:\scratch\2024.1\hls_product\545\2024.1\src\shared\hls\clib/hlsmath/include/FloatingPoint\hls_hotbm.h:250->C:\scratch\2024.1\hls_product\545\2024.1\src\shared\hls\clib\hlsmath\src\common\hls_hotbm_float.cpp:123->C:\scratch\2024.1\hls_product\545\2024.1\src\shared\hls\clib\hlsmath\src\c++\sincoshotbmfloat.cpp:10->C:\scratch\2024.1\hls_product\545\2024.1\src\shared\hls\clib\hlsmath\src\c++\sincoshotbmfloat.cpp:42->pedal_c.cpp:37]   --->   Operation 127 'sext' 'sext_ln29' <Predicate = true> <Delay = 0.00>
ST_14 : Operation 128 [1/1] (2.83ns)   --->   "%mul_ln29 = mul i45 %sext_ln29, i45 %zext_ln29" [C:\scratch\2024.1\hls_product\545\2024.1\src\shared\hls\clib\hlsmath\src\common\hls_hotbm_float.cpp:29->C:\scratch\2024.1\hls_product\545\2024.1\src\shared\hls\clib/hlsmath/include/FloatingPoint\hls_hotbm.h:250->C:\scratch\2024.1\hls_product\545\2024.1\src\shared\hls\clib\hlsmath\src\common\hls_hotbm_float.cpp:123->C:\scratch\2024.1\hls_product\545\2024.1\src\shared\hls\clib\hlsmath\src\c++\sincoshotbmfloat.cpp:10->C:\scratch\2024.1\hls_product\545\2024.1\src\shared\hls\clib\hlsmath\src\c++\sincoshotbmfloat.cpp:42->pedal_c.cpp:37]   --->   Operation 128 'mul' 'mul_ln29' <Predicate = true> <Delay = 2.83> <CoreInst = "Multiplier">   --->   Core 3 'Multiplier' <Latency = 0> <II = 1> <Delay = 2.83> <FuncUnit> <Opcode : 'mul'> <InPorts = 2> <OutPorts = 1>
ST_14 : Operation 129 [1/1] (0.00ns)   --->   "%trunc_ln = partselect i22 @_ssdm_op_PartSelect.i22.i45.i32.i32, i45 %mul_ln29, i32 23, i32 44" [C:\scratch\2024.1\hls_product\545\2024.1\src\shared\hls\clib\hlsmath\src\common\hls_hotbm_float.cpp:29->C:\scratch\2024.1\hls_product\545\2024.1\src\shared\hls\clib/hlsmath/include/FloatingPoint\hls_hotbm.h:250->C:\scratch\2024.1\hls_product\545\2024.1\src\shared\hls\clib\hlsmath\src\common\hls_hotbm_float.cpp:123->C:\scratch\2024.1\hls_product\545\2024.1\src\shared\hls\clib\hlsmath\src\c++\sincoshotbmfloat.cpp:10->C:\scratch\2024.1\hls_product\545\2024.1\src\shared\hls\clib\hlsmath\src\c++\sincoshotbmfloat.cpp:42->pedal_c.cpp:37]   --->   Operation 129 'partselect' 'trunc_ln' <Predicate = true> <Delay = 0.00>
ST_14 : Operation 130 [1/2] (0.67ns)   --->   "%second_order_float_sin_cos_K2_load = load i8 %second_order_float_sin_cos_K2_addr" [C:\scratch\2024.1\hls_product\545\2024.1\src\shared\hls\clib\hlsmath\src\common\hls_hotbm_float.cpp:30->C:\scratch\2024.1\hls_product\545\2024.1\src\shared\hls\clib/hlsmath/include/FloatingPoint\hls_hotbm.h:250->C:\scratch\2024.1\hls_product\545\2024.1\src\shared\hls\clib\hlsmath\src\common\hls_hotbm_float.cpp:123->C:\scratch\2024.1\hls_product\545\2024.1\src\shared\hls\clib\hlsmath\src\c++\sincoshotbmfloat.cpp:10->C:\scratch\2024.1\hls_product\545\2024.1\src\shared\hls\clib\hlsmath\src\c++\sincoshotbmfloat.cpp:42->pedal_c.cpp:37]   --->   Operation 130 'load' 'second_order_float_sin_cos_K2_load' <Predicate = true> <Delay = 0.67> <CoreInst = "ROM_1P_LUTRAM">   --->   Core 102 'ROM_1P_LUTRAM' <Latency = 1> <II = 1> <Delay = 0.67> <Storage> <Opcode : 'load'> <Ports = 1> <Width = 15> <Depth = 256> <ROM>
ST_14 : Operation 131 [1/1] (0.00ns)   --->   "%sext_ln30 = sext i15 %second_order_float_sin_cos_K2_load" [C:\scratch\2024.1\hls_product\545\2024.1\src\shared\hls\clib\hlsmath\src\common\hls_hotbm_float.cpp:30->C:\scratch\2024.1\hls_product\545\2024.1\src\shared\hls\clib/hlsmath/include/FloatingPoint\hls_hotbm.h:250->C:\scratch\2024.1\hls_product\545\2024.1\src\shared\hls\clib\hlsmath\src\common\hls_hotbm_float.cpp:123->C:\scratch\2024.1\hls_product\545\2024.1\src\shared\hls\clib\hlsmath\src\c++\sincoshotbmfloat.cpp:10->C:\scratch\2024.1\hls_product\545\2024.1\src\shared\hls\clib\hlsmath\src\c++\sincoshotbmfloat.cpp:42->pedal_c.cpp:37]   --->   Operation 131 'sext' 'sext_ln30' <Predicate = true> <Delay = 0.00>
ST_14 : Operation 132 [1/1] (2.33ns)   --->   "%mul_ln30 = mul i30 %zext_ln23_1, i30 %sext_ln30" [C:\scratch\2024.1\hls_product\545\2024.1\src\shared\hls\clib\hlsmath\src\common\hls_hotbm_float.cpp:30->C:\scratch\2024.1\hls_product\545\2024.1\src\shared\hls\clib/hlsmath/include/FloatingPoint\hls_hotbm.h:250->C:\scratch\2024.1\hls_product\545\2024.1\src\shared\hls\clib\hlsmath\src\common\hls_hotbm_float.cpp:123->C:\scratch\2024.1\hls_product\545\2024.1\src\shared\hls\clib\hlsmath\src\c++\sincoshotbmfloat.cpp:10->C:\scratch\2024.1\hls_product\545\2024.1\src\shared\hls\clib\hlsmath\src\c++\sincoshotbmfloat.cpp:42->pedal_c.cpp:37]   --->   Operation 132 'mul' 'mul_ln30' <Predicate = true> <Delay = 2.33> <CoreInst = "Multiplier">   --->   Core 3 'Multiplier' <Latency = 0> <II = 1> <Delay = 2.33> <FuncUnit> <Opcode : 'mul'> <InPorts = 2> <OutPorts = 1>
ST_14 : Operation 133 [1/1] (0.00ns)   --->   "%trunc_ln1 = partselect i14 @_ssdm_op_PartSelect.i14.i30.i32.i32, i30 %mul_ln30, i32 16, i32 29" [C:\scratch\2024.1\hls_product\545\2024.1\src\shared\hls\clib\hlsmath\src\common\hls_hotbm_float.cpp:30->C:\scratch\2024.1\hls_product\545\2024.1\src\shared\hls\clib/hlsmath/include/FloatingPoint\hls_hotbm.h:250->C:\scratch\2024.1\hls_product\545\2024.1\src\shared\hls\clib\hlsmath\src\common\hls_hotbm_float.cpp:123->C:\scratch\2024.1\hls_product\545\2024.1\src\shared\hls\clib\hlsmath\src\c++\sincoshotbmfloat.cpp:10->C:\scratch\2024.1\hls_product\545\2024.1\src\shared\hls\clib\hlsmath\src\c++\sincoshotbmfloat.cpp:42->pedal_c.cpp:37]   --->   Operation 133 'partselect' 'trunc_ln1' <Predicate = true> <Delay = 0.00>
ST_14 : Operation 134 [1/1] (0.00ns)   --->   "%sext_ln32 = sext i29 %t1" [C:\scratch\2024.1\hls_product\545\2024.1\src\shared\hls\clib\hlsmath\src\common\hls_hotbm_float.cpp:32->C:\scratch\2024.1\hls_product\545\2024.1\src\shared\hls\clib/hlsmath/include/FloatingPoint\hls_hotbm.h:250->C:\scratch\2024.1\hls_product\545\2024.1\src\shared\hls\clib\hlsmath\src\common\hls_hotbm_float.cpp:123->C:\scratch\2024.1\hls_product\545\2024.1\src\shared\hls\clib\hlsmath\src\c++\sincoshotbmfloat.cpp:10->C:\scratch\2024.1\hls_product\545\2024.1\src\shared\hls\clib\hlsmath\src\c++\sincoshotbmfloat.cpp:42->pedal_c.cpp:37]   --->   Operation 134 'sext' 'sext_ln32' <Predicate = true> <Delay = 0.00>
ST_14 : Operation 135 [1/1] (0.00ns)   --->   "%sext_ln32_1 = sext i22 %trunc_ln" [C:\scratch\2024.1\hls_product\545\2024.1\src\shared\hls\clib\hlsmath\src\common\hls_hotbm_float.cpp:32->C:\scratch\2024.1\hls_product\545\2024.1\src\shared\hls\clib/hlsmath/include/FloatingPoint\hls_hotbm.h:250->C:\scratch\2024.1\hls_product\545\2024.1\src\shared\hls\clib\hlsmath\src\common\hls_hotbm_float.cpp:123->C:\scratch\2024.1\hls_product\545\2024.1\src\shared\hls\clib\hlsmath\src\c++\sincoshotbmfloat.cpp:10->C:\scratch\2024.1\hls_product\545\2024.1\src\shared\hls\clib\hlsmath\src\c++\sincoshotbmfloat.cpp:42->pedal_c.cpp:37]   --->   Operation 135 'sext' 'sext_ln32_1' <Predicate = true> <Delay = 0.00>
ST_14 : Operation 136 [1/1] (0.00ns) (grouped into TernaryAdder)   --->   "%add_ln32 = add i30 %sext_ln32, i30 %sext_ln32_1" [C:\scratch\2024.1\hls_product\545\2024.1\src\shared\hls\clib\hlsmath\src\common\hls_hotbm_float.cpp:32->C:\scratch\2024.1\hls_product\545\2024.1\src\shared\hls\clib/hlsmath/include/FloatingPoint\hls_hotbm.h:250->C:\scratch\2024.1\hls_product\545\2024.1\src\shared\hls\clib\hlsmath\src\common\hls_hotbm_float.cpp:123->C:\scratch\2024.1\hls_product\545\2024.1\src\shared\hls\clib\hlsmath\src\c++\sincoshotbmfloat.cpp:10->C:\scratch\2024.1\hls_product\545\2024.1\src\shared\hls\clib\hlsmath\src\c++\sincoshotbmfloat.cpp:42->pedal_c.cpp:37]   --->   Operation 136 'add' 'add_ln32' <Predicate = true> <Delay = 0.00> <CoreInst = "TAddSub">   --->   Core 10 'TAddSub' <Latency = 0> <II = 1> <Delay = 0.43> <IPBlock> <Opcode : '' 'add' 'sub'> <InPorts = 3> <OutPorts = 1> <Sync> <CReg>
ST_14 : Operation 137 [1/1] (0.00ns)   --->   "%sext_ln32_2 = sext i14 %trunc_ln1" [C:\scratch\2024.1\hls_product\545\2024.1\src\shared\hls\clib\hlsmath\src\common\hls_hotbm_float.cpp:32->C:\scratch\2024.1\hls_product\545\2024.1\src\shared\hls\clib/hlsmath/include/FloatingPoint\hls_hotbm.h:250->C:\scratch\2024.1\hls_product\545\2024.1\src\shared\hls\clib\hlsmath\src\common\hls_hotbm_float.cpp:123->C:\scratch\2024.1\hls_product\545\2024.1\src\shared\hls\clib\hlsmath\src\c++\sincoshotbmfloat.cpp:10->C:\scratch\2024.1\hls_product\545\2024.1\src\shared\hls\clib\hlsmath\src\c++\sincoshotbmfloat.cpp:42->pedal_c.cpp:37]   --->   Operation 137 'sext' 'sext_ln32_2' <Predicate = true> <Delay = 0.00>
ST_14 : Operation 138 [1/1] (0.72ns) (root node of TernaryAdder)   --->   "%add_ln32_1 = add i30 %add_ln32, i30 %sext_ln32_2" [C:\scratch\2024.1\hls_product\545\2024.1\src\shared\hls\clib\hlsmath\src\common\hls_hotbm_float.cpp:32->C:\scratch\2024.1\hls_product\545\2024.1\src\shared\hls\clib/hlsmath/include/FloatingPoint\hls_hotbm.h:250->C:\scratch\2024.1\hls_product\545\2024.1\src\shared\hls\clib\hlsmath\src\common\hls_hotbm_float.cpp:123->C:\scratch\2024.1\hls_product\545\2024.1\src\shared\hls\clib\hlsmath\src\c++\sincoshotbmfloat.cpp:10->C:\scratch\2024.1\hls_product\545\2024.1\src\shared\hls\clib\hlsmath\src\c++\sincoshotbmfloat.cpp:42->pedal_c.cpp:37]   --->   Operation 138 'add' 'add_ln32_1' <Predicate = true> <Delay = 0.72> <CoreInst = "TAddSub">   --->   Core 10 'TAddSub' <Latency = 0> <II = 1> <Delay = 0.43> <IPBlock> <Opcode : '' 'add' 'sub'> <InPorts = 3> <OutPorts = 1> <Sync> <CReg>
ST_14 : Operation 139 [1/1] (0.00ns)   --->   "%sext_ln32_3 = sext i30 %add_ln32_1" [C:\scratch\2024.1\hls_product\545\2024.1\src\shared\hls\clib\hlsmath\src\common\hls_hotbm_float.cpp:32->C:\scratch\2024.1\hls_product\545\2024.1\src\shared\hls\clib/hlsmath/include/FloatingPoint\hls_hotbm.h:250->C:\scratch\2024.1\hls_product\545\2024.1\src\shared\hls\clib\hlsmath\src\common\hls_hotbm_float.cpp:123->C:\scratch\2024.1\hls_product\545\2024.1\src\shared\hls\clib\hlsmath\src\c++\sincoshotbmfloat.cpp:10->C:\scratch\2024.1\hls_product\545\2024.1\src\shared\hls\clib\hlsmath\src\c++\sincoshotbmfloat.cpp:42->pedal_c.cpp:37]   --->   Operation 139 'sext' 'sext_ln32_3' <Predicate = true> <Delay = 0.00>
ST_14 : Operation 140 [1/1] (0.00ns)   --->   "%zext_ln32 = zext i29 %Mx_1" [C:\scratch\2024.1\hls_product\545\2024.1\src\shared\hls\clib\hlsmath\src\common\hls_hotbm_float.cpp:32->C:\scratch\2024.1\hls_product\545\2024.1\src\shared\hls\clib/hlsmath/include/FloatingPoint\hls_hotbm.h:250->C:\scratch\2024.1\hls_product\545\2024.1\src\shared\hls\clib\hlsmath\src\common\hls_hotbm_float.cpp:123->C:\scratch\2024.1\hls_product\545\2024.1\src\shared\hls\clib\hlsmath\src\c++\sincoshotbmfloat.cpp:10->C:\scratch\2024.1\hls_product\545\2024.1\src\shared\hls\clib\hlsmath\src\c++\sincoshotbmfloat.cpp:42->pedal_c.cpp:37]   --->   Operation 140 'zext' 'zext_ln32' <Predicate = true> <Delay = 0.00>
ST_14 : Operation 141 [1/1] (3.32ns)   --->   "%mul_ln32 = mul i58 %sext_ln32_3, i58 %zext_ln32" [C:\scratch\2024.1\hls_product\545\2024.1\src\shared\hls\clib\hlsmath\src\common\hls_hotbm_float.cpp:32->C:\scratch\2024.1\hls_product\545\2024.1\src\shared\hls\clib/hlsmath/include/FloatingPoint\hls_hotbm.h:250->C:\scratch\2024.1\hls_product\545\2024.1\src\shared\hls\clib\hlsmath\src\common\hls_hotbm_float.cpp:123->C:\scratch\2024.1\hls_product\545\2024.1\src\shared\hls\clib\hlsmath\src\c++\sincoshotbmfloat.cpp:10->C:\scratch\2024.1\hls_product\545\2024.1\src\shared\hls\clib\hlsmath\src\c++\sincoshotbmfloat.cpp:42->pedal_c.cpp:37]   --->   Operation 141 'mul' 'mul_ln32' <Predicate = true> <Delay = 3.32> <CoreInst = "Multiplier">   --->   Core 3 'Multiplier' <Latency = 0> <II = 1> <Delay = 3.32> <FuncUnit> <Opcode : 'mul'> <InPorts = 2> <OutPorts = 1>
ST_14 : Operation 142 [1/1] (0.00ns)   --->   "%result = partselect i29 @_ssdm_op_PartSelect.i29.i58.i32.i32, i58 %mul_ln32, i32 29, i32 57" [C:\scratch\2024.1\hls_product\545\2024.1\src\shared\hls\clib\hlsmath\src\common\hls_hotbm_float.cpp:32->C:\scratch\2024.1\hls_product\545\2024.1\src\shared\hls\clib/hlsmath/include/FloatingPoint\hls_hotbm.h:250->C:\scratch\2024.1\hls_product\545\2024.1\src\shared\hls\clib\hlsmath\src\common\hls_hotbm_float.cpp:123->C:\scratch\2024.1\hls_product\545\2024.1\src\shared\hls\clib\hlsmath\src\c++\sincoshotbmfloat.cpp:10->C:\scratch\2024.1\hls_product\545\2024.1\src\shared\hls\clib\hlsmath\src\c++\sincoshotbmfloat.cpp:42->pedal_c.cpp:37]   --->   Operation 142 'partselect' 'result' <Predicate = true> <Delay = 0.00>
ST_14 : Operation 143 [1/1] (0.00ns) (grouped into LUT with out node add_ln300)   --->   "%sext_ln252 = sext i8 %Ex_2" [C:\scratch\2024.1\hls_product\545\2024.1\src\shared\hls\clib/hlsmath/include/FloatingPoint\hls_hotbm.h:252->C:\scratch\2024.1\hls_product\545\2024.1\src\shared\hls\clib\hlsmath\src\common\hls_hotbm_float.cpp:123->C:\scratch\2024.1\hls_product\545\2024.1\src\shared\hls\clib\hlsmath\src\c++\sincoshotbmfloat.cpp:10->C:\scratch\2024.1\hls_product\545\2024.1\src\shared\hls\clib\hlsmath\src\c++\sincoshotbmfloat.cpp:42->pedal_c.cpp:37]   --->   Operation 143 'sext' 'sext_ln252' <Predicate = true> <Delay = 0.00>
ST_14 : Operation 144 [1/1] (0.00ns)   --->   "%tmp_141_i = partselect i16 @_ssdm_op_PartSelect.i16.i58.i32.i32, i58 %mul_ln32, i32 42, i32 57" [C:\scratch\2024.1\hls_product\545\2024.1\src\shared\hls\clib/src/hls\utils/x_hls_float_utils.h:271->C:\scratch\2024.1\hls_product\545\2024.1\src\shared\hls\clib/hlsmath/include/FloatingPoint\hls_hotbm.h:252->C:\scratch\2024.1\hls_product\545\2024.1\src\shared\hls\clib\hlsmath\src\common\hls_hotbm_float.cpp:123->C:\scratch\2024.1\hls_product\545\2024.1\src\shared\hls\clib\hlsmath\src\c++\sincoshotbmfloat.cpp:10->C:\scratch\2024.1\hls_product\545\2024.1\src\shared\hls\clib\hlsmath\src\c++\sincoshotbmfloat.cpp:42->pedal_c.cpp:37]   --->   Operation 144 'partselect' 'tmp_141_i' <Predicate = true> <Delay = 0.00>
ST_14 : Operation 145 [1/1] (0.00ns)   --->   "%out_bits = bitconcatenate i32 @_ssdm_op_BitConcatenate.i32.i16.i16, i16 %tmp_141_i, i16 32768" [C:\scratch\2024.1\hls_product\545\2024.1\src\shared\hls\clib/src/hls\utils/x_hls_float_utils.h:273->C:\scratch\2024.1\hls_product\545\2024.1\src\shared\hls\clib/hlsmath/include/FloatingPoint\hls_hotbm.h:252->C:\scratch\2024.1\hls_product\545\2024.1\src\shared\hls\clib\hlsmath\src\common\hls_hotbm_float.cpp:123->C:\scratch\2024.1\hls_product\545\2024.1\src\shared\hls\clib\hlsmath\src\c++\sincoshotbmfloat.cpp:10->C:\scratch\2024.1\hls_product\545\2024.1\src\shared\hls\clib\hlsmath\src\c++\sincoshotbmfloat.cpp:42->pedal_c.cpp:37]   --->   Operation 145 'bitconcatenate' 'out_bits' <Predicate = true> <Delay = 0.00>
ST_14 : Operation 146 [1/1] (0.00ns)   --->   "%tmp_142_i = partselect i13 @_ssdm_op_PartSelect.i13.i58.i32.i32, i58 %mul_ln32, i32 29, i32 41" [C:\scratch\2024.1\hls_product\545\2024.1\src\shared\hls\clib/src/hls\utils/x_hls_float_utils.h:276->C:\scratch\2024.1\hls_product\545\2024.1\src\shared\hls\clib/hlsmath/include/FloatingPoint\hls_hotbm.h:252->C:\scratch\2024.1\hls_product\545\2024.1\src\shared\hls\clib\hlsmath\src\common\hls_hotbm_float.cpp:123->C:\scratch\2024.1\hls_product\545\2024.1\src\shared\hls\clib\hlsmath\src\c++\sincoshotbmfloat.cpp:10->C:\scratch\2024.1\hls_product\545\2024.1\src\shared\hls\clib\hlsmath\src\c++\sincoshotbmfloat.cpp:42->pedal_c.cpp:37]   --->   Operation 146 'partselect' 'tmp_142_i' <Predicate = true> <Delay = 0.00>
ST_14 : Operation 147 [1/1] (0.00ns)   --->   "%out_bits_2 = bitconcatenate i32 @_ssdm_op_BitConcatenate.i32.i13.i19, i13 %tmp_142_i, i19 262144" [C:\scratch\2024.1\hls_product\545\2024.1\src\shared\hls\clib/src/hls\utils/x_hls_float_utils.h:278->C:\scratch\2024.1\hls_product\545\2024.1\src\shared\hls\clib/hlsmath/include/FloatingPoint\hls_hotbm.h:252->C:\scratch\2024.1\hls_product\545\2024.1\src\shared\hls\clib\hlsmath\src\common\hls_hotbm_float.cpp:123->C:\scratch\2024.1\hls_product\545\2024.1\src\shared\hls\clib\hlsmath\src\c++\sincoshotbmfloat.cpp:10->C:\scratch\2024.1\hls_product\545\2024.1\src\shared\hls\clib\hlsmath\src\c++\sincoshotbmfloat.cpp:42->pedal_c.cpp:37]   --->   Operation 147 'bitconcatenate' 'out_bits_2' <Predicate = true> <Delay = 0.00>
ST_14 : Operation 148 [1/1] (0.00ns)   --->   "%tmp_143_i = partselect i32 @llvm.part.select.i32, i32 %out_bits, i32 31, i32 0" [C:\scratch\2024.1\hls_product\545\2024.1\src\shared\hls\clib/hlsmath/include/FloatingPoint/hls_normalize.h:81->C:\scratch\2024.1\hls_product\545\2024.1\src\shared\hls\clib/src/hls\utils/x_hls_float_utils.h:283->C:\scratch\2024.1\hls_product\545\2024.1\src\shared\hls\clib/hlsmath/include/FloatingPoint\hls_hotbm.h:252->C:\scratch\2024.1\hls_product\545\2024.1\src\shared\hls\clib\hlsmath\src\common\hls_hotbm_float.cpp:123->C:\scratch\2024.1\hls_product\545\2024.1\src\shared\hls\clib\hlsmath\src\c++\sincoshotbmfloat.cpp:10->C:\scratch\2024.1\hls_product\545\2024.1\src\shared\hls\clib\hlsmath\src\c++\sincoshotbmfloat.cpp:42->pedal_c.cpp:37]   --->   Operation 148 'partselect' 'tmp_143_i' <Predicate = true> <Delay = 0.00>
ST_14 : Operation 149 [1/1] (0.56ns)   --->   "%c = cttz i32 @llvm.cttz.i32, i32 %tmp_143_i, i1 1" [C:\scratch\2024.1\hls_product\545\2024.1\src\shared\hls\clib/hlsmath/include/FloatingPoint/hls_normalize.h:81->C:\scratch\2024.1\hls_product\545\2024.1\src\shared\hls\clib/src/hls\utils/x_hls_float_utils.h:283->C:\scratch\2024.1\hls_product\545\2024.1\src\shared\hls\clib/hlsmath/include/FloatingPoint\hls_hotbm.h:252->C:\scratch\2024.1\hls_product\545\2024.1\src\shared\hls\clib\hlsmath\src\common\hls_hotbm_float.cpp:123->C:\scratch\2024.1\hls_product\545\2024.1\src\shared\hls\clib\hlsmath\src\c++\sincoshotbmfloat.cpp:10->C:\scratch\2024.1\hls_product\545\2024.1\src\shared\hls\clib\hlsmath\src\c++\sincoshotbmfloat.cpp:42->pedal_c.cpp:37]   --->   Operation 149 'cttz' 'c' <Predicate = true> <Delay = 0.56> <CoreInst = "cttz">   --->   Core 145 'cttz' <Latency = 0> <II = 1> <Delay = 0.56> <FuncUnit> <Opcode : 'cttz'> <InPorts = 1> <OutPorts = 1>
ST_14 : Operation 150 [1/1] (0.00ns)   --->   "%tmp_144_i = partselect i32 @llvm.part.select.i32, i32 %out_bits_2, i32 31, i32 0" [C:\scratch\2024.1\hls_product\545\2024.1\src\shared\hls\clib/hlsmath/include/FloatingPoint/hls_normalize.h:81->C:\scratch\2024.1\hls_product\545\2024.1\src\shared\hls\clib/src/hls\utils/x_hls_float_utils.h:283->C:\scratch\2024.1\hls_product\545\2024.1\src\shared\hls\clib/hlsmath/include/FloatingPoint\hls_hotbm.h:252->C:\scratch\2024.1\hls_product\545\2024.1\src\shared\hls\clib\hlsmath\src\common\hls_hotbm_float.cpp:123->C:\scratch\2024.1\hls_product\545\2024.1\src\shared\hls\clib\hlsmath\src\c++\sincoshotbmfloat.cpp:10->C:\scratch\2024.1\hls_product\545\2024.1\src\shared\hls\clib\hlsmath\src\c++\sincoshotbmfloat.cpp:42->pedal_c.cpp:37]   --->   Operation 150 'partselect' 'tmp_144_i' <Predicate = true> <Delay = 0.00>
ST_14 : Operation 151 [1/1] (0.56ns)   --->   "%c_1 = cttz i32 @llvm.cttz.i32, i32 %tmp_144_i, i1 1" [C:\scratch\2024.1\hls_product\545\2024.1\src\shared\hls\clib/hlsmath/include/FloatingPoint/hls_normalize.h:81->C:\scratch\2024.1\hls_product\545\2024.1\src\shared\hls\clib/src/hls\utils/x_hls_float_utils.h:283->C:\scratch\2024.1\hls_product\545\2024.1\src\shared\hls\clib/hlsmath/include/FloatingPoint\hls_hotbm.h:252->C:\scratch\2024.1\hls_product\545\2024.1\src\shared\hls\clib\hlsmath\src\common\hls_hotbm_float.cpp:123->C:\scratch\2024.1\hls_product\545\2024.1\src\shared\hls\clib\hlsmath\src\c++\sincoshotbmfloat.cpp:10->C:\scratch\2024.1\hls_product\545\2024.1\src\shared\hls\clib\hlsmath\src\c++\sincoshotbmfloat.cpp:42->pedal_c.cpp:37]   --->   Operation 151 'cttz' 'c_1' <Predicate = true> <Delay = 0.56> <CoreInst = "cttz">   --->   Core 145 'cttz' <Latency = 0> <II = 1> <Delay = 0.56> <FuncUnit> <Opcode : 'cttz'> <InPorts = 1> <OutPorts = 1>
ST_14 : Operation 152 [1/1] (0.00ns)   --->   "%zext_ln291 = zext i29 %result" [C:\scratch\2024.1\hls_product\545\2024.1\src\shared\hls\clib/src/hls\utils/x_hls_float_utils.h:291->C:\scratch\2024.1\hls_product\545\2024.1\src\shared\hls\clib/hlsmath/include/FloatingPoint\hls_hotbm.h:252->C:\scratch\2024.1\hls_product\545\2024.1\src\shared\hls\clib\hlsmath\src\common\hls_hotbm_float.cpp:123->C:\scratch\2024.1\hls_product\545\2024.1\src\shared\hls\clib\hlsmath\src\c++\sincoshotbmfloat.cpp:10->C:\scratch\2024.1\hls_product\545\2024.1\src\shared\hls\clib\hlsmath\src\c++\sincoshotbmfloat.cpp:42->pedal_c.cpp:37]   --->   Operation 152 'zext' 'zext_ln291' <Predicate = (!and_ln271)> <Delay = 0.00>
ST_14 : Operation 153 [1/1] (1.38ns)   --->   "%shl_ln291 = shl i32 %zext_ln291, i32 %c" [C:\scratch\2024.1\hls_product\545\2024.1\src\shared\hls\clib/src/hls\utils/x_hls_float_utils.h:291->C:\scratch\2024.1\hls_product\545\2024.1\src\shared\hls\clib/hlsmath/include/FloatingPoint\hls_hotbm.h:252->C:\scratch\2024.1\hls_product\545\2024.1\src\shared\hls\clib\hlsmath\src\common\hls_hotbm_float.cpp:123->C:\scratch\2024.1\hls_product\545\2024.1\src\shared\hls\clib\hlsmath\src\c++\sincoshotbmfloat.cpp:10->C:\scratch\2024.1\hls_product\545\2024.1\src\shared\hls\clib\hlsmath\src\c++\sincoshotbmfloat.cpp:42->pedal_c.cpp:37]   --->   Operation 153 'shl' 'shl_ln291' <Predicate = (!and_ln271)> <Delay = 1.38> <CoreInst = "Shifter">   --->   Core 75 'Shifter' <Latency = 0> <II = 1> <Delay = 1.38> <FuncUnit> <Opcode : 'shl' 'lshr' 'ashr'> <InPorts = 2> <OutPorts = 1>
ST_14 : Operation 154 [1/1] (0.00ns)   --->   "%in_shift_1 = trunc i32 %shl_ln291" [C:\scratch\2024.1\hls_product\545\2024.1\src\shared\hls\clib/src/hls\utils/x_hls_float_utils.h:291->C:\scratch\2024.1\hls_product\545\2024.1\src\shared\hls\clib/hlsmath/include/FloatingPoint\hls_hotbm.h:252->C:\scratch\2024.1\hls_product\545\2024.1\src\shared\hls\clib\hlsmath\src\common\hls_hotbm_float.cpp:123->C:\scratch\2024.1\hls_product\545\2024.1\src\shared\hls\clib\hlsmath\src\c++\sincoshotbmfloat.cpp:10->C:\scratch\2024.1\hls_product\545\2024.1\src\shared\hls\clib\hlsmath\src\c++\sincoshotbmfloat.cpp:42->pedal_c.cpp:37]   --->   Operation 154 'trunc' 'in_shift_1' <Predicate = (!and_ln271)> <Delay = 0.00>
ST_14 : Operation 155 [1/1] (1.01ns)   --->   "%icmp_ln292 = icmp_eq  i32 %c, i32 16" [C:\scratch\2024.1\hls_product\545\2024.1\src\shared\hls\clib/src/hls\utils/x_hls_float_utils.h:292->C:\scratch\2024.1\hls_product\545\2024.1\src\shared\hls\clib/hlsmath/include/FloatingPoint\hls_hotbm.h:252->C:\scratch\2024.1\hls_product\545\2024.1\src\shared\hls\clib\hlsmath\src\common\hls_hotbm_float.cpp:123->C:\scratch\2024.1\hls_product\545\2024.1\src\shared\hls\clib\hlsmath\src\c++\sincoshotbmfloat.cpp:10->C:\scratch\2024.1\hls_product\545\2024.1\src\shared\hls\clib\hlsmath\src\c++\sincoshotbmfloat.cpp:42->pedal_c.cpp:37]   --->   Operation 155 'icmp' 'icmp_ln292' <Predicate = true> <Delay = 1.01> <CoreInst = "Cmp">   --->   Core 9 'Cmp' <Latency = 0> <II = 1> <Delay = 1.01> <FuncUnit> <Opcode : 'seteq' 'setne' 'setle' 'setge' 'setlt' 'setgt'> <InPorts = 2> <OutPorts = 1>
ST_14 : Operation 156 [1/1] (1.01ns)   --->   "%shift_1 = add i32 %c_1, i32 16" [C:\scratch\2024.1\hls_product\545\2024.1\src\shared\hls\clib/src/hls\utils/x_hls_float_utils.h:290->C:\scratch\2024.1\hls_product\545\2024.1\src\shared\hls\clib/hlsmath/include/FloatingPoint\hls_hotbm.h:252->C:\scratch\2024.1\hls_product\545\2024.1\src\shared\hls\clib\hlsmath\src\common\hls_hotbm_float.cpp:123->C:\scratch\2024.1\hls_product\545\2024.1\src\shared\hls\clib\hlsmath\src\c++\sincoshotbmfloat.cpp:10->C:\scratch\2024.1\hls_product\545\2024.1\src\shared\hls\clib\hlsmath\src\c++\sincoshotbmfloat.cpp:42->pedal_c.cpp:37]   --->   Operation 156 'add' 'shift_1' <Predicate = true> <Delay = 1.01> <CoreInst = "Adder">   --->   Core 1 'Adder' <Latency = 0> <II = 1> <Delay = 1.01> <FuncUnit> <Opcode : 'add' 'sub'> <InPorts = 2> <OutPorts = 1>
ST_14 : Operation 157 [1/1] (0.00ns)   --->   "%zext_ln291_1 = zext i28 %in_shift_1" [C:\scratch\2024.1\hls_product\545\2024.1\src\shared\hls\clib/src/hls\utils/x_hls_float_utils.h:291->C:\scratch\2024.1\hls_product\545\2024.1\src\shared\hls\clib/hlsmath/include/FloatingPoint\hls_hotbm.h:252->C:\scratch\2024.1\hls_product\545\2024.1\src\shared\hls\clib\hlsmath\src\common\hls_hotbm_float.cpp:123->C:\scratch\2024.1\hls_product\545\2024.1\src\shared\hls\clib\hlsmath\src\c++\sincoshotbmfloat.cpp:10->C:\scratch\2024.1\hls_product\545\2024.1\src\shared\hls\clib\hlsmath\src\c++\sincoshotbmfloat.cpp:42->pedal_c.cpp:37]   --->   Operation 157 'zext' 'zext_ln291_1' <Predicate = (!and_ln271)> <Delay = 0.00>
ST_14 : Operation 158 [1/1] (1.38ns)   --->   "%shl_ln291_1 = shl i32 %zext_ln291_1, i32 %c_1" [C:\scratch\2024.1\hls_product\545\2024.1\src\shared\hls\clib/src/hls\utils/x_hls_float_utils.h:291->C:\scratch\2024.1\hls_product\545\2024.1\src\shared\hls\clib/hlsmath/include/FloatingPoint\hls_hotbm.h:252->C:\scratch\2024.1\hls_product\545\2024.1\src\shared\hls\clib\hlsmath\src\common\hls_hotbm_float.cpp:123->C:\scratch\2024.1\hls_product\545\2024.1\src\shared\hls\clib\hlsmath\src\c++\sincoshotbmfloat.cpp:10->C:\scratch\2024.1\hls_product\545\2024.1\src\shared\hls\clib\hlsmath\src\c++\sincoshotbmfloat.cpp:42->pedal_c.cpp:37]   --->   Operation 158 'shl' 'shl_ln291_1' <Predicate = (!and_ln271)> <Delay = 1.38> <CoreInst = "Shifter">   --->   Core 75 'Shifter' <Latency = 0> <II = 1> <Delay = 1.38> <FuncUnit> <Opcode : 'shl' 'lshr' 'ashr'> <InPorts = 2> <OutPorts = 1>
ST_14 : Operation 159 [1/1] (0.00ns) (grouped into LUT with out node newexp)   --->   "%shift_2 = select i1 %icmp_ln292, i32 %shift_1, i32 %c" [C:\scratch\2024.1\hls_product\545\2024.1\src\shared\hls\clib/src/hls\utils/x_hls_float_utils.h:292->C:\scratch\2024.1\hls_product\545\2024.1\src\shared\hls\clib/hlsmath/include/FloatingPoint\hls_hotbm.h:252->C:\scratch\2024.1\hls_product\545\2024.1\src\shared\hls\clib\hlsmath\src\common\hls_hotbm_float.cpp:123->C:\scratch\2024.1\hls_product\545\2024.1\src\shared\hls\clib\hlsmath\src\c++\sincoshotbmfloat.cpp:10->C:\scratch\2024.1\hls_product\545\2024.1\src\shared\hls\clib\hlsmath\src\c++\sincoshotbmfloat.cpp:42->pedal_c.cpp:37]   --->   Operation 159 'select' 'shift_2' <Predicate = true> <Delay = 0.00> <CoreInst = "Sel">   --->   Core 73 'Sel' <Latency = 0> <II = 1> <Delay = 0.44> <FuncUnit> <Opcode : 'select'> <InPorts = 3> <OutPorts = 1>
ST_14 : Operation 160 [1/1] (0.76ns) (out node of the LUT)   --->   "%add_ln300 = add i9 %sext_ln252, i9 127" [C:\scratch\2024.1\hls_product\545\2024.1\src\shared\hls\clib/src/hls\utils/x_hls_float_utils.h:300->C:\scratch\2024.1\hls_product\545\2024.1\src\shared\hls\clib/hlsmath/include/FloatingPoint\hls_hotbm.h:252->C:\scratch\2024.1\hls_product\545\2024.1\src\shared\hls\clib\hlsmath\src\common\hls_hotbm_float.cpp:123->C:\scratch\2024.1\hls_product\545\2024.1\src\shared\hls\clib\hlsmath\src\c++\sincoshotbmfloat.cpp:10->C:\scratch\2024.1\hls_product\545\2024.1\src\shared\hls\clib\hlsmath\src\c++\sincoshotbmfloat.cpp:42->pedal_c.cpp:37]   --->   Operation 160 'add' 'add_ln300' <Predicate = true> <Delay = 0.76> <CoreInst = "Adder">   --->   Core 1 'Adder' <Latency = 0> <II = 1> <Delay = 0.76> <FuncUnit> <Opcode : 'add' 'sub'> <InPorts = 2> <OutPorts = 1>
ST_14 : Operation 161 [1/1] (0.00ns) (grouped into LUT with out node newexp)   --->   "%sext_ln300 = sext i9 %add_ln300" [C:\scratch\2024.1\hls_product\545\2024.1\src\shared\hls\clib/src/hls\utils/x_hls_float_utils.h:300->C:\scratch\2024.1\hls_product\545\2024.1\src\shared\hls\clib/hlsmath/include/FloatingPoint\hls_hotbm.h:252->C:\scratch\2024.1\hls_product\545\2024.1\src\shared\hls\clib\hlsmath\src\common\hls_hotbm_float.cpp:123->C:\scratch\2024.1\hls_product\545\2024.1\src\shared\hls\clib\hlsmath\src\c++\sincoshotbmfloat.cpp:10->C:\scratch\2024.1\hls_product\545\2024.1\src\shared\hls\clib\hlsmath\src\c++\sincoshotbmfloat.cpp:42->pedal_c.cpp:37]   --->   Operation 161 'sext' 'sext_ln300' <Predicate = true> <Delay = 0.00>
ST_14 : Operation 162 [1/1] (1.01ns) (out node of the LUT)   --->   "%newexp = sub i32 %sext_ln300, i32 %shift_2" [C:\scratch\2024.1\hls_product\545\2024.1\src\shared\hls\clib/src/hls\utils/x_hls_float_utils.h:300->C:\scratch\2024.1\hls_product\545\2024.1\src\shared\hls\clib/hlsmath/include/FloatingPoint\hls_hotbm.h:252->C:\scratch\2024.1\hls_product\545\2024.1\src\shared\hls\clib\hlsmath\src\common\hls_hotbm_float.cpp:123->C:\scratch\2024.1\hls_product\545\2024.1\src\shared\hls\clib\hlsmath\src\c++\sincoshotbmfloat.cpp:10->C:\scratch\2024.1\hls_product\545\2024.1\src\shared\hls\clib\hlsmath\src\c++\sincoshotbmfloat.cpp:42->pedal_c.cpp:37]   --->   Operation 162 'sub' 'newexp' <Predicate = true> <Delay = 1.01> <CoreInst = "Adder">   --->   Core 1 'Adder' <Latency = 0> <II = 1> <Delay = 1.01> <FuncUnit> <Opcode : 'add' 'sub'> <InPorts = 2> <OutPorts = 1>
ST_14 : Operation 163 [1/1] (0.00ns) (grouped into LUT with out node or_ln282)   --->   "%tmp_3 = bitselect i1 @_ssdm_op_BitSelect.i1.i32.i32, i32 %newexp, i32 31" [C:\scratch\2024.1\hls_product\545\2024.1\src\shared\hls\clib/src/hls\utils/x_hls_float_utils.h:306->C:\scratch\2024.1\hls_product\545\2024.1\src\shared\hls\clib/hlsmath/include/FloatingPoint\hls_hotbm.h:252->C:\scratch\2024.1\hls_product\545\2024.1\src\shared\hls\clib\hlsmath\src\common\hls_hotbm_float.cpp:123->C:\scratch\2024.1\hls_product\545\2024.1\src\shared\hls\clib\hlsmath\src\c++\sincoshotbmfloat.cpp:10->C:\scratch\2024.1\hls_product\545\2024.1\src\shared\hls\clib\hlsmath\src\c++\sincoshotbmfloat.cpp:42->pedal_c.cpp:37]   --->   Operation 163 'bitselect' 'tmp_3' <Predicate = true> <Delay = 0.00>
ST_14 : Operation 164 [1/1] (0.98ns)   --->   "%icmp_ln306 = icmp_eq  i29 %result, i29 0" [C:\scratch\2024.1\hls_product\545\2024.1\src\shared\hls\clib/src/hls\utils/x_hls_float_utils.h:306->C:\scratch\2024.1\hls_product\545\2024.1\src\shared\hls\clib/hlsmath/include/FloatingPoint\hls_hotbm.h:252->C:\scratch\2024.1\hls_product\545\2024.1\src\shared\hls\clib\hlsmath\src\common\hls_hotbm_float.cpp:123->C:\scratch\2024.1\hls_product\545\2024.1\src\shared\hls\clib\hlsmath\src\c++\sincoshotbmfloat.cpp:10->C:\scratch\2024.1\hls_product\545\2024.1\src\shared\hls\clib\hlsmath\src\c++\sincoshotbmfloat.cpp:42->pedal_c.cpp:37]   --->   Operation 164 'icmp' 'icmp_ln306' <Predicate = true> <Delay = 0.98> <CoreInst = "Cmp">   --->   Core 9 'Cmp' <Latency = 0> <II = 1> <Delay = 0.98> <FuncUnit> <Opcode : 'seteq' 'setne' 'setle' 'setge' 'setlt' 'setgt'> <InPorts = 2> <OutPorts = 1>
ST_14 : Operation 165 [1/1] (0.00ns) (grouped into LUT with out node or_ln282)   --->   "%or_ln306 = or i1 %tmp_3, i1 %icmp_ln306" [C:\scratch\2024.1\hls_product\545\2024.1\src\shared\hls\clib/src/hls\utils/x_hls_float_utils.h:306->C:\scratch\2024.1\hls_product\545\2024.1\src\shared\hls\clib/hlsmath/include/FloatingPoint\hls_hotbm.h:252->C:\scratch\2024.1\hls_product\545\2024.1\src\shared\hls\clib\hlsmath\src\common\hls_hotbm_float.cpp:123->C:\scratch\2024.1\hls_product\545\2024.1\src\shared\hls\clib\hlsmath\src\c++\sincoshotbmfloat.cpp:10->C:\scratch\2024.1\hls_product\545\2024.1\src\shared\hls\clib\hlsmath\src\c++\sincoshotbmfloat.cpp:42->pedal_c.cpp:37]   --->   Operation 165 'or' 'or_ln306' <Predicate = true> <Delay = 0.00> <CoreInst = "LogicGate">   --->   Core 74 'LogicGate' <Latency = 0> <II = 1> <Delay = 0.28> <FuncUnit> <Opcode : 'and' 'or' 'xor'> <InPorts = 2> <OutPorts = 1>
ST_14 : Operation 166 [1/1] (0.00ns) (grouped into LUT with out node results_exp_1)   --->   "%empty = trunc i32 %newexp" [C:\scratch\2024.1\hls_product\545\2024.1\src\shared\hls\clib/src/hls\utils/x_hls_float_utils.h:300->C:\scratch\2024.1\hls_product\545\2024.1\src\shared\hls\clib/hlsmath/include/FloatingPoint\hls_hotbm.h:252->C:\scratch\2024.1\hls_product\545\2024.1\src\shared\hls\clib\hlsmath\src\common\hls_hotbm_float.cpp:123->C:\scratch\2024.1\hls_product\545\2024.1\src\shared\hls\clib\hlsmath\src\c++\sincoshotbmfloat.cpp:10->C:\scratch\2024.1\hls_product\545\2024.1\src\shared\hls\clib\hlsmath\src\c++\sincoshotbmfloat.cpp:42->pedal_c.cpp:37]   --->   Operation 166 'trunc' 'empty' <Predicate = (!and_ln271)> <Delay = 0.00>
ST_14 : Operation 167 [1/1] (0.00ns) (grouped into LUT with out node results_exp_1)   --->   "%select_ln282 = select i1 %icmp_ln282, i8 255, i8 0" [C:\scratch\2024.1\hls_product\545\2024.1\src\shared\hls\clib/hlsmath/include/FloatingPoint\hls_hotbm.h:282->C:\scratch\2024.1\hls_product\545\2024.1\src\shared\hls\clib\hlsmath\src\common\hls_hotbm_float.cpp:123->C:\scratch\2024.1\hls_product\545\2024.1\src\shared\hls\clib\hlsmath\src\c++\sincoshotbmfloat.cpp:10->C:\scratch\2024.1\hls_product\545\2024.1\src\shared\hls\clib\hlsmath\src\c++\sincoshotbmfloat.cpp:42->pedal_c.cpp:37]   --->   Operation 167 'select' 'select_ln282' <Predicate = (!and_ln271)> <Delay = 0.00> <CoreInst = "Sel">   --->   Core 73 'Sel' <Latency = 0> <II = 1> <Delay = 0.17> <FuncUnit> <Opcode : 'select'> <InPorts = 3> <OutPorts = 1>
ST_14 : Operation 168 [1/1] (0.28ns) (out node of the LUT)   --->   "%or_ln282 = or i1 %icmp_ln282, i1 %or_ln306" [C:\scratch\2024.1\hls_product\545\2024.1\src\shared\hls\clib/hlsmath/include/FloatingPoint\hls_hotbm.h:282->C:\scratch\2024.1\hls_product\545\2024.1\src\shared\hls\clib\hlsmath\src\common\hls_hotbm_float.cpp:123->C:\scratch\2024.1\hls_product\545\2024.1\src\shared\hls\clib\hlsmath\src\c++\sincoshotbmfloat.cpp:10->C:\scratch\2024.1\hls_product\545\2024.1\src\shared\hls\clib\hlsmath\src\c++\sincoshotbmfloat.cpp:42->pedal_c.cpp:37]   --->   Operation 168 'or' 'or_ln282' <Predicate = true> <Delay = 0.28> <CoreInst = "LogicGate">   --->   Core 74 'LogicGate' <Latency = 0> <II = 1> <Delay = 0.28> <FuncUnit> <Opcode : 'and' 'or' 'xor'> <InPorts = 2> <OutPorts = 1>
ST_14 : Operation 169 [1/1] (0.00ns) (grouped into LUT with out node results_exp_1)   --->   "%results_exp = select i1 %or_ln282, i8 %select_ln282, i8 %empty" [C:\scratch\2024.1\hls_product\545\2024.1\src\shared\hls\clib/hlsmath/include/FloatingPoint\hls_hotbm.h:282->C:\scratch\2024.1\hls_product\545\2024.1\src\shared\hls\clib\hlsmath\src\common\hls_hotbm_float.cpp:123->C:\scratch\2024.1\hls_product\545\2024.1\src\shared\hls\clib\hlsmath\src\c++\sincoshotbmfloat.cpp:10->C:\scratch\2024.1\hls_product\545\2024.1\src\shared\hls\clib\hlsmath\src\c++\sincoshotbmfloat.cpp:42->pedal_c.cpp:37]   --->   Operation 169 'select' 'results_exp' <Predicate = (!and_ln271)> <Delay = 0.00> <CoreInst = "Sel">   --->   Core 73 'Sel' <Latency = 0> <II = 1> <Delay = 0.39> <FuncUnit> <Opcode : 'select'> <InPorts = 3> <OutPorts = 1>
ST_14 : Operation 170 [1/1] (0.39ns) (out node of the LUT)   --->   "%results_exp_1 = select i1 %and_ln271, i8 0, i8 %results_exp" [C:\scratch\2024.1\hls_product\545\2024.1\src\shared\hls\clib/hlsmath/include/FloatingPoint\hls_hotbm.h:271->C:\scratch\2024.1\hls_product\545\2024.1\src\shared\hls\clib\hlsmath\src\common\hls_hotbm_float.cpp:123->C:\scratch\2024.1\hls_product\545\2024.1\src\shared\hls\clib\hlsmath\src\c++\sincoshotbmfloat.cpp:10->C:\scratch\2024.1\hls_product\545\2024.1\src\shared\hls\clib\hlsmath\src\c++\sincoshotbmfloat.cpp:42->pedal_c.cpp:37]   --->   Operation 170 'select' 'results_exp_1' <Predicate = true> <Delay = 0.39> <CoreInst = "Sel">   --->   Core 73 'Sel' <Latency = 0> <II = 1> <Delay = 0.39> <FuncUnit> <Opcode : 'select'> <InPorts = 3> <OutPorts = 1>

State 15 <SV = 14> <Delay = 9.94>
ST_15 : Operation 171 [1/1] (0.00ns) (grouped into LUT with out node results_sig_1)   --->   "%tmp = partselect i23 @_ssdm_op_PartSelect.i23.i32.i32.i32, i32 %shl_ln291_1, i32 5, i32 27" [C:\scratch\2024.1\hls_product\545\2024.1\src\shared\hls\clib/src/hls\utils/x_hls_float_utils.h:291->C:\scratch\2024.1\hls_product\545\2024.1\src\shared\hls\clib/hlsmath/include/FloatingPoint\hls_hotbm.h:252->C:\scratch\2024.1\hls_product\545\2024.1\src\shared\hls\clib\hlsmath\src\common\hls_hotbm_float.cpp:123->C:\scratch\2024.1\hls_product\545\2024.1\src\shared\hls\clib\hlsmath\src\c++\sincoshotbmfloat.cpp:10->C:\scratch\2024.1\hls_product\545\2024.1\src\shared\hls\clib\hlsmath\src\c++\sincoshotbmfloat.cpp:42->pedal_c.cpp:37]   --->   Operation 171 'partselect' 'tmp' <Predicate = (!and_ln271 & !or_ln282 & icmp_ln292)> <Delay = 0.00>
ST_15 : Operation 172 [1/1] (0.00ns) (grouped into LUT with out node results_sig_1)   --->   "%tmp_s = partselect i23 @_ssdm_op_PartSelect.i23.i32.i32.i32, i32 %shl_ln291, i32 5, i32 27" [C:\scratch\2024.1\hls_product\545\2024.1\src\shared\hls\clib/src/hls\utils/x_hls_float_utils.h:291->C:\scratch\2024.1\hls_product\545\2024.1\src\shared\hls\clib/hlsmath/include/FloatingPoint\hls_hotbm.h:252->C:\scratch\2024.1\hls_product\545\2024.1\src\shared\hls\clib\hlsmath\src\common\hls_hotbm_float.cpp:123->C:\scratch\2024.1\hls_product\545\2024.1\src\shared\hls\clib\hlsmath\src\c++\sincoshotbmfloat.cpp:10->C:\scratch\2024.1\hls_product\545\2024.1\src\shared\hls\clib\hlsmath\src\c++\sincoshotbmfloat.cpp:42->pedal_c.cpp:37]   --->   Operation 172 'partselect' 'tmp_s' <Predicate = (!and_ln271 & !or_ln282 & !icmp_ln292)> <Delay = 0.00>
ST_15 : Operation 173 [1/1] (0.00ns) (grouped into LUT with out node results_sig_1)   --->   "%empty_75 = select i1 %icmp_ln292, i23 %tmp, i23 %tmp_s" [C:\scratch\2024.1\hls_product\545\2024.1\src\shared\hls\clib/src/hls\utils/x_hls_float_utils.h:292->C:\scratch\2024.1\hls_product\545\2024.1\src\shared\hls\clib/hlsmath/include/FloatingPoint\hls_hotbm.h:252->C:\scratch\2024.1\hls_product\545\2024.1\src\shared\hls\clib\hlsmath\src\common\hls_hotbm_float.cpp:123->C:\scratch\2024.1\hls_product\545\2024.1\src\shared\hls\clib\hlsmath\src\c++\sincoshotbmfloat.cpp:10->C:\scratch\2024.1\hls_product\545\2024.1\src\shared\hls\clib\hlsmath\src\c++\sincoshotbmfloat.cpp:42->pedal_c.cpp:37]   --->   Operation 173 'select' 'empty_75' <Predicate = (!and_ln271 & !or_ln282)> <Delay = 0.00> <CoreInst = "Sel">   --->   Core 73 'Sel' <Latency = 0> <II = 1> <Delay = 0.33> <FuncUnit> <Opcode : 'select'> <InPorts = 3> <OutPorts = 1>
ST_15 : Operation 174 [1/1] (0.00ns) (grouped into LUT with out node results_sig_1)   --->   "%select_ln282_2 = select i1 %icmp_ln282, i23 8388607, i23 0" [C:\scratch\2024.1\hls_product\545\2024.1\src\shared\hls\clib/hlsmath/include/FloatingPoint\hls_hotbm.h:282->C:\scratch\2024.1\hls_product\545\2024.1\src\shared\hls\clib\hlsmath\src\common\hls_hotbm_float.cpp:123->C:\scratch\2024.1\hls_product\545\2024.1\src\shared\hls\clib\hlsmath\src\c++\sincoshotbmfloat.cpp:10->C:\scratch\2024.1\hls_product\545\2024.1\src\shared\hls\clib\hlsmath\src\c++\sincoshotbmfloat.cpp:42->pedal_c.cpp:37]   --->   Operation 174 'select' 'select_ln282_2' <Predicate = (!and_ln271 & or_ln282)> <Delay = 0.00> <CoreInst = "Sel">   --->   Core 73 'Sel' <Latency = 0> <II = 1> <Delay = 0.17> <FuncUnit> <Opcode : 'select'> <InPorts = 3> <OutPorts = 1>
ST_15 : Operation 175 [1/1] (0.00ns) (grouped into LUT with out node results_sig_1)   --->   "%results_sig = select i1 %or_ln282, i23 %select_ln282_2, i23 %empty_75" [C:\scratch\2024.1\hls_product\545\2024.1\src\shared\hls\clib/hlsmath/include/FloatingPoint\hls_hotbm.h:282->C:\scratch\2024.1\hls_product\545\2024.1\src\shared\hls\clib\hlsmath\src\common\hls_hotbm_float.cpp:123->C:\scratch\2024.1\hls_product\545\2024.1\src\shared\hls\clib\hlsmath\src\c++\sincoshotbmfloat.cpp:10->C:\scratch\2024.1\hls_product\545\2024.1\src\shared\hls\clib\hlsmath\src\c++\sincoshotbmfloat.cpp:42->pedal_c.cpp:37]   --->   Operation 175 'select' 'results_sig' <Predicate = (!and_ln271)> <Delay = 0.00> <CoreInst = "Sel">   --->   Core 73 'Sel' <Latency = 0> <II = 1> <Delay = 0.33> <FuncUnit> <Opcode : 'select'> <InPorts = 3> <OutPorts = 1>
ST_15 : Operation 176 [1/1] (0.33ns) (out node of the LUT)   --->   "%results_sig_1 = select i1 %and_ln271, i23 0, i23 %results_sig" [C:\scratch\2024.1\hls_product\545\2024.1\src\shared\hls\clib/hlsmath/include/FloatingPoint\hls_hotbm.h:271->C:\scratch\2024.1\hls_product\545\2024.1\src\shared\hls\clib\hlsmath\src\common\hls_hotbm_float.cpp:123->C:\scratch\2024.1\hls_product\545\2024.1\src\shared\hls\clib\hlsmath\src\c++\sincoshotbmfloat.cpp:10->C:\scratch\2024.1\hls_product\545\2024.1\src\shared\hls\clib\hlsmath\src\c++\sincoshotbmfloat.cpp:42->pedal_c.cpp:37]   --->   Operation 176 'select' 'results_sig_1' <Predicate = true> <Delay = 0.33> <CoreInst = "Sel">   --->   Core 73 'Sel' <Latency = 0> <II = 1> <Delay = 0.33> <FuncUnit> <Opcode : 'select'> <InPorts = 3> <OutPorts = 1>
ST_15 : Operation 177 [1/1] (0.00ns)   --->   "%t_2 = bitconcatenate i32 @_ssdm_op_BitConcatenate.i32.i1.i8.i23, i1 %results_sign_2, i8 %results_exp_1, i23 %results_sig_1" [C:\scratch\2024.1\hls_product\545\2024.1\src\shared\hls\clib/src/hls\utils/x_hls_utils.h:313->C:\scratch\2024.1\hls_product\545\2024.1\src\shared\hls\clib/src/hls\utils/x_hls_utils.h:326->C:\scratch\2024.1\hls_product\545\2024.1\src\shared\hls\clib/src/hls\utils/x_hls_utils.h:347->C:\scratch\2024.1\hls_product\545\2024.1\src\shared\hls\clib/hlsmath/include/FloatingPoint\hls_hotbm.h:287->C:\scratch\2024.1\hls_product\545\2024.1\src\shared\hls\clib\hlsmath\src\common\hls_hotbm_float.cpp:123->C:\scratch\2024.1\hls_product\545\2024.1\src\shared\hls\clib\hlsmath\src\c++\sincoshotbmfloat.cpp:10->C:\scratch\2024.1\hls_product\545\2024.1\src\shared\hls\clib\hlsmath\src\c++\sincoshotbmfloat.cpp:42->pedal_c.cpp:37]   --->   Operation 177 'bitconcatenate' 't_2' <Predicate = true> <Delay = 0.00>
ST_15 : Operation 178 [1/1] (0.00ns)   --->   "%bitcast_ln327 = bitcast i32 %t_2" [C:\scratch\2024.1\hls_product\545\2024.1\src\shared\hls\clib/src/hls\utils/x_hls_utils.h:327->C:\scratch\2024.1\hls_product\545\2024.1\src\shared\hls\clib/src/hls\utils/x_hls_utils.h:347->C:\scratch\2024.1\hls_product\545\2024.1\src\shared\hls\clib/hlsmath/include/FloatingPoint\hls_hotbm.h:287->C:\scratch\2024.1\hls_product\545\2024.1\src\shared\hls\clib\hlsmath\src\common\hls_hotbm_float.cpp:123->C:\scratch\2024.1\hls_product\545\2024.1\src\shared\hls\clib\hlsmath\src\c++\sincoshotbmfloat.cpp:10->C:\scratch\2024.1\hls_product\545\2024.1\src\shared\hls\clib\hlsmath\src\c++\sincoshotbmfloat.cpp:42->pedal_c.cpp:37]   --->   Operation 178 'bitcast' 'bitcast_ln327' <Predicate = true> <Delay = 0.00>
ST_15 : Operation 179 [1/1] (9.61ns)   --->   "%pf = fpext i32 %bitcast_ln327" [pedal_c.cpp:37]   --->   Operation 179 'fpext' 'pf' <Predicate = true> <Delay = 9.61> <CoreInst = "Float2Double">   --->   Core 64 'Float2Double' <Latency = 0> <II = 1> <Delay = 9.61> <FuncUnit> <Opcode : 'fpext'> <InPorts = 1> <OutPorts = 1>
ST_15 : Operation 180 [1/1] (0.00ns)   --->   "%bitcast_ln716 = bitcast i64 %pf" [pedal_c.cpp:37]   --->   Operation 180 'bitcast' 'bitcast_ln716' <Predicate = true> <Delay = 0.00>
ST_15 : Operation 181 [1/1] (0.00ns)   --->   "%trunc_ln37 = trunc i64 %bitcast_ln716" [pedal_c.cpp:37]   --->   Operation 181 'trunc' 'trunc_ln37' <Predicate = true> <Delay = 0.00>
ST_15 : Operation 182 [1/1] (0.00ns)   --->   "%tmp_4 = bitselect i1 @_ssdm_op_BitSelect.i1.i64.i32, i64 %bitcast_ln716, i32 63" [pedal_c.cpp:37]   --->   Operation 182 'bitselect' 'tmp_4' <Predicate = true> <Delay = 0.00>
ST_15 : Operation 183 [1/1] (0.00ns)   --->   "%tmp_1 = partselect i11 @_ssdm_op_PartSelect.i11.i64.i32.i32, i64 %bitcast_ln716, i32 52, i32 62" [pedal_c.cpp:37]   --->   Operation 183 'partselect' 'tmp_1' <Predicate = true> <Delay = 0.00>
ST_15 : Operation 184 [1/1] (0.00ns)   --->   "%trunc_ln37_1 = trunc i64 %bitcast_ln716" [pedal_c.cpp:37]   --->   Operation 184 'trunc' 'trunc_ln37_1' <Predicate = true> <Delay = 0.00>

State 16 <SV = 15> <Delay = 7.77>
ST_16 : Operation 185 [1/1] (0.00ns)   --->   "%zext_ln37 = zext i11 %tmp_1" [pedal_c.cpp:37]   --->   Operation 185 'zext' 'zext_ln37' <Predicate = true> <Delay = 0.00>
ST_16 : Operation 186 [1/1] (0.00ns) (grouped into TernaryAdder)   --->   "%add_ln37 = add i12 %zext_ln37, i12 3073" [pedal_c.cpp:37]   --->   Operation 186 'add' 'add_ln37' <Predicate = true> <Delay = 0.00> <CoreInst = "TAddSub">   --->   Core 10 'TAddSub' <Latency = 0> <II = 1> <Delay = 0.43> <IPBlock> <Opcode : '' 'add' 'sub'> <InPorts = 3> <OutPorts = 1> <Sync> <CReg>
ST_16 : Operation 187 [1/1] (0.00ns)   --->   "%zext_ln37_1_cast = bitconcatenate i53 @_ssdm_op_BitConcatenate.i53.i1.i52, i1 1, i52 %trunc_ln37_1" [pedal_c.cpp:37]   --->   Operation 187 'bitconcatenate' 'zext_ln37_1_cast' <Predicate = true> <Delay = 0.00>
ST_16 : Operation 188 [1/1] (0.00ns)   --->   "%zext_ln37_1 = zext i53 %zext_ln37_1_cast" [pedal_c.cpp:37]   --->   Operation 188 'zext' 'zext_ln37_1' <Predicate = true> <Delay = 0.00>
ST_16 : Operation 189 [1/1] (1.10ns)   --->   "%sub_ln37 = sub i54 0, i54 %zext_ln37_1" [pedal_c.cpp:37]   --->   Operation 189 'sub' 'sub_ln37' <Predicate = (tmp_4)> <Delay = 1.10> <CoreInst = "Adder">   --->   Core 1 'Adder' <Latency = 0> <II = 1> <Delay = 1.10> <FuncUnit> <Opcode : 'add' 'sub'> <InPorts = 2> <OutPorts = 1>
ST_16 : Operation 190 [1/1] (0.40ns)   --->   "%select_ln37 = select i1 %tmp_4, i54 %sub_ln37, i54 %zext_ln37_1" [pedal_c.cpp:37]   --->   Operation 190 'select' 'select_ln37' <Predicate = true> <Delay = 0.40> <CoreInst = "Sel">   --->   Core 73 'Sel' <Latency = 0> <II = 1> <Delay = 0.40> <FuncUnit> <Opcode : 'select'> <InPorts = 3> <OutPorts = 1>
ST_16 : Operation 191 [1/1] (1.08ns)   --->   "%icmp_ln37 = icmp_eq  i63 %trunc_ln37, i63 0" [pedal_c.cpp:37]   --->   Operation 191 'icmp' 'icmp_ln37' <Predicate = true> <Delay = 1.08> <CoreInst = "Cmp">   --->   Core 9 'Cmp' <Latency = 0> <II = 1> <Delay = 1.08> <FuncUnit> <Opcode : 'seteq' 'setne' 'setle' 'setge' 'setlt' 'setgt'> <InPorts = 2> <OutPorts = 1>
ST_16 : Operation 192 [1/1] (0.80ns)   --->   "%sub_ln37_1 = sub i12 1075, i12 %zext_ln37" [pedal_c.cpp:37]   --->   Operation 192 'sub' 'sub_ln37_1' <Predicate = true> <Delay = 0.80> <CoreInst = "Adder">   --->   Core 1 'Adder' <Latency = 0> <II = 1> <Delay = 0.80> <FuncUnit> <Opcode : 'add' 'sub'> <InPorts = 2> <OutPorts = 1>
ST_16 : Operation 193 [1/1] (0.00ns)   --->   "%trunc_ln37_2 = trunc i12 %sub_ln37_1" [pedal_c.cpp:37]   --->   Operation 193 'trunc' 'trunc_ln37_2' <Predicate = true> <Delay = 0.00>
ST_16 : Operation 194 [1/1] (0.80ns)   --->   "%icmp_ln37_1 = icmp_sgt  i12 %sub_ln37_1, i12 16" [pedal_c.cpp:37]   --->   Operation 194 'icmp' 'icmp_ln37_1' <Predicate = true> <Delay = 0.80> <CoreInst = "Cmp">   --->   Core 9 'Cmp' <Latency = 0> <II = 1> <Delay = 0.80> <FuncUnit> <Opcode : 'seteq' 'setne' 'setle' 'setge' 'setlt' 'setgt'> <InPorts = 2> <OutPorts = 1>
ST_16 : Operation 195 [1/1] (0.80ns)   --->   "%add_ln37_1 = add i12 %sub_ln37_1, i12 4080" [pedal_c.cpp:37]   --->   Operation 195 'add' 'add_ln37_1' <Predicate = true> <Delay = 0.80> <CoreInst = "Adder">   --->   Core 1 'Adder' <Latency = 0> <II = 1> <Delay = 0.80> <FuncUnit> <Opcode : 'add' 'sub'> <InPorts = 2> <OutPorts = 1>
ST_16 : Operation 196 [1/1] (0.00ns)   --->   "%trunc_ln37_3 = trunc i12 %add_ln37_1" [pedal_c.cpp:37]   --->   Operation 196 'trunc' 'trunc_ln37_3' <Predicate = true> <Delay = 0.00>
ST_16 : Operation 197 [1/1] (0.79ns)   --->   "%sub_ln37_2 = sub i11 16, i11 %trunc_ln37_2" [pedal_c.cpp:37]   --->   Operation 197 'sub' 'sub_ln37_2' <Predicate = true> <Delay = 0.79> <CoreInst = "Adder">   --->   Core 1 'Adder' <Latency = 0> <II = 1> <Delay = 0.79> <FuncUnit> <Opcode : 'add' 'sub'> <InPorts = 2> <OutPorts = 1>
ST_16 : Operation 198 [1/1] (0.38ns)   --->   "%select_ln37_1 = select i1 %icmp_ln37_1, i11 %trunc_ln37_3, i11 %sub_ln37_2" [pedal_c.cpp:37]   --->   Operation 198 'select' 'select_ln37_1' <Predicate = true> <Delay = 0.38> <CoreInst = "Sel">   --->   Core 73 'Sel' <Latency = 0> <II = 1> <Delay = 0.38> <FuncUnit> <Opcode : 'select'> <InPorts = 3> <OutPorts = 1>
ST_16 : Operation 199 [1/1] (0.00ns)   --->   "%zext_ln37_4 = zext i11 %select_ln37_1" [pedal_c.cpp:37]   --->   Operation 199 'zext' 'zext_ln37_4' <Predicate = true> <Delay = 0.00>
ST_16 : Operation 200 [1/1] (0.80ns)   --->   "%icmp_ln37_2 = icmp_eq  i12 %sub_ln37_1, i12 16" [pedal_c.cpp:37]   --->   Operation 200 'icmp' 'icmp_ln37_2' <Predicate = true> <Delay = 0.80> <CoreInst = "Cmp">   --->   Core 9 'Cmp' <Latency = 0> <II = 1> <Delay = 0.80> <FuncUnit> <Opcode : 'seteq' 'setne' 'setle' 'setge' 'setlt' 'setgt'> <InPorts = 2> <OutPorts = 1>
ST_16 : Operation 201 [1/1] (0.00ns)   --->   "%trunc_ln37_4 = trunc i54 %select_ln37" [pedal_c.cpp:37]   --->   Operation 201 'trunc' 'trunc_ln37_4' <Predicate = true> <Delay = 0.00>
ST_16 : Operation 202 [1/1] (0.79ns)   --->   "%icmp_ln37_3 = icmp_ult  i11 %select_ln37_1, i11 54" [pedal_c.cpp:37]   --->   Operation 202 'icmp' 'icmp_ln37_3' <Predicate = true> <Delay = 0.79> <CoreInst = "Cmp">   --->   Core 9 'Cmp' <Latency = 0> <II = 1> <Delay = 0.79> <FuncUnit> <Opcode : 'seteq' 'setne' 'setle' 'setge' 'setlt' 'setgt'> <InPorts = 2> <OutPorts = 1>
ST_16 : Operation 203 [1/1] (0.00ns) (grouped into LUT with out node select_ln37_2)   --->   "%select_ln37_3 = select i1 %tmp_4, i32 4294967295, i32 0" [pedal_c.cpp:37]   --->   Operation 203 'select' 'select_ln37_3' <Predicate = true> <Delay = 0.00> <CoreInst = "Sel">   --->   Core 73 'Sel' <Latency = 0> <II = 1> <Delay = 0.17> <FuncUnit> <Opcode : 'select'> <InPorts = 3> <OutPorts = 1>
ST_16 : Operation 204 [1/1] (0.00ns)   --->   "%zext_ln37_2 = zext i11 %select_ln37_1" [pedal_c.cpp:37]   --->   Operation 204 'zext' 'zext_ln37_2' <Predicate = true> <Delay = 0.00>
ST_16 : Operation 205 [1/1] (1.50ns)   --->   "%ashr_ln37 = ashr i54 %select_ln37, i54 %zext_ln37_2" [pedal_c.cpp:37]   --->   Operation 205 'ashr' 'ashr_ln37' <Predicate = true> <Delay = 1.50> <CoreInst = "Shifter">   --->   Core 75 'Shifter' <Latency = 0> <II = 1> <Delay = 1.50> <FuncUnit> <Opcode : 'shl' 'lshr' 'ashr'> <InPorts = 2> <OutPorts = 1>
ST_16 : Operation 206 [1/1] (0.00ns) (grouped into LUT with out node select_ln37_2)   --->   "%trunc_ln37_5 = trunc i54 %ashr_ln37" [pedal_c.cpp:37]   --->   Operation 206 'trunc' 'trunc_ln37_5' <Predicate = true> <Delay = 0.00>
ST_16 : Operation 207 [1/1] (0.44ns) (out node of the LUT)   --->   "%select_ln37_2 = select i1 %icmp_ln37_3, i32 %trunc_ln37_5, i32 %select_ln37_3" [pedal_c.cpp:37]   --->   Operation 207 'select' 'select_ln37_2' <Predicate = true> <Delay = 0.44> <CoreInst = "Sel">   --->   Core 73 'Sel' <Latency = 0> <II = 1> <Delay = 0.44> <FuncUnit> <Opcode : 'select'> <InPorts = 3> <OutPorts = 1>
ST_16 : Operation 208 [1/1] (0.80ns)   --->   "%icmp_ln37_4 = icmp_sgt  i12 %add_ln37_1, i12 54" [pedal_c.cpp:37]   --->   Operation 208 'icmp' 'icmp_ln37_4' <Predicate = true> <Delay = 0.80> <CoreInst = "Cmp">   --->   Core 9 'Cmp' <Latency = 0> <II = 1> <Delay = 0.80> <FuncUnit> <Opcode : 'seteq' 'setne' 'setle' 'setge' 'setlt' 'setgt'> <InPorts = 2> <OutPorts = 1>
ST_16 : Operation 209 [1/1] (0.00ns)   --->   "%tmp_5 = partselect i6 @_ssdm_op_PartSelect.i6.i11.i32.i32, i11 %select_ln37_1, i32 5, i32 10" [pedal_c.cpp:37]   --->   Operation 209 'partselect' 'tmp_5' <Predicate = true> <Delay = 0.00>
ST_16 : Operation 210 [1/1] (0.78ns)   --->   "%icmp_ln37_9 = icmp_eq  i6 %tmp_5, i6 0" [pedal_c.cpp:37]   --->   Operation 210 'icmp' 'icmp_ln37_9' <Predicate = true> <Delay = 0.78> <CoreInst = "Cmp">   --->   Core 9 'Cmp' <Latency = 0> <II = 1> <Delay = 0.78> <FuncUnit> <Opcode : 'seteq' 'setne' 'setle' 'setge' 'setlt' 'setgt'> <InPorts = 2> <OutPorts = 1>
ST_16 : Operation 211 [1/1] (0.80ns)   --->   "%add_ln37_2 = add i12 %sub_ln37_1, i12 4079" [pedal_c.cpp:37]   --->   Operation 211 'add' 'add_ln37_2' <Predicate = true> <Delay = 0.80> <CoreInst = "Adder">   --->   Core 1 'Adder' <Latency = 0> <II = 1> <Delay = 0.80> <FuncUnit> <Opcode : 'add' 'sub'> <InPorts = 2> <OutPorts = 1>
ST_16 : Operation 212 [1/1] (0.00ns)   --->   "%sext_ln37 = sext i12 %add_ln37_2" [pedal_c.cpp:37]   --->   Operation 212 'sext' 'sext_ln37' <Predicate = true> <Delay = 0.00>
ST_16 : Operation 213 [1/1] (0.00ns)   --->   "%tmp_6 = bitselect i1 @_ssdm_op_BitSelect.i1.i54.i32, i54 %select_ln37, i32 %sext_ln37" [pedal_c.cpp:37]   --->   Operation 213 'bitselect' 'tmp_6' <Predicate = true> <Delay = 0.00>
ST_16 : Operation 214 [1/1] (1.38ns)   --->   "%shl_ln37 = shl i32 %trunc_ln37_4, i32 %zext_ln37_4" [pedal_c.cpp:37]   --->   Operation 214 'shl' 'shl_ln37' <Predicate = true> <Delay = 1.38> <CoreInst = "Shifter">   --->   Core 75 'Shifter' <Latency = 0> <II = 1> <Delay = 1.38> <FuncUnit> <Opcode : 'shl' 'lshr' 'ashr'> <InPorts = 2> <OutPorts = 1>
ST_16 : Operation 215 [1/1] (0.00ns) (grouped into LUT with out node and_ln37)   --->   "%cond63_i = select i1 %icmp_ln37_4, i1 %tmp_4, i1 %tmp_6" [pedal_c.cpp:37]   --->   Operation 215 'select' 'cond63_i' <Predicate = true> <Delay = 0.00> <CoreInst = "Sel">   --->   Core 73 'Sel' <Latency = 0> <II = 1> <Delay = 0.17> <FuncUnit> <Opcode : 'select'> <InPorts = 3> <OutPorts = 1>
ST_16 : Operation 216 [1/1] (0.80ns)   --->   "%icmp_ln37_6 = icmp_sgt  i12 %sub_ln37_1, i12 17" [pedal_c.cpp:37]   --->   Operation 216 'icmp' 'icmp_ln37_6' <Predicate = true> <Delay = 0.80> <CoreInst = "Cmp">   --->   Core 9 'Cmp' <Latency = 0> <II = 1> <Delay = 0.80> <FuncUnit> <Opcode : 'seteq' 'setne' 'setle' 'setge' 'setlt' 'setgt'> <InPorts = 2> <OutPorts = 1>
ST_16 : Operation 217 [1/1] (0.80ns)   --->   "%add_ln37_3 = add i12 %sub_ln37_1, i12 4078" [pedal_c.cpp:37]   --->   Operation 217 'add' 'add_ln37_3' <Predicate = true> <Delay = 0.80> <CoreInst = "Adder">   --->   Core 1 'Adder' <Latency = 0> <II = 1> <Delay = 0.80> <FuncUnit> <Opcode : 'add' 'sub'> <InPorts = 2> <OutPorts = 1>
ST_16 : Operation 218 [1/1] (0.80ns)   --->   "%icmp_ln37_7 = icmp_sgt  i12 %add_ln37_3, i12 53" [pedal_c.cpp:37]   --->   Operation 218 'icmp' 'icmp_ln37_7' <Predicate = true> <Delay = 0.80> <CoreInst = "Cmp">   --->   Core 9 'Cmp' <Latency = 0> <II = 1> <Delay = 0.80> <FuncUnit> <Opcode : 'seteq' 'setne' 'setle' 'setge' 'setlt' 'setgt'> <InPorts = 2> <OutPorts = 1>
ST_16 : Operation 219 [1/1] (0.00ns)   --->   "%trunc_ln37_6 = trunc i12 %add_ln37_3" [pedal_c.cpp:37]   --->   Operation 219 'trunc' 'trunc_ln37_6' <Predicate = true> <Delay = 0.00>
ST_16 : Operation 220 [1/1] (0.78ns)   --->   "%sub_ln37_3 = sub i6 53, i6 %trunc_ln37_6" [pedal_c.cpp:37]   --->   Operation 220 'sub' 'sub_ln37_3' <Predicate = true> <Delay = 0.78> <CoreInst = "Adder">   --->   Core 1 'Adder' <Latency = 0> <II = 1> <Delay = 0.78> <FuncUnit> <Opcode : 'add' 'sub'> <InPorts = 2> <OutPorts = 1>
ST_16 : Operation 221 [1/1] (0.00ns) (grouped into LUT with out node lshr_ln37_2)   --->   "%select_ln37_8 = select i1 %icmp_ln37_7, i6 0, i6 %sub_ln37_3" [pedal_c.cpp:37]   --->   Operation 221 'select' 'select_ln37_8' <Predicate = true> <Delay = 0.00> <CoreInst = "Sel">   --->   Core 73 'Sel' <Latency = 0> <II = 1> <Delay = 0.38> <FuncUnit> <Opcode : 'select'> <InPorts = 3> <OutPorts = 1>
ST_16 : Operation 222 [1/1] (0.00ns) (grouped into LUT with out node lshr_ln37_2)   --->   "%zext_ln37_5 = zext i6 %select_ln37_8" [pedal_c.cpp:37]   --->   Operation 222 'zext' 'zext_ln37_5' <Predicate = true> <Delay = 0.00>
ST_16 : Operation 223 [1/1] (0.73ns) (out node of the LUT)   --->   "%lshr_ln37_2 = lshr i54 18014398509481983, i54 %zext_ln37_5" [pedal_c.cpp:37]   --->   Operation 223 'lshr' 'lshr_ln37_2' <Predicate = true> <Delay = 0.73> <CoreInst = "Shifter">   --->   Core 75 'Shifter' <Latency = 0> <II = 1> <Delay = 0.73> <FuncUnit> <Opcode : 'shl' 'lshr' 'ashr'> <InPorts = 2> <OutPorts = 1>
ST_16 : Operation 224 [1/1] (0.00ns) (grouped into LUT with out node icmp_ln37_8)   --->   "%and_ln37_17 = and i54 %select_ln37, i54 %lshr_ln37_2" [pedal_c.cpp:37]   --->   Operation 224 'and' 'and_ln37_17' <Predicate = true> <Delay = 0.00> <CoreInst = "LogicGate">   --->   Core 74 'LogicGate' <Latency = 0> <II = 1> <Delay = 0.33> <FuncUnit> <Opcode : 'and' 'or' 'xor'> <InPorts = 2> <OutPorts = 1>
ST_16 : Operation 225 [1/1] (1.09ns) (out node of the LUT)   --->   "%icmp_ln37_8 = icmp_ne  i54 %and_ln37_17, i54 0" [pedal_c.cpp:37]   --->   Operation 225 'icmp' 'icmp_ln37_8' <Predicate = true> <Delay = 1.09> <CoreInst = "Cmp">   --->   Core 9 'Cmp' <Latency = 0> <II = 1> <Delay = 1.09> <FuncUnit> <Opcode : 'seteq' 'setne' 'setle' 'setge' 'setlt' 'setgt'> <InPorts = 2> <OutPorts = 1>
ST_16 : Operation 226 [1/1] (0.00ns) (grouped into LUT with out node and_ln37)   --->   "%cond85_i = and i1 %icmp_ln37_6, i1 %icmp_ln37_8" [pedal_c.cpp:37]   --->   Operation 226 'and' 'cond85_i' <Predicate = true> <Delay = 0.00> <CoreInst = "LogicGate">   --->   Core 74 'LogicGate' <Latency = 0> <II = 1> <Delay = 0.28> <FuncUnit> <Opcode : 'and' 'or' 'xor'> <InPorts = 2> <OutPorts = 1>
ST_16 : Operation 227 [1/1] (0.00ns) (grouped into LUT with out node carry_1_i)   --->   "%tmp_7 = bitselect i1 @_ssdm_op_BitSelect.i1.i32.i32, i32 %select_ln37_2, i32 31" [pedal_c.cpp:37]   --->   Operation 227 'bitselect' 'tmp_7' <Predicate = true> <Delay = 0.00>
ST_16 : Operation 228 [1/1] (0.00ns) (grouped into LUT with out node and_ln37)   --->   "%trunc_ln37_7 = trunc i32 %select_ln37_2" [pedal_c.cpp:37]   --->   Operation 228 'trunc' 'trunc_ln37_7' <Predicate = true> <Delay = 0.00>
ST_16 : Operation 229 [1/1] (0.00ns) (grouped into LUT with out node and_ln37)   --->   "%or_ln37 = or i1 %trunc_ln37_7, i1 %cond85_i" [pedal_c.cpp:37]   --->   Operation 229 'or' 'or_ln37' <Predicate = true> <Delay = 0.00> <CoreInst = "LogicGate">   --->   Core 74 'LogicGate' <Latency = 0> <II = 1> <Delay = 0.28> <FuncUnit> <Opcode : 'and' 'or' 'xor'> <InPorts = 2> <OutPorts = 1>
ST_16 : Operation 230 [1/1] (0.28ns) (out node of the LUT)   --->   "%and_ln37 = and i1 %or_ln37, i1 %cond63_i" [pedal_c.cpp:37]   --->   Operation 230 'and' 'and_ln37' <Predicate = true> <Delay = 0.28> <CoreInst = "LogicGate">   --->   Core 74 'LogicGate' <Latency = 0> <II = 1> <Delay = 0.28> <FuncUnit> <Opcode : 'and' 'or' 'xor'> <InPorts = 2> <OutPorts = 1>
ST_16 : Operation 231 [1/1] (0.00ns) (grouped into LUT with out node add_ln37_4)   --->   "%zext_ln37_3 = zext i1 %and_ln37" [pedal_c.cpp:37]   --->   Operation 231 'zext' 'zext_ln37_3' <Predicate = true> <Delay = 0.00>
ST_16 : Operation 232 [1/1] (1.01ns) (out node of the LUT)   --->   "%add_ln37_4 = add i32 %select_ln37_2, i32 %zext_ln37_3" [pedal_c.cpp:37]   --->   Operation 232 'add' 'add_ln37_4' <Predicate = true> <Delay = 1.01> <CoreInst = "Adder">   --->   Core 1 'Adder' <Latency = 0> <II = 1> <Delay = 1.01> <FuncUnit> <Opcode : 'add' 'sub'> <InPorts = 2> <OutPorts = 1>
ST_16 : Operation 233 [1/1] (0.00ns) (grouped into LUT with out node carry_1_i)   --->   "%tmp_8 = bitselect i1 @_ssdm_op_BitSelect.i1.i32.i32, i32 %add_ln37_4, i32 31" [pedal_c.cpp:37]   --->   Operation 233 'bitselect' 'tmp_8' <Predicate = true> <Delay = 0.00>
ST_16 : Operation 234 [1/1] (0.00ns) (grouped into LUT with out node carry_1_i)   --->   "%xor_ln37 = xor i1 %tmp_8, i1 1" [pedal_c.cpp:37]   --->   Operation 234 'xor' 'xor_ln37' <Predicate = true> <Delay = 0.00> <CoreInst = "LogicGate">   --->   Core 74 'LogicGate' <Latency = 0> <II = 1> <Delay = 0.28> <FuncUnit> <Opcode : 'and' 'or' 'xor'> <InPorts = 2> <OutPorts = 1>
ST_16 : Operation 235 [1/1] (0.00ns) (grouped into LUT with out node and_ln37_1)   --->   "%xor_ln37_2 = xor i1 %icmp_ln37_2, i1 1" [pedal_c.cpp:37]   --->   Operation 235 'xor' 'xor_ln37_2' <Predicate = true> <Delay = 0.00> <CoreInst = "LogicGate">   --->   Core 74 'LogicGate' <Latency = 0> <II = 1> <Delay = 0.28> <FuncUnit> <Opcode : 'and' 'or' 'xor'> <InPorts = 2> <OutPorts = 1>
ST_16 : Operation 236 [1/1] (0.28ns) (out node of the LUT)   --->   "%and_ln37_1 = and i1 %icmp_ln37_1, i1 %xor_ln37_2" [pedal_c.cpp:37]   --->   Operation 236 'and' 'and_ln37_1' <Predicate = true> <Delay = 0.28> <CoreInst = "LogicGate">   --->   Core 74 'LogicGate' <Latency = 0> <II = 1> <Delay = 0.28> <FuncUnit> <Opcode : 'and' 'or' 'xor'> <InPorts = 2> <OutPorts = 1>
ST_16 : Operation 237 [1/1] (0.00ns)   --->   "%tmp_9 = partselect i8 @_ssdm_op_PartSelect.i8.i12.i32.i32, i12 %sub_ln37_1, i32 4, i32 11" [pedal_c.cpp:37]   --->   Operation 237 'partselect' 'tmp_9' <Predicate = true> <Delay = 0.00>
ST_16 : Operation 238 [1/1] (0.76ns)   --->   "%icmp_ln37_11 = icmp_slt  i8 %tmp_9, i8 1" [pedal_c.cpp:37]   --->   Operation 238 'icmp' 'icmp_ln37_11' <Predicate = true> <Delay = 0.76> <CoreInst = "Cmp">   --->   Core 9 'Cmp' <Latency = 0> <II = 1> <Delay = 0.76> <FuncUnit> <Opcode : 'seteq' 'setne' 'setle' 'setge' 'setlt' 'setgt'> <InPorts = 2> <OutPorts = 1>
ST_16 : Operation 239 [1/1] (0.28ns)   --->   "%and_ln37_11 = and i1 %icmp_ln37_11, i1 %icmp_ln37_9" [pedal_c.cpp:37]   --->   Operation 239 'and' 'and_ln37_11' <Predicate = true> <Delay = 0.28> <CoreInst = "LogicGate">   --->   Core 74 'LogicGate' <Latency = 0> <II = 1> <Delay = 0.28> <FuncUnit> <Opcode : 'and' 'or' 'xor'> <InPorts = 2> <OutPorts = 1>
ST_16 : Operation 240 [1/1] (0.00ns)   --->   "%sel_tmp6 = bitconcatenate i3 @_ssdm_op_BitConcatenate.i3.i1.i1.i1, i1 %icmp_ln37_2, i1 %and_ln37_1, i1 %and_ln37_11" [pedal_c.cpp:37]   --->   Operation 240 'bitconcatenate' 'sel_tmp6' <Predicate = true> <Delay = 0.00>
ST_16 : Operation 241 [1/1] (0.47ns)   --->   "%ref_tmp_i_i = sparsemux i32 @_ssdm_op_SparseMux.ap_auto.4i32.i32.i3, i3 4, i32 %trunc_ln37_4, i3 2, i32 %add_ln37_4, i3 1, i32 %shl_ln37, i3 0, i32 0, i32 0, i3 %sel_tmp6" [pedal_c.cpp:37]   --->   Operation 241 'sparsemux' 'ref_tmp_i_i' <Predicate = true> <Delay = 0.47> <CoreInst = "SparseMux">   --->   Core 144 'SparseMux' <Latency = 0> <II = 1> <Delay = 0.47> <FuncUnit> <Opcode : 'sparsemux'> <InPorts = 2> <OutPorts = 1>
ST_16 : Operation 242 [1/1] (0.00ns) (grouped into LUT with out node carry_1_i)   --->   "%and_ln37_12 = and i1 %and_ln37_1, i1 %tmp_7" [pedal_c.cpp:37]   --->   Operation 242 'and' 'and_ln37_12' <Predicate = true> <Delay = 0.00> <CoreInst = "LogicGate">   --->   Core 74 'LogicGate' <Latency = 0> <II = 1> <Delay = 0.28> <FuncUnit> <Opcode : 'and' 'or' 'xor'> <InPorts = 2> <OutPorts = 1>
ST_16 : Operation 243 [1/1] (0.28ns) (out node of the LUT)   --->   "%carry_1_i = and i1 %and_ln37_12, i1 %xor_ln37" [pedal_c.cpp:37]   --->   Operation 243 'and' 'carry_1_i' <Predicate = true> <Delay = 0.28> <CoreInst = "LogicGate">   --->   Core 74 'LogicGate' <Latency = 0> <II = 1> <Delay = 0.28> <FuncUnit> <Opcode : 'and' 'or' 'xor'> <InPorts = 2> <OutPorts = 1>
ST_16 : Operation 244 [1/1] (0.20ns)   --->   "%select_ln37_9 = select i1 %icmp_ln37_1, i12 2, i12 1" [pedal_c.cpp:37]   --->   Operation 244 'select' 'select_ln37_9' <Predicate = true> <Delay = 0.20> <CoreInst = "Sel">   --->   Core 73 'Sel' <Latency = 0> <II = 1> <Delay = 0.20> <FuncUnit> <Opcode : 'select'> <InPorts = 3> <OutPorts = 1>
ST_16 : Operation 245 [1/1] (0.86ns) (root node of TernaryAdder)   --->   "%add_ln37_5 = add i12 %select_ln37_9, i12 %add_ln37" [pedal_c.cpp:37]   --->   Operation 245 'add' 'add_ln37_5' <Predicate = true> <Delay = 0.86> <CoreInst = "TAddSub">   --->   Core 10 'TAddSub' <Latency = 0> <II = 1> <Delay = 0.43> <IPBlock> <Opcode : '' 'add' 'sub'> <InPorts = 3> <OutPorts = 1> <Sync> <CReg>
ST_16 : Operation 246 [1/1] (0.00ns)   --->   "%tmp_10 = partselect i8 @_ssdm_op_PartSelect.i8.i12.i32.i32, i12 %add_ln37_5, i32 4, i32 11" [pedal_c.cpp:37]   --->   Operation 246 'partselect' 'tmp_10' <Predicate = true> <Delay = 0.00>
ST_16 : Operation 247 [1/1] (0.76ns)   --->   "%icmp_ln37_16 = icmp_sgt  i8 %tmp_10, i8 0" [pedal_c.cpp:37]   --->   Operation 247 'icmp' 'icmp_ln37_16' <Predicate = true> <Delay = 0.76> <CoreInst = "Cmp">   --->   Core 9 'Cmp' <Latency = 0> <II = 1> <Delay = 0.76> <FuncUnit> <Opcode : 'seteq' 'setne' 'setle' 'setge' 'setlt' 'setgt'> <InPorts = 2> <OutPorts = 1>
ST_16 : Operation 248 [1/1] (0.80ns)   --->   "%add_ln37_6 = add i12 %sub_ln37_1, i12 16" [pedal_c.cpp:37]   --->   Operation 248 'add' 'add_ln37_6' <Predicate = true> <Delay = 0.80> <CoreInst = "Adder">   --->   Core 1 'Adder' <Latency = 0> <II = 1> <Delay = 0.80> <FuncUnit> <Opcode : 'add' 'sub'> <InPorts = 2> <OutPorts = 1>
ST_16 : Operation 249 [1/1] (0.00ns)   --->   "%sext_ln37_1 = sext i12 %add_ln37_6" [pedal_c.cpp:37]   --->   Operation 249 'sext' 'sext_ln37_1' <Predicate = true> <Delay = 0.00>
ST_16 : Operation 250 [1/1] (0.80ns)   --->   "%add_ln37_7 = add i12 %sub_ln37_1, i12 17" [pedal_c.cpp:37]   --->   Operation 250 'add' 'add_ln37_7' <Predicate = true> <Delay = 0.80> <CoreInst = "Adder">   --->   Core 1 'Adder' <Latency = 0> <II = 1> <Delay = 0.80> <FuncUnit> <Opcode : 'add' 'sub'> <InPorts = 2> <OutPorts = 1>
ST_16 : Operation 251 [1/1] (0.00ns)   --->   "%tmp_11 = bitselect i1 @_ssdm_op_BitSelect.i1.i32.i32, i32 %ref_tmp_i_i, i32 31" [pedal_c.cpp:37]   --->   Operation 251 'bitselect' 'tmp_11' <Predicate = true> <Delay = 0.00>
ST_16 : Operation 252 [1/1] (0.80ns)   --->   "%icmp_ln37_10 = icmp_slt  i12 %add_ln37_6, i12 54" [pedal_c.cpp:37]   --->   Operation 252 'icmp' 'icmp_ln37_10' <Predicate = true> <Delay = 0.80> <CoreInst = "Cmp">   --->   Core 9 'Cmp' <Latency = 0> <II = 1> <Delay = 0.80> <FuncUnit> <Opcode : 'seteq' 'setne' 'setle' 'setge' 'setlt' 'setgt'> <InPorts = 2> <OutPorts = 1>
ST_16 : Operation 253 [1/1] (0.00ns)   --->   "%tmp_12 = bitselect i1 @_ssdm_op_BitSelect.i1.i12.i32, i12 %add_ln37_6, i32 11" [pedal_c.cpp:37]   --->   Operation 253 'bitselect' 'tmp_12' <Predicate = true> <Delay = 0.00>
ST_16 : Operation 254 [1/1] (0.28ns)   --->   "%xor_ln37_8 = xor i1 %tmp_12, i1 1" [pedal_c.cpp:37]   --->   Operation 254 'xor' 'xor_ln37_8' <Predicate = true> <Delay = 0.28> <CoreInst = "LogicGate">   --->   Core 74 'LogicGate' <Latency = 0> <II = 1> <Delay = 0.28> <FuncUnit> <Opcode : 'and' 'or' 'xor'> <InPorts = 2> <OutPorts = 1>
ST_16 : Operation 255 [1/1] (0.80ns)   --->   "%icmp_ln37_12 = icmp_ult  i12 %add_ln37_6, i12 54" [pedal_c.cpp:37]   --->   Operation 255 'icmp' 'icmp_ln37_12' <Predicate = true> <Delay = 0.80> <CoreInst = "Cmp">   --->   Core 9 'Cmp' <Latency = 0> <II = 1> <Delay = 0.80> <FuncUnit> <Opcode : 'seteq' 'setne' 'setle' 'setge' 'setlt' 'setgt'> <InPorts = 2> <OutPorts = 1>
ST_16 : Operation 256 [1/1] (0.00ns)   --->   "%tobool130_i = bitselect i1 @_ssdm_op_BitSelect.i1.i54.i32, i54 %select_ln37, i32 %sext_ln37_1" [pedal_c.cpp:37]   --->   Operation 256 'bitselect' 'tobool130_i' <Predicate = true> <Delay = 0.00>
ST_16 : Operation 257 [1/1] (0.28ns)   --->   "%lD_0_i = and i1 %icmp_ln37_12, i1 %tobool130_i" [pedal_c.cpp:37]   --->   Operation 257 'and' 'lD_0_i' <Predicate = true> <Delay = 0.28> <CoreInst = "LogicGate">   --->   Core 74 'LogicGate' <Latency = 0> <II = 1> <Delay = 0.28> <FuncUnit> <Opcode : 'and' 'or' 'xor'> <InPorts = 2> <OutPorts = 1>
ST_16 : Operation 258 [1/1] (0.80ns)   --->   "%icmp_ln37_13 = icmp_slt  i12 %add_ln37_7, i12 54" [pedal_c.cpp:37]   --->   Operation 258 'icmp' 'icmp_ln37_13' <Predicate = true> <Delay = 0.80> <CoreInst = "Cmp">   --->   Core 9 'Cmp' <Latency = 0> <II = 1> <Delay = 0.80> <FuncUnit> <Opcode : 'seteq' 'setne' 'setle' 'setge' 'setlt' 'setgt'> <InPorts = 2> <OutPorts = 1>
ST_16 : Operation 259 [1/1] (0.80ns)   --->   "%icmp_ln37_14 = icmp_ult  i12 %add_ln37_7, i12 54" [pedal_c.cpp:37]   --->   Operation 259 'icmp' 'icmp_ln37_14' <Predicate = true> <Delay = 0.80> <CoreInst = "Cmp">   --->   Core 9 'Cmp' <Latency = 0> <II = 1> <Delay = 0.80> <FuncUnit> <Opcode : 'seteq' 'setne' 'setle' 'setge' 'setlt' 'setgt'> <InPorts = 2> <OutPorts = 1>
ST_16 : Operation 260 [1/1] (0.00ns) (grouped into LUT with out node neg_src_0_i)   --->   "%and_ln37_2 = and i1 %tmp_4, i1 %tmp_11" [pedal_c.cpp:37]   --->   Operation 260 'and' 'and_ln37_2' <Predicate = true> <Delay = 0.00> <CoreInst = "LogicGate">   --->   Core 74 'LogicGate' <Latency = 0> <II = 1> <Delay = 0.28> <FuncUnit> <Opcode : 'and' 'or' 'xor'> <InPorts = 2> <OutPorts = 1>
ST_16 : Operation 261 [1/1] (0.00ns)   --->   "%sext_ln37_2 = sext i12 %add_ln37_7" [pedal_c.cpp:37]   --->   Operation 261 'sext' 'sext_ln37_2' <Predicate = true> <Delay = 0.00>
ST_16 : Operation 262 [1/1] (0.00ns)   --->   "%zext_ln37_6 = zext i32 %sext_ln37_2" [pedal_c.cpp:37]   --->   Operation 262 'zext' 'zext_ln37_6' <Predicate = true> <Delay = 0.00>
ST_16 : Operation 263 [1/1] (1.50ns)   --->   "%lshr_ln37 = lshr i54 %select_ln37, i54 %zext_ln37_6" [pedal_c.cpp:37]   --->   Operation 263 'lshr' 'lshr_ln37' <Predicate = true> <Delay = 1.50> <CoreInst = "Shifter">   --->   Core 75 'Shifter' <Latency = 0> <II = 1> <Delay = 1.50> <FuncUnit> <Opcode : 'shl' 'lshr' 'ashr'> <InPorts = 2> <OutPorts = 1>
ST_16 : Operation 264 [1/1] (1.38ns)   --->   "%lshr_ln37_1 = lshr i54 18014398509481983, i54 %zext_ln37_6" [pedal_c.cpp:37]   --->   Operation 264 'lshr' 'lshr_ln37_1' <Predicate = true> <Delay = 1.38> <CoreInst = "Shifter">   --->   Core 75 'Shifter' <Latency = 0> <II = 1> <Delay = 1.38> <FuncUnit> <Opcode : 'shl' 'lshr' 'ashr'> <InPorts = 2> <OutPorts = 1>
ST_16 : Operation 265 [1/1] (1.09ns)   --->   "%icmp_ln37_15 = icmp_eq  i54 %lshr_ln37, i54 %lshr_ln37_1" [pedal_c.cpp:37]   --->   Operation 265 'icmp' 'icmp_ln37_15' <Predicate = true> <Delay = 1.09> <CoreInst = "Cmp">   --->   Core 9 'Cmp' <Latency = 0> <II = 1> <Delay = 1.09> <FuncUnit> <Opcode : 'seteq' 'setne' 'setle' 'setge' 'setlt' 'setgt'> <InPorts = 2> <OutPorts = 1>
ST_16 : Operation 266 [1/1] (0.00ns) (grouped into LUT with out node Range2_all_ones_1_i)   --->   "%tmp_13 = bitselect i1 @_ssdm_op_BitSelect.i1.i12.i32, i12 %add_ln37_7, i32 11" [pedal_c.cpp:37]   --->   Operation 266 'bitselect' 'tmp_13' <Predicate = true> <Delay = 0.00>
ST_16 : Operation 267 [1/1] (0.00ns) (grouped into LUT with out node Range2_all_ones_1_i)   --->   "%xor_ln37_9 = xor i1 %tmp_13, i1 1" [pedal_c.cpp:37]   --->   Operation 267 'xor' 'xor_ln37_9' <Predicate = true> <Delay = 0.00> <CoreInst = "LogicGate">   --->   Core 74 'LogicGate' <Latency = 0> <II = 1> <Delay = 0.28> <FuncUnit> <Opcode : 'and' 'or' 'xor'> <InPorts = 2> <OutPorts = 1>
ST_16 : Operation 268 [1/1] (0.28ns) (out node of the LUT)   --->   "%Range2_all_ones_1_i = select i1 %icmp_ln37_14, i1 %icmp_ln37_15, i1 %xor_ln37_9" [pedal_c.cpp:37]   --->   Operation 268 'select' 'Range2_all_ones_1_i' <Predicate = true> <Delay = 0.28> <CoreInst = "Sel">   --->   Core 73 'Sel' <Latency = 0> <II = 1> <Delay = 0.17> <FuncUnit> <Opcode : 'select'> <InPorts = 3> <OutPorts = 1>
ST_16 : Operation 269 [1/1] (0.28ns)   --->   "%and_ln37_3 = and i1 %icmp_ln37_13, i1 %xor_ln37_8" [pedal_c.cpp:37]   --->   Operation 269 'and' 'and_ln37_3' <Predicate = true> <Delay = 0.28> <CoreInst = "LogicGate">   --->   Core 74 'LogicGate' <Latency = 0> <II = 1> <Delay = 0.28> <FuncUnit> <Opcode : 'and' 'or' 'xor'> <InPorts = 2> <OutPorts = 1>
ST_16 : Operation 270 [1/1] (0.00ns) (grouped into LUT with out node Range1_all_ones_2_i)   --->   "%and_ln37_4 = and i1 %Range2_all_ones_1_i, i1 %lD_0_i" [pedal_c.cpp:37]   --->   Operation 270 'and' 'and_ln37_4' <Predicate = true> <Delay = 0.00> <CoreInst = "LogicGate">   --->   Core 74 'LogicGate' <Latency = 0> <II = 1> <Delay = 0.28> <FuncUnit> <Opcode : 'and' 'or' 'xor'> <InPorts = 2> <OutPorts = 1>
ST_16 : Operation 271 [1/1] (0.28ns)   --->   "%xor_ln37_1 = xor i1 %lD_0_i, i1 1" [pedal_c.cpp:37]   --->   Operation 271 'xor' 'xor_ln37_1' <Predicate = true> <Delay = 0.28> <CoreInst = "LogicGate">   --->   Core 74 'LogicGate' <Latency = 0> <II = 1> <Delay = 0.28> <FuncUnit> <Opcode : 'and' 'or' 'xor'> <InPorts = 2> <OutPorts = 1>
ST_16 : Operation 272 [1/1] (1.09ns)   --->   "%icmp_ln37_17 = icmp_eq  i54 %lshr_ln37, i54 0" [pedal_c.cpp:37]   --->   Operation 272 'icmp' 'icmp_ln37_17' <Predicate = true> <Delay = 1.09> <CoreInst = "Cmp">   --->   Core 9 'Cmp' <Latency = 0> <II = 1> <Delay = 1.09> <FuncUnit> <Opcode : 'seteq' 'setne' 'setle' 'setge' 'setlt' 'setgt'> <InPorts = 2> <OutPorts = 1>
ST_16 : Operation 273 [1/1] (0.00ns) (grouped into LUT with out node Range1_all_zeros_2_i)   --->   "%and_ln37_5 = and i1 %icmp_ln37_17, i1 %xor_ln37_1" [pedal_c.cpp:37]   --->   Operation 273 'and' 'and_ln37_5' <Predicate = true> <Delay = 0.00> <CoreInst = "LogicGate">   --->   Core 74 'LogicGate' <Latency = 0> <II = 1> <Delay = 0.28> <FuncUnit> <Opcode : 'and' 'or' 'xor'> <InPorts = 2> <OutPorts = 1>
ST_16 : Operation 274 [1/1] (0.80ns)   --->   "%icmp_ln37_18 = icmp_eq  i12 %add_ln37_7, i12 54" [pedal_c.cpp:37]   --->   Operation 274 'icmp' 'icmp_ln37_18' <Predicate = true> <Delay = 0.80> <CoreInst = "Cmp">   --->   Core 9 'Cmp' <Latency = 0> <II = 1> <Delay = 0.80> <FuncUnit> <Opcode : 'seteq' 'setne' 'setle' 'setge' 'setlt' 'setgt'> <InPorts = 2> <OutPorts = 1>
ST_16 : Operation 275 [1/1] (0.00ns) (grouped into LUT with out node Range1_all_ones_2_i)   --->   "%select_ln37_6 = select i1 %icmp_ln37_18, i1 %lD_0_i, i1 %xor_ln37_8" [pedal_c.cpp:37]   --->   Operation 275 'select' 'select_ln37_6' <Predicate = true> <Delay = 0.00> <CoreInst = "Sel">   --->   Core 73 'Sel' <Latency = 0> <II = 1> <Delay = 0.17> <FuncUnit> <Opcode : 'select'> <InPorts = 3> <OutPorts = 1>
ST_16 : Operation 276 [1/1] (0.00ns) (grouped into LUT with out node Range1_all_zeros_2_i)   --->   "%select_ln37_7 = select i1 %icmp_ln37_18, i1 %xor_ln37_1, i1 %xor_ln37_8" [pedal_c.cpp:37]   --->   Operation 276 'select' 'select_ln37_7' <Predicate = true> <Delay = 0.00> <CoreInst = "Sel">   --->   Core 73 'Sel' <Latency = 0> <II = 1> <Delay = 0.17> <FuncUnit> <Opcode : 'select'> <InPorts = 3> <OutPorts = 1>
ST_16 : Operation 277 [1/1] (0.28ns) (out node of the LUT)   --->   "%Range1_all_ones_2_i = select i1 %and_ln37_3, i1 %and_ln37_4, i1 %select_ln37_6" [pedal_c.cpp:37]   --->   Operation 277 'select' 'Range1_all_ones_2_i' <Predicate = true> <Delay = 0.28> <CoreInst = "Sel">   --->   Core 73 'Sel' <Latency = 0> <II = 1> <Delay = 0.17> <FuncUnit> <Opcode : 'select'> <InPorts = 3> <OutPorts = 1>
ST_16 : Operation 278 [1/1] (0.28ns) (out node of the LUT)   --->   "%Range1_all_zeros_2_i = select i1 %and_ln37_3, i1 %and_ln37_5, i1 %select_ln37_7" [pedal_c.cpp:37]   --->   Operation 278 'select' 'Range1_all_zeros_2_i' <Predicate = true> <Delay = 0.28> <CoreInst = "Sel">   --->   Core 73 'Sel' <Latency = 0> <II = 1> <Delay = 0.17> <FuncUnit> <Opcode : 'select'> <InPorts = 3> <OutPorts = 1>
ST_16 : Operation 279 [1/1] (0.00ns) (grouped into LUT with out node and_ln37_8)   --->   "%select_ln37_4 = select i1 %carry_1_i, i1 %Range1_all_ones_2_i, i1 %Range1_all_zeros_2_i" [pedal_c.cpp:37]   --->   Operation 279 'select' 'select_ln37_4' <Predicate = true> <Delay = 0.00> <CoreInst = "Sel">   --->   Core 73 'Sel' <Latency = 0> <II = 1> <Delay = 0.17> <FuncUnit> <Opcode : 'select'> <InPorts = 3> <OutPorts = 1>
ST_16 : Operation 280 [1/1] (0.00ns) (grouped into LUT with out node deleted_ones_0_i)   --->   "%or_ln37_1 = or i1 %tmp_12, i1 %xor_ln37_1" [pedal_c.cpp:37]   --->   Operation 280 'or' 'or_ln37_1' <Predicate = true> <Delay = 0.00> <CoreInst = "LogicGate">   --->   Core 74 'LogicGate' <Latency = 0> <II = 1> <Delay = 0.28> <FuncUnit> <Opcode : 'and' 'or' 'xor'> <InPorts = 2> <OutPorts = 1>
ST_16 : Operation 281 [1/1] (0.00ns) (grouped into LUT with out node deleted_ones_0_i)   --->   "%and_ln37_6 = and i1 %Range2_all_ones_1_i, i1 %or_ln37_1" [pedal_c.cpp:37]   --->   Operation 281 'and' 'and_ln37_6' <Predicate = true> <Delay = 0.00> <CoreInst = "LogicGate">   --->   Core 74 'LogicGate' <Latency = 0> <II = 1> <Delay = 0.28> <FuncUnit> <Opcode : 'and' 'or' 'xor'> <InPorts = 2> <OutPorts = 1>
ST_16 : Operation 282 [1/1] (0.00ns) (grouped into LUT with out node deleted_ones_0_i)   --->   "%cond189_i = select i1 %carry_1_i, i1 %and_ln37_6, i1 %Range1_all_ones_2_i" [pedal_c.cpp:37]   --->   Operation 282 'select' 'cond189_i' <Predicate = true> <Delay = 0.00> <CoreInst = "Sel">   --->   Core 73 'Sel' <Latency = 0> <II = 1> <Delay = 0.17> <FuncUnit> <Opcode : 'select'> <InPorts = 3> <OutPorts = 1>
ST_16 : Operation 283 [1/1] (0.00ns) (grouped into LUT with out node neg_src_0_i)   --->   "%and_ln37_7 = and i1 %carry_1_i, i1 %Range1_all_ones_2_i" [pedal_c.cpp:37]   --->   Operation 283 'and' 'and_ln37_7' <Predicate = true> <Delay = 0.00> <CoreInst = "LogicGate">   --->   Core 74 'LogicGate' <Latency = 0> <II = 1> <Delay = 0.28> <FuncUnit> <Opcode : 'and' 'or' 'xor'> <InPorts = 2> <OutPorts = 1>
ST_16 : Operation 284 [1/1] (0.00ns) (grouped into LUT with out node neg_src_0_i)   --->   "%xor_ln37_3 = xor i1 %and_ln37_7, i1 1" [pedal_c.cpp:37]   --->   Operation 284 'xor' 'xor_ln37_3' <Predicate = true> <Delay = 0.00> <CoreInst = "LogicGate">   --->   Core 74 'LogicGate' <Latency = 0> <II = 1> <Delay = 0.28> <FuncUnit> <Opcode : 'and' 'or' 'xor'> <InPorts = 2> <OutPorts = 1>
ST_16 : Operation 285 [1/1] (0.28ns)   --->   "%not_icmp_ln37_1062 = xor i1 %icmp_ln37_10, i1 1" [pedal_c.cpp:37]   --->   Operation 285 'xor' 'not_icmp_ln37_1062' <Predicate = true> <Delay = 0.28> <CoreInst = "LogicGate">   --->   Core 74 'LogicGate' <Latency = 0> <II = 1> <Delay = 0.28> <FuncUnit> <Opcode : 'and' 'or' 'xor'> <InPorts = 2> <OutPorts = 1>
ST_16 : Operation 286 [1/1] (0.28ns) (out node of the LUT)   --->   "%deleted_ones_0_i = or i1 %cond189_i, i1 %not_icmp_ln37_1062" [pedal_c.cpp:37]   --->   Operation 286 'or' 'deleted_ones_0_i' <Predicate = true> <Delay = 0.28> <CoreInst = "LogicGate">   --->   Core 74 'LogicGate' <Latency = 0> <II = 1> <Delay = 0.28> <FuncUnit> <Opcode : 'and' 'or' 'xor'> <InPorts = 2> <OutPorts = 1>
ST_16 : Operation 287 [1/1] (0.00ns) (grouped into LUT with out node neg_src_0_i)   --->   "%and_ln37_13 = and i1 %icmp_ln37_10, i1 %tmp_4" [pedal_c.cpp:37]   --->   Operation 287 'and' 'and_ln37_13' <Predicate = true> <Delay = 0.00> <CoreInst = "LogicGate">   --->   Core 74 'LogicGate' <Latency = 0> <II = 1> <Delay = 0.28> <FuncUnit> <Opcode : 'and' 'or' 'xor'> <InPorts = 2> <OutPorts = 1>
ST_16 : Operation 288 [1/1] (0.00ns) (grouped into LUT with out node neg_src_0_i)   --->   "%sel_tmp = bitconcatenate i2 @_ssdm_op_BitConcatenate.i2.i1.i1, i1 %not_icmp_ln37_1062, i1 %and_ln37_13" [pedal_c.cpp:37]   --->   Operation 288 'bitconcatenate' 'sel_tmp' <Predicate = true> <Delay = 0.00>
ST_16 : Operation 289 [1/1] (0.42ns) (out node of the LUT)   --->   "%neg_src_0_i = sparsemux i1 @_ssdm_op_SparseMux.ap_auto.3i1.i1.i2, i2 2, i1 %and_ln37_2, i2 1, i1 %xor_ln37_3, i2 0, i1 0, i1 0, i2 %sel_tmp" [pedal_c.cpp:37]   --->   Operation 289 'sparsemux' 'neg_src_0_i' <Predicate = true> <Delay = 0.42> <CoreInst = "SparseMux">   --->   Core 144 'SparseMux' <Latency = 0> <II = 1> <Delay = 0.42> <FuncUnit> <Opcode : 'sparsemux'> <InPorts = 2> <OutPorts = 1>
ST_16 : Operation 290 [1/1] (0.00ns) (grouped into LUT with out node and_ln37_8)   --->   "%xor_ln37_4 = xor i1 %select_ln37_4, i1 1" [pedal_c.cpp:37]   --->   Operation 290 'xor' 'xor_ln37_4' <Predicate = true> <Delay = 0.00> <CoreInst = "LogicGate">   --->   Core 74 'LogicGate' <Latency = 0> <II = 1> <Delay = 0.28> <FuncUnit> <Opcode : 'and' 'or' 'xor'> <InPorts = 2> <OutPorts = 1>
ST_16 : Operation 291 [1/1] (0.00ns) (grouped into LUT with out node and_ln37_8)   --->   "%and_ln37_14 = and i1 %icmp_ln37_10, i1 %xor_ln37_4" [pedal_c.cpp:37]   --->   Operation 291 'and' 'and_ln37_14' <Predicate = true> <Delay = 0.00> <CoreInst = "LogicGate">   --->   Core 74 'LogicGate' <Latency = 0> <II = 1> <Delay = 0.28> <FuncUnit> <Opcode : 'and' 'or' 'xor'> <InPorts = 2> <OutPorts = 1>
ST_16 : Operation 292 [1/1] (0.00ns) (grouped into LUT with out node and_ln37_8)   --->   "%or_ln37_2 = or i1 %tmp_11, i1 %and_ln37_14" [pedal_c.cpp:37]   --->   Operation 292 'or' 'or_ln37_2' <Predicate = true> <Delay = 0.00> <CoreInst = "LogicGate">   --->   Core 74 'LogicGate' <Latency = 0> <II = 1> <Delay = 0.28> <FuncUnit> <Opcode : 'and' 'or' 'xor'> <InPorts = 2> <OutPorts = 1>
ST_16 : Operation 293 [1/1] (0.00ns) (grouped into LUT with out node and_ln37_8)   --->   "%xor_ln37_5 = xor i1 %tmp_4, i1 1" [pedal_c.cpp:37]   --->   Operation 293 'xor' 'xor_ln37_5' <Predicate = true> <Delay = 0.00> <CoreInst = "LogicGate">   --->   Core 74 'LogicGate' <Latency = 0> <II = 1> <Delay = 0.28> <FuncUnit> <Opcode : 'and' 'or' 'xor'> <InPorts = 2> <OutPorts = 1>
ST_16 : Operation 294 [1/1] (0.28ns) (out node of the LUT)   --->   "%and_ln37_8 = and i1 %or_ln37_2, i1 %xor_ln37_5" [pedal_c.cpp:37]   --->   Operation 294 'and' 'and_ln37_8' <Predicate = true> <Delay = 0.28> <CoreInst = "LogicGate">   --->   Core 74 'LogicGate' <Latency = 0> <II = 1> <Delay = 0.28> <FuncUnit> <Opcode : 'and' 'or' 'xor'> <InPorts = 2> <OutPorts = 1>
ST_16 : Operation 295 [1/1] (0.00ns) (grouped into LUT with out node xor_ln37_6)   --->   "%and_ln37_9 = and i1 %tmp_11, i1 %deleted_ones_0_i" [pedal_c.cpp:37]   --->   Operation 295 'and' 'and_ln37_9' <Predicate = true> <Delay = 0.00> <CoreInst = "LogicGate">   --->   Core 74 'LogicGate' <Latency = 0> <II = 1> <Delay = 0.28> <FuncUnit> <Opcode : 'and' 'or' 'xor'> <InPorts = 2> <OutPorts = 1>
ST_16 : Operation 296 [1/1] (0.28ns) (out node of the LUT)   --->   "%xor_ln37_6 = xor i1 %and_ln37_9, i1 1" [pedal_c.cpp:37]   --->   Operation 296 'xor' 'xor_ln37_6' <Predicate = true> <Delay = 0.28> <CoreInst = "LogicGate">   --->   Core 74 'LogicGate' <Latency = 0> <II = 1> <Delay = 0.28> <FuncUnit> <Opcode : 'and' 'or' 'xor'> <InPorts = 2> <OutPorts = 1>
ST_16 : Operation 297 [1/1] (0.00ns) (grouped into LUT with out node sel_tmp1)   --->   "%and_ln37_10 = and i1 %neg_src_0_i, i1 %xor_ln37_6" [pedal_c.cpp:37]   --->   Operation 297 'and' 'and_ln37_10' <Predicate = true> <Delay = 0.00> <CoreInst = "LogicGate">   --->   Core 74 'LogicGate' <Latency = 0> <II = 1> <Delay = 0.28> <FuncUnit> <Opcode : 'and' 'or' 'xor'> <InPorts = 2> <OutPorts = 1>
ST_16 : Operation 298 [1/1] (0.00ns) (grouped into LUT with out node sel_tmp1)   --->   "%or_ln37_3 = or i1 %and_ln37_10, i1 %and_ln37_8" [pedal_c.cpp:37]   --->   Operation 298 'or' 'or_ln37_3' <Predicate = true> <Delay = 0.00> <CoreInst = "LogicGate">   --->   Core 74 'LogicGate' <Latency = 0> <II = 1> <Delay = 0.28> <FuncUnit> <Opcode : 'and' 'or' 'xor'> <InPorts = 2> <OutPorts = 1>
ST_16 : Operation 299 [1/1] (0.00ns) (grouped into LUT with out node add_ln39)   --->   "%select_ln37_5 = select i1 %and_ln37_8, i32 2147483647, i32 2147483648" [pedal_c.cpp:37]   --->   Operation 299 'select' 'select_ln37_5' <Predicate = true> <Delay = 0.00> <CoreInst = "Sel">   --->   Core 73 'Sel' <Latency = 0> <II = 1> <Delay = 0.44> <FuncUnit> <Opcode : 'select'> <InPorts = 3> <OutPorts = 1>
ST_16 : Operation 300 [1/1] (0.00ns) (grouped into LUT with out node sel_tmp1)   --->   "%xor_ln37_7 = xor i1 %icmp_ln37, i1 1" [pedal_c.cpp:37]   --->   Operation 300 'xor' 'xor_ln37_7' <Predicate = true> <Delay = 0.00> <CoreInst = "LogicGate">   --->   Core 74 'LogicGate' <Latency = 0> <II = 1> <Delay = 0.28> <FuncUnit> <Opcode : 'and' 'or' 'xor'> <InPorts = 2> <OutPorts = 1>
ST_16 : Operation 301 [1/1] (0.00ns) (grouped into LUT with out node sel_tmp1)   --->   "%and_ln37_15 = and i1 %or_ln37_3, i1 %xor_ln37_7" [pedal_c.cpp:37]   --->   Operation 301 'and' 'and_ln37_15' <Predicate = true> <Delay = 0.00> <CoreInst = "LogicGate">   --->   Core 74 'LogicGate' <Latency = 0> <II = 1> <Delay = 0.28> <FuncUnit> <Opcode : 'and' 'or' 'xor'> <InPorts = 2> <OutPorts = 1>
ST_16 : Operation 302 [1/1] (0.00ns) (grouped into LUT with out node sel_tmp1)   --->   "%and_ln37_16 = and i1 %and_ln37_15, i1 %icmp_ln37_16" [pedal_c.cpp:37]   --->   Operation 302 'and' 'and_ln37_16' <Predicate = true> <Delay = 0.00> <CoreInst = "LogicGate">   --->   Core 74 'LogicGate' <Latency = 0> <II = 1> <Delay = 0.28> <FuncUnit> <Opcode : 'and' 'or' 'xor'> <InPorts = 2> <OutPorts = 1>
ST_16 : Operation 303 [1/1] (0.28ns) (out node of the LUT)   --->   "%sel_tmp1 = bitconcatenate i2 @_ssdm_op_BitConcatenate.i2.i1.i1, i1 %icmp_ln37, i1 %and_ln37_16" [pedal_c.cpp:37]   --->   Operation 303 'bitconcatenate' 'sel_tmp1' <Predicate = true> <Delay = 0.28>
ST_16 : Operation 304 [1/1] (0.00ns) (grouped into LUT with out node add_ln39)   --->   "%lfo = sparsemux i32 @_ssdm_op_SparseMux.ap_auto.3i32.i32.i2, i2 2, i32 0, i2 1, i32 %select_ln37_5, i2 0, i32 %ref_tmp_i_i, i32 0, i2 %sel_tmp1" [pedal_c.cpp:37]   --->   Operation 304 'sparsemux' 'lfo' <Predicate = true> <Delay = 0.00> <CoreInst = "SparseMux">   --->   Core 144 'SparseMux' <Latency = 0> <II = 1> <Delay = 0.42> <FuncUnit> <Opcode : 'sparsemux'> <InPorts = 2> <OutPorts = 1>
ST_16 : Operation 305 [1/1] (0.00ns) (grouped into LUT with out node add_ln39)   --->   "%sext_ln39 = sext i32 %lfo" [pedal_c.cpp:39]   --->   Operation 305 'sext' 'sext_ln39' <Predicate = true> <Delay = 0.00>
ST_16 : Operation 306 [1/1] (1.01ns) (out node of the LUT)   --->   "%add_ln39 = add i33 %sext_ln39, i33 65536" [pedal_c.cpp:39]   --->   Operation 306 'add' 'add_ln39' <Predicate = true> <Delay = 1.01> <CoreInst = "Adder">   --->   Core 1 'Adder' <Latency = 0> <II = 1> <Delay = 1.01> <FuncUnit> <Opcode : 'add' 'sub'> <InPorts = 2> <OutPorts = 1>

State 17 <SV = 16> <Delay = 8.43>
ST_17 : Operation 307 [1/1] (0.00ns)   --->   "%specmemcore_ln375 = specmemcore void @_ssdm_op_SpecMemCore, i100 %ref_4oPi_table_100, i64 666, i64 34, i64 18446744073709551615" [C:\scratch\2024.1\hls_product\545\2024.1\src\shared\hls\clib/hlsmath/include/FloatingPoint/hls_range_redux.h:375->C:\scratch\2024.1\hls_product\545\2024.1\src\shared\hls\clib/hlsmath/include/FloatingPoint/hls_range_redux.h:467->C:\scratch\2024.1\hls_product\545\2024.1\src\shared\hls\clib/hlsmath/include/FloatingPoint\hls_hotbm.h:239->C:\scratch\2024.1\hls_product\545\2024.1\src\shared\hls\clib\hlsmath\src\common\hls_hotbm_float.cpp:123->C:\scratch\2024.1\hls_product\545\2024.1\src\shared\hls\clib\hlsmath\src\c++\sincoshotbmfloat.cpp:10->C:\scratch\2024.1\hls_product\545\2024.1\src\shared\hls\clib\hlsmath\src\c++\sincoshotbmfloat.cpp:42->pedal_c.cpp:37]   --->   Operation 307 'specmemcore' 'specmemcore_ln375' <Predicate = true> <Delay = 0.00>
ST_17 : Operation 308 [1/1] (0.00ns)   --->   "%specmemcore_ln16 = specmemcore void @_ssdm_op_SpecMemCore, i30 %second_order_float_sin_cos_K0, i64 666, i64 34, i64 18446744073709551615" [C:\scratch\2024.1\hls_product\545\2024.1\src\shared\hls\clib\hlsmath\src\common\hls_hotbm_float.cpp:16->C:\scratch\2024.1\hls_product\545\2024.1\src\shared\hls\clib/hlsmath/include/FloatingPoint\hls_hotbm.h:250->C:\scratch\2024.1\hls_product\545\2024.1\src\shared\hls\clib\hlsmath\src\common\hls_hotbm_float.cpp:123->C:\scratch\2024.1\hls_product\545\2024.1\src\shared\hls\clib\hlsmath\src\c++\sincoshotbmfloat.cpp:10->C:\scratch\2024.1\hls_product\545\2024.1\src\shared\hls\clib\hlsmath\src\c++\sincoshotbmfloat.cpp:42->pedal_c.cpp:37]   --->   Operation 308 'specmemcore' 'specmemcore_ln16' <Predicate = true> <Delay = 0.00>
ST_17 : Operation 309 [1/1] (0.00ns)   --->   "%specmemcore_ln17 = specmemcore void @_ssdm_op_SpecMemCore, i23 %second_order_float_sin_cos_K1, i64 666, i64 34, i64 18446744073709551615" [C:\scratch\2024.1\hls_product\545\2024.1\src\shared\hls\clib\hlsmath\src\common\hls_hotbm_float.cpp:17->C:\scratch\2024.1\hls_product\545\2024.1\src\shared\hls\clib/hlsmath/include/FloatingPoint\hls_hotbm.h:250->C:\scratch\2024.1\hls_product\545\2024.1\src\shared\hls\clib\hlsmath\src\common\hls_hotbm_float.cpp:123->C:\scratch\2024.1\hls_product\545\2024.1\src\shared\hls\clib\hlsmath\src\c++\sincoshotbmfloat.cpp:10->C:\scratch\2024.1\hls_product\545\2024.1\src\shared\hls\clib\hlsmath\src\c++\sincoshotbmfloat.cpp:42->pedal_c.cpp:37]   --->   Operation 309 'specmemcore' 'specmemcore_ln17' <Predicate = true> <Delay = 0.00>
ST_17 : Operation 310 [1/1] (0.00ns)   --->   "%specmemcore_ln18 = specmemcore void @_ssdm_op_SpecMemCore, i15 %second_order_float_sin_cos_K2, i64 666, i64 34, i64 18446744073709551615" [C:\scratch\2024.1\hls_product\545\2024.1\src\shared\hls\clib\hlsmath\src\common\hls_hotbm_float.cpp:18->C:\scratch\2024.1\hls_product\545\2024.1\src\shared\hls\clib/hlsmath/include/FloatingPoint\hls_hotbm.h:250->C:\scratch\2024.1\hls_product\545\2024.1\src\shared\hls\clib\hlsmath\src\common\hls_hotbm_float.cpp:123->C:\scratch\2024.1\hls_product\545\2024.1\src\shared\hls\clib\hlsmath\src\c++\sincoshotbmfloat.cpp:10->C:\scratch\2024.1\hls_product\545\2024.1\src\shared\hls\clib\hlsmath\src\c++\sincoshotbmfloat.cpp:42->pedal_c.cpp:37]   --->   Operation 310 'specmemcore' 'specmemcore_ln18' <Predicate = true> <Delay = 0.00>
ST_17 : Operation 311 [1/1] (0.00ns)   --->   "%shl_ln = bitconcatenate i63 @_ssdm_op_BitConcatenate.i63.i33.i30, i33 %add_ln39, i30 0" [pedal_c.cpp:39]   --->   Operation 311 'bitconcatenate' 'shl_ln' <Predicate = true> <Delay = 0.00>
ST_17 : Operation 312 [1/1] (1.08ns)   --->   "%add_ln39_1 = add i63 %shl_ln, i63 140737488355328" [pedal_c.cpp:39]   --->   Operation 312 'add' 'add_ln39_1' <Predicate = true> <Delay = 1.08> <CoreInst = "Adder">   --->   Core 1 'Adder' <Latency = 0> <II = 1> <Delay = 1.08> <FuncUnit> <Opcode : 'add' 'sub'> <InPorts = 2> <OutPorts = 1>
ST_17 : Operation 313 [1/1] (0.00ns)   --->   "%tmp_14 = bitselect i1 @_ssdm_op_BitSelect.i1.i63.i32, i63 %add_ln39_1, i32 62" [pedal_c.cpp:39]   --->   Operation 313 'bitselect' 'tmp_14' <Predicate = true> <Delay = 0.00>
ST_17 : Operation 314 [1/1] (0.00ns) (grouped into LUT with out node mod_1)   --->   "%mod = partselect i31 @_ssdm_op_PartSelect.i31.i63.i32.i32, i63 %add_ln39_1, i32 32, i32 62" [pedal_c.cpp:39]   --->   Operation 314 'partselect' 'mod' <Predicate = true> <Delay = 0.00>
ST_17 : Operation 315 [1/1] (0.00ns) (grouped into LUT with out node mod_1)   --->   "%sext_ln39_1 = sext i31 %mod" [pedal_c.cpp:39]   --->   Operation 315 'sext' 'sext_ln39_1' <Predicate = true> <Delay = 0.00>
ST_17 : Operation 316 [1/1] (0.00ns) (grouped into LUT with out node mod_1)   --->   "%tmp_15 = bitselect i1 @_ssdm_op_BitSelect.i1.i63.i32, i63 %add_ln39_1, i32 31" [pedal_c.cpp:39]   --->   Operation 316 'bitselect' 'tmp_15' <Predicate = true> <Delay = 0.00>
ST_17 : Operation 317 [1/1] (0.00ns)   --->   "%trunc_ln39 = trunc i63 %add_ln39_1" [pedal_c.cpp:39]   --->   Operation 317 'trunc' 'trunc_ln39' <Predicate = true> <Delay = 0.00>
ST_17 : Operation 318 [1/1] (1.00ns)   --->   "%icmp_ln39 = icmp_ne  i31 %trunc_ln39, i31 0" [pedal_c.cpp:39]   --->   Operation 318 'icmp' 'icmp_ln39' <Predicate = true> <Delay = 1.00> <CoreInst = "Cmp">   --->   Core 9 'Cmp' <Latency = 0> <II = 1> <Delay = 1.00> <FuncUnit> <Opcode : 'seteq' 'setne' 'setle' 'setge' 'setlt' 'setgt'> <InPorts = 2> <OutPorts = 1>
ST_17 : Operation 319 [1/1] (0.00ns) (grouped into LUT with out node mod_1)   --->   "%tmp_16 = bitselect i1 @_ssdm_op_BitSelect.i1.i63.i32, i63 %add_ln39_1, i32 32" [pedal_c.cpp:39]   --->   Operation 319 'bitselect' 'tmp_16' <Predicate = true> <Delay = 0.00>
ST_17 : Operation 320 [1/1] (0.00ns) (grouped into LUT with out node mod_1)   --->   "%or_ln39 = or i1 %tmp_16, i1 %icmp_ln39" [pedal_c.cpp:39]   --->   Operation 320 'or' 'or_ln39' <Predicate = true> <Delay = 0.00> <CoreInst = "LogicGate">   --->   Core 74 'LogicGate' <Latency = 0> <II = 1> <Delay = 0.28> <FuncUnit> <Opcode : 'and' 'or' 'xor'> <InPorts = 2> <OutPorts = 1>
ST_17 : Operation 321 [1/1] (0.00ns) (grouped into LUT with out node mod_1)   --->   "%and_ln39 = and i1 %or_ln39, i1 %tmp_15" [pedal_c.cpp:39]   --->   Operation 321 'and' 'and_ln39' <Predicate = true> <Delay = 0.00> <CoreInst = "LogicGate">   --->   Core 74 'LogicGate' <Latency = 0> <II = 1> <Delay = 0.28> <FuncUnit> <Opcode : 'and' 'or' 'xor'> <InPorts = 2> <OutPorts = 1>
ST_17 : Operation 322 [1/1] (0.00ns) (grouped into LUT with out node mod_1)   --->   "%zext_ln39 = zext i1 %and_ln39" [pedal_c.cpp:39]   --->   Operation 322 'zext' 'zext_ln39' <Predicate = true> <Delay = 0.00>
ST_17 : Operation 323 [1/1] (1.00ns) (out node of the LUT)   --->   "%mod_1 = add i32 %sext_ln39_1, i32 %zext_ln39" [pedal_c.cpp:39]   --->   Operation 323 'add' 'mod_1' <Predicate = true> <Delay = 1.00> <CoreInst = "Adder">   --->   Core 1 'Adder' <Latency = 0> <II = 1> <Delay = 1.00> <FuncUnit> <Opcode : 'add' 'sub'> <InPorts = 2> <OutPorts = 1>
ST_17 : Operation 324 [1/1] (0.00ns)   --->   "%tmp_17 = bitselect i1 @_ssdm_op_BitSelect.i1.i32.i32, i32 %mod_1, i32 31" [pedal_c.cpp:39]   --->   Operation 324 'bitselect' 'tmp_17' <Predicate = true> <Delay = 0.00>
ST_17 : Operation 325 [1/1] (0.28ns)   --->   "%xor_ln39 = xor i1 %tmp_14, i1 1" [pedal_c.cpp:39]   --->   Operation 325 'xor' 'xor_ln39' <Predicate = true> <Delay = 0.28> <CoreInst = "LogicGate">   --->   Core 74 'LogicGate' <Latency = 0> <II = 1> <Delay = 0.28> <FuncUnit> <Opcode : 'and' 'or' 'xor'> <InPorts = 2> <OutPorts = 1>
ST_17 : Operation 326 [1/1] (0.00ns) (grouped into LUT with out node mod_2)   --->   "%or_ln39_2 = or i1 %tmp_17, i1 %xor_ln39" [pedal_c.cpp:39]   --->   Operation 326 'or' 'or_ln39_2' <Predicate = true> <Delay = 0.00> <CoreInst = "LogicGate">   --->   Core 74 'LogicGate' <Latency = 0> <II = 1> <Delay = 0.28> <FuncUnit> <Opcode : 'and' 'or' 'xor'> <InPorts = 2> <OutPorts = 1>
ST_17 : Operation 327 [1/1] (0.00ns) (grouped into LUT with out node mod_2)   --->   "%xor_ln39_1 = xor i1 %tmp_14, i1 %or_ln39_2" [pedal_c.cpp:39]   --->   Operation 327 'xor' 'xor_ln39_1' <Predicate = true> <Delay = 0.00> <CoreInst = "LogicGate">   --->   Core 74 'LogicGate' <Latency = 0> <II = 1> <Delay = 0.28> <FuncUnit> <Opcode : 'and' 'or' 'xor'> <InPorts = 2> <OutPorts = 1>
ST_17 : Operation 328 [1/1] (0.00ns) (grouped into LUT with out node mod_2)   --->   "%xor_ln39_2 = xor i1 %xor_ln39_1, i1 1" [pedal_c.cpp:39]   --->   Operation 328 'xor' 'xor_ln39_2' <Predicate = true> <Delay = 0.00> <CoreInst = "LogicGate">   --->   Core 74 'LogicGate' <Latency = 0> <II = 1> <Delay = 0.28> <FuncUnit> <Opcode : 'and' 'or' 'xor'> <InPorts = 2> <OutPorts = 1>
ST_17 : Operation 329 [1/1] (0.00ns) (grouped into LUT with out node mod_2)   --->   "%or_ln39_1 = or i1 %tmp_17, i1 %xor_ln39_2" [pedal_c.cpp:39]   --->   Operation 329 'or' 'or_ln39_1' <Predicate = true> <Delay = 0.00> <CoreInst = "LogicGate">   --->   Core 74 'LogicGate' <Latency = 0> <II = 1> <Delay = 0.28> <FuncUnit> <Opcode : 'and' 'or' 'xor'> <InPorts = 2> <OutPorts = 1>
ST_17 : Operation 330 [1/1] (0.00ns) (grouped into LUT with out node mod_2)   --->   "%and_ln39_1 = and i1 %or_ln39_1, i1 %xor_ln39" [pedal_c.cpp:39]   --->   Operation 330 'and' 'and_ln39_1' <Predicate = true> <Delay = 0.00> <CoreInst = "LogicGate">   --->   Core 74 'LogicGate' <Latency = 0> <II = 1> <Delay = 0.28> <FuncUnit> <Opcode : 'and' 'or' 'xor'> <InPorts = 2> <OutPorts = 1>
ST_17 : Operation 331 [1/1] (0.44ns) (out node of the LUT)   --->   "%mod_2 = select i1 %and_ln39_1, i32 2147483647, i32 %mod_1" [pedal_c.cpp:39]   --->   Operation 331 'select' 'mod_2' <Predicate = true> <Delay = 0.44> <CoreInst = "Sel">   --->   Core 73 'Sel' <Latency = 0> <II = 1> <Delay = 0.44> <FuncUnit> <Opcode : 'select'> <InPorts = 3> <OutPorts = 1>
ST_17 : Operation 332 [1/1] (0.00ns)   --->   "%sext_ln40 = sext i32 %mod_2" [pedal_c.cpp:40]   --->   Operation 332 'sext' 'sext_ln40' <Predicate = true> <Delay = 0.00>
ST_17 : Operation 333 [1/1] (0.00ns)   --->   "%sext_ln40_1 = sext i32 %select_ln40_1" [pedal_c.cpp:40]   --->   Operation 333 'sext' 'sext_ln40_1' <Predicate = true> <Delay = 0.00>
ST_17 : Operation 334 [1/1] (3.42ns)   --->   "%mul_ln40 = mul i63 %sext_ln40_1, i63 %sext_ln40" [pedal_c.cpp:40]   --->   Operation 334 'mul' 'mul_ln40' <Predicate = true> <Delay = 3.42> <CoreInst = "Multiplier">   --->   Core 3 'Multiplier' <Latency = 0> <II = 1> <Delay = 3.42> <FuncUnit> <Opcode : 'mul'> <InPorts = 2> <OutPorts = 1>
ST_17 : Operation 335 [1/1] (0.00ns) (grouped into LUT with out node ref_tmp_i_0)   --->   "%sext_ln40_2 = sext i63 %mul_ln40" [pedal_c.cpp:40]   --->   Operation 335 'sext' 'sext_ln40_2' <Predicate = true> <Delay = 0.00>
ST_17 : Operation 336 [1/1] (0.00ns)   --->   "%tmp_21 = partselect i31 @_ssdm_op_PartSelect.i31.i63.i32.i32, i63 %mul_ln40, i32 32, i32 62" [pedal_c.cpp:40]   --->   Operation 336 'partselect' 'tmp_21' <Predicate = true> <Delay = 0.00>
ST_17 : Operation 337 [1/1] (0.00ns)   --->   "%sext_ln40_3 = sext i31 %tmp_21" [pedal_c.cpp:40]   --->   Operation 337 'sext' 'sext_ln40_3' <Predicate = true> <Delay = 0.00>
ST_17 : Operation 338 [1/1] (0.00ns) (grouped into LUT with out node ref_tmp_i_0)   --->   "%tmp_22 = bitselect i1 @_ssdm_op_BitSelect.i1.i64.i32, i64 %sext_ln40_2, i32 63" [pedal_c.cpp:40]   --->   Operation 338 'bitselect' 'tmp_22' <Predicate = true> <Delay = 0.00>
ST_17 : Operation 339 [1/1] (0.00ns)   --->   "%trunc_ln40 = trunc i63 %mul_ln40" [pedal_c.cpp:40]   --->   Operation 339 'trunc' 'trunc_ln40' <Predicate = true> <Delay = 0.00>
ST_17 : Operation 340 [1/1] (1.01ns)   --->   "%icmp_ln40_2 = icmp_ne  i32 %trunc_ln40, i32 0" [pedal_c.cpp:40]   --->   Operation 340 'icmp' 'icmp_ln40_2' <Predicate = true> <Delay = 1.01> <CoreInst = "Cmp">   --->   Core 9 'Cmp' <Latency = 0> <II = 1> <Delay = 1.01> <FuncUnit> <Opcode : 'seteq' 'setne' 'setle' 'setge' 'setlt' 'setgt'> <InPorts = 2> <OutPorts = 1>
ST_17 : Operation 341 [1/1] (1.00ns)   --->   "%add_ln40 = add i32 %sext_ln40_3, i32 1" [pedal_c.cpp:40]   --->   Operation 341 'add' 'add_ln40' <Predicate = true> <Delay = 1.00> <CoreInst = "Adder">   --->   Core 1 'Adder' <Latency = 0> <II = 1> <Delay = 1.00> <FuncUnit> <Opcode : 'add' 'sub'> <InPorts = 2> <OutPorts = 1>
ST_17 : Operation 342 [1/1] (0.00ns) (grouped into LUT with out node ref_tmp_i_0)   --->   "%select_ln40_2 = select i1 %icmp_ln40_2, i32 %add_ln40, i32 %sext_ln40_3" [pedal_c.cpp:40]   --->   Operation 342 'select' 'select_ln40_2' <Predicate = true> <Delay = 0.00> <CoreInst = "Sel">   --->   Core 73 'Sel' <Latency = 0> <II = 1> <Delay = 0.44> <FuncUnit> <Opcode : 'select'> <InPorts = 3> <OutPorts = 1>
ST_17 : Operation 343 [1/1] (0.44ns) (out node of the LUT)   --->   "%ref_tmp_i_0 = select i1 %tmp_22, i32 %select_ln40_2, i32 %sext_ln40_3" [pedal_c.cpp:40]   --->   Operation 343 'select' 'ref_tmp_i_0' <Predicate = true> <Delay = 0.44> <CoreInst = "Sel">   --->   Core 73 'Sel' <Latency = 0> <II = 1> <Delay = 0.44> <FuncUnit> <Opcode : 'select'> <InPorts = 3> <OutPorts = 1>
ST_17 : Operation 344 [1/1] (0.00ns)   --->   "%ret_ln40 = ret i32 %ref_tmp_i_0" [pedal_c.cpp:40]   --->   Operation 344 'ret' 'ret_ln40' <Predicate = true> <Delay = 0.00>


============================================================
+ Verbose Summary: Timing violations
============================================================
Target clock period: 15.000ns, clock uncertainty: 4.050ns.

 <State 1>: 9.473ns
The critical path consists of the following:
	wire read operation ('count_read', pedal_c.cpp:37) on port 'count' (pedal_c.cpp:37) [7]  (0.000 ns)
	'sitofp' operation 32 bit ('conv1', pedal_c.cpp:37) [9]  (9.473 ns)

 <State 2>: 9.473ns
The critical path consists of the following:
	'sitofp' operation 32 bit ('conv1', pedal_c.cpp:37) [9]  (9.473 ns)

 <State 3>: 9.664ns
The critical path consists of the following:
	'fdiv' operation 32 bit ('div', pedal_c.cpp:37) [10]  (9.664 ns)

 <State 4>: 9.664ns
The critical path consists of the following:
	'fdiv' operation 32 bit ('div', pedal_c.cpp:37) [10]  (9.664 ns)

 <State 5>: 9.664ns
The critical path consists of the following:
	'fdiv' operation 32 bit ('div', pedal_c.cpp:37) [10]  (9.664 ns)

 <State 6>: 9.664ns
The critical path consists of the following:
	'fdiv' operation 32 bit ('div', pedal_c.cpp:37) [10]  (9.664 ns)

 <State 7>: 9.664ns
The critical path consists of the following:
	'fdiv' operation 32 bit ('div', pedal_c.cpp:37) [10]  (9.664 ns)

 <State 8>: 9.664ns
The critical path consists of the following:
	'fdiv' operation 32 bit ('div', pedal_c.cpp:37) [10]  (9.664 ns)

 <State 9>: 9.664ns
The critical path consists of the following:
	'fdiv' operation 32 bit ('div', pedal_c.cpp:37) [10]  (9.664 ns)

 <State 10>: 8.419ns
The critical path consists of the following:
	'fmul' operation 32 bit ('x', pedal_c.cpp:37) [11]  (8.419 ns)

 <State 11>: 10.250ns
The critical path consists of the following:
	'fmul' operation 32 bit ('x', pedal_c.cpp:37) [11]  (8.419 ns)
	'add' operation 8 bit ('add_ln376', C:\scratch\2024.1\hls_product\545\2024.1\src\shared\hls\clib/hlsmath/include/FloatingPoint/hls_range_redux.h:376->C:\scratch\2024.1\hls_product\545\2024.1\src\shared\hls\clib/hlsmath/include/FloatingPoint/hls_range_redux.h:467->C:\scratch\2024.1\hls_product\545\2024.1\src\shared\hls\clib/hlsmath/include/FloatingPoint\hls_hotbm.h:239->C:\scratch\2024.1\hls_product\545\2024.1\src\shared\hls\clib\hlsmath\src\common\hls_hotbm_float.cpp:123->C:\scratch\2024.1\hls_product\545\2024.1\src\shared\hls\clib\hlsmath\src\c++\sincoshotbmfloat.cpp:10->C:\scratch\2024.1\hls_product\545\2024.1\src\shared\hls\clib\hlsmath\src\c++\sincoshotbmfloat.cpp:42->pedal_c.cpp:37) [21]  (0.765 ns)
	'select' operation 8 bit ('addr', C:\scratch\2024.1\hls_product\545\2024.1\src\shared\hls\clib/hlsmath/include/FloatingPoint/hls_range_redux.h:376->C:\scratch\2024.1\hls_product\545\2024.1\src\shared\hls\clib/hlsmath/include/FloatingPoint/hls_range_redux.h:467->C:\scratch\2024.1\hls_product\545\2024.1\src\shared\hls\clib/hlsmath/include/FloatingPoint\hls_hotbm.h:239->C:\scratch\2024.1\hls_product\545\2024.1\src\shared\hls\clib\hlsmath\src\common\hls_hotbm_float.cpp:123->C:\scratch\2024.1\hls_product\545\2024.1\src\shared\hls\clib\hlsmath\src\c++\sincoshotbmfloat.cpp:10->C:\scratch\2024.1\hls_product\545\2024.1\src\shared\hls\clib\hlsmath\src\c++\sincoshotbmfloat.cpp:42->pedal_c.cpp:37) [22]  (0.393 ns)
	'getelementptr' operation 4 bit ('ref_4oPi_table_100_addr', C:\scratch\2024.1\hls_product\545\2024.1\src\shared\hls\clib/hlsmath/include/FloatingPoint/hls_range_redux.h:378->C:\scratch\2024.1\hls_product\545\2024.1\src\shared\hls\clib/hlsmath/include/FloatingPoint/hls_range_redux.h:467->C:\scratch\2024.1\hls_product\545\2024.1\src\shared\hls\clib/hlsmath/include/FloatingPoint\hls_hotbm.h:239->C:\scratch\2024.1\hls_product\545\2024.1\src\shared\hls\clib\hlsmath\src\common\hls_hotbm_float.cpp:123->C:\scratch\2024.1\hls_product\545\2024.1\src\shared\hls\clib\hlsmath\src\c++\sincoshotbmfloat.cpp:10->C:\scratch\2024.1\hls_product\545\2024.1\src\shared\hls\clib\hlsmath\src\c++\sincoshotbmfloat.cpp:42->pedal_c.cpp:37) [25]  (0.000 ns)
	'load' operation 100 bit ('table_100', C:\scratch\2024.1\hls_product\545\2024.1\src\shared\hls\clib/hlsmath/include/FloatingPoint/hls_range_redux.h:378->C:\scratch\2024.1\hls_product\545\2024.1\src\shared\hls\clib/hlsmath/include/FloatingPoint/hls_range_redux.h:467->C:\scratch\2024.1\hls_product\545\2024.1\src\shared\hls\clib/hlsmath/include/FloatingPoint\hls_hotbm.h:239->C:\scratch\2024.1\hls_product\545\2024.1\src\shared\hls\clib\hlsmath\src\common\hls_hotbm_float.cpp:123->C:\scratch\2024.1\hls_product\545\2024.1\src\shared\hls\clib\hlsmath\src\c++\sincoshotbmfloat.cpp:10->C:\scratch\2024.1\hls_product\545\2024.1\src\shared\hls\clib\hlsmath\src\c++\sincoshotbmfloat.cpp:42->pedal_c.cpp:37) on array 'ref_4oPi_table_100' [26]  (0.673 ns)

 <State 12>: 10.941ns
The critical path consists of the following:
	'load' operation 100 bit ('table_100', C:\scratch\2024.1\hls_product\545\2024.1\src\shared\hls\clib/hlsmath/include/FloatingPoint/hls_range_redux.h:378->C:\scratch\2024.1\hls_product\545\2024.1\src\shared\hls\clib/hlsmath/include/FloatingPoint/hls_range_redux.h:467->C:\scratch\2024.1\hls_product\545\2024.1\src\shared\hls\clib/hlsmath/include/FloatingPoint\hls_hotbm.h:239->C:\scratch\2024.1\hls_product\545\2024.1\src\shared\hls\clib\hlsmath\src\common\hls_hotbm_float.cpp:123->C:\scratch\2024.1\hls_product\545\2024.1\src\shared\hls\clib\hlsmath\src\c++\sincoshotbmfloat.cpp:10->C:\scratch\2024.1\hls_product\545\2024.1\src\shared\hls\clib\hlsmath\src\c++\sincoshotbmfloat.cpp:42->pedal_c.cpp:37) on array 'ref_4oPi_table_100' [26]  (0.673 ns)
	'shl' operation 100 bit ('shl_ln379', C:\scratch\2024.1\hls_product\545\2024.1\src\shared\hls\clib/hlsmath/include/FloatingPoint/hls_range_redux.h:379->C:\scratch\2024.1\hls_product\545\2024.1\src\shared\hls\clib/hlsmath/include/FloatingPoint/hls_range_redux.h:467->C:\scratch\2024.1\hls_product\545\2024.1\src\shared\hls\clib/hlsmath/include/FloatingPoint\hls_hotbm.h:239->C:\scratch\2024.1\hls_product\545\2024.1\src\shared\hls\clib\hlsmath\src\common\hls_hotbm_float.cpp:123->C:\scratch\2024.1\hls_product\545\2024.1\src\shared\hls\clib\hlsmath\src\c++\sincoshotbmfloat.cpp:10->C:\scratch\2024.1\hls_product\545\2024.1\src\shared\hls\clib\hlsmath\src\c++\sincoshotbmfloat.cpp:42->pedal_c.cpp:37) [29]  (1.514 ns)
	'mul' operation 80 bit ('h', C:\scratch\2024.1\hls_product\545\2024.1\src\shared\hls\clib/hlsmath/include/FloatingPoint/hls_range_redux.h:468->C:\scratch\2024.1\hls_product\545\2024.1\src\shared\hls\clib/hlsmath/include/FloatingPoint\hls_hotbm.h:239->C:\scratch\2024.1\hls_product\545\2024.1\src\shared\hls\clib\hlsmath\src\common\hls_hotbm_float.cpp:123->C:\scratch\2024.1\hls_product\545\2024.1\src\shared\hls\clib\hlsmath\src\c++\sincoshotbmfloat.cpp:10->C:\scratch\2024.1\hls_product\545\2024.1\src\shared\hls\clib\hlsmath\src\c++\sincoshotbmfloat.cpp:42->pedal_c.cpp:37) [32]  (5.200 ns)
	'sub' operation 58 bit ('Mx_bits', C:\scratch\2024.1\hls_product\545\2024.1\src\shared\hls\clib/hlsmath/include/FloatingPoint/hls_range_redux.h:492->C:\scratch\2024.1\hls_product\545\2024.1\src\shared\hls\clib/hlsmath/include/FloatingPoint\hls_hotbm.h:239->C:\scratch\2024.1\hls_product\545\2024.1\src\shared\hls\clib\hlsmath\src\common\hls_hotbm_float.cpp:123->C:\scratch\2024.1\hls_product\545\2024.1\src\shared\hls\clib\hlsmath\src\c++\sincoshotbmfloat.cpp:10->C:\scratch\2024.1\hls_product\545\2024.1\src\shared\hls\clib\hlsmath\src\c++\sincoshotbmfloat.cpp:42->pedal_c.cpp:37) [37]  (1.093 ns)
	'select' operation 58 bit ('Mx_bits', C:\scratch\2024.1\hls_product\545\2024.1\src\shared\hls\clib/hlsmath/include/FloatingPoint/hls_range_redux.h:491->C:\scratch\2024.1\hls_product\545\2024.1\src\shared\hls\clib/hlsmath/include/FloatingPoint\hls_hotbm.h:239->C:\scratch\2024.1\hls_product\545\2024.1\src\shared\hls\clib\hlsmath\src\common\hls_hotbm_float.cpp:123->C:\scratch\2024.1\hls_product\545\2024.1\src\shared\hls\clib\hlsmath\src\c++\sincoshotbmfloat.cpp:10->C:\scratch\2024.1\hls_product\545\2024.1\src\shared\hls\clib\hlsmath\src\c++\sincoshotbmfloat.cpp:42->pedal_c.cpp:37) [38]  (0.380 ns)
	'cttz' operation 32 bit ('tmp_139_i', C:\scratch\2024.1\hls_product\545\2024.1\src\shared\hls\clib/hlsmath/include/FloatingPoint/hls_normalize.h:75->C:\scratch\2024.1\hls_product\545\2024.1\src\shared\hls\clib/hlsmath/include/FloatingPoint/hls_range_redux.h:495->C:\scratch\2024.1\hls_product\545\2024.1\src\shared\hls\clib/hlsmath/include/FloatingPoint\hls_hotbm.h:239->C:\scratch\2024.1\hls_product\545\2024.1\src\shared\hls\clib\hlsmath\src\common\hls_hotbm_float.cpp:123->C:\scratch\2024.1\hls_product\545\2024.1\src\shared\hls\clib\hlsmath\src\c++\sincoshotbmfloat.cpp:10->C:\scratch\2024.1\hls_product\545\2024.1\src\shared\hls\clib\hlsmath\src\c++\sincoshotbmfloat.cpp:42->pedal_c.cpp:37) [44]  (0.563 ns)
	'shl' operation 58 bit ('shl_ln504', C:\scratch\2024.1\hls_product\545\2024.1\src\shared\hls\clib/hlsmath/include/FloatingPoint/hls_range_redux.h:504->C:\scratch\2024.1\hls_product\545\2024.1\src\shared\hls\clib/hlsmath/include/FloatingPoint\hls_hotbm.h:239->C:\scratch\2024.1\hls_product\545\2024.1\src\shared\hls\clib\hlsmath\src\common\hls_hotbm_float.cpp:123->C:\scratch\2024.1\hls_product\545\2024.1\src\shared\hls\clib\hlsmath\src\c++\sincoshotbmfloat.cpp:10->C:\scratch\2024.1\hls_product\545\2024.1\src\shared\hls\clib\hlsmath\src\c++\sincoshotbmfloat.cpp:42->pedal_c.cpp:37) [47]  (1.519 ns)

 <State 13>: 5.157ns
The critical path consists of the following:
	'sub' operation 8 bit ('sub_ln506', C:\scratch\2024.1\hls_product\545\2024.1\src\shared\hls\clib/hlsmath/include/FloatingPoint/hls_range_redux.h:506->C:\scratch\2024.1\hls_product\545\2024.1\src\shared\hls\clib/hlsmath/include/FloatingPoint\hls_hotbm.h:239->C:\scratch\2024.1\hls_product\545\2024.1\src\shared\hls\clib\hlsmath\src\common\hls_hotbm_float.cpp:123->C:\scratch\2024.1\hls_product\545\2024.1\src\shared\hls\clib\hlsmath\src\c++\sincoshotbmfloat.cpp:10->C:\scratch\2024.1\hls_product\545\2024.1\src\shared\hls\clib\hlsmath\src\c++\sincoshotbmfloat.cpp:42->pedal_c.cpp:37) [52]  (0.765 ns)
	'select' operation 8 bit ('select_ln506', C:\scratch\2024.1\hls_product\545\2024.1\src\shared\hls\clib/hlsmath/include/FloatingPoint/hls_range_redux.h:506->C:\scratch\2024.1\hls_product\545\2024.1\src\shared\hls\clib/hlsmath/include/FloatingPoint\hls_hotbm.h:239->C:\scratch\2024.1\hls_product\545\2024.1\src\shared\hls\clib\hlsmath\src\common\hls_hotbm_float.cpp:123->C:\scratch\2024.1\hls_product\545\2024.1\src\shared\hls\clib\hlsmath\src\c++\sincoshotbmfloat.cpp:10->C:\scratch\2024.1\hls_product\545\2024.1\src\shared\hls\clib\hlsmath\src\c++\sincoshotbmfloat.cpp:42->pedal_c.cpp:37) [53]  (0.393 ns)
	'shl' operation 32 bit ('shl_ln506', C:\scratch\2024.1\hls_product\545\2024.1\src\shared\hls\clib/hlsmath/include/FloatingPoint/hls_range_redux.h:506->C:\scratch\2024.1\hls_product\545\2024.1\src\shared\hls\clib/hlsmath/include/FloatingPoint\hls_hotbm.h:239->C:\scratch\2024.1\hls_product\545\2024.1\src\shared\hls\clib\hlsmath\src\common\hls_hotbm_float.cpp:123->C:\scratch\2024.1\hls_product\545\2024.1\src\shared\hls\clib\hlsmath\src\c++\sincoshotbmfloat.cpp:10->C:\scratch\2024.1\hls_product\545\2024.1\src\shared\hls\clib\hlsmath\src\c++\sincoshotbmfloat.cpp:42->pedal_c.cpp:37) [57]  (1.219 ns)
	'select' operation 32 bit ('select_ln506_1', C:\scratch\2024.1\hls_product\545\2024.1\src\shared\hls\clib/hlsmath/include/FloatingPoint/hls_range_redux.h:506->C:\scratch\2024.1\hls_product\545\2024.1\src\shared\hls\clib/hlsmath/include/FloatingPoint\hls_hotbm.h:239->C:\scratch\2024.1\hls_product\545\2024.1\src\shared\hls\clib\hlsmath\src\common\hls_hotbm_float.cpp:123->C:\scratch\2024.1\hls_product\545\2024.1\src\shared\hls\clib\hlsmath\src\c++\sincoshotbmfloat.cpp:10->C:\scratch\2024.1\hls_product\545\2024.1\src\shared\hls\clib\hlsmath\src\c++\sincoshotbmfloat.cpp:42->pedal_c.cpp:37) [58]  (0.449 ns)
	'mul' operation 30 bit ('mul_ln23', C:\scratch\2024.1\hls_product\545\2024.1\src\shared\hls\clib\hlsmath\src\common\hls_hotbm_float.cpp:23->C:\scratch\2024.1\hls_product\545\2024.1\src\shared\hls\clib/hlsmath/include/FloatingPoint\hls_hotbm.h:250->C:\scratch\2024.1\hls_product\545\2024.1\src\shared\hls\clib\hlsmath\src\common\hls_hotbm_float.cpp:123->C:\scratch\2024.1\hls_product\545\2024.1\src\shared\hls\clib\hlsmath\src\c++\sincoshotbmfloat.cpp:10->C:\scratch\2024.1\hls_product\545\2024.1\src\shared\hls\clib\hlsmath\src\c++\sincoshotbmfloat.cpp:42->pedal_c.cpp:37) [69]  (2.332 ns)

 <State 14>: 10.907ns
The critical path consists of the following:
	'load' operation 23 bit ('second_order_float_sin_cos_K1_load', C:\scratch\2024.1\hls_product\545\2024.1\src\shared\hls\clib\hlsmath\src\common\hls_hotbm_float.cpp:29->C:\scratch\2024.1\hls_product\545\2024.1\src\shared\hls\clib/hlsmath/include/FloatingPoint\hls_hotbm.h:250->C:\scratch\2024.1\hls_product\545\2024.1\src\shared\hls\clib\hlsmath\src\common\hls_hotbm_float.cpp:123->C:\scratch\2024.1\hls_product\545\2024.1\src\shared\hls\clib\hlsmath\src\c++\sincoshotbmfloat.cpp:10->C:\scratch\2024.1\hls_product\545\2024.1\src\shared\hls\clib\hlsmath\src\c++\sincoshotbmfloat.cpp:42->pedal_c.cpp:37) on array 'second_order_float_sin_cos_K1' [80]  (0.677 ns)
	'mul' operation 45 bit ('mul_ln29', C:\scratch\2024.1\hls_product\545\2024.1\src\shared\hls\clib\hlsmath\src\common\hls_hotbm_float.cpp:29->C:\scratch\2024.1\hls_product\545\2024.1\src\shared\hls\clib/hlsmath/include/FloatingPoint\hls_hotbm.h:250->C:\scratch\2024.1\hls_product\545\2024.1\src\shared\hls\clib\hlsmath\src\common\hls_hotbm_float.cpp:123->C:\scratch\2024.1\hls_product\545\2024.1\src\shared\hls\clib\hlsmath\src\c++\sincoshotbmfloat.cpp:10->C:\scratch\2024.1\hls_product\545\2024.1\src\shared\hls\clib\hlsmath\src\c++\sincoshotbmfloat.cpp:42->pedal_c.cpp:37) [82]  (2.833 ns)
	'add' operation 30 bit ('add_ln32', C:\scratch\2024.1\hls_product\545\2024.1\src\shared\hls\clib\hlsmath\src\common\hls_hotbm_float.cpp:32->C:\scratch\2024.1\hls_product\545\2024.1\src\shared\hls\clib/hlsmath/include/FloatingPoint\hls_hotbm.h:250->C:\scratch\2024.1\hls_product\545\2024.1\src\shared\hls\clib\hlsmath\src\common\hls_hotbm_float.cpp:123->C:\scratch\2024.1\hls_product\545\2024.1\src\shared\hls\clib\hlsmath\src\c++\sincoshotbmfloat.cpp:10->C:\scratch\2024.1\hls_product\545\2024.1\src\shared\hls\clib\hlsmath\src\c++\sincoshotbmfloat.cpp:42->pedal_c.cpp:37) [91]  (0.000 ns)
	'add' operation 30 bit ('add_ln32_1', C:\scratch\2024.1\hls_product\545\2024.1\src\shared\hls\clib\hlsmath\src\common\hls_hotbm_float.cpp:32->C:\scratch\2024.1\hls_product\545\2024.1\src\shared\hls\clib/hlsmath/include/FloatingPoint\hls_hotbm.h:250->C:\scratch\2024.1\hls_product\545\2024.1\src\shared\hls\clib\hlsmath\src\common\hls_hotbm_float.cpp:123->C:\scratch\2024.1\hls_product\545\2024.1\src\shared\hls\clib\hlsmath\src\c++\sincoshotbmfloat.cpp:10->C:\scratch\2024.1\hls_product\545\2024.1\src\shared\hls\clib\hlsmath\src\c++\sincoshotbmfloat.cpp:42->pedal_c.cpp:37) [93]  (0.726 ns)
	'mul' operation 58 bit ('mul_ln32', C:\scratch\2024.1\hls_product\545\2024.1\src\shared\hls\clib\hlsmath\src\common\hls_hotbm_float.cpp:32->C:\scratch\2024.1\hls_product\545\2024.1\src\shared\hls\clib/hlsmath/include/FloatingPoint\hls_hotbm.h:250->C:\scratch\2024.1\hls_product\545\2024.1\src\shared\hls\clib\hlsmath\src\common\hls_hotbm_float.cpp:123->C:\scratch\2024.1\hls_product\545\2024.1\src\shared\hls\clib\hlsmath\src\c++\sincoshotbmfloat.cpp:10->C:\scratch\2024.1\hls_product\545\2024.1\src\shared\hls\clib\hlsmath\src\c++\sincoshotbmfloat.cpp:42->pedal_c.cpp:37) [96]  (3.329 ns)
	'cttz' operation 32 bit ('c', C:\scratch\2024.1\hls_product\545\2024.1\src\shared\hls\clib/hlsmath/include/FloatingPoint/hls_normalize.h:81->C:\scratch\2024.1\hls_product\545\2024.1\src\shared\hls\clib/src/hls\utils/x_hls_float_utils.h:283->C:\scratch\2024.1\hls_product\545\2024.1\src\shared\hls\clib/hlsmath/include/FloatingPoint\hls_hotbm.h:252->C:\scratch\2024.1\hls_product\545\2024.1\src\shared\hls\clib\hlsmath\src\common\hls_hotbm_float.cpp:123->C:\scratch\2024.1\hls_product\545\2024.1\src\shared\hls\clib\hlsmath\src\c++\sincoshotbmfloat.cpp:10->C:\scratch\2024.1\hls_product\545\2024.1\src\shared\hls\clib\hlsmath\src\c++\sincoshotbmfloat.cpp:42->pedal_c.cpp:37) [104]  (0.567 ns)
	'shl' operation 32 bit ('shl_ln291', C:\scratch\2024.1\hls_product\545\2024.1\src\shared\hls\clib/src/hls\utils/x_hls_float_utils.h:291->C:\scratch\2024.1\hls_product\545\2024.1\src\shared\hls\clib/hlsmath/include/FloatingPoint\hls_hotbm.h:252->C:\scratch\2024.1\hls_product\545\2024.1\src\shared\hls\clib\hlsmath\src\common\hls_hotbm_float.cpp:123->C:\scratch\2024.1\hls_product\545\2024.1\src\shared\hls\clib\hlsmath\src\c++\sincoshotbmfloat.cpp:10->C:\scratch\2024.1\hls_product\545\2024.1\src\shared\hls\clib\hlsmath\src\c++\sincoshotbmfloat.cpp:42->pedal_c.cpp:37) [108]  (1.388 ns)
	'shl' operation 32 bit ('shl_ln291_1', C:\scratch\2024.1\hls_product\545\2024.1\src\shared\hls\clib/src/hls\utils/x_hls_float_utils.h:291->C:\scratch\2024.1\hls_product\545\2024.1\src\shared\hls\clib/hlsmath/include/FloatingPoint\hls_hotbm.h:252->C:\scratch\2024.1\hls_product\545\2024.1\src\shared\hls\clib\hlsmath\src\common\hls_hotbm_float.cpp:123->C:\scratch\2024.1\hls_product\545\2024.1\src\shared\hls\clib\hlsmath\src\c++\sincoshotbmfloat.cpp:10->C:\scratch\2024.1\hls_product\545\2024.1\src\shared\hls\clib\hlsmath\src\c++\sincoshotbmfloat.cpp:42->pedal_c.cpp:37) [113]  (1.388 ns)

 <State 15>: 9.941ns
The critical path consists of the following:
	'select' operation 23 bit ('empty_75', C:\scratch\2024.1\hls_product\545\2024.1\src\shared\hls\clib/src/hls\utils/x_hls_float_utils.h:292->C:\scratch\2024.1\hls_product\545\2024.1\src\shared\hls\clib/hlsmath/include/FloatingPoint\hls_hotbm.h:252->C:\scratch\2024.1\hls_product\545\2024.1\src\shared\hls\clib\hlsmath\src\common\hls_hotbm_float.cpp:123->C:\scratch\2024.1\hls_product\545\2024.1\src\shared\hls\clib\hlsmath\src\c++\sincoshotbmfloat.cpp:10->C:\scratch\2024.1\hls_product\545\2024.1\src\shared\hls\clib\hlsmath\src\c++\sincoshotbmfloat.cpp:42->pedal_c.cpp:37) [124]  (0.000 ns)
	'select' operation 23 bit ('results.sig', C:\scratch\2024.1\hls_product\545\2024.1\src\shared\hls\clib/hlsmath/include/FloatingPoint\hls_hotbm.h:282->C:\scratch\2024.1\hls_product\545\2024.1\src\shared\hls\clib\hlsmath\src\common\hls_hotbm_float.cpp:123->C:\scratch\2024.1\hls_product\545\2024.1\src\shared\hls\clib\hlsmath\src\c++\sincoshotbmfloat.cpp:10->C:\scratch\2024.1\hls_product\545\2024.1\src\shared\hls\clib\hlsmath\src\c++\sincoshotbmfloat.cpp:42->pedal_c.cpp:37) [139]  (0.000 ns)
	'select' operation 23 bit ('results.sig', C:\scratch\2024.1\hls_product\545\2024.1\src\shared\hls\clib/hlsmath/include/FloatingPoint\hls_hotbm.h:271->C:\scratch\2024.1\hls_product\545\2024.1\src\shared\hls\clib\hlsmath\src\common\hls_hotbm_float.cpp:123->C:\scratch\2024.1\hls_product\545\2024.1\src\shared\hls\clib\hlsmath\src\c++\sincoshotbmfloat.cpp:10->C:\scratch\2024.1\hls_product\545\2024.1\src\shared\hls\clib\hlsmath\src\c++\sincoshotbmfloat.cpp:42->pedal_c.cpp:37) [142]  (0.332 ns)
	'fpext' operation 64 bit ('pf', pedal_c.cpp:37) [145]  (9.610 ns)

 <State 16>: 7.771ns
The critical path consists of the following:
	'sub' operation 12 bit ('sub_ln37_1', pedal_c.cpp:37) [158]  (0.809 ns)
	'add' operation 12 bit ('add_ln37_3', pedal_c.cpp:37) [183]  (0.809 ns)
	'icmp' operation 1 bit ('icmp_ln37_7', pedal_c.cpp:37) [184]  (0.809 ns)
	'select' operation 6 bit ('select_ln37_8', pedal_c.cpp:37) [187]  (0.000 ns)
	'lshr' operation 54 bit ('lshr_ln37_2', pedal_c.cpp:37) [189]  (0.736 ns)
	'and' operation 54 bit ('and_ln37_17', pedal_c.cpp:37) [190]  (0.000 ns)
	'icmp' operation 1 bit ('icmp_ln37_8', pedal_c.cpp:37) [191]  (1.099 ns)
	'and' operation 1 bit ('cond85_i', pedal_c.cpp:37) [192]  (0.000 ns)
	'or' operation 1 bit ('or_ln37', pedal_c.cpp:37) [195]  (0.000 ns)
	'and' operation 1 bit ('and_ln37', pedal_c.cpp:37) [196]  (0.287 ns)
	'add' operation 32 bit ('add_ln37_4', pedal_c.cpp:37) [198]  (1.016 ns)
	'sparsemux' operation 32 bit ('ref_tmp_i_i', pedal_c.cpp:37) [207]  (0.476 ns)
	'and' operation 1 bit ('and_ln37_2', pedal_c.cpp:37) [226]  (0.000 ns)
	'sparsemux' operation 1 bit ('neg_src_0_i', pedal_c.cpp:37) [255]  (0.427 ns)
	'and' operation 1 bit ('and_ln37_10', pedal_c.cpp:37) [263]  (0.000 ns)
	'or' operation 1 bit ('or_ln37_3', pedal_c.cpp:37) [264]  (0.000 ns)
	'and' operation 1 bit ('and_ln37_15', pedal_c.cpp:37) [267]  (0.000 ns)
	'and' operation 1 bit ('and_ln37_16', pedal_c.cpp:37) [268]  (0.000 ns)
	'sparsemux' operation 32 bit ('lfo', pedal_c.cpp:37) [270]  (0.000 ns)
	'add' operation 33 bit ('add_ln39', pedal_c.cpp:39) [272]  (1.016 ns)
	blocking operation 0.287 ns on control path)

 <State 17>: 8.432ns
The critical path consists of the following:
	'add' operation 63 bit ('add_ln39_1', pedal_c.cpp:39) [274]  (1.086 ns)
	'icmp' operation 1 bit ('icmp_ln39', pedal_c.cpp:39) [280]  (1.006 ns)
	'or' operation 1 bit ('or_ln39', pedal_c.cpp:39) [282]  (0.000 ns)
	'and' operation 1 bit ('and_ln39', pedal_c.cpp:39) [283]  (0.000 ns)
	'add' operation 32 bit ('mod', pedal_c.cpp:39) [285]  (1.006 ns)
	'select' operation 32 bit ('mod', pedal_c.cpp:39) [293]  (0.449 ns)
	'mul' operation 63 bit ('mul_ln40', pedal_c.cpp:40) [311]  (3.420 ns)
	'icmp' operation 1 bit ('icmp_ln40_2', pedal_c.cpp:40) [317]  (1.016 ns)
	'select' operation 32 bit ('select_ln40_2', pedal_c.cpp:40) [319]  (0.000 ns)
	'select' operation 32 bit ('ref_tmp_i_0', pedal_c.cpp:40) [320]  (0.449 ns)


============================================================
+ Verbose Summary: Binding
============================================================
N/A
* FSMD analyzer results:
  - Output states:
 - Input state : 
  - Chain level:
	State 1
	State 2
	State 3
	State 4
	State 5
	State 6
	State 7
	State 8
	State 9
	State 10
	State 11
	State 12
	State 13
	State 14
	State 15
	State 16
	State 17


============================================================
+ Verbose Summary: Datapath Resource usage 
============================================================
N/A
