

================================================================
== Vitis HLS Report for 'tremolo'
================================================================
* Date:           Wed Apr  8 16:18:55 2026

* Version:        2024.1 (Build 5069499 on May 21 2024)
* Project:        pedal
* Solution:       hls (Vivado IP Flow Target)
* Product family: zynquplus
* Target device:  xczu3eg-sfvc784-2-e


================================================================
== Performance Estimates
================================================================
+ Timing: 
    * Summary: 
    +--------+----------+-----------+------------+
    |  Clock |  Target  | Estimated | Uncertainty|
    +--------+----------+-----------+------------+
    |ap_clk  |  15.00 ns|  10.941 ns|     4.05 ns|
    +--------+----------+-----------+------------+

+ Latency: 
    * Summary: 
    +---------+---------+----------+----------+-----+-----+---------+
    |  Latency (cycles) |  Latency (absolute) |  Interval | Pipeline|
    |   min   |   max   |    min   |    max   | min | max |   Type  |
    +---------+---------+----------+----------+-----+-----+---------+
    |       16|       16|  0.240 us|  0.240 us|    1|    1|      yes|
    +---------+---------+----------+----------+-----+-----+---------+

    + Detail: 
        * Instance: 
        N/A

        * Loop: 
        N/A



================================================================
== Utilization Estimates
================================================================
* Summary: 
+-----------------+---------+-----+--------+-------+-----+
|       Name      | BRAM_18K| DSP |   FF   |  LUT  | URAM|
+-----------------+---------+-----+--------+-------+-----+
|DSP              |        -|    -|       -|      -|    -|
|Expression       |        -|    -|       0|   4023|    -|
|FIFO             |        -|    -|       -|      -|    -|
|Instance         |        -|   20|     128|    516|    -|
|Memory           |        -|    -|     168|    293|    -|
|Multiplexer      |        -|    -|       0|     14|    -|
|Register         |        -|    -|     837|    128|    -|
+-----------------+---------+-----+--------+-------+-----+
|Total            |        0|   20|    1133|   4974|    0|
+-----------------+---------+-----+--------+-------+-----+
|Available        |      432|  360|  141120|  70560|    0|
+-----------------+---------+-----+--------+-------+-----+
|Utilization (%)  |        0|    5|      ~0|      7|    0|
+-----------------+---------+-----+--------+-------+-----+

+ Detail: 
    * Instance: 
    +-----------------------------------+-------------------------------+---------+----+-----+-----+-----+
    |              Instance             |             Module            | BRAM_18K| DSP|  FF | LUT | URAM|
    +-----------------------------------+-------------------------------+---------+----+-----+-----+-----+
    |fdiv_32ns_32ns_32_7_no_dsp_1_U50   |fdiv_32ns_32ns_32_7_no_dsp_1   |        0|   0|    0|    0|    0|
    |fmul_32ns_32ns_32_2_max_dsp_1_U49  |fmul_32ns_32ns_32_2_max_dsp_1  |        0|   3|  128|  135|    0|
    |fpext_32ns_64_1_no_dsp_1_U52       |fpext_32ns_64_1_no_dsp_1       |        0|   0|    0|    0|    0|
    |mul_15ns_15ns_30_1_0_U60           |mul_15ns_15ns_30_1_0           |        0|   1|    0|    5|    0|
    |mul_15ns_15s_30_1_0_U61            |mul_15ns_15s_30_1_0            |        0|   1|    0|    5|    0|
    |mul_23s_22ns_45_1_0_U53            |mul_23s_22ns_45_1_0            |        0|   2|    0|   31|    0|
    |mul_30s_29ns_58_1_0_U54            |mul_30s_29ns_58_1_0            |        0|   4|    0|   25|    0|
    |mul_32s_32s_63_1_0_U55             |mul_32s_32s_63_1_0             |        0|   4|    0|   20|    0|
    |mul_80s_24ns_80_1_0_U56            |mul_80s_24ns_80_1_0            |        0|   5|    0|   90|    0|
    |sitofp_32ns_32_2_no_dsp_0_U51      |sitofp_32ns_32_2_no_dsp_0      |        0|   0|    0|    0|    0|
    |sparsemux_17_3_1_1_0_U57           |sparsemux_17_3_1_1_0           |        0|   0|    0|   43|    0|
    |sparsemux_33_4_1_1_0_U58           |sparsemux_33_4_1_1_0           |        0|   0|    0|   65|    0|
    |sparsemux_33_4_1_1_0_U59           |sparsemux_33_4_1_1_0           |        0|   0|    0|   65|    0|
    |sparsemux_7_2_1_1_0_U63            |sparsemux_7_2_1_1_0            |        0|   0|    0|    9|    0|
    |sparsemux_7_2_32_1_0_U64           |sparsemux_7_2_32_1_0           |        0|   0|    0|    9|    0|
    |sparsemux_9_3_32_1_0_U62           |sparsemux_9_3_32_1_0           |        0|   0|    0|   14|    0|
    +-----------------------------------+-------------------------------+---------+----+-----+-----+-----+
    |Total                              |                               |        0|  20|  128|  516|    0|
    +-----------------------------------+-------------------------------+---------+----+-----+-----+-----+

    * DSP: 
    N/A

    * Memory: 
    +---------------------------------+--------------------------------------------------------+---------+-----+-----+-----+------+-----+------+-------------+
    |              Memory             |                         Module                         | BRAM_18K|  FF | LUT | URAM| Words| Bits| Banks| W*Bits*Banks|
    +---------------------------------+--------------------------------------------------------+---------+-----+-----+-----+------+-----+------+-------------+
    |ref_4oPi_table_100_U             |tremolo_ref_4oPi_table_100_ROM_1P_LUTRAM_1R             |        0|  100|   21|    0|    13|  100|     1|         1300|
    |second_order_float_sin_cos_K0_U  |tremolo_second_order_float_sin_cos_K0_ROM_1P_LUTRAM_1R  |        0|   30|  120|    0|   256|   30|     1|         7680|
    |second_order_float_sin_cos_K1_U  |tremolo_second_order_float_sin_cos_K1_ROM_1P_LUTRAM_1R  |        0|   23|   92|    0|   256|   23|     1|         5888|
    |second_order_float_sin_cos_K2_U  |tremolo_second_order_float_sin_cos_K2_ROM_1P_LUTRAM_1R  |        0|   15|   60|    0|   256|   15|     1|         3840|
    +---------------------------------+--------------------------------------------------------+---------+-----+-----+-----+------+-----+------+-------------+
    |Total                            |                                                        |        0|  168|  293|    0|   781|  168|     4|        18708|
    +---------------------------------+--------------------------------------------------------+---------+-----+-----+-----+------+-----+------+-------------+

    * FIFO: 
    N/A

    * Expression: 
    +---------------------------------+----------+----+---+-----+------------+------------+
    |          Variable Name          | Operation| DSP| FF| LUT | Bitwidth P0| Bitwidth P1|
    +---------------------------------+----------+----+---+-----+------------+------------+
    |Ex_fu_592_p2                     |         +|   0|  0|   15|           8|           8|
    |add_ln300_fu_1339_p2             |         +|   0|  0|   16|           9|           7|
    |add_ln32_1_fu_1193_p2            |         +|   0|  0|   30|          30|          30|
    |add_ln32_fu_1183_p2              |         +|   0|  0|   30|          30|          30|
    |add_ln376_fu_559_p2              |         +|   0|  0|   15|           8|           7|
    |add_ln37_1_fu_1549_p2            |         +|   0|  0|   19|          12|           6|
    |add_ln37_2_fu_1644_p2            |         +|   0|  0|   19|          12|           6|
    |add_ln37_3_fu_1681_p2            |         +|   0|  0|   19|          12|           6|
    |add_ln37_4_fu_1767_p2            |         +|   0|  0|   39|          32|          32|
    |add_ln37_5_fu_1875_p2            |         +|   0|  0|   17|          12|          12|
    |add_ln37_6_fu_1897_p2            |         +|   0|  0|   19|          12|           5|
    |add_ln37_7_fu_1907_p2            |         +|   0|  0|   19|          12|           5|
    |add_ln37_fu_1498_p2              |         +|   0|  0|   17|          12|          11|
    |add_ln39_1_fu_2303_p2            |         +|   0|  0|   70|          63|          48|
    |add_ln39_fu_2290_p2              |         +|   0|  0|   40|          33|          17|
    |add_ln40_fu_2476_p2              |         +|   0|  0|   39|          32|           1|
    |mod_1_fu_2373_p2                 |         +|   0|  0|   39|          32|          32|
    |shift_1_fu_1315_p2               |         +|   0|  0|   39|          32|           5|
    |Ex_1_fu_757_p2                   |         -|   0|  0|   15|           8|           8|
    |Mx_bits_1_fu_667_p2              |         -|   0|  0|   65|           1|          58|
    |newexp_fu_1349_p2                |         -|   0|  0|   39|          32|          32|
    |sub_ln37_1_fu_1533_p2            |         -|   0|  0|   19|          11|          12|
    |sub_ln37_2_fu_1559_p2            |         -|   0|  0|   18|           5|          11|
    |sub_ln37_3_fu_1697_p2            |         -|   0|  0|   13|           5|           6|
    |sub_ln37_fu_1515_p2              |         -|   0|  0|   61|           1|          54|
    |sub_ln506_fu_1010_p2             |         -|   0|  0|   15|           1|           8|
    |and_ln271_fu_980_p2              |       and|   0|  0|    2|           1|           1|
    |and_ln37_10_fu_2220_p2           |       and|   0|  0|    2|           1|           1|
    |and_ln37_11_fu_1815_p2           |       and|   0|  0|    2|           1|           1|
    |and_ln37_12_fu_1855_p2           |       and|   0|  0|    2|           1|           1|
    |and_ln37_13_fu_2146_p2           |       and|   0|  0|    2|           1|           1|
    |and_ln37_14_fu_2185_p2           |       and|   0|  0|    2|           1|           1|
    |and_ln37_15_fu_2246_p2           |       and|   0|  0|    2|           1|           1|
    |and_ln37_16_fu_2252_p2           |       and|   0|  0|    2|           1|           1|
    |and_ln37_17_fu_1721_p2           |       and|   0|  0|   54|          54|          54|
    |and_ln37_1_fu_1793_p2            |       and|   0|  0|    2|           1|           1|
    |and_ln37_3_fu_2026_p2            |       and|   0|  0|    2|           1|           1|
    |and_ln37_4_fu_2032_p2            |       and|   0|  0|    2|           1|           1|
    |and_ln37_5_fu_2050_p2            |       and|   0|  0|    2|           1|           1|
    |and_ln37_6_fu_2108_p2            |       and|   0|  0|    2|           1|           1|
    |and_ln37_7_fu_2122_p2            |       and|   0|  0|    2|           1|           1|
    |and_ln37_8_fu_2202_p2            |       and|   0|  0|    2|           1|           1|
    |and_ln37_9_fu_2208_p2            |       and|   0|  0|    2|           1|           1|
    |and_ln37_fu_1757_p2              |       and|   0|  0|    2|           1|           1|
    |and_ln39_1_fu_2417_p2            |       and|   0|  0|    2|           1|           1|
    |and_ln39_fu_2363_p2              |       and|   0|  0|    2|           1|           1|
    |and_ln40_1_fu_499_p2             |       and|   0|  0|    2|           1|           1|
    |and_ln40_fu_475_p2               |       and|   0|  0|    2|           1|           1|
    |carry_1_i_fu_1861_p2             |       and|   0|  0|    2|           1|           1|
    |cond85_i_fu_1733_p2              |       and|   0|  0|    2|           1|           1|
    |lD_0_i_fu_1955_p2                |       and|   0|  0|    2|           1|           1|
    |neg_src_0_i_fu_2159_p2           |       and|   0|  0|    2|           1|           1|
    |results_sign_1_fu_997_p2         |       and|   0|  0|    2|           1|           1|
    |ashr_ln37_fu_1604_p2             |      ashr|   0|  0|  159|          54|          54|
    |c_1_fu_1287_p3                   |      cttz|   0|  0|   46|          32|           0|
    |c_fu_1269_p3                     |      cttz|   0|  0|   46|          32|           0|
    |tmp_139_i_fu_721_p3              |      cttz|   0|  0|   46|          32|           0|
    |closepath_fu_553_p2              |      icmp|   0|  0|   15|           8|           7|
    |icmp_ln271_1_fu_975_p2           |      icmp|   0|  0|   30|          23|           1|
    |icmp_ln271_fu_970_p2             |      icmp|   0|  0|   15|           8|           1|
    |icmp_ln282_fu_986_p2             |      icmp|   0|  0|   15|           8|           2|
    |icmp_ln292_fu_1309_p2            |      icmp|   0|  0|   39|          32|           5|
    |icmp_ln306_fu_1363_p2            |      icmp|   0|  0|   36|          29|           1|
    |icmp_ln37_10_fu_1921_p2          |      icmp|   0|  0|   19|          12|           6|
    |icmp_ln37_11_fu_1809_p2          |      icmp|   0|  0|   15|           8|           1|
    |icmp_ln37_12_fu_1941_p2          |      icmp|   0|  0|   19|          12|           6|
    |icmp_ln37_13_fu_1961_p2          |      icmp|   0|  0|   19|          12|           6|
    |icmp_ln37_14_fu_1967_p2          |      icmp|   0|  0|   19|          12|           6|
    |icmp_ln37_15_fu_1998_p2          |      icmp|   0|  0|   61|          54|          54|
    |icmp_ln37_16_fu_1891_p2          |      icmp|   0|  0|   15|           8|           1|
    |icmp_ln37_17_fu_2044_p2          |      icmp|   0|  0|   61|          54|           1|
    |icmp_ln37_18_fu_2056_p2          |      icmp|   0|  0|   19|          12|           6|
    |icmp_ln37_1_fu_1543_p2           |      icmp|   0|  0|   19|          12|           5|
    |icmp_ln37_2_fu_1577_p2           |      icmp|   0|  0|   19|          12|           5|
    |icmp_ln37_3_fu_1587_p2           |      icmp|   0|  0|   18|          11|           6|
    |icmp_ln37_4_fu_1622_p2           |      icmp|   0|  0|   19|          12|           6|
    |icmp_ln37_6_fu_1675_p2           |      icmp|   0|  0|   19|          12|           5|
    |icmp_ln37_7_fu_1687_p2           |      icmp|   0|  0|   19|          12|           6|
    |icmp_ln37_8_fu_1727_p2           |      icmp|   0|  0|   61|          54|           1|
    |icmp_ln37_9_fu_1638_p2           |      icmp|   0|  0|   13|           6|           1|
    |icmp_ln37_fu_1528_p2             |      icmp|   0|  0|   70|          63|           1|
    |icmp_ln39_fu_2343_p2             |      icmp|   0|  0|   38|          31|           1|
    |icmp_ln40_1_fu_487_p2            |      icmp|   0|  0|   23|          16|           2|
    |icmp_ln40_2_fu_2470_p2           |      icmp|   0|  0|   39|          32|           1|
    |icmp_ln40_fu_457_p2              |      icmp|   0|  0|   23|          16|           1|
    |lshr_ln37_1_fu_1992_p2           |      lshr|   0|  0|  159|           2|          54|
    |lshr_ln37_2_fu_1715_p2           |      lshr|   0|  0|  159|           2|          54|
    |lshr_ln37_fu_1986_p2             |      lshr|   0|  0|  159|          54|          54|
    |lshr_ln506_fu_1028_p2            |      lshr|   0|  0|   96|          32|          32|
    |deleted_ones_0_i_fu_2140_p2      |        or|   0|  0|    2|           1|           1|
    |or_ln282_fu_1386_p2              |        or|   0|  0|    2|           1|           1|
    |or_ln306_fu_1369_p2              |        or|   0|  0|    2|           1|           1|
    |or_ln37_1_fu_2102_p2             |        or|   0|  0|    2|           1|           1|
    |or_ln37_2_fu_2191_p2             |        or|   0|  0|    2|           1|           1|
    |or_ln37_3_fu_2226_p2             |        or|   0|  0|    2|           1|           1|
    |or_ln37_fu_1751_p2               |        or|   0|  0|    2|           1|           1|
    |or_ln39_1_fu_2411_p2             |        or|   0|  0|    2|           1|           1|
    |or_ln39_2_fu_2393_p2             |        or|   0|  0|    2|           1|           1|
    |or_ln39_fu_2357_p2               |        or|   0|  0|    2|           1|           1|
    |or_ln40_1_fu_493_p2              |        or|   0|  0|    2|           1|           1|
    |or_ln40_2_fu_513_p2              |        or|   0|  0|    2|           1|           1|
    |or_ln40_fu_463_p2                |        or|   0|  0|    2|           1|           1|
    |Ex_2_fu_1117_p3                  |    select|   0|  0|    8|           1|           1|
    |Mx_1_fu_1111_p3                  |    select|   0|  0|   29|           1|           2|
    |Mx_bits_2_fu_673_p3              |    select|   0|  0|   57|           1|          58|
    |Range1_all_ones_2_i_fu_2078_p3   |    select|   0|  0|    2|           1|           1|
    |Range1_all_zeros_2_i_fu_2086_p3  |    select|   0|  0|    2|           1|           1|
    |Range2_all_ones_1_i_fu_2018_p3   |    select|   0|  0|    2|           1|           1|
    |addr_fu_565_p3                   |    select|   0|  0|    8|           1|           6|
    |cond189_i_fu_2114_p3             |    select|   0|  0|    2|           1|           1|
    |cond63_i_fu_1668_p3              |    select|   0|  0|    2|           1|           1|
    |empty_75_fu_1424_p3              |    select|   0|  0|   22|           1|          23|
    |k_1_fu_656_p3                    |    select|   0|  0|    3|           1|           1|
    |lfo_fu_2266_p4                   |    select|   0|  0|   32|           1|          31|
    |mod_2_fu_2423_p3                 |    select|   0|  0|   32|           1|          31|
    |ref_tmp_i_0_fu_2490_p3           |    select|   0|  0|   32|           1|          32|
    |results_exp_1_fu_1399_p3         |    select|   0|  0|    8|           1|           1|
    |results_exp_fu_1391_p3           |    select|   0|  0|    8|           1|           8|
    |results_sig_1_fu_1445_p3         |    select|   0|  0|   22|           1|           1|
    |results_sig_fu_1438_p3           |    select|   0|  0|   22|           1|          23|
    |results_sign_2_fu_1003_p3        |    select|   0|  0|    2|           1|           1|
    |results_sign_fu_962_p3           |    select|   0|  0|    2|           1|           1|
    |select_ln282_2_fu_1431_p3        |    select|   0|  0|    2|           1|           2|
    |select_ln282_fu_1379_p3          |    select|   0|  0|    2|           1|           2|
    |select_ln37_1_fu_1565_p3         |    select|   0|  0|   10|           1|          11|
    |select_ln37_2_fu_1614_p3         |    select|   0|  0|   32|           1|          32|
    |select_ln37_3_fu_1593_p3         |    select|   0|  0|    2|           1|           2|
    |select_ln37_4_fu_2094_p3         |    select|   0|  0|    2|           1|           1|
    |select_ln37_6_fu_2062_p3         |    select|   0|  0|    2|           1|           1|
    |select_ln37_7_fu_2070_p3         |    select|   0|  0|    2|           1|           1|
    |select_ln37_8_fu_1703_p3         |    select|   0|  0|    6|           1|           1|
    |select_ln37_9_fu_1867_p3         |    select|   0|  0|    2|           1|           2|
    |select_ln37_fu_1521_p3           |    select|   0|  0|   52|           1|          54|
    |select_ln40_1_fu_519_p3          |    select|   0|  0|   32|           1|          32|
    |select_ln40_2_fu_2482_p3         |    select|   0|  0|   32|           1|          32|
    |select_ln40_fu_505_p3            |    select|   0|  0|   32|           1|          31|
    |select_ln453_fu_597_p3           |    select|   0|  0|    8|           1|           8|
    |select_ln506_1_fu_1040_p3        |    select|   0|  0|   32|           1|          32|
    |select_ln506_fu_1015_p3          |    select|   0|  0|    8|           1|           8|
    |shift_2_fu_1331_p3               |    select|   0|  0|   32|           1|          32|
    |ref_tmp_i_i_fu_1831_p6           |       shl|   0|  0|   96|          32|          32|
    |shl_ln291_1_fu_1325_p2           |       shl|   0|  0|   96|          32|          32|
    |shl_ln291_fu_1299_p2             |       shl|   0|  0|   96|          32|          32|
    |shl_ln379_fu_614_p2              |       shl|   0|  0|  325|         100|         100|
    |shl_ln504_fu_737_p2              |       shl|   0|  0|  166|          58|          58|
    |shl_ln506_fu_1034_p2             |       shl|   0|  0|   96|          32|          32|
    |neg_src_0_i_fu_2159_p4           |       xor|   0|  0|    2|           2|           1|
    |not_icmp_ln37_1062_fu_2134_p2    |       xor|   0|  0|    2|           1|           2|
    |sin_basis_fu_1091_p2             |       xor|   0|  0|    2|           1|           2|
    |xor_ln282_fu_991_p2              |       xor|   0|  0|    2|           1|           2|
    |xor_ln37_1_fu_2038_p2            |       xor|   0|  0|    2|           1|           2|
    |xor_ln37_2_fu_1787_p2            |       xor|   0|  0|    2|           1|           2|
    |xor_ln37_4_fu_2179_p2            |       xor|   0|  0|    2|           1|           2|
    |xor_ln37_5_fu_2197_p2            |       xor|   0|  0|    2|           1|           2|
    |xor_ln37_6_fu_2214_p2            |       xor|   0|  0|    2|           2|           1|
    |xor_ln37_7_fu_2240_p2            |       xor|   0|  0|    2|           1|           2|
    |xor_ln37_8_fu_1935_p2            |       xor|   0|  0|    2|           1|           2|
    |xor_ln37_9_fu_2012_p2            |       xor|   0|  0|    2|           1|           2|
    |xor_ln37_fu_1781_p2              |       xor|   0|  0|    2|           1|           2|
    |xor_ln39_1_fu_2399_p2            |       xor|   0|  0|    2|           1|           1|
    |xor_ln39_2_fu_2405_p2            |       xor|   0|  0|    2|           1|           2|
    |xor_ln39_fu_2387_p2              |       xor|   0|  0|    2|           1|           2|
    |xor_ln40_1_fu_481_p2             |       xor|   0|  0|    2|           1|           2|
    |xor_ln40_fu_469_p2               |       xor|   0|  0|    2|           1|           2|
    +---------------------------------+----------+----+---+-----+------------+------------+
    |Total                            |          |   0|  0| 4023|        1715|        1771|
    +---------------------------------+----------+----+---+-----+------------+------------+

    * Multiplexer: 
    +-----------+----+-----------+-----+-----------+
    |    Name   | LUT| Input Size| Bits| Total Bits|
    +-----------+----+-----------+-----+-----------+
    |ap_return  |  14|          3|   32|         96|
    +-----------+----+-----------+-----+-----------+
    |Total      |  14|          3|   32|         96|
    +-----------+----+-----------+-----+-----------+

    * Register: 
    +-----------------------------------+----+----+-----+-----------+
    |                Name               | FF | LUT| Bits| Const Bits|
    +-----------------------------------+----+----+-----+-----------+
    |B_reg_2597                         |  22|   0|   22|          0|
    |B_squared_reg_2602                 |  15|   0|   15|          0|
    |Ex_1_reg_2559                      |   8|   0|    8|          0|
    |Ex_1_reg_2559_pp0_iter12_reg       |   8|   0|    8|          0|
    |Mx_reg_2553                        |  29|   0|   29|          0|
    |Mx_reg_2553_pp0_iter12_reg         |  29|   0|   29|          0|
    |add_ln39_reg_2672                  |  33|   0|   33|          0|
    |and_ln271_reg_2579                 |   1|   0|    1|          0|
    |ap_ce_reg                          |   1|   0|    1|          0|
    |ap_return_int_reg                  |  32|   0|   32|          0|
    |closepath_reg_2537                 |   1|   0|    1|          0|
    |conv1_reg_2508                     |  32|   0|   32|          0|
    |cos_basis_reg_2572                 |   1|   0|    1|          0|
    |cos_basis_reg_2572_pp0_iter12_reg  |   1|   0|    1|          0|
    |count_int_reg                      |  32|   0|   32|          0|
    |data_int_reg                       |  32|   0|   32|          0|
    |din_exp_reg_2524                   |   8|   0|    8|          0|
    |din_sig_reg_2531                   |  23|   0|   23|          0|
    |din_sign_reg_2518                  |   1|   0|    1|          0|
    |div_reg_2513                       |  32|   0|   32|          0|
    |icmp_ln282_reg_2585                |   1|   0|    1|          0|
    |icmp_ln292_reg_2627                |   1|   0|    1|          0|
    |or_ln282_reg_2637                  |   1|   0|    1|          0|
    |results_exp_1_reg_2642             |   8|   0|    8|          0|
    |results_sign_2_reg_2592            |   1|   0|    1|          0|
    |select_ln40_1_reg_2503             |  32|   0|   32|          0|
    |shl_ln291_1_reg_2632               |  32|   0|   32|          0|
    |shl_ln291_reg_2622                 |  32|   0|   32|          0|
    |tmp_1_reg_2662                     |  11|   0|   11|          0|
    |tmp_2_reg_2566                     |   1|   0|    1|          0|
    |tmp_4_reg_2652                     |   1|   0|    1|          0|
    |trunc_ln379_reg_2548               |   4|   0|    4|          0|
    |trunc_ln37_1_reg_2667              |  52|   0|   52|          0|
    |trunc_ln37_reg_2647                |  63|   0|   63|          0|
    |and_ln271_reg_2579                 |  64|  32|    1|          0|
    |icmp_ln282_reg_2585                |  64|  32|    1|          0|
    |results_sign_2_reg_2592            |  64|  32|    1|          0|
    |select_ln40_1_reg_2503             |  64|  32|   32|          0|
    +-----------------------------------+----+----+-----+-----------+
    |Total                              | 837| 128|  616|          0|
    +-----------------------------------+----+----+-----+-----------+



================================================================
== Interface
================================================================
* Summary: 
+-----------+-----+-----+------------+--------------+--------------+
| RTL Ports | Dir | Bits|  Protocol  | Source Object|    C Type    |
+-----------+-----+-----+------------+--------------+--------------+
|ap_clk     |   in|    1|  ap_ctrl_hs|       tremolo|  return value|
|ap_rst     |   in|    1|  ap_ctrl_hs|       tremolo|  return value|
|ap_return  |  out|   32|  ap_ctrl_hs|       tremolo|  return value|
|ap_ce      |   in|    1|  ap_ctrl_hs|       tremolo|  return value|
|data       |   in|   32|     ap_none|          data|        scalar|
|count      |   in|   32|     ap_none|         count|        scalar|
+-----------+-----+-----+------------+--------------+--------------+

============================================================
+ Verbose Summary: Synthesis Manager
============================================================
InlineROM: 1
ExposeGlobal: 0
============================================================
+ Verbose Summary: CDFG Model
============================================================
IsTopModel: 0
ResetActiveHigh: 1
IsCombinational: 2
IsDatapathOnly: 1
HasWiredReturn: 1
HasMFsm: 2
HasVarLatency: 0
IsPipeline: 1
IsRtlPipelined: 1
IsInstanceOverlapped: 0
IsDontTouch: 0
HasImplIP: 0
IsGatedGlobalClock: 0

+ Individual pipeline summary: 
  * Pipeline-0: initiation interval (II) = 1, depth = 17


============================================================
+ Verbose Summary: Schedule
============================================================
* Number of FSM states : 17
* Pipeline : 1
  Pipeline-0 : II = 1, D = 17, States = { 1 2 3 4 5 6 7 8 9 10 11 12 13 14 15 16 17 }
* Dataflow Pipeline: 0

* FSM state transitions: 
1 --> 2 
2 --> 3 
3 --> 4 
4 --> 5 
5 --> 6 
6 --> 7 
7 --> 8 
8 --> 9 
9 --> 10 
10 --> 11 
11 --> 12 
12 --> 13 
13 --> 14 
14 --> 15 
15 --> 16 
16 --> 17 
17 --> 

* FSM state operations: 

State 1 <SV = 0> <Delay = 9.47>
ST_1 : Operation 18 [1/1] (0.00ns)   --->   "%count_read = read i32 @_ssdm_op_Read.ap_auto.i32, i32 %count" [pedal_c.cpp:37]   --->   Operation 18 'read' 'count_read' <Predicate = true> <Delay = 0.00>
ST_1 : Operation 19 [1/1] (0.00ns)   --->   "%data_read = read i32 @_ssdm_op_Read.ap_auto.i32, i32 %data" [pedal_c.cpp:37]   --->   Operation 19 'read' 'data_read' <Predicate = true> <Delay = 0.00>
ST_1 : Operation 20 [2/2] (9.47ns)   --->   "%conv1 = sitofp i32 %count_read" [pedal_c.cpp:37]   --->   Operation 20 'sitofp' 'conv1' <Predicate = true> <Delay = 9.47> <CoreInst = "Int2Float">   --->   Core 62 'Int2Float' <Latency = 1> <II = 1> <Delay = 9.47> <FuncUnit> <Opcode : 'uitofp' 'sitofp'> <InPorts = 1> <OutPorts = 1>
ST_1 : Operation 21 [1/1] (0.00ns)   --->   "%tmp_18 = bitselect i1 @_ssdm_op_BitSelect.i1.i32.i32, i32 %data_read, i32 31" [pedal_c.cpp:40]   --->   Operation 21 'bitselect' 'tmp_18' <Predicate = true> <Delay = 0.00>
ST_1 : Operation 22 [1/1] (0.00ns) (grouped into LUT with out node select_ln40_1)   --->   "%shl_ln40 = shl i32 %data_read, i32 16" [pedal_c.cpp:40]   --->   Operation 22 'shl' 'shl_ln40' <Predicate = true> <Delay = 0.00>
ST_1 : Operation 23 [1/1] (0.00ns)   --->   "%tmp_19 = bitselect i1 @_ssdm_op_BitSelect.i1.i32.i32, i32 %data_read, i32 15" [pedal_c.cpp:40]   --->   Operation 23 'bitselect' 'tmp_19' <Predicate = true> <Delay = 0.00>
ST_1 : Operation 24 [1/1] (0.00ns)   --->   "%tmp_20 = partselect i16 @_ssdm_op_PartSelect.i16.i32.i32.i32, i32 %data_read, i32 16, i32 31" [pedal_c.cpp:40]   --->   Operation 24 'partselect' 'tmp_20' <Predicate = true> <Delay = 0.00>
ST_1 : Operation 25 [1/1] (0.85ns)   --->   "%icmp_ln40 = icmp_ne  i16 %tmp_20, i16 0" [pedal_c.cpp:40]   --->   Operation 25 'icmp' 'icmp_ln40' <Predicate = true> <Delay = 0.85> <CoreInst = "Cmp">   --->   Core 9 'Cmp' <Latency = 0> <II = 1> <Delay = 0.85> <FuncUnit> <Opcode : 'seteq' 'setne' 'setle' 'setge' 'setlt' 'setgt'> <InPorts = 2> <OutPorts = 1>
ST_1 : Operation 26 [1/1] (0.00ns) (grouped into LUT with out node and_ln40)   --->   "%or_ln40 = or i1 %tmp_19, i1 %icmp_ln40" [pedal_c.cpp:40]   --->   Operation 26 'or' 'or_ln40' <Predicate = true> <Delay = 0.00> <CoreInst = "LogicGate">   --->   Core 74 'LogicGate' <Latency = 0> <II = 1> <Delay = 0.28> <FuncUnit> <Opcode : 'and' 'or' 'xor'> <InPorts = 2> <OutPorts = 1>
ST_1 : Operation 27 [1/1] (0.00ns) (grouped into LUT with out node and_ln40)   --->   "%xor_ln40 = xor i1 %tmp_18, i1 1" [pedal_c.cpp:40]   --->   Operation 27 'xor' 'xor_ln40' <Predicate = true> <Delay = 0.00> <CoreInst = "LogicGate">   --->   Core 74 'LogicGate' <Latency = 0> <II = 1> <Delay = 0.28> <FuncUnit> <Opcode : 'and' 'or' 'xor'> <InPorts = 2> <OutPorts = 1>
ST_1 : Operation 28 [1/1] (0.28ns) (out node of the LUT)   --->   "%and_ln40 = and i1 %or_ln40, i1 %xor_ln40" [pedal_c.cpp:40]   --->   Operation 28 'and' 'and_ln40' <Predicate = true> <Delay = 0.28> <CoreInst = "LogicGate">   --->   Core 74 'LogicGate' <Latency = 0> <II = 1> <Delay = 0.28> <FuncUnit> <Opcode : 'and' 'or' 'xor'> <InPorts = 2> <OutPorts = 1>
ST_1 : Operation 29 [1/1] (0.00ns) (grouped into LUT with out node select_ln40_1)   --->   "%xor_ln40_1 = xor i1 %tmp_19, i1 1" [pedal_c.cpp:40]   --->   Operation 29 'xor' 'xor_ln40_1' <Predicate = true> <Delay = 0.00> <CoreInst = "LogicGate">   --->   Core 74 'LogicGate' <Latency = 0> <II = 1> <Delay = 0.28> <FuncUnit> <Opcode : 'and' 'or' 'xor'> <InPorts = 2> <OutPorts = 1>
ST_1 : Operation 30 [1/1] (0.85ns)   --->   "%icmp_ln40_1 = icmp_ne  i16 %tmp_20, i16 65535" [pedal_c.cpp:40]   --->   Operation 30 'icmp' 'icmp_ln40_1' <Predicate = true> <Delay = 0.85> <CoreInst = "Cmp">   --->   Core 9 'Cmp' <Latency = 0> <II = 1> <Delay = 0.85> <FuncUnit> <Opcode : 'seteq' 'setne' 'setle' 'setge' 'setlt' 'setgt'> <InPorts = 2> <OutPorts = 1>
ST_1 : Operation 31 [1/1] (0.00ns) (grouped into LUT with out node select_ln40_1)   --->   "%or_ln40_1 = or i1 %icmp_ln40_1, i1 %xor_ln40_1" [pedal_c.cpp:40]   --->   Operation 31 'or' 'or_ln40_1' <Predicate = true> <Delay = 0.00> <CoreInst = "LogicGate">   --->   Core 74 'LogicGate' <Latency = 0> <II = 1> <Delay = 0.28> <FuncUnit> <Opcode : 'and' 'or' 'xor'> <InPorts = 2> <OutPorts = 1>
ST_1 : Operation 32 [1/1] (0.00ns) (grouped into LUT with out node select_ln40_1)   --->   "%and_ln40_1 = and i1 %or_ln40_1, i1 %tmp_18" [pedal_c.cpp:40]   --->   Operation 32 'and' 'and_ln40_1' <Predicate = true> <Delay = 0.00> <CoreInst = "LogicGate">   --->   Core 74 'LogicGate' <Latency = 0> <II = 1> <Delay = 0.28> <FuncUnit> <Opcode : 'and' 'or' 'xor'> <InPorts = 2> <OutPorts = 1>
ST_1 : Operation 33 [1/1] (0.00ns) (grouped into LUT with out node select_ln40_1)   --->   "%select_ln40 = select i1 %and_ln40, i32 2147483647, i32 2147483648" [pedal_c.cpp:40]   --->   Operation 33 'select' 'select_ln40' <Predicate = true> <Delay = 0.00> <CoreInst = "Sel">   --->   Core 73 'Sel' <Latency = 0> <II = 1> <Delay = 0.43> <FuncUnit> <Opcode : 'select'> <InPorts = 3> <OutPorts = 1>
ST_1 : Operation 34 [1/1] (0.00ns) (grouped into LUT with out node select_ln40_1)   --->   "%or_ln40_2 = or i1 %and_ln40, i1 %and_ln40_1" [pedal_c.cpp:40]   --->   Operation 34 'or' 'or_ln40_2' <Predicate = true> <Delay = 0.00> <CoreInst = "LogicGate">   --->   Core 74 'LogicGate' <Latency = 0> <II = 1> <Delay = 0.28> <FuncUnit> <Opcode : 'and' 'or' 'xor'> <InPorts = 2> <OutPorts = 1>
ST_1 : Operation 35 [1/1] (0.44ns) (out node of the LUT)   --->   "%select_ln40_1 = select i1 %or_ln40_2, i32 %select_ln40, i32 %shl_ln40" [pedal_c.cpp:40]   --->   Operation 35 'select' 'select_ln40_1' <Predicate = true> <Delay = 0.44> <CoreInst = "Sel">   --->   Core 73 'Sel' <Latency = 0> <II = 1> <Delay = 0.44> <FuncUnit> <Opcode : 'select'> <InPorts = 3> <OutPorts = 1>

State 2 <SV = 1> <Delay = 9.47>
ST_2 : Operation 36 [1/2] (9.47ns)   --->   "%conv1 = sitofp i32 %count_read" [pedal_c.cpp:37]   --->   Operation 36 'sitofp' 'conv1' <Predicate = true> <Delay = 9.47> <CoreInst = "Int2Float">   --->   Core 62 'Int2Float' <Latency = 1> <II = 1> <Delay = 9.47> <FuncUnit> <Opcode : 'uitofp' 'sitofp'> <InPorts = 1> <OutPorts = 1>

State 3 <SV = 2> <Delay = 9.66>
ST_3 : Operation 37 [7/7] (9.66ns)   --->   "%div = fdiv i32 %conv1, i32 44100" [pedal_c.cpp:37]   --->   Operation 37 'fdiv' 'div' <Predicate = true> <Delay = 9.66> <CoreInst = "FDiv">   --->   Core 20 'FDiv' <Latency = 6> <II = 1> <Delay = 9.66> <FuncUnit> <Opcode : 'fdiv' 'frem'> <InPorts = 2> <OutPorts = 1>

State 4 <SV = 3> <Delay = 9.66>
ST_4 : Operation 38 [6/7] (9.66ns)   --->   "%div = fdiv i32 %conv1, i32 44100" [pedal_c.cpp:37]   --->   Operation 38 'fdiv' 'div' <Predicate = true> <Delay = 9.66> <CoreInst = "FDiv">   --->   Core 20 'FDiv' <Latency = 6> <II = 1> <Delay = 9.66> <FuncUnit> <Opcode : 'fdiv' 'frem'> <InPorts = 2> <OutPorts = 1>

State 5 <SV = 4> <Delay = 9.66>
ST_5 : Operation 39 [5/7] (9.66ns)   --->   "%div = fdiv i32 %conv1, i32 44100" [pedal_c.cpp:37]   --->   Operation 39 'fdiv' 'div' <Predicate = true> <Delay = 9.66> <CoreInst = "FDiv">   --->   Core 20 'FDiv' <Latency = 6> <II = 1> <Delay = 9.66> <FuncUnit> <Opcode : 'fdiv' 'frem'> <InPorts = 2> <OutPorts = 1>

State 6 <SV = 5> <Delay = 9.66>
ST_6 : Operation 40 [4/7] (9.66ns)   --->   "%div = fdiv i32 %conv1, i32 44100" [pedal_c.cpp:37]   --->   Operation 40 'fdiv' 'div' <Predicate = true> <Delay = 9.66> <CoreInst = "FDiv">   --->   Core 20 'FDiv' <Latency = 6> <II = 1> <Delay = 9.66> <FuncUnit> <Opcode : 'fdiv' 'frem'> <InPorts = 2> <OutPorts = 1>

State 7 <SV = 6> <Delay = 9.66>
ST_7 : Operation 41 [3/7] (9.66ns)   --->   "%div = fdiv i32 %conv1, i32 44100" [pedal_c.cpp:37]   --->   Operation 41 'fdiv' 'div' <Predicate = true> <Delay = 9.66> <CoreInst = "FDiv">   --->   Core 20 'FDiv' <Latency = 6> <II = 1> <Delay = 9.66> <FuncUnit> <Opcode : 'fdiv' 'frem'> <InPorts = 2> <OutPorts = 1>

State 8 <SV = 7> <Delay = 9.66>
ST_8 : Operation 42 [2/7] (9.66ns)   --->   "%div = fdiv i32 %conv1, i32 44100" [pedal_c.cpp:37]   --->   Operation 42 'fdiv' 'div' <Predicate = true> <Delay = 9.66> <CoreInst = "FDiv">   --->   Core 20 'FDiv' <Latency = 6> <II = 1> <Delay = 9.66> <FuncUnit> <Opcode : 'fdiv' 'frem'> <InPorts = 2> <OutPorts = 1>

State 9 <SV = 8> <Delay = 9.66>
ST_9 : Operation 43 [1/7] (9.66ns)   --->   "%div = fdiv i32 %conv1, i32 44100" [pedal_c.cpp:37]   --->   Operation 43 'fdiv' 'div' <Predicate = true> <Delay = 9.66> <CoreInst = "FDiv">   --->   Core 20 'FDiv' <Latency = 6> <II = 1> <Delay = 9.66> <FuncUnit> <Opcode : 'fdiv' 'frem'> <InPorts = 2> <OutPorts = 1>

State 10 <SV = 9> <Delay = 8.41>
ST_10 : Operation 44 [2/2] (8.41ns)   --->   "%x_assign = fmul i32 %div, i32 31.4159" [pedal_c.cpp:37]   --->   Operation 44 'fmul' 'x_assign' <Predicate = true> <Delay = 8.41> <CoreInst = "FMul_maxdsp">   --->   Core 30 'FMul_maxdsp' <Latency = 1> <II = 1> <Delay = 8.41> <FuncUnit> <Opcode : 'fmul'> <InPorts = 2> <OutPorts = 1>

State 11 <SV = 10> <Delay = 10.2>
ST_11 : Operation 45 [1/2] (8.41ns)   --->   "%x_assign = fmul i32 %div, i32 31.4159" [pedal_c.cpp:37]   --->   Operation 45 'fmul' 'x_assign' <Predicate = true> <Delay = 8.41> <CoreInst = "FMul_maxdsp">   --->   Core 30 'FMul_maxdsp' <Latency = 1> <II = 1> <Delay = 8.41> <FuncUnit> <Opcode : 'fmul'> <InPorts = 2> <OutPorts = 1>
ST_11 : Operation 46 [1/1] (0.00ns)   --->   "%data_1 = bitcast i32 %x_assign" [C:\scratch\2024.1\hls_product\545\2024.1\src\shared\hls\clib/src/hls\utils/x_hls_utils.h:288->C:\scratch\2024.1\hls_product\545\2024.1\src\shared\hls\clib/hlsmath/include/FloatingPoint\hls_hotbm.h:223->C:\scratch\2024.1\hls_product\545\2024.1\src\shared\hls\clib\hlsmath\src\common\hls_hotbm_float.cpp:123->C:\scratch\2024.1\hls_product\545\2024.1\src\shared\hls\clib\hlsmath\src\c++\sincoshotbmfloat.cpp:10->C:\scratch\2024.1\hls_product\545\2024.1\src\shared\hls\clib\hlsmath\src\c++\sincoshotbmfloat.cpp:42->pedal_c.cpp:37]   --->   Operation 46 'bitcast' 'data_1' <Predicate = true> <Delay = 0.00>
ST_11 : Operation 47 [1/1] (0.00ns)   --->   "%din_sign = bitselect i1 @_ssdm_op_BitSelect.i1.i32.i32, i32 %data_1, i32 31" [C:\scratch\2024.1\hls_product\545\2024.1\src\shared\hls\clib/src/hls\utils/x_hls_utils.h:294->C:\scratch\2024.1\hls_product\545\2024.1\src\shared\hls\clib/hlsmath/include/FloatingPoint\hls_hotbm.h:223->C:\scratch\2024.1\hls_product\545\2024.1\src\shared\hls\clib\hlsmath\src\common\hls_hotbm_float.cpp:123->C:\scratch\2024.1\hls_product\545\2024.1\src\shared\hls\clib\hlsmath\src\c++\sincoshotbmfloat.cpp:10->C:\scratch\2024.1\hls_product\545\2024.1\src\shared\hls\clib\hlsmath\src\c++\sincoshotbmfloat.cpp:42->pedal_c.cpp:37]   --->   Operation 47 'bitselect' 'din_sign' <Predicate = true> <Delay = 0.00>
ST_11 : Operation 48 [1/1] (0.00ns)   --->   "%din_exp = partselect i8 @_ssdm_op_PartSelect.i8.i32.i32.i32, i32 %data_1, i32 23, i32 30" [C:\scratch\2024.1\hls_product\545\2024.1\src\shared\hls\clib/src/hls\utils/x_hls_utils.h:295->C:\scratch\2024.1\hls_product\545\2024.1\src\shared\hls\clib/hlsmath/include/FloatingPoint\hls_hotbm.h:223->C:\scratch\2024.1\hls_product\545\2024.1\src\shared\hls\clib\hlsmath\src\common\hls_hotbm_float.cpp:123->C:\scratch\2024.1\hls_product\545\2024.1\src\shared\hls\clib\hlsmath\src\c++\sincoshotbmfloat.cpp:10->C:\scratch\2024.1\hls_product\545\2024.1\src\shared\hls\clib\hlsmath\src\c++\sincoshotbmfloat.cpp:42->pedal_c.cpp:37]   --->   Operation 48 'partselect' 'din_exp' <Predicate = true> <Delay = 0.00>
ST_11 : Operation 49 [1/1] (0.00ns)   --->   "%din_sig = trunc i32 %data_1" [C:\scratch\2024.1\hls_product\545\2024.1\src\shared\hls\clib/src/hls\utils/x_hls_utils.h:296->C:\scratch\2024.1\hls_product\545\2024.1\src\shared\hls\clib/hlsmath/include/FloatingPoint\hls_hotbm.h:223->C:\scratch\2024.1\hls_product\545\2024.1\src\shared\hls\clib\hlsmath\src\common\hls_hotbm_float.cpp:123->C:\scratch\2024.1\hls_product\545\2024.1\src\shared\hls\clib\hlsmath\src\c++\sincoshotbmfloat.cpp:10->C:\scratch\2024.1\hls_product\545\2024.1\src\shared\hls\clib\hlsmath\src\c++\sincoshotbmfloat.cpp:42->pedal_c.cpp:37]   --->   Operation 49 'trunc' 'din_sig' <Predicate = true> <Delay = 0.00>
ST_11 : Operation 50 [1/1] (0.76ns)   --->   "%closepath = icmp_ult  i8 %din_exp, i8 126" [C:\scratch\2024.1\hls_product\545\2024.1\src\shared\hls\clib/hlsmath/include/FloatingPoint/hls_range_redux.h:451->C:\scratch\2024.1\hls_product\545\2024.1\src\shared\hls\clib/hlsmath/include/FloatingPoint\hls_hotbm.h:239->C:\scratch\2024.1\hls_product\545\2024.1\src\shared\hls\clib\hlsmath\src\common\hls_hotbm_float.cpp:123->C:\scratch\2024.1\hls_product\545\2024.1\src\shared\hls\clib\hlsmath\src\c++\sincoshotbmfloat.cpp:10->C:\scratch\2024.1\hls_product\545\2024.1\src\shared\hls\clib\hlsmath\src\c++\sincoshotbmfloat.cpp:42->pedal_c.cpp:37]   --->   Operation 50 'icmp' 'closepath' <Predicate = true> <Delay = 0.76> <CoreInst = "Cmp">   --->   Core 9 'Cmp' <Latency = 0> <II = 1> <Delay = 0.76> <FuncUnit> <Opcode : 'seteq' 'setne' 'setle' 'setge' 'setlt' 'setgt'> <InPorts = 2> <OutPorts = 1>
ST_11 : Operation 51 [1/1] (0.76ns)   --->   "%add_ln376 = add i8 %din_exp, i8 194" [C:\scratch\2024.1\hls_product\545\2024.1\src\shared\hls\clib/hlsmath/include/FloatingPoint/hls_range_redux.h:376->C:\scratch\2024.1\hls_product\545\2024.1\src\shared\hls\clib/hlsmath/include/FloatingPoint/hls_range_redux.h:467->C:\scratch\2024.1\hls_product\545\2024.1\src\shared\hls\clib/hlsmath/include/FloatingPoint\hls_hotbm.h:239->C:\scratch\2024.1\hls_product\545\2024.1\src\shared\hls\clib\hlsmath\src\common\hls_hotbm_float.cpp:123->C:\scratch\2024.1\hls_product\545\2024.1\src\shared\hls\clib\hlsmath\src\c++\sincoshotbmfloat.cpp:10->C:\scratch\2024.1\hls_product\545\2024.1\src\shared\hls\clib\hlsmath\src\c++\sincoshotbmfloat.cpp:42->pedal_c.cpp:37]   --->   Operation 51 'add' 'add_ln376' <Predicate = true> <Delay = 0.76> <CoreInst = "Adder">   --->   Core 1 'Adder' <Latency = 0> <II = 1> <Delay = 0.76> <FuncUnit> <Opcode : 'add' 'sub'> <InPorts = 2> <OutPorts = 1>
ST_11 : Operation 52 [1/1] (0.39ns)   --->   "%addr = select i1 %closepath, i8 63, i8 %add_ln376" [C:\scratch\2024.1\hls_product\545\2024.1\src\shared\hls\clib/hlsmath/include/FloatingPoint/hls_range_redux.h:376->C:\scratch\2024.1\hls_product\545\2024.1\src\shared\hls\clib/hlsmath/include/FloatingPoint/hls_range_redux.h:467->C:\scratch\2024.1\hls_product\545\2024.1\src\shared\hls\clib/hlsmath/include/FloatingPoint\hls_hotbm.h:239->C:\scratch\2024.1\hls_product\545\2024.1\src\shared\hls\clib\hlsmath\src\common\hls_hotbm_float.cpp:123->C:\scratch\2024.1\hls_product\545\2024.1\src\shared\hls\clib\hlsmath\src\c++\sincoshotbmfloat.cpp:10->C:\scratch\2024.1\hls_product\545\2024.1\src\shared\hls\clib\hlsmath\src\c++\sincoshotbmfloat.cpp:42->pedal_c.cpp:37]   --->   Operation 52 'select' 'addr' <Predicate = true> <Delay = 0.39> <CoreInst = "Sel">   --->   Core 73 'Sel' <Latency = 0> <II = 1> <Delay = 0.39> <FuncUnit> <Opcode : 'select'> <InPorts = 3> <OutPorts = 1>
ST_11 : Operation 53 [1/1] (0.00ns)   --->   "%lshr_ln = partselect i4 @_ssdm_op_PartSelect.i4.i8.i32.i32, i8 %addr, i32 4, i32 7" [C:\scratch\2024.1\hls_product\545\2024.1\src\shared\hls\clib/hlsmath/include/FloatingPoint/hls_range_redux.h:378->C:\scratch\2024.1\hls_product\545\2024.1\src\shared\hls\clib/hlsmath/include/FloatingPoint/hls_range_redux.h:467->C:\scratch\2024.1\hls_product\545\2024.1\src\shared\hls\clib/hlsmath/include/FloatingPoint\hls_hotbm.h:239->C:\scratch\2024.1\hls_product\545\2024.1\src\shared\hls\clib\hlsmath\src\common\hls_hotbm_float.cpp:123->C:\scratch\2024.1\hls_product\545\2024.1\src\shared\hls\clib\hlsmath\src\c++\sincoshotbmfloat.cpp:10->C:\scratch\2024.1\hls_product\545\2024.1\src\shared\hls\clib\hlsmath\src\c++\sincoshotbmfloat.cpp:42->pedal_c.cpp:37]   --->   Operation 53 'partselect' 'lshr_ln' <Predicate = true> <Delay = 0.00>
ST_11 : Operation 54 [1/1] (0.00ns)   --->   "%zext_ln378 = zext i4 %lshr_ln" [C:\scratch\2024.1\hls_product\545\2024.1\src\shared\hls\clib/hlsmath/include/FloatingPoint/hls_range_redux.h:378->C:\scratch\2024.1\hls_product\545\2024.1\src\shared\hls\clib/hlsmath/include/FloatingPoint/hls_range_redux.h:467->C:\scratch\2024.1\hls_product\545\2024.1\src\shared\hls\clib/hlsmath/include/FloatingPoint\hls_hotbm.h:239->C:\scratch\2024.1\hls_product\545\2024.1\src\shared\hls\clib\hlsmath\src\common\hls_hotbm_float.cpp:123->C:\scratch\2024.1\hls_product\545\2024.1\src\shared\hls\clib\hlsmath\src\c++\sincoshotbmfloat.cpp:10->C:\scratch\2024.1\hls_product\545\2024.1\src\shared\hls\clib\hlsmath\src\c++\sincoshotbmfloat.cpp:42->pedal_c.cpp:37]   --->   Operation 54 'zext' 'zext_ln378' <Predicate = true> <Delay = 0.00>
ST_11 : Operation 55 [1/1] (0.00ns)   --->   "%ref_4oPi_table_100_addr = getelementptr i100 %ref_4oPi_table_100, i64 0, i64 %zext_ln378" [C:\scratch\2024.1\hls_product\545\2024.1\src\shared\hls\clib/hlsmath/include/FloatingPoint/hls_range_redux.h:378->C:\scratch\2024.1\hls_product\545\2024.1\src\shared\hls\clib/hlsmath/include/FloatingPoint/hls_range_redux.h:467->C:\scratch\2024.1\hls_product\545\2024.1\src\shared\hls\clib/hlsmath/include/FloatingPoint\hls_hotbm.h:239->C:\scratch\2024.1\hls_product\545\2024.1\src\shared\hls\clib\hlsmath\src\common\hls_hotbm_float.cpp:123->C:\scratch\2024.1\hls_product\545\2024.1\src\shared\hls\clib\hlsmath\src\c++\sincoshotbmfloat.cpp:10->C:\scratch\2024.1\hls_product\545\2024.1\src\shared\hls\clib\hlsmath\src\c++\sincoshotbmfloat.cpp:42->pedal_c.cpp:37]   --->   Operation 55 'getelementptr' 'ref_4oPi_table_100_addr' <Predicate = true> <Delay = 0.00>
ST_11 : Operation 56 [2/2] (0.67ns)   --->   "%table_100 = load i4 %ref_4oPi_table_100_addr" [C:\scratch\2024.1\hls_product\545\2024.1\src\shared\hls\clib/hlsmath/include/FloatingPoint/hls_range_redux.h:378->C:\scratch\2024.1\hls_product\545\2024.1\src\shared\hls\clib/hlsmath/include/FloatingPoint/hls_range_redux.h:467->C:\scratch\2024.1\hls_product\545\2024.1\src\shared\hls\clib/hlsmath/include/FloatingPoint\hls_hotbm.h:239->C:\scratch\2024.1\hls_product\545\2024.1\src\shared\hls\clib\hlsmath\src\common\hls_hotbm_float.cpp:123->C:\scratch\2024.1\hls_product\545\2024.1\src\shared\hls\clib\hlsmath\src\c++\sincoshotbmfloat.cpp:10->C:\scratch\2024.1\hls_product\545\2024.1\src\shared\hls\clib\hlsmath\src\c++\sincoshotbmfloat.cpp:42->pedal_c.cpp:37]   --->   Operation 56 'load' 'table_100' <Predicate = true> <Delay = 0.67> <CoreInst = "ROM_1P_LUTRAM">   --->   Core 102 'ROM_1P_LUTRAM' <Latency = 1> <II = 1> <Delay = 0.67> <Storage> <Opcode : 'load'> <Ports = 1> <Width = 100> <Depth = 13> <ROM>
ST_11 : Operation 57 [1/1] (0.00ns)   --->   "%trunc_ln379 = trunc i8 %addr" [C:\scratch\2024.1\hls_product\545\2024.1\src\shared\hls\clib/hlsmath/include/FloatingPoint/hls_range_redux.h:379->C:\scratch\2024.1\hls_product\545\2024.1\src\shared\hls\clib/hlsmath/include/FloatingPoint/hls_range_redux.h:467->C:\scratch\2024.1\hls_product\545\2024.1\src\shared\hls\clib/hlsmath/include/FloatingPoint\hls_hotbm.h:239->C:\scratch\2024.1\hls_product\545\2024.1\src\shared\hls\clib\hlsmath\src\common\hls_hotbm_float.cpp:123->C:\scratch\2024.1\hls_product\545\2024.1\src\shared\hls\clib\hlsmath\src\c++\sincoshotbmfloat.cpp:10->C:\scratch\2024.1\hls_product\545\2024.1\src\shared\hls\clib\hlsmath\src\c++\sincoshotbmfloat.cpp:42->pedal_c.cpp:37]   --->   Operation 57 'trunc' 'trunc_ln379' <Predicate = true> <Delay = 0.00>

State 12 <SV = 11> <Delay = 10.9>
ST_12 : Operation 58 [1/1] (0.76ns)   --->   "%Ex = add i8 %din_exp, i8 131" [C:\scratch\2024.1\hls_product\545\2024.1\src\shared\hls\clib/hlsmath/include/FloatingPoint/hls_range_redux.h:454->C:\scratch\2024.1\hls_product\545\2024.1\src\shared\hls\clib/hlsmath/include/FloatingPoint\hls_hotbm.h:239->C:\scratch\2024.1\hls_product\545\2024.1\src\shared\hls\clib\hlsmath\src\common\hls_hotbm_float.cpp:123->C:\scratch\2024.1\hls_product\545\2024.1\src\shared\hls\clib\hlsmath\src\c++\sincoshotbmfloat.cpp:10->C:\scratch\2024.1\hls_product\545\2024.1\src\shared\hls\clib\hlsmath\src\c++\sincoshotbmfloat.cpp:42->pedal_c.cpp:37]   --->   Operation 58 'add' 'Ex' <Predicate = (closepath)> <Delay = 0.76> <CoreInst = "Adder">   --->   Core 1 'Adder' <Latency = 0> <II = 1> <Delay = 0.76> <FuncUnit> <Opcode : 'add' 'sub'> <InPorts = 2> <OutPorts = 1>
ST_12 : Operation 59 [1/1] (0.00ns) (grouped into LUT with out node Ex_1)   --->   "%select_ln453 = select i1 %closepath, i8 %Ex, i8 0" [C:\scratch\2024.1\hls_product\545\2024.1\src\shared\hls\clib/hlsmath/include/FloatingPoint/hls_range_redux.h:453->C:\scratch\2024.1\hls_product\545\2024.1\src\shared\hls\clib/hlsmath/include/FloatingPoint\hls_hotbm.h:239->C:\scratch\2024.1\hls_product\545\2024.1\src\shared\hls\clib\hlsmath\src\common\hls_hotbm_float.cpp:123->C:\scratch\2024.1\hls_product\545\2024.1\src\shared\hls\clib\hlsmath\src\c++\sincoshotbmfloat.cpp:10->C:\scratch\2024.1\hls_product\545\2024.1\src\shared\hls\clib\hlsmath\src\c++\sincoshotbmfloat.cpp:42->pedal_c.cpp:37]   --->   Operation 59 'select' 'select_ln453' <Predicate = true> <Delay = 0.00> <CoreInst = "Sel">   --->   Core 73 'Sel' <Latency = 0> <II = 1> <Delay = 0.39> <FuncUnit> <Opcode : 'select'> <InPorts = 3> <OutPorts = 1>
ST_12 : Operation 60 [1/1] (0.00ns)   --->   "%X = bitconcatenate i24 @_ssdm_op_BitConcatenate.i24.i1.i23, i1 1, i23 %din_sig" [C:\scratch\2024.1\hls_product\545\2024.1\src\shared\hls\clib/hlsmath/include/FloatingPoint/hls_range_redux.h:468->C:\scratch\2024.1\hls_product\545\2024.1\src\shared\hls\clib/hlsmath/include/FloatingPoint\hls_hotbm.h:239->C:\scratch\2024.1\hls_product\545\2024.1\src\shared\hls\clib\hlsmath\src\common\hls_hotbm_float.cpp:123->C:\scratch\2024.1\hls_product\545\2024.1\src\shared\hls\clib\hlsmath\src\c++\sincoshotbmfloat.cpp:10->C:\scratch\2024.1\hls_product\545\2024.1\src\shared\hls\clib\hlsmath\src\c++\sincoshotbmfloat.cpp:42->pedal_c.cpp:37]   --->   Operation 60 'bitconcatenate' 'X' <Predicate = true> <Delay = 0.00>
ST_12 : Operation 61 [1/2] (0.67ns)   --->   "%table_100 = load i4 %ref_4oPi_table_100_addr" [C:\scratch\2024.1\hls_product\545\2024.1\src\shared\hls\clib/hlsmath/include/FloatingPoint/hls_range_redux.h:378->C:\scratch\2024.1\hls_product\545\2024.1\src\shared\hls\clib/hlsmath/include/FloatingPoint/hls_range_redux.h:467->C:\scratch\2024.1\hls_product\545\2024.1\src\shared\hls\clib/hlsmath/include/FloatingPoint\hls_hotbm.h:239->C:\scratch\2024.1\hls_product\545\2024.1\src\shared\hls\clib\hlsmath\src\common\hls_hotbm_float.cpp:123->C:\scratch\2024.1\hls_product\545\2024.1\src\shared\hls\clib\hlsmath\src\c++\sincoshotbmfloat.cpp:10->C:\scratch\2024.1\hls_product\545\2024.1\src\shared\hls\clib\hlsmath\src\c++\sincoshotbmfloat.cpp:42->pedal_c.cpp:37]   --->   Operation 61 'load' 'table_100' <Predicate = true> <Delay = 0.67> <CoreInst = "ROM_1P_LUTRAM">   --->   Core 102 'ROM_1P_LUTRAM' <Latency = 1> <II = 1> <Delay = 0.67> <Storage> <Opcode : 'load'> <Ports = 1> <Width = 100> <Depth = 13> <ROM>
ST_12 : Operation 62 [1/1] (0.00ns)   --->   "%zext_ln379 = zext i4 %trunc_ln379" [C:\scratch\2024.1\hls_product\545\2024.1\src\shared\hls\clib/hlsmath/include/FloatingPoint/hls_range_redux.h:379->C:\scratch\2024.1\hls_product\545\2024.1\src\shared\hls\clib/hlsmath/include/FloatingPoint/hls_range_redux.h:467->C:\scratch\2024.1\hls_product\545\2024.1\src\shared\hls\clib/hlsmath/include/FloatingPoint\hls_hotbm.h:239->C:\scratch\2024.1\hls_product\545\2024.1\src\shared\hls\clib\hlsmath\src\common\hls_hotbm_float.cpp:123->C:\scratch\2024.1\hls_product\545\2024.1\src\shared\hls\clib\hlsmath\src\c++\sincoshotbmfloat.cpp:10->C:\scratch\2024.1\hls_product\545\2024.1\src\shared\hls\clib\hlsmath\src\c++\sincoshotbmfloat.cpp:42->pedal_c.cpp:37]   --->   Operation 62 'zext' 'zext_ln379' <Predicate = true> <Delay = 0.00>
ST_12 : Operation 63 [1/1] (1.51ns)   --->   "%shl_ln379 = shl i100 %table_100, i100 %zext_ln379" [C:\scratch\2024.1\hls_product\545\2024.1\src\shared\hls\clib/hlsmath/include/FloatingPoint/hls_range_redux.h:379->C:\scratch\2024.1\hls_product\545\2024.1\src\shared\hls\clib/hlsmath/include/FloatingPoint/hls_range_redux.h:467->C:\scratch\2024.1\hls_product\545\2024.1\src\shared\hls\clib/hlsmath/include/FloatingPoint\hls_hotbm.h:239->C:\scratch\2024.1\hls_product\545\2024.1\src\shared\hls\clib\hlsmath\src\common\hls_hotbm_float.cpp:123->C:\scratch\2024.1\hls_product\545\2024.1\src\shared\hls\clib\hlsmath\src\c++\sincoshotbmfloat.cpp:10->C:\scratch\2024.1\hls_product\545\2024.1\src\shared\hls\clib\hlsmath\src\c++\sincoshotbmfloat.cpp:42->pedal_c.cpp:37]   --->   Operation 63 'shl' 'shl_ln379' <Predicate = true> <Delay = 1.51> <CoreInst = "Shifter">   --->   Core 75 'Shifter' <Latency = 0> <II = 1> <Delay = 1.51> <FuncUnit> <Opcode : 'shl' 'lshr' 'ashr'> <InPorts = 2> <OutPorts = 1>
ST_12 : Operation 64 [1/1] (0.00ns)   --->   "%Med = partselect i80 @_ssdm_op_PartSelect.i80.i100.i32.i32, i100 %shl_ln379, i32 20, i32 99" [C:\scratch\2024.1\hls_product\545\2024.1\src\shared\hls\clib/hlsmath/include/FloatingPoint/hls_range_redux.h:379->C:\scratch\2024.1\hls_product\545\2024.1\src\shared\hls\clib/hlsmath/include/FloatingPoint/hls_range_redux.h:467->C:\scratch\2024.1\hls_product\545\2024.1\src\shared\hls\clib/hlsmath/include/FloatingPoint\hls_hotbm.h:239->C:\scratch\2024.1\hls_product\545\2024.1\src\shared\hls\clib\hlsmath\src\common\hls_hotbm_float.cpp:123->C:\scratch\2024.1\hls_product\545\2024.1\src\shared\hls\clib\hlsmath\src\c++\sincoshotbmfloat.cpp:10->C:\scratch\2024.1\hls_product\545\2024.1\src\shared\hls\clib\hlsmath\src\c++\sincoshotbmfloat.cpp:42->pedal_c.cpp:37]   --->   Operation 64 'partselect' 'Med' <Predicate = true> <Delay = 0.00>
ST_12 : Operation 65 [1/1] (0.00ns)   --->   "%zext_ln468 = zext i24 %X" [C:\scratch\2024.1\hls_product\545\2024.1\src\shared\hls\clib/hlsmath/include/FloatingPoint/hls_range_redux.h:468->C:\scratch\2024.1\hls_product\545\2024.1\src\shared\hls\clib/hlsmath/include/FloatingPoint\hls_hotbm.h:239->C:\scratch\2024.1\hls_product\545\2024.1\src\shared\hls\clib\hlsmath\src\common\hls_hotbm_float.cpp:123->C:\scratch\2024.1\hls_product\545\2024.1\src\shared\hls\clib\hlsmath\src\c++\sincoshotbmfloat.cpp:10->C:\scratch\2024.1\hls_product\545\2024.1\src\shared\hls\clib\hlsmath\src\c++\sincoshotbmfloat.cpp:42->pedal_c.cpp:37]   --->   Operation 65 'zext' 'zext_ln468' <Predicate = true> <Delay = 0.00>
ST_12 : Operation 66 [1/1] (5.20ns)   --->   "%h = mul i80 %Med, i80 %zext_ln468" [C:\scratch\2024.1\hls_product\545\2024.1\src\shared\hls\clib/hlsmath/include/FloatingPoint/hls_range_redux.h:468->C:\scratch\2024.1\hls_product\545\2024.1\src\shared\hls\clib/hlsmath/include/FloatingPoint\hls_hotbm.h:239->C:\scratch\2024.1\hls_product\545\2024.1\src\shared\hls\clib\hlsmath\src\common\hls_hotbm_float.cpp:123->C:\scratch\2024.1\hls_product\545\2024.1\src\shared\hls\clib\hlsmath\src\c++\sincoshotbmfloat.cpp:10->C:\scratch\2024.1\hls_product\545\2024.1\src\shared\hls\clib\hlsmath\src\c++\sincoshotbmfloat.cpp:42->pedal_c.cpp:37]   --->   Operation 66 'mul' 'h' <Predicate = true> <Delay = 5.20> <CoreInst = "Multiplier">   --->   Core 3 'Multiplier' <Latency = 0> <II = 1> <Delay = 5.20> <FuncUnit> <Opcode : 'mul'> <InPorts = 2> <OutPorts = 1>
ST_12 : Operation 67 [1/1] (0.00ns)   --->   "%Mx_bits = partselect i58 @_ssdm_op_PartSelect.i58.i80.i32.i32, i80 %h, i32 19, i32 76" [C:\scratch\2024.1\hls_product\545\2024.1\src\shared\hls\clib/hlsmath/include/FloatingPoint/hls_range_redux.h:483->C:\scratch\2024.1\hls_product\545\2024.1\src\shared\hls\clib/hlsmath/include/FloatingPoint\hls_hotbm.h:239->C:\scratch\2024.1\hls_product\545\2024.1\src\shared\hls\clib\hlsmath\src\common\hls_hotbm_float.cpp:123->C:\scratch\2024.1\hls_product\545\2024.1\src\shared\hls\clib\hlsmath\src\c++\sincoshotbmfloat.cpp:10->C:\scratch\2024.1\hls_product\545\2024.1\src\shared\hls\clib\hlsmath\src\c++\sincoshotbmfloat.cpp:42->pedal_c.cpp:37]   --->   Operation 67 'partselect' 'Mx_bits' <Predicate = true> <Delay = 0.00>
ST_12 : Operation 68 [1/1] (0.00ns)   --->   "%k = partselect i3 @_ssdm_op_PartSelect.i3.i80.i32.i32, i80 %h, i32 77, i32 79" [C:\scratch\2024.1\hls_product\545\2024.1\src\shared\hls\clib/hlsmath/include/FloatingPoint/hls_range_redux.h:487->C:\scratch\2024.1\hls_product\545\2024.1\src\shared\hls\clib/hlsmath/include/FloatingPoint\hls_hotbm.h:239->C:\scratch\2024.1\hls_product\545\2024.1\src\shared\hls\clib\hlsmath\src\common\hls_hotbm_float.cpp:123->C:\scratch\2024.1\hls_product\545\2024.1\src\shared\hls\clib\hlsmath\src\c++\sincoshotbmfloat.cpp:10->C:\scratch\2024.1\hls_product\545\2024.1\src\shared\hls\clib\hlsmath\src\c++\sincoshotbmfloat.cpp:42->pedal_c.cpp:37]   --->   Operation 68 'partselect' 'k' <Predicate = (!closepath)> <Delay = 0.00>
ST_12 : Operation 69 [1/1] (0.20ns)   --->   "%k_1 = select i1 %closepath, i3 0, i3 %k" [C:\scratch\2024.1\hls_product\545\2024.1\src\shared\hls\clib/hlsmath/include/FloatingPoint/hls_range_redux.h:451->C:\scratch\2024.1\hls_product\545\2024.1\src\shared\hls\clib/hlsmath/include/FloatingPoint\hls_hotbm.h:239->C:\scratch\2024.1\hls_product\545\2024.1\src\shared\hls\clib\hlsmath\src\common\hls_hotbm_float.cpp:123->C:\scratch\2024.1\hls_product\545\2024.1\src\shared\hls\clib\hlsmath\src\c++\sincoshotbmfloat.cpp:10->C:\scratch\2024.1\hls_product\545\2024.1\src\shared\hls\clib\hlsmath\src\c++\sincoshotbmfloat.cpp:42->pedal_c.cpp:37]   --->   Operation 69 'select' 'k_1' <Predicate = true> <Delay = 0.20> <CoreInst = "Sel">   --->   Core 73 'Sel' <Latency = 0> <II = 1> <Delay = 0.20> <FuncUnit> <Opcode : 'select'> <InPorts = 3> <OutPorts = 1>
ST_12 : Operation 70 [1/1] (0.00ns)   --->   "%trunc_ln491 = trunc i3 %k_1" [C:\scratch\2024.1\hls_product\545\2024.1\src\shared\hls\clib/hlsmath/include/FloatingPoint/hls_range_redux.h:491->C:\scratch\2024.1\hls_product\545\2024.1\src\shared\hls\clib/hlsmath/include/FloatingPoint\hls_hotbm.h:239->C:\scratch\2024.1\hls_product\545\2024.1\src\shared\hls\clib\hlsmath\src\common\hls_hotbm_float.cpp:123->C:\scratch\2024.1\hls_product\545\2024.1\src\shared\hls\clib\hlsmath\src\c++\sincoshotbmfloat.cpp:10->C:\scratch\2024.1\hls_product\545\2024.1\src\shared\hls\clib\hlsmath\src\c++\sincoshotbmfloat.cpp:42->pedal_c.cpp:37]   --->   Operation 70 'trunc' 'trunc_ln491' <Predicate = true> <Delay = 0.00>
ST_12 : Operation 71 [1/1] (1.09ns)   --->   "%Mx_bits_1 = sub i58 0, i58 %Mx_bits" [C:\scratch\2024.1\hls_product\545\2024.1\src\shared\hls\clib/hlsmath/include/FloatingPoint/hls_range_redux.h:492->C:\scratch\2024.1\hls_product\545\2024.1\src\shared\hls\clib/hlsmath/include/FloatingPoint\hls_hotbm.h:239->C:\scratch\2024.1\hls_product\545\2024.1\src\shared\hls\clib\hlsmath\src\common\hls_hotbm_float.cpp:123->C:\scratch\2024.1\hls_product\545\2024.1\src\shared\hls\clib\hlsmath\src\c++\sincoshotbmfloat.cpp:10->C:\scratch\2024.1\hls_product\545\2024.1\src\shared\hls\clib\hlsmath\src\c++\sincoshotbmfloat.cpp:42->pedal_c.cpp:37]   --->   Operation 71 'sub' 'Mx_bits_1' <Predicate = true> <Delay = 1.09> <CoreInst = "Adder">   --->   Core 1 'Adder' <Latency = 0> <II = 1> <Delay = 1.09> <FuncUnit> <Opcode : 'add' 'sub'> <InPorts = 2> <OutPorts = 1>
ST_12 : Operation 72 [1/1] (0.37ns)   --->   "%Mx_bits_2 = select i1 %trunc_ln491, i58 %Mx_bits_1, i58 %Mx_bits" [C:\scratch\2024.1\hls_product\545\2024.1\src\shared\hls\clib/hlsmath/include/FloatingPoint/hls_range_redux.h:491->C:\scratch\2024.1\hls_product\545\2024.1\src\shared\hls\clib/hlsmath/include/FloatingPoint\hls_hotbm.h:239->C:\scratch\2024.1\hls_product\545\2024.1\src\shared\hls\clib\hlsmath\src\common\hls_hotbm_float.cpp:123->C:\scratch\2024.1\hls_product\545\2024.1\src\shared\hls\clib\hlsmath\src\c++\sincoshotbmfloat.cpp:10->C:\scratch\2024.1\hls_product\545\2024.1\src\shared\hls\clib\hlsmath\src\c++\sincoshotbmfloat.cpp:42->pedal_c.cpp:37]   --->   Operation 72 'select' 'Mx_bits_2' <Predicate = true> <Delay = 0.37> <CoreInst = "Sel">   --->   Core 73 'Sel' <Latency = 0> <II = 1> <Delay = 0.37> <FuncUnit> <Opcode : 'select'> <InPorts = 3> <OutPorts = 1>
ST_12 : Operation 73 [1/1] (0.00ns)   --->   "%tmp_136_i3 = partselect i29 @_ssdm_op_PartSelect.i29.i58.i32.i32, i58 %Mx_bits_2, i32 29, i32 57" [C:\scratch\2024.1\hls_product\545\2024.1\src\shared\hls\clib/hlsmath/include/FloatingPoint/hls_normalize.h:72->C:\scratch\2024.1\hls_product\545\2024.1\src\shared\hls\clib/hlsmath/include/FloatingPoint/hls_range_redux.h:495->C:\scratch\2024.1\hls_product\545\2024.1\src\shared\hls\clib/hlsmath/include/FloatingPoint\hls_hotbm.h:239->C:\scratch\2024.1\hls_product\545\2024.1\src\shared\hls\clib\hlsmath\src\common\hls_hotbm_float.cpp:123->C:\scratch\2024.1\hls_product\545\2024.1\src\shared\hls\clib\hlsmath\src\c++\sincoshotbmfloat.cpp:10->C:\scratch\2024.1\hls_product\545\2024.1\src\shared\hls\clib\hlsmath\src\c++\sincoshotbmfloat.cpp:42->pedal_c.cpp:37]   --->   Operation 73 'partselect' 'tmp_136_i3' <Predicate = true> <Delay = 0.00>
ST_12 : Operation 74 [1/1] (0.00ns)   --->   "%t = bitconcatenate i30 @_ssdm_op_BitConcatenate.i30.i29.i1, i29 %tmp_136_i3, i1 1" [C:\scratch\2024.1\hls_product\545\2024.1\src\shared\hls\clib/hlsmath/include/FloatingPoint/hls_normalize.h:73->C:\scratch\2024.1\hls_product\545\2024.1\src\shared\hls\clib/hlsmath/include/FloatingPoint/hls_range_redux.h:495->C:\scratch\2024.1\hls_product\545\2024.1\src\shared\hls\clib/hlsmath/include/FloatingPoint\hls_hotbm.h:239->C:\scratch\2024.1\hls_product\545\2024.1\src\shared\hls\clib\hlsmath\src\common\hls_hotbm_float.cpp:123->C:\scratch\2024.1\hls_product\545\2024.1\src\shared\hls\clib\hlsmath\src\c++\sincoshotbmfloat.cpp:10->C:\scratch\2024.1\hls_product\545\2024.1\src\shared\hls\clib\hlsmath\src\c++\sincoshotbmfloat.cpp:42->pedal_c.cpp:37]   --->   Operation 74 'bitconcatenate' 't' <Predicate = true> <Delay = 0.00>
ST_12 : Operation 75 [1/1] (0.00ns)   --->   "%tmp_137_i = partselect i30 @llvm.part.select.i30, i30 %t, i32 29, i32 0" [C:\scratch\2024.1\hls_product\545\2024.1\src\shared\hls\clib/hlsmath/include/FloatingPoint/hls_normalize.h:75->C:\scratch\2024.1\hls_product\545\2024.1\src\shared\hls\clib/hlsmath/include/FloatingPoint/hls_range_redux.h:495->C:\scratch\2024.1\hls_product\545\2024.1\src\shared\hls\clib/hlsmath/include/FloatingPoint\hls_hotbm.h:239->C:\scratch\2024.1\hls_product\545\2024.1\src\shared\hls\clib\hlsmath\src\common\hls_hotbm_float.cpp:123->C:\scratch\2024.1\hls_product\545\2024.1\src\shared\hls\clib\hlsmath\src\c++\sincoshotbmfloat.cpp:10->C:\scratch\2024.1\hls_product\545\2024.1\src\shared\hls\clib\hlsmath\src\c++\sincoshotbmfloat.cpp:42->pedal_c.cpp:37]   --->   Operation 75 'partselect' 'tmp_137_i' <Predicate = true> <Delay = 0.00>
ST_12 : Operation 76 [1/1] (0.00ns)   --->   "%tmp_138_i = bitconcatenate i31 @_ssdm_op_BitConcatenate.i31.i1.i30, i1 1, i30 %tmp_137_i" [C:\scratch\2024.1\hls_product\545\2024.1\src\shared\hls\clib/hlsmath/include/FloatingPoint/hls_normalize.h:75->C:\scratch\2024.1\hls_product\545\2024.1\src\shared\hls\clib/hlsmath/include/FloatingPoint/hls_range_redux.h:495->C:\scratch\2024.1\hls_product\545\2024.1\src\shared\hls\clib/hlsmath/include/FloatingPoint\hls_hotbm.h:239->C:\scratch\2024.1\hls_product\545\2024.1\src\shared\hls\clib\hlsmath\src\common\hls_hotbm_float.cpp:123->C:\scratch\2024.1\hls_product\545\2024.1\src\shared\hls\clib\hlsmath\src\c++\sincoshotbmfloat.cpp:10->C:\scratch\2024.1\hls_product\545\2024.1\src\shared\hls\clib\hlsmath\src\c++\sincoshotbmfloat.cpp:42->pedal_c.cpp:37]   --->   Operation 76 'bitconcatenate' 'tmp_138_i' <Predicate = true> <Delay = 0.00>
ST_12 : Operation 77 [1/1] (0.00ns)   --->   "%sext_ln75 = sext i31 %tmp_138_i" [C:\scratch\2024.1\hls_product\545\2024.1\src\shared\hls\clib/hlsmath/include/FloatingPoint/hls_normalize.h:75->C:\scratch\2024.1\hls_product\545\2024.1\src\shared\hls\clib/hlsmath/include/FloatingPoint/hls_range_redux.h:495->C:\scratch\2024.1\hls_product\545\2024.1\src\shared\hls\clib/hlsmath/include/FloatingPoint\hls_hotbm.h:239->C:\scratch\2024.1\hls_product\545\2024.1\src\shared\hls\clib\hlsmath\src\common\hls_hotbm_float.cpp:123->C:\scratch\2024.1\hls_product\545\2024.1\src\shared\hls\clib\hlsmath\src\c++\sincoshotbmfloat.cpp:10->C:\scratch\2024.1\hls_product\545\2024.1\src\shared\hls\clib\hlsmath\src\c++\sincoshotbmfloat.cpp:42->pedal_c.cpp:37]   --->   Operation 77 'sext' 'sext_ln75' <Predicate = true> <Delay = 0.00>
ST_12 : Operation 78 [1/1] (0.56ns)   --->   "%tmp_139_i = cttz i32 @llvm.cttz.i32, i32 %sext_ln75, i1 1" [C:\scratch\2024.1\hls_product\545\2024.1\src\shared\hls\clib/hlsmath/include/FloatingPoint/hls_normalize.h:75->C:\scratch\2024.1\hls_product\545\2024.1\src\shared\hls\clib/hlsmath/include/FloatingPoint/hls_range_redux.h:495->C:\scratch\2024.1\hls_product\545\2024.1\src\shared\hls\clib/hlsmath/include/FloatingPoint\hls_hotbm.h:239->C:\scratch\2024.1\hls_product\545\2024.1\src\shared\hls\clib\hlsmath\src\common\hls_hotbm_float.cpp:123->C:\scratch\2024.1\hls_product\545\2024.1\src\shared\hls\clib\hlsmath\src\c++\sincoshotbmfloat.cpp:10->C:\scratch\2024.1\hls_product\545\2024.1\src\shared\hls\clib\hlsmath\src\c++\sincoshotbmfloat.cpp:42->pedal_c.cpp:37]   --->   Operation 78 'cttz' 'tmp_139_i' <Predicate = true> <Delay = 0.56> <CoreInst = "cttz">   --->   Core 145 'cttz' <Latency = 0> <II = 1> <Delay = 0.56> <FuncUnit> <Opcode : 'cttz'> <InPorts = 1> <OutPorts = 1>
ST_12 : Operation 79 [1/1] (0.00ns)   --->   "%Mx_zeros = trunc i32 %tmp_139_i" [C:\scratch\2024.1\hls_product\545\2024.1\src\shared\hls\clib/hlsmath/include/FloatingPoint/hls_range_redux.h:495->C:\scratch\2024.1\hls_product\545\2024.1\src\shared\hls\clib/hlsmath/include/FloatingPoint\hls_hotbm.h:239->C:\scratch\2024.1\hls_product\545\2024.1\src\shared\hls\clib\hlsmath\src\common\hls_hotbm_float.cpp:123->C:\scratch\2024.1\hls_product\545\2024.1\src\shared\hls\clib\hlsmath\src\c++\sincoshotbmfloat.cpp:10->C:\scratch\2024.1\hls_product\545\2024.1\src\shared\hls\clib\hlsmath\src\c++\sincoshotbmfloat.cpp:42->pedal_c.cpp:37]   --->   Operation 79 'trunc' 'Mx_zeros' <Predicate = true> <Delay = 0.00>
ST_12 : Operation 80 [1/1] (0.00ns)   --->   "%zext_ln504 = zext i6 %Mx_zeros" [C:\scratch\2024.1\hls_product\545\2024.1\src\shared\hls\clib/hlsmath/include/FloatingPoint/hls_range_redux.h:504->C:\scratch\2024.1\hls_product\545\2024.1\src\shared\hls\clib/hlsmath/include/FloatingPoint\hls_hotbm.h:239->C:\scratch\2024.1\hls_product\545\2024.1\src\shared\hls\clib\hlsmath\src\common\hls_hotbm_float.cpp:123->C:\scratch\2024.1\hls_product\545\2024.1\src\shared\hls\clib\hlsmath\src\c++\sincoshotbmfloat.cpp:10->C:\scratch\2024.1\hls_product\545\2024.1\src\shared\hls\clib\hlsmath\src\c++\sincoshotbmfloat.cpp:42->pedal_c.cpp:37]   --->   Operation 80 'zext' 'zext_ln504' <Predicate = true> <Delay = 0.00>
ST_12 : Operation 81 [1/1] (1.51ns)   --->   "%shl_ln504 = shl i58 %Mx_bits_2, i58 %zext_ln504" [C:\scratch\2024.1\hls_product\545\2024.1\src\shared\hls\clib/hlsmath/include/FloatingPoint/hls_range_redux.h:504->C:\scratch\2024.1\hls_product\545\2024.1\src\shared\hls\clib/hlsmath/include/FloatingPoint\hls_hotbm.h:239->C:\scratch\2024.1\hls_product\545\2024.1\src\shared\hls\clib\hlsmath\src\common\hls_hotbm_float.cpp:123->C:\scratch\2024.1\hls_product\545\2024.1\src\shared\hls\clib\hlsmath\src\c++\sincoshotbmfloat.cpp:10->C:\scratch\2024.1\hls_product\545\2024.1\src\shared\hls\clib\hlsmath\src\c++\sincoshotbmfloat.cpp:42->pedal_c.cpp:37]   --->   Operation 81 'shl' 'shl_ln504' <Predicate = true> <Delay = 1.51> <CoreInst = "Shifter">   --->   Core 75 'Shifter' <Latency = 0> <II = 1> <Delay = 1.51> <FuncUnit> <Opcode : 'shl' 'lshr' 'ashr'> <InPorts = 2> <OutPorts = 1>
ST_12 : Operation 82 [1/1] (0.00ns)   --->   "%Mx = partselect i29 @_ssdm_op_PartSelect.i29.i58.i32.i32, i58 %shl_ln504, i32 29, i32 57" [C:\scratch\2024.1\hls_product\545\2024.1\src\shared\hls\clib/hlsmath/include/FloatingPoint/hls_range_redux.h:504->C:\scratch\2024.1\hls_product\545\2024.1\src\shared\hls\clib/hlsmath/include/FloatingPoint\hls_hotbm.h:239->C:\scratch\2024.1\hls_product\545\2024.1\src\shared\hls\clib\hlsmath\src\common\hls_hotbm_float.cpp:123->C:\scratch\2024.1\hls_product\545\2024.1\src\shared\hls\clib\hlsmath\src\c++\sincoshotbmfloat.cpp:10->C:\scratch\2024.1\hls_product\545\2024.1\src\shared\hls\clib\hlsmath\src\c++\sincoshotbmfloat.cpp:42->pedal_c.cpp:37]   --->   Operation 82 'partselect' 'Mx' <Predicate = true> <Delay = 0.00>
ST_12 : Operation 83 [1/1] (0.00ns) (grouped into LUT with out node Ex_1)   --->   "%zext_ln505 = zext i6 %Mx_zeros" [C:\scratch\2024.1\hls_product\545\2024.1\src\shared\hls\clib/hlsmath/include/FloatingPoint/hls_range_redux.h:505->C:\scratch\2024.1\hls_product\545\2024.1\src\shared\hls\clib/hlsmath/include/FloatingPoint\hls_hotbm.h:239->C:\scratch\2024.1\hls_product\545\2024.1\src\shared\hls\clib\hlsmath\src\common\hls_hotbm_float.cpp:123->C:\scratch\2024.1\hls_product\545\2024.1\src\shared\hls\clib\hlsmath\src\c++\sincoshotbmfloat.cpp:10->C:\scratch\2024.1\hls_product\545\2024.1\src\shared\hls\clib\hlsmath\src\c++\sincoshotbmfloat.cpp:42->pedal_c.cpp:37]   --->   Operation 83 'zext' 'zext_ln505' <Predicate = true> <Delay = 0.00>
ST_12 : Operation 84 [1/1] (0.76ns) (out node of the LUT)   --->   "%Ex_1 = sub i8 %select_ln453, i8 %zext_ln505" [C:\scratch\2024.1\hls_product\545\2024.1\src\shared\hls\clib/hlsmath/include/FloatingPoint/hls_range_redux.h:505->C:\scratch\2024.1\hls_product\545\2024.1\src\shared\hls\clib/hlsmath/include/FloatingPoint\hls_hotbm.h:239->C:\scratch\2024.1\hls_product\545\2024.1\src\shared\hls\clib\hlsmath\src\common\hls_hotbm_float.cpp:123->C:\scratch\2024.1\hls_product\545\2024.1\src\shared\hls\clib\hlsmath\src\c++\sincoshotbmfloat.cpp:10->C:\scratch\2024.1\hls_product\545\2024.1\src\shared\hls\clib\hlsmath\src\c++\sincoshotbmfloat.cpp:42->pedal_c.cpp:37]   --->   Operation 84 'sub' 'Ex_1' <Predicate = true> <Delay = 0.76> <CoreInst = "Adder">   --->   Core 1 'Adder' <Latency = 0> <II = 1> <Delay = 0.76> <FuncUnit> <Opcode : 'add' 'sub'> <InPorts = 2> <OutPorts = 1>
ST_12 : Operation 85 [1/1] (0.00ns)   --->   "%tmp_2 = bitselect i1 @_ssdm_op_BitSelect.i1.i8.i32, i8 %Ex_1, i32 7" [C:\scratch\2024.1\hls_product\545\2024.1\src\shared\hls\clib/hlsmath/include/FloatingPoint/hls_range_redux.h:506->C:\scratch\2024.1\hls_product\545\2024.1\src\shared\hls\clib/hlsmath/include/FloatingPoint\hls_hotbm.h:239->C:\scratch\2024.1\hls_product\545\2024.1\src\shared\hls\clib\hlsmath\src\common\hls_hotbm_float.cpp:123->C:\scratch\2024.1\hls_product\545\2024.1\src\shared\hls\clib\hlsmath\src\c++\sincoshotbmfloat.cpp:10->C:\scratch\2024.1\hls_product\545\2024.1\src\shared\hls\clib\hlsmath\src\c++\sincoshotbmfloat.cpp:42->pedal_c.cpp:37]   --->   Operation 85 'bitselect' 'tmp_2' <Predicate = true> <Delay = 0.00>
ST_12 : Operation 86 [1/1] (0.72ns)   --->   "%cos_basis = sparsemux i1 @_ssdm_op_SparseMux.ap_auto.8i1.i1.i3, i3 0, i1 0, i3 1, i1 1, i3 2, i1 1, i3 3, i1 0, i3 4, i1 0, i3 5, i1 1, i3 6, i1 1, i3 7, i1 0, i1 0, i3 %k_1" [C:\scratch\2024.1\hls_product\545\2024.1\src\shared\hls\clib/hlsmath/include/FloatingPoint\hls_hotbm.h:242->C:\scratch\2024.1\hls_product\545\2024.1\src\shared\hls\clib\hlsmath\src\common\hls_hotbm_float.cpp:123->C:\scratch\2024.1\hls_product\545\2024.1\src\shared\hls\clib\hlsmath\src\c++\sincoshotbmfloat.cpp:10->C:\scratch\2024.1\hls_product\545\2024.1\src\shared\hls\clib\hlsmath\src\c++\sincoshotbmfloat.cpp:42->pedal_c.cpp:37]   --->   Operation 86 'sparsemux' 'cos_basis' <Predicate = true> <Delay = 0.72> <CoreInst = "SparseMux">   --->   Core 144 'SparseMux' <Latency = 0> <II = 1> <Delay = 0.72> <FuncUnit> <Opcode : 'sparsemux'> <InPorts = 2> <OutPorts = 1>
ST_12 : Operation 87 [1/1] (0.00ns)   --->   "%index = bitconcatenate i4 @_ssdm_op_BitConcatenate.i4.i1.i3, i1 %din_sign, i3 %k_1" [C:\scratch\2024.1\hls_product\545\2024.1\src\shared\hls\clib/hlsmath/include/FloatingPoint\hls_hotbm.h:266->C:\scratch\2024.1\hls_product\545\2024.1\src\shared\hls\clib\hlsmath\src\common\hls_hotbm_float.cpp:123->C:\scratch\2024.1\hls_product\545\2024.1\src\shared\hls\clib\hlsmath\src\c++\sincoshotbmfloat.cpp:10->C:\scratch\2024.1\hls_product\545\2024.1\src\shared\hls\clib\hlsmath\src\c++\sincoshotbmfloat.cpp:42->pedal_c.cpp:37]   --->   Operation 87 'bitconcatenate' 'index' <Predicate = true> <Delay = 0.00>
ST_12 : Operation 88 [1/1] (0.00ns) (grouped into LUT with out node results_sign_2)   --->   "%tmp_145_i = sparsemux i1 @_ssdm_op_SparseMux.ap_auto.16i1.i1.i4, i4 0, i1 0, i4 1, i1 0, i4 2, i1 0, i4 3, i1 1, i4 4, i1 1, i4 5, i1 1, i4 6, i1 1, i4 7, i1 0, i4 8, i1 0, i4 9, i1 1, i4 10, i1 1, i4 11, i1 1, i4 12, i1 1, i4 13, i1 0, i4 14, i1 0, i4 15, i1 0, i1 0, i4 %index" [C:\scratch\2024.1\hls_product\545\2024.1\src\shared\hls\clib/hlsmath/include/FloatingPoint\hls_hotbm.h:267->C:\scratch\2024.1\hls_product\545\2024.1\src\shared\hls\clib\hlsmath\src\common\hls_hotbm_float.cpp:123->C:\scratch\2024.1\hls_product\545\2024.1\src\shared\hls\clib\hlsmath\src\c++\sincoshotbmfloat.cpp:10->C:\scratch\2024.1\hls_product\545\2024.1\src\shared\hls\clib\hlsmath\src\c++\sincoshotbmfloat.cpp:42->pedal_c.cpp:37]   --->   Operation 88 'sparsemux' 'tmp_145_i' <Predicate = true> <Delay = 0.00> <CoreInst = "SparseMux">   --->   Core 144 'SparseMux' <Latency = 0> <II = 1> <Delay = 0.48> <FuncUnit> <Opcode : 'sparsemux'> <InPorts = 2> <OutPorts = 1>
ST_12 : Operation 89 [1/1] (0.00ns) (grouped into LUT with out node results_sign_2)   --->   "%tmp_146_i = sparsemux i1 @_ssdm_op_SparseMux.ap_auto.16i1.i1.i4, i4 0, i1 0, i4 1, i1 0, i4 2, i1 1, i4 3, i1 0, i4 4, i1 1, i4 5, i1 1, i4 6, i1 0, i4 7, i1 1, i4 8, i1 1, i4 9, i1 0, i4 10, i1 1, i4 11, i1 1, i4 12, i1 0, i4 13, i1 1, i4 14, i1 0, i4 15, i1 0, i1 0, i4 %index" [C:\scratch\2024.1\hls_product\545\2024.1\src\shared\hls\clib/hlsmath/include/FloatingPoint\hls_hotbm.h:267->C:\scratch\2024.1\hls_product\545\2024.1\src\shared\hls\clib\hlsmath\src\common\hls_hotbm_float.cpp:123->C:\scratch\2024.1\hls_product\545\2024.1\src\shared\hls\clib\hlsmath\src\c++\sincoshotbmfloat.cpp:10->C:\scratch\2024.1\hls_product\545\2024.1\src\shared\hls\clib\hlsmath\src\c++\sincoshotbmfloat.cpp:42->pedal_c.cpp:37]   --->   Operation 89 'sparsemux' 'tmp_146_i' <Predicate = true> <Delay = 0.00> <CoreInst = "SparseMux">   --->   Core 144 'SparseMux' <Latency = 0> <II = 1> <Delay = 0.48> <FuncUnit> <Opcode : 'sparsemux'> <InPorts = 2> <OutPorts = 1>
ST_12 : Operation 90 [1/1] (0.00ns) (grouped into LUT with out node results_sign_2)   --->   "%results_sign = select i1 %cos_basis, i1 %tmp_145_i, i1 %tmp_146_i" [C:\scratch\2024.1\hls_product\545\2024.1\src\shared\hls\clib/hlsmath/include/FloatingPoint\hls_hotbm.h:242->C:\scratch\2024.1\hls_product\545\2024.1\src\shared\hls\clib\hlsmath\src\common\hls_hotbm_float.cpp:123->C:\scratch\2024.1\hls_product\545\2024.1\src\shared\hls\clib\hlsmath\src\c++\sincoshotbmfloat.cpp:10->C:\scratch\2024.1\hls_product\545\2024.1\src\shared\hls\clib\hlsmath\src\c++\sincoshotbmfloat.cpp:42->pedal_c.cpp:37]   --->   Operation 90 'select' 'results_sign' <Predicate = true> <Delay = 0.00> <CoreInst = "Sel">   --->   Core 73 'Sel' <Latency = 0> <II = 1> <Delay = 0.17> <FuncUnit> <Opcode : 'select'> <InPorts = 3> <OutPorts = 1>
ST_12 : Operation 91 [1/1] (0.76ns)   --->   "%icmp_ln271 = icmp_eq  i8 %din_exp, i8 0" [C:\scratch\2024.1\hls_product\545\2024.1\src\shared\hls\clib/hlsmath/include/FloatingPoint\hls_hotbm.h:271->C:\scratch\2024.1\hls_product\545\2024.1\src\shared\hls\clib\hlsmath\src\common\hls_hotbm_float.cpp:123->C:\scratch\2024.1\hls_product\545\2024.1\src\shared\hls\clib\hlsmath\src\c++\sincoshotbmfloat.cpp:10->C:\scratch\2024.1\hls_product\545\2024.1\src\shared\hls\clib\hlsmath\src\c++\sincoshotbmfloat.cpp:42->pedal_c.cpp:37]   --->   Operation 91 'icmp' 'icmp_ln271' <Predicate = true> <Delay = 0.76> <CoreInst = "Cmp">   --->   Core 9 'Cmp' <Latency = 0> <II = 1> <Delay = 0.76> <FuncUnit> <Opcode : 'seteq' 'setne' 'setle' 'setge' 'setlt' 'setgt'> <InPorts = 2> <OutPorts = 1>
ST_12 : Operation 92 [1/1] (0.92ns)   --->   "%icmp_ln271_1 = icmp_eq  i23 %din_sig, i23 0" [C:\scratch\2024.1\hls_product\545\2024.1\src\shared\hls\clib/hlsmath/include/FloatingPoint\hls_hotbm.h:271->C:\scratch\2024.1\hls_product\545\2024.1\src\shared\hls\clib\hlsmath\src\common\hls_hotbm_float.cpp:123->C:\scratch\2024.1\hls_product\545\2024.1\src\shared\hls\clib\hlsmath\src\c++\sincoshotbmfloat.cpp:10->C:\scratch\2024.1\hls_product\545\2024.1\src\shared\hls\clib\hlsmath\src\c++\sincoshotbmfloat.cpp:42->pedal_c.cpp:37]   --->   Operation 92 'icmp' 'icmp_ln271_1' <Predicate = true> <Delay = 0.92> <CoreInst = "Cmp">   --->   Core 9 'Cmp' <Latency = 0> <II = 1> <Delay = 0.92> <FuncUnit> <Opcode : 'seteq' 'setne' 'setle' 'setge' 'setlt' 'setgt'> <InPorts = 2> <OutPorts = 1>
ST_12 : Operation 93 [1/1] (0.28ns)   --->   "%and_ln271 = and i1 %icmp_ln271, i1 %icmp_ln271_1" [C:\scratch\2024.1\hls_product\545\2024.1\src\shared\hls\clib/hlsmath/include/FloatingPoint\hls_hotbm.h:271->C:\scratch\2024.1\hls_product\545\2024.1\src\shared\hls\clib\hlsmath\src\common\hls_hotbm_float.cpp:123->C:\scratch\2024.1\hls_product\545\2024.1\src\shared\hls\clib\hlsmath\src\c++\sincoshotbmfloat.cpp:10->C:\scratch\2024.1\hls_product\545\2024.1\src\shared\hls\clib\hlsmath\src\c++\sincoshotbmfloat.cpp:42->pedal_c.cpp:37]   --->   Operation 93 'and' 'and_ln271' <Predicate = true> <Delay = 0.28> <CoreInst = "LogicGate">   --->   Core 74 'LogicGate' <Latency = 0> <II = 1> <Delay = 0.28> <FuncUnit> <Opcode : 'and' 'or' 'xor'> <InPorts = 2> <OutPorts = 1>
ST_12 : Operation 94 [1/1] (0.76ns)   --->   "%icmp_ln282 = icmp_eq  i8 %din_exp, i8 255" [C:\scratch\2024.1\hls_product\545\2024.1\src\shared\hls\clib/hlsmath/include/FloatingPoint\hls_hotbm.h:282->C:\scratch\2024.1\hls_product\545\2024.1\src\shared\hls\clib\hlsmath\src\common\hls_hotbm_float.cpp:123->C:\scratch\2024.1\hls_product\545\2024.1\src\shared\hls\clib\hlsmath\src\c++\sincoshotbmfloat.cpp:10->C:\scratch\2024.1\hls_product\545\2024.1\src\shared\hls\clib\hlsmath\src\c++\sincoshotbmfloat.cpp:42->pedal_c.cpp:37]   --->   Operation 94 'icmp' 'icmp_ln282' <Predicate = true> <Delay = 0.76> <CoreInst = "Cmp">   --->   Core 9 'Cmp' <Latency = 0> <II = 1> <Delay = 0.76> <FuncUnit> <Opcode : 'seteq' 'setne' 'setle' 'setge' 'setlt' 'setgt'> <InPorts = 2> <OutPorts = 1>
ST_12 : Operation 95 [1/1] (0.00ns) (grouped into LUT with out node results_sign_2)   --->   "%xor_ln282 = xor i1 %icmp_ln282, i1 1" [C:\scratch\2024.1\hls_product\545\2024.1\src\shared\hls\clib/hlsmath/include/FloatingPoint\hls_hotbm.h:282->C:\scratch\2024.1\hls_product\545\2024.1\src\shared\hls\clib\hlsmath\src\common\hls_hotbm_float.cpp:123->C:\scratch\2024.1\hls_product\545\2024.1\src\shared\hls\clib\hlsmath\src\c++\sincoshotbmfloat.cpp:10->C:\scratch\2024.1\hls_product\545\2024.1\src\shared\hls\clib\hlsmath\src\c++\sincoshotbmfloat.cpp:42->pedal_c.cpp:37]   --->   Operation 95 'xor' 'xor_ln282' <Predicate = true> <Delay = 0.00> <CoreInst = "LogicGate">   --->   Core 74 'LogicGate' <Latency = 0> <II = 1> <Delay = 0.28> <FuncUnit> <Opcode : 'and' 'or' 'xor'> <InPorts = 2> <OutPorts = 1>
ST_12 : Operation 96 [1/1] (0.00ns) (grouped into LUT with out node results_sign_2)   --->   "%results_sign_1 = and i1 %results_sign, i1 %xor_ln282" [C:\scratch\2024.1\hls_product\545\2024.1\src\shared\hls\clib/hlsmath/include/FloatingPoint\hls_hotbm.h:282->C:\scratch\2024.1\hls_product\545\2024.1\src\shared\hls\clib\hlsmath\src\common\hls_hotbm_float.cpp:123->C:\scratch\2024.1\hls_product\545\2024.1\src\shared\hls\clib\hlsmath\src\c++\sincoshotbmfloat.cpp:10->C:\scratch\2024.1\hls_product\545\2024.1\src\shared\hls\clib\hlsmath\src\c++\sincoshotbmfloat.cpp:42->pedal_c.cpp:37]   --->   Operation 96 'and' 'results_sign_1' <Predicate = true> <Delay = 0.00> <CoreInst = "LogicGate">   --->   Core 74 'LogicGate' <Latency = 0> <II = 1> <Delay = 0.28> <FuncUnit> <Opcode : 'and' 'or' 'xor'> <InPorts = 2> <OutPorts = 1>
ST_12 : Operation 97 [1/1] (0.48ns) (out node of the LUT)   --->   "%results_sign_2 = select i1 %and_ln271, i1 %din_sign, i1 %results_sign_1" [C:\scratch\2024.1\hls_product\545\2024.1\src\shared\hls\clib/hlsmath/include/FloatingPoint\hls_hotbm.h:271->C:\scratch\2024.1\hls_product\545\2024.1\src\shared\hls\clib\hlsmath\src\common\hls_hotbm_float.cpp:123->C:\scratch\2024.1\hls_product\545\2024.1\src\shared\hls\clib\hlsmath\src\c++\sincoshotbmfloat.cpp:10->C:\scratch\2024.1\hls_product\545\2024.1\src\shared\hls\clib\hlsmath\src\c++\sincoshotbmfloat.cpp:42->pedal_c.cpp:37]   --->   Operation 97 'select' 'results_sign_2' <Predicate = true> <Delay = 0.48> <CoreInst = "Sel">   --->   Core 73 'Sel' <Latency = 0> <II = 1> <Delay = 0.17> <FuncUnit> <Opcode : 'select'> <InPorts = 3> <OutPorts = 1>

State 13 <SV = 12> <Delay = 5.15>
ST_13 : Operation 98 [1/1] (0.76ns)   --->   "%sub_ln506 = sub i8 0, i8 %Ex_1" [C:\scratch\2024.1\hls_product\545\2024.1\src\shared\hls\clib/hlsmath/include/FloatingPoint/hls_range_redux.h:506->C:\scratch\2024.1\hls_product\545\2024.1\src\shared\hls\clib/hlsmath/include/FloatingPoint\hls_hotbm.h:239->C:\scratch\2024.1\hls_product\545\2024.1\src\shared\hls\clib\hlsmath\src\common\hls_hotbm_float.cpp:123->C:\scratch\2024.1\hls_product\545\2024.1\src\shared\hls\clib\hlsmath\src\c++\sincoshotbmfloat.cpp:10->C:\scratch\2024.1\hls_product\545\2024.1\src\shared\hls\clib\hlsmath\src\c++\sincoshotbmfloat.cpp:42->pedal_c.cpp:37]   --->   Operation 98 'sub' 'sub_ln506' <Predicate = (tmp_2)> <Delay = 0.76> <CoreInst = "Adder">   --->   Core 1 'Adder' <Latency = 0> <II = 1> <Delay = 0.76> <FuncUnit> <Opcode : 'add' 'sub'> <InPorts = 2> <OutPorts = 1>
ST_13 : Operation 99 [1/1] (0.39ns)   --->   "%select_ln506 = select i1 %tmp_2, i8 %sub_ln506, i8 %Ex_1" [C:\scratch\2024.1\hls_product\545\2024.1\src\shared\hls\clib/hlsmath/include/FloatingPoint/hls_range_redux.h:506->C:\scratch\2024.1\hls_product\545\2024.1\src\shared\hls\clib/hlsmath/include/FloatingPoint\hls_hotbm.h:239->C:\scratch\2024.1\hls_product\545\2024.1\src\shared\hls\clib\hlsmath\src\common\hls_hotbm_float.cpp:123->C:\scratch\2024.1\hls_product\545\2024.1\src\shared\hls\clib\hlsmath\src\c++\sincoshotbmfloat.cpp:10->C:\scratch\2024.1\hls_product\545\2024.1\src\shared\hls\clib\hlsmath\src\c++\sincoshotbmfloat.cpp:42->pedal_c.cpp:37]   --->   Operation 99 'select' 'select_ln506' <Predicate = true> <Delay = 0.39> <CoreInst = "Sel">   --->   Core 73 'Sel' <Latency = 0> <II = 1> <Delay = 0.39> <FuncUnit> <Opcode : 'select'> <InPorts = 3> <OutPorts = 1>
ST_13 : Operation 100 [1/1] (0.00ns)   --->   "%zext_ln506 = zext i8 %select_ln506" [C:\scratch\2024.1\hls_product\545\2024.1\src\shared\hls\clib/hlsmath/include/FloatingPoint/hls_range_redux.h:506->C:\scratch\2024.1\hls_product\545\2024.1\src\shared\hls\clib/hlsmath/include/FloatingPoint\hls_hotbm.h:239->C:\scratch\2024.1\hls_product\545\2024.1\src\shared\hls\clib\hlsmath\src\common\hls_hotbm_float.cpp:123->C:\scratch\2024.1\hls_product\545\2024.1\src\shared\hls\clib\hlsmath\src\c++\sincoshotbmfloat.cpp:10->C:\scratch\2024.1\hls_product\545\2024.1\src\shared\hls\clib\hlsmath\src\c++\sincoshotbmfloat.cpp:42->pedal_c.cpp:37]   --->   Operation 100 'zext' 'zext_ln506' <Predicate = true> <Delay = 0.00>
ST_13 : Operation 101 [1/1] (0.00ns)   --->   "%zext_ln506_1 = zext i29 %Mx" [C:\scratch\2024.1\hls_product\545\2024.1\src\shared\hls\clib/hlsmath/include/FloatingPoint/hls_range_redux.h:506->C:\scratch\2024.1\hls_product\545\2024.1\src\shared\hls\clib/hlsmath/include/FloatingPoint\hls_hotbm.h:239->C:\scratch\2024.1\hls_product\545\2024.1\src\shared\hls\clib\hlsmath\src\common\hls_hotbm_float.cpp:123->C:\scratch\2024.1\hls_product\545\2024.1\src\shared\hls\clib\hlsmath\src\c++\sincoshotbmfloat.cpp:10->C:\scratch\2024.1\hls_product\545\2024.1\src\shared\hls\clib\hlsmath\src\c++\sincoshotbmfloat.cpp:42->pedal_c.cpp:37]   --->   Operation 101 'zext' 'zext_ln506_1' <Predicate = true> <Delay = 0.00>
ST_13 : Operation 102 [1/1] (1.21ns)   --->   "%lshr_ln506 = lshr i32 %zext_ln506_1, i32 %zext_ln506" [C:\scratch\2024.1\hls_product\545\2024.1\src\shared\hls\clib/hlsmath/include/FloatingPoint/hls_range_redux.h:506->C:\scratch\2024.1\hls_product\545\2024.1\src\shared\hls\clib/hlsmath/include/FloatingPoint\hls_hotbm.h:239->C:\scratch\2024.1\hls_product\545\2024.1\src\shared\hls\clib\hlsmath\src\common\hls_hotbm_float.cpp:123->C:\scratch\2024.1\hls_product\545\2024.1\src\shared\hls\clib\hlsmath\src\c++\sincoshotbmfloat.cpp:10->C:\scratch\2024.1\hls_product\545\2024.1\src\shared\hls\clib\hlsmath\src\c++\sincoshotbmfloat.cpp:42->pedal_c.cpp:37]   --->   Operation 102 'lshr' 'lshr_ln506' <Predicate = (tmp_2)> <Delay = 1.21> <CoreInst = "Shifter">   --->   Core 75 'Shifter' <Latency = 0> <II = 1> <Delay = 1.38> <FuncUnit> <Opcode : 'shl' 'lshr' 'ashr'> <InPorts = 2> <OutPorts = 1>
ST_13 : Operation 103 [1/1] (1.21ns)   --->   "%shl_ln506 = shl i32 %zext_ln506_1, i32 %zext_ln506" [C:\scratch\2024.1\hls_product\545\2024.1\src\shared\hls\clib/hlsmath/include/FloatingPoint/hls_range_redux.h:506->C:\scratch\2024.1\hls_product\545\2024.1\src\shared\hls\clib/hlsmath/include/FloatingPoint\hls_hotbm.h:239->C:\scratch\2024.1\hls_product\545\2024.1\src\shared\hls\clib\hlsmath\src\common\hls_hotbm_float.cpp:123->C:\scratch\2024.1\hls_product\545\2024.1\src\shared\hls\clib\hlsmath\src\c++\sincoshotbmfloat.cpp:10->C:\scratch\2024.1\hls_product\545\2024.1\src\shared\hls\clib\hlsmath\src\c++\sincoshotbmfloat.cpp:42->pedal_c.cpp:37]   --->   Operation 103 'shl' 'shl_ln506' <Predicate = (!tmp_2)> <Delay = 1.21> <CoreInst = "Shifter">   --->   Core 75 'Shifter' <Latency = 0> <II = 1> <Delay = 1.38> <FuncUnit> <Opcode : 'shl' 'lshr' 'ashr'> <InPorts = 2> <OutPorts = 1>
ST_13 : Operation 104 [1/1] (0.44ns)   --->   "%select_ln506_1 = select i1 %tmp_2, i32 %lshr_ln506, i32 %shl_ln506" [C:\scratch\2024.1\hls_product\545\2024.1\src\shared\hls\clib/hlsmath/include/FloatingPoint/hls_range_redux.h:506->C:\scratch\2024.1\hls_product\545\2024.1\src\shared\hls\clib/hlsmath/include/FloatingPoint\hls_hotbm.h:239->C:\scratch\2024.1\hls_product\545\2024.1\src\shared\hls\clib\hlsmath\src\common\hls_hotbm_float.cpp:123->C:\scratch\2024.1\hls_product\545\2024.1\src\shared\hls\clib\hlsmath\src\c++\sincoshotbmfloat.cpp:10->C:\scratch\2024.1\hls_product\545\2024.1\src\shared\hls\clib\hlsmath\src\c++\sincoshotbmfloat.cpp:42->pedal_c.cpp:37]   --->   Operation 104 'select' 'select_ln506_1' <Predicate = true> <Delay = 0.44> <CoreInst = "Sel">   --->   Core 73 'Sel' <Latency = 0> <II = 1> <Delay = 0.44> <FuncUnit> <Opcode : 'select'> <InPorts = 3> <OutPorts = 1>
ST_13 : Operation 105 [1/1] (0.00ns)   --->   "%B = trunc i32 %select_ln506_1" [C:\scratch\2024.1\hls_product\545\2024.1\src\shared\hls\clib\hlsmath\src\common\hls_hotbm_float.cpp:21->C:\scratch\2024.1\hls_product\545\2024.1\src\shared\hls\clib/hlsmath/include/FloatingPoint\hls_hotbm.h:250->C:\scratch\2024.1\hls_product\545\2024.1\src\shared\hls\clib\hlsmath\src\common\hls_hotbm_float.cpp:123->C:\scratch\2024.1\hls_product\545\2024.1\src\shared\hls\clib\hlsmath\src\c++\sincoshotbmfloat.cpp:10->C:\scratch\2024.1\hls_product\545\2024.1\src\shared\hls\clib\hlsmath\src\c++\sincoshotbmfloat.cpp:42->pedal_c.cpp:37]   --->   Operation 105 'trunc' 'B' <Predicate = true> <Delay = 0.00>
ST_13 : Operation 106 [1/1] (0.00ns)   --->   "%tmp_140_i = partselect i7 @_ssdm_op_PartSelect.i7.i32.i32.i32, i32 %select_ln506_1, i32 22, i32 28" [C:\scratch\2024.1\hls_product\545\2024.1\src\shared\hls\clib\hlsmath\src\common\hls_hotbm_float.cpp:20->C:\scratch\2024.1\hls_product\545\2024.1\src\shared\hls\clib/hlsmath/include/FloatingPoint\hls_hotbm.h:250->C:\scratch\2024.1\hls_product\545\2024.1\src\shared\hls\clib\hlsmath\src\common\hls_hotbm_float.cpp:123->C:\scratch\2024.1\hls_product\545\2024.1\src\shared\hls\clib\hlsmath\src\c++\sincoshotbmfloat.cpp:10->C:\scratch\2024.1\hls_product\545\2024.1\src\shared\hls\clib\hlsmath\src\c++\sincoshotbmfloat.cpp:42->pedal_c.cpp:37]   --->   Operation 106 'partselect' 'tmp_140_i' <Predicate = true> <Delay = 0.00>
ST_13 : Operation 107 [1/1] (0.00ns)   --->   "%B_trunc = partselect i15 @_ssdm_op_PartSelect.i15.i32.i32.i32, i32 %select_ln506_1, i32 7, i32 21" [C:\scratch\2024.1\hls_product\545\2024.1\src\shared\hls\clib\hlsmath\src\common\hls_hotbm_float.cpp:22->C:\scratch\2024.1\hls_product\545\2024.1\src\shared\hls\clib/hlsmath/include/FloatingPoint\hls_hotbm.h:250->C:\scratch\2024.1\hls_product\545\2024.1\src\shared\hls\clib\hlsmath\src\common\hls_hotbm_float.cpp:123->C:\scratch\2024.1\hls_product\545\2024.1\src\shared\hls\clib\hlsmath\src\c++\sincoshotbmfloat.cpp:10->C:\scratch\2024.1\hls_product\545\2024.1\src\shared\hls\clib\hlsmath\src\c++\sincoshotbmfloat.cpp:42->pedal_c.cpp:37]   --->   Operation 107 'partselect' 'B_trunc' <Predicate = true> <Delay = 0.00>
ST_13 : Operation 108 [1/1] (0.00ns)   --->   "%zext_ln23 = zext i15 %B_trunc" [C:\scratch\2024.1\hls_product\545\2024.1\src\shared\hls\clib\hlsmath\src\common\hls_hotbm_float.cpp:23->C:\scratch\2024.1\hls_product\545\2024.1\src\shared\hls\clib/hlsmath/include/FloatingPoint\hls_hotbm.h:250->C:\scratch\2024.1\hls_product\545\2024.1\src\shared\hls\clib\hlsmath\src\common\hls_hotbm_float.cpp:123->C:\scratch\2024.1\hls_product\545\2024.1\src\shared\hls\clib\hlsmath\src\c++\sincoshotbmfloat.cpp:10->C:\scratch\2024.1\hls_product\545\2024.1\src\shared\hls\clib\hlsmath\src\c++\sincoshotbmfloat.cpp:42->pedal_c.cpp:37]   --->   Operation 108 'zext' 'zext_ln23' <Predicate = true> <Delay = 0.00>
ST_13 : Operation 109 [1/1] (2.33ns)   --->   "%mul_ln23 = mul i30 %zext_ln23, i30 %zext_ln23" [C:\scratch\2024.1\hls_product\545\2024.1\src\shared\hls\clib\hlsmath\src\common\hls_hotbm_float.cpp:23->C:\scratch\2024.1\hls_product\545\2024.1\src\shared\hls\clib/hlsmath/include/FloatingPoint\hls_hotbm.h:250->C:\scratch\2024.1\hls_product\545\2024.1\src\shared\hls\clib\hlsmath\src\common\hls_hotbm_float.cpp:123->C:\scratch\2024.1\hls_product\545\2024.1\src\shared\hls\clib\hlsmath\src\c++\sincoshotbmfloat.cpp:10->C:\scratch\2024.1\hls_product\545\2024.1\src\shared\hls\clib\hlsmath\src\c++\sincoshotbmfloat.cpp:42->pedal_c.cpp:37]   --->   Operation 109 'mul' 'mul_ln23' <Predicate = true> <Delay = 2.33> <CoreInst = "Multiplier">   --->   Core 3 'Multiplier' <Latency = 0> <II = 1> <Delay = 2.33> <FuncUnit> <Opcode : 'mul'> <InPorts = 2> <OutPorts = 1>
ST_13 : Operation 110 [1/1] (0.00ns)   --->   "%B_squared = partselect i15 @_ssdm_op_PartSelect.i15.i30.i32.i32, i30 %mul_ln23, i32 15, i32 29" [C:\scratch\2024.1\hls_product\545\2024.1\src\shared\hls\clib\hlsmath\src\common\hls_hotbm_float.cpp:23->C:\scratch\2024.1\hls_product\545\2024.1\src\shared\hls\clib/hlsmath/include/FloatingPoint\hls_hotbm.h:250->C:\scratch\2024.1\hls_product\545\2024.1\src\shared\hls\clib\hlsmath\src\common\hls_hotbm_float.cpp:123->C:\scratch\2024.1\hls_product\545\2024.1\src\shared\hls\clib\hlsmath\src\c++\sincoshotbmfloat.cpp:10->C:\scratch\2024.1\hls_product\545\2024.1\src\shared\hls\clib\hlsmath\src\c++\sincoshotbmfloat.cpp:42->pedal_c.cpp:37]   --->   Operation 110 'partselect' 'B_squared' <Predicate = true> <Delay = 0.00>
ST_13 : Operation 111 [1/1] (0.28ns)   --->   "%sin_basis = xor i1 %cos_basis, i1 1" [C:\scratch\2024.1\hls_product\545\2024.1\src\shared\hls\clib\hlsmath\src\common\hls_hotbm_float.cpp:25->C:\scratch\2024.1\hls_product\545\2024.1\src\shared\hls\clib/hlsmath/include/FloatingPoint\hls_hotbm.h:250->C:\scratch\2024.1\hls_product\545\2024.1\src\shared\hls\clib\hlsmath\src\common\hls_hotbm_float.cpp:123->C:\scratch\2024.1\hls_product\545\2024.1\src\shared\hls\clib\hlsmath\src\c++\sincoshotbmfloat.cpp:10->C:\scratch\2024.1\hls_product\545\2024.1\src\shared\hls\clib\hlsmath\src\c++\sincoshotbmfloat.cpp:42->pedal_c.cpp:37]   --->   Operation 111 'xor' 'sin_basis' <Predicate = true> <Delay = 0.28> <CoreInst = "LogicGate">   --->   Core 74 'LogicGate' <Latency = 0> <II = 1> <Delay = 0.28> <FuncUnit> <Opcode : 'and' 'or' 'xor'> <InPorts = 2> <OutPorts = 1>
ST_13 : Operation 112 [1/1] (0.00ns)   --->   "%A = bitconcatenate i8 @_ssdm_op_BitConcatenate.i8.i1.i7, i1 %sin_basis, i7 %tmp_140_i" [C:\scratch\2024.1\hls_product\545\2024.1\src\shared\hls\clib\hlsmath\src\common\hls_hotbm_float.cpp:26->C:\scratch\2024.1\hls_product\545\2024.1\src\shared\hls\clib/hlsmath/include/FloatingPoint\hls_hotbm.h:250->C:\scratch\2024.1\hls_product\545\2024.1\src\shared\hls\clib\hlsmath\src\common\hls_hotbm_float.cpp:123->C:\scratch\2024.1\hls_product\545\2024.1\src\shared\hls\clib\hlsmath\src\c++\sincoshotbmfloat.cpp:10->C:\scratch\2024.1\hls_product\545\2024.1\src\shared\hls\clib\hlsmath\src\c++\sincoshotbmfloat.cpp:42->pedal_c.cpp:37]   --->   Operation 112 'bitconcatenate' 'A' <Predicate = true> <Delay = 0.00>
ST_13 : Operation 113 [1/1] (0.00ns)   --->   "%zext_ln28 = zext i8 %A" [C:\scratch\2024.1\hls_product\545\2024.1\src\shared\hls\clib\hlsmath\src\common\hls_hotbm_float.cpp:28->C:\scratch\2024.1\hls_product\545\2024.1\src\shared\hls\clib/hlsmath/include/FloatingPoint\hls_hotbm.h:250->C:\scratch\2024.1\hls_product\545\2024.1\src\shared\hls\clib\hlsmath\src\common\hls_hotbm_float.cpp:123->C:\scratch\2024.1\hls_product\545\2024.1\src\shared\hls\clib\hlsmath\src\c++\sincoshotbmfloat.cpp:10->C:\scratch\2024.1\hls_product\545\2024.1\src\shared\hls\clib\hlsmath\src\c++\sincoshotbmfloat.cpp:42->pedal_c.cpp:37]   --->   Operation 113 'zext' 'zext_ln28' <Predicate = true> <Delay = 0.00>
ST_13 : Operation 114 [1/1] (0.00ns)   --->   "%second_order_float_sin_cos_K0_addr = getelementptr i30 %second_order_float_sin_cos_K0, i64 0, i64 %zext_ln28" [C:\scratch\2024.1\hls_product\545\2024.1\src\shared\hls\clib\hlsmath\src\common\hls_hotbm_float.cpp:28->C:\scratch\2024.1\hls_product\545\2024.1\src\shared\hls\clib/hlsmath/include/FloatingPoint\hls_hotbm.h:250->C:\scratch\2024.1\hls_product\545\2024.1\src\shared\hls\clib\hlsmath\src\common\hls_hotbm_float.cpp:123->C:\scratch\2024.1\hls_product\545\2024.1\src\shared\hls\clib\hlsmath\src\c++\sincoshotbmfloat.cpp:10->C:\scratch\2024.1\hls_product\545\2024.1\src\shared\hls\clib\hlsmath\src\c++\sincoshotbmfloat.cpp:42->pedal_c.cpp:37]   --->   Operation 114 'getelementptr' 'second_order_float_sin_cos_K0_addr' <Predicate = true> <Delay = 0.00>
ST_13 : Operation 115 [2/2] (0.67ns)   --->   "%second_order_float_sin_cos_K0_load = load i8 %second_order_float_sin_cos_K0_addr" [C:\scratch\2024.1\hls_product\545\2024.1\src\shared\hls\clib\hlsmath\src\common\hls_hotbm_float.cpp:28->C:\scratch\2024.1\hls_product\545\2024.1\src\shared\hls\clib/hlsmath/include/FloatingPoint\hls_hotbm.h:250->C:\scratch\2024.1\hls_product\545\2024.1\src\shared\hls\clib\hlsmath\src\common\hls_hotbm_float.cpp:123->C:\scratch\2024.1\hls_product\545\2024.1\src\shared\hls\clib\hlsmath\src\c++\sincoshotbmfloat.cpp:10->C:\scratch\2024.1\hls_product\545\2024.1\src\shared\hls\clib\hlsmath\src\c++\sincoshotbmfloat.cpp:42->pedal_c.cpp:37]   --->   Operation 115 'load' 'second_order_float_sin_cos_K0_load' <Predicate = true> <Delay = 0.67> <CoreInst = "ROM_1P_LUTRAM">   --->   Core 102 'ROM_1P_LUTRAM' <Latency = 1> <II = 1> <Delay = 0.67> <Storage> <Opcode : 'load'> <Ports = 1> <Width = 30> <Depth = 256> <ROM>
ST_13 : Operation 116 [1/1] (0.00ns)   --->   "%second_order_float_sin_cos_K1_addr = getelementptr i23 %second_order_float_sin_cos_K1, i64 0, i64 %zext_ln28" [C:\scratch\2024.1\hls_product\545\2024.1\src\shared\hls\clib\hlsmath\src\common\hls_hotbm_float.cpp:29->C:\scratch\2024.1\hls_product\545\2024.1\src\shared\hls\clib/hlsmath/include/FloatingPoint\hls_hotbm.h:250->C:\scratch\2024.1\hls_product\545\2024.1\src\shared\hls\clib\hlsmath\src\common\hls_hotbm_float.cpp:123->C:\scratch\2024.1\hls_product\545\2024.1\src\shared\hls\clib\hlsmath\src\c++\sincoshotbmfloat.cpp:10->C:\scratch\2024.1\hls_product\545\2024.1\src\shared\hls\clib\hlsmath\src\c++\sincoshotbmfloat.cpp:42->pedal_c.cpp:37]   --->   Operation 116 'getelementptr' 'second_order_float_sin_cos_K1_addr' <Predicate = true> <Delay = 0.00>
ST_13 : Operation 117 [2/2] (0.67ns)   --->   "%second_order_float_sin_cos_K1_load = load i8 %second_order_float_sin_cos_K1_addr" [C:\scratch\2024.1\hls_product\545\2024.1\src\shared\hls\clib\hlsmath\src\common\hls_hotbm_float.cpp:29->C:\scratch\2024.1\hls_product\545\2024.1\src\shared\hls\clib/hlsmath/include/FloatingPoint\hls_hotbm.h:250->C:\scratch\2024.1\hls_product\545\2024.1\src\shared\hls\clib\hlsmath\src\common\hls_hotbm_float.cpp:123->C:\scratch\2024.1\hls_product\545\2024.1\src\shared\hls\clib\hlsmath\src\c++\sincoshotbmfloat.cpp:10->C:\scratch\2024.1\hls_product\545\2024.1\src\shared\hls\clib\hlsmath\src\c++\sincoshotbmfloat.cpp:42->pedal_c.cpp:37]   --->   Operation 117 'load' 'second_order_float_sin_cos_K1_load' <Predicate = true> <Delay = 0.67> <CoreInst = "ROM_1P_LUTRAM">   --->   Core 102 'ROM_1P_LUTRAM' <Latency = 1> <II = 1> <Delay = 0.67> <Storage> <Opcode : 'load'> <Ports = 1> <Width = 23> <Depth = 256> <ROM>
ST_13 : Operation 118 [1/1] (0.00ns)   --->   "%second_order_float_sin_cos_K2_addr = getelementptr i15 %second_order_float_sin_cos_K2, i64 0, i64 %zext_ln28" [C:\scratch\2024.1\hls_product\545\2024.1\src\shared\hls\clib\hlsmath\src\common\hls_hotbm_float.cpp:30->C:\scratch\2024.1\hls_product\545\2024.1\src\shared\hls\clib/hlsmath/include/FloatingPoint\hls_hotbm.h:250->C:\scratch\2024.1\hls_product\545\2024.1\src\shared\hls\clib\hlsmath\src\common\hls_hotbm_float.cpp:123->C:\scratch\2024.1\hls_product\545\2024.1\src\shared\hls\clib\hlsmath\src\c++\sincoshotbmfloat.cpp:10->C:\scratch\2024.1\hls_product\545\2024.1\src\shared\hls\clib\hlsmath\src\c++\sincoshotbmfloat.cpp:42->pedal_c.cpp:37]   --->   Operation 118 'getelementptr' 'second_order_float_sin_cos_K2_addr' <Predicate = true> <Delay = 0.00>
ST_13 : Operation 119 [2/2] (0.67ns)   --->   "%second_order_float_sin_cos_K2_load = load i8 %second_order_float_sin_cos_K2_addr" [C:\scratch\2024.1\hls_product\545\2024.1\src\shared\hls\clib\hlsmath\src\common\hls_hotbm_float.cpp:30->C:\scratch\2024.1\hls_product\545\2024.1\src\shared\hls\clib/hlsmath/include/FloatingPoint\hls_hotbm.h:250->C:\scratch\2024.1\hls_product\545\2024.1\src\shared\hls\clib\hlsmath\src\common\hls_hotbm_float.cpp:123->C:\scratch\2024.1\hls_product\545\2024.1\src\shared\hls\clib\hlsmath\src\c++\sincoshotbmfloat.cpp:10->C:\scratch\2024.1\hls_product\545\2024.1\src\shared\hls\clib\hlsmath\src\c++\sincoshotbmfloat.cpp:42->pedal_c.cpp:37]   --->   Operation 119 'load' 'second_order_float_sin_cos_K2_load' <Predicate = true> <Delay = 0.67> <CoreInst = "ROM_1P_LUTRAM">   --->   Core 102 'ROM_1P_LUTRAM' <Latency = 1> <II = 1> <Delay = 0.67> <Storage> <Opcode : 'load'> <Ports = 1> <Width = 15> <Depth = 256> <ROM>

State 14 <SV = 13> <Delay = 10.9>
ST_14 : Operation 120 [1/1] (0.35ns)   --->   "%Mx_1 = select i1 %cos_basis, i29 536870911, i29 %Mx" [C:\scratch\2024.1\hls_product\545\2024.1\src\shared\hls\clib/hlsmath/include/FloatingPoint\hls_hotbm.h:243->C:\scratch\2024.1\hls_product\545\2024.1\src\shared\hls\clib\hlsmath\src\common\hls_hotbm_float.cpp:123->C:\scratch\2024.1\hls_product\545\2024.1\src\shared\hls\clib\hlsmath\src\c++\sincoshotbmfloat.cpp:10->C:\scratch\2024.1\hls_product\545\2024.1\src\shared\hls\clib\hlsmath\src\c++\sincoshotbmfloat.cpp:42->pedal_c.cpp:37]   --->   Operation 120 'select' 'Mx_1' <Predicate = true> <Delay = 0.35> <CoreInst = "Sel">   --->   Core 73 'Sel' <Latency = 0> <II = 1> <Delay = 0.35> <FuncUnit> <Opcode : 'select'> <InPorts = 3> <OutPorts = 1>
ST_14 : Operation 121 [1/1] (0.00ns) (grouped into LUT with out node add_ln300)   --->   "%Ex_2 = select i1 %cos_basis, i8 0, i8 %Ex_1" [C:\scratch\2024.1\hls_product\545\2024.1\src\shared\hls\clib/hlsmath/include/FloatingPoint\hls_hotbm.h:243->C:\scratch\2024.1\hls_product\545\2024.1\src\shared\hls\clib\hlsmath\src\common\hls_hotbm_float.cpp:123->C:\scratch\2024.1\hls_product\545\2024.1\src\shared\hls\clib\hlsmath\src\c++\sincoshotbmfloat.cpp:10->C:\scratch\2024.1\hls_product\545\2024.1\src\shared\hls\clib\hlsmath\src\c++\sincoshotbmfloat.cpp:42->pedal_c.cpp:37]   --->   Operation 121 'select' 'Ex_2' <Predicate = true> <Delay = 0.00> <CoreInst = "Sel">   --->   Core 73 'Sel' <Latency = 0> <II = 1> <Delay = 0.39> <FuncUnit> <Opcode : 'select'> <InPorts = 3> <OutPorts = 1>
ST_14 : Operation 122 [1/1] (0.00ns)   --->   "%zext_ln23_1 = zext i15 %B_squared" [C:\scratch\2024.1\hls_product\545\2024.1\src\shared\hls\clib\hlsmath\src\common\hls_hotbm_float.cpp:23->C:\scratch\2024.1\hls_product\545\2024.1\src\shared\hls\clib/hlsmath/include/FloatingPoint\hls_hotbm.h:250->C:\scratch\2024.1\hls_product\545\2024.1\src\shared\hls\clib\hlsmath\src\common\hls_hotbm_float.cpp:123->C:\scratch\2024.1\hls_product\545\2024.1\src\shared\hls\clib\hlsmath\src\c++\sincoshotbmfloat.cpp:10->C:\scratch\2024.1\hls_product\545\2024.1\src\shared\hls\clib\hlsmath\src\c++\sincoshotbmfloat.cpp:42->pedal_c.cpp:37]   --->   Operation 122 'zext' 'zext_ln23_1' <Predicate = true> <Delay = 0.00>
ST_14 : Operation 123 [1/2] (0.67ns)   --->   "%second_order_float_sin_cos_K0_load = load i8 %second_order_float_sin_cos_K0_addr" [C:\scratch\2024.1\hls_product\545\2024.1\src\shared\hls\clib\hlsmath\src\common\hls_hotbm_float.cpp:28->C:\scratch\2024.1\hls_product\545\2024.1\src\shared\hls\clib/hlsmath/include/FloatingPoint\hls_hotbm.h:250->C:\scratch\2024.1\hls_product\545\2024.1\src\shared\hls\clib\hlsmath\src\common\hls_hotbm_float.cpp:123->C:\scratch\2024.1\hls_product\545\2024.1\src\shared\hls\clib\hlsmath\src\c++\sincoshotbmfloat.cpp:10->C:\scratch\2024.1\hls_product\545\2024.1\src\shared\hls\clib\hlsmath\src\c++\sincoshotbmfloat.cpp:42->pedal_c.cpp:37]   --->   Operation 123 'load' 'second_order_float_sin_cos_K0_load' <Predicate = true> <Delay = 0.67> <CoreInst = "ROM_1P_LUTRAM">   --->   Core 102 'ROM_1P_LUTRAM' <Latency = 1> <II = 1> <Delay = 0.67> <Storage> <Opcode : 'load'> <Ports = 1> <Width = 30> <Depth = 256> <ROM>
ST_14 : Operation 124 [1/1] (0.00ns)   --->   "%t1 = partselect i29 @_ssdm_op_PartSelect.i29.i30.i32.i32, i30 %second_order_float_sin_cos_K0_load, i32 1, i32 29" [C:\scratch\2024.1\hls_product\545\2024.1\src\shared\hls\clib\hlsmath\src\common\hls_hotbm_float.cpp:28->C:\scratch\2024.1\hls_product\545\2024.1\src\shared\hls\clib/hlsmath/include/FloatingPoint\hls_hotbm.h:250->C:\scratch\2024.1\hls_product\545\2024.1\src\shared\hls\clib\hlsmath\src\common\hls_hotbm_float.cpp:123->C:\scratch\2024.1\hls_product\545\2024.1\src\shared\hls\clib\hlsmath\src\c++\sincoshotbmfloat.cpp:10->C:\scratch\2024.1\hls_product\545\2024.1\src\shared\hls\clib\hlsmath\src\c++\sincoshotbmfloat.cpp:42->pedal_c.cpp:37]   --->   Operation 124 'partselect' 't1' <Predicate = true> <Delay = 0.00>
ST_14 : Operation 125 [1/1] (0.00ns)   --->   "%zext_ln29 = zext i22 %B" [C:\scratch\2024.1\hls_product\545\2024.1\src\shared\hls\clib\hlsmath\src\common\hls_hotbm_float.cpp:29->C:\scratch\2024.1\hls_product\545\2024.1\src\shared\hls\clib/hlsmath/include/FloatingPoint\hls_hotbm.h:250->C:\scratch\2024.1\hls_product\545\2024.1\src\shared\hls\clib\hlsmath\src\common\hls_hotbm_float.cpp:123->C:\scratch\2024.1\hls_product\545\2024.1\src\shared\hls\clib\hlsmath\src\c++\sincoshotbmfloat.cpp:10->C:\scratch\2024.1\hls_product\545\2024.1\src\shared\hls\clib\hlsmath\src\c++\sincoshotbmfloat.cpp:42->pedal_c.cpp:37]   --->   Operation 125 'zext' 'zext_ln29' <Predicate = true> <Delay = 0.00>
ST_14 : Operation 126 [1/2] (0.67ns)   --->   "%second_order_float_sin_cos_K1_load = load i8 %second_order_float_sin_cos_K1_addr" [C:\scratch\2024.1\hls_product\545\2024.1\src\shared\hls\clib\hlsmath\src\common\hls_hotbm_float.cpp:29->C:\scratch\2024.1\hls_product\545\2024.1\src\shared\hls\clib/hlsmath/include/FloatingPoint\hls_hotbm.h:250->C:\scratch\2024.1\hls_product\545\2024.1\src\shared\hls\clib\hlsmath\src\common\hls_hotbm_float.cpp:123->C:\scratch\2024.1\hls_product\545\2024.1\src\shared\hls\clib\hlsmath\src\c++\sincoshotbmfloat.cpp:10->C:\scratch\2024.1\hls_product\545\2024.1\src\shared\hls\clib\hlsmath\src\c++\sincoshotbmfloat.cpp:42->pedal_c.cpp:37]   --->   Operation 126 'load' 'second_order_float_sin_cos_K1_load' <Predicate = true> <Delay = 0.67> <CoreInst = "ROM_1P_LUTRAM">   --->   Core 102 'ROM_1P_LUTRAM' <Latency = 1> <II = 1> <Delay = 0.67> <Storage> <Opcode : 'load'> <Ports = 1> <Width = 23> <Depth = 256> <ROM>
ST_14 : Operation 127 [1/1] (0.00ns)   --->   "%sext_ln29 = sext i23 %second_order_float_sin_cos_K1_load" [C:\scratch\2024.1\hls_product\545\2024.1\src\shared\hls\clib\hlsmath\src\common\hls_hotbm_float.cpp:29->C:\scratch\2024.1\hls_product\545\2024.1\src\shared\hls\clib/hlsmath/include/FloatingPoint\hls_hotbm.h:250->C:\scratch\2024.1\hls_product\545\2024.1\src\shared\hls\clib\hlsmath\src\common\hls_hotbm_float.cpp:123->C:\scratch\2024.1\hls_product\545\2024.1\src\shared\hls\clib\hlsmath\src\c++\sincoshotbmfloat.cpp:10->C:\scratch\2024.1\hls_product\545\2024.1\src\shared\hls\clib\hlsmath\src\c++\sincoshotbmfloat.cpp:42->pedal_c.cpp:37]   --->   Operation 127 'sext' 'sext_ln29' <Predicate = true> <Delay = 0.00>
ST_14 : Operation 128 [1/1] (2.83ns)   --->   "%mul_ln29 = mul i45 %sext_ln29, i45 %zext_ln29" [C:\scratch\2024.1\hls_product\545\2024.1\src\shared\hls\clib\hlsmath\src\common\hls_hotbm_float.cpp:29->C:\scratch\2024.1\hls_product\545\2024.1\src\shared\hls\clib/hlsmath/include/FloatingPoint\hls_hotbm.h:250->C:\scratch\2024.1\hls_product\545\2024.1\src\shared\hls\clib\hlsmath\src\common\hls_hotbm_float.cpp:123->C:\scratch\2024.1\hls_product\545\2024.1\src\shared\hls\clib\hlsmath\src\c++\sincoshotbmfloat.cpp:10->C:\scratch\2024.1\hls_product\545\2024.1\src\shared\hls\clib\hlsmath\src\c++\sincoshotbmfloat.cpp:42->pedal_c.cpp:37]   --->   Operation 128 'mul' 'mul_ln29' <Predicate = true> <Delay = 2.83> <CoreInst = "Multiplier">   --->   Core 3 'Multiplier' <Latency = 0> <II = 1> <Delay = 2.83> <FuncUnit> <Opcode : 'mul'> <InPorts = 2> <OutPorts = 1>
ST_14 : Operation 129 [1/1] (0.00ns)   --->   "%trunc_ln = partselect i22 @_ssdm_op_PartSelect.i22.i45.i32.i32, i45 %mul_ln29, i32 23, i32 44" [C:\scratch\2024.1\hls_product\545\2024.1\src\shared\hls\clib\hlsmath\src\common\hls_hotbm_float.cpp:29->C:\scratch\2024.1\hls_product\545\2024.1\src\shared\hls\clib/hlsmath/include/FloatingPoint\hls_hotbm.h:250->C:\scratch\2024.1\hls_product\545\2024.1\src\shared\hls\clib\hlsmath\src\common\hls_hotbm_float.cpp:123->C:\scratch\2024.1\hls_product\545\2024.1\src\shared\hls\clib\hlsmath\src\c++\sincoshotbmfloat.cpp:10->C:\scratch\2024.1\hls_product\545\2024.1\src\shared\hls\clib\hlsmath\src\c++\sincoshotbmfloat.cpp:42->pedal_c.cpp:37]   --->   Operation 129 'partselect' 'trunc_ln' <Predicate = true> <Delay = 0.00>
ST_14 : Operation 130 [1/2] (0.67ns)   --->   "%second_order_float_sin_cos_K2_load = load i8 %second_order_float_sin_cos_K2_addr" [C:\scratch\2024.1\hls_product\545\2024.1\src\shared\hls\clib\hlsmath\src\common\hls_hotbm_float.cpp:30->C:\scratch\2024.1\hls_product\545\2024.1\src\shared\hls\clib/hlsmath/include/FloatingPoint\hls_hotbm.h:250->C:\scratch\2024.1\hls_product\545\2024.1\src\shared\hls\clib\hlsmath\src\common\hls_hotbm_float.cpp:123->C:\scratch\2024.1\hls_product\545\2024.1\src\shared\hls\clib\hlsmath\src\c++\sincoshotbmfloat.cpp:10->C:\scratch\2024.1\hls_product\545\2024.1\src\shared\hls\clib\hlsmath\src\c++\sincoshotbmfloat.cpp:42->pedal_c.cpp:37]   --->   Operation 130 'load' 'second_order_float_sin_cos_K2_load' <Predicate = true> <Delay = 0.67> <CoreInst = "ROM_1P_LUTRAM">   --->   Core 102 'ROM_1P_LUTRAM' <Latency = 1> <II = 1> <Delay = 0.67> <Storage> <Opcode : 'load'> <Ports = 1> <Width = 15> <Depth = 256> <ROM>
ST_14 : Operation 131 [1/1] (0.00ns)   --->   "%sext_ln30 = sext i15 %second_order_float_sin_cos_K2_load" [C:\scratch\2024.1\hls_product\545\2024.1\src\shared\hls\clib\hlsmath\src\common\hls_hotbm_float.cpp:30->C:\scratch\2024.1\hls_product\545\2024.1\src\shared\hls\clib/hlsmath/include/FloatingPoint\hls_hotbm.h:250->C:\scratch\2024.1\hls_product\545\2024.1\src\shared\hls\clib\hlsmath\src\common\hls_hotbm_float.cpp:123->C:\scratch\2024.1\hls_product\545\2024.1\src\shared\hls\clib\hlsmath\src\c++\sincoshotbmfloat.cpp:10->C:\scratch\2024.1\hls_product\545\2024.1\src\shared\hls\clib\hlsmath\src\c++\sincoshotbmfloat.cpp:42->pedal_c.cpp:37]   --->   Operation 131 'sext' 'sext_ln30' <Predicate = true> <Delay = 0.00>
ST_14 : Operation 132 [1/1] (2.33ns)   --->   "%mul_ln30 = mul i30 %zext_ln23_1, i30 %sext_ln30" [C:\scratch\2024.1\hls_product\545\2024.1\src\shared\hls\clib\hlsmath\src\common\hls_hotbm_float.cpp:30->C:\scratch\2024.1\hls_product\545\2024.1\src\shared\hls\clib/hlsmath/include/FloatingPoint\hls_hotbm.h:250->C:\scratch\2024.1\hls_product\545\2024.1\src\shared\hls\clib\hlsmath\src\common\hls_hotbm_float.cpp:123->C:\scratch\2024.1\hls_product\545\2024.1\src\shared\hls\clib\hlsmath\src\c++\sincoshotbmfloat.cpp:10->C:\scratch\2024.1\hls_product\545\2024.1\src\shared\hls\clib\hlsmath\src\c++\sincoshotbmfloat.cpp:42->pedal_c.cpp:37]   --->   Operation 132 'mul' 'mul_ln30' <Predicate = true> <Delay = 2.33> <CoreInst = "Multiplier">   --->   Core 3 'Multiplier' <Latency = 0> <II = 1> <Delay = 2.33> <FuncUnit> <Opcode : 'mul'> <InPorts = 2> <OutPorts = 1>
ST_14 : Operation 133 [1/1] (0.00ns)   --->   "%trunc_ln1 = partselect i14 @_ssdm_op_PartSelect.i14.i30.i32.i32, i30 %mul_ln30, i32 16, i32 29" [C:\scratch\2024.1\hls_product\545\2024.1\src\shared\hls\clib\hlsmath\src\common\hls_hotbm_float.cpp:30->C:\scratch\2024.1\hls_product\545\2024.1\src\shared\hls\clib/hlsmath/include/FloatingPoint\hls_hotbm.h:250->C:\scratch\2024.1\hls_product\545\2024.1\src\shared\hls\clib\hlsmath\src\common\hls_hotbm_float.cpp:123->C:\scratch\2024.1\hls_product\545\2024.1\src\shared\hls\clib\hlsmath\src\c++\sincoshotbmfloat.cpp:10->C:\scratch\2024.1\hls_product\545\2024.1\src\shared\hls\clib\hlsmath\src\c++\sincoshotbmfloat.cpp:42->pedal_c.cpp:37]   --->   Operation 133 'partselect' 'trunc_ln1' <Predicate = true> <Delay = 0.00>
ST_14 : Operation 134 [1/1] (0.00ns)   --->   "%sext_ln32 = sext i29 %t1" [C:\scratch\2024.1\hls_product\545\2024.1\src\shared\hls\clib\hlsmath\src\common\hls_hotbm_float.cpp:32->C:\scratch\2024.1\hls_product\545\2024.1\src\shared\hls\clib/hlsmath/include/FloatingPoint\hls_hotbm.h:250->C:\scratch\2024.1\hls_product\545\2024.1\src\shared\hls\clib\hlsmath\src\common\hls_hotbm_float.cpp:123->C:\scratch\2024.1\hls_product\545\2024.1\src\shared\hls\clib\hlsmath\src\c++\sincoshotbmfloat.cpp:10->C:\scratch\2024.1\hls_product\545\2024.1\src\shared\hls\clib\hlsmath\src\c++\sincoshotbmfloat.cpp:42->pedal_c.cpp:37]   --->   Operation 134 'sext' 'sext_ln32' <Predicate = true> <Delay = 0.00>
ST_14 : Operation 135 [1/1] (0.00ns)   --->   "%sext_ln32_1 = sext i22 %trunc_ln" [C:\scratch\2024.1\hls_product\545\2024.1\src\shared\hls\clib\hlsmath\src\common\hls_hotbm_float.cpp:32->C:\scratch\2024.1\hls_product\545\2024.1\src\shared\hls\clib/hlsmath/include/FloatingPoint\hls_hotbm.h:250->C:\scratch\2024.1\hls_product\545\2024.1\src\shared\hls\clib\hlsmath\src\common\hls_hotbm_float.cpp:123->C:\scratch\2024.1\hls_product\545\2024.1\src\shared\hls\clib\hlsmath\src\c++\sincoshotbmfloat.cpp:10->C:\scratch\2024.1\hls_product\545\2024.1\src\shared\hls\clib\hlsmath\src\c++\sincoshotbmfloat.cpp:42->pedal_c.cpp:37]   --->   Operation 135 'sext' 'sext_ln32_1' <Predicate = true> <Delay = 0.00>
ST_14 : Operation 136 [1/1] (0.00ns) (grouped into TernaryAdder)   --->   "%add_ln32 = add i30 %sext_ln32, i30 %sext_ln32_1" [C:\scratch\2024.1\hls_product\545\2024.1\src\shared\hls\clib\hlsmath\src\common\hls_hotbm_float.cpp:32->C:\scratch\2024.1\hls_product\545\2024.1\src\shared\hls\clib/hlsmath/include/FloatingPoint\hls_hotbm.h:250->C:\scratch\2024.1\hls_product\545\2024.1\src\shared\hls\clib\hlsmath\src\common\hls_hotbm_float.cpp:123->C:\scratch\2024.1\hls_product\545\2024.1\src\shared\hls\clib\hlsmath\src\c++\sincoshotbmfloat.cpp:10->C:\scratch\2024.1\hls_product\545\2024.1\src\shared\hls\clib\hlsmath\src\c++\sincoshotbmfloat.cpp:42->pedal_c.cpp:37]   --->   Operation 136 'add' 'add_ln32' <Predicate = true> <Delay = 0.00> <CoreInst = "TAddSub">   --->   Core 10 'TAddSub' <Latency = 0> <II = 1> <Delay = 0.43> <IPBlock> <Opcode : '' 'add' 'sub'> <InPorts = 3> <OutPorts = 1> <Sync> <CReg>
ST_14 : Operation 137 [1/1] (0.00ns)   --->   "%sext_ln32_2 = sext i14 %trunc_ln1" [C:\scratch\2024.1\hls_product\545\2024.1\src\shared\hls\clib\hlsmath\src\common\hls_hotbm_float.cpp:32->C:\scratch\2024.1\hls_product\545\2024.1\src\shared\hls\clib/hlsmath/include/FloatingPoint\hls_hotbm.h:250->C:\scratch\2024.1\hls_product\545\2024.1\src\shared\hls\clib\hlsmath\src\common\hls_hotbm_float.cpp:123->C:\scratch\2024.1\hls_product\545\2024.1\src\shared\hls\clib\hlsmath\src\c++\sincoshotbmfloat.cpp:10->C:\scratch\2024.1\hls_product\545\2024.1\src\shared\hls\clib\hlsmath\src\c++\sincoshotbmfloat.cpp:42->pedal_c.cpp:37]   --->   Operation 137 'sext' 'sext_ln32_2' <Predicate = true> <Delay = 0.00>
ST_14 : Operation 138 [1/1] (0.72ns) (root node of TernaryAdder)   --->   "%add_ln32_1 = add i30 %add_ln32, i30 %sext_ln32_2" [C:\scratch\2024.1\hls_product\545\2024.1\src\shared\hls\clib\hlsmath\src\common\hls_hotbm_float.cpp:32->C:\scratch\2024.1\hls_product\545\2024.1\src\shared\hls\clib/hlsmath/include/FloatingPoint\hls_hotbm.h:250->C:\scratch\2024.1\hls_product\545\2024.1\src\shared\hls\clib\hlsmath\src\common\hls_hotbm_float.cpp:123->C:\scratch\2024.1\hls_product\545\2024.1\src\shared\hls\clib\hlsmath\src\c++\sincoshotbmfloat.cpp:10->C:\scratch\2024.1\hls_product\545\2024.1\src\shared\hls\clib\hlsmath\src\c++\sincoshotbmfloat.cpp:42->pedal_c.cpp:37]   --->   Operation 138 'add' 'add_ln32_1' <Predicate = true> <Delay = 0.72> <CoreInst = "TAddSub">   --->   Core 10 'TAddSub' <Latency = 0> <II = 1> <Delay = 0.43> <IPBlock> <Opcode : '' 'add' 'sub'> <InPorts = 3> <OutPorts = 1> <Sync> <CReg>
ST_14 : Operation 139 [1/1] (0.00ns)   --->   "%sext_ln32_3 = sext i30 %add_ln32_1" [C:\scratch\2024.1\hls_product\545\2024.1\src\shared\hls\clib\hlsmath\src\common\hls_hotbm_float.cpp:32->C:\scratch\2024.1\hls_product\545\2024.1\src\shared\hls\clib/hlsmath/include/FloatingPoint\hls_hotbm.h:250->C:\scratch\2024.1\hls_product\545\2024.1\src\shared\hls\clib\hlsmath\src\common\hls_hotbm_float.cpp:123->C:\scratch\2024.1\hls_product\545\2024.1\src\shared\hls\clib\hlsmath\src\c++\sincoshotbmfloat.cpp:10->C:\scratch\2024.1\hls_product\545\2024.1\src\shared\hls\clib\hlsmath\src\c++\sincoshotbmfloat.cpp:42->pedal_c.cpp:37]   --->   Operation 139 'sext' 'sext_ln32_3' <Predicate = true> <Delay = 0.00>
ST_14 : Operation 140 [1/1] (0.00ns)   --->   "%zext_ln32 = zext i29 %Mx_1" [C:\scratch\2024.1\hls_product\545\2024.1\src\shared\hls\clib\hlsmath\src\common\hls_hotbm_float.cpp:32->C:\scratch\2024.1\hls_product\545\2024.1\src\shared\hls\clib/hlsmath/include/FloatingPoint\hls_hotbm.h:250->C:\scratch\2024.1\hls_product\545\2024.1\src\shared\hls\clib\hlsmath\src\common\hls_hotbm_float.cpp:123->C:\scratch\2024.1\hls_product\545\2024.1\src\shared\hls\clib\hlsmath\src\c++\sincoshotbmfloat.cpp:10->C:\scratch\2024.1\hls_product\545\2024.1\src\shared\hls\clib\hlsmath\src\c++\sincoshotbmfloat.cpp:42->pedal_c.cpp:37]   --->   Operation 140 'zext' 'zext_ln32' <Predicate = true> <Delay = 0.00>
ST_14 : Operation 141 [1/1] (3.32ns)   --->   "%mul_ln32 = mul i58 %sext_ln32_3, i58 %zext_ln32" [C:\scratch\2024.1\hls_product\545\2024.1\src\shared\hls\clib\hlsmath\src\common\hls_hotbm_float.cpp:32->C:\scratch\2024.1\hls_product\545\2024.1\src\shared\hls\clib/hlsmath/include/FloatingPoint\hls_hotbm.h:250->C:\scratch\2024.1\hls_product\545\2024.1\src\shared\hls\clib\hlsmath\src\common\hls_hotbm_float.cpp:123->C:\scratch\2024.1\hls_product\545\2024.1\src\shared\hls\clib\hlsmath\src\c++\sincoshotbmfloat.cpp:10->C:\scratch\2024.1\hls_product\545\2024.1\src\shared\hls\clib\hlsmath\src\c++\sincoshotbmfloat.cpp:42->pedal_c.cpp:37]   --->   Operation 141 'mul' 'mul_ln32' <Predicate = true> <Delay = 3.32> <CoreInst = "Multiplier">   --->   Core 3 'Multiplier' <Latency = 0> <II = 1> <Delay = 3.32> <FuncUnit> <Opcode : 'mul'> <InPorts = 2> <OutPorts = 1>
ST_14 : Operation 142 [1/1] (0.00ns)   --->   "%result = partselect i29 @_ssdm_op_PartSelect.i29.i58.i32.i32, i58 %mul_ln32, i32 29, i32 57" [C:\scratch\2024.1\hls_product\545\2024.1\src\shared\hls\clib\hlsmath\src\common\hls_hotbm_float.cpp:32->C:\scratch\2024.1\hls_product\545\2024.1\src\shared\hls\clib/hlsmath/include/FloatingPoint\hls_hotbm.h:250->C:\scratch\2024.1\hls_product\545\2024.1\src\shared\hls\clib\hlsmath\src\common\hls_hotbm_float.cpp:123->C:\scratch\2024.1\hls_product\545\2024.1\src\shared\hls\clib\hlsmath\src\c++\sincoshotbmfloat.cpp:10->C:\scratch\2024.1\hls_product\545\2024.1\src\shared\hls\clib\hlsmath\src\c++\sincoshotbmfloat.cpp:42->pedal_c.cpp:37]   --->   Operation 142 'partselect' 'result' <Predicate = true> <Delay = 0.00>
ST_14 : Operation 143 [1/1] (0.00ns) (grouped into LUT with out node add_ln300)   --->   "%sext_ln252 = sext i8 %Ex_2" [C:\scratch\2024.1\hls_product\545\2024.1\src\shared\hls\clib/hlsmath/include/FloatingPoint\hls_hotbm.h:252->C:\scratch\2024.1\hls_product\545\2024.1\src\shared\hls\clib\hlsmath\src\common\hls_hotbm_float.cpp:123->C:\scratch\2024.1\hls_product\545\2024.1\src\shared\hls\clib\hlsmath\src\c++\sincoshotbmfloat.cpp:10->C:\scratch\2024.1\hls_product\545\2024.1\src\shared\hls\clib\hlsmath\src\c++\sincoshotbmfloat.cpp:42->pedal_c.cpp:37]   --->   Operation 143 'sext' 'sext_ln252' <Predicate = true> <Delay = 0.00>
ST_14 : Operation 144 [1/1] (0.00ns)   --->   "%tmp_141_i = partselect i16 @_ssdm_op_PartSelect.i16.i58.i32.i32, i58 %mul_ln32, i32 42, i32 57" [C:\scratch\2024.1\hls_product\545\2024.1\src\shared\hls\clib/src/hls\utils/x_hls_float_utils.h:271->C:\scratch\2024.1\hls_product\545\2024.1\src\shared\hls\clib/hlsmath/include/FloatingPoint\hls_hotbm.h:252->C:\scratch\2024.1\hls_product\545\2024.1\src\shared\hls\clib\hlsmath\src\common\hls_hotbm_float.cpp:123->C:\scratch\2024.1\hls_product\545\2024.1\src\shared\hls\clib\hlsmath\src\c++\sincoshotbmfloat.cpp:10->C:\scratch\2024.1\hls_product\545\2024.1\src\shared\hls\clib\hlsmath\src\c++\sincoshotbmfloat.cpp:42->pedal_c.cpp:37]   --->   Operation 144 'partselect' 'tmp_141_i' <Predicate = true> <Delay = 0.00>
ST_14 : Operation 145 [1/1] (0.00ns)   --->   "%out_bits = bitconcatenate i32 @_ssdm_op_BitConcatenate.i32.i16.i16, i16 %tmp_141_i, i16 32768" [C:\scratch\2024.1\hls_product\545\2024.1\src\shared\hls\clib/src/hls\utils/x_hls_float_utils.h:273->C:\scratch\2024.1\hls_product\545\2024.1\src\shared\hls\clib/hlsmath/include/FloatingPoint\hls_hotbm.h:252->C:\scratch\2024.1\hls_product\545\2024.1\src\shared\hls\clib\hlsmath\src\common\hls_hotbm_float.cpp:123->C:\scratch\2024.1\hls_product\545\2024.1\src\shared\hls\clib\hlsmath\src\c++\sincoshotbmfloat.cpp:10->C:\scratch\2024.1\hls_product\545\2024.1\src\shared\hls\clib\hlsmath\src\c++\sincoshotbmfloat.cpp:42->pedal_c.cpp:37]   --->   Operation 145 'bitconcatenate' 'out_bits' <Predicate = true> <Delay = 0.00>
ST_14 : Operation 146 [1/1] (0.00ns)   --->   "%tmp_142_i = partselect i13 @_ssdm_op_PartSelect.i13.i58.i32.i32, i58 %mul_ln32, i32 29, i32 41" [C:\scratch\2024.1\hls_product\545\2024.1\src\shared\hls\clib/src/hls\utils/x_hls_float_utils.h:276->C:\scratch\2024.1\hls_product\545\2024.1\src\shared\hls\clib/hlsmath/include/FloatingPoint\hls_hotbm.h:252->C:\scratch\2024.1\hls_product\545\2024.1\src\shared\hls\clib\hlsmath\src\common\hls_hotbm_float.cpp:123->C:\scratch\2024.1\hls_product\545\2024.1\src\shared\hls\clib\hlsmath\src\c++\sincoshotbmfloat.cpp:10->C:\scratch\2024.1\hls_product\545\2024.1\src\shared\hls\clib\hlsmath\src\c++\sincoshotbmfloat.cpp:42->pedal_c.cpp:37]   --->   Operation 146 'partselect' 'tmp_142_i' <Predicate = true> <Delay = 0.00>
ST_14 : Operation 147 [1/1] (0.00ns)   --->   "%out_bits_2 = bitconcatenate i32 @_ssdm_op_BitConcatenate.i32.i13.i19, i13 %tmp_142_i, i19 262144" [C:\scratch\2024.1\hls_product\545\2024.1\src\shared\hls\clib/src/hls\utils/x_hls_float_utils.h:278->C:\scratch\2024.1\hls_product\545\2024.1\src\shared\hls\clib/hlsmath/include/FloatingPoint\hls_hotbm.h:252->C:\scratch\2024.1\hls_product\545\2024.1\src\shared\hls\clib\hlsmath\src\common\hls_hotbm_float.cpp:123->C:\scratch\2024.1\hls_product\545\2024.1\src\shared\hls\clib\hlsmath\src\c++\sincoshotbmfloat.cpp:10->C:\scratch\2024.1\hls_product\545\2024.1\src\shared\hls\clib\hlsmath\src\c++\sincoshotbmfloat.cpp:42->pedal_c.cpp:37]   --->   Operation 147 'bitconcatenate' 'out_bits_2' <Predicate = true> <Delay = 0.00>
ST_14 : Operation 148 [1/1] (0.00ns)   --->   "%tmp_143_i = partselect i32 @llvm.part.select.i32, i32 %out_bits, i32 31, i32 0" [C:\scratch\2024.1\hls_product\545\2024.1\src\shared\hls\clib/hlsmath/include/FloatingPoint/hls_normalize.h:81->C:\scratch\2024.1\hls_product\545\2024.1\src\shared\hls\clib/src/hls\utils/x_hls_float_utils.h:283->C:\scratch\2024.1\hls_product\545\2024.1\src\shared\hls\clib/hlsmath/include/FloatingPoint\hls_hotbm.h:252->C:\scratch\2024.1\hls_product\545\2024.1\src\shared\hls\clib\hlsmath\src\common\hls_hotbm_float.cpp:123->C:\scratch\2024.1\hls_product\545\2024.1\src\shared\hls\clib\hlsmath\src\c++\sincoshotbmfloat.cpp:10->C:\scratch\2024.1\hls_product\545\2024.1\src\shared\hls\clib\hlsmath\src\c++\sincoshotbmfloat.cpp:42->pedal_c.cpp:37]   --->   Operation 148 'partselect' 'tmp_143_i' <Predicate = true> <Delay = 0.00>
ST_14 : Operation 149 [1/1] (0.56ns)   --->   "%c = cttz i32 @llvm.cttz.i32, i32 %tmp_143_i, i1 1" [C:\scratch\2024.1\hls_product\545\2024.1\src\shared\hls\clib/hlsmath/include/FloatingPoint/hls_normalize.h:81->C:\scratch\2024.1\hls_product\545\2024.1\src\shared\hls\clib/src/hls\utils/x_hls_float_utils.h:283->C:\scratch\2024.1\hls_product\545\2024.1\src\shared\hls\clib/hlsmath/include/FloatingPoint\hls_hotbm.h:252->C:\scratch\2024.1\hls_product\545\2024.1\src\shared\hls\clib\hlsmath\src\common\hls_hotbm_float.cpp:123->C:\scratch\2024.1\hls_product\545\2024.1\src\shared\hls\clib\hlsmath\src\c++\sincoshotbmfloat.cpp:10->C:\scratch\2024.1\hls_product\545\2024.1\src\shared\hls\clib\hlsmath\src\c++\sincoshotbmfloat.cpp:42->pedal_c.cpp:37]   --->   Operation 149 'cttz' 'c' <Predicate = true> <Delay = 0.56> <CoreInst = "cttz">   --->   Core 145 'cttz' <Latency = 0> <II = 1> <Delay = 0.56> <FuncUnit> <Opcode : 'cttz'> <InPorts = 1> <OutPorts = 1>
ST_14 : Operation 150 [1/1] (0.00ns)   --->   "%tmp_144_i = partselect i32 @llvm.part.select.i32, i32 %out_bits_2, i32 31, i32 0" [C:\scratch\2024.1\hls_product\545\2024.1\src\shared\hls\clib/hlsmath/include/FloatingPoint/hls_normalize.h:81->C:\scratch\2024.1\hls_product\545\2024.1\src\shared\hls\clib/src/hls\utils/x_hls_float_utils.h:283->C:\scratch\2024.1\hls_product\545\2024.1\src\shared\hls\clib/hlsmath/include/FloatingPoint\hls_hotbm.h:252->C:\scratch\2024.1\hls_product\545\2024.1\src\shared\hls\clib\hlsmath\src\common\hls_hotbm_float.cpp:123->C:\scratch\2024.1\hls_product\545\2024.1\src\shared\hls\clib\hlsmath\src\c++\sincoshotbmfloat.cpp:10->C:\scratch\2024.1\hls_product\545\2024.1\src\shared\hls\clib\hlsmath\src\c++\sincoshotbmfloat.cpp:42->pedal_c.cpp:37]   --->   Operation 150 'partselect' 'tmp_144_i' <Predicate = true> <Delay = 0.00>
ST_14 : Operation 151 [1/1] (0.56ns)   --->   "%c_1 = cttz i32 @llvm.cttz.i32, i32 %tmp_144_i, i1 1" [C:\scratch\2024.1\hls_product\545\2024.1\src\shared\hls\clib/hlsmath/include/FloatingPoint/hls_normalize.h:81->C:\scratch\2024.1\hls_product\545\2024.1\src\shared\hls\clib/src/hls\utils/x_hls_float_utils.h:283->C:\scratch\2024.1\hls_product\545\2024.1\src\shared\hls\clib/hlsmath/include/FloatingPoint\hls_hotbm.h:252->C:\scratch\2024.1\hls_product\545\2024.1\src\shared\hls\clib\hlsmath\src\common\hls_hotbm_float.cpp:123->C:\scratch\2024.1\hls_product\545\2024.1\src\shared\hls\clib\hlsmath\src\c++\sincoshotbmfloat.cpp:10->C:\scratch\2024.1\hls_product\545\2024.1\src\shared\hls\clib\hlsmath\src\c++\sincoshotbmfloat.cpp:42->pedal_c.cpp:37]   --->   Operation 151 'cttz' 'c_1' <Predicate = true> <Delay = 0.56> <CoreInst = "cttz">   --->   Core 145 'cttz' <Latency = 0> <II = 1> <Delay = 0.56> <FuncUnit> <Opcode : 'cttz'> <InPorts = 1> <OutPorts = 1>
ST_14 : Operation 152 [1/1] (0.00ns)   --->   "%zext_ln291 = zext i29 %result" [C:\scratch\2024.1\hls_product\545\2024.1\src\shared\hls\clib/src/hls\utils/x_hls_float_utils.h:291->C:\scratch\2024.1\hls_product\545\2024.1\src\shared\hls\clib/hlsmath/include/FloatingPoint\hls_hotbm.h:252->C:\scratch\2024.1\hls_product\545\2024.1\src\shared\hls\clib\hlsmath\src\common\hls_hotbm_float.cpp:123->C:\scratch\2024.1\hls_product\545\2024.1\src\shared\hls\clib\hlsmath\src\c++\sincoshotbmfloat.cpp:10->C:\scratch\2024.1\hls_product\545\2024.1\src\shared\hls\clib\hlsmath\src\c++\sincoshotbmfloat.cpp:42->pedal_c.cpp:37]   --->   Operation 152 'zext' 'zext_ln291' <Predicate = (!and_ln271)> <Delay = 0.00>
ST_14 : Operation 153 [1/1] (1.38ns)   --->   "%shl_ln291 = shl i32 %zext_ln291, i32 %c" [C:\scratch\2024.1\hls_product\545\2024.1\src\shared\hls\clib/src/hls\utils/x_hls_float_utils.h:291->C:\scratch\2024.1\hls_product\545\2024.1\src\shared\hls\clib/hlsmath/include/FloatingPoint\hls_hotbm.h:252->C:\scratch\2024.1\hls_product\545\2024.1\src\shared\hls\clib\hlsmath\src\common\hls_hotbm_float.cpp:123->C:\scratch\2024.1\hls_product\545\2024.1\src\shared\hls\clib\hlsmath\src\c++\sincoshotbmfloat.cpp:10->C:\scratch\2024.1\hls_product\545\2024.1\src\shared\hls\clib\hlsmath\src\c++\sincoshotbmfloat.cpp:42->pedal_c.cpp:37]   --->   Operation 153 'shl' 'shl_ln291' <Predicate = (!and_ln271)> <Delay = 1.38> <CoreInst = "Shifter">   --->   Core 75 'Shifter' <Latency = 0> <II = 1> <Delay = 1.38> <FuncUnit> <Opcode : 'shl' 'lshr' 'ashr'> <InPorts = 2> <OutPorts = 1>
ST_14 : Operation 154 [1/1] (0.00ns)   --->   "%in_shift_1 = trunc i32 %shl_ln291" [C:\scratch\2024.1\hls_product\545\2024.1\src\shared\hls\clib/src/hls\utils/x_hls_float_utils.h:291->C:\scratch\2024.1\hls_product\545\2024.1\src\shared\hls\clib/hlsmath/include/FloatingPoint\hls_hotbm.h:252->C:\scratch\2024.1\hls_product\545\2024.1\src\shared\hls\clib\hlsmath\src\common\hls_hotbm_float.cpp:123->C:\scratch\2024.1\hls_product\545\2024.1\src\shared\hls\clib\hlsmath\src\c++\sincoshotbmfloat.cpp:10->C:\scratch\2024.1\hls_product\545\2024.1\src\shared\hls\clib\hlsmath\src\c++\sincoshotbmfloat.cpp:42->pedal_c.cpp:37]   --->   Operation 154 'trunc' 'in_shift_1' <Predicate = (!and_ln271)> <Delay = 0.00>
ST_14 : Operation 155 [1/1] (1.01ns)   --->   "%icmp_ln292 = icmp_eq  i32 %c, i32 16" [C:\scratch\2024.1\hls_product\545\2024.1\src\shared\hls\clib/src/hls\utils/x_hls_float_utils.h:292->C:\scratch\2024.1\hls_product\545\2024.1\src\shared\hls\clib/hlsmath/include/FloatingPoint\hls_hotbm.h:252->C:\scratch\2024.1\hls_product\545\2024.1\src\shared\hls\clib\hlsmath\src\common\hls_hotbm_float.cpp:123->C:\scratch\2024.1\hls_product\545\2024.1\src\shared\hls\clib\hlsmath\src\c++\sincoshotbmfloat.cpp:10->C:\scratch\2024.1\hls_product\545\2024.1\src\shared\hls\clib\hlsmath\src\c++\sincoshotbmfloat.cpp:42->pedal_c.cpp:37]   --->   Operation 155 'icmp' 'icmp_ln292' <Predicate = true> <Delay = 1.01> <CoreInst = "Cmp">   --->   Core 9 'Cmp' <Latency = 0> <II = 1> <Delay = 1.01> <FuncUnit> <Opcode : 'seteq' 'setne' 'setle' 'setge' 'setlt' 'setgt'> <InPorts = 2> <OutPorts = 1>
ST_14 : Operation 156 [1/1] (1.01ns)   --->   "%shift_1 = add i32 %c_1, i32 16" [C:\scratch\2024.1\hls_product\545\2024.1\src\shared\hls\clib/src/hls\utils/x_hls_float_utils.h:290->C:\scratch\2024.1\hls_product\545\2024.1\src\shared\hls\clib/hlsmath/include/FloatingPoint\hls_hotbm.h:252->C:\scratch\2024.1\hls_product\545\2024.1\src\shared\hls\clib\hlsmath\src\common\hls_hotbm_float.cpp:123->C:\scratch\2024.1\hls_product\545\2024.1\src\shared\hls\clib\hlsmath\src\c++\sincoshotbmfloat.cpp:10->C:\scratch\2024.1\hls_product\545\2024.1\src\shared\hls\clib\hlsmath\src\c++\sincoshotbmfloat.cpp:42->pedal_c.cpp:37]   --->   Operation 156 'add' 'shift_1' <Predicate = true> <Delay = 1.01> <CoreInst = "Adder">   --->   Core 1 'Adder' <Latency = 0> <II = 1> <Delay = 1.01> <FuncUnit> <Opcode : 'add' 'sub'> <InPorts = 2> <OutPorts = 1>
ST_14 : Operation 157 [1/1] (0.00ns)   --->   "%zext_ln291_1 = zext i28 %in_shift_1" [C:\scratch\2024.1\hls_product\545\2024.1\src\shared\hls\clib/src/hls\utils/x_hls_float_utils.h:291->C:\scratch\2024.1\hls_product\545\2024.1\src\shared\hls\clib/hlsmath/include/FloatingPoint\hls_hotbm.h:252->C:\scratch\2024.1\hls_product\545\2024.1\src\shared\hls\clib\hlsmath\src\common\hls_hotbm_float.cpp:123->C:\scratch\2024.1\hls_product\545\2024.1\src\shared\hls\clib\hlsmath\src\c++\sincoshotbmfloat.cpp:10->C:\scratch\2024.1\hls_product\545\2024.1\src\shared\hls\clib\hlsmath\src\c++\sincoshotbmfloat.cpp:42->pedal_c.cpp:37]   --->   Operation 157 'zext' 'zext_ln291_1' <Predicate = (!and_ln271)> <Delay = 0.00>
ST_14 : Operation 158 [1/1] (1.38ns)   --->   "%shl_ln291_1 = shl i32 %zext_ln291_1, i32 %c_1" [C:\scratch\2024.1\hls_product\545\2024.1\src\shared\hls\clib/src/hls\utils/x_hls_float_utils.h:291->C:\scratch\2024.1\hls_product\545\2024.1\src\shared\hls\clib/hlsmath/include/FloatingPoint\hls_hotbm.h:252->C:\scratch\2024.1\hls_product\545\2024.1\src\shared\hls\clib\hlsmath\src\common\hls_hotbm_float.cpp:123->C:\scratch\2024.1\hls_product\545\2024.1\src\shared\hls\clib\hlsmath\src\c++\sincoshotbmfloat.cpp:10->C:\scratch\2024.1\hls_product\545\2024.1\src\shared\hls\clib\hlsmath\src\c++\sincoshotbmfloat.cpp:42->pedal_c.cpp:37]   --->   Operation 158 'shl' 'shl_ln291_1' <Predicate = (!and_ln271)> <Delay = 1.38> <CoreInst = "Shifter">   --->   Core 75 'Shifter' <Latency = 0> <II = 1> <Delay = 1.38> <FuncUnit> <Opcode : 'shl' 'lshr' 'ashr'> <InPorts = 2> <OutPorts = 1>
ST_14 : Operation 159 [1/1] (0.00ns) (grouped into LUT with out node newexp)   --->   "%shift_2 = select i1 %icmp_ln292, i32 %shift_1, i32 %c" [C:\scratch\2024.1\hls_product\545\2024.1\src\shared\hls\clib/src/hls\utils/x_hls_float_utils.h:292->C:\scratch\2024.1\hls_product\545\2024.1\src\shared\hls\clib/hlsmath/include/FloatingPoint\hls_hotbm.h:252->C:\scratch\2024.1\hls_product\545\2024.1\src\shared\hls\clib\hlsmath\src\common\hls_hotbm_float.cpp:123->C:\scratch\2024.1\hls_product\545\2024.1\src\shared\hls\clib\hlsmath\src\c++\sincoshotbmfloat.cpp:10->C:\scratch\2024.1\hls_product\545\2024.1\src\shared\hls\clib\hlsmath\src\c++\sincoshotbmfloat.cpp:42->pedal_c.cpp:37]   --->   Operation 159 'select' 'shift_2' <Predicate = true> <Delay = 0.00> <CoreInst = "Sel">   --->   Core 73 'Sel' <Latency = 0> <II = 1> <Delay = 0.44> <FuncUnit> <Opcode : 'select'> <InPorts = 3> <OutPorts = 1>
ST_14 : Operation 160 [1/1] (0.76ns) (out node of the LUT)   --->   "%add_ln300 = add i9 %sext_ln252, i9 127" [C:\scratch\2024.1\hls_product\545\2024.1\src\shared\hls\clib/src/hls\utils/x_hls_float_utils.h:300->C:\scratch\2024.1\hls_product\545\2024.1\src\shared\hls\clib/hlsmath/include/FloatingPoint\hls_hotbm.h:252->C:\scratch\2024.1\hls_product\545\2024.1\src\shared\hls\clib\hlsmath\src\common\hls_hotbm_float.cpp:123->C:\scratch\2024.1\hls_product\545\2024.1\src\shared\hls\clib\hlsmath\src\c++\sincoshotbmfloat.cpp:10->C:\scratch\2024.1\hls_product\545\2024.1\src\shared\hls\clib\hlsmath\src\c++\sincoshotbmfloat.cpp:42->pedal_c.cpp:37]   --->   Operation 160 'add' 'add_ln300' <Predicate = true> <Delay = 0.76> <CoreInst = "Adder">   --->   Core 1 'Adder' <Latency = 0> <II = 1> <Delay = 0.77> <FuncUnit> <Opcode : 'add' 'sub'> <InPorts = 2> <OutPorts = 1>
ST_14 : Operation 161 [1/1] (0.00ns) (grouped into LUT with out node newexp)   --->   "%sext_ln300 = sext i9 %add_ln300" [C:\scratch\2024.1\hls_product\545\2024.1\src\shared\hls\clib/src/hls\utils/x_hls_float_utils.h:300->C:\scratch\2024.1\hls_product\545\2024.1\src\shared\hls\clib/hlsmath/include/FloatingPoint\hls_hotbm.h:252->C:\scratch\2024.1\hls_product\545\2024.1\src\shared\hls\clib\hlsmath\src\common\hls_hotbm_float.cpp:123->C:\scratch\2024.1\hls_product\545\2024.1\src\shared\hls\clib\hlsmath\src\c++\sincoshotbmfloat.cpp:10->C:\scratch\2024.1\hls_product\545\2024.1\src\shared\hls\clib\hlsmath\src\c++\sincoshotbmfloat.cpp:42->pedal_c.cpp:37]   --->   Operation 161 'sext' 'sext_ln300' <Predicate = true> <Delay = 0.00>
ST_14 : Operation 162 [1/1] (1.01ns) (out node of the LUT)   --->   "%newexp = sub i32 %sext_ln300, i32 %shift_2" [C:\scratch\2024.1\hls_product\545\2024.1\src\shared\hls\clib/src/hls\utils/x_hls_float_utils.h:300->C:\scratch\2024.1\hls_product\545\2024.1\src\shared\hls\clib/hlsmath/include/FloatingPoint\hls_hotbm.h:252->C:\scratch\2024.1\hls_product\545\2024.1\src\shared\hls\clib\hlsmath\src\common\hls_hotbm_float.cpp:123->C:\scratch\2024.1\hls_product\545\2024.1\src\shared\hls\clib\hlsmath\src\c++\sincoshotbmfloat.cpp:10->C:\scratch\2024.1\hls_product\545\2024.1\src\shared\hls\clib\hlsmath\src\c++\sincoshotbmfloat.cpp:42->pedal_c.cpp:37]   --->   Operation 162 'sub' 'newexp' <Predicate = true> <Delay = 1.01> <CoreInst = "Adder">   --->   Core 1 'Adder' <Latency = 0> <II = 1> <Delay = 1.01> <FuncUnit> <Opcode : 'add' 'sub'> <InPorts = 2> <OutPorts = 1>
ST_14 : Operation 163 [1/1] (0.00ns) (grouped into LUT with out node or_ln282)   --->   "%tmp_3 = bitselect i1 @_ssdm_op_BitSelect.i1.i32.i32, i32 %newexp, i32 31" [C:\scratch\2024.1\hls_product\545\2024.1\src\shared\hls\clib/src/hls\utils/x_hls_float_utils.h:306->C:\scratch\2024.1\hls_product\545\2024.1\src\shared\hls\clib/hlsmath/include/FloatingPoint\hls_hotbm.h:252->C:\scratch\2024.1\hls_product\545\2024.1\src\shared\hls\clib\hlsmath\src\common\hls_hotbm_float.cpp:123->C:\scratch\2024.1\hls_product\545\2024.1\src\shared\hls\clib\hlsmath\src\c++\sincoshotbmfloat.cpp:10->C:\scratch\2024.1\hls_product\545\2024.1\src\shared\hls\clib\hlsmath\src\c++\sincoshotbmfloat.cpp:42->pedal_c.cpp:37]   --->   Operation 163 'bitselect' 'tmp_3' <Predicate = true> <Delay = 0.00>
ST_14 : Operation 164 [1/1] (0.98ns)   --->   "%icmp_ln306 = icmp_eq  i29 %result, i29 0" [C:\scratch\2024.1\hls_product\545\2024.1\src\shared\hls\clib/src/hls\utils/x_hls_float_utils.h:306->C:\scratch\2024.1\hls_product\545\2024.1\src\shared\hls\clib/hlsmath/include/FloatingPoint\hls_hotbm.h:252->C:\scratch\2024.1\hls_product\545\2024.1\src\shared\hls\clib\hlsmath\src\common\hls_hotbm_float.cpp:123->C:\scratch\2024.1\hls_product\545\2024.1\src\shared\hls\clib\hlsmath\src\c++\sincoshotbmfloat.cpp:10->C:\scratch\2024.1\hls_product\545\2024.1\src\shared\hls\clib\hlsmath\src\c++\sincoshotbmfloat.cpp:42->pedal_c.cpp:37]   --->   Operation 164 'icmp' 'icmp_ln306' <Predicate = true> <Delay = 0.98> <CoreInst = "Cmp">   --->   Core 9 'Cmp' <Latency = 0> <II = 1> <Delay = 0.98> <FuncUnit> <Opcode : 'seteq' 'setne' 'setle' 'setge' 'setlt' 'setgt'> <InPorts = 2> <OutPorts = 1>
ST_14 : Operation 165 [1/1] (0.00ns) (grouped into LUT with out node or_ln282)   --->   "%or_ln306 = or i1 %tmp_3, i1 %icmp_ln306" [C:\scratch\2024.1\hls_product\545\2024.1\src\shared\hls\clib/src/hls\utils/x_hls_float_utils.h:306->C:\scratch\2024.1\hls_product\545\2024.1\src\shared\hls\clib/hlsmath/include/FloatingPoint\hls_hotbm.h:252->C:\scratch\2024.1\hls_product\545\2024.1\src\shared\hls\clib\hlsmath\src\common\hls_hotbm_float.cpp:123->C:\scratch\2024.1\hls_product\545\2024.1\src\shared\hls\clib\hlsmath\src\c++\sincoshotbmfloat.cpp:10->C:\scratch\2024.1\hls_product\545\2024.1\src\shared\hls\clib\hlsmath\src\c++\sincoshotbmfloat.cpp:42->pedal_c.cpp:37]   --->   Operation 165 'or' 'or_ln306' <Predicate = true> <Delay = 0.00> <CoreInst = "LogicGate">   --->   Core 74 'LogicGate' <Latency = 0> <II = 1> <Delay = 0.28> <FuncUnit> <Opcode : 'and' 'or' 'xor'> <InPorts = 2> <OutPorts = 1>
ST_14 : Operation 166 [1/1] (0.00ns) (grouped into LUT with out node results_exp_1)   --->   "%empty = trunc i32 %newexp" [C:\scratch\2024.1\hls_product\545\2024.1\src\shared\hls\clib/src/hls\utils/x_hls_float_utils.h:300->C:\scratch\2024.1\hls_product\545\2024.1\src\shared\hls\clib/hlsmath/include/FloatingPoint\hls_hotbm.h:252->C:\scratch\2024.1\hls_product\545\2024.1\src\shared\hls\clib\hlsmath\src\common\hls_hotbm_float.cpp:123->C:\scratch\2024.1\hls_product\545\2024.1\src\shared\hls\clib\hlsmath\src\c++\sincoshotbmfloat.cpp:10->C:\scratch\2024.1\hls_product\545\2024.1\src\shared\hls\clib\hlsmath\src\c++\sincoshotbmfloat.cpp:42->pedal_c.cpp:37]   --->   Operation 166 'trunc' 'empty' <Predicate = (!and_ln271)> <Delay = 0.00>
ST_14 : Operation 167 [1/1] (0.00ns) (grouped into LUT with out node results_exp_1)   --->   "%select_ln282 = select i1 %icmp_ln282, i8 255, i8 0" [C:\scratch\2024.1\hls_product\545\2024.1\src\shared\hls\clib/hlsmath/include/FloatingPoint\hls_hotbm.h:282->C:\scratch\2024.1\hls_product\545\2024.1\src\shared\hls\clib\hlsmath\src\common\hls_hotbm_float.cpp:123->C:\scratch\2024.1\hls_product\545\2024.1\src\shared\hls\clib\hlsmath\src\c++\sincoshotbmfloat.cpp:10->C:\scratch\2024.1\hls_product\545\2024.1\src\shared\hls\clib\hlsmath\src\c++\sincoshotbmfloat.cpp:42->pedal_c.cpp:37]   --->   Operation 167 'select' 'select_ln282' <Predicate = (!and_ln271)> <Delay = 0.00> <CoreInst = "Sel">   --->   Core 73 'Sel' <Latency = 0> <II = 1> <Delay = 0.17> <FuncUnit> <Opcode : 'select'> <InPorts = 3> <OutPorts = 1>
ST_14 : Operation 168 [1/1] (0.28ns) (out node of the LUT)   --->   "%or_ln282 = or i1 %icmp_ln282, i1 %or_ln306" [C:\scratch\2024.1\hls_product\545\2024.1\src\shared\hls\clib/hlsmath/include/FloatingPoint\hls_hotbm.h:282->C:\scratch\2024.1\hls_product\545\2024.1\src\shared\hls\clib\hlsmath\src\common\hls_hotbm_float.cpp:123->C:\scratch\2024.1\hls_product\545\2024.1\src\shared\hls\clib\hlsmath\src\c++\sincoshotbmfloat.cpp:10->C:\scratch\2024.1\hls_product\545\2024.1\src\shared\hls\clib\hlsmath\src\c++\sincoshotbmfloat.cpp:42->pedal_c.cpp:37]   --->   Operation 168 'or' 'or_ln282' <Predicate = true> <Delay = 0.28> <CoreInst = "LogicGate">   --->   Core 74 'LogicGate' <Latency = 0> <II = 1> <Delay = 0.28> <FuncUnit> <Opcode : 'and' 'or' 'xor'> <InPorts = 2> <OutPorts = 1>
ST_14 : Operation 169 [1/1] (0.00ns) (grouped into LUT with out node results_exp_1)   --->   "%results_exp = select i1 %or_ln282, i8 %select_ln282, i8 %empty" [C:\scratch\2024.1\hls_product\545\2024.1\src\shared\hls\clib/hlsmath/include/FloatingPoint\hls_hotbm.h:282->C:\scratch\2024.1\hls_product\545\2024.1\src\shared\hls\clib\hlsmath\src\common\hls_hotbm_float.cpp:123->C:\scratch\2024.1\hls_product\545\2024.1\src\shared\hls\clib\hlsmath\src\c++\sincoshotbmfloat.cpp:10->C:\scratch\2024.1\hls_product\545\2024.1\src\shared\hls\clib\hlsmath\src\c++\sincoshotbmfloat.cpp:42->pedal_c.cpp:37]   --->   Operation 169 'select' 'results_exp' <Predicate = (!and_ln271)> <Delay = 0.00> <CoreInst = "Sel">   --->   Core 73 'Sel' <Latency = 0> <II = 1> <Delay = 0.39> <FuncUnit> <Opcode : 'select'> <InPorts = 3> <OutPorts = 1>
ST_14 : Operation 170 [1/1] (0.39ns) (out node of the LUT)   --->   "%results_exp_1 = select i1 %and_ln271, i8 0, i8 %results_exp" [C:\scratch\2024.1\hls_product\545\2024.1\src\shared\hls\clib/hlsmath/include/FloatingPoint\hls_hotbm.h:271->C:\scratch\2024.1\hls_product\545\2024.1\src\shared\hls\clib\hlsmath\src\common\hls_hotbm_float.cpp:123->C:\scratch\2024.1\hls_product\545\2024.1\src\shared\hls\clib\hlsmath\src\c++\sincoshotbmfloat.cpp:10->C:\scratch\2024.1\hls_product\545\2024.1\src\shared\hls\clib\hlsmath\src\c++\sincoshotbmfloat.cpp:42->pedal_c.cpp:37]   --->   Operation 170 'select' 'results_exp_1' <Predicate = true> <Delay = 0.39> <CoreInst = "Sel">   --->   Core 73 'Sel' <Latency = 0> <II = 1> <Delay = 0.39> <FuncUnit> <Opcode : 'select'> <InPorts = 3> <OutPorts = 1>

State 15 <SV = 14> <Delay = 9.94>
ST_15 : Operation 171 [1/1] (0.00ns) (grouped into LUT with out node results_sig_1)   --->   "%tmp = partselect i23 @_ssdm_op_PartSelect.i23.i32.i32.i32, i32 %shl_ln291_1, i32 5, i32 27" [C:\scratch\2024.1\hls_product\545\2024.1\src\shared\hls\clib/src/hls\utils/x_hls_float_utils.h:291->C:\scratch\2024.1\hls_product\545\2024.1\src\shared\hls\clib/hlsmath/include/FloatingPoint\hls_hotbm.h:252->C:\scratch\2024.1\hls_product\545\2024.1\src\shared\hls\clib\hlsmath\src\common\hls_hotbm_float.cpp:123->C:\scratch\2024.1\hls_product\545\2024.1\src\shared\hls\clib\hlsmath\src\c++\sincoshotbmfloat.cpp:10->C:\scratch\2024.1\hls_product\545\2024.1\src\shared\hls\clib\hlsmath\src\c++\sincoshotbmfloat.cpp:42->pedal_c.cpp:37]   --->   Operation 171 'partselect' 'tmp' <Predicate = (!and_ln271 & !or_ln282 & icmp_ln292)> <Delay = 0.00>
ST_15 : Operation 172 [1/1] (0.00ns) (grouped into LUT with out node results_sig_1)   --->   "%tmp_s = partselect i23 @_ssdm_op_PartSelect.i23.i32.i32.i32, i32 %shl_ln291, i32 5, i32 27" [C:\scratch\2024.1\hls_product\545\2024.1\src\shared\hls\clib/src/hls\utils/x_hls_float_utils.h:291->C:\scratch\2024.1\hls_product\545\2024.1\src\shared\hls\clib/hlsmath/include/FloatingPoint\hls_hotbm.h:252->C:\scratch\2024.1\hls_product\545\2024.1\src\shared\hls\clib\hlsmath\src\common\hls_hotbm_float.cpp:123->C:\scratch\2024.1\hls_product\545\2024.1\src\shared\hls\clib\hlsmath\src\c++\sincoshotbmfloat.cpp:10->C:\scratch\2024.1\hls_product\545\2024.1\src\shared\hls\clib\hlsmath\src\c++\sincoshotbmfloat.cpp:42->pedal_c.cpp:37]   --->   Operation 172 'partselect' 'tmp_s' <Predicate = (!and_ln271 & !or_ln282 & !icmp_ln292)> <Delay = 0.00>
ST_15 : Operation 173 [1/1] (0.00ns) (grouped into LUT with out node results_sig_1)   --->   "%empty_75 = select i1 %icmp_ln292, i23 %tmp, i23 %tmp_s" [C:\scratch\2024.1\hls_product\545\2024.1\src\shared\hls\clib/src/hls\utils/x_hls_float_utils.h:292->C:\scratch\2024.1\hls_product\545\2024.1\src\shared\hls\clib/hlsmath/include/FloatingPoint\hls_hotbm.h:252->C:\scratch\2024.1\hls_product\545\2024.1\src\shared\hls\clib\hlsmath\src\common\hls_hotbm_float.cpp:123->C:\scratch\2024.1\hls_product\545\2024.1\src\shared\hls\clib\hlsmath\src\c++\sincoshotbmfloat.cpp:10->C:\scratch\2024.1\hls_product\545\2024.1\src\shared\hls\clib\hlsmath\src\c++\sincoshotbmfloat.cpp:42->pedal_c.cpp:37]   --->   Operation 173 'select' 'empty_75' <Predicate = (!and_ln271 & !or_ln282)> <Delay = 0.00> <CoreInst = "Sel">   --->   Core 73 'Sel' <Latency = 0> <II = 1> <Delay = 0.33> <FuncUnit> <Opcode : 'select'> <InPorts = 3> <OutPorts = 1>
ST_15 : Operation 174 [1/1] (0.00ns) (grouped into LUT with out node results_sig_1)   --->   "%select_ln282_2 = select i1 %icmp_ln282, i23 8388607, i23 0" [C:\scratch\2024.1\hls_product\545\2024.1\src\shared\hls\clib/hlsmath/include/FloatingPoint\hls_hotbm.h:282->C:\scratch\2024.1\hls_product\545\2024.1\src\shared\hls\clib\hlsmath\src\common\hls_hotbm_float.cpp:123->C:\scratch\2024.1\hls_product\545\2024.1\src\shared\hls\clib\hlsmath\src\c++\sincoshotbmfloat.cpp:10->C:\scratch\2024.1\hls_product\545\2024.1\src\shared\hls\clib\hlsmath\src\c++\sincoshotbmfloat.cpp:42->pedal_c.cpp:37]   --->   Operation 174 'select' 'select_ln282_2' <Predicate = (!and_ln271 & or_ln282)> <Delay = 0.00> <CoreInst = "Sel">   --->   Core 73 'Sel' <Latency = 0> <II = 1> <Delay = 0.17> <FuncUnit> <Opcode : 'select'> <InPorts = 3> <OutPorts = 1>
ST_15 : Operation 175 [1/1] (0.00ns) (grouped into LUT with out node results_sig_1)   --->   "%results_sig = select i1 %or_ln282, i23 %select_ln282_2, i23 %empty_75" [C:\scratch\2024.1\hls_product\545\2024.1\src\shared\hls\clib/hlsmath/include/FloatingPoint\hls_hotbm.h:282->C:\scratch\2024.1\hls_product\545\2024.1\src\shared\hls\clib\hlsmath\src\common\hls_hotbm_float.cpp:123->C:\scratch\2024.1\hls_product\545\2024.1\src\shared\hls\clib\hlsmath\src\c++\sincoshotbmfloat.cpp:10->C:\scratch\2024.1\hls_product\545\2024.1\src\shared\hls\clib\hlsmath\src\c++\sincoshotbmfloat.cpp:42->pedal_c.cpp:37]   --->   Operation 175 'select' 'results_sig' <Predicate = (!and_ln271)> <Delay = 0.00> <CoreInst = "Sel">   --->   Core 73 'Sel' <Latency = 0> <II = 1> <Delay = 0.33> <FuncUnit> <Opcode : 'select'> <InPorts = 3> <OutPorts = 1>
ST_15 : Operation 176 [1/1] (0.33ns) (out node of the LUT)   --->   "%results_sig_1 = select i1 %and_ln271, i23 0, i23 %results_sig" [C:\scratch\2024.1\hls_product\545\2024.1\src\shared\hls\clib/hlsmath/include/FloatingPoint\hls_hotbm.h:271->C:\scratch\2024.1\hls_product\545\2024.1\src\shared\hls\clib\hlsmath\src\common\hls_hotbm_float.cpp:123->C:\scratch\2024.1\hls_product\545\2024.1\src\shared\hls\clib\hlsmath\src\c++\sincoshotbmfloat.cpp:10->C:\scratch\2024.1\hls_product\545\2024.1\src\shared\hls\clib\hlsmath\src\c++\sincoshotbmfloat.cpp:42->pedal_c.cpp:37]   --->   Operation 176 'select' 'results_sig_1' <Predicate = true> <Delay = 0.33> <CoreInst = "Sel">   --->   Core 73 'Sel' <Latency = 0> <II = 1> <Delay = 0.33> <FuncUnit> <Opcode : 'select'> <InPorts = 3> <OutPorts = 1>
ST_15 : Operation 177 [1/1] (0.00ns)   --->   "%t_2 = bitconcatenate i32 @_ssdm_op_BitConcatenate.i32.i1.i8.i23, i1 %results_sign_2, i8 %results_exp_1, i23 %results_sig_1" [C:\scratch\2024.1\hls_product\545\2024.1\src\shared\hls\clib/src/hls\utils/x_hls_utils.h:313->C:\scratch\2024.1\hls_product\545\2024.1\src\shared\hls\clib/src/hls\utils/x_hls_utils.h:326->C:\scratch\2024.1\hls_product\545\2024.1\src\shared\hls\clib/src/hls\utils/x_hls_utils.h:347->C:\scratch\2024.1\hls_product\545\2024.1\src\shared\hls\clib/hlsmath/include/FloatingPoint\hls_hotbm.h:287->C:\scratch\2024.1\hls_product\545\2024.1\src\shared\hls\clib\hlsmath\src\common\hls_hotbm_float.cpp:123->C:\scratch\2024.1\hls_product\545\2024.1\src\shared\hls\clib\hlsmath\src\c++\sincoshotbmfloat.cpp:10->C:\scratch\2024.1\hls_product\545\2024.1\src\shared\hls\clib\hlsmath\src\c++\sincoshotbmfloat.cpp:42->pedal_c.cpp:37]   --->   Operation 177 'bitconcatenate' 't_2' <Predicate = true> <Delay = 0.00>
ST_15 : Operation 178 [1/1] (0.00ns)   --->   "%bitcast_ln327 = bitcast i32 %t_2" [C:\scratch\2024.1\hls_product\545\2024.1\src\shared\hls\clib/src/hls\utils/x_hls_utils.h:327->C:\scratch\2024.1\hls_product\545\2024.1\src\shared\hls\clib/src/hls\utils/x_hls_utils.h:347->C:\scratch\2024.1\hls_product\545\2024.1\src\shared\hls\clib/hlsmath/include/FloatingPoint\hls_hotbm.h:287->C:\scratch\2024.1\hls_product\545\2024.1\src\shared\hls\clib\hlsmath\src\common\hls_hotbm_float.cpp:123->C:\scratch\2024.1\hls_product\545\2024.1\src\shared\hls\clib\hlsmath\src\c++\sincoshotbmfloat.cpp:10->C:\scratch\2024.1\hls_product\545\2024.1\src\shared\hls\clib\hlsmath\src\c++\sincoshotbmfloat.cpp:42->pedal_c.cpp:37]   --->   Operation 178 'bitcast' 'bitcast_ln327' <Predicate = true> <Delay = 0.00>
ST_15 : Operation 179 [1/1] (9.61ns)   --->   "%pf = fpext i32 %bitcast_ln327" [pedal_c.cpp:37]   --->   Operation 179 'fpext' 'pf' <Predicate = true> <Delay = 9.61> <CoreInst = "Float2Double">   --->   Core 64 'Float2Double' <Latency = 0> <II = 1> <Delay = 9.61> <FuncUnit> <Opcode : 'fpext'> <InPorts = 1> <OutPorts = 1>
ST_15 : Operation 180 [1/1] (0.00ns)   --->   "%bitcast_ln716 = bitcast i64 %pf" [pedal_c.cpp:37]   --->   Operation 180 'bitcast' 'bitcast_ln716' <Predicate = true> <Delay = 0.00>
ST_15 : Operation 181 [1/1] (0.00ns)   --->   "%trunc_ln37 = trunc i64 %bitcast_ln716" [pedal_c.cpp:37]   --->   Operation 181 'trunc' 'trunc_ln37' <Predicate = true> <Delay = 0.00>
ST_15 : Operation 182 [1/1] (0.00ns)   --->   "%tmp_4 = bitselect i1 @_ssdm_op_BitSelect.i1.i64.i32, i64 %bitcast_ln716, i32 63" [pedal_c.cpp:37]   --->   Operation 182 'bitselect' 'tmp_4' <Predicate = true> <Delay = 0.00>
ST_15 : Operation 183 [1/1] (0.00ns)   --->   "%tmp_1 = partselect i11 @_ssdm_op_PartSelect.i11.i64.i32.i32, i64 %bitcast_ln716, i32 52, i32 62" [pedal_c.cpp:37]   --->   Operation 183 'partselect' 'tmp_1' <Predicate = true> <Delay = 0.00>
ST_15 : Operation 184 [1/1] (0.00ns)   --->   "%trunc_ln37_1 = trunc i64 %bitcast_ln716" [pedal_c.cpp:37]   --->   Operation 184 'trunc' 'trunc_ln37_1' <Predicate = true> <Delay = 0.00>

State 16 <SV = 15> <Delay = 7.77>
ST_16 : Operation 185 [1/1] (0.00ns)   --->   "%zext_ln37 = zext i11 %tmp_1" [pedal_c.cpp:37]   --->   Operation 185 'zext' 'zext_ln37' <Predicate = true> <Delay = 0.00>
ST_16 : Operation 186 [1/1] (0.00ns) (grouped into TernaryAdder)   --->   "%add_ln37 = add i12 %zext_ln37, i12 3073" [pedal_c.cpp:37]   --->   Operation 186 'add' 'add_ln37' <Predicate = true> <Delay = 0.00> <CoreInst = "TAddSub">   --->   Core 10 'TAddSub' <Latency = 0> <II = 1> <Delay = 0.43> <IPBlock> <Opcode : '' 'add' 'sub'> <InPorts = 3> <OutPorts = 1> <Sync> <CReg>
ST_16 : Operation 187 [1/1] (0.00ns)   --->   "%zext_ln37_1_cast = bitconcatenate i53 @_ssdm_op_BitConcatenate.i53.i1.i52, i1 1, i52 %trunc_ln37_1" [pedal_c.cpp:37]   --->   Operation 187 'bitconcatenate' 'zext_ln37_1_cast' <Predicate = true> <Delay = 0.00>
ST_16 : Operation 188 [1/1] (0.00ns)   --->   "%zext_ln37_1 = zext i53 %zext_ln37_1_cast" [pedal_c.cpp:37]   --->   Operation 188 'zext' 'zext_ln37_1' <Predicate = true> <Delay = 0.00>
ST_16 : Operation 189 [1/1] (1.10ns)   --->   "%sub_ln37 = sub i54 0, i54 %zext_ln37_1" [pedal_c.cpp:37]   --->   Operation 189 'sub' 'sub_ln37' <Predicate = (tmp_4)> <Delay = 1.10> <CoreInst = "Adder">   --->   Core 1 'Adder' <Latency = 0> <II = 1> <Delay = 1.09> <FuncUnit> <Opcode : 'add' 'sub'> <InPorts = 2> <OutPorts = 1>
ST_16 : Operation 190 [1/1] (0.40ns)   --->   "%select_ln37 = select i1 %tmp_4, i54 %sub_ln37, i54 %zext_ln37_1" [pedal_c.cpp:37]   --->   Operation 190 'select' 'select_ln37' <Predicate = true> <Delay = 0.40> <CoreInst = "Sel">   --->   Core 73 'Sel' <Latency = 0> <II = 1> <Delay = 0.40> <FuncUnit> <Opcode : 'select'> <InPorts = 3> <OutPorts = 1>
ST_16 : Operation 191 [1/1] (1.08ns)   --->   "%icmp_ln37 = icmp_eq  i63 %trunc_ln37, i63 0" [pedal_c.cpp:37]   --->   Operation 191 'icmp' 'icmp_ln37' <Predicate = true> <Delay = 1.08> <CoreInst = "Cmp">   --->   Core 9 'Cmp' <Latency = 0> <II = 1> <Delay = 1.08> <FuncUnit> <Opcode : 'seteq' 'setne' 'setle' 'setge' 'setlt' 'setgt'> <InPorts = 2> <OutPorts = 1>
ST_16 : Operation 192 [1/1] (0.80ns)   --->   "%sub_ln37_1 = sub i12 1075, i12 %zext_ln37" [pedal_c.cpp:37]   --->   Operation 192 'sub' 'sub_ln37_1' <Predicate = true> <Delay = 0.80> <CoreInst = "Adder">   --->   Core 1 'Adder' <Latency = 0> <II = 1> <Delay = 0.80> <FuncUnit> <Opcode : 'add' 'sub'> <InPorts = 2> <OutPorts = 1>
ST_16 : Operation 193 [1/1] (0.00ns)   --->   "%trunc_ln37_2 = trunc i12 %sub_ln37_1" [pedal_c.cpp:37]   --->   Operation 193 'trunc' 'trunc_ln37_2' <Predicate = true> <Delay = 0.00>
ST_16 : Operation 194 [1/1] (0.80ns)   --->   "%icmp_ln37_1 = icmp_sgt  i12 %sub_ln37_1, i12 16" [pedal_c.cpp:37]   --->   Operation 194 'icmp' 'icmp_ln37_1' <Predicate = true> <Delay = 0.80> <CoreInst = "Cmp">   --->   Core 9 'Cmp' <Latency = 0> <II = 1> <Delay = 0.80> <FuncUnit> <Opcode : 'seteq' 'setne' 'setle' 'setge' 'setlt' 'setgt'> <InPorts = 2> <OutPorts = 1>
ST_16 : Operation 195 [1/1] (0.80ns)   --->   "%add_ln37_1 = add i12 %sub_ln37_1, i12 4080" [pedal_c.cpp:37]   --->   Operation 195 'add' 'add_ln37_1' <Predicate = true> <Delay = 0.80> <CoreInst = "Adder">   --->   Core 1 'Adder' <Latency = 0> <II = 1> <Delay = 0.80> <FuncUnit> <Opcode : 'add' 'sub'> <InPorts = 2> <OutPorts = 1>
ST_16 : Operation 196 [1/1] (0.00ns)   --->   "%trunc_ln37_3 = trunc i12 %add_ln37_1" [pedal_c.cpp:37]   --->   Operation 196 'trunc' 'trunc_ln37_3' <Predicate = true> <Delay = 0.00>
ST_16 : Operation 197 [1/1] (0.79ns)   --->   "%sub_ln37_2 = sub i11 16, i11 %trunc_ln37_2" [pedal_c.cpp:37]   --->   Operation 197 'sub' 'sub_ln37_2' <Predicate = true> <Delay = 0.79> <CoreInst = "Adder">   --->   Core 1 'Adder' <Latency = 0> <II = 1> <Delay = 0.79> <FuncUnit> <Opcode : 'add' 'sub'> <InPorts = 2> <OutPorts = 1>
ST_16 : Operation 198 [1/1] (0.38ns)   --->   "%select_ln37_1 = select i1 %icmp_ln37_1, i11 %trunc_ln37_3, i11 %sub_ln37_2" [pedal_c.cpp:37]   --->   Operation 198 'select' 'select_ln37_1' <Predicate = true> <Delay = 0.38> <CoreInst = "Sel">   --->   Core 73 'Sel' <Latency = 0> <II = 1> <Delay = 0.38> <FuncUnit> <Opcode : 'select'> <InPorts = 3> <OutPorts = 1>
ST_16 : Operation 199 [1/1] (0.00ns)   --->   "%zext_ln37_4 = zext i11 %select_ln37_1" [pedal_c.cpp:37]   --->   Operation 199 'zext' 'zext_ln37_4' <Predicate = true> <Delay = 0.00>
ST_16 : Operation 200 [1/1] (0.80ns)   --->   "%icmp_ln37_2 = icmp_eq  i12 %sub_ln37_1, i12 16" [pedal_c.cpp:37]   --->   Operation 200 'icmp' 'icmp_ln37_2' <Predicate = true> <Delay = 0.80> <CoreInst = "Cmp">   --->   Core 9 'Cmp' <Latency = 0> <II = 1> <Delay = 0.80> <FuncUnit> <Opcode : 'seteq' 'setne' 'setle' 'setge' 'setlt' 'setgt'> <InPorts = 2> <OutPorts = 1>
ST_16 : Operation 201 [1/1] (0.00ns)   --->   "%trunc_ln37_4 = trunc i54 %select_ln37" [pedal_c.cpp:37]   --->   Operation 201 'trunc' 'trunc_ln37_4' <Predicate = true> <Delay = 0.00>
ST_16 : Operation 202 [1/1] (0.79ns)   --->   "%icmp_ln37_3 = icmp_ult  i11 %select_ln37_1, i11 54" [pedal_c.cpp:37]   --->   Operation 202 'icmp' 'icmp_ln37_3' <Predicate = true> <Delay = 0.79> <CoreInst = "Cmp">   --->   Core 9 'Cmp' <Latency = 0> <II = 1> <Delay = 0.79> <FuncUnit> <Opcode : 'seteq' 'setne' 'setle' 'setge' 'setlt' 'setgt'> <InPorts = 2> <OutPorts = 1>
ST_16 : Operation 203 [1/1] (0.00ns) (grouped into LUT with out node select_ln37_2)   --->   "%select_ln37_3 = select i1 %tmp_4, i32 4294967295, i32 0" [pedal_c.cpp:37]   --->   Operation 203 'select' 'select_ln37_3' <Predicate = true> <Delay = 0.00> <CoreInst = "Sel">   --->   Core 73 'Sel' <Latency = 0> <II = 1> <Delay = 0.17> <FuncUnit> <Opcode : 'select'> <InPorts = 3> <OutPorts = 1>
ST_16 : Operation 204 [1/1] (0.00ns)   --->   "%zext_ln37_2 = zext i11 %select_ln37_1" [pedal_c.cpp:37]   --->   Operation 204 'zext' 'zext_ln37_2' <Predicate = true> <Delay = 0.00>
ST_16 : Operation 205 [1/1] (1.50ns)   --->   "%ashr_ln37 = ashr i54 %select_ln37, i54 %zext_ln37_2" [pedal_c.cpp:37]   --->   Operation 205 'ashr' 'ashr_ln37' <Predicate = true> <Delay = 1.50> <CoreInst = "Shifter">   --->   Core 75 'Shifter' <Latency = 0> <II = 1> <Delay = 1.50> <FuncUnit> <Opcode : 'shl' 'lshr' 'ashr'> <InPorts = 2> <OutPorts = 1>
ST_16 : Operation 206 [1/1] (0.00ns) (grouped into LUT with out node select_ln37_2)   --->   "%trunc_ln37_5 = trunc i54 %ashr_ln37" [pedal_c.cpp:37]   --->   Operation 206 'trunc' 'trunc_ln37_5' <Predicate = true> <Delay = 0.00>
ST_16 : Operation 207 [1/1] (0.44ns) (out node of the LUT)   --->   "%select_ln37_2 = select i1 %icmp_ln37_3, i32 %trunc_ln37_5, i32 %select_ln37_3" [pedal_c.cpp:37]   --->   Operation 207 'select' 'select_ln37_2' <Predicate = true> <Delay = 0.44> <CoreInst = "Sel">   --->   Core 73 'Sel' <Latency = 0> <II = 1> <Delay = 0.44> <FuncUnit> <Opcode : 'select'> <InPorts = 3> <OutPorts = 1>
ST_16 : Operation 208 [1/1] (0.80ns)   --->   "%icmp_ln37_4 = icmp_sgt  i12 %add_ln37_1, i12 54" [pedal_c.cpp:37]   --->   Operation 208 'icmp' 'icmp_ln37_4' <Predicate = true> <Delay = 0.80> <CoreInst = "Cmp">   --->   Core 9 'Cmp' <Latency = 0> <II = 1> <Delay = 0.80> <FuncUnit> <Opcode : 'seteq' 'setne' 'setle' 'setge' 'setlt' 'setgt'> <InPorts = 2> <OutPorts = 1>
ST_16 : Operation 209 [1/1] (0.00ns)   --->   "%tmp_5 = partselect i6 @_ssdm_op_PartSelect.i6.i11.i32.i32, i11 %select_ln37_1, i32 5, i32 10" [pedal_c.cpp:37]   --->   Operation 209 'partselect' 'tmp_5' <Predicate = true> <Delay = 0.00>
ST_16 : Operation 210 [1/1] (0.78ns)   --->   "%icmp_ln37_9 = icmp_eq  i6 %tmp_5, i6 0" [pedal_c.cpp:37]   --->   Operation 210 'icmp' 'icmp_ln37_9' <Predicate = true> <Delay = 0.78> <CoreInst = "Cmp">   --->   Core 9 'Cmp' <Latency = 0> <II = 1> <Delay = 0.78> <FuncUnit> <Opcode : 'seteq' 'setne' 'setle' 'setge' 'setlt' 'setgt'> <InPorts = 2> <OutPorts = 1>
ST_16 : Operation 211 [1/1] (0.80ns)   --->   "%add_ln37_2 = add i12 %sub_ln37_1, i12 4079" [pedal_c.cpp:37]   --->   Operation 211 'add' 'add_ln37_2' <Predicate = true> <Delay = 0.80> <CoreInst = "Adder">   --->   Core 1 'Adder' <Latency = 0> <II = 1> <Delay = 0.80> <FuncUnit> <Opcode : 'add' 'sub'> <InPorts = 2> <OutPorts = 1>
ST_16 : Operation 212 [1/1] (0.00ns)   --->   "%sext_ln37 = sext i12 %add_ln37_2" [pedal_c.cpp:37]   --->   Operation 212 'sext' 'sext_ln37' <Predicate = true> <Delay = 0.00>
ST_16 : Operation 213 [1/1] (0.00ns)   --->   "%tmp_6 = bitselect i1 @_ssdm_op_BitSelect.i1.i54.i32, i54 %select_ln37, i32 %sext_ln37" [pedal_c.cpp:37]   --->   Operation 213 'bitselect' 'tmp_6' <Predicate = true> <Delay = 0.00>
ST_16 : Operation 214 [1/1] (1.38ns)   --->   "%shl_ln37 = shl i32 %trunc_ln37_4, i32 %zext_ln37_4" [pedal_c.cpp:37]   --->   Operation 214 'shl' 'shl_ln37' <Predicate = true> <Delay = 1.38> <CoreInst = "Shifter">   --->   Core 75 'Shifter' <Latency = 0> <II = 1> <Delay = 1.38> <FuncUnit> <Opcode : 'shl' 'lshr' 'ashr'> <InPorts = 2> <OutPorts = 1>
ST_16 : Operation 215 [1/1] (0.00ns) (grouped into LUT with out node and_ln37)   --->   "%cond63_i = select i1 %icmp_ln37_4, i1 %tmp_4, i1 %tmp_6" [pedal_c.cpp:37]   --->   Operation 215 'select' 'cond63_i' <Predicate = true> <Delay = 0.00> <CoreInst = "Sel">   --->   Core 73 'Sel' <Latency = 0> <II = 1> <Delay = 0.17> <FuncUnit> <Opcode : 'select'> <InPorts = 3> <OutPorts = 1>
ST_16 : Operation 216 [1/1] (0.80ns)   --->   "%icmp_ln37_6 = icmp_sgt  i12 %sub_ln37_1, i12 17" [pedal_c.cpp:37]   --->   Operation 216 'icmp' 'icmp_ln37_6' <Predicate = true> <Delay = 0.80> <CoreInst = "Cmp">   --->   Core 9 'Cmp' <Latency = 0> <II = 1> <Delay = 0.80> <FuncUnit> <Opcode : 'seteq' 'setne' 'setle' 'setge' 'setlt' 'setgt'> <InPorts = 2> <OutPorts = 1>
ST_16 : Operation 217 [1/1] (0.80ns)   --->   "%add_ln37_3 = add i12 %sub_ln37_1, i12 4078" [pedal_c.cpp:37]   --->   Operation 217 'add' 'add_ln37_3' <Predicate = true> <Delay = 0.80> <CoreInst = "Adder">   --->   Core 1 'Adder' <Latency = 0> <II = 1> <Delay = 0.80> <FuncUnit> <Opcode : 'add' 'sub'> <InPorts = 2> <OutPorts = 1>
ST_16 : Operation 218 [1/1] (0.80ns)   --->   "%icmp_ln37_7 = icmp_sgt  i12 %add_ln37_3, i12 53" [pedal_c.cpp:37]   --->   Operation 218 'icmp' 'icmp_ln37_7' <Predicate = true> <Delay = 0.80> <CoreInst = "Cmp">   --->   Core 9 'Cmp' <Latency = 0> <II = 1> <Delay = 0.80> <FuncUnit> <Opcode : 'seteq' 'setne' 'setle' 'setge' 'setlt' 'setgt'> <InPorts = 2> <OutPorts = 1>
ST_16 : Operation 219 [1/1] (0.00ns)   --->   "%trunc_ln37_6 = trunc i12 %add_ln37_3" [pedal_c.cpp:37]   --->   Operation 219 'trunc' 'trunc_ln37_6' <Predicate = true> <Delay = 0.00>
ST_16 : Operation 220 [1/1] (0.78ns)   --->   "%sub_ln37_3 = sub i6 53, i6 %trunc_ln37_6" [pedal_c.cpp:37]   --->   Operation 220 'sub' 'sub_ln37_3' <Predicate = true> <Delay = 0.78> <CoreInst = "Adder">   --->   Core 1 'Adder' <Latency = 0> <II = 1> <Delay = 0.78> <FuncUnit> <Opcode : 'add' 'sub'> <InPorts = 2> <OutPorts = 1>
ST_16 : Operation 221 [1/1] (0.00ns) (grouped into LUT with out node lshr_ln37_2)   --->   "%select_ln37_8 = select i1 %icmp_ln37_7, i6 0, i6 %sub_ln37_3" [pedal_c.cpp:37]   --->   Operation 221 'select' 'select_ln37_8' <Predicate = true> <Delay = 0.00> <CoreInst = "Sel">   --->   Core 73 'Sel' <Latency = 0> <II = 1> <Delay = 0.38> <FuncUnit> <Opcode : 'select'> <InPorts = 3> <OutPorts = 1>
ST_16 : Operation 222 [1/1] (0.00ns) (grouped into LUT with out node lshr_ln37_2)   --->   "%zext_ln37_5 = zext i6 %select_ln37_8" [pedal_c.cpp:37]   --->   Operation 222 'zext' 'zext_ln37_5' <Predicate = true> <Delay = 0.00>
ST_16 : Operation 223 [1/1] (0.73ns) (out node of the LUT)   --->   "%lshr_ln37_2 = lshr i54 18014398509481983, i54 %zext_ln37_5" [pedal_c.cpp:37]   --->   Operation 223 'lshr' 'lshr_ln37_2' <Predicate = true> <Delay = 0.73> <CoreInst = "Shifter">   --->   Core 75 'Shifter' <Latency = 0> <II = 1> <Delay = 1.50> <FuncUnit> <Opcode : 'shl' 'lshr' 'ashr'> <InPorts = 2> <OutPorts = 1>
ST_16 : Operation 224 [1/1] (0.00ns) (grouped into LUT with out node icmp_ln37_8)   --->   "%and_ln37_17 = and i54 %select_ln37, i54 %lshr_ln37_2" [pedal_c.cpp:37]   --->   Operation 224 'and' 'and_ln37_17' <Predicate = true> <Delay = 0.00> <CoreInst = "LogicGate">   --->   Core 74 'LogicGate' <Latency = 0> <II = 1> <Delay = 0.33> <FuncUnit> <Opcode : 'and' 'or' 'xor'> <InPorts = 2> <OutPorts = 1>
ST_16 : Operation 225 [1/1] (1.09ns) (out node of the LUT)   --->   "%icmp_ln37_8 = icmp_ne  i54 %and_ln37_17, i54 0" [pedal_c.cpp:37]   --->   Operation 225 'icmp' 'icmp_ln37_8' <Predicate = true> <Delay = 1.09> <CoreInst = "Cmp">   --->   Core 9 'Cmp' <Latency = 0> <II = 1> <Delay = 1.09> <FuncUnit> <Opcode : 'seteq' 'setne' 'setle' 'setge' 'setlt' 'setgt'> <InPorts = 2> <OutPorts = 1>
ST_16 : Operation 226 [1/1] (0.00ns) (grouped into LUT with out node and_ln37)   --->   "%cond85_i = and i1 %icmp_ln37_6, i1 %icmp_ln37_8" [pedal_c.cpp:37]   --->   Operation 226 'and' 'cond85_i' <Predicate = true> <Delay = 0.00> <CoreInst = "LogicGate">   --->   Core 74 'LogicGate' <Latency = 0> <II = 1> <Delay = 0.28> <FuncUnit> <Opcode : 'and' 'or' 'xor'> <InPorts = 2> <OutPorts = 1>
ST_16 : Operation 227 [1/1] (0.00ns) (grouped into LUT with out node carry_1_i)   --->   "%tmp_7 = bitselect i1 @_ssdm_op_BitSelect.i1.i32.i32, i32 %select_ln37_2, i32 31" [pedal_c.cpp:37]   --->   Operation 227 'bitselect' 'tmp_7' <Predicate = true> <Delay = 0.00>
ST_16 : Operation 228 [1/1] (0.00ns) (grouped into LUT with out node and_ln37)   --->   "%trunc_ln37_7 = trunc i32 %select_ln37_2" [pedal_c.cpp:37]   --->   Operation 228 'trunc' 'trunc_ln37_7' <Predicate = true> <Delay = 0.00>
ST_16 : Operation 229 [1/1] (0.00ns) (grouped into LUT with out node and_ln37)   --->   "%or_ln37 = or i1 %trunc_ln37_7, i1 %cond85_i" [pedal_c.cpp:37]   --->   Operation 229 'or' 'or_ln37' <Predicate = true> <Delay = 0.00> <CoreInst = "LogicGate">   --->   Core 74 'LogicGate' <Latency = 0> <II = 1> <Delay = 0.28> <FuncUnit> <Opcode : 'and' 'or' 'xor'> <InPorts = 2> <OutPorts = 1>
ST_16 : Operation 230 [1/1] (0.28ns) (out node of the LUT)   --->   "%and_ln37 = and i1 %or_ln37, i1 %cond63_i" [pedal_c.cpp:37]   --->   Operation 230 'and' 'and_ln37' <Predicate = true> <Delay = 0.28> <CoreInst = "LogicGate">   --->   Core 74 'LogicGate' <Latency = 0> <II = 1> <Delay = 0.28> <FuncUnit> <Opcode : 'and' 'or' 'xor'> <InPorts = 2> <OutPorts = 1>
ST_16 : Operation 231 [1/1] (0.00ns) (grouped into LUT with out node add_ln37_4)   --->   "%zext_ln37_3 = zext i1 %and_ln37" [pedal_c.cpp:37]   --->   Operation 231 'zext' 'zext_ln37_3' <Predicate = true> <Delay = 0.00>
ST_16 : Operation 232 [1/1] (1.01ns) (out node of the LUT)   --->   "%add_ln37_4 = add i32 %select_ln37_2, i32 %zext_ln37_3" [pedal_c.cpp:37]   --->   Operation 232 'add' 'add_ln37_4' <Predicate = true> <Delay = 1.01> <CoreInst = "Adder">   --->   Core 1 'Adder' <Latency = 0> <II = 1> <Delay = 1.01> <FuncUnit> <Opcode : 'add' 'sub'> <InPorts = 2> <OutPorts = 1>
ST_16 : Operation 233 [1/1] (0.00ns) (grouped into LUT with out node carry_1_i)   --->   "%tmp_8 = bitselect i1 @_ssdm_op_BitSelect.i1.i32.i32, i32 %add_ln37_4, i32 31" [pedal_c.cpp:37]   --->   Operation 233 'bitselect' 'tmp_8' <Predicate = true> <Delay = 0.00>
ST_16 : Operation 234 [1/1] (0.00ns) (grouped into LUT with out node carry_1_i)   --->   "%xor_ln37 = xor i1 %tmp_8, i1 1" [pedal_c.cpp:37]   --->   Operation 234 'xor' 'xor_ln37' <Predicate = true> <Delay = 0.00> <CoreInst = "LogicGate">   --->   Core 74 'LogicGate' <Latency = 0> <II = 1> <Delay = 0.28> <FuncUnit> <Opcode : 'and' 'or' 'xor'> <InPorts = 2> <OutPorts = 1>
ST_16 : Operation 235 [1/1] (0.00ns) (grouped into LUT with out node and_ln37_1)   --->   "%xor_ln37_2 = xor i1 %icmp_ln37_2, i1 1" [pedal_c.cpp:37]   --->   Operation 235 'xor' 'xor_ln37_2' <Predicate = true> <Delay = 0.00> <CoreInst = "LogicGate">   --->   Core 74 'LogicGate' <Latency = 0> <II = 1> <Delay = 0.28> <FuncUnit> <Opcode : 'and' 'or' 'xor'> <InPorts = 2> <OutPorts = 1>
ST_16 : Operation 236 [1/1] (0.28ns) (out node of the LUT)   --->   "%and_ln37_1 = and i1 %icmp_ln37_1, i1 %xor_ln37_2" [pedal_c.cpp:37]   --->   Operation 236 'and' 'and_ln37_1' <Predicate = true> <Delay = 0.28> <CoreInst = "LogicGate">   --->   Core 74 'LogicGate' <Latency = 0> <II = 1> <Delay = 0.28> <FuncUnit> <Opcode : 'and' 'or' 'xor'> <InPorts = 2> <OutPorts = 1>
ST_16 : Operation 237 [1/1] (0.00ns)   --->   "%tmp_9 = partselect i8 @_ssdm_op_PartSelect.i8.i12.i32.i32, i12 %sub_ln37_1, i32 4, i32 11" [pedal_c.cpp:37]   --->   Operation 237 'partselect' 'tmp_9' <Predicate = true> <Delay = 0.00>
ST_16 : Operation 238 [1/1] (0.76ns)   --->   "%icmp_ln37_11 = icmp_slt  i8 %tmp_9, i8 1" [pedal_c.cpp:37]   --->   Operation 238 'icmp' 'icmp_ln37_11' <Predicate = true> <Delay = 0.76> <CoreInst = "Cmp">   --->   Core 9 'Cmp' <Latency = 0> <II = 1> <Delay = 0.76> <FuncUnit> <Opcode : 'seteq' 'setne' 'setle' 'setge' 'setlt' 'setgt'> <InPorts = 2> <OutPorts = 1>
ST_16 : Operation 239 [1/1] (0.28ns)   --->   "%and_ln37_11 = and i1 %icmp_ln37_11, i1 %icmp_ln37_9" [pedal_c.cpp:37]   --->   Operation 239 'and' 'and_ln37_11' <Predicate = true> <Delay = 0.28> <CoreInst = "LogicGate">   --->   Core 74 'LogicGate' <Latency = 0> <II = 1> <Delay = 0.28> <FuncUnit> <Opcode : 'and' 'or' 'xor'> <InPorts = 2> <OutPorts = 1>
ST_16 : Operation 240 [1/1] (0.00ns)   --->   "%sel_tmp6 = bitconcatenate i3 @_ssdm_op_BitConcatenate.i3.i1.i1.i1, i1 %icmp_ln37_2, i1 %and_ln37_1, i1 %and_ln37_11" [pedal_c.cpp:37]   --->   Operation 240 'bitconcatenate' 'sel_tmp6' <Predicate = true> <Delay = 0.00>
ST_16 : Operation 241 [1/1] (0.47ns)   --->   "%ref_tmp_i_i = sparsemux i32 @_ssdm_op_SparseMux.ap_auto.4i32.i32.i3, i3 4, i32 %trunc_ln37_4, i3 2, i32 %add_ln37_4, i3 1, i32 %shl_ln37, i3 0, i32 0, i32 0, i3 %sel_tmp6" [pedal_c.cpp:37]   --->   Operation 241 'sparsemux' 'ref_tmp_i_i' <Predicate = true> <Delay = 0.47> <CoreInst = "SparseMux">   --->   Core 144 'SparseMux' <Latency = 0> <II = 1> <Delay = 0.47> <FuncUnit> <Opcode : 'sparsemux'> <InPorts = 2> <OutPorts = 1>
ST_16 : Operation 242 [1/1] (0.00ns) (grouped into LUT with out node carry_1_i)   --->   "%and_ln37_12 = and i1 %and_ln37_1, i1 %tmp_7" [pedal_c.cpp:37]   --->   Operation 242 'and' 'and_ln37_12' <Predicate = true> <Delay = 0.00> <CoreInst = "LogicGate">   --->   Core 74 'LogicGate' <Latency = 0> <II = 1> <Delay = 0.28> <FuncUnit> <Opcode : 'and' 'or' 'xor'> <InPorts = 2> <OutPorts = 1>
ST_16 : Operation 243 [1/1] (0.28ns) (out node of the LUT)   --->   "%carry_1_i = and i1 %and_ln37_12, i1 %xor_ln37" [pedal_c.cpp:37]   --->   Operation 243 'and' 'carry_1_i' <Predicate = true> <Delay = 0.28> <CoreInst = "LogicGate">   --->   Core 74 'LogicGate' <Latency = 0> <II = 1> <Delay = 0.28> <FuncUnit> <Opcode : 'and' 'or' 'xor'> <InPorts = 2> <OutPorts = 1>
ST_16 : Operation 244 [1/1] (0.20ns)   --->   "%select_ln37_9 = select i1 %icmp_ln37_1, i12 2, i12 1" [pedal_c.cpp:37]   --->   Operation 244 'select' 'select_ln37_9' <Predicate = true> <Delay = 0.20> <CoreInst = "Sel">   --->   Core 73 'Sel' <Latency = 0> <II = 1> <Delay = 0.17> <FuncUnit> <Opcode : 'select'> <InPorts = 3> <OutPorts = 1>
ST_16 : Operation 245 [1/1] (0.86ns) (root node of TernaryAdder)   --->   "%add_ln37_5 = add i12 %select_ln37_9, i12 %add_ln37" [pedal_c.cpp:37]   --->   Operation 245 'add' 'add_ln37_5' <Predicate = true> <Delay = 0.86> <CoreInst = "TAddSub">   --->   Core 10 'TAddSub' <Latency = 0> <II = 1> <Delay = 0.43> <IPBlock> <Opcode : '' 'add' 'sub'> <InPorts = 3> <OutPorts = 1> <Sync> <CReg>
ST_16 : Operation 246 [1/1] (0.00ns)   --->   "%tmp_10 = partselect i8 @_ssdm_op_PartSelect.i8.i12.i32.i32, i12 %add_ln37_5, i32 4, i32 11" [pedal_c.cpp:37]   --->   Operation 246 'partselect' 'tmp_10' <Predicate = true> <Delay = 0.00>
ST_16 : Operation 247 [1/1] (0.76ns)   --->   "%icmp_ln37_16 = icmp_sgt  i8 %tmp_10, i8 0" [pedal_c.cpp:37]   --->   Operation 247 'icmp' 'icmp_ln37_16' <Predicate = true> <Delay = 0.76> <CoreInst = "Cmp">   --->   Core 9 'Cmp' <Latency = 0> <II = 1> <Delay = 0.76> <FuncUnit> <Opcode : 'seteq' 'setne' 'setle' 'setge' 'setlt' 'setgt'> <InPorts = 2> <OutPorts = 1>
ST_16 : Operation 248 [1/1] (0.80ns)   --->   "%add_ln37_6 = add i12 %sub_ln37_1, i12 16" [pedal_c.cpp:37]   --->   Operation 248 'add' 'add_ln37_6' <Predicate = true> <Delay = 0.80> <CoreInst = "Adder">   --->   Core 1 'Adder' <Latency = 0> <II = 1> <Delay = 0.80> <FuncUnit> <Opcode : 'add' 'sub'> <InPorts = 2> <OutPorts = 1>
ST_16 : Operation 249 [1/1] (0.00ns)   --->   "%sext_ln37_1 = sext i12 %add_ln37_6" [pedal_c.cpp:37]   --->   Operation 249 'sext' 'sext_ln37_1' <Predicate = true> <Delay = 0.00>
ST_16 : Operation 250 [1/1] (0.80ns)   --->   "%add_ln37_7 = add i12 %sub_ln37_1, i12 17" [pedal_c.cpp:37]   --->   Operation 250 'add' 'add_ln37_7' <Predicate = true> <Delay = 0.80> <CoreInst = "Adder">   --->   Core 1 'Adder' <Latency = 0> <II = 1> <Delay = 0.80> <FuncUnit> <Opcode : 'add' 'sub'> <InPorts = 2> <OutPorts = 1>
ST_16 : Operation 251 [1/1] (0.00ns)   --->   "%tmp_11 = bitselect i1 @_ssdm_op_BitSelect.i1.i32.i32, i32 %ref_tmp_i_i, i32 31" [pedal_c.cpp:37]   --->   Operation 251 'bitselect' 'tmp_11' <Predicate = true> <Delay = 0.00>
ST_16 : Operation 252 [1/1] (0.80ns)   --->   "%icmp_ln37_10 = icmp_slt  i12 %add_ln37_6, i12 54" [pedal_c.cpp:37]   --->   Operation 252 'icmp' 'icmp_ln37_10' <Predicate = true> <Delay = 0.80> <CoreInst = "Cmp">   --->   Core 9 'Cmp' <Latency = 0> <II = 1> <Delay = 0.80> <FuncUnit> <Opcode : 'seteq' 'setne' 'setle' 'setge' 'setlt' 'setgt'> <InPorts = 2> <OutPorts = 1>
ST_16 : Operation 253 [1/1] (0.00ns)   --->   "%tmp_12 = bitselect i1 @_ssdm_op_BitSelect.i1.i12.i32, i12 %add_ln37_6, i32 11" [pedal_c.cpp:37]   --->   Operation 253 'bitselect' 'tmp_12' <Predicate = true> <Delay = 0.00>
ST_16 : Operation 254 [1/1] (0.28ns)   --->   "%xor_ln37_8 = xor i1 %tmp_12, i1 1" [pedal_c.cpp:37]   --->   Operation 254 'xor' 'xor_ln37_8' <Predicate = true> <Delay = 0.28> <CoreInst = "LogicGate">   --->   Core 74 'LogicGate' <Latency = 0> <II = 1> <Delay = 0.28> <FuncUnit> <Opcode : 'and' 'or' 'xor'> <InPorts = 2> <OutPorts = 1>
ST_16 : Operation 255 [1/1] (0.80ns)   --->   "%icmp_ln37_12 = icmp_ult  i12 %add_ln37_6, i12 54" [pedal_c.cpp:37]   --->   Operation 255 'icmp' 'icmp_ln37_12' <Predicate = true> <Delay = 0.80> <CoreInst = "Cmp">   --->   Core 9 'Cmp' <Latency = 0> <II = 1> <Delay = 0.80> <FuncUnit> <Opcode : 'seteq' 'setne' 'setle' 'setge' 'setlt' 'setgt'> <InPorts = 2> <OutPorts = 1>
ST_16 : Operation 256 [1/1] (0.00ns)   --->   "%tobool130_i = bitselect i1 @_ssdm_op_BitSelect.i1.i54.i32, i54 %select_ln37, i32 %sext_ln37_1" [pedal_c.cpp:37]   --->   Operation 256 'bitselect' 'tobool130_i' <Predicate = true> <Delay = 0.00>
ST_16 : Operation 257 [1/1] (0.28ns)   --->   "%lD_0_i = and i1 %icmp_ln37_12, i1 %tobool130_i" [pedal_c.cpp:37]   --->   Operation 257 'and' 'lD_0_i' <Predicate = true> <Delay = 0.28> <CoreInst = "LogicGate">   --->   Core 74 'LogicGate' <Latency = 0> <II = 1> <Delay = 0.28> <FuncUnit> <Opcode : 'and' 'or' 'xor'> <InPorts = 2> <OutPorts = 1>
ST_16 : Operation 258 [1/1] (0.80ns)   --->   "%icmp_ln37_13 = icmp_slt  i12 %add_ln37_7, i12 54" [pedal_c.cpp:37]   --->   Operation 258 'icmp' 'icmp_ln37_13' <Predicate = true> <Delay = 0.80> <CoreInst = "Cmp">   --->   Core 9 'Cmp' <Latency = 0> <II = 1> <Delay = 0.80> <FuncUnit> <Opcode : 'seteq' 'setne' 'setle' 'setge' 'setlt' 'setgt'> <InPorts = 2> <OutPorts = 1>
ST_16 : Operation 259 [1/1] (0.80ns)   --->   "%icmp_ln37_14 = icmp_ult  i12 %add_ln37_7, i12 54" [pedal_c.cpp:37]   --->   Operation 259 'icmp' 'icmp_ln37_14' <Predicate = true> <Delay = 0.80> <CoreInst = "Cmp">   --->   Core 9 'Cmp' <Latency = 0> <II = 1> <Delay = 0.80> <FuncUnit> <Opcode : 'seteq' 'setne' 'setle' 'setge' 'setlt' 'setgt'> <InPorts = 2> <OutPorts = 1>
ST_16 : Operation 260 [1/1] (0.00ns) (grouped into LUT with out node neg_src_0_i)   --->   "%and_ln37_2 = and i1 %tmp_4, i1 %tmp_11" [pedal_c.cpp:37]   --->   Operation 260 'and' 'and_ln37_2' <Predicate = true> <Delay = 0.00> <CoreInst = "LogicGate">   --->   Core 74 'LogicGate' <Latency = 0> <II = 1> <Delay = 0.28> <FuncUnit> <Opcode : 'and' 'or' 'xor'> <InPorts = 2> <OutPorts = 1>
ST_16 : Operation 261 [1/1] (0.00ns)   --->   "%sext_ln37_2 = sext i12 %add_ln37_7" [pedal_c.cpp:37]   --->   Operation 261 'sext' 'sext_ln37_2' <Predicate = true> <Delay = 0.00>
ST_16 : Operation 262 [1/1] (0.00ns)   --->   "%zext_ln37_6 = zext i32 %sext_ln37_2" [pedal_c.cpp:37]   --->   Operation 262 'zext' 'zext_ln37_6' <Predicate = true> <Delay = 0.00>
ST_16 : Operation 263 [1/1] (1.50ns)   --->   "%lshr_ln37 = lshr i54 %select_ln37, i54 %zext_ln37_6" [pedal_c.cpp:37]   --->   Operation 263 'lshr' 'lshr_ln37' <Predicate = true> <Delay = 1.50> <CoreInst = "Shifter">   --->   Core 75 'Shifter' <Latency = 0> <II = 1> <Delay = 1.50> <FuncUnit> <Opcode : 'shl' 'lshr' 'ashr'> <InPorts = 2> <OutPorts = 1>
ST_16 : Operation 264 [1/1] (1.38ns)   --->   "%lshr_ln37_1 = lshr i54 18014398509481983, i54 %zext_ln37_6" [pedal_c.cpp:37]   --->   Operation 264 'lshr' 'lshr_ln37_1' <Predicate = true> <Delay = 1.38> <CoreInst = "Shifter">   --->   Core 75 'Shifter' <Latency = 0> <II = 1> <Delay = 1.50> <FuncUnit> <Opcode : 'shl' 'lshr' 'ashr'> <InPorts = 2> <OutPorts = 1>
ST_16 : Operation 265 [1/1] (1.09ns)   --->   "%icmp_ln37_15 = icmp_eq  i54 %lshr_ln37, i54 %lshr_ln37_1" [pedal_c.cpp:37]   --->   Operation 265 'icmp' 'icmp_ln37_15' <Predicate = true> <Delay = 1.09> <CoreInst = "Cmp">   --->   Core 9 'Cmp' <Latency = 0> <II = 1> <Delay = 1.09> <FuncUnit> <Opcode : 'seteq' 'setne' 'setle' 'setge' 'setlt' 'setgt'> <InPorts = 2> <OutPorts = 1>
ST_16 : Operation 266 [1/1] (0.00ns) (grouped into LUT with out node Range2_all_ones_1_i)   --->   "%tmp_13 = bitselect i1 @_ssdm_op_BitSelect.i1.i12.i32, i12 %add_ln37_7, i32 11" [pedal_c.cpp:37]   --->   Operation 266 'bitselect' 'tmp_13' <Predicate = true> <Delay = 0.00>
ST_16 : Operation 267 [1/1] (0.00ns) (grouped into LUT with out node Range2_all_ones_1_i)   --->   "%xor_ln37_9 = xor i1 %tmp_13, i1 1" [pedal_c.cpp:37]   --->   Operation 267 'xor' 'xor_ln37_9' <Predicate = true> <Delay = 0.00> <CoreInst = "LogicGate">   --->   Core 74 'LogicGate' <Latency = 0> <II = 1> <Delay = 0.28> <FuncUnit> <Opcode : 'and' 'or' 'xor'> <InPorts = 2> <OutPorts = 1>
ST_16 : Operation 268 [1/1] (0.28ns) (out node of the LUT)   --->   "%Range2_all_ones_1_i = select i1 %icmp_ln37_14, i1 %icmp_ln37_15, i1 %xor_ln37_9" [pedal_c.cpp:37]   --->   Operation 268 'select' 'Range2_all_ones_1_i' <Predicate = true> <Delay = 0.28> <CoreInst = "Sel">   --->   Core 73 'Sel' <Latency = 0> <II = 1> <Delay = 0.17> <FuncUnit> <Opcode : 'select'> <InPorts = 3> <OutPorts = 1>
ST_16 : Operation 269 [1/1] (0.28ns)   --->   "%and_ln37_3 = and i1 %icmp_ln37_13, i1 %xor_ln37_8" [pedal_c.cpp:37]   --->   Operation 269 'and' 'and_ln37_3' <Predicate = true> <Delay = 0.28> <CoreInst = "LogicGate">   --->   Core 74 'LogicGate' <Latency = 0> <II = 1> <Delay = 0.28> <FuncUnit> <Opcode : 'and' 'or' 'xor'> <InPorts = 2> <OutPorts = 1>
ST_16 : Operation 270 [1/1] (0.00ns) (grouped into LUT with out node Range1_all_ones_2_i)   --->   "%and_ln37_4 = and i1 %Range2_all_ones_1_i, i1 %lD_0_i" [pedal_c.cpp:37]   --->   Operation 270 'and' 'and_ln37_4' <Predicate = true> <Delay = 0.00> <CoreInst = "LogicGate">   --->   Core 74 'LogicGate' <Latency = 0> <II = 1> <Delay = 0.28> <FuncUnit> <Opcode : 'and' 'or' 'xor'> <InPorts = 2> <OutPorts = 1>
ST_16 : Operation 271 [1/1] (0.28ns)   --->   "%xor_ln37_1 = xor i1 %lD_0_i, i1 1" [pedal_c.cpp:37]   --->   Operation 271 'xor' 'xor_ln37_1' <Predicate = true> <Delay = 0.28> <CoreInst = "LogicGate">   --->   Core 74 'LogicGate' <Latency = 0> <II = 1> <Delay = 0.28> <FuncUnit> <Opcode : 'and' 'or' 'xor'> <InPorts = 2> <OutPorts = 1>
ST_16 : Operation 272 [1/1] (1.09ns)   --->   "%icmp_ln37_17 = icmp_eq  i54 %lshr_ln37, i54 0" [pedal_c.cpp:37]   --->   Operation 272 'icmp' 'icmp_ln37_17' <Predicate = true> <Delay = 1.09> <CoreInst = "Cmp">   --->   Core 9 'Cmp' <Latency = 0> <II = 1> <Delay = 1.09> <FuncUnit> <Opcode : 'seteq' 'setne' 'setle' 'setge' 'setlt' 'setgt'> <InPorts = 2> <OutPorts = 1>
ST_16 : Operation 273 [1/1] (0.00ns) (grouped into LUT with out node Range1_all_zeros_2_i)   --->   "%and_ln37_5 = and i1 %icmp_ln37_17, i1 %xor_ln37_1" [pedal_c.cpp:37]   --->   Operation 273 'and' 'and_ln37_5' <Predicate = true> <Delay = 0.00> <CoreInst = "LogicGate">   --->   Core 74 'LogicGate' <Latency = 0> <II = 1> <Delay = 0.28> <FuncUnit> <Opcode : 'and' 'or' 'xor'> <InPorts = 2> <OutPorts = 1>
ST_16 : Operation 274 [1/1] (0.80ns)   --->   "%icmp_ln37_18 = icmp_eq  i12 %add_ln37_7, i12 54" [pedal_c.cpp:37]   --->   Operation 274 'icmp' 'icmp_ln37_18' <Predicate = true> <Delay = 0.80> <CoreInst = "Cmp">   --->   Core 9 'Cmp' <Latency = 0> <II = 1> <Delay = 0.80> <FuncUnit> <Opcode : 'seteq' 'setne' 'setle' 'setge' 'setlt' 'setgt'> <InPorts = 2> <OutPorts = 1>
ST_16 : Operation 275 [1/1] (0.00ns) (grouped into LUT with out node Range1_all_ones_2_i)   --->   "%select_ln37_6 = select i1 %icmp_ln37_18, i1 %lD_0_i, i1 %xor_ln37_8" [pedal_c.cpp:37]   --->   Operation 275 'select' 'select_ln37_6' <Predicate = true> <Delay = 0.00> <CoreInst = "Sel">   --->   Core 73 'Sel' <Latency = 0> <II = 1> <Delay = 0.17> <FuncUnit> <Opcode : 'select'> <InPorts = 3> <OutPorts = 1>
ST_16 : Operation 276 [1/1] (0.00ns) (grouped into LUT with out node Range1_all_zeros_2_i)   --->   "%select_ln37_7 = select i1 %icmp_ln37_18, i1 %xor_ln37_1, i1 %xor_ln37_8" [pedal_c.cpp:37]   --->   Operation 276 'select' 'select_ln37_7' <Predicate = true> <Delay = 0.00> <CoreInst = "Sel">   --->   Core 73 'Sel' <Latency = 0> <II = 1> <Delay = 0.17> <FuncUnit> <Opcode : 'select'> <InPorts = 3> <OutPorts = 1>
ST_16 : Operation 277 [1/1] (0.28ns) (out node of the LUT)   --->   "%Range1_all_ones_2_i = select i1 %and_ln37_3, i1 %and_ln37_4, i1 %select_ln37_6" [pedal_c.cpp:37]   --->   Operation 277 'select' 'Range1_all_ones_2_i' <Predicate = true> <Delay = 0.28> <CoreInst = "Sel">   --->   Core 73 'Sel' <Latency = 0> <II = 1> <Delay = 0.17> <FuncUnit> <Opcode : 'select'> <InPorts = 3> <OutPorts = 1>
ST_16 : Operation 278 [1/1] (0.28ns) (out node of the LUT)   --->   "%Range1_all_zeros_2_i = select i1 %and_ln37_3, i1 %and_ln37_5, i1 %select_ln37_7" [pedal_c.cpp:37]   --->   Operation 278 'select' 'Range1_all_zeros_2_i' <Predicate = true> <Delay = 0.28> <CoreInst = "Sel">   --->   Core 73 'Sel' <Latency = 0> <II = 1> <Delay = 0.17> <FuncUnit> <Opcode : 'select'> <InPorts = 3> <OutPorts = 1>
ST_16 : Operation 279 [1/1] (0.00ns) (grouped into LUT with out node and_ln37_8)   --->   "%select_ln37_4 = select i1 %carry_1_i, i1 %Range1_all_ones_2_i, i1 %Range1_all_zeros_2_i" [pedal_c.cpp:37]   --->   Operation 279 'select' 'select_ln37_4' <Predicate = true> <Delay = 0.00> <CoreInst = "Sel">   --->   Core 73 'Sel' <Latency = 0> <II = 1> <Delay = 0.17> <FuncUnit> <Opcode : 'select'> <InPorts = 3> <OutPorts = 1>
ST_16 : Operation 280 [1/1] (0.00ns) (grouped into LUT with out node deleted_ones_0_i)   --->   "%or_ln37_1 = or i1 %tmp_12, i1 %xor_ln37_1" [pedal_c.cpp:37]   --->   Operation 280 'or' 'or_ln37_1' <Predicate = true> <Delay = 0.00> <CoreInst = "LogicGate">   --->   Core 74 'LogicGate' <Latency = 0> <II = 1> <Delay = 0.28> <FuncUnit> <Opcode : 'and' 'or' 'xor'> <InPorts = 2> <OutPorts = 1>
ST_16 : Operation 281 [1/1] (0.00ns) (grouped into LUT with out node deleted_ones_0_i)   --->   "%and_ln37_6 = and i1 %Range2_all_ones_1_i, i1 %or_ln37_1" [pedal_c.cpp:37]   --->   Operation 281 'and' 'and_ln37_6' <Predicate = true> <Delay = 0.00> <CoreInst = "LogicGate">   --->   Core 74 'LogicGate' <Latency = 0> <II = 1> <Delay = 0.28> <FuncUnit> <Opcode : 'and' 'or' 'xor'> <InPorts = 2> <OutPorts = 1>
ST_16 : Operation 282 [1/1] (0.00ns) (grouped into LUT with out node deleted_ones_0_i)   --->   "%cond189_i = select i1 %carry_1_i, i1 %and_ln37_6, i1 %Range1_all_ones_2_i" [pedal_c.cpp:37]   --->   Operation 282 'select' 'cond189_i' <Predicate = true> <Delay = 0.00> <CoreInst = "Sel">   --->   Core 73 'Sel' <Latency = 0> <II = 1> <Delay = 0.17> <FuncUnit> <Opcode : 'select'> <InPorts = 3> <OutPorts = 1>
ST_16 : Operation 283 [1/1] (0.00ns) (grouped into LUT with out node neg_src_0_i)   --->   "%and_ln37_7 = and i1 %carry_1_i, i1 %Range1_all_ones_2_i" [pedal_c.cpp:37]   --->   Operation 283 'and' 'and_ln37_7' <Predicate = true> <Delay = 0.00> <CoreInst = "LogicGate">   --->   Core 74 'LogicGate' <Latency = 0> <II = 1> <Delay = 0.28> <FuncUnit> <Opcode : 'and' 'or' 'xor'> <InPorts = 2> <OutPorts = 1>
ST_16 : Operation 284 [1/1] (0.00ns) (grouped into LUT with out node neg_src_0_i)   --->   "%xor_ln37_3 = xor i1 %and_ln37_7, i1 1" [pedal_c.cpp:37]   --->   Operation 284 'xor' 'xor_ln37_3' <Predicate = true> <Delay = 0.00> <CoreInst = "LogicGate">   --->   Core 74 'LogicGate' <Latency = 0> <II = 1> <Delay = 0.28> <FuncUnit> <Opcode : 'and' 'or' 'xor'> <InPorts = 2> <OutPorts = 1>
ST_16 : Operation 285 [1/1] (0.28ns)   --->   "%not_icmp_ln37_1062 = xor i1 %icmp_ln37_10, i1 1" [pedal_c.cpp:37]   --->   Operation 285 'xor' 'not_icmp_ln37_1062' <Predicate = true> <Delay = 0.28> <CoreInst = "LogicGate">   --->   Core 74 'LogicGate' <Latency = 0> <II = 1> <Delay = 0.28> <FuncUnit> <Opcode : 'and' 'or' 'xor'> <InPorts = 2> <OutPorts = 1>
ST_16 : Operation 286 [1/1] (0.28ns) (out node of the LUT)   --->   "%deleted_ones_0_i = or i1 %cond189_i, i1 %not_icmp_ln37_1062" [pedal_c.cpp:37]   --->   Operation 286 'or' 'deleted_ones_0_i' <Predicate = true> <Delay = 0.28> <CoreInst = "LogicGate">   --->   Core 74 'LogicGate' <Latency = 0> <II = 1> <Delay = 0.28> <FuncUnit> <Opcode : 'and' 'or' 'xor'> <InPorts = 2> <OutPorts = 1>
ST_16 : Operation 287 [1/1] (0.00ns) (grouped into LUT with out node neg_src_0_i)   --->   "%and_ln37_13 = and i1 %icmp_ln37_10, i1 %tmp_4" [pedal_c.cpp:37]   --->   Operation 287 'and' 'and_ln37_13' <Predicate = true> <Delay = 0.00> <CoreInst = "LogicGate">   --->   Core 74 'LogicGate' <Latency = 0> <II = 1> <Delay = 0.28> <FuncUnit> <Opcode : 'and' 'or' 'xor'> <InPorts = 2> <OutPorts = 1>
ST_16 : Operation 288 [1/1] (0.00ns) (grouped into LUT with out node neg_src_0_i)   --->   "%sel_tmp = bitconcatenate i2 @_ssdm_op_BitConcatenate.i2.i1.i1, i1 %not_icmp_ln37_1062, i1 %and_ln37_13" [pedal_c.cpp:37]   --->   Operation 288 'bitconcatenate' 'sel_tmp' <Predicate = true> <Delay = 0.00>
ST_16 : Operation 289 [1/1] (0.42ns) (out node of the LUT)   --->   "%neg_src_0_i = sparsemux i1 @_ssdm_op_SparseMux.ap_auto.3i1.i1.i2, i2 2, i1 %and_ln37_2, i2 1, i1 %xor_ln37_3, i2 0, i1 0, i1 0, i2 %sel_tmp" [pedal_c.cpp:37]   --->   Operation 289 'sparsemux' 'neg_src_0_i' <Predicate = true> <Delay = 0.42> <CoreInst = "SparseMux">   --->   Core 144 'SparseMux' <Latency = 0> <II = 1> <Delay = 0.42> <FuncUnit> <Opcode : 'sparsemux'> <InPorts = 2> <OutPorts = 1>
ST_16 : Operation 290 [1/1] (0.00ns) (grouped into LUT with out node and_ln37_8)   --->   "%xor_ln37_4 = xor i1 %select_ln37_4, i1 1" [pedal_c.cpp:37]   --->   Operation 290 'xor' 'xor_ln37_4' <Predicate = true> <Delay = 0.00> <CoreInst = "LogicGate">   --->   Core 74 'LogicGate' <Latency = 0> <II = 1> <Delay = 0.28> <FuncUnit> <Opcode : 'and' 'or' 'xor'> <InPorts = 2> <OutPorts = 1>
ST_16 : Operation 291 [1/1] (0.00ns) (grouped into LUT with out node and_ln37_8)   --->   "%and_ln37_14 = and i1 %icmp_ln37_10, i1 %xor_ln37_4" [pedal_c.cpp:37]   --->   Operation 291 'and' 'and_ln37_14' <Predicate = true> <Delay = 0.00> <CoreInst = "LogicGate">   --->   Core 74 'LogicGate' <Latency = 0> <II = 1> <Delay = 0.28> <FuncUnit> <Opcode : 'and' 'or' 'xor'> <InPorts = 2> <OutPorts = 1>
ST_16 : Operation 292 [1/1] (0.00ns) (grouped into LUT with out node and_ln37_8)   --->   "%or_ln37_2 = or i1 %tmp_11, i1 %and_ln37_14" [pedal_c.cpp:37]   --->   Operation 292 'or' 'or_ln37_2' <Predicate = true> <Delay = 0.00> <CoreInst = "LogicGate">   --->   Core 74 'LogicGate' <Latency = 0> <II = 1> <Delay = 0.28> <FuncUnit> <Opcode : 'and' 'or' 'xor'> <InPorts = 2> <OutPorts = 1>
ST_16 : Operation 293 [1/1] (0.00ns) (grouped into LUT with out node and_ln37_8)   --->   "%xor_ln37_5 = xor i1 %tmp_4, i1 1" [pedal_c.cpp:37]   --->   Operation 293 'xor' 'xor_ln37_5' <Predicate = true> <Delay = 0.00> <CoreInst = "LogicGate">   --->   Core 74 'LogicGate' <Latency = 0> <II = 1> <Delay = 0.28> <FuncUnit> <Opcode : 'and' 'or' 'xor'> <InPorts = 2> <OutPorts = 1>
ST_16 : Operation 294 [1/1] (0.28ns) (out node of the LUT)   --->   "%and_ln37_8 = and i1 %or_ln37_2, i1 %xor_ln37_5" [pedal_c.cpp:37]   --->   Operation 294 'and' 'and_ln37_8' <Predicate = true> <Delay = 0.28> <CoreInst = "LogicGate">   --->   Core 74 'LogicGate' <Latency = 0> <II = 1> <Delay = 0.28> <FuncUnit> <Opcode : 'and' 'or' 'xor'> <InPorts = 2> <OutPorts = 1>
ST_16 : Operation 295 [1/1] (0.00ns) (grouped into LUT with out node xor_ln37_6)   --->   "%and_ln37_9 = and i1 %tmp_11, i1 %deleted_ones_0_i" [pedal_c.cpp:37]   --->   Operation 295 'and' 'and_ln37_9' <Predicate = true> <Delay = 0.00> <CoreInst = "LogicGate">   --->   Core 74 'LogicGate' <Latency = 0> <II = 1> <Delay = 0.28> <FuncUnit> <Opcode : 'and' 'or' 'xor'> <InPorts = 2> <OutPorts = 1>
ST_16 : Operation 296 [1/1] (0.28ns) (out node of the LUT)   --->   "%xor_ln37_6 = xor i1 %and_ln37_9, i1 1" [pedal_c.cpp:37]   --->   Operation 296 'xor' 'xor_ln37_6' <Predicate = true> <Delay = 0.28> <CoreInst = "LogicGate">   --->   Core 74 'LogicGate' <Latency = 0> <II = 1> <Delay = 0.28> <FuncUnit> <Opcode : 'and' 'or' 'xor'> <InPorts = 2> <OutPorts = 1>
ST_16 : Operation 297 [1/1] (0.00ns) (grouped into LUT with out node sel_tmp1)   --->   "%and_ln37_10 = and i1 %neg_src_0_i, i1 %xor_ln37_6" [pedal_c.cpp:37]   --->   Operation 297 'and' 'and_ln37_10' <Predicate = true> <Delay = 0.00> <CoreInst = "LogicGate">   --->   Core 74 'LogicGate' <Latency = 0> <II = 1> <Delay = 0.28> <FuncUnit> <Opcode : 'and' 'or' 'xor'> <InPorts = 2> <OutPorts = 1>
ST_16 : Operation 298 [1/1] (0.00ns) (grouped into LUT with out node sel_tmp1)   --->   "%or_ln37_3 = or i1 %and_ln37_10, i1 %and_ln37_8" [pedal_c.cpp:37]   --->   Operation 298 'or' 'or_ln37_3' <Predicate = true> <Delay = 0.00> <CoreInst = "LogicGate">   --->   Core 74 'LogicGate' <Latency = 0> <II = 1> <Delay = 0.28> <FuncUnit> <Opcode : 'and' 'or' 'xor'> <InPorts = 2> <OutPorts = 1>
ST_16 : Operation 299 [1/1] (0.00ns) (grouped into LUT with out node add_ln39)   --->   "%select_ln37_5 = select i1 %and_ln37_8, i32 2147483647, i32 2147483648" [pedal_c.cpp:37]   --->   Operation 299 'select' 'select_ln37_5' <Predicate = true> <Delay = 0.00> <CoreInst = "Sel">   --->   Core 73 'Sel' <Latency = 0> <II = 1> <Delay = 0.43> <FuncUnit> <Opcode : 'select'> <InPorts = 3> <OutPorts = 1>
ST_16 : Operation 300 [1/1] (0.00ns) (grouped into LUT with out node sel_tmp1)   --->   "%xor_ln37_7 = xor i1 %icmp_ln37, i1 1" [pedal_c.cpp:37]   --->   Operation 300 'xor' 'xor_ln37_7' <Predicate = true> <Delay = 0.00> <CoreInst = "LogicGate">   --->   Core 74 'LogicGate' <Latency = 0> <II = 1> <Delay = 0.28> <FuncUnit> <Opcode : 'and' 'or' 'xor'> <InPorts = 2> <OutPorts = 1>
ST_16 : Operation 301 [1/1] (0.00ns) (grouped into LUT with out node sel_tmp1)   --->   "%and_ln37_15 = and i1 %or_ln37_3, i1 %xor_ln37_7" [pedal_c.cpp:37]   --->   Operation 301 'and' 'and_ln37_15' <Predicate = true> <Delay = 0.00> <CoreInst = "LogicGate">   --->   Core 74 'LogicGate' <Latency = 0> <II = 1> <Delay = 0.28> <FuncUnit> <Opcode : 'and' 'or' 'xor'> <InPorts = 2> <OutPorts = 1>
ST_16 : Operation 302 [1/1] (0.00ns) (grouped into LUT with out node sel_tmp1)   --->   "%and_ln37_16 = and i1 %and_ln37_15, i1 %icmp_ln37_16" [pedal_c.cpp:37]   --->   Operation 302 'and' 'and_ln37_16' <Predicate = true> <Delay = 0.00> <CoreInst = "LogicGate">   --->   Core 74 'LogicGate' <Latency = 0> <II = 1> <Delay = 0.28> <FuncUnit> <Opcode : 'and' 'or' 'xor'> <InPorts = 2> <OutPorts = 1>
ST_16 : Operation 303 [1/1] (0.28ns) (out node of the LUT)   --->   "%sel_tmp1 = bitconcatenate i2 @_ssdm_op_BitConcatenate.i2.i1.i1, i1 %icmp_ln37, i1 %and_ln37_16" [pedal_c.cpp:37]   --->   Operation 303 'bitconcatenate' 'sel_tmp1' <Predicate = true> <Delay = 0.28>
ST_16 : Operation 304 [1/1] (0.00ns) (grouped into LUT with out node add_ln39)   --->   "%lfo = sparsemux i32 @_ssdm_op_SparseMux.ap_auto.3i32.i32.i2, i2 2, i32 0, i2 1, i32 %select_ln37_5, i2 0, i32 %ref_tmp_i_i, i32 0, i2 %sel_tmp1" [pedal_c.cpp:37]   --->   Operation 304 'sparsemux' 'lfo' <Predicate = true> <Delay = 0.00> <CoreInst = "SparseMux">   --->   Core 144 'SparseMux' <Latency = 0> <II = 1> <Delay = 0.42> <FuncUnit> <Opcode : 'sparsemux'> <InPorts = 2> <OutPorts = 1>
ST_16 : Operation 305 [1/1] (0.00ns) (grouped into LUT with out node add_ln39)   --->   "%sext_ln39 = sext i32 %lfo" [pedal_c.cpp:39]   --->   Operation 305 'sext' 'sext_ln39' <Predicate = true> <Delay = 0.00>
ST_16 : Operation 306 [1/1] (1.01ns) (out node of the LUT)   --->   "%add_ln39 = add i33 %sext_ln39, i33 65536" [pedal_c.cpp:39]   --->   Operation 306 'add' 'add_ln39' <Predicate = true> <Delay = 1.01> <CoreInst = "Adder">   --->   Core 1 'Adder' <Latency = 0> <II = 1> <Delay = 1.01> <FuncUnit> <Opcode : 'add' 'sub'> <InPorts = 2> <OutPorts = 1>

State 17 <SV = 16> <Delay = 8.43>
ST_17 : Operation 307 [1/1] (0.00ns)   --->   "%specmemcore_ln375 = specmemcore void @_ssdm_op_SpecMemCore, i100 %ref_4oPi_table_100, i64 666, i64 34, i64 18446744073709551615" [C:\scratch\2024.1\hls_product\545\2024.1\src\shared\hls\clib/hlsmath/include/FloatingPoint/hls_range_redux.h:375->C:\scratch\2024.1\hls_product\545\2024.1\src\shared\hls\clib/hlsmath/include/FloatingPoint/hls_range_redux.h:467->C:\scratch\2024.1\hls_product\545\2024.1\src\shared\hls\clib/hlsmath/include/FloatingPoint\hls_hotbm.h:239->C:\scratch\2024.1\hls_product\545\2024.1\src\shared\hls\clib\hlsmath\src\common\hls_hotbm_float.cpp:123->C:\scratch\2024.1\hls_product\545\2024.1\src\shared\hls\clib\hlsmath\src\c++\sincoshotbmfloat.cpp:10->C:\scratch\2024.1\hls_product\545\2024.1\src\shared\hls\clib\hlsmath\src\c++\sincoshotbmfloat.cpp:42->pedal_c.cpp:37]   --->   Operation 307 'specmemcore' 'specmemcore_ln375' <Predicate = true> <Delay = 0.00>
ST_17 : Operation 308 [1/1] (0.00ns)   --->   "%specmemcore_ln16 = specmemcore void @_ssdm_op_SpecMemCore, i30 %second_order_float_sin_cos_K0, i64 666, i64 34, i64 18446744073709551615" [C:\scratch\2024.1\hls_product\545\2024.1\src\shared\hls\clib\hlsmath\src\common\hls_hotbm_float.cpp:16->C:\scratch\2024.1\hls_product\545\2024.1\src\shared\hls\clib/hlsmath/include/FloatingPoint\hls_hotbm.h:250->C:\scratch\2024.1\hls_product\545\2024.1\src\shared\hls\clib\hlsmath\src\common\hls_hotbm_float.cpp:123->C:\scratch\2024.1\hls_product\545\2024.1\src\shared\hls\clib\hlsmath\src\c++\sincoshotbmfloat.cpp:10->C:\scratch\2024.1\hls_product\545\2024.1\src\shared\hls\clib\hlsmath\src\c++\sincoshotbmfloat.cpp:42->pedal_c.cpp:37]   --->   Operation 308 'specmemcore' 'specmemcore_ln16' <Predicate = true> <Delay = 0.00>
ST_17 : Operation 309 [1/1] (0.00ns)   --->   "%specmemcore_ln17 = specmemcore void @_ssdm_op_SpecMemCore, i23 %second_order_float_sin_cos_K1, i64 666, i64 34, i64 18446744073709551615" [C:\scratch\2024.1\hls_product\545\2024.1\src\shared\hls\clib\hlsmath\src\common\hls_hotbm_float.cpp:17->C:\scratch\2024.1\hls_product\545\2024.1\src\shared\hls\clib/hlsmath/include/FloatingPoint\hls_hotbm.h:250->C:\scratch\2024.1\hls_product\545\2024.1\src\shared\hls\clib\hlsmath\src\common\hls_hotbm_float.cpp:123->C:\scratch\2024.1\hls_product\545\2024.1\src\shared\hls\clib\hlsmath\src\c++\sincoshotbmfloat.cpp:10->C:\scratch\2024.1\hls_product\545\2024.1\src\shared\hls\clib\hlsmath\src\c++\sincoshotbmfloat.cpp:42->pedal_c.cpp:37]   --->   Operation 309 'specmemcore' 'specmemcore_ln17' <Predicate = true> <Delay = 0.00>
ST_17 : Operation 310 [1/1] (0.00ns)   --->   "%specmemcore_ln18 = specmemcore void @_ssdm_op_SpecMemCore, i15 %second_order_float_sin_cos_K2, i64 666, i64 34, i64 18446744073709551615" [C:\scratch\2024.1\hls_product\545\2024.1\src\shared\hls\clib\hlsmath\src\common\hls_hotbm_float.cpp:18->C:\scratch\2024.1\hls_product\545\2024.1\src\shared\hls\clib/hlsmath/include/FloatingPoint\hls_hotbm.h:250->C:\scratch\2024.1\hls_product\545\2024.1\src\shared\hls\clib\hlsmath\src\common\hls_hotbm_float.cpp:123->C:\scratch\2024.1\hls_product\545\2024.1\src\shared\hls\clib\hlsmath\src\c++\sincoshotbmfloat.cpp:10->C:\scratch\2024.1\hls_product\545\2024.1\src\shared\hls\clib\hlsmath\src\c++\sincoshotbmfloat.cpp:42->pedal_c.cpp:37]   --->   Operation 310 'specmemcore' 'specmemcore_ln18' <Predicate = true> <Delay = 0.00>
ST_17 : Operation 311 [1/1] (0.00ns)   --->   "%shl_ln = bitconcatenate i63 @_ssdm_op_BitConcatenate.i63.i33.i30, i33 %add_ln39, i30 0" [pedal_c.cpp:39]   --->   Operation 311 'bitconcatenate' 'shl_ln' <Predicate = true> <Delay = 0.00>
ST_17 : Operation 312 [1/1] (1.08ns)   --->   "%add_ln39_1 = add i63 %shl_ln, i63 140737488355328" [pedal_c.cpp:39]   --->   Operation 312 'add' 'add_ln39_1' <Predicate = true> <Delay = 1.08> <CoreInst = "Adder">   --->   Core 1 'Adder' <Latency = 0> <II = 1> <Delay = 1.08> <FuncUnit> <Opcode : 'add' 'sub'> <InPorts = 2> <OutPorts = 1>
ST_17 : Operation 313 [1/1] (0.00ns)   --->   "%tmp_14 = bitselect i1 @_ssdm_op_BitSelect.i1.i63.i32, i63 %add_ln39_1, i32 62" [pedal_c.cpp:39]   --->   Operation 313 'bitselect' 'tmp_14' <Predicate = true> <Delay = 0.00>
ST_17 : Operation 314 [1/1] (0.00ns) (grouped into LUT with out node mod_1)   --->   "%mod = partselect i31 @_ssdm_op_PartSelect.i31.i63.i32.i32, i63 %add_ln39_1, i32 32, i32 62" [pedal_c.cpp:39]   --->   Operation 314 'partselect' 'mod' <Predicate = true> <Delay = 0.00>
ST_17 : Operation 315 [1/1] (0.00ns) (grouped into LUT with out node mod_1)   --->   "%sext_ln39_1 = sext i31 %mod" [pedal_c.cpp:39]   --->   Operation 315 'sext' 'sext_ln39_1' <Predicate = true> <Delay = 0.00>
ST_17 : Operation 316 [1/1] (0.00ns) (grouped into LUT with out node mod_1)   --->   "%tmp_15 = bitselect i1 @_ssdm_op_BitSelect.i1.i63.i32, i63 %add_ln39_1, i32 31" [pedal_c.cpp:39]   --->   Operation 316 'bitselect' 'tmp_15' <Predicate = true> <Delay = 0.00>
ST_17 : Operation 317 [1/1] (0.00ns)   --->   "%trunc_ln39 = trunc i63 %add_ln39_1" [pedal_c.cpp:39]   --->   Operation 317 'trunc' 'trunc_ln39' <Predicate = true> <Delay = 0.00>
ST_17 : Operation 318 [1/1] (1.00ns)   --->   "%icmp_ln39 = icmp_ne  i31 %trunc_ln39, i31 0" [pedal_c.cpp:39]   --->   Operation 318 'icmp' 'icmp_ln39' <Predicate = true> <Delay = 1.00> <CoreInst = "Cmp">   --->   Core 9 'Cmp' <Latency = 0> <II = 1> <Delay = 1.00> <FuncUnit> <Opcode : 'seteq' 'setne' 'setle' 'setge' 'setlt' 'setgt'> <InPorts = 2> <OutPorts = 1>
ST_17 : Operation 319 [1/1] (0.00ns) (grouped into LUT with out node mod_1)   --->   "%tmp_16 = bitselect i1 @_ssdm_op_BitSelect.i1.i63.i32, i63 %add_ln39_1, i32 32" [pedal_c.cpp:39]   --->   Operation 319 'bitselect' 'tmp_16' <Predicate = true> <Delay = 0.00>
ST_17 : Operation 320 [1/1] (0.00ns) (grouped into LUT with out node mod_1)   --->   "%or_ln39 = or i1 %tmp_16, i1 %icmp_ln39" [pedal_c.cpp:39]   --->   Operation 320 'or' 'or_ln39' <Predicate = true> <Delay = 0.00> <CoreInst = "LogicGate">   --->   Core 74 'LogicGate' <Latency = 0> <II = 1> <Delay = 0.28> <FuncUnit> <Opcode : 'and' 'or' 'xor'> <InPorts = 2> <OutPorts = 1>
ST_17 : Operation 321 [1/1] (0.00ns) (grouped into LUT with out node mod_1)   --->   "%and_ln39 = and i1 %or_ln39, i1 %tmp_15" [pedal_c.cpp:39]   --->   Operation 321 'and' 'and_ln39' <Predicate = true> <Delay = 0.00> <CoreInst = "LogicGate">   --->   Core 74 'LogicGate' <Latency = 0> <II = 1> <Delay = 0.28> <FuncUnit> <Opcode : 'and' 'or' 'xor'> <InPorts = 2> <OutPorts = 1>
ST_17 : Operation 322 [1/1] (0.00ns) (grouped into LUT with out node mod_1)   --->   "%zext_ln39 = zext i1 %and_ln39" [pedal_c.cpp:39]   --->   Operation 322 'zext' 'zext_ln39' <Predicate = true> <Delay = 0.00>
ST_17 : Operation 323 [1/1] (1.00ns) (out node of the LUT)   --->   "%mod_1 = add i32 %sext_ln39_1, i32 %zext_ln39" [pedal_c.cpp:39]   --->   Operation 323 'add' 'mod_1' <Predicate = true> <Delay = 1.00> <CoreInst = "Adder">   --->   Core 1 'Adder' <Latency = 0> <II = 1> <Delay = 1.01> <FuncUnit> <Opcode : 'add' 'sub'> <InPorts = 2> <OutPorts = 1>
ST_17 : Operation 324 [1/1] (0.00ns)   --->   "%tmp_17 = bitselect i1 @_ssdm_op_BitSelect.i1.i32.i32, i32 %mod_1, i32 31" [pedal_c.cpp:39]   --->   Operation 324 'bitselect' 'tmp_17' <Predicate = true> <Delay = 0.00>
ST_17 : Operation 325 [1/1] (0.28ns)   --->   "%xor_ln39 = xor i1 %tmp_14, i1 1" [pedal_c.cpp:39]   --->   Operation 325 'xor' 'xor_ln39' <Predicate = true> <Delay = 0.28> <CoreInst = "LogicGate">   --->   Core 74 'LogicGate' <Latency = 0> <II = 1> <Delay = 0.28> <FuncUnit> <Opcode : 'and' 'or' 'xor'> <InPorts = 2> <OutPorts = 1>
ST_17 : Operation 326 [1/1] (0.00ns) (grouped into LUT with out node mod_2)   --->   "%or_ln39_2 = or i1 %tmp_17, i1 %xor_ln39" [pedal_c.cpp:39]   --->   Operation 326 'or' 'or_ln39_2' <Predicate = true> <Delay = 0.00> <CoreInst = "LogicGate">   --->   Core 74 'LogicGate' <Latency = 0> <II = 1> <Delay = 0.28> <FuncUnit> <Opcode : 'and' 'or' 'xor'> <InPorts = 2> <OutPorts = 1>
ST_17 : Operation 327 [1/1] (0.00ns) (grouped into LUT with out node mod_2)   --->   "%xor_ln39_1 = xor i1 %tmp_14, i1 %or_ln39_2" [pedal_c.cpp:39]   --->   Operation 327 'xor' 'xor_ln39_1' <Predicate = true> <Delay = 0.00> <CoreInst = "LogicGate">   --->   Core 74 'LogicGate' <Latency = 0> <II = 1> <Delay = 0.28> <FuncUnit> <Opcode : 'and' 'or' 'xor'> <InPorts = 2> <OutPorts = 1>
ST_17 : Operation 328 [1/1] (0.00ns) (grouped into LUT with out node mod_2)   --->   "%xor_ln39_2 = xor i1 %xor_ln39_1, i1 1" [pedal_c.cpp:39]   --->   Operation 328 'xor' 'xor_ln39_2' <Predicate = true> <Delay = 0.00> <CoreInst = "LogicGate">   --->   Core 74 'LogicGate' <Latency = 0> <II = 1> <Delay = 0.28> <FuncUnit> <Opcode : 'and' 'or' 'xor'> <InPorts = 2> <OutPorts = 1>
ST_17 : Operation 329 [1/1] (0.00ns) (grouped into LUT with out node mod_2)   --->   "%or_ln39_1 = or i1 %tmp_17, i1 %xor_ln39_2" [pedal_c.cpp:39]   --->   Operation 329 'or' 'or_ln39_1' <Predicate = true> <Delay = 0.00> <CoreInst = "LogicGate">   --->   Core 74 'LogicGate' <Latency = 0> <II = 1> <Delay = 0.28> <FuncUnit> <Opcode : 'and' 'or' 'xor'> <InPorts = 2> <OutPorts = 1>
ST_17 : Operation 330 [1/1] (0.00ns) (grouped into LUT with out node mod_2)   --->   "%and_ln39_1 = and i1 %or_ln39_1, i1 %xor_ln39" [pedal_c.cpp:39]   --->   Operation 330 'and' 'and_ln39_1' <Predicate = true> <Delay = 0.00> <CoreInst = "LogicGate">   --->   Core 74 'LogicGate' <Latency = 0> <II = 1> <Delay = 0.28> <FuncUnit> <Opcode : 'and' 'or' 'xor'> <InPorts = 2> <OutPorts = 1>
ST_17 : Operation 331 [1/1] (0.44ns) (out node of the LUT)   --->   "%mod_2 = select i1 %and_ln39_1, i32 2147483647, i32 %mod_1" [pedal_c.cpp:39]   --->   Operation 331 'select' 'mod_2' <Predicate = true> <Delay = 0.44> <CoreInst = "Sel">   --->   Core 73 'Sel' <Latency = 0> <II = 1> <Delay = 0.44> <FuncUnit> <Opcode : 'select'> <InPorts = 3> <OutPorts = 1>
ST_17 : Operation 332 [1/1] (0.00ns)   --->   "%sext_ln40 = sext i32 %mod_2" [pedal_c.cpp:40]   --->   Operation 332 'sext' 'sext_ln40' <Predicate = true> <Delay = 0.00>
ST_17 : Operation 333 [1/1] (0.00ns)   --->   "%sext_ln40_1 = sext i32 %select_ln40_1" [pedal_c.cpp:40]   --->   Operation 333 'sext' 'sext_ln40_1' <Predicate = true> <Delay = 0.00>
ST_17 : Operation 334 [1/1] (3.42ns)   --->   "%mul_ln40 = mul i63 %sext_ln40_1, i63 %sext_ln40" [pedal_c.cpp:40]   --->   Operation 334 'mul' 'mul_ln40' <Predicate = true> <Delay = 3.42> <CoreInst = "Multiplier">   --->   Core 3 'Multiplier' <Latency = 0> <II = 1> <Delay = 3.42> <FuncUnit> <Opcode : 'mul'> <InPorts = 2> <OutPorts = 1>
ST_17 : Operation 335 [1/1] (0.00ns) (grouped into LUT with out node ref_tmp_i_0)   --->   "%sext_ln40_2 = sext i63 %mul_ln40" [pedal_c.cpp:40]   --->   Operation 335 'sext' 'sext_ln40_2' <Predicate = true> <Delay = 0.00>
ST_17 : Operation 336 [1/1] (0.00ns)   --->   "%tmp_21 = partselect i31 @_ssdm_op_PartSelect.i31.i63.i32.i32, i63 %mul_ln40, i32 32, i32 62" [pedal_c.cpp:40]   --->   Operation 336 'partselect' 'tmp_21' <Predicate = true> <Delay = 0.00>
ST_17 : Operation 337 [1/1] (0.00ns)   --->   "%sext_ln40_3 = sext i31 %tmp_21" [pedal_c.cpp:40]   --->   Operation 337 'sext' 'sext_ln40_3' <Predicate = true> <Delay = 0.00>
ST_17 : Operation 338 [1/1] (0.00ns) (grouped into LUT with out node ref_tmp_i_0)   --->   "%tmp_22 = bitselect i1 @_ssdm_op_BitSelect.i1.i64.i32, i64 %sext_ln40_2, i32 63" [pedal_c.cpp:40]   --->   Operation 338 'bitselect' 'tmp_22' <Predicate = true> <Delay = 0.00>
ST_17 : Operation 339 [1/1] (0.00ns)   --->   "%trunc_ln40 = trunc i63 %mul_ln40" [pedal_c.cpp:40]   --->   Operation 339 'trunc' 'trunc_ln40' <Predicate = true> <Delay = 0.00>
ST_17 : Operation 340 [1/1] (1.01ns)   --->   "%icmp_ln40_2 = icmp_ne  i32 %trunc_ln40, i32 0" [pedal_c.cpp:40]   --->   Operation 340 'icmp' 'icmp_ln40_2' <Predicate = true> <Delay = 1.01> <CoreInst = "Cmp">   --->   Core 9 'Cmp' <Latency = 0> <II = 1> <Delay = 1.01> <FuncUnit> <Opcode : 'seteq' 'setne' 'setle' 'setge' 'setlt' 'setgt'> <InPorts = 2> <OutPorts = 1>
ST_17 : Operation 341 [1/1] (1.00ns)   --->   "%add_ln40 = add i32 %sext_ln40_3, i32 1" [pedal_c.cpp:40]   --->   Operation 341 'add' 'add_ln40' <Predicate = true> <Delay = 1.00> <CoreInst = "Adder">   --->   Core 1 'Adder' <Latency = 0> <II = 1> <Delay = 1.01> <FuncUnit> <Opcode : 'add' 'sub'> <InPorts = 2> <OutPorts = 1>
ST_17 : Operation 342 [1/1] (0.00ns) (grouped into LUT with out node ref_tmp_i_0)   --->   "%select_ln40_2 = select i1 %icmp_ln40_2, i32 %add_ln40, i32 %sext_ln40_3" [pedal_c.cpp:40]   --->   Operation 342 'select' 'select_ln40_2' <Predicate = true> <Delay = 0.00> <CoreInst = "Sel">   --->   Core 73 'Sel' <Latency = 0> <II = 1> <Delay = 0.44> <FuncUnit> <Opcode : 'select'> <InPorts = 3> <OutPorts = 1>
ST_17 : Operation 343 [1/1] (0.44ns) (out node of the LUT)   --->   "%ref_tmp_i_0 = select i1 %tmp_22, i32 %select_ln40_2, i32 %sext_ln40_3" [pedal_c.cpp:40]   --->   Operation 343 'select' 'ref_tmp_i_0' <Predicate = true> <Delay = 0.44> <CoreInst = "Sel">   --->   Core 73 'Sel' <Latency = 0> <II = 1> <Delay = 0.44> <FuncUnit> <Opcode : 'select'> <InPorts = 3> <OutPorts = 1>
ST_17 : Operation 344 [1/1] (0.00ns)   --->   "%ret_ln40 = ret i32 %ref_tmp_i_0" [pedal_c.cpp:40]   --->   Operation 344 'ret' 'ret_ln40' <Predicate = true> <Delay = 0.00>


============================================================
+ Verbose Summary: Binding
============================================================
STG Binding: 
---------------- STG Properties BEGIN ----------------
- Is combinational: 0
- Is one-state seq: 0
- Is datapath-only: 1
- Is pipelined: 1
- Is top level: 0
Port [ Return ] is wired: 1; IO mode=ap_ctrl_hs:ce=0
Port [ data]:  wired=1; compound=0; hidden=0; nouse=0; global=0; static=0; extern=0; dir=0; type=0; pingpong=0; private_global=0; IO mode=ap_none:ce=0
Port [ count]:  wired=1; compound=0; hidden=0; nouse=0; global=0; static=0; extern=0; dir=0; type=0; pingpong=0; private_global=0; IO mode=ap_none:ce=0
Port [ ref_4oPi_table_100]:  wired=0; compound=1; hidden=1; nouse=0; global=1; static=1; extern=0; dir=0; type=1; pingpong=0; private_global=0; MemPort=[1]; IO mode=ap_memory:ce=0
Port [ second_order_float_sin_cos_K0]:  wired=0; compound=1; hidden=1; nouse=0; global=1; static=1; extern=0; dir=0; type=1; pingpong=0; private_global=0; MemPort=[1]; IO mode=ap_memory:ce=0
Port [ second_order_float_sin_cos_K1]:  wired=0; compound=1; hidden=1; nouse=0; global=1; static=1; extern=0; dir=0; type=1; pingpong=0; private_global=0; MemPort=[1]; IO mode=ap_memory:ce=0
Port [ second_order_float_sin_cos_K2]:  wired=0; compound=1; hidden=1; nouse=0; global=1; static=1; extern=0; dir=0; type=1; pingpong=0; private_global=0; MemPort=[1]; IO mode=ap_memory:ce=0
---------------- STG Properties END ------------------

---------------- Datapath Model BEGIN ----------------

<LifeTime>
<method=bitvector/>
count_read                         (read          ) [ 011000000000000000]
data_read                          (read          ) [ 000000000000000000]
tmp_18                             (bitselect     ) [ 000000000000000000]
shl_ln40                           (shl           ) [ 000000000000000000]
tmp_19                             (bitselect     ) [ 000000000000000000]
tmp_20                             (partselect    ) [ 000000000000000000]
icmp_ln40                          (icmp          ) [ 000000000000000000]
or_ln40                            (or            ) [ 000000000000000000]
xor_ln40                           (xor           ) [ 000000000000000000]
and_ln40                           (and           ) [ 000000000000000000]
xor_ln40_1                         (xor           ) [ 000000000000000000]
icmp_ln40_1                        (icmp          ) [ 000000000000000000]
or_ln40_1                          (or            ) [ 000000000000000000]
and_ln40_1                         (and           ) [ 000000000000000000]
select_ln40                        (select        ) [ 000000000000000000]
or_ln40_2                          (or            ) [ 000000000000000000]
select_ln40_1                      (select        ) [ 011111111111111111]
conv1                              (sitofp        ) [ 010111111100000000]
div                                (fdiv          ) [ 010000000011000000]
x_assign                           (fmul          ) [ 000000000000000000]
data_1                             (bitcast       ) [ 000000000000000000]
din_sign                           (bitselect     ) [ 010000000000100000]
din_exp                            (partselect    ) [ 010000000000100000]
din_sig                            (trunc         ) [ 010000000000100000]
closepath                          (icmp          ) [ 010000000000100000]
add_ln376                          (add           ) [ 000000000000000000]
addr                               (select        ) [ 000000000000000000]
lshr_ln                            (partselect    ) [ 000000000000000000]
zext_ln378                         (zext          ) [ 000000000000000000]
ref_4oPi_table_100_addr            (getelementptr ) [ 010000000000100000]
trunc_ln379                        (trunc         ) [ 010000000000100000]
Ex                                 (add           ) [ 000000000000000000]
select_ln453                       (select        ) [ 000000000000000000]
X                                  (bitconcatenate) [ 000000000000000000]
table_100                          (load          ) [ 000000000000000000]
zext_ln379                         (zext          ) [ 000000000000000000]
shl_ln379                          (shl           ) [ 000000000000000000]
Med                                (partselect    ) [ 000000000000000000]
zext_ln468                         (zext          ) [ 000000000000000000]
h                                  (mul           ) [ 000000000000000000]
Mx_bits                            (partselect    ) [ 000000000000000000]
k                                  (partselect    ) [ 000000000000000000]
k_1                                (select        ) [ 000000000000000000]
trunc_ln491                        (trunc         ) [ 000000000000000000]
Mx_bits_1                          (sub           ) [ 000000000000000000]
Mx_bits_2                          (select        ) [ 000000000000000000]
tmp_136_i3                         (partselect    ) [ 000000000000000000]
t                                  (bitconcatenate) [ 000000000000000000]
tmp_137_i                          (partselect    ) [ 000000000000000000]
tmp_138_i                          (bitconcatenate) [ 000000000000000000]
sext_ln75                          (sext          ) [ 000000000000000000]
tmp_139_i                          (cttz          ) [ 000000000000000000]
Mx_zeros                           (trunc         ) [ 000000000000000000]
zext_ln504                         (zext          ) [ 000000000000000000]
shl_ln504                          (shl           ) [ 000000000000000000]
Mx                                 (partselect    ) [ 010000000000011000]
zext_ln505                         (zext          ) [ 000000000000000000]
Ex_1                               (sub           ) [ 010000000000011000]
tmp_2                              (bitselect     ) [ 010000000000010000]
cos_basis                          (sparsemux     ) [ 010000000000011000]
index                              (bitconcatenate) [ 000000000000000000]
tmp_145_i                          (sparsemux     ) [ 000000000000000000]
tmp_146_i                          (sparsemux     ) [ 000000000000000000]
results_sign                       (select        ) [ 000000000000000000]
icmp_ln271                         (icmp          ) [ 000000000000000000]
icmp_ln271_1                       (icmp          ) [ 000000000000000000]
and_ln271                          (and           ) [ 010000000000011100]
icmp_ln282                         (icmp          ) [ 010000000000011100]
xor_ln282                          (xor           ) [ 000000000000000000]
results_sign_1                     (and           ) [ 000000000000000000]
results_sign_2                     (select        ) [ 010000000000011100]
sub_ln506                          (sub           ) [ 000000000000000000]
select_ln506                       (select        ) [ 000000000000000000]
zext_ln506                         (zext          ) [ 000000000000000000]
zext_ln506_1                       (zext          ) [ 000000000000000000]
lshr_ln506                         (lshr          ) [ 000000000000000000]
shl_ln506                          (shl           ) [ 000000000000000000]
select_ln506_1                     (select        ) [ 000000000000000000]
B                                  (trunc         ) [ 010000000000001000]
tmp_140_i                          (partselect    ) [ 000000000000000000]
B_trunc                            (partselect    ) [ 000000000000000000]
zext_ln23                          (zext          ) [ 000000000000000000]
mul_ln23                           (mul           ) [ 000000000000000000]
B_squared                          (partselect    ) [ 010000000000001000]
sin_basis                          (xor           ) [ 000000000000000000]
A                                  (bitconcatenate) [ 000000000000000000]
zext_ln28                          (zext          ) [ 000000000000000000]
second_order_float_sin_cos_K0_addr (getelementptr ) [ 010000000000001000]
second_order_float_sin_cos_K1_addr (getelementptr ) [ 010000000000001000]
second_order_float_sin_cos_K2_addr (getelementptr ) [ 010000000000001000]
Mx_1                               (select        ) [ 000000000000000000]
Ex_2                               (select        ) [ 000000000000000000]
zext_ln23_1                        (zext          ) [ 000000000000000000]
second_order_float_sin_cos_K0_load (load          ) [ 000000000000000000]
t1                                 (partselect    ) [ 000000000000000000]
zext_ln29                          (zext          ) [ 000000000000000000]
second_order_float_sin_cos_K1_load (load          ) [ 000000000000000000]
sext_ln29                          (sext          ) [ 000000000000000000]
mul_ln29                           (mul           ) [ 000000000000000000]
trunc_ln                           (partselect    ) [ 000000000000000000]
second_order_float_sin_cos_K2_load (load          ) [ 000000000000000000]
sext_ln30                          (sext          ) [ 000000000000000000]
mul_ln30                           (mul           ) [ 000000000000000000]
trunc_ln1                          (partselect    ) [ 000000000000000000]
sext_ln32                          (sext          ) [ 000000000000000000]
sext_ln32_1                        (sext          ) [ 000000000000000000]
add_ln32                           (add           ) [ 000000000000000000]
sext_ln32_2                        (sext          ) [ 000000000000000000]
add_ln32_1                         (add           ) [ 000000000000000000]
sext_ln32_3                        (sext          ) [ 000000000000000000]
zext_ln32                          (zext          ) [ 000000000000000000]
mul_ln32                           (mul           ) [ 000000000000000000]
result                             (partselect    ) [ 000000000000000000]
sext_ln252                         (sext          ) [ 000000000000000000]
tmp_141_i                          (partselect    ) [ 000000000000000000]
out_bits                           (bitconcatenate) [ 000000000000000000]
tmp_142_i                          (partselect    ) [ 000000000000000000]
out_bits_2                         (bitconcatenate) [ 000000000000000000]
tmp_143_i                          (partselect    ) [ 000000000000000000]
c                                  (cttz          ) [ 000000000000000000]
tmp_144_i                          (partselect    ) [ 000000000000000000]
c_1                                (cttz          ) [ 000000000000000000]
zext_ln291                         (zext          ) [ 000000000000000000]
shl_ln291                          (shl           ) [ 010000000000000100]
in_shift_1                         (trunc         ) [ 000000000000000000]
icmp_ln292                         (icmp          ) [ 010000000000000100]
shift_1                            (add           ) [ 000000000000000000]
zext_ln291_1                       (zext          ) [ 000000000000000000]
shl_ln291_1                        (shl           ) [ 010000000000000100]
shift_2                            (select        ) [ 000000000000000000]
add_ln300                          (add           ) [ 000000000000000000]
sext_ln300                         (sext          ) [ 000000000000000000]
newexp                             (sub           ) [ 000000000000000000]
tmp_3                              (bitselect     ) [ 000000000000000000]
icmp_ln306                         (icmp          ) [ 000000000000000000]
or_ln306                           (or            ) [ 000000000000000000]
empty                              (trunc         ) [ 000000000000000000]
select_ln282                       (select        ) [ 000000000000000000]
or_ln282                           (or            ) [ 010000000000000100]
results_exp                        (select        ) [ 000000000000000000]
results_exp_1                      (select        ) [ 010000000000000100]
tmp                                (partselect    ) [ 000000000000000000]
tmp_s                              (partselect    ) [ 000000000000000000]
empty_75                           (select        ) [ 000000000000000000]
select_ln282_2                     (select        ) [ 000000000000000000]
results_sig                        (select        ) [ 000000000000000000]
results_sig_1                      (select        ) [ 000000000000000000]
t_2                                (bitconcatenate) [ 000000000000000000]
bitcast_ln327                      (bitcast       ) [ 000000000000000000]
pf                                 (fpext         ) [ 000000000000000000]
bitcast_ln716                      (bitcast       ) [ 000000000000000000]
trunc_ln37                         (trunc         ) [ 010000000000000010]
tmp_4                              (bitselect     ) [ 010000000000000010]
tmp_1                              (partselect    ) [ 010000000000000010]
trunc_ln37_1                       (trunc         ) [ 010000000000000010]
zext_ln37                          (zext          ) [ 000000000000000000]
add_ln37                           (add           ) [ 000000000000000000]
zext_ln37_1_cast                   (bitconcatenate) [ 000000000000000000]
zext_ln37_1                        (zext          ) [ 000000000000000000]
sub_ln37                           (sub           ) [ 000000000000000000]
select_ln37                        (select        ) [ 000000000000000000]
icmp_ln37                          (icmp          ) [ 000000000000000000]
sub_ln37_1                         (sub           ) [ 000000000000000000]
trunc_ln37_2                       (trunc         ) [ 000000000000000000]
icmp_ln37_1                        (icmp          ) [ 000000000000000000]
add_ln37_1                         (add           ) [ 000000000000000000]
trunc_ln37_3                       (trunc         ) [ 000000000000000000]
sub_ln37_2                         (sub           ) [ 000000000000000000]
select_ln37_1                      (select        ) [ 000000000000000000]
zext_ln37_4                        (zext          ) [ 000000000000000000]
icmp_ln37_2                        (icmp          ) [ 000000000000000000]
trunc_ln37_4                       (trunc         ) [ 000000000000000000]
icmp_ln37_3                        (icmp          ) [ 000000000000000000]
select_ln37_3                      (select        ) [ 000000000000000000]
zext_ln37_2                        (zext          ) [ 000000000000000000]
ashr_ln37                          (ashr          ) [ 000000000000000000]
trunc_ln37_5                       (trunc         ) [ 000000000000000000]
select_ln37_2                      (select        ) [ 000000000000000000]
icmp_ln37_4                        (icmp          ) [ 000000000000000000]
tmp_5                              (partselect    ) [ 000000000000000000]
icmp_ln37_9                        (icmp          ) [ 000000000000000000]
add_ln37_2                         (add           ) [ 000000000000000000]
sext_ln37                          (sext          ) [ 000000000000000000]
tmp_6                              (bitselect     ) [ 000000000000000000]
shl_ln37                           (shl           ) [ 000000000000000000]
cond63_i                           (select        ) [ 000000000000000000]
icmp_ln37_6                        (icmp          ) [ 000000000000000000]
add_ln37_3                         (add           ) [ 000000000000000000]
icmp_ln37_7                        (icmp          ) [ 000000000000000000]
trunc_ln37_6                       (trunc         ) [ 000000000000000000]
sub_ln37_3                         (sub           ) [ 000000000000000000]
select_ln37_8                      (select        ) [ 000000000000000000]
zext_ln37_5                        (zext          ) [ 000000000000000000]
lshr_ln37_2                        (lshr          ) [ 000000000000000000]
and_ln37_17                        (and           ) [ 000000000000000000]
icmp_ln37_8                        (icmp          ) [ 000000000000000000]
cond85_i                           (and           ) [ 000000000000000000]
tmp_7                              (bitselect     ) [ 000000000000000000]
trunc_ln37_7                       (trunc         ) [ 000000000000000000]
or_ln37                            (or            ) [ 000000000000000000]
and_ln37                           (and           ) [ 000000000000000000]
zext_ln37_3                        (zext          ) [ 000000000000000000]
add_ln37_4                         (add           ) [ 000000000000000000]
tmp_8                              (bitselect     ) [ 000000000000000000]
xor_ln37                           (xor           ) [ 000000000000000000]
xor_ln37_2                         (xor           ) [ 000000000000000000]
and_ln37_1                         (and           ) [ 000000000000000000]
tmp_9                              (partselect    ) [ 000000000000000000]
icmp_ln37_11                       (icmp          ) [ 000000000000000000]
and_ln37_11                        (and           ) [ 000000000000000000]
sel_tmp6                           (bitconcatenate) [ 000000000000000000]
ref_tmp_i_i                        (sparsemux     ) [ 000000000000000000]
and_ln37_12                        (and           ) [ 000000000000000000]
carry_1_i                          (and           ) [ 000000000000000000]
select_ln37_9                      (select        ) [ 000000000000000000]
add_ln37_5                         (add           ) [ 000000000000000000]
tmp_10                             (partselect    ) [ 000000000000000000]
icmp_ln37_16                       (icmp          ) [ 000000000000000000]
add_ln37_6                         (add           ) [ 000000000000000000]
sext_ln37_1                        (sext          ) [ 000000000000000000]
add_ln37_7                         (add           ) [ 000000000000000000]
tmp_11                             (bitselect     ) [ 000000000000000000]
icmp_ln37_10                       (icmp          ) [ 000000000000000000]
tmp_12                             (bitselect     ) [ 000000000000000000]
xor_ln37_8                         (xor           ) [ 000000000000000000]
icmp_ln37_12                       (icmp          ) [ 000000000000000000]
tobool130_i                        (bitselect     ) [ 000000000000000000]
lD_0_i                             (and           ) [ 000000000000000000]
icmp_ln37_13                       (icmp          ) [ 000000000000000000]
icmp_ln37_14                       (icmp          ) [ 000000000000000000]
and_ln37_2                         (and           ) [ 000000000000000000]
sext_ln37_2                        (sext          ) [ 000000000000000000]
zext_ln37_6                        (zext          ) [ 000000000000000000]
lshr_ln37                          (lshr          ) [ 000000000000000000]
lshr_ln37_1                        (lshr          ) [ 000000000000000000]
icmp_ln37_15                       (icmp          ) [ 000000000000000000]
tmp_13                             (bitselect     ) [ 000000000000000000]
xor_ln37_9                         (xor           ) [ 000000000000000000]
Range2_all_ones_1_i                (select        ) [ 000000000000000000]
and_ln37_3                         (and           ) [ 000000000000000000]
and_ln37_4                         (and           ) [ 000000000000000000]
xor_ln37_1                         (xor           ) [ 000000000000000000]
icmp_ln37_17                       (icmp          ) [ 000000000000000000]
and_ln37_5                         (and           ) [ 000000000000000000]
icmp_ln37_18                       (icmp          ) [ 000000000000000000]
select_ln37_6                      (select        ) [ 000000000000000000]
select_ln37_7                      (select        ) [ 000000000000000000]
Range1_all_ones_2_i                (select        ) [ 000000000000000000]
Range1_all_zeros_2_i               (select        ) [ 000000000000000000]
select_ln37_4                      (select        ) [ 000000000000000000]
or_ln37_1                          (or            ) [ 000000000000000000]
and_ln37_6                         (and           ) [ 000000000000000000]
cond189_i                          (select        ) [ 000000000000000000]
and_ln37_7                         (and           ) [ 000000000000000000]
xor_ln37_3                         (xor           ) [ 000000000000000000]
not_icmp_ln37_1062                 (xor           ) [ 000000000000000000]
deleted_ones_0_i                   (or            ) [ 000000000000000000]
and_ln37_13                        (and           ) [ 000000000000000000]
sel_tmp                            (bitconcatenate) [ 000000000000000000]
neg_src_0_i                        (sparsemux     ) [ 000000000000000000]
xor_ln37_4                         (xor           ) [ 000000000000000000]
and_ln37_14                        (and           ) [ 000000000000000000]
or_ln37_2                          (or            ) [ 000000000000000000]
xor_ln37_5                         (xor           ) [ 000000000000000000]
and_ln37_8                         (and           ) [ 000000000000000000]
and_ln37_9                         (and           ) [ 000000000000000000]
xor_ln37_6                         (xor           ) [ 000000000000000000]
and_ln37_10                        (and           ) [ 000000000000000000]
or_ln37_3                          (or            ) [ 000000000000000000]
select_ln37_5                      (select        ) [ 000000000000000000]
xor_ln37_7                         (xor           ) [ 000000000000000000]
and_ln37_15                        (and           ) [ 000000000000000000]
and_ln37_16                        (and           ) [ 000000000000000000]
sel_tmp1                           (bitconcatenate) [ 000000000000000000]
lfo                                (sparsemux     ) [ 000000000000000000]
sext_ln39                          (sext          ) [ 000000000000000000]
add_ln39                           (add           ) [ 010000000000000001]
specmemcore_ln375                  (specmemcore   ) [ 000000000000000000]
specmemcore_ln16                   (specmemcore   ) [ 000000000000000000]
specmemcore_ln17                   (specmemcore   ) [ 000000000000000000]
specmemcore_ln18                   (specmemcore   ) [ 000000000000000000]
shl_ln                             (bitconcatenate) [ 000000000000000000]
add_ln39_1                         (add           ) [ 000000000000000000]
tmp_14                             (bitselect     ) [ 000000000000000000]
mod                                (partselect    ) [ 000000000000000000]
sext_ln39_1                        (sext          ) [ 000000000000000000]
tmp_15                             (bitselect     ) [ 000000000000000000]
trunc_ln39                         (trunc         ) [ 000000000000000000]
icmp_ln39                          (icmp          ) [ 000000000000000000]
tmp_16                             (bitselect     ) [ 000000000000000000]
or_ln39                            (or            ) [ 000000000000000000]
and_ln39                           (and           ) [ 000000000000000000]
zext_ln39                          (zext          ) [ 000000000000000000]
mod_1                              (add           ) [ 000000000000000000]
tmp_17                             (bitselect     ) [ 000000000000000000]
xor_ln39                           (xor           ) [ 000000000000000000]
or_ln39_2                          (or            ) [ 000000000000000000]
xor_ln39_1                         (xor           ) [ 000000000000000000]
xor_ln39_2                         (xor           ) [ 000000000000000000]
or_ln39_1                          (or            ) [ 000000000000000000]
and_ln39_1                         (and           ) [ 000000000000000000]
mod_2                              (select        ) [ 000000000000000000]
sext_ln40                          (sext          ) [ 000000000000000000]
sext_ln40_1                        (sext          ) [ 000000000000000000]
mul_ln40                           (mul           ) [ 000000000000000000]
sext_ln40_2                        (sext          ) [ 000000000000000000]
tmp_21                             (partselect    ) [ 000000000000000000]
sext_ln40_3                        (sext          ) [ 000000000000000000]
tmp_22                             (bitselect     ) [ 000000000000000000]
trunc_ln40                         (trunc         ) [ 000000000000000000]
icmp_ln40_2                        (icmp          ) [ 000000000000000000]
add_ln40                           (add           ) [ 000000000000000000]
select_ln40_2                      (select        ) [ 000000000000000000]
ref_tmp_i_0                        (select        ) [ 000000000000000000]
ret_ln40                           (ret           ) [ 000000000000000000]
</LifeTime>

<model>

<comp_list>
<comp id="0" class="1000" name="data">
<pin_list>
<pin id="1" dir="1" index="0" bw="1" slack="0"/>
</pin_list>
<bind>
<StgValue><ssdm name="data"/></StgValue>
</bind>
</comp>

<comp id="2" class="1000" name="count">
<pin_list>
<pin id="3" dir="1" index="0" bw="1" slack="0"/>
</pin_list>
<bind>
<StgValue><ssdm name="count"/></StgValue>
</bind>
</comp>

<comp id="4" class="1000" name="ref_4oPi_table_100">
<pin_list>
<pin id="5" dir="1" index="0" bw="1" slack="0"/>
</pin_list>
<bind>
<StgValue><ssdm name="ref_4oPi_table_100"/><MemPortTyVec>1 </MemPortTyVec>
</StgValue>
</bind>
</comp>

<comp id="6" class="1000" name="second_order_float_sin_cos_K0">
<pin_list>
<pin id="7" dir="1" index="0" bw="1" slack="0"/>
</pin_list>
<bind>
<StgValue><ssdm name="second_order_float_sin_cos_K0"/><MemPortTyVec>1 </MemPortTyVec>
</StgValue>
</bind>
</comp>

<comp id="8" class="1000" name="second_order_float_sin_cos_K1">
<pin_list>
<pin id="9" dir="1" index="0" bw="1" slack="0"/>
</pin_list>
<bind>
<StgValue><ssdm name="second_order_float_sin_cos_K1"/><MemPortTyVec>1 </MemPortTyVec>
</StgValue>
</bind>
</comp>

<comp id="10" class="1000" name="second_order_float_sin_cos_K2">
<pin_list>
<pin id="11" dir="1" index="0" bw="1" slack="0"/>
</pin_list>
<bind>
<StgValue><ssdm name="second_order_float_sin_cos_K2"/><MemPortTyVec>1 </MemPortTyVec>
</StgValue>
</bind>
</comp>

<comp id="12" class="1001" name="const_12">
<pin_list>
<pin id="13" dir="1" index="0" bw="1" slack="0"/>
</pin_list>
<bind>
<StgValue><ssdm name="_ssdm_op_Read.ap_auto.i32"/></StgValue>
</bind>
</comp>

<comp id="14" class="1001" name="const_14">
<pin_list>
<pin id="15" dir="1" index="0" bw="1" slack="0"/>
</pin_list>
<bind>
<StgValue><ssdm name="_ssdm_op_BitSelect.i1.i32.i32"/></StgValue>
</bind>
</comp>

<comp id="16" class="1001" name="const_16">
<pin_list>
<pin id="17" dir="1" index="0" bw="1" slack="0"/>
</pin_list>
<bind>
<StgValue><ssdm name=""/></StgValue>
</bind>
</comp>

<comp id="18" class="1001" name="const_18">
<pin_list>
<pin id="19" dir="1" index="0" bw="1" slack="0"/>
</pin_list>
<bind>
<StgValue><ssdm name=""/></StgValue>
</bind>
</comp>

<comp id="20" class="1001" name="const_20">
<pin_list>
<pin id="21" dir="1" index="0" bw="1" slack="0"/>
</pin_list>
<bind>
<StgValue><ssdm name=""/></StgValue>
</bind>
</comp>

<comp id="22" class="1001" name="const_22">
<pin_list>
<pin id="23" dir="1" index="0" bw="1" slack="0"/>
</pin_list>
<bind>
<StgValue><ssdm name="_ssdm_op_PartSelect.i16.i32.i32.i32"/></StgValue>
</bind>
</comp>

<comp id="24" class="1001" name="const_24">
<pin_list>
<pin id="25" dir="1" index="0" bw="1" slack="0"/>
</pin_list>
<bind>
<StgValue><ssdm name=""/></StgValue>
</bind>
</comp>

<comp id="26" class="1001" name="const_26">
<pin_list>
<pin id="27" dir="1" index="0" bw="1" slack="0"/>
</pin_list>
<bind>
<StgValue><ssdm name=""/></StgValue>
</bind>
</comp>

<comp id="28" class="1001" name="const_28">
<pin_list>
<pin id="29" dir="1" index="0" bw="1" slack="0"/>
</pin_list>
<bind>
<StgValue><ssdm name=""/></StgValue>
</bind>
</comp>

<comp id="30" class="1001" name="const_30">
<pin_list>
<pin id="31" dir="1" index="0" bw="1" slack="0"/>
</pin_list>
<bind>
<StgValue><ssdm name=""/></StgValue>
</bind>
</comp>

<comp id="32" class="1001" name="const_32">
<pin_list>
<pin id="33" dir="1" index="0" bw="1" slack="0"/>
</pin_list>
<bind>
<StgValue><ssdm name=""/></StgValue>
</bind>
</comp>

<comp id="34" class="1001" name="const_34">
<pin_list>
<pin id="35" dir="1" index="0" bw="1" slack="0"/>
</pin_list>
<bind>
<StgValue><ssdm name=""/></StgValue>
</bind>
</comp>

<comp id="36" class="1001" name="const_36">
<pin_list>
<pin id="37" dir="1" index="0" bw="1" slack="0"/>
</pin_list>
<bind>
<StgValue><ssdm name=""/></StgValue>
</bind>
</comp>

<comp id="38" class="1001" name="const_38">
<pin_list>
<pin id="39" dir="1" index="0" bw="1" slack="0"/>
</pin_list>
<bind>
<StgValue><ssdm name="_ssdm_op_PartSelect.i8.i32.i32.i32"/></StgValue>
</bind>
</comp>

<comp id="40" class="1001" name="const_40">
<pin_list>
<pin id="41" dir="1" index="0" bw="1" slack="0"/>
</pin_list>
<bind>
<StgValue><ssdm name=""/></StgValue>
</bind>
</comp>

<comp id="42" class="1001" name="const_42">
<pin_list>
<pin id="43" dir="1" index="0" bw="1" slack="0"/>
</pin_list>
<bind>
<StgValue><ssdm name=""/></StgValue>
</bind>
</comp>

<comp id="44" class="1001" name="const_44">
<pin_list>
<pin id="45" dir="1" index="0" bw="1" slack="0"/>
</pin_list>
<bind>
<StgValue><ssdm name=""/></StgValue>
</bind>
</comp>

<comp id="46" class="1001" name="const_46">
<pin_list>
<pin id="47" dir="1" index="0" bw="1" slack="0"/>
</pin_list>
<bind>
<StgValue><ssdm name=""/></StgValue>
</bind>
</comp>

<comp id="48" class="1001" name="const_48">
<pin_list>
<pin id="49" dir="1" index="0" bw="1" slack="0"/>
</pin_list>
<bind>
<StgValue><ssdm name=""/></StgValue>
</bind>
</comp>

<comp id="50" class="1001" name="const_50">
<pin_list>
<pin id="51" dir="1" index="0" bw="1" slack="0"/>
</pin_list>
<bind>
<StgValue><ssdm name="_ssdm_op_PartSelect.i4.i8.i32.i32"/></StgValue>
</bind>
</comp>

<comp id="52" class="1001" name="const_52">
<pin_list>
<pin id="53" dir="1" index="0" bw="1" slack="0"/>
</pin_list>
<bind>
<StgValue><ssdm name=""/></StgValue>
</bind>
</comp>

<comp id="54" class="1001" name="const_54">
<pin_list>
<pin id="55" dir="1" index="0" bw="1" slack="0"/>
</pin_list>
<bind>
<StgValue><ssdm name=""/></StgValue>
</bind>
</comp>

<comp id="56" class="1001" name="const_56">
<pin_list>
<pin id="57" dir="1" index="0" bw="1" slack="0"/>
</pin_list>
<bind>
<StgValue><ssdm name=""/></StgValue>
</bind>
</comp>

<comp id="58" class="1001" name="const_58">
<pin_list>
<pin id="59" dir="1" index="0" bw="1" slack="0"/>
</pin_list>
<bind>
<StgValue><ssdm name=""/></StgValue>
</bind>
</comp>

<comp id="60" class="1001" name="const_60">
<pin_list>
<pin id="61" dir="1" index="0" bw="1" slack="0"/>
</pin_list>
<bind>
<StgValue><ssdm name=""/></StgValue>
</bind>
</comp>

<comp id="62" class="1001" name="const_62">
<pin_list>
<pin id="63" dir="1" index="0" bw="1" slack="0"/>
</pin_list>
<bind>
<StgValue><ssdm name="_ssdm_op_BitConcatenate.i24.i1.i23"/></StgValue>
</bind>
</comp>

<comp id="64" class="1001" name="const_64">
<pin_list>
<pin id="65" dir="1" index="0" bw="1" slack="0"/>
</pin_list>
<bind>
<StgValue><ssdm name="_ssdm_op_PartSelect.i80.i100.i32.i32"/></StgValue>
</bind>
</comp>

<comp id="66" class="1001" name="const_66">
<pin_list>
<pin id="67" dir="1" index="0" bw="1" slack="0"/>
</pin_list>
<bind>
<StgValue><ssdm name=""/></StgValue>
</bind>
</comp>

<comp id="68" class="1001" name="const_68">
<pin_list>
<pin id="69" dir="1" index="0" bw="1" slack="0"/>
</pin_list>
<bind>
<StgValue><ssdm name=""/></StgValue>
</bind>
</comp>

<comp id="70" class="1001" name="const_70">
<pin_list>
<pin id="71" dir="1" index="0" bw="1" slack="0"/>
</pin_list>
<bind>
<StgValue><ssdm name="_ssdm_op_PartSelect.i58.i80.i32.i32"/></StgValue>
</bind>
</comp>

<comp id="72" class="1001" name="const_72">
<pin_list>
<pin id="73" dir="1" index="0" bw="1" slack="0"/>
</pin_list>
<bind>
<StgValue><ssdm name=""/></StgValue>
</bind>
</comp>

<comp id="74" class="1001" name="const_74">
<pin_list>
<pin id="75" dir="1" index="0" bw="1" slack="0"/>
</pin_list>
<bind>
<StgValue><ssdm name=""/></StgValue>
</bind>
</comp>

<comp id="76" class="1001" name="const_76">
<pin_list>
<pin id="77" dir="1" index="0" bw="1" slack="0"/>
</pin_list>
<bind>
<StgValue><ssdm name="_ssdm_op_PartSelect.i3.i80.i32.i32"/></StgValue>
</bind>
</comp>

<comp id="78" class="1001" name="const_78">
<pin_list>
<pin id="79" dir="1" index="0" bw="1" slack="0"/>
</pin_list>
<bind>
<StgValue><ssdm name=""/></StgValue>
</bind>
</comp>

<comp id="80" class="1001" name="const_80">
<pin_list>
<pin id="81" dir="1" index="0" bw="1" slack="0"/>
</pin_list>
<bind>
<StgValue><ssdm name=""/></StgValue>
</bind>
</comp>

<comp id="82" class="1001" name="const_82">
<pin_list>
<pin id="83" dir="1" index="0" bw="1" slack="0"/>
</pin_list>
<bind>
<StgValue><ssdm name=""/></StgValue>
</bind>
</comp>

<comp id="84" class="1001" name="const_84">
<pin_list>
<pin id="85" dir="1" index="0" bw="1" slack="0"/>
</pin_list>
<bind>
<StgValue><ssdm name=""/></StgValue>
</bind>
</comp>

<comp id="86" class="1001" name="const_86">
<pin_list>
<pin id="87" dir="1" index="0" bw="1" slack="0"/>
</pin_list>
<bind>
<StgValue><ssdm name="_ssdm_op_PartSelect.i29.i58.i32.i32"/></StgValue>
</bind>
</comp>

<comp id="88" class="1001" name="const_88">
<pin_list>
<pin id="89" dir="1" index="0" bw="1" slack="0"/>
</pin_list>
<bind>
<StgValue><ssdm name=""/></StgValue>
</bind>
</comp>

<comp id="90" class="1001" name="const_90">
<pin_list>
<pin id="91" dir="1" index="0" bw="1" slack="0"/>
</pin_list>
<bind>
<StgValue><ssdm name=""/></StgValue>
</bind>
</comp>

<comp id="92" class="1001" name="const_92">
<pin_list>
<pin id="93" dir="1" index="0" bw="1" slack="0"/>
</pin_list>
<bind>
<StgValue><ssdm name="_ssdm_op_BitConcatenate.i30.i29.i1"/></StgValue>
</bind>
</comp>

<comp id="94" class="1001" name="const_94">
<pin_list>
<pin id="95" dir="1" index="0" bw="1" slack="0"/>
</pin_list>
<bind>
<StgValue><ssdm name="llvm.part.select.i30"/></StgValue>
</bind>
</comp>

<comp id="96" class="1001" name="const_96">
<pin_list>
<pin id="97" dir="1" index="0" bw="1" slack="0"/>
</pin_list>
<bind>
<StgValue><ssdm name=""/></StgValue>
</bind>
</comp>

<comp id="98" class="1001" name="const_98">
<pin_list>
<pin id="99" dir="1" index="0" bw="1" slack="0"/>
</pin_list>
<bind>
<StgValue><ssdm name="_ssdm_op_BitConcatenate.i31.i1.i30"/></StgValue>
</bind>
</comp>

<comp id="100" class="1001" name="const_100">
<pin_list>
<pin id="101" dir="1" index="0" bw="1" slack="0"/>
</pin_list>
<bind>
<StgValue><ssdm name="llvm.cttz.i32"/></StgValue>
</bind>
</comp>

<comp id="102" class="1001" name="const_102">
<pin_list>
<pin id="103" dir="1" index="0" bw="1" slack="0"/>
</pin_list>
<bind>
<StgValue><ssdm name="_ssdm_op_BitSelect.i1.i8.i32"/></StgValue>
</bind>
</comp>

<comp id="104" class="1001" name="const_104">
<pin_list>
<pin id="105" dir="1" index="0" bw="1" slack="0"/>
</pin_list>
<bind>
<StgValue><ssdm name="_ssdm_op_SparseMux.ap_auto.8i1.i1.i3"/></StgValue>
</bind>
</comp>

<comp id="106" class="1001" name="const_106">
<pin_list>
<pin id="107" dir="1" index="0" bw="1" slack="0"/>
</pin_list>
<bind>
<StgValue><ssdm name=""/></StgValue>
</bind>
</comp>

<comp id="108" class="1001" name="const_108">
<pin_list>
<pin id="109" dir="1" index="0" bw="1" slack="0"/>
</pin_list>
<bind>
<StgValue><ssdm name=""/></StgValue>
</bind>
</comp>

<comp id="110" class="1001" name="const_110">
<pin_list>
<pin id="111" dir="1" index="0" bw="1" slack="0"/>
</pin_list>
<bind>
<StgValue><ssdm name=""/></StgValue>
</bind>
</comp>

<comp id="112" class="1001" name="const_112">
<pin_list>
<pin id="113" dir="1" index="0" bw="1" slack="0"/>
</pin_list>
<bind>
<StgValue><ssdm name=""/></StgValue>
</bind>
</comp>

<comp id="114" class="1001" name="const_114">
<pin_list>
<pin id="115" dir="1" index="0" bw="1" slack="0"/>
</pin_list>
<bind>
<StgValue><ssdm name=""/></StgValue>
</bind>
</comp>

<comp id="116" class="1001" name="const_116">
<pin_list>
<pin id="117" dir="1" index="0" bw="1" slack="0"/>
</pin_list>
<bind>
<StgValue><ssdm name=""/></StgValue>
</bind>
</comp>

<comp id="118" class="1001" name="const_118">
<pin_list>
<pin id="119" dir="1" index="0" bw="1" slack="0"/>
</pin_list>
<bind>
<StgValue><ssdm name=""/></StgValue>
</bind>
</comp>

<comp id="120" class="1001" name="const_120">
<pin_list>
<pin id="121" dir="1" index="0" bw="1" slack="0"/>
</pin_list>
<bind>
<StgValue><ssdm name=""/></StgValue>
</bind>
</comp>

<comp id="122" class="1001" name="const_122">
<pin_list>
<pin id="123" dir="1" index="0" bw="1" slack="0"/>
</pin_list>
<bind>
<StgValue><ssdm name=""/></StgValue>
</bind>
</comp>

<comp id="124" class="1001" name="const_124">
<pin_list>
<pin id="125" dir="1" index="0" bw="1" slack="0"/>
</pin_list>
<bind>
<StgValue><ssdm name="_ssdm_op_BitConcatenate.i4.i1.i3"/></StgValue>
</bind>
</comp>

<comp id="126" class="1001" name="const_126">
<pin_list>
<pin id="127" dir="1" index="0" bw="1" slack="0"/>
</pin_list>
<bind>
<StgValue><ssdm name="_ssdm_op_SparseMux.ap_auto.16i1.i1.i4"/></StgValue>
</bind>
</comp>

<comp id="128" class="1001" name="const_128">
<pin_list>
<pin id="129" dir="1" index="0" bw="1" slack="0"/>
</pin_list>
<bind>
<StgValue><ssdm name=""/></StgValue>
</bind>
</comp>

<comp id="130" class="1001" name="const_130">
<pin_list>
<pin id="131" dir="1" index="0" bw="1" slack="0"/>
</pin_list>
<bind>
<StgValue><ssdm name=""/></StgValue>
</bind>
</comp>

<comp id="132" class="1001" name="const_132">
<pin_list>
<pin id="133" dir="1" index="0" bw="1" slack="0"/>
</pin_list>
<bind>
<StgValue><ssdm name=""/></StgValue>
</bind>
</comp>

<comp id="134" class="1001" name="const_134">
<pin_list>
<pin id="135" dir="1" index="0" bw="1" slack="0"/>
</pin_list>
<bind>
<StgValue><ssdm name=""/></StgValue>
</bind>
</comp>

<comp id="136" class="1001" name="const_136">
<pin_list>
<pin id="137" dir="1" index="0" bw="1" slack="0"/>
</pin_list>
<bind>
<StgValue><ssdm name=""/></StgValue>
</bind>
</comp>

<comp id="138" class="1001" name="const_138">
<pin_list>
<pin id="139" dir="1" index="0" bw="1" slack="0"/>
</pin_list>
<bind>
<StgValue><ssdm name=""/></StgValue>
</bind>
</comp>

<comp id="140" class="1001" name="const_140">
<pin_list>
<pin id="141" dir="1" index="0" bw="1" slack="0"/>
</pin_list>
<bind>
<StgValue><ssdm name=""/></StgValue>
</bind>
</comp>

<comp id="142" class="1001" name="const_142">
<pin_list>
<pin id="143" dir="1" index="0" bw="1" slack="0"/>
</pin_list>
<bind>
<StgValue><ssdm name=""/></StgValue>
</bind>
</comp>

<comp id="144" class="1001" name="const_144">
<pin_list>
<pin id="145" dir="1" index="0" bw="1" slack="0"/>
</pin_list>
<bind>
<StgValue><ssdm name=""/></StgValue>
</bind>
</comp>

<comp id="146" class="1001" name="const_146">
<pin_list>
<pin id="147" dir="1" index="0" bw="1" slack="0"/>
</pin_list>
<bind>
<StgValue><ssdm name=""/></StgValue>
</bind>
</comp>

<comp id="148" class="1001" name="const_148">
<pin_list>
<pin id="149" dir="1" index="0" bw="1" slack="0"/>
</pin_list>
<bind>
<StgValue><ssdm name=""/></StgValue>
</bind>
</comp>

<comp id="150" class="1001" name="const_150">
<pin_list>
<pin id="151" dir="1" index="0" bw="1" slack="0"/>
</pin_list>
<bind>
<StgValue><ssdm name=""/></StgValue>
</bind>
</comp>

<comp id="152" class="1001" name="const_152">
<pin_list>
<pin id="153" dir="1" index="0" bw="1" slack="0"/>
</pin_list>
<bind>
<StgValue><ssdm name=""/></StgValue>
</bind>
</comp>

<comp id="154" class="1001" name="const_154">
<pin_list>
<pin id="155" dir="1" index="0" bw="1" slack="0"/>
</pin_list>
<bind>
<StgValue><ssdm name=""/></StgValue>
</bind>
</comp>

<comp id="156" class="1001" name="const_156">
<pin_list>
<pin id="157" dir="1" index="0" bw="1" slack="0"/>
</pin_list>
<bind>
<StgValue><ssdm name=""/></StgValue>
</bind>
</comp>

<comp id="158" class="1001" name="const_158">
<pin_list>
<pin id="159" dir="1" index="0" bw="1" slack="0"/>
</pin_list>
<bind>
<StgValue><ssdm name=""/></StgValue>
</bind>
</comp>

<comp id="160" class="1001" name="const_160">
<pin_list>
<pin id="161" dir="1" index="0" bw="1" slack="0"/>
</pin_list>
<bind>
<StgValue><ssdm name=""/></StgValue>
</bind>
</comp>

<comp id="162" class="1001" name="const_162">
<pin_list>
<pin id="163" dir="1" index="0" bw="1" slack="0"/>
</pin_list>
<bind>
<StgValue><ssdm name=""/></StgValue>
</bind>
</comp>

<comp id="164" class="1001" name="const_164">
<pin_list>
<pin id="165" dir="1" index="0" bw="1" slack="0"/>
</pin_list>
<bind>
<StgValue><ssdm name="_ssdm_op_PartSelect.i7.i32.i32.i32"/></StgValue>
</bind>
</comp>

<comp id="166" class="1001" name="const_166">
<pin_list>
<pin id="167" dir="1" index="0" bw="1" slack="0"/>
</pin_list>
<bind>
<StgValue><ssdm name=""/></StgValue>
</bind>
</comp>

<comp id="168" class="1001" name="const_168">
<pin_list>
<pin id="169" dir="1" index="0" bw="1" slack="0"/>
</pin_list>
<bind>
<StgValue><ssdm name=""/></StgValue>
</bind>
</comp>

<comp id="170" class="1001" name="const_170">
<pin_list>
<pin id="171" dir="1" index="0" bw="1" slack="0"/>
</pin_list>
<bind>
<StgValue><ssdm name="_ssdm_op_PartSelect.i15.i32.i32.i32"/></StgValue>
</bind>
</comp>

<comp id="172" class="1001" name="const_172">
<pin_list>
<pin id="173" dir="1" index="0" bw="1" slack="0"/>
</pin_list>
<bind>
<StgValue><ssdm name=""/></StgValue>
</bind>
</comp>

<comp id="174" class="1001" name="const_174">
<pin_list>
<pin id="175" dir="1" index="0" bw="1" slack="0"/>
</pin_list>
<bind>
<StgValue><ssdm name="_ssdm_op_PartSelect.i15.i30.i32.i32"/></StgValue>
</bind>
</comp>

<comp id="176" class="1001" name="const_176">
<pin_list>
<pin id="177" dir="1" index="0" bw="1" slack="0"/>
</pin_list>
<bind>
<StgValue><ssdm name="_ssdm_op_BitConcatenate.i8.i1.i7"/></StgValue>
</bind>
</comp>

<comp id="178" class="1001" name="const_178">
<pin_list>
<pin id="179" dir="1" index="0" bw="1" slack="0"/>
</pin_list>
<bind>
<StgValue><ssdm name=""/></StgValue>
</bind>
</comp>

<comp id="180" class="1001" name="const_180">
<pin_list>
<pin id="181" dir="1" index="0" bw="1" slack="0"/>
</pin_list>
<bind>
<StgValue><ssdm name="_ssdm_op_PartSelect.i29.i30.i32.i32"/></StgValue>
</bind>
</comp>

<comp id="182" class="1001" name="const_182">
<pin_list>
<pin id="183" dir="1" index="0" bw="1" slack="0"/>
</pin_list>
<bind>
<StgValue><ssdm name=""/></StgValue>
</bind>
</comp>

<comp id="184" class="1001" name="const_184">
<pin_list>
<pin id="185" dir="1" index="0" bw="1" slack="0"/>
</pin_list>
<bind>
<StgValue><ssdm name="_ssdm_op_PartSelect.i22.i45.i32.i32"/></StgValue>
</bind>
</comp>

<comp id="186" class="1001" name="const_186">
<pin_list>
<pin id="187" dir="1" index="0" bw="1" slack="0"/>
</pin_list>
<bind>
<StgValue><ssdm name=""/></StgValue>
</bind>
</comp>

<comp id="188" class="1001" name="const_188">
<pin_list>
<pin id="189" dir="1" index="0" bw="1" slack="0"/>
</pin_list>
<bind>
<StgValue><ssdm name="_ssdm_op_PartSelect.i14.i30.i32.i32"/></StgValue>
</bind>
</comp>

<comp id="190" class="1001" name="const_190">
<pin_list>
<pin id="191" dir="1" index="0" bw="1" slack="0"/>
</pin_list>
<bind>
<StgValue><ssdm name="_ssdm_op_PartSelect.i16.i58.i32.i32"/></StgValue>
</bind>
</comp>

<comp id="192" class="1001" name="const_192">
<pin_list>
<pin id="193" dir="1" index="0" bw="1" slack="0"/>
</pin_list>
<bind>
<StgValue><ssdm name=""/></StgValue>
</bind>
</comp>

<comp id="194" class="1001" name="const_194">
<pin_list>
<pin id="195" dir="1" index="0" bw="1" slack="0"/>
</pin_list>
<bind>
<StgValue><ssdm name="_ssdm_op_BitConcatenate.i32.i16.i16"/></StgValue>
</bind>
</comp>

<comp id="196" class="1001" name="const_196">
<pin_list>
<pin id="197" dir="1" index="0" bw="1" slack="0"/>
</pin_list>
<bind>
<StgValue><ssdm name=""/></StgValue>
</bind>
</comp>

<comp id="198" class="1001" name="const_198">
<pin_list>
<pin id="199" dir="1" index="0" bw="1" slack="0"/>
</pin_list>
<bind>
<StgValue><ssdm name="_ssdm_op_PartSelect.i13.i58.i32.i32"/></StgValue>
</bind>
</comp>

<comp id="200" class="1001" name="const_200">
<pin_list>
<pin id="201" dir="1" index="0" bw="1" slack="0"/>
</pin_list>
<bind>
<StgValue><ssdm name=""/></StgValue>
</bind>
</comp>

<comp id="202" class="1001" name="const_202">
<pin_list>
<pin id="203" dir="1" index="0" bw="1" slack="0"/>
</pin_list>
<bind>
<StgValue><ssdm name="_ssdm_op_BitConcatenate.i32.i13.i19"/></StgValue>
</bind>
</comp>

<comp id="204" class="1001" name="const_204">
<pin_list>
<pin id="205" dir="1" index="0" bw="1" slack="0"/>
</pin_list>
<bind>
<StgValue><ssdm name=""/></StgValue>
</bind>
</comp>

<comp id="206" class="1001" name="const_206">
<pin_list>
<pin id="207" dir="1" index="0" bw="1" slack="0"/>
</pin_list>
<bind>
<StgValue><ssdm name="llvm.part.select.i32"/></StgValue>
</bind>
</comp>

<comp id="208" class="1001" name="const_208">
<pin_list>
<pin id="209" dir="1" index="0" bw="1" slack="0"/>
</pin_list>
<bind>
<StgValue><ssdm name=""/></StgValue>
</bind>
</comp>

<comp id="210" class="1001" name="const_210">
<pin_list>
<pin id="211" dir="1" index="0" bw="1" slack="0"/>
</pin_list>
<bind>
<StgValue><ssdm name=""/></StgValue>
</bind>
</comp>

<comp id="212" class="1001" name="const_212">
<pin_list>
<pin id="213" dir="1" index="0" bw="1" slack="0"/>
</pin_list>
<bind>
<StgValue><ssdm name="_ssdm_op_PartSelect.i23.i32.i32.i32"/></StgValue>
</bind>
</comp>

<comp id="214" class="1001" name="const_214">
<pin_list>
<pin id="215" dir="1" index="0" bw="1" slack="0"/>
</pin_list>
<bind>
<StgValue><ssdm name=""/></StgValue>
</bind>
</comp>

<comp id="216" class="1001" name="const_216">
<pin_list>
<pin id="217" dir="1" index="0" bw="1" slack="0"/>
</pin_list>
<bind>
<StgValue><ssdm name=""/></StgValue>
</bind>
</comp>

<comp id="218" class="1001" name="const_218">
<pin_list>
<pin id="219" dir="1" index="0" bw="1" slack="0"/>
</pin_list>
<bind>
<StgValue><ssdm name=""/></StgValue>
</bind>
</comp>

<comp id="220" class="1001" name="const_220">
<pin_list>
<pin id="221" dir="1" index="0" bw="1" slack="0"/>
</pin_list>
<bind>
<StgValue><ssdm name="_ssdm_op_BitConcatenate.i32.i1.i8.i23"/></StgValue>
</bind>
</comp>

<comp id="222" class="1001" name="const_222">
<pin_list>
<pin id="223" dir="1" index="0" bw="1" slack="0"/>
</pin_list>
<bind>
<StgValue><ssdm name="_ssdm_op_BitSelect.i1.i64.i32"/></StgValue>
</bind>
</comp>

<comp id="224" class="1001" name="const_224">
<pin_list>
<pin id="225" dir="1" index="0" bw="1" slack="0"/>
</pin_list>
<bind>
<StgValue><ssdm name=""/></StgValue>
</bind>
</comp>

<comp id="226" class="1001" name="const_226">
<pin_list>
<pin id="227" dir="1" index="0" bw="1" slack="0"/>
</pin_list>
<bind>
<StgValue><ssdm name="_ssdm_op_PartSelect.i11.i64.i32.i32"/></StgValue>
</bind>
</comp>

<comp id="228" class="1001" name="const_228">
<pin_list>
<pin id="229" dir="1" index="0" bw="1" slack="0"/>
</pin_list>
<bind>
<StgValue><ssdm name=""/></StgValue>
</bind>
</comp>

<comp id="230" class="1001" name="const_230">
<pin_list>
<pin id="231" dir="1" index="0" bw="1" slack="0"/>
</pin_list>
<bind>
<StgValue><ssdm name=""/></StgValue>
</bind>
</comp>

<comp id="232" class="1001" name="const_232">
<pin_list>
<pin id="233" dir="1" index="0" bw="1" slack="0"/>
</pin_list>
<bind>
<StgValue><ssdm name=""/></StgValue>
</bind>
</comp>

<comp id="234" class="1001" name="const_234">
<pin_list>
<pin id="235" dir="1" index="0" bw="1" slack="0"/>
</pin_list>
<bind>
<StgValue><ssdm name="_ssdm_op_BitConcatenate.i53.i1.i52"/></StgValue>
</bind>
</comp>

<comp id="236" class="1001" name="const_236">
<pin_list>
<pin id="237" dir="1" index="0" bw="1" slack="0"/>
</pin_list>
<bind>
<StgValue><ssdm name=""/></StgValue>
</bind>
</comp>

<comp id="238" class="1001" name="const_238">
<pin_list>
<pin id="239" dir="1" index="0" bw="1" slack="0"/>
</pin_list>
<bind>
<StgValue><ssdm name=""/></StgValue>
</bind>
</comp>

<comp id="240" class="1001" name="const_240">
<pin_list>
<pin id="241" dir="1" index="0" bw="1" slack="0"/>
</pin_list>
<bind>
<StgValue><ssdm name=""/></StgValue>
</bind>
</comp>

<comp id="242" class="1001" name="const_242">
<pin_list>
<pin id="243" dir="1" index="0" bw="1" slack="0"/>
</pin_list>
<bind>
<StgValue><ssdm name=""/></StgValue>
</bind>
</comp>

<comp id="244" class="1001" name="const_244">
<pin_list>
<pin id="245" dir="1" index="0" bw="1" slack="0"/>
</pin_list>
<bind>
<StgValue><ssdm name=""/></StgValue>
</bind>
</comp>

<comp id="246" class="1001" name="const_246">
<pin_list>
<pin id="247" dir="1" index="0" bw="1" slack="0"/>
</pin_list>
<bind>
<StgValue><ssdm name=""/></StgValue>
</bind>
</comp>

<comp id="248" class="1001" name="const_248">
<pin_list>
<pin id="249" dir="1" index="0" bw="1" slack="0"/>
</pin_list>
<bind>
<StgValue><ssdm name=""/></StgValue>
</bind>
</comp>

<comp id="250" class="1001" name="const_250">
<pin_list>
<pin id="251" dir="1" index="0" bw="1" slack="0"/>
</pin_list>
<bind>
<StgValue><ssdm name=""/></StgValue>
</bind>
</comp>

<comp id="252" class="1001" name="const_252">
<pin_list>
<pin id="253" dir="1" index="0" bw="1" slack="0"/>
</pin_list>
<bind>
<StgValue><ssdm name=""/></StgValue>
</bind>
</comp>

<comp id="254" class="1001" name="const_254">
<pin_list>
<pin id="255" dir="1" index="0" bw="1" slack="0"/>
</pin_list>
<bind>
<StgValue><ssdm name="_ssdm_op_PartSelect.i6.i11.i32.i32"/></StgValue>
</bind>
</comp>

<comp id="256" class="1001" name="const_256">
<pin_list>
<pin id="257" dir="1" index="0" bw="1" slack="0"/>
</pin_list>
<bind>
<StgValue><ssdm name=""/></StgValue>
</bind>
</comp>

<comp id="258" class="1001" name="const_258">
<pin_list>
<pin id="259" dir="1" index="0" bw="1" slack="0"/>
</pin_list>
<bind>
<StgValue><ssdm name=""/></StgValue>
</bind>
</comp>

<comp id="260" class="1001" name="const_260">
<pin_list>
<pin id="261" dir="1" index="0" bw="1" slack="0"/>
</pin_list>
<bind>
<StgValue><ssdm name=""/></StgValue>
</bind>
</comp>

<comp id="262" class="1001" name="const_262">
<pin_list>
<pin id="263" dir="1" index="0" bw="1" slack="0"/>
</pin_list>
<bind>
<StgValue><ssdm name="_ssdm_op_BitSelect.i1.i54.i32"/></StgValue>
</bind>
</comp>

<comp id="264" class="1001" name="const_264">
<pin_list>
<pin id="265" dir="1" index="0" bw="1" slack="0"/>
</pin_list>
<bind>
<StgValue><ssdm name=""/></StgValue>
</bind>
</comp>

<comp id="266" class="1001" name="const_266">
<pin_list>
<pin id="267" dir="1" index="0" bw="1" slack="0"/>
</pin_list>
<bind>
<StgValue><ssdm name=""/></StgValue>
</bind>
</comp>

<comp id="268" class="1001" name="const_268">
<pin_list>
<pin id="269" dir="1" index="0" bw="1" slack="0"/>
</pin_list>
<bind>
<StgValue><ssdm name=""/></StgValue>
</bind>
</comp>

<comp id="270" class="1001" name="const_270">
<pin_list>
<pin id="271" dir="1" index="0" bw="1" slack="0"/>
</pin_list>
<bind>
<StgValue><ssdm name=""/></StgValue>
</bind>
</comp>

<comp id="272" class="1001" name="const_272">
<pin_list>
<pin id="273" dir="1" index="0" bw="1" slack="0"/>
</pin_list>
<bind>
<StgValue><ssdm name=""/></StgValue>
</bind>
</comp>

<comp id="274" class="1001" name="const_274">
<pin_list>
<pin id="275" dir="1" index="0" bw="1" slack="0"/>
</pin_list>
<bind>
<StgValue><ssdm name="_ssdm_op_PartSelect.i8.i12.i32.i32"/></StgValue>
</bind>
</comp>

<comp id="276" class="1001" name="const_276">
<pin_list>
<pin id="277" dir="1" index="0" bw="1" slack="0"/>
</pin_list>
<bind>
<StgValue><ssdm name=""/></StgValue>
</bind>
</comp>

<comp id="278" class="1001" name="const_278">
<pin_list>
<pin id="279" dir="1" index="0" bw="1" slack="0"/>
</pin_list>
<bind>
<StgValue><ssdm name=""/></StgValue>
</bind>
</comp>

<comp id="280" class="1001" name="const_280">
<pin_list>
<pin id="281" dir="1" index="0" bw="1" slack="0"/>
</pin_list>
<bind>
<StgValue><ssdm name="_ssdm_op_BitConcatenate.i3.i1.i1.i1"/></StgValue>
</bind>
</comp>

<comp id="282" class="1001" name="const_282">
<pin_list>
<pin id="283" dir="1" index="0" bw="1" slack="0"/>
</pin_list>
<bind>
<StgValue><ssdm name="_ssdm_op_SparseMux.ap_auto.4i32.i32.i3"/></StgValue>
</bind>
</comp>

<comp id="284" class="1001" name="const_284">
<pin_list>
<pin id="285" dir="1" index="0" bw="1" slack="0"/>
</pin_list>
<bind>
<StgValue><ssdm name=""/></StgValue>
</bind>
</comp>

<comp id="286" class="1001" name="const_286">
<pin_list>
<pin id="287" dir="1" index="0" bw="1" slack="0"/>
</pin_list>
<bind>
<StgValue><ssdm name=""/></StgValue>
</bind>
</comp>

<comp id="288" class="1001" name="const_288">
<pin_list>
<pin id="289" dir="1" index="0" bw="1" slack="0"/>
</pin_list>
<bind>
<StgValue><ssdm name=""/></StgValue>
</bind>
</comp>

<comp id="290" class="1001" name="const_290">
<pin_list>
<pin id="291" dir="1" index="0" bw="1" slack="0"/>
</pin_list>
<bind>
<StgValue><ssdm name="_ssdm_op_BitSelect.i1.i12.i32"/></StgValue>
</bind>
</comp>

<comp id="292" class="1001" name="const_292">
<pin_list>
<pin id="293" dir="1" index="0" bw="1" slack="0"/>
</pin_list>
<bind>
<StgValue><ssdm name="_ssdm_op_BitConcatenate.i2.i1.i1"/></StgValue>
</bind>
</comp>

<comp id="294" class="1001" name="const_294">
<pin_list>
<pin id="295" dir="1" index="0" bw="1" slack="0"/>
</pin_list>
<bind>
<StgValue><ssdm name="_ssdm_op_SparseMux.ap_auto.3i1.i1.i2"/></StgValue>
</bind>
</comp>

<comp id="296" class="1001" name="const_296">
<pin_list>
<pin id="297" dir="1" index="0" bw="1" slack="0"/>
</pin_list>
<bind>
<StgValue><ssdm name=""/></StgValue>
</bind>
</comp>

<comp id="298" class="1001" name="const_298">
<pin_list>
<pin id="299" dir="1" index="0" bw="1" slack="0"/>
</pin_list>
<bind>
<StgValue><ssdm name=""/></StgValue>
</bind>
</comp>

<comp id="300" class="1001" name="const_300">
<pin_list>
<pin id="301" dir="1" index="0" bw="1" slack="0"/>
</pin_list>
<bind>
<StgValue><ssdm name=""/></StgValue>
</bind>
</comp>

<comp id="302" class="1001" name="const_302">
<pin_list>
<pin id="303" dir="1" index="0" bw="1" slack="0"/>
</pin_list>
<bind>
<StgValue><ssdm name="_ssdm_op_SparseMux.ap_auto.3i32.i32.i2"/></StgValue>
</bind>
</comp>

<comp id="304" class="1001" name="const_304">
<pin_list>
<pin id="305" dir="1" index="0" bw="1" slack="0"/>
</pin_list>
<bind>
<StgValue><ssdm name=""/></StgValue>
</bind>
</comp>

<comp id="306" class="1001" name="const_306">
<pin_list>
<pin id="307" dir="1" index="0" bw="1" slack="2147483647"/>
</pin_list>
<bind>
<StgValue><ssdm name="_ssdm_op_SpecMemCore"/></StgValue>
</bind>
</comp>

<comp id="308" class="1001" name="const_308">
<pin_list>
<pin id="309" dir="1" index="0" bw="1" slack="2147483647"/>
</pin_list>
<bind>
<StgValue><ssdm name=""/></StgValue>
</bind>
</comp>

<comp id="310" class="1001" name="const_310">
<pin_list>
<pin id="311" dir="1" index="0" bw="1" slack="2147483647"/>
</pin_list>
<bind>
<StgValue><ssdm name=""/></StgValue>
</bind>
</comp>

<comp id="312" class="1001" name="const_312">
<pin_list>
<pin id="313" dir="1" index="0" bw="1" slack="2147483647"/>
</pin_list>
<bind>
<StgValue><ssdm name=""/></StgValue>
</bind>
</comp>

<comp id="314" class="1001" name="const_314">
<pin_list>
<pin id="315" dir="1" index="0" bw="1" slack="0"/>
</pin_list>
<bind>
<StgValue><ssdm name="_ssdm_op_BitConcatenate.i63.i33.i30"/></StgValue>
</bind>
</comp>

<comp id="316" class="1001" name="const_316">
<pin_list>
<pin id="317" dir="1" index="0" bw="1" slack="0"/>
</pin_list>
<bind>
<StgValue><ssdm name=""/></StgValue>
</bind>
</comp>

<comp id="318" class="1001" name="const_318">
<pin_list>
<pin id="319" dir="1" index="0" bw="1" slack="0"/>
</pin_list>
<bind>
<StgValue><ssdm name=""/></StgValue>
</bind>
</comp>

<comp id="320" class="1001" name="const_320">
<pin_list>
<pin id="321" dir="1" index="0" bw="1" slack="0"/>
</pin_list>
<bind>
<StgValue><ssdm name="_ssdm_op_BitSelect.i1.i63.i32"/></StgValue>
</bind>
</comp>

<comp id="322" class="1001" name="const_322">
<pin_list>
<pin id="323" dir="1" index="0" bw="1" slack="0"/>
</pin_list>
<bind>
<StgValue><ssdm name="_ssdm_op_PartSelect.i31.i63.i32.i32"/></StgValue>
</bind>
</comp>

<comp id="324" class="1001" name="const_324">
<pin_list>
<pin id="325" dir="1" index="0" bw="1" slack="0"/>
</pin_list>
<bind>
<StgValue><ssdm name=""/></StgValue>
</bind>
</comp>

<comp id="326" class="1001" name="const_326">
<pin_list>
<pin id="327" dir="1" index="0" bw="1" slack="0"/>
</pin_list>
<bind>
<StgValue><ssdm name=""/></StgValue>
</bind>
</comp>

<comp id="328" class="1004" name="count_read_read_fu_328">
<pin_list>
<pin id="329" dir="0" index="0" bw="32" slack="0"/>
<pin id="330" dir="0" index="1" bw="32" slack="0"/>
<pin id="331" dir="1" index="2" bw="32" slack="0"/>
</pin_list>
<bind>
<opcode="read(1150) " fcode="read"/>
<opset="count_read/1 "/>
</bind>
</comp>

<comp id="334" class="1004" name="data_read_read_fu_334">
<pin_list>
<pin id="335" dir="0" index="0" bw="32" slack="0"/>
<pin id="336" dir="0" index="1" bw="32" slack="0"/>
<pin id="337" dir="1" index="2" bw="32" slack="0"/>
</pin_list>
<bind>
<opcode="read(1150) " fcode="read"/>
<opset="data_read/1 "/>
</bind>
</comp>

<comp id="340" class="1004" name="ref_4oPi_table_100_addr_gep_fu_340">
<pin_list>
<pin id="341" dir="0" index="0" bw="100" slack="0"/>
<pin id="342" dir="0" index="1" bw="1" slack="0"/>
<pin id="343" dir="0" index="2" bw="4" slack="0"/>
<pin id="344" dir="1" index="3" bw="4" slack="0"/>
</pin_list>
<bind>
<opcode="getelementptr(29) " fcode="getelementptr"/>
<opset="ref_4oPi_table_100_addr/11 "/>
</bind>
</comp>

<comp id="347" class="1004" name="grp_access_fu_347">
<pin_list>
<pin id="348" dir="0" index="0" bw="4" slack="0"/>
<pin id="349" dir="0" index="1" bw="100" slack="2147483647"/>
<pin id="350" dir="0" index="2" bw="0" slack="2147483647"/>
<pin id="351" dir="1" index="3" bw="100" slack="0"/>
</pin_list>
<bind>
<opcode="load(27) " fcode="load"/>
<opset="table_100/11 "/>
</bind>
</comp>

<comp id="353" class="1004" name="second_order_float_sin_cos_K0_addr_gep_fu_353">
<pin_list>
<pin id="354" dir="0" index="0" bw="30" slack="0"/>
<pin id="355" dir="0" index="1" bw="1" slack="0"/>
<pin id="356" dir="0" index="2" bw="8" slack="0"/>
<pin id="357" dir="1" index="3" bw="8" slack="0"/>
</pin_list>
<bind>
<opcode="getelementptr(29) " fcode="getelementptr"/>
<opset="second_order_float_sin_cos_K0_addr/13 "/>
</bind>
</comp>

<comp id="360" class="1004" name="grp_access_fu_360">
<pin_list>
<pin id="361" dir="0" index="0" bw="8" slack="0"/>
<pin id="362" dir="0" index="1" bw="30" slack="2147483647"/>
<pin id="363" dir="0" index="2" bw="0" slack="2147483647"/>
<pin id="364" dir="1" index="3" bw="30" slack="0"/>
</pin_list>
<bind>
<opcode="load(27) " fcode="load"/>
<opset="second_order_float_sin_cos_K0_load/13 "/>
</bind>
</comp>

<comp id="366" class="1004" name="second_order_float_sin_cos_K1_addr_gep_fu_366">
<pin_list>
<pin id="367" dir="0" index="0" bw="23" slack="0"/>
<pin id="368" dir="0" index="1" bw="1" slack="0"/>
<pin id="369" dir="0" index="2" bw="8" slack="0"/>
<pin id="370" dir="1" index="3" bw="8" slack="0"/>
</pin_list>
<bind>
<opcode="getelementptr(29) " fcode="getelementptr"/>
<opset="second_order_float_sin_cos_K1_addr/13 "/>
</bind>
</comp>

<comp id="373" class="1004" name="grp_access_fu_373">
<pin_list>
<pin id="374" dir="0" index="0" bw="8" slack="0"/>
<pin id="375" dir="0" index="1" bw="23" slack="2147483647"/>
<pin id="376" dir="0" index="2" bw="0" slack="2147483647"/>
<pin id="377" dir="1" index="3" bw="23" slack="0"/>
</pin_list>
<bind>
<opcode="load(27) " fcode="load"/>
<opset="second_order_float_sin_cos_K1_load/13 "/>
</bind>
</comp>

<comp id="379" class="1004" name="second_order_float_sin_cos_K2_addr_gep_fu_379">
<pin_list>
<pin id="380" dir="0" index="0" bw="15" slack="0"/>
<pin id="381" dir="0" index="1" bw="1" slack="0"/>
<pin id="382" dir="0" index="2" bw="8" slack="0"/>
<pin id="383" dir="1" index="3" bw="8" slack="0"/>
</pin_list>
<bind>
<opcode="getelementptr(29) " fcode="getelementptr"/>
<opset="second_order_float_sin_cos_K2_addr/13 "/>
</bind>
</comp>

<comp id="386" class="1004" name="grp_access_fu_386">
<pin_list>
<pin id="387" dir="0" index="0" bw="8" slack="0"/>
<pin id="388" dir="0" index="1" bw="15" slack="2147483647"/>
<pin id="389" dir="0" index="2" bw="0" slack="2147483647"/>
<pin id="390" dir="1" index="3" bw="15" slack="0"/>
</pin_list>
<bind>
<opcode="load(27) " fcode="load"/>
<opset="second_order_float_sin_cos_K2_load/13 "/>
</bind>
</comp>

<comp id="392" class="1004" name="grp_fu_392">
<pin_list>
<pin id="393" dir="0" index="0" bw="32" slack="1"/>
<pin id="394" dir="0" index="1" bw="32" slack="0"/>
<pin id="395" dir="1" index="2" bw="32" slack="0"/>
</pin_list>
<bind>
<opcode="fmul(13) " fcode="fmul"/>
<opset="x_assign/10 "/>
</bind>
</comp>

<comp id="397" class="1004" name="grp_fu_397">
<pin_list>
<pin id="398" dir="0" index="0" bw="32" slack="1"/>
<pin id="399" dir="0" index="1" bw="32" slack="0"/>
<pin id="400" dir="1" index="2" bw="32" slack="1"/>
</pin_list>
<bind>
<opcode="fdiv(16) " fcode="fdiv"/>
<opset="div/3 "/>
</bind>
</comp>

<comp id="402" class="1004" name="grp_fu_402">
<pin_list>
<pin id="403" dir="0" index="0" bw="32" slack="0"/>
<pin id="404" dir="1" index="1" bw="32" slack="1"/>
</pin_list>
<bind>
<opcode="sitofp(39) " fcode="sitofp"/>
<opset="conv1/1 "/>
</bind>
</comp>

<comp id="406" class="1004" name="pf_fu_406">
<pin_list>
<pin id="407" dir="0" index="0" bw="32" slack="0"/>
<pin id="408" dir="1" index="1" bw="64" slack="0"/>
</pin_list>
<bind>
<opcode="fpext(41) " fcode="fpext"/>
<opset="pf/15 "/>
</bind>
</comp>

<comp id="409" class="1004" name="mul_ln29_fu_409">
<pin_list>
<pin id="410" dir="0" index="0" bw="23" slack="0"/>
<pin id="411" dir="0" index="1" bw="22" slack="0"/>
<pin id="412" dir="1" index="2" bw="45" slack="0"/>
</pin_list>
<bind>
<opcode="mul(12) " fcode="mul"/>
<opset="mul_ln29/14 "/>
</bind>
</comp>

<comp id="413" class="1004" name="mul_ln32_fu_413">
<pin_list>
<pin id="414" dir="0" index="0" bw="30" slack="0"/>
<pin id="415" dir="0" index="1" bw="29" slack="0"/>
<pin id="416" dir="1" index="2" bw="58" slack="0"/>
</pin_list>
<bind>
<opcode="mul(12) " fcode="mul"/>
<opset="mul_ln32/14 "/>
</bind>
</comp>

<comp id="417" class="1004" name="mul_ln40_fu_417">
<pin_list>
<pin id="418" dir="0" index="0" bw="32" slack="0"/>
<pin id="419" dir="0" index="1" bw="32" slack="0"/>
<pin id="420" dir="1" index="2" bw="63" slack="0"/>
</pin_list>
<bind>
<opcode="mul(12) " fcode="mul"/>
<opset="mul_ln40/17 "/>
</bind>
</comp>

<comp id="421" class="1004" name="h_fu_421">
<pin_list>
<pin id="422" dir="0" index="0" bw="80" slack="0"/>
<pin id="423" dir="0" index="1" bw="24" slack="0"/>
<pin id="424" dir="1" index="2" bw="80" slack="0"/>
</pin_list>
<bind>
<opcode="mul(12) " fcode="mul"/>
<opset="h/12 "/>
</bind>
</comp>

<comp id="425" class="1004" name="tmp_18_fu_425">
<pin_list>
<pin id="426" dir="0" index="0" bw="1" slack="0"/>
<pin id="427" dir="0" index="1" bw="32" slack="0"/>
<pin id="428" dir="0" index="2" bw="6" slack="0"/>
<pin id="429" dir="1" index="3" bw="1" slack="0"/>
</pin_list>
<bind>
<opcode="bitselect(1000) " fcode="bitselect"/>
<opset="tmp_18/1 "/>
</bind>
</comp>

<comp id="433" class="1004" name="shl_ln40_fu_433">
<pin_list>
<pin id="434" dir="0" index="0" bw="32" slack="0"/>
<pin id="435" dir="0" index="1" bw="6" slack="0"/>
<pin id="436" dir="1" index="2" bw="32" slack="0"/>
</pin_list>
<bind>
<opcode="shl(20) " fcode="shl"/>
<opset="shl_ln40/1 "/>
</bind>
</comp>

<comp id="439" class="1004" name="tmp_19_fu_439">
<pin_list>
<pin id="440" dir="0" index="0" bw="1" slack="0"/>
<pin id="441" dir="0" index="1" bw="32" slack="0"/>
<pin id="442" dir="0" index="2" bw="5" slack="0"/>
<pin id="443" dir="1" index="3" bw="1" slack="0"/>
</pin_list>
<bind>
<opcode="bitselect(1000) " fcode="bitselect"/>
<opset="tmp_19/1 "/>
</bind>
</comp>

<comp id="447" class="1004" name="tmp_20_fu_447">
<pin_list>
<pin id="448" dir="0" index="0" bw="16" slack="0"/>
<pin id="449" dir="0" index="1" bw="32" slack="0"/>
<pin id="450" dir="0" index="2" bw="6" slack="0"/>
<pin id="451" dir="0" index="3" bw="6" slack="0"/>
<pin id="452" dir="1" index="4" bw="16" slack="0"/>
</pin_list>
<bind>
<opcode="partselect(1002) " fcode="partselect"/>
<opset="tmp_20/1 "/>
</bind>
</comp>

<comp id="457" class="1004" name="icmp_ln40_fu_457">
<pin_list>
<pin id="458" dir="0" index="0" bw="16" slack="0"/>
<pin id="459" dir="0" index="1" bw="16" slack="0"/>
<pin id="460" dir="1" index="2" bw="1" slack="0"/>
</pin_list>
<bind>
<opcode="icmp(45) " fcode="icmp"/>
<opset="icmp_ln40/1 "/>
</bind>
</comp>

<comp id="463" class="1004" name="or_ln40_fu_463">
<pin_list>
<pin id="464" dir="0" index="0" bw="1" slack="0"/>
<pin id="465" dir="0" index="1" bw="1" slack="0"/>
<pin id="466" dir="1" index="2" bw="1" slack="0"/>
</pin_list>
<bind>
<opcode="or(24) " fcode="or"/>
<opset="or_ln40/1 "/>
</bind>
</comp>

<comp id="469" class="1004" name="xor_ln40_fu_469">
<pin_list>
<pin id="470" dir="0" index="0" bw="1" slack="0"/>
<pin id="471" dir="0" index="1" bw="1" slack="0"/>
<pin id="472" dir="1" index="2" bw="1" slack="0"/>
</pin_list>
<bind>
<opcode="xor(25) " fcode="xor"/>
<opset="xor_ln40/1 "/>
</bind>
</comp>

<comp id="475" class="1004" name="and_ln40_fu_475">
<pin_list>
<pin id="476" dir="0" index="0" bw="1" slack="0"/>
<pin id="477" dir="0" index="1" bw="1" slack="0"/>
<pin id="478" dir="1" index="2" bw="1" slack="0"/>
</pin_list>
<bind>
<opcode="and(23) " fcode="and"/>
<opset="and_ln40/1 "/>
</bind>
</comp>

<comp id="481" class="1004" name="xor_ln40_1_fu_481">
<pin_list>
<pin id="482" dir="0" index="0" bw="1" slack="0"/>
<pin id="483" dir="0" index="1" bw="1" slack="0"/>
<pin id="484" dir="1" index="2" bw="1" slack="0"/>
</pin_list>
<bind>
<opcode="xor(25) " fcode="xor"/>
<opset="xor_ln40_1/1 "/>
</bind>
</comp>

<comp id="487" class="1004" name="icmp_ln40_1_fu_487">
<pin_list>
<pin id="488" dir="0" index="0" bw="16" slack="0"/>
<pin id="489" dir="0" index="1" bw="16" slack="0"/>
<pin id="490" dir="1" index="2" bw="1" slack="0"/>
</pin_list>
<bind>
<opcode="icmp(45) " fcode="icmp"/>
<opset="icmp_ln40_1/1 "/>
</bind>
</comp>

<comp id="493" class="1004" name="or_ln40_1_fu_493">
<pin_list>
<pin id="494" dir="0" index="0" bw="1" slack="0"/>
<pin id="495" dir="0" index="1" bw="1" slack="0"/>
<pin id="496" dir="1" index="2" bw="1" slack="0"/>
</pin_list>
<bind>
<opcode="or(24) " fcode="or"/>
<opset="or_ln40_1/1 "/>
</bind>
</comp>

<comp id="499" class="1004" name="and_ln40_1_fu_499">
<pin_list>
<pin id="500" dir="0" index="0" bw="1" slack="0"/>
<pin id="501" dir="0" index="1" bw="1" slack="0"/>
<pin id="502" dir="1" index="2" bw="1" slack="0"/>
</pin_list>
<bind>
<opcode="and(23) " fcode="and"/>
<opset="and_ln40_1/1 "/>
</bind>
</comp>

<comp id="505" class="1004" name="select_ln40_fu_505">
<pin_list>
<pin id="506" dir="0" index="0" bw="1" slack="0"/>
<pin id="507" dir="0" index="1" bw="32" slack="0"/>
<pin id="508" dir="0" index="2" bw="32" slack="0"/>
<pin id="509" dir="1" index="3" bw="32" slack="0"/>
</pin_list>
<bind>
<opcode="select(49) " fcode="select"/>
<opset="select_ln40/1 "/>
</bind>
</comp>

<comp id="513" class="1004" name="or_ln40_2_fu_513">
<pin_list>
<pin id="514" dir="0" index="0" bw="1" slack="0"/>
<pin id="515" dir="0" index="1" bw="1" slack="0"/>
<pin id="516" dir="1" index="2" bw="1" slack="0"/>
</pin_list>
<bind>
<opcode="or(24) " fcode="or"/>
<opset="or_ln40_2/1 "/>
</bind>
</comp>

<comp id="519" class="1004" name="select_ln40_1_fu_519">
<pin_list>
<pin id="520" dir="0" index="0" bw="1" slack="0"/>
<pin id="521" dir="0" index="1" bw="32" slack="0"/>
<pin id="522" dir="0" index="2" bw="32" slack="0"/>
<pin id="523" dir="1" index="3" bw="32" slack="16"/>
</pin_list>
<bind>
<opcode="select(49) " fcode="select"/>
<opset="select_ln40_1/1 "/>
</bind>
</comp>

<comp id="527" class="1004" name="data_1_fu_527">
<pin_list>
<pin id="528" dir="0" index="0" bw="32" slack="0"/>
<pin id="529" dir="1" index="1" bw="32" slack="0"/>
</pin_list>
<bind>
<opcode="bitcast(44) " fcode="bitcast"/>
<opset="data_1/11 "/>
</bind>
</comp>

<comp id="531" class="1004" name="din_sign_fu_531">
<pin_list>
<pin id="532" dir="0" index="0" bw="1" slack="0"/>
<pin id="533" dir="0" index="1" bw="32" slack="0"/>
<pin id="534" dir="0" index="2" bw="6" slack="0"/>
<pin id="535" dir="1" index="3" bw="1" slack="1"/>
</pin_list>
<bind>
<opcode="bitselect(1000) " fcode="bitselect"/>
<opset="din_sign/11 "/>
</bind>
</comp>

<comp id="539" class="1004" name="din_exp_fu_539">
<pin_list>
<pin id="540" dir="0" index="0" bw="8" slack="0"/>
<pin id="541" dir="0" index="1" bw="32" slack="0"/>
<pin id="542" dir="0" index="2" bw="6" slack="0"/>
<pin id="543" dir="0" index="3" bw="6" slack="0"/>
<pin id="544" dir="1" index="4" bw="8" slack="0"/>
</pin_list>
<bind>
<opcode="partselect(1002) " fcode="partselect"/>
<opset="din_exp/11 "/>
</bind>
</comp>

<comp id="549" class="1004" name="din_sig_fu_549">
<pin_list>
<pin id="550" dir="0" index="0" bw="32" slack="0"/>
<pin id="551" dir="1" index="1" bw="23" slack="1"/>
</pin_list>
<bind>
<opcode="trunc(33) " fcode="trunc"/>
<opset="din_sig/11 "/>
</bind>
</comp>

<comp id="553" class="1004" name="closepath_fu_553">
<pin_list>
<pin id="554" dir="0" index="0" bw="8" slack="0"/>
<pin id="555" dir="0" index="1" bw="8" slack="0"/>
<pin id="556" dir="1" index="2" bw="1" slack="0"/>
</pin_list>
<bind>
<opcode="icmp(45) " fcode="icmp"/>
<opset="closepath/11 "/>
</bind>
</comp>

<comp id="559" class="1004" name="add_ln376_fu_559">
<pin_list>
<pin id="560" dir="0" index="0" bw="8" slack="0"/>
<pin id="561" dir="0" index="1" bw="7" slack="0"/>
<pin id="562" dir="1" index="2" bw="8" slack="0"/>
</pin_list>
<bind>
<opcode="add(8) " fcode="add"/>
<opset="add_ln376/11 "/>
</bind>
</comp>

<comp id="565" class="1004" name="addr_fu_565">
<pin_list>
<pin id="566" dir="0" index="0" bw="1" slack="0"/>
<pin id="567" dir="0" index="1" bw="8" slack="0"/>
<pin id="568" dir="0" index="2" bw="8" slack="0"/>
<pin id="569" dir="1" index="3" bw="8" slack="0"/>
</pin_list>
<bind>
<opcode="select(49) " fcode="select"/>
<opset="addr/11 "/>
</bind>
</comp>

<comp id="573" class="1004" name="lshr_ln_fu_573">
<pin_list>
<pin id="574" dir="0" index="0" bw="4" slack="0"/>
<pin id="575" dir="0" index="1" bw="8" slack="0"/>
<pin id="576" dir="0" index="2" bw="4" slack="0"/>
<pin id="577" dir="0" index="3" bw="4" slack="0"/>
<pin id="578" dir="1" index="4" bw="4" slack="0"/>
</pin_list>
<bind>
<opcode="partselect(1002) " fcode="partselect"/>
<opset="lshr_ln/11 "/>
</bind>
</comp>

<comp id="583" class="1004" name="zext_ln378_fu_583">
<pin_list>
<pin id="584" dir="0" index="0" bw="4" slack="0"/>
<pin id="585" dir="1" index="1" bw="64" slack="0"/>
</pin_list>
<bind>
<opcode="zext(34) " fcode="zext"/>
<opset="zext_ln378/11 "/>
</bind>
</comp>

<comp id="588" class="1004" name="trunc_ln379_fu_588">
<pin_list>
<pin id="589" dir="0" index="0" bw="8" slack="0"/>
<pin id="590" dir="1" index="1" bw="4" slack="1"/>
</pin_list>
<bind>
<opcode="trunc(33) " fcode="trunc"/>
<opset="trunc_ln379/11 "/>
</bind>
</comp>

<comp id="592" class="1004" name="Ex_fu_592">
<pin_list>
<pin id="593" dir="0" index="0" bw="8" slack="1"/>
<pin id="594" dir="0" index="1" bw="8" slack="0"/>
<pin id="595" dir="1" index="2" bw="8" slack="0"/>
</pin_list>
<bind>
<opcode="add(8) " fcode="add"/>
<opset="Ex/12 "/>
</bind>
</comp>

<comp id="597" class="1004" name="select_ln453_fu_597">
<pin_list>
<pin id="598" dir="0" index="0" bw="1" slack="1"/>
<pin id="599" dir="0" index="1" bw="8" slack="0"/>
<pin id="600" dir="0" index="2" bw="8" slack="0"/>
<pin id="601" dir="1" index="3" bw="8" slack="0"/>
</pin_list>
<bind>
<opcode="select(49) " fcode="select"/>
<opset="select_ln453/12 "/>
</bind>
</comp>

<comp id="604" class="1004" name="X_fu_604">
<pin_list>
<pin id="605" dir="0" index="0" bw="24" slack="0"/>
<pin id="606" dir="0" index="1" bw="1" slack="0"/>
<pin id="607" dir="0" index="2" bw="23" slack="1"/>
<pin id="608" dir="1" index="3" bw="24" slack="0"/>
</pin_list>
<bind>
<opcode="bitconcatenate(1004) " fcode="bitconcatenate"/>
<opset="X/12 "/>
</bind>
</comp>

<comp id="611" class="1004" name="zext_ln379_fu_611">
<pin_list>
<pin id="612" dir="0" index="0" bw="4" slack="1"/>
<pin id="613" dir="1" index="1" bw="100" slack="0"/>
</pin_list>
<bind>
<opcode="zext(34) " fcode="zext"/>
<opset="zext_ln379/12 "/>
</bind>
</comp>

<comp id="614" class="1004" name="shl_ln379_fu_614">
<pin_list>
<pin id="615" dir="0" index="0" bw="100" slack="0"/>
<pin id="616" dir="0" index="1" bw="4" slack="0"/>
<pin id="617" dir="1" index="2" bw="100" slack="0"/>
</pin_list>
<bind>
<opcode="shl(20) " fcode="shl"/>
<opset="shl_ln379/12 "/>
</bind>
</comp>

<comp id="620" class="1004" name="Med_fu_620">
<pin_list>
<pin id="621" dir="0" index="0" bw="80" slack="0"/>
<pin id="622" dir="0" index="1" bw="100" slack="0"/>
<pin id="623" dir="0" index="2" bw="6" slack="0"/>
<pin id="624" dir="0" index="3" bw="8" slack="0"/>
<pin id="625" dir="1" index="4" bw="80" slack="0"/>
</pin_list>
<bind>
<opcode="partselect(1002) " fcode="partselect"/>
<opset="Med/12 "/>
</bind>
</comp>

<comp id="631" class="1004" name="zext_ln468_fu_631">
<pin_list>
<pin id="632" dir="0" index="0" bw="24" slack="0"/>
<pin id="633" dir="1" index="1" bw="80" slack="0"/>
</pin_list>
<bind>
<opcode="zext(34) " fcode="zext"/>
<opset="zext_ln468/12 "/>
</bind>
</comp>

<comp id="636" class="1004" name="Mx_bits_fu_636">
<pin_list>
<pin id="637" dir="0" index="0" bw="58" slack="0"/>
<pin id="638" dir="0" index="1" bw="80" slack="0"/>
<pin id="639" dir="0" index="2" bw="6" slack="0"/>
<pin id="640" dir="0" index="3" bw="8" slack="0"/>
<pin id="641" dir="1" index="4" bw="58" slack="0"/>
</pin_list>
<bind>
<opcode="partselect(1002) " fcode="partselect"/>
<opset="Mx_bits/12 "/>
</bind>
</comp>

<comp id="646" class="1004" name="k_fu_646">
<pin_list>
<pin id="647" dir="0" index="0" bw="3" slack="0"/>
<pin id="648" dir="0" index="1" bw="80" slack="0"/>
<pin id="649" dir="0" index="2" bw="8" slack="0"/>
<pin id="650" dir="0" index="3" bw="8" slack="0"/>
<pin id="651" dir="1" index="4" bw="3" slack="0"/>
</pin_list>
<bind>
<opcode="partselect(1002) " fcode="partselect"/>
<opset="k/12 "/>
</bind>
</comp>

<comp id="656" class="1004" name="k_1_fu_656">
<pin_list>
<pin id="657" dir="0" index="0" bw="1" slack="1"/>
<pin id="658" dir="0" index="1" bw="3" slack="0"/>
<pin id="659" dir="0" index="2" bw="3" slack="0"/>
<pin id="660" dir="1" index="3" bw="3" slack="0"/>
</pin_list>
<bind>
<opcode="select(49) " fcode="select"/>
<opset="k_1/12 "/>
</bind>
</comp>

<comp id="663" class="1004" name="trunc_ln491_fu_663">
<pin_list>
<pin id="664" dir="0" index="0" bw="3" slack="0"/>
<pin id="665" dir="1" index="1" bw="1" slack="0"/>
</pin_list>
<bind>
<opcode="trunc(33) " fcode="trunc"/>
<opset="trunc_ln491/12 "/>
</bind>
</comp>

<comp id="667" class="1004" name="Mx_bits_1_fu_667">
<pin_list>
<pin id="668" dir="0" index="0" bw="1" slack="0"/>
<pin id="669" dir="0" index="1" bw="58" slack="0"/>
<pin id="670" dir="1" index="2" bw="58" slack="0"/>
</pin_list>
<bind>
<opcode="sub(10) " fcode="sub"/>
<opset="Mx_bits_1/12 "/>
</bind>
</comp>

<comp id="673" class="1004" name="Mx_bits_2_fu_673">
<pin_list>
<pin id="674" dir="0" index="0" bw="1" slack="0"/>
<pin id="675" dir="0" index="1" bw="58" slack="0"/>
<pin id="676" dir="0" index="2" bw="58" slack="0"/>
<pin id="677" dir="1" index="3" bw="58" slack="0"/>
</pin_list>
<bind>
<opcode="select(49) " fcode="select"/>
<opset="Mx_bits_2/12 "/>
</bind>
</comp>

<comp id="681" class="1004" name="tmp_136_i3_fu_681">
<pin_list>
<pin id="682" dir="0" index="0" bw="29" slack="0"/>
<pin id="683" dir="0" index="1" bw="58" slack="0"/>
<pin id="684" dir="0" index="2" bw="6" slack="0"/>
<pin id="685" dir="0" index="3" bw="7" slack="0"/>
<pin id="686" dir="1" index="4" bw="29" slack="0"/>
</pin_list>
<bind>
<opcode="partselect(1002) " fcode="partselect"/>
<opset="tmp_136_i3/12 "/>
</bind>
</comp>

<comp id="691" class="1004" name="t_fu_691">
<pin_list>
<pin id="692" dir="0" index="0" bw="30" slack="0"/>
<pin id="693" dir="0" index="1" bw="29" slack="0"/>
<pin id="694" dir="0" index="2" bw="1" slack="0"/>
<pin id="695" dir="1" index="3" bw="30" slack="0"/>
</pin_list>
<bind>
<opcode="bitconcatenate(1004) " fcode="bitconcatenate"/>
<opset="t/12 "/>
</bind>
</comp>

<comp id="699" class="1004" name="tmp_137_i_fu_699">
<pin_list>
<pin id="700" dir="0" index="0" bw="30" slack="0"/>
<pin id="701" dir="0" index="1" bw="30" slack="0"/>
<pin id="702" dir="0" index="2" bw="6" slack="0"/>
<pin id="703" dir="0" index="3" bw="1" slack="0"/>
<pin id="704" dir="1" index="4" bw="30" slack="0"/>
</pin_list>
<bind>
<opcode="partselect(1002) " fcode="partselect"/>
<opset="tmp_137_i/12 "/>
</bind>
</comp>

<comp id="709" class="1004" name="tmp_138_i_fu_709">
<pin_list>
<pin id="710" dir="0" index="0" bw="31" slack="0"/>
<pin id="711" dir="0" index="1" bw="1" slack="0"/>
<pin id="712" dir="0" index="2" bw="30" slack="0"/>
<pin id="713" dir="1" index="3" bw="31" slack="0"/>
</pin_list>
<bind>
<opcode="bitconcatenate(1004) " fcode="bitconcatenate"/>
<opset="tmp_138_i/12 "/>
</bind>
</comp>

<comp id="717" class="1004" name="sext_ln75_fu_717">
<pin_list>
<pin id="718" dir="0" index="0" bw="31" slack="0"/>
<pin id="719" dir="1" index="1" bw="32" slack="0"/>
</pin_list>
<bind>
<opcode="sext(35) " fcode="sext"/>
<opset="sext_ln75/12 "/>
</bind>
</comp>

<comp id="721" class="1004" name="tmp_139_i_fu_721">
<pin_list>
<pin id="722" dir="0" index="0" bw="32" slack="0"/>
<pin id="723" dir="0" index="1" bw="31" slack="0"/>
<pin id="724" dir="0" index="2" bw="1" slack="0"/>
<pin id="725" dir="1" index="3" bw="32" slack="0"/>
</pin_list>
<bind>
<opcode="cttz(524) " fcode="cttz"/>
<opset="tmp_139_i/12 "/>
</bind>
</comp>

<comp id="729" class="1004" name="Mx_zeros_fu_729">
<pin_list>
<pin id="730" dir="0" index="0" bw="32" slack="0"/>
<pin id="731" dir="1" index="1" bw="6" slack="0"/>
</pin_list>
<bind>
<opcode="trunc(33) " fcode="trunc"/>
<opset="Mx_zeros/12 "/>
</bind>
</comp>

<comp id="733" class="1004" name="zext_ln504_fu_733">
<pin_list>
<pin id="734" dir="0" index="0" bw="6" slack="0"/>
<pin id="735" dir="1" index="1" bw="58" slack="0"/>
</pin_list>
<bind>
<opcode="zext(34) " fcode="zext"/>
<opset="zext_ln504/12 "/>
</bind>
</comp>

<comp id="737" class="1004" name="shl_ln504_fu_737">
<pin_list>
<pin id="738" dir="0" index="0" bw="58" slack="0"/>
<pin id="739" dir="0" index="1" bw="6" slack="0"/>
<pin id="740" dir="1" index="2" bw="58" slack="0"/>
</pin_list>
<bind>
<opcode="shl(20) " fcode="shl"/>
<opset="shl_ln504/12 "/>
</bind>
</comp>

<comp id="743" class="1004" name="Mx_fu_743">
<pin_list>
<pin id="744" dir="0" index="0" bw="29" slack="0"/>
<pin id="745" dir="0" index="1" bw="58" slack="0"/>
<pin id="746" dir="0" index="2" bw="6" slack="0"/>
<pin id="747" dir="0" index="3" bw="7" slack="0"/>
<pin id="748" dir="1" index="4" bw="29" slack="1"/>
</pin_list>
<bind>
<opcode="partselect(1002) " fcode="partselect"/>
<opset="Mx/12 "/>
</bind>
</comp>

<comp id="753" class="1004" name="zext_ln505_fu_753">
<pin_list>
<pin id="754" dir="0" index="0" bw="6" slack="0"/>
<pin id="755" dir="1" index="1" bw="8" slack="0"/>
</pin_list>
<bind>
<opcode="zext(34) " fcode="zext"/>
<opset="zext_ln505/12 "/>
</bind>
</comp>

<comp id="757" class="1004" name="Ex_1_fu_757">
<pin_list>
<pin id="758" dir="0" index="0" bw="8" slack="0"/>
<pin id="759" dir="0" index="1" bw="6" slack="0"/>
<pin id="760" dir="1" index="2" bw="8" slack="0"/>
</pin_list>
<bind>
<opcode="sub(10) " fcode="sub"/>
<opset="Ex_1/12 "/>
</bind>
</comp>

<comp id="763" class="1004" name="tmp_2_fu_763">
<pin_list>
<pin id="764" dir="0" index="0" bw="1" slack="0"/>
<pin id="765" dir="0" index="1" bw="8" slack="0"/>
<pin id="766" dir="0" index="2" bw="4" slack="0"/>
<pin id="767" dir="1" index="3" bw="1" slack="1"/>
</pin_list>
<bind>
<opcode="bitselect(1000) " fcode="bitselect"/>
<opset="tmp_2/12 "/>
</bind>
</comp>

<comp id="771" class="1004" name="cos_basis_fu_771">
<pin_list>
<pin id="772" dir="0" index="0" bw="1" slack="0"/>
<pin id="773" dir="0" index="1" bw="3" slack="0"/>
<pin id="774" dir="0" index="2" bw="1" slack="0"/>
<pin id="775" dir="0" index="3" bw="3" slack="0"/>
<pin id="776" dir="0" index="4" bw="1" slack="0"/>
<pin id="777" dir="0" index="5" bw="3" slack="0"/>
<pin id="778" dir="0" index="6" bw="1" slack="0"/>
<pin id="779" dir="0" index="7" bw="3" slack="0"/>
<pin id="780" dir="0" index="8" bw="1" slack="0"/>
<pin id="781" dir="0" index="9" bw="3" slack="0"/>
<pin id="782" dir="0" index="10" bw="1" slack="0"/>
<pin id="783" dir="0" index="11" bw="3" slack="0"/>
<pin id="784" dir="0" index="12" bw="1" slack="0"/>
<pin id="785" dir="0" index="13" bw="3" slack="0"/>
<pin id="786" dir="0" index="14" bw="1" slack="0"/>
<pin id="787" dir="0" index="15" bw="3" slack="0"/>
<pin id="788" dir="0" index="16" bw="1" slack="0"/>
<pin id="789" dir="0" index="17" bw="1" slack="0"/>
<pin id="790" dir="0" index="18" bw="3" slack="0"/>
<pin id="791" dir="1" index="19" bw="1" slack="0"/>
</pin_list>
<bind>
<opcode="sparsemux(1197) " fcode="sparsemux"/>
<opset="cos_basis/12 "/>
</bind>
</comp>

<comp id="811" class="1004" name="index_fu_811">
<pin_list>
<pin id="812" dir="0" index="0" bw="4" slack="0"/>
<pin id="813" dir="0" index="1" bw="1" slack="1"/>
<pin id="814" dir="0" index="2" bw="3" slack="0"/>
<pin id="815" dir="1" index="3" bw="4" slack="0"/>
</pin_list>
<bind>
<opcode="bitconcatenate(1004) " fcode="bitconcatenate"/>
<opset="index/12 "/>
</bind>
</comp>

<comp id="818" class="1004" name="tmp_145_i_fu_818">
<pin_list>
<pin id="819" dir="0" index="0" bw="1" slack="0"/>
<pin id="820" dir="0" index="1" bw="4" slack="0"/>
<pin id="821" dir="0" index="2" bw="1" slack="0"/>
<pin id="822" dir="0" index="3" bw="4" slack="0"/>
<pin id="823" dir="0" index="4" bw="1" slack="0"/>
<pin id="824" dir="0" index="5" bw="4" slack="0"/>
<pin id="825" dir="0" index="6" bw="1" slack="0"/>
<pin id="826" dir="0" index="7" bw="4" slack="0"/>
<pin id="827" dir="0" index="8" bw="1" slack="0"/>
<pin id="828" dir="0" index="9" bw="4" slack="0"/>
<pin id="829" dir="0" index="10" bw="1" slack="0"/>
<pin id="830" dir="0" index="11" bw="4" slack="0"/>
<pin id="831" dir="0" index="12" bw="1" slack="0"/>
<pin id="832" dir="0" index="13" bw="4" slack="0"/>
<pin id="833" dir="0" index="14" bw="1" slack="0"/>
<pin id="834" dir="0" index="15" bw="4" slack="0"/>
<pin id="835" dir="0" index="16" bw="1" slack="0"/>
<pin id="836" dir="0" index="17" bw="4" slack="0"/>
<pin id="837" dir="0" index="18" bw="1" slack="0"/>
<pin id="838" dir="0" index="19" bw="4" slack="0"/>
<pin id="839" dir="0" index="20" bw="1" slack="0"/>
<pin id="840" dir="0" index="21" bw="4" slack="0"/>
<pin id="841" dir="0" index="22" bw="1" slack="0"/>
<pin id="842" dir="0" index="23" bw="4" slack="0"/>
<pin id="843" dir="0" index="24" bw="1" slack="0"/>
<pin id="844" dir="0" index="25" bw="4" slack="0"/>
<pin id="845" dir="0" index="26" bw="1" slack="0"/>
<pin id="846" dir="0" index="27" bw="4" slack="0"/>
<pin id="847" dir="0" index="28" bw="1" slack="0"/>
<pin id="848" dir="0" index="29" bw="4" slack="0"/>
<pin id="849" dir="0" index="30" bw="1" slack="0"/>
<pin id="850" dir="0" index="31" bw="4" slack="0"/>
<pin id="851" dir="0" index="32" bw="1" slack="0"/>
<pin id="852" dir="0" index="33" bw="1" slack="0"/>
<pin id="853" dir="0" index="34" bw="4" slack="0"/>
<pin id="854" dir="1" index="35" bw="1" slack="0"/>
</pin_list>
<bind>
<opcode="sparsemux(1197) " fcode="sparsemux"/>
<opset="tmp_145_i/12 "/>
</bind>
</comp>

<comp id="890" class="1004" name="tmp_146_i_fu_890">
<pin_list>
<pin id="891" dir="0" index="0" bw="1" slack="0"/>
<pin id="892" dir="0" index="1" bw="4" slack="0"/>
<pin id="893" dir="0" index="2" bw="1" slack="0"/>
<pin id="894" dir="0" index="3" bw="4" slack="0"/>
<pin id="895" dir="0" index="4" bw="1" slack="0"/>
<pin id="896" dir="0" index="5" bw="4" slack="0"/>
<pin id="897" dir="0" index="6" bw="1" slack="0"/>
<pin id="898" dir="0" index="7" bw="4" slack="0"/>
<pin id="899" dir="0" index="8" bw="1" slack="0"/>
<pin id="900" dir="0" index="9" bw="4" slack="0"/>
<pin id="901" dir="0" index="10" bw="1" slack="0"/>
<pin id="902" dir="0" index="11" bw="4" slack="0"/>
<pin id="903" dir="0" index="12" bw="1" slack="0"/>
<pin id="904" dir="0" index="13" bw="4" slack="0"/>
<pin id="905" dir="0" index="14" bw="1" slack="0"/>
<pin id="906" dir="0" index="15" bw="4" slack="0"/>
<pin id="907" dir="0" index="16" bw="1" slack="0"/>
<pin id="908" dir="0" index="17" bw="4" slack="0"/>
<pin id="909" dir="0" index="18" bw="1" slack="0"/>
<pin id="910" dir="0" index="19" bw="4" slack="0"/>
<pin id="911" dir="0" index="20" bw="1" slack="0"/>
<pin id="912" dir="0" index="21" bw="4" slack="0"/>
<pin id="913" dir="0" index="22" bw="1" slack="0"/>
<pin id="914" dir="0" index="23" bw="4" slack="0"/>
<pin id="915" dir="0" index="24" bw="1" slack="0"/>
<pin id="916" dir="0" index="25" bw="4" slack="0"/>
<pin id="917" dir="0" index="26" bw="1" slack="0"/>
<pin id="918" dir="0" index="27" bw="4" slack="0"/>
<pin id="919" dir="0" index="28" bw="1" slack="0"/>
<pin id="920" dir="0" index="29" bw="4" slack="0"/>
<pin id="921" dir="0" index="30" bw="1" slack="0"/>
<pin id="922" dir="0" index="31" bw="4" slack="0"/>
<pin id="923" dir="0" index="32" bw="1" slack="0"/>
<pin id="924" dir="0" index="33" bw="1" slack="0"/>
<pin id="925" dir="0" index="34" bw="4" slack="0"/>
<pin id="926" dir="1" index="35" bw="1" slack="0"/>
</pin_list>
<bind>
<opcode="sparsemux(1197) " fcode="sparsemux"/>
<opset="tmp_146_i/12 "/>
</bind>
</comp>

<comp id="962" class="1004" name="results_sign_fu_962">
<pin_list>
<pin id="963" dir="0" index="0" bw="1" slack="0"/>
<pin id="964" dir="0" index="1" bw="1" slack="0"/>
<pin id="965" dir="0" index="2" bw="1" slack="0"/>
<pin id="966" dir="1" index="3" bw="1" slack="0"/>
</pin_list>
<bind>
<opcode="select(49) " fcode="select"/>
<opset="results_sign/12 "/>
</bind>
</comp>

<comp id="970" class="1004" name="icmp_ln271_fu_970">
<pin_list>
<pin id="971" dir="0" index="0" bw="8" slack="1"/>
<pin id="972" dir="0" index="1" bw="8" slack="0"/>
<pin id="973" dir="1" index="2" bw="1" slack="0"/>
</pin_list>
<bind>
<opcode="icmp(45) " fcode="icmp"/>
<opset="icmp_ln271/12 "/>
</bind>
</comp>

<comp id="975" class="1004" name="icmp_ln271_1_fu_975">
<pin_list>
<pin id="976" dir="0" index="0" bw="23" slack="1"/>
<pin id="977" dir="0" index="1" bw="23" slack="0"/>
<pin id="978" dir="1" index="2" bw="1" slack="0"/>
</pin_list>
<bind>
<opcode="icmp(45) " fcode="icmp"/>
<opset="icmp_ln271_1/12 "/>
</bind>
</comp>

<comp id="980" class="1004" name="and_ln271_fu_980">
<pin_list>
<pin id="981" dir="0" index="0" bw="1" slack="0"/>
<pin id="982" dir="0" index="1" bw="1" slack="0"/>
<pin id="983" dir="1" index="2" bw="1" slack="0"/>
</pin_list>
<bind>
<opcode="and(23) " fcode="and"/>
<opset="and_ln271/12 "/>
</bind>
</comp>

<comp id="986" class="1004" name="icmp_ln282_fu_986">
<pin_list>
<pin id="987" dir="0" index="0" bw="8" slack="1"/>
<pin id="988" dir="0" index="1" bw="8" slack="0"/>
<pin id="989" dir="1" index="2" bw="1" slack="0"/>
</pin_list>
<bind>
<opcode="icmp(45) " fcode="icmp"/>
<opset="icmp_ln282/12 "/>
</bind>
</comp>

<comp id="991" class="1004" name="xor_ln282_fu_991">
<pin_list>
<pin id="992" dir="0" index="0" bw="1" slack="0"/>
<pin id="993" dir="0" index="1" bw="1" slack="0"/>
<pin id="994" dir="1" index="2" bw="1" slack="0"/>
</pin_list>
<bind>
<opcode="xor(25) " fcode="xor"/>
<opset="xor_ln282/12 "/>
</bind>
</comp>

<comp id="997" class="1004" name="results_sign_1_fu_997">
<pin_list>
<pin id="998" dir="0" index="0" bw="1" slack="0"/>
<pin id="999" dir="0" index="1" bw="1" slack="0"/>
<pin id="1000" dir="1" index="2" bw="1" slack="0"/>
</pin_list>
<bind>
<opcode="and(23) " fcode="and"/>
<opset="results_sign_1/12 "/>
</bind>
</comp>

<comp id="1003" class="1004" name="results_sign_2_fu_1003">
<pin_list>
<pin id="1004" dir="0" index="0" bw="1" slack="0"/>
<pin id="1005" dir="0" index="1" bw="1" slack="1"/>
<pin id="1006" dir="0" index="2" bw="1" slack="0"/>
<pin id="1007" dir="1" index="3" bw="1" slack="3"/>
</pin_list>
<bind>
<opcode="select(49) " fcode="select"/>
<opset="results_sign_2/12 "/>
</bind>
</comp>

<comp id="1010" class="1004" name="sub_ln506_fu_1010">
<pin_list>
<pin id="1011" dir="0" index="0" bw="1" slack="0"/>
<pin id="1012" dir="0" index="1" bw="8" slack="1"/>
<pin id="1013" dir="1" index="2" bw="8" slack="0"/>
</pin_list>
<bind>
<opcode="sub(10) " fcode="sub"/>
<opset="sub_ln506/13 "/>
</bind>
</comp>

<comp id="1015" class="1004" name="select_ln506_fu_1015">
<pin_list>
<pin id="1016" dir="0" index="0" bw="1" slack="1"/>
<pin id="1017" dir="0" index="1" bw="8" slack="0"/>
<pin id="1018" dir="0" index="2" bw="8" slack="1"/>
<pin id="1019" dir="1" index="3" bw="8" slack="0"/>
</pin_list>
<bind>
<opcode="select(49) " fcode="select"/>
<opset="select_ln506/13 "/>
</bind>
</comp>

<comp id="1021" class="1004" name="zext_ln506_fu_1021">
<pin_list>
<pin id="1022" dir="0" index="0" bw="8" slack="0"/>
<pin id="1023" dir="1" index="1" bw="32" slack="0"/>
</pin_list>
<bind>
<opcode="zext(34) " fcode="zext"/>
<opset="zext_ln506/13 "/>
</bind>
</comp>

<comp id="1025" class="1004" name="zext_ln506_1_fu_1025">
<pin_list>
<pin id="1026" dir="0" index="0" bw="29" slack="1"/>
<pin id="1027" dir="1" index="1" bw="32" slack="0"/>
</pin_list>
<bind>
<opcode="zext(34) " fcode="zext"/>
<opset="zext_ln506_1/13 "/>
</bind>
</comp>

<comp id="1028" class="1004" name="lshr_ln506_fu_1028">
<pin_list>
<pin id="1029" dir="0" index="0" bw="29" slack="0"/>
<pin id="1030" dir="0" index="1" bw="8" slack="0"/>
<pin id="1031" dir="1" index="2" bw="32" slack="0"/>
</pin_list>
<bind>
<opcode="lshr(21) " fcode="lshr"/>
<opset="lshr_ln506/13 "/>
</bind>
</comp>

<comp id="1034" class="1004" name="shl_ln506_fu_1034">
<pin_list>
<pin id="1035" dir="0" index="0" bw="29" slack="0"/>
<pin id="1036" dir="0" index="1" bw="8" slack="0"/>
<pin id="1037" dir="1" index="2" bw="32" slack="0"/>
</pin_list>
<bind>
<opcode="shl(20) " fcode="shl"/>
<opset="shl_ln506/13 "/>
</bind>
</comp>

<comp id="1040" class="1004" name="select_ln506_1_fu_1040">
<pin_list>
<pin id="1041" dir="0" index="0" bw="1" slack="1"/>
<pin id="1042" dir="0" index="1" bw="32" slack="0"/>
<pin id="1043" dir="0" index="2" bw="32" slack="0"/>
<pin id="1044" dir="1" index="3" bw="32" slack="0"/>
</pin_list>
<bind>
<opcode="select(49) " fcode="select"/>
<opset="select_ln506_1/13 "/>
</bind>
</comp>

<comp id="1047" class="1004" name="B_fu_1047">
<pin_list>
<pin id="1048" dir="0" index="0" bw="32" slack="0"/>
<pin id="1049" dir="1" index="1" bw="22" slack="1"/>
</pin_list>
<bind>
<opcode="trunc(33) " fcode="trunc"/>
<opset="B/13 "/>
</bind>
</comp>

<comp id="1051" class="1004" name="tmp_140_i_fu_1051">
<pin_list>
<pin id="1052" dir="0" index="0" bw="7" slack="0"/>
<pin id="1053" dir="0" index="1" bw="32" slack="0"/>
<pin id="1054" dir="0" index="2" bw="6" slack="0"/>
<pin id="1055" dir="0" index="3" bw="6" slack="0"/>
<pin id="1056" dir="1" index="4" bw="7" slack="0"/>
</pin_list>
<bind>
<opcode="partselect(1002) " fcode="partselect"/>
<opset="tmp_140_i/13 "/>
</bind>
</comp>

<comp id="1061" class="1004" name="B_trunc_fu_1061">
<pin_list>
<pin id="1062" dir="0" index="0" bw="15" slack="0"/>
<pin id="1063" dir="0" index="1" bw="32" slack="0"/>
<pin id="1064" dir="0" index="2" bw="4" slack="0"/>
<pin id="1065" dir="0" index="3" bw="6" slack="0"/>
<pin id="1066" dir="1" index="4" bw="15" slack="0"/>
</pin_list>
<bind>
<opcode="partselect(1002) " fcode="partselect"/>
<opset="B_trunc/13 "/>
</bind>
</comp>

<comp id="1071" class="1004" name="zext_ln23_fu_1071">
<pin_list>
<pin id="1072" dir="0" index="0" bw="15" slack="0"/>
<pin id="1073" dir="1" index="1" bw="30" slack="0"/>
</pin_list>
<bind>
<opcode="zext(34) " fcode="zext"/>
<opset="zext_ln23/13 "/>
</bind>
</comp>

<comp id="1075" class="1004" name="mul_ln23_fu_1075">
<pin_list>
<pin id="1076" dir="0" index="0" bw="15" slack="0"/>
<pin id="1077" dir="0" index="1" bw="15" slack="0"/>
<pin id="1078" dir="1" index="2" bw="30" slack="0"/>
</pin_list>
<bind>
<opcode="mul(12) " fcode="mul"/>
<opset="mul_ln23/13 "/>
</bind>
</comp>

<comp id="1081" class="1004" name="B_squared_fu_1081">
<pin_list>
<pin id="1082" dir="0" index="0" bw="15" slack="0"/>
<pin id="1083" dir="0" index="1" bw="30" slack="0"/>
<pin id="1084" dir="0" index="2" bw="5" slack="0"/>
<pin id="1085" dir="0" index="3" bw="6" slack="0"/>
<pin id="1086" dir="1" index="4" bw="15" slack="1"/>
</pin_list>
<bind>
<opcode="partselect(1002) " fcode="partselect"/>
<opset="B_squared/13 "/>
</bind>
</comp>

<comp id="1091" class="1004" name="sin_basis_fu_1091">
<pin_list>
<pin id="1092" dir="0" index="0" bw="1" slack="1"/>
<pin id="1093" dir="0" index="1" bw="1" slack="0"/>
<pin id="1094" dir="1" index="2" bw="1" slack="0"/>
</pin_list>
<bind>
<opcode="xor(25) " fcode="xor"/>
<opset="sin_basis/13 "/>
</bind>
</comp>

<comp id="1096" class="1004" name="A_fu_1096">
<pin_list>
<pin id="1097" dir="0" index="0" bw="8" slack="0"/>
<pin id="1098" dir="0" index="1" bw="1" slack="0"/>
<pin id="1099" dir="0" index="2" bw="7" slack="0"/>
<pin id="1100" dir="1" index="3" bw="8" slack="0"/>
</pin_list>
<bind>
<opcode="bitconcatenate(1004) " fcode="bitconcatenate"/>
<opset="A/13 "/>
</bind>
</comp>

<comp id="1104" class="1004" name="zext_ln28_fu_1104">
<pin_list>
<pin id="1105" dir="0" index="0" bw="8" slack="0"/>
<pin id="1106" dir="1" index="1" bw="64" slack="0"/>
</pin_list>
<bind>
<opcode="zext(34) " fcode="zext"/>
<opset="zext_ln28/13 "/>
</bind>
</comp>

<comp id="1111" class="1004" name="Mx_1_fu_1111">
<pin_list>
<pin id="1112" dir="0" index="0" bw="1" slack="2"/>
<pin id="1113" dir="0" index="1" bw="29" slack="0"/>
<pin id="1114" dir="0" index="2" bw="29" slack="2"/>
<pin id="1115" dir="1" index="3" bw="29" slack="0"/>
</pin_list>
<bind>
<opcode="select(49) " fcode="select"/>
<opset="Mx_1/14 "/>
</bind>
</comp>

<comp id="1117" class="1004" name="Ex_2_fu_1117">
<pin_list>
<pin id="1118" dir="0" index="0" bw="1" slack="2"/>
<pin id="1119" dir="0" index="1" bw="8" slack="0"/>
<pin id="1120" dir="0" index="2" bw="8" slack="2"/>
<pin id="1121" dir="1" index="3" bw="8" slack="0"/>
</pin_list>
<bind>
<opcode="select(49) " fcode="select"/>
<opset="Ex_2/14 "/>
</bind>
</comp>

<comp id="1123" class="1004" name="zext_ln23_1_fu_1123">
<pin_list>
<pin id="1124" dir="0" index="0" bw="15" slack="1"/>
<pin id="1125" dir="1" index="1" bw="30" slack="0"/>
</pin_list>
<bind>
<opcode="zext(34) " fcode="zext"/>
<opset="zext_ln23_1/14 "/>
</bind>
</comp>

<comp id="1126" class="1004" name="t1_fu_1126">
<pin_list>
<pin id="1127" dir="0" index="0" bw="29" slack="0"/>
<pin id="1128" dir="0" index="1" bw="30" slack="0"/>
<pin id="1129" dir="0" index="2" bw="1" slack="0"/>
<pin id="1130" dir="0" index="3" bw="6" slack="0"/>
<pin id="1131" dir="1" index="4" bw="29" slack="0"/>
</pin_list>
<bind>
<opcode="partselect(1002) " fcode="partselect"/>
<opset="t1/14 "/>
</bind>
</comp>

<comp id="1136" class="1004" name="zext_ln29_fu_1136">
<pin_list>
<pin id="1137" dir="0" index="0" bw="22" slack="1"/>
<pin id="1138" dir="1" index="1" bw="45" slack="0"/>
</pin_list>
<bind>
<opcode="zext(34) " fcode="zext"/>
<opset="zext_ln29/14 "/>
</bind>
</comp>

<comp id="1140" class="1004" name="sext_ln29_fu_1140">
<pin_list>
<pin id="1141" dir="0" index="0" bw="23" slack="0"/>
<pin id="1142" dir="1" index="1" bw="45" slack="0"/>
</pin_list>
<bind>
<opcode="sext(35) " fcode="sext"/>
<opset="sext_ln29/14 "/>
</bind>
</comp>

<comp id="1145" class="1004" name="trunc_ln_fu_1145">
<pin_list>
<pin id="1146" dir="0" index="0" bw="22" slack="0"/>
<pin id="1147" dir="0" index="1" bw="45" slack="0"/>
<pin id="1148" dir="0" index="2" bw="6" slack="0"/>
<pin id="1149" dir="0" index="3" bw="7" slack="0"/>
<pin id="1150" dir="1" index="4" bw="22" slack="0"/>
</pin_list>
<bind>
<opcode="partselect(1002) " fcode="partselect"/>
<opset="trunc_ln/14 "/>
</bind>
</comp>

<comp id="1155" class="1004" name="sext_ln30_fu_1155">
<pin_list>
<pin id="1156" dir="0" index="0" bw="15" slack="0"/>
<pin id="1157" dir="1" index="1" bw="30" slack="0"/>
</pin_list>
<bind>
<opcode="sext(35) " fcode="sext"/>
<opset="sext_ln30/14 "/>
</bind>
</comp>

<comp id="1159" class="1004" name="mul_ln30_fu_1159">
<pin_list>
<pin id="1160" dir="0" index="0" bw="15" slack="0"/>
<pin id="1161" dir="0" index="1" bw="15" slack="0"/>
<pin id="1162" dir="1" index="2" bw="30" slack="0"/>
</pin_list>
<bind>
<opcode="mul(12) " fcode="mul"/>
<opset="mul_ln30/14 "/>
</bind>
</comp>

<comp id="1165" class="1004" name="trunc_ln1_fu_1165">
<pin_list>
<pin id="1166" dir="0" index="0" bw="14" slack="0"/>
<pin id="1167" dir="0" index="1" bw="30" slack="0"/>
<pin id="1168" dir="0" index="2" bw="6" slack="0"/>
<pin id="1169" dir="0" index="3" bw="6" slack="0"/>
<pin id="1170" dir="1" index="4" bw="14" slack="0"/>
</pin_list>
<bind>
<opcode="partselect(1002) " fcode="partselect"/>
<opset="trunc_ln1/14 "/>
</bind>
</comp>

<comp id="1175" class="1004" name="sext_ln32_fu_1175">
<pin_list>
<pin id="1176" dir="0" index="0" bw="29" slack="0"/>
<pin id="1177" dir="1" index="1" bw="30" slack="0"/>
</pin_list>
<bind>
<opcode="sext(35) " fcode="sext"/>
<opset="sext_ln32/14 "/>
</bind>
</comp>

<comp id="1179" class="1004" name="sext_ln32_1_fu_1179">
<pin_list>
<pin id="1180" dir="0" index="0" bw="22" slack="0"/>
<pin id="1181" dir="1" index="1" bw="30" slack="0"/>
</pin_list>
<bind>
<opcode="sext(35) " fcode="sext"/>
<opset="sext_ln32_1/14 "/>
</bind>
</comp>

<comp id="1183" class="1004" name="add_ln32_fu_1183">
<pin_list>
<pin id="1184" dir="0" index="0" bw="29" slack="0"/>
<pin id="1185" dir="0" index="1" bw="22" slack="0"/>
<pin id="1186" dir="1" index="2" bw="30" slack="0"/>
</pin_list>
<bind>
<opcode="add(8) " fcode="add"/>
<opset="add_ln32/14 "/>
</bind>
</comp>

<comp id="1189" class="1004" name="sext_ln32_2_fu_1189">
<pin_list>
<pin id="1190" dir="0" index="0" bw="14" slack="0"/>
<pin id="1191" dir="1" index="1" bw="30" slack="0"/>
</pin_list>
<bind>
<opcode="sext(35) " fcode="sext"/>
<opset="sext_ln32_2/14 "/>
</bind>
</comp>

<comp id="1193" class="1004" name="add_ln32_1_fu_1193">
<pin_list>
<pin id="1194" dir="0" index="0" bw="30" slack="0"/>
<pin id="1195" dir="0" index="1" bw="14" slack="0"/>
<pin id="1196" dir="1" index="2" bw="30" slack="0"/>
</pin_list>
<bind>
<opcode="add(8) " fcode="add"/>
<opset="add_ln32_1/14 "/>
</bind>
</comp>

<comp id="1199" class="1004" name="sext_ln32_3_fu_1199">
<pin_list>
<pin id="1200" dir="0" index="0" bw="30" slack="0"/>
<pin id="1201" dir="1" index="1" bw="58" slack="0"/>
</pin_list>
<bind>
<opcode="sext(35) " fcode="sext"/>
<opset="sext_ln32_3/14 "/>
</bind>
</comp>

<comp id="1204" class="1004" name="zext_ln32_fu_1204">
<pin_list>
<pin id="1205" dir="0" index="0" bw="29" slack="0"/>
<pin id="1206" dir="1" index="1" bw="58" slack="0"/>
</pin_list>
<bind>
<opcode="zext(34) " fcode="zext"/>
<opset="zext_ln32/14 "/>
</bind>
</comp>

<comp id="1209" class="1004" name="result_fu_1209">
<pin_list>
<pin id="1210" dir="0" index="0" bw="29" slack="0"/>
<pin id="1211" dir="0" index="1" bw="58" slack="0"/>
<pin id="1212" dir="0" index="2" bw="6" slack="0"/>
<pin id="1213" dir="0" index="3" bw="7" slack="0"/>
<pin id="1214" dir="1" index="4" bw="29" slack="0"/>
</pin_list>
<bind>
<opcode="partselect(1002) " fcode="partselect"/>
<opset="result/14 "/>
</bind>
</comp>

<comp id="1219" class="1004" name="sext_ln252_fu_1219">
<pin_list>
<pin id="1220" dir="0" index="0" bw="8" slack="0"/>
<pin id="1221" dir="1" index="1" bw="9" slack="0"/>
</pin_list>
<bind>
<opcode="sext(35) " fcode="sext"/>
<opset="sext_ln252/14 "/>
</bind>
</comp>

<comp id="1223" class="1004" name="tmp_141_i_fu_1223">
<pin_list>
<pin id="1224" dir="0" index="0" bw="16" slack="0"/>
<pin id="1225" dir="0" index="1" bw="58" slack="0"/>
<pin id="1226" dir="0" index="2" bw="7" slack="0"/>
<pin id="1227" dir="0" index="3" bw="7" slack="0"/>
<pin id="1228" dir="1" index="4" bw="16" slack="0"/>
</pin_list>
<bind>
<opcode="partselect(1002) " fcode="partselect"/>
<opset="tmp_141_i/14 "/>
</bind>
</comp>

<comp id="1233" class="1004" name="out_bits_fu_1233">
<pin_list>
<pin id="1234" dir="0" index="0" bw="32" slack="0"/>
<pin id="1235" dir="0" index="1" bw="16" slack="0"/>
<pin id="1236" dir="0" index="2" bw="16" slack="0"/>
<pin id="1237" dir="1" index="3" bw="32" slack="0"/>
</pin_list>
<bind>
<opcode="bitconcatenate(1004) " fcode="bitconcatenate"/>
<opset="out_bits/14 "/>
</bind>
</comp>

<comp id="1241" class="1004" name="tmp_142_i_fu_1241">
<pin_list>
<pin id="1242" dir="0" index="0" bw="13" slack="0"/>
<pin id="1243" dir="0" index="1" bw="58" slack="0"/>
<pin id="1244" dir="0" index="2" bw="6" slack="0"/>
<pin id="1245" dir="0" index="3" bw="7" slack="0"/>
<pin id="1246" dir="1" index="4" bw="13" slack="0"/>
</pin_list>
<bind>
<opcode="partselect(1002) " fcode="partselect"/>
<opset="tmp_142_i/14 "/>
</bind>
</comp>

<comp id="1251" class="1004" name="out_bits_2_fu_1251">
<pin_list>
<pin id="1252" dir="0" index="0" bw="32" slack="0"/>
<pin id="1253" dir="0" index="1" bw="13" slack="0"/>
<pin id="1254" dir="0" index="2" bw="19" slack="0"/>
<pin id="1255" dir="1" index="3" bw="32" slack="0"/>
</pin_list>
<bind>
<opcode="bitconcatenate(1004) " fcode="bitconcatenate"/>
<opset="out_bits_2/14 "/>
</bind>
</comp>

<comp id="1259" class="1004" name="tmp_143_i_fu_1259">
<pin_list>
<pin id="1260" dir="0" index="0" bw="32" slack="0"/>
<pin id="1261" dir="0" index="1" bw="32" slack="0"/>
<pin id="1262" dir="0" index="2" bw="6" slack="0"/>
<pin id="1263" dir="0" index="3" bw="1" slack="0"/>
<pin id="1264" dir="1" index="4" bw="32" slack="0"/>
</pin_list>
<bind>
<opcode="partselect(1002) " fcode="partselect"/>
<opset="tmp_143_i/14 "/>
</bind>
</comp>

<comp id="1269" class="1004" name="c_fu_1269">
<pin_list>
<pin id="1270" dir="0" index="0" bw="32" slack="0"/>
<pin id="1271" dir="0" index="1" bw="32" slack="0"/>
<pin id="1272" dir="0" index="2" bw="1" slack="0"/>
<pin id="1273" dir="1" index="3" bw="32" slack="0"/>
</pin_list>
<bind>
<opcode="cttz(524) " fcode="cttz"/>
<opset="c/14 "/>
</bind>
</comp>

<comp id="1277" class="1004" name="tmp_144_i_fu_1277">
<pin_list>
<pin id="1278" dir="0" index="0" bw="32" slack="0"/>
<pin id="1279" dir="0" index="1" bw="32" slack="0"/>
<pin id="1280" dir="0" index="2" bw="6" slack="0"/>
<pin id="1281" dir="0" index="3" bw="1" slack="0"/>
<pin id="1282" dir="1" index="4" bw="32" slack="0"/>
</pin_list>
<bind>
<opcode="partselect(1002) " fcode="partselect"/>
<opset="tmp_144_i/14 "/>
</bind>
</comp>

<comp id="1287" class="1004" name="c_1_fu_1287">
<pin_list>
<pin id="1288" dir="0" index="0" bw="32" slack="0"/>
<pin id="1289" dir="0" index="1" bw="32" slack="0"/>
<pin id="1290" dir="0" index="2" bw="1" slack="0"/>
<pin id="1291" dir="1" index="3" bw="32" slack="0"/>
</pin_list>
<bind>
<opcode="cttz(524) " fcode="cttz"/>
<opset="c_1/14 "/>
</bind>
</comp>

<comp id="1295" class="1004" name="zext_ln291_fu_1295">
<pin_list>
<pin id="1296" dir="0" index="0" bw="29" slack="0"/>
<pin id="1297" dir="1" index="1" bw="32" slack="0"/>
</pin_list>
<bind>
<opcode="zext(34) " fcode="zext"/>
<opset="zext_ln291/14 "/>
</bind>
</comp>

<comp id="1299" class="1004" name="shl_ln291_fu_1299">
<pin_list>
<pin id="1300" dir="0" index="0" bw="29" slack="0"/>
<pin id="1301" dir="0" index="1" bw="32" slack="0"/>
<pin id="1302" dir="1" index="2" bw="32" slack="0"/>
</pin_list>
<bind>
<opcode="shl(20) " fcode="shl"/>
<opset="shl_ln291/14 "/>
</bind>
</comp>

<comp id="1305" class="1004" name="in_shift_1_fu_1305">
<pin_list>
<pin id="1306" dir="0" index="0" bw="32" slack="0"/>
<pin id="1307" dir="1" index="1" bw="28" slack="0"/>
</pin_list>
<bind>
<opcode="trunc(33) " fcode="trunc"/>
<opset="in_shift_1/14 "/>
</bind>
</comp>

<comp id="1309" class="1004" name="icmp_ln292_fu_1309">
<pin_list>
<pin id="1310" dir="0" index="0" bw="32" slack="0"/>
<pin id="1311" dir="0" index="1" bw="32" slack="0"/>
<pin id="1312" dir="1" index="2" bw="1" slack="0"/>
</pin_list>
<bind>
<opcode="icmp(45) " fcode="icmp"/>
<opset="icmp_ln292/14 "/>
</bind>
</comp>

<comp id="1315" class="1004" name="shift_1_fu_1315">
<pin_list>
<pin id="1316" dir="0" index="0" bw="32" slack="0"/>
<pin id="1317" dir="0" index="1" bw="6" slack="0"/>
<pin id="1318" dir="1" index="2" bw="32" slack="0"/>
</pin_list>
<bind>
<opcode="add(8) " fcode="add"/>
<opset="shift_1/14 "/>
</bind>
</comp>

<comp id="1321" class="1004" name="zext_ln291_1_fu_1321">
<pin_list>
<pin id="1322" dir="0" index="0" bw="28" slack="0"/>
<pin id="1323" dir="1" index="1" bw="32" slack="0"/>
</pin_list>
<bind>
<opcode="zext(34) " fcode="zext"/>
<opset="zext_ln291_1/14 "/>
</bind>
</comp>

<comp id="1325" class="1004" name="shl_ln291_1_fu_1325">
<pin_list>
<pin id="1326" dir="0" index="0" bw="28" slack="0"/>
<pin id="1327" dir="0" index="1" bw="32" slack="0"/>
<pin id="1328" dir="1" index="2" bw="32" slack="1"/>
</pin_list>
<bind>
<opcode="shl(20) " fcode="shl"/>
<opset="shl_ln291_1/14 "/>
</bind>
</comp>

<comp id="1331" class="1004" name="shift_2_fu_1331">
<pin_list>
<pin id="1332" dir="0" index="0" bw="1" slack="0"/>
<pin id="1333" dir="0" index="1" bw="32" slack="0"/>
<pin id="1334" dir="0" index="2" bw="32" slack="0"/>
<pin id="1335" dir="1" index="3" bw="32" slack="0"/>
</pin_list>
<bind>
<opcode="select(49) " fcode="select"/>
<opset="shift_2/14 "/>
</bind>
</comp>

<comp id="1339" class="1004" name="add_ln300_fu_1339">
<pin_list>
<pin id="1340" dir="0" index="0" bw="8" slack="0"/>
<pin id="1341" dir="0" index="1" bw="8" slack="0"/>
<pin id="1342" dir="1" index="2" bw="9" slack="0"/>
</pin_list>
<bind>
<opcode="add(8) " fcode="add"/>
<opset="add_ln300/14 "/>
</bind>
</comp>

<comp id="1345" class="1004" name="sext_ln300_fu_1345">
<pin_list>
<pin id="1346" dir="0" index="0" bw="9" slack="0"/>
<pin id="1347" dir="1" index="1" bw="32" slack="0"/>
</pin_list>
<bind>
<opcode="sext(35) " fcode="sext"/>
<opset="sext_ln300/14 "/>
</bind>
</comp>

<comp id="1349" class="1004" name="newexp_fu_1349">
<pin_list>
<pin id="1350" dir="0" index="0" bw="9" slack="0"/>
<pin id="1351" dir="0" index="1" bw="32" slack="0"/>
<pin id="1352" dir="1" index="2" bw="32" slack="0"/>
</pin_list>
<bind>
<opcode="sub(10) " fcode="sub"/>
<opset="newexp/14 "/>
</bind>
</comp>

<comp id="1355" class="1004" name="tmp_3_fu_1355">
<pin_list>
<pin id="1356" dir="0" index="0" bw="1" slack="0"/>
<pin id="1357" dir="0" index="1" bw="32" slack="0"/>
<pin id="1358" dir="0" index="2" bw="6" slack="0"/>
<pin id="1359" dir="1" index="3" bw="1" slack="0"/>
</pin_list>
<bind>
<opcode="bitselect(1000) " fcode="bitselect"/>
<opset="tmp_3/14 "/>
</bind>
</comp>

<comp id="1363" class="1004" name="icmp_ln306_fu_1363">
<pin_list>
<pin id="1364" dir="0" index="0" bw="29" slack="0"/>
<pin id="1365" dir="0" index="1" bw="29" slack="0"/>
<pin id="1366" dir="1" index="2" bw="1" slack="0"/>
</pin_list>
<bind>
<opcode="icmp(45) " fcode="icmp"/>
<opset="icmp_ln306/14 "/>
</bind>
</comp>

<comp id="1369" class="1004" name="or_ln306_fu_1369">
<pin_list>
<pin id="1370" dir="0" index="0" bw="1" slack="0"/>
<pin id="1371" dir="0" index="1" bw="1" slack="0"/>
<pin id="1372" dir="1" index="2" bw="1" slack="0"/>
</pin_list>
<bind>
<opcode="or(24) " fcode="or"/>
<opset="or_ln306/14 "/>
</bind>
</comp>

<comp id="1375" class="1004" name="empty_fu_1375">
<pin_list>
<pin id="1376" dir="0" index="0" bw="32" slack="0"/>
<pin id="1377" dir="1" index="1" bw="8" slack="0"/>
</pin_list>
<bind>
<opcode="trunc(33) " fcode="trunc"/>
<opset="empty/14 "/>
</bind>
</comp>

<comp id="1379" class="1004" name="select_ln282_fu_1379">
<pin_list>
<pin id="1380" dir="0" index="0" bw="1" slack="2"/>
<pin id="1381" dir="0" index="1" bw="8" slack="0"/>
<pin id="1382" dir="0" index="2" bw="8" slack="0"/>
<pin id="1383" dir="1" index="3" bw="8" slack="0"/>
</pin_list>
<bind>
<opcode="select(49) " fcode="select"/>
<opset="select_ln282/14 "/>
</bind>
</comp>

<comp id="1386" class="1004" name="or_ln282_fu_1386">
<pin_list>
<pin id="1387" dir="0" index="0" bw="1" slack="2"/>
<pin id="1388" dir="0" index="1" bw="1" slack="0"/>
<pin id="1389" dir="1" index="2" bw="1" slack="0"/>
</pin_list>
<bind>
<opcode="or(24) " fcode="or"/>
<opset="or_ln282/14 "/>
</bind>
</comp>

<comp id="1391" class="1004" name="results_exp_fu_1391">
<pin_list>
<pin id="1392" dir="0" index="0" bw="1" slack="0"/>
<pin id="1393" dir="0" index="1" bw="8" slack="0"/>
<pin id="1394" dir="0" index="2" bw="8" slack="0"/>
<pin id="1395" dir="1" index="3" bw="8" slack="0"/>
</pin_list>
<bind>
<opcode="select(49) " fcode="select"/>
<opset="results_exp/14 "/>
</bind>
</comp>

<comp id="1399" class="1004" name="results_exp_1_fu_1399">
<pin_list>
<pin id="1400" dir="0" index="0" bw="1" slack="2"/>
<pin id="1401" dir="0" index="1" bw="8" slack="0"/>
<pin id="1402" dir="0" index="2" bw="8" slack="0"/>
<pin id="1403" dir="1" index="3" bw="8" slack="1"/>
</pin_list>
<bind>
<opcode="select(49) " fcode="select"/>
<opset="results_exp_1/14 "/>
</bind>
</comp>

<comp id="1406" class="1004" name="tmp_fu_1406">
<pin_list>
<pin id="1407" dir="0" index="0" bw="23" slack="0"/>
<pin id="1408" dir="0" index="1" bw="32" slack="1"/>
<pin id="1409" dir="0" index="2" bw="4" slack="0"/>
<pin id="1410" dir="0" index="3" bw="6" slack="0"/>
<pin id="1411" dir="1" index="4" bw="23" slack="0"/>
</pin_list>
<bind>
<opcode="partselect(1002) " fcode="partselect"/>
<opset="tmp/15 "/>
</bind>
</comp>

<comp id="1415" class="1004" name="tmp_s_fu_1415">
<pin_list>
<pin id="1416" dir="0" index="0" bw="23" slack="0"/>
<pin id="1417" dir="0" index="1" bw="32" slack="1"/>
<pin id="1418" dir="0" index="2" bw="4" slack="0"/>
<pin id="1419" dir="0" index="3" bw="6" slack="0"/>
<pin id="1420" dir="1" index="4" bw="23" slack="0"/>
</pin_list>
<bind>
<opcode="partselect(1002) " fcode="partselect"/>
<opset="tmp_s/15 "/>
</bind>
</comp>

<comp id="1424" class="1004" name="empty_75_fu_1424">
<pin_list>
<pin id="1425" dir="0" index="0" bw="1" slack="1"/>
<pin id="1426" dir="0" index="1" bw="23" slack="0"/>
<pin id="1427" dir="0" index="2" bw="23" slack="0"/>
<pin id="1428" dir="1" index="3" bw="23" slack="0"/>
</pin_list>
<bind>
<opcode="select(49) " fcode="select"/>
<opset="empty_75/15 "/>
</bind>
</comp>

<comp id="1431" class="1004" name="select_ln282_2_fu_1431">
<pin_list>
<pin id="1432" dir="0" index="0" bw="1" slack="3"/>
<pin id="1433" dir="0" index="1" bw="23" slack="0"/>
<pin id="1434" dir="0" index="2" bw="23" slack="0"/>
<pin id="1435" dir="1" index="3" bw="23" slack="0"/>
</pin_list>
<bind>
<opcode="select(49) " fcode="select"/>
<opset="select_ln282_2/15 "/>
</bind>
</comp>

<comp id="1438" class="1004" name="results_sig_fu_1438">
<pin_list>
<pin id="1439" dir="0" index="0" bw="1" slack="1"/>
<pin id="1440" dir="0" index="1" bw="23" slack="0"/>
<pin id="1441" dir="0" index="2" bw="23" slack="0"/>
<pin id="1442" dir="1" index="3" bw="23" slack="0"/>
</pin_list>
<bind>
<opcode="select(49) " fcode="select"/>
<opset="results_sig/15 "/>
</bind>
</comp>

<comp id="1445" class="1004" name="results_sig_1_fu_1445">
<pin_list>
<pin id="1446" dir="0" index="0" bw="1" slack="3"/>
<pin id="1447" dir="0" index="1" bw="23" slack="0"/>
<pin id="1448" dir="0" index="2" bw="23" slack="0"/>
<pin id="1449" dir="1" index="3" bw="23" slack="0"/>
</pin_list>
<bind>
<opcode="select(49) " fcode="select"/>
<opset="results_sig_1/15 "/>
</bind>
</comp>

<comp id="1452" class="1004" name="t_2_fu_1452">
<pin_list>
<pin id="1453" dir="0" index="0" bw="32" slack="0"/>
<pin id="1454" dir="0" index="1" bw="1" slack="3"/>
<pin id="1455" dir="0" index="2" bw="8" slack="1"/>
<pin id="1456" dir="0" index="3" bw="23" slack="0"/>
<pin id="1457" dir="1" index="4" bw="32" slack="0"/>
</pin_list>
<bind>
<opcode="bitconcatenate(1004) " fcode="bitconcatenate"/>
<opset="t_2/15 "/>
</bind>
</comp>

<comp id="1460" class="1004" name="bitcast_ln327_fu_1460">
<pin_list>
<pin id="1461" dir="0" index="0" bw="32" slack="0"/>
<pin id="1462" dir="1" index="1" bw="32" slack="0"/>
</pin_list>
<bind>
<opcode="bitcast(44) " fcode="bitcast"/>
<opset="bitcast_ln327/15 "/>
</bind>
</comp>

<comp id="1465" class="1004" name="bitcast_ln716_fu_1465">
<pin_list>
<pin id="1466" dir="0" index="0" bw="64" slack="0"/>
<pin id="1467" dir="1" index="1" bw="64" slack="0"/>
</pin_list>
<bind>
<opcode="bitcast(44) " fcode="bitcast"/>
<opset="bitcast_ln716/15 "/>
</bind>
</comp>

<comp id="1469" class="1004" name="trunc_ln37_fu_1469">
<pin_list>
<pin id="1470" dir="0" index="0" bw="64" slack="0"/>
<pin id="1471" dir="1" index="1" bw="63" slack="1"/>
</pin_list>
<bind>
<opcode="trunc(33) " fcode="trunc"/>
<opset="trunc_ln37/15 "/>
</bind>
</comp>

<comp id="1473" class="1004" name="tmp_4_fu_1473">
<pin_list>
<pin id="1474" dir="0" index="0" bw="1" slack="0"/>
<pin id="1475" dir="0" index="1" bw="64" slack="0"/>
<pin id="1476" dir="0" index="2" bw="7" slack="0"/>
<pin id="1477" dir="1" index="3" bw="1" slack="1"/>
</pin_list>
<bind>
<opcode="bitselect(1000) " fcode="bitselect"/>
<opset="tmp_4/15 "/>
</bind>
</comp>

<comp id="1481" class="1004" name="tmp_1_fu_1481">
<pin_list>
<pin id="1482" dir="0" index="0" bw="11" slack="0"/>
<pin id="1483" dir="0" index="1" bw="64" slack="0"/>
<pin id="1484" dir="0" index="2" bw="7" slack="0"/>
<pin id="1485" dir="0" index="3" bw="7" slack="0"/>
<pin id="1486" dir="1" index="4" bw="11" slack="1"/>
</pin_list>
<bind>
<opcode="partselect(1002) " fcode="partselect"/>
<opset="tmp_1/15 "/>
</bind>
</comp>

<comp id="1491" class="1004" name="trunc_ln37_1_fu_1491">
<pin_list>
<pin id="1492" dir="0" index="0" bw="64" slack="0"/>
<pin id="1493" dir="1" index="1" bw="52" slack="1"/>
</pin_list>
<bind>
<opcode="trunc(33) " fcode="trunc"/>
<opset="trunc_ln37_1/15 "/>
</bind>
</comp>

<comp id="1495" class="1004" name="zext_ln37_fu_1495">
<pin_list>
<pin id="1496" dir="0" index="0" bw="11" slack="1"/>
<pin id="1497" dir="1" index="1" bw="12" slack="0"/>
</pin_list>
<bind>
<opcode="zext(34) " fcode="zext"/>
<opset="zext_ln37/16 "/>
</bind>
</comp>

<comp id="1498" class="1004" name="add_ln37_fu_1498">
<pin_list>
<pin id="1499" dir="0" index="0" bw="11" slack="0"/>
<pin id="1500" dir="0" index="1" bw="11" slack="0"/>
<pin id="1501" dir="1" index="2" bw="12" slack="0"/>
</pin_list>
<bind>
<opcode="add(8) " fcode="add"/>
<opset="add_ln37/16 "/>
</bind>
</comp>

<comp id="1504" class="1004" name="zext_ln37_1_cast_fu_1504">
<pin_list>
<pin id="1505" dir="0" index="0" bw="53" slack="0"/>
<pin id="1506" dir="0" index="1" bw="1" slack="0"/>
<pin id="1507" dir="0" index="2" bw="52" slack="1"/>
<pin id="1508" dir="1" index="3" bw="53" slack="0"/>
</pin_list>
<bind>
<opcode="bitconcatenate(1004) " fcode="bitconcatenate"/>
<opset="zext_ln37_1_cast/16 "/>
</bind>
</comp>

<comp id="1511" class="1004" name="zext_ln37_1_fu_1511">
<pin_list>
<pin id="1512" dir="0" index="0" bw="53" slack="0"/>
<pin id="1513" dir="1" index="1" bw="54" slack="0"/>
</pin_list>
<bind>
<opcode="zext(34) " fcode="zext"/>
<opset="zext_ln37_1/16 "/>
</bind>
</comp>

<comp id="1515" class="1004" name="sub_ln37_fu_1515">
<pin_list>
<pin id="1516" dir="0" index="0" bw="1" slack="0"/>
<pin id="1517" dir="0" index="1" bw="53" slack="0"/>
<pin id="1518" dir="1" index="2" bw="54" slack="0"/>
</pin_list>
<bind>
<opcode="sub(10) " fcode="sub"/>
<opset="sub_ln37/16 "/>
</bind>
</comp>

<comp id="1521" class="1004" name="select_ln37_fu_1521">
<pin_list>
<pin id="1522" dir="0" index="0" bw="1" slack="1"/>
<pin id="1523" dir="0" index="1" bw="54" slack="0"/>
<pin id="1524" dir="0" index="2" bw="54" slack="0"/>
<pin id="1525" dir="1" index="3" bw="54" slack="0"/>
</pin_list>
<bind>
<opcode="select(49) " fcode="select"/>
<opset="select_ln37/16 "/>
</bind>
</comp>

<comp id="1528" class="1004" name="icmp_ln37_fu_1528">
<pin_list>
<pin id="1529" dir="0" index="0" bw="63" slack="1"/>
<pin id="1530" dir="0" index="1" bw="63" slack="0"/>
<pin id="1531" dir="1" index="2" bw="1" slack="0"/>
</pin_list>
<bind>
<opcode="icmp(45) " fcode="icmp"/>
<opset="icmp_ln37/16 "/>
</bind>
</comp>

<comp id="1533" class="1004" name="sub_ln37_1_fu_1533">
<pin_list>
<pin id="1534" dir="0" index="0" bw="12" slack="0"/>
<pin id="1535" dir="0" index="1" bw="11" slack="0"/>
<pin id="1536" dir="1" index="2" bw="12" slack="0"/>
</pin_list>
<bind>
<opcode="sub(10) " fcode="sub"/>
<opset="sub_ln37_1/16 "/>
</bind>
</comp>

<comp id="1539" class="1004" name="trunc_ln37_2_fu_1539">
<pin_list>
<pin id="1540" dir="0" index="0" bw="12" slack="0"/>
<pin id="1541" dir="1" index="1" bw="11" slack="0"/>
</pin_list>
<bind>
<opcode="trunc(33) " fcode="trunc"/>
<opset="trunc_ln37_2/16 "/>
</bind>
</comp>

<comp id="1543" class="1004" name="icmp_ln37_1_fu_1543">
<pin_list>
<pin id="1544" dir="0" index="0" bw="12" slack="0"/>
<pin id="1545" dir="0" index="1" bw="12" slack="0"/>
<pin id="1546" dir="1" index="2" bw="1" slack="0"/>
</pin_list>
<bind>
<opcode="icmp(45) " fcode="icmp"/>
<opset="icmp_ln37_1/16 "/>
</bind>
</comp>

<comp id="1549" class="1004" name="add_ln37_1_fu_1549">
<pin_list>
<pin id="1550" dir="0" index="0" bw="12" slack="0"/>
<pin id="1551" dir="0" index="1" bw="5" slack="0"/>
<pin id="1552" dir="1" index="2" bw="12" slack="0"/>
</pin_list>
<bind>
<opcode="add(8) " fcode="add"/>
<opset="add_ln37_1/16 "/>
</bind>
</comp>

<comp id="1555" class="1004" name="trunc_ln37_3_fu_1555">
<pin_list>
<pin id="1556" dir="0" index="0" bw="12" slack="0"/>
<pin id="1557" dir="1" index="1" bw="11" slack="0"/>
</pin_list>
<bind>
<opcode="trunc(33) " fcode="trunc"/>
<opset="trunc_ln37_3/16 "/>
</bind>
</comp>

<comp id="1559" class="1004" name="sub_ln37_2_fu_1559">
<pin_list>
<pin id="1560" dir="0" index="0" bw="6" slack="0"/>
<pin id="1561" dir="0" index="1" bw="11" slack="0"/>
<pin id="1562" dir="1" index="2" bw="11" slack="0"/>
</pin_list>
<bind>
<opcode="sub(10) " fcode="sub"/>
<opset="sub_ln37_2/16 "/>
</bind>
</comp>

<comp id="1565" class="1004" name="select_ln37_1_fu_1565">
<pin_list>
<pin id="1566" dir="0" index="0" bw="1" slack="0"/>
<pin id="1567" dir="0" index="1" bw="11" slack="0"/>
<pin id="1568" dir="0" index="2" bw="11" slack="0"/>
<pin id="1569" dir="1" index="3" bw="11" slack="0"/>
</pin_list>
<bind>
<opcode="select(49) " fcode="select"/>
<opset="select_ln37_1/16 "/>
</bind>
</comp>

<comp id="1573" class="1004" name="zext_ln37_4_fu_1573">
<pin_list>
<pin id="1574" dir="0" index="0" bw="11" slack="0"/>
<pin id="1575" dir="1" index="1" bw="32" slack="0"/>
</pin_list>
<bind>
<opcode="zext(34) " fcode="zext"/>
<opset="zext_ln37_4/16 "/>
</bind>
</comp>

<comp id="1577" class="1004" name="icmp_ln37_2_fu_1577">
<pin_list>
<pin id="1578" dir="0" index="0" bw="12" slack="0"/>
<pin id="1579" dir="0" index="1" bw="12" slack="0"/>
<pin id="1580" dir="1" index="2" bw="1" slack="0"/>
</pin_list>
<bind>
<opcode="icmp(45) " fcode="icmp"/>
<opset="icmp_ln37_2/16 "/>
</bind>
</comp>

<comp id="1583" class="1004" name="trunc_ln37_4_fu_1583">
<pin_list>
<pin id="1584" dir="0" index="0" bw="54" slack="0"/>
<pin id="1585" dir="1" index="1" bw="32" slack="0"/>
</pin_list>
<bind>
<opcode="trunc(33) " fcode="trunc"/>
<opset="trunc_ln37_4/16 "/>
</bind>
</comp>

<comp id="1587" class="1004" name="icmp_ln37_3_fu_1587">
<pin_list>
<pin id="1588" dir="0" index="0" bw="11" slack="0"/>
<pin id="1589" dir="0" index="1" bw="11" slack="0"/>
<pin id="1590" dir="1" index="2" bw="1" slack="0"/>
</pin_list>
<bind>
<opcode="icmp(45) " fcode="icmp"/>
<opset="icmp_ln37_3/16 "/>
</bind>
</comp>

<comp id="1593" class="1004" name="select_ln37_3_fu_1593">
<pin_list>
<pin id="1594" dir="0" index="0" bw="1" slack="1"/>
<pin id="1595" dir="0" index="1" bw="32" slack="0"/>
<pin id="1596" dir="0" index="2" bw="32" slack="0"/>
<pin id="1597" dir="1" index="3" bw="32" slack="0"/>
</pin_list>
<bind>
<opcode="select(49) " fcode="select"/>
<opset="select_ln37_3/16 "/>
</bind>
</comp>

<comp id="1600" class="1004" name="zext_ln37_2_fu_1600">
<pin_list>
<pin id="1601" dir="0" index="0" bw="11" slack="0"/>
<pin id="1602" dir="1" index="1" bw="54" slack="0"/>
</pin_list>
<bind>
<opcode="zext(34) " fcode="zext"/>
<opset="zext_ln37_2/16 "/>
</bind>
</comp>

<comp id="1604" class="1004" name="ashr_ln37_fu_1604">
<pin_list>
<pin id="1605" dir="0" index="0" bw="54" slack="0"/>
<pin id="1606" dir="0" index="1" bw="11" slack="0"/>
<pin id="1607" dir="1" index="2" bw="54" slack="0"/>
</pin_list>
<bind>
<opcode="ashr(22) " fcode="ashr"/>
<opset="ashr_ln37/16 "/>
</bind>
</comp>

<comp id="1610" class="1004" name="trunc_ln37_5_fu_1610">
<pin_list>
<pin id="1611" dir="0" index="0" bw="54" slack="0"/>
<pin id="1612" dir="1" index="1" bw="32" slack="0"/>
</pin_list>
<bind>
<opcode="trunc(33) " fcode="trunc"/>
<opset="trunc_ln37_5/16 "/>
</bind>
</comp>

<comp id="1614" class="1004" name="select_ln37_2_fu_1614">
<pin_list>
<pin id="1615" dir="0" index="0" bw="1" slack="0"/>
<pin id="1616" dir="0" index="1" bw="32" slack="0"/>
<pin id="1617" dir="0" index="2" bw="32" slack="0"/>
<pin id="1618" dir="1" index="3" bw="32" slack="0"/>
</pin_list>
<bind>
<opcode="select(49) " fcode="select"/>
<opset="select_ln37_2/16 "/>
</bind>
</comp>

<comp id="1622" class="1004" name="icmp_ln37_4_fu_1622">
<pin_list>
<pin id="1623" dir="0" index="0" bw="12" slack="0"/>
<pin id="1624" dir="0" index="1" bw="12" slack="0"/>
<pin id="1625" dir="1" index="2" bw="1" slack="0"/>
</pin_list>
<bind>
<opcode="icmp(45) " fcode="icmp"/>
<opset="icmp_ln37_4/16 "/>
</bind>
</comp>

<comp id="1628" class="1004" name="tmp_5_fu_1628">
<pin_list>
<pin id="1629" dir="0" index="0" bw="6" slack="0"/>
<pin id="1630" dir="0" index="1" bw="11" slack="0"/>
<pin id="1631" dir="0" index="2" bw="4" slack="0"/>
<pin id="1632" dir="0" index="3" bw="5" slack="0"/>
<pin id="1633" dir="1" index="4" bw="6" slack="0"/>
</pin_list>
<bind>
<opcode="partselect(1002) " fcode="partselect"/>
<opset="tmp_5/16 "/>
</bind>
</comp>

<comp id="1638" class="1004" name="icmp_ln37_9_fu_1638">
<pin_list>
<pin id="1639" dir="0" index="0" bw="6" slack="0"/>
<pin id="1640" dir="0" index="1" bw="6" slack="0"/>
<pin id="1641" dir="1" index="2" bw="1" slack="0"/>
</pin_list>
<bind>
<opcode="icmp(45) " fcode="icmp"/>
<opset="icmp_ln37_9/16 "/>
</bind>
</comp>

<comp id="1644" class="1004" name="add_ln37_2_fu_1644">
<pin_list>
<pin id="1645" dir="0" index="0" bw="12" slack="0"/>
<pin id="1646" dir="0" index="1" bw="6" slack="0"/>
<pin id="1647" dir="1" index="2" bw="12" slack="0"/>
</pin_list>
<bind>
<opcode="add(8) " fcode="add"/>
<opset="add_ln37_2/16 "/>
</bind>
</comp>

<comp id="1650" class="1004" name="sext_ln37_fu_1650">
<pin_list>
<pin id="1651" dir="0" index="0" bw="12" slack="0"/>
<pin id="1652" dir="1" index="1" bw="32" slack="0"/>
</pin_list>
<bind>
<opcode="sext(35) " fcode="sext"/>
<opset="sext_ln37/16 "/>
</bind>
</comp>

<comp id="1654" class="1004" name="tmp_6_fu_1654">
<pin_list>
<pin id="1655" dir="0" index="0" bw="1" slack="0"/>
<pin id="1656" dir="0" index="1" bw="54" slack="0"/>
<pin id="1657" dir="0" index="2" bw="12" slack="0"/>
<pin id="1658" dir="1" index="3" bw="1" slack="0"/>
</pin_list>
<bind>
<opcode="bitselect(1000) " fcode="bitselect"/>
<opset="tmp_6/16 "/>
</bind>
</comp>

<comp id="1662" class="1004" name="shl_ln37_fu_1662">
<pin_list>
<pin id="1663" dir="0" index="0" bw="32" slack="0"/>
<pin id="1664" dir="0" index="1" bw="11" slack="0"/>
<pin id="1665" dir="1" index="2" bw="32" slack="0"/>
</pin_list>
<bind>
<opcode="shl(20) " fcode="shl"/>
<opset="shl_ln37/16 "/>
</bind>
</comp>

<comp id="1668" class="1004" name="cond63_i_fu_1668">
<pin_list>
<pin id="1669" dir="0" index="0" bw="1" slack="0"/>
<pin id="1670" dir="0" index="1" bw="1" slack="1"/>
<pin id="1671" dir="0" index="2" bw="1" slack="0"/>
<pin id="1672" dir="1" index="3" bw="1" slack="0"/>
</pin_list>
<bind>
<opcode="select(49) " fcode="select"/>
<opset="cond63_i/16 "/>
</bind>
</comp>

<comp id="1675" class="1004" name="icmp_ln37_6_fu_1675">
<pin_list>
<pin id="1676" dir="0" index="0" bw="12" slack="0"/>
<pin id="1677" dir="0" index="1" bw="12" slack="0"/>
<pin id="1678" dir="1" index="2" bw="1" slack="0"/>
</pin_list>
<bind>
<opcode="icmp(45) " fcode="icmp"/>
<opset="icmp_ln37_6/16 "/>
</bind>
</comp>

<comp id="1681" class="1004" name="add_ln37_3_fu_1681">
<pin_list>
<pin id="1682" dir="0" index="0" bw="12" slack="0"/>
<pin id="1683" dir="0" index="1" bw="6" slack="0"/>
<pin id="1684" dir="1" index="2" bw="12" slack="0"/>
</pin_list>
<bind>
<opcode="add(8) " fcode="add"/>
<opset="add_ln37_3/16 "/>
</bind>
</comp>

<comp id="1687" class="1004" name="icmp_ln37_7_fu_1687">
<pin_list>
<pin id="1688" dir="0" index="0" bw="12" slack="0"/>
<pin id="1689" dir="0" index="1" bw="12" slack="0"/>
<pin id="1690" dir="1" index="2" bw="1" slack="0"/>
</pin_list>
<bind>
<opcode="icmp(45) " fcode="icmp"/>
<opset="icmp_ln37_7/16 "/>
</bind>
</comp>

<comp id="1693" class="1004" name="trunc_ln37_6_fu_1693">
<pin_list>
<pin id="1694" dir="0" index="0" bw="12" slack="0"/>
<pin id="1695" dir="1" index="1" bw="6" slack="0"/>
</pin_list>
<bind>
<opcode="trunc(33) " fcode="trunc"/>
<opset="trunc_ln37_6/16 "/>
</bind>
</comp>

<comp id="1697" class="1004" name="sub_ln37_3_fu_1697">
<pin_list>
<pin id="1698" dir="0" index="0" bw="5" slack="0"/>
<pin id="1699" dir="0" index="1" bw="6" slack="0"/>
<pin id="1700" dir="1" index="2" bw="6" slack="0"/>
</pin_list>
<bind>
<opcode="sub(10) " fcode="sub"/>
<opset="sub_ln37_3/16 "/>
</bind>
</comp>

<comp id="1703" class="1004" name="select_ln37_8_fu_1703">
<pin_list>
<pin id="1704" dir="0" index="0" bw="1" slack="0"/>
<pin id="1705" dir="0" index="1" bw="6" slack="0"/>
<pin id="1706" dir="0" index="2" bw="6" slack="0"/>
<pin id="1707" dir="1" index="3" bw="6" slack="0"/>
</pin_list>
<bind>
<opcode="select(49) " fcode="select"/>
<opset="select_ln37_8/16 "/>
</bind>
</comp>

<comp id="1711" class="1004" name="zext_ln37_5_fu_1711">
<pin_list>
<pin id="1712" dir="0" index="0" bw="6" slack="0"/>
<pin id="1713" dir="1" index="1" bw="54" slack="0"/>
</pin_list>
<bind>
<opcode="zext(34) " fcode="zext"/>
<opset="zext_ln37_5/16 "/>
</bind>
</comp>

<comp id="1715" class="1004" name="lshr_ln37_2_fu_1715">
<pin_list>
<pin id="1716" dir="0" index="0" bw="1" slack="0"/>
<pin id="1717" dir="0" index="1" bw="6" slack="0"/>
<pin id="1718" dir="1" index="2" bw="54" slack="0"/>
</pin_list>
<bind>
<opcode="lshr(21) " fcode="lshr"/>
<opset="lshr_ln37_2/16 "/>
</bind>
</comp>

<comp id="1721" class="1004" name="and_ln37_17_fu_1721">
<pin_list>
<pin id="1722" dir="0" index="0" bw="54" slack="0"/>
<pin id="1723" dir="0" index="1" bw="54" slack="0"/>
<pin id="1724" dir="1" index="2" bw="54" slack="0"/>
</pin_list>
<bind>
<opcode="and(23) " fcode="and"/>
<opset="and_ln37_17/16 "/>
</bind>
</comp>

<comp id="1727" class="1004" name="icmp_ln37_8_fu_1727">
<pin_list>
<pin id="1728" dir="0" index="0" bw="54" slack="0"/>
<pin id="1729" dir="0" index="1" bw="54" slack="0"/>
<pin id="1730" dir="1" index="2" bw="1" slack="0"/>
</pin_list>
<bind>
<opcode="icmp(45) " fcode="icmp"/>
<opset="icmp_ln37_8/16 "/>
</bind>
</comp>

<comp id="1733" class="1004" name="cond85_i_fu_1733">
<pin_list>
<pin id="1734" dir="0" index="0" bw="1" slack="0"/>
<pin id="1735" dir="0" index="1" bw="1" slack="0"/>
<pin id="1736" dir="1" index="2" bw="1" slack="0"/>
</pin_list>
<bind>
<opcode="and(23) " fcode="and"/>
<opset="cond85_i/16 "/>
</bind>
</comp>

<comp id="1739" class="1004" name="tmp_7_fu_1739">
<pin_list>
<pin id="1740" dir="0" index="0" bw="1" slack="0"/>
<pin id="1741" dir="0" index="1" bw="32" slack="0"/>
<pin id="1742" dir="0" index="2" bw="6" slack="0"/>
<pin id="1743" dir="1" index="3" bw="1" slack="0"/>
</pin_list>
<bind>
<opcode="bitselect(1000) " fcode="bitselect"/>
<opset="tmp_7/16 "/>
</bind>
</comp>

<comp id="1747" class="1004" name="trunc_ln37_7_fu_1747">
<pin_list>
<pin id="1748" dir="0" index="0" bw="32" slack="0"/>
<pin id="1749" dir="1" index="1" bw="1" slack="0"/>
</pin_list>
<bind>
<opcode="trunc(33) " fcode="trunc"/>
<opset="trunc_ln37_7/16 "/>
</bind>
</comp>

<comp id="1751" class="1004" name="or_ln37_fu_1751">
<pin_list>
<pin id="1752" dir="0" index="0" bw="1" slack="0"/>
<pin id="1753" dir="0" index="1" bw="1" slack="0"/>
<pin id="1754" dir="1" index="2" bw="1" slack="0"/>
</pin_list>
<bind>
<opcode="or(24) " fcode="or"/>
<opset="or_ln37/16 "/>
</bind>
</comp>

<comp id="1757" class="1004" name="and_ln37_fu_1757">
<pin_list>
<pin id="1758" dir="0" index="0" bw="1" slack="0"/>
<pin id="1759" dir="0" index="1" bw="1" slack="0"/>
<pin id="1760" dir="1" index="2" bw="1" slack="0"/>
</pin_list>
<bind>
<opcode="and(23) " fcode="and"/>
<opset="and_ln37/16 "/>
</bind>
</comp>

<comp id="1763" class="1004" name="zext_ln37_3_fu_1763">
<pin_list>
<pin id="1764" dir="0" index="0" bw="1" slack="0"/>
<pin id="1765" dir="1" index="1" bw="32" slack="0"/>
</pin_list>
<bind>
<opcode="zext(34) " fcode="zext"/>
<opset="zext_ln37_3/16 "/>
</bind>
</comp>

<comp id="1767" class="1004" name="add_ln37_4_fu_1767">
<pin_list>
<pin id="1768" dir="0" index="0" bw="32" slack="0"/>
<pin id="1769" dir="0" index="1" bw="1" slack="0"/>
<pin id="1770" dir="1" index="2" bw="32" slack="0"/>
</pin_list>
<bind>
<opcode="add(8) " fcode="add"/>
<opset="add_ln37_4/16 "/>
</bind>
</comp>

<comp id="1773" class="1004" name="tmp_8_fu_1773">
<pin_list>
<pin id="1774" dir="0" index="0" bw="1" slack="0"/>
<pin id="1775" dir="0" index="1" bw="32" slack="0"/>
<pin id="1776" dir="0" index="2" bw="6" slack="0"/>
<pin id="1777" dir="1" index="3" bw="1" slack="0"/>
</pin_list>
<bind>
<opcode="bitselect(1000) " fcode="bitselect"/>
<opset="tmp_8/16 "/>
</bind>
</comp>

<comp id="1781" class="1004" name="xor_ln37_fu_1781">
<pin_list>
<pin id="1782" dir="0" index="0" bw="1" slack="0"/>
<pin id="1783" dir="0" index="1" bw="1" slack="0"/>
<pin id="1784" dir="1" index="2" bw="1" slack="0"/>
</pin_list>
<bind>
<opcode="xor(25) " fcode="xor"/>
<opset="xor_ln37/16 "/>
</bind>
</comp>

<comp id="1787" class="1004" name="xor_ln37_2_fu_1787">
<pin_list>
<pin id="1788" dir="0" index="0" bw="1" slack="0"/>
<pin id="1789" dir="0" index="1" bw="1" slack="0"/>
<pin id="1790" dir="1" index="2" bw="1" slack="0"/>
</pin_list>
<bind>
<opcode="xor(25) " fcode="xor"/>
<opset="xor_ln37_2/16 "/>
</bind>
</comp>

<comp id="1793" class="1004" name="and_ln37_1_fu_1793">
<pin_list>
<pin id="1794" dir="0" index="0" bw="1" slack="0"/>
<pin id="1795" dir="0" index="1" bw="1" slack="0"/>
<pin id="1796" dir="1" index="2" bw="1" slack="0"/>
</pin_list>
<bind>
<opcode="and(23) " fcode="and"/>
<opset="and_ln37_1/16 "/>
</bind>
</comp>

<comp id="1799" class="1004" name="tmp_9_fu_1799">
<pin_list>
<pin id="1800" dir="0" index="0" bw="8" slack="0"/>
<pin id="1801" dir="0" index="1" bw="12" slack="0"/>
<pin id="1802" dir="0" index="2" bw="4" slack="0"/>
<pin id="1803" dir="0" index="3" bw="5" slack="0"/>
<pin id="1804" dir="1" index="4" bw="8" slack="0"/>
</pin_list>
<bind>
<opcode="partselect(1002) " fcode="partselect"/>
<opset="tmp_9/16 "/>
</bind>
</comp>

<comp id="1809" class="1004" name="icmp_ln37_11_fu_1809">
<pin_list>
<pin id="1810" dir="0" index="0" bw="8" slack="0"/>
<pin id="1811" dir="0" index="1" bw="8" slack="0"/>
<pin id="1812" dir="1" index="2" bw="1" slack="0"/>
</pin_list>
<bind>
<opcode="icmp(45) " fcode="icmp"/>
<opset="icmp_ln37_11/16 "/>
</bind>
</comp>

<comp id="1815" class="1004" name="and_ln37_11_fu_1815">
<pin_list>
<pin id="1816" dir="0" index="0" bw="1" slack="0"/>
<pin id="1817" dir="0" index="1" bw="1" slack="0"/>
<pin id="1818" dir="1" index="2" bw="1" slack="0"/>
</pin_list>
<bind>
<opcode="and(23) " fcode="and"/>
<opset="and_ln37_11/16 "/>
</bind>
</comp>

<comp id="1821" class="1004" name="sel_tmp6_fu_1821">
<pin_list>
<pin id="1822" dir="0" index="0" bw="3" slack="0"/>
<pin id="1823" dir="0" index="1" bw="1" slack="0"/>
<pin id="1824" dir="0" index="2" bw="1" slack="0"/>
<pin id="1825" dir="0" index="3" bw="1" slack="0"/>
<pin id="1826" dir="1" index="4" bw="3" slack="0"/>
</pin_list>
<bind>
<opcode="bitconcatenate(1004) " fcode="bitconcatenate"/>
<opset="sel_tmp6/16 "/>
</bind>
</comp>

<comp id="1831" class="1004" name="ref_tmp_i_i_fu_1831">
<pin_list>
<pin id="1832" dir="0" index="0" bw="32" slack="0"/>
<pin id="1833" dir="0" index="1" bw="3" slack="0"/>
<pin id="1834" dir="0" index="2" bw="32" slack="0"/>
<pin id="1835" dir="0" index="3" bw="3" slack="0"/>
<pin id="1836" dir="0" index="4" bw="32" slack="0"/>
<pin id="1837" dir="0" index="5" bw="3" slack="0"/>
<pin id="1838" dir="0" index="6" bw="32" slack="0"/>
<pin id="1839" dir="0" index="7" bw="3" slack="0"/>
<pin id="1840" dir="0" index="8" bw="32" slack="0"/>
<pin id="1841" dir="0" index="9" bw="32" slack="0"/>
<pin id="1842" dir="0" index="10" bw="3" slack="0"/>
<pin id="1843" dir="1" index="11" bw="32" slack="0"/>
</pin_list>
<bind>
<opcode="sparsemux(1197) " fcode="sparsemux"/>
<opset="ref_tmp_i_i/16 "/>
</bind>
</comp>

<comp id="1855" class="1004" name="and_ln37_12_fu_1855">
<pin_list>
<pin id="1856" dir="0" index="0" bw="1" slack="0"/>
<pin id="1857" dir="0" index="1" bw="1" slack="0"/>
<pin id="1858" dir="1" index="2" bw="1" slack="0"/>
</pin_list>
<bind>
<opcode="and(23) " fcode="and"/>
<opset="and_ln37_12/16 "/>
</bind>
</comp>

<comp id="1861" class="1004" name="carry_1_i_fu_1861">
<pin_list>
<pin id="1862" dir="0" index="0" bw="1" slack="0"/>
<pin id="1863" dir="0" index="1" bw="1" slack="0"/>
<pin id="1864" dir="1" index="2" bw="1" slack="0"/>
</pin_list>
<bind>
<opcode="and(23) " fcode="and"/>
<opset="carry_1_i/16 "/>
</bind>
</comp>

<comp id="1867" class="1004" name="select_ln37_9_fu_1867">
<pin_list>
<pin id="1868" dir="0" index="0" bw="1" slack="0"/>
<pin id="1869" dir="0" index="1" bw="12" slack="0"/>
<pin id="1870" dir="0" index="2" bw="12" slack="0"/>
<pin id="1871" dir="1" index="3" bw="12" slack="0"/>
</pin_list>
<bind>
<opcode="select(49) " fcode="select"/>
<opset="select_ln37_9/16 "/>
</bind>
</comp>

<comp id="1875" class="1004" name="add_ln37_5_fu_1875">
<pin_list>
<pin id="1876" dir="0" index="0" bw="3" slack="0"/>
<pin id="1877" dir="0" index="1" bw="12" slack="0"/>
<pin id="1878" dir="1" index="2" bw="12" slack="0"/>
</pin_list>
<bind>
<opcode="add(8) " fcode="add"/>
<opset="add_ln37_5/16 "/>
</bind>
</comp>

<comp id="1881" class="1004" name="tmp_10_fu_1881">
<pin_list>
<pin id="1882" dir="0" index="0" bw="8" slack="0"/>
<pin id="1883" dir="0" index="1" bw="12" slack="0"/>
<pin id="1884" dir="0" index="2" bw="4" slack="0"/>
<pin id="1885" dir="0" index="3" bw="5" slack="0"/>
<pin id="1886" dir="1" index="4" bw="8" slack="0"/>
</pin_list>
<bind>
<opcode="partselect(1002) " fcode="partselect"/>
<opset="tmp_10/16 "/>
</bind>
</comp>

<comp id="1891" class="1004" name="icmp_ln37_16_fu_1891">
<pin_list>
<pin id="1892" dir="0" index="0" bw="8" slack="0"/>
<pin id="1893" dir="0" index="1" bw="8" slack="0"/>
<pin id="1894" dir="1" index="2" bw="1" slack="0"/>
</pin_list>
<bind>
<opcode="icmp(45) " fcode="icmp"/>
<opset="icmp_ln37_16/16 "/>
</bind>
</comp>

<comp id="1897" class="1004" name="add_ln37_6_fu_1897">
<pin_list>
<pin id="1898" dir="0" index="0" bw="12" slack="0"/>
<pin id="1899" dir="0" index="1" bw="6" slack="0"/>
<pin id="1900" dir="1" index="2" bw="12" slack="0"/>
</pin_list>
<bind>
<opcode="add(8) " fcode="add"/>
<opset="add_ln37_6/16 "/>
</bind>
</comp>

<comp id="1903" class="1004" name="sext_ln37_1_fu_1903">
<pin_list>
<pin id="1904" dir="0" index="0" bw="12" slack="0"/>
<pin id="1905" dir="1" index="1" bw="32" slack="0"/>
</pin_list>
<bind>
<opcode="sext(35) " fcode="sext"/>
<opset="sext_ln37_1/16 "/>
</bind>
</comp>

<comp id="1907" class="1004" name="add_ln37_7_fu_1907">
<pin_list>
<pin id="1908" dir="0" index="0" bw="12" slack="0"/>
<pin id="1909" dir="0" index="1" bw="6" slack="0"/>
<pin id="1910" dir="1" index="2" bw="12" slack="0"/>
</pin_list>
<bind>
<opcode="add(8) " fcode="add"/>
<opset="add_ln37_7/16 "/>
</bind>
</comp>

<comp id="1913" class="1004" name="tmp_11_fu_1913">
<pin_list>
<pin id="1914" dir="0" index="0" bw="1" slack="0"/>
<pin id="1915" dir="0" index="1" bw="32" slack="0"/>
<pin id="1916" dir="0" index="2" bw="6" slack="0"/>
<pin id="1917" dir="1" index="3" bw="1" slack="0"/>
</pin_list>
<bind>
<opcode="bitselect(1000) " fcode="bitselect"/>
<opset="tmp_11/16 "/>
</bind>
</comp>

<comp id="1921" class="1004" name="icmp_ln37_10_fu_1921">
<pin_list>
<pin id="1922" dir="0" index="0" bw="12" slack="0"/>
<pin id="1923" dir="0" index="1" bw="12" slack="0"/>
<pin id="1924" dir="1" index="2" bw="1" slack="0"/>
</pin_list>
<bind>
<opcode="icmp(45) " fcode="icmp"/>
<opset="icmp_ln37_10/16 "/>
</bind>
</comp>

<comp id="1927" class="1004" name="tmp_12_fu_1927">
<pin_list>
<pin id="1928" dir="0" index="0" bw="1" slack="0"/>
<pin id="1929" dir="0" index="1" bw="12" slack="0"/>
<pin id="1930" dir="0" index="2" bw="5" slack="0"/>
<pin id="1931" dir="1" index="3" bw="1" slack="0"/>
</pin_list>
<bind>
<opcode="bitselect(1000) " fcode="bitselect"/>
<opset="tmp_12/16 "/>
</bind>
</comp>

<comp id="1935" class="1004" name="xor_ln37_8_fu_1935">
<pin_list>
<pin id="1936" dir="0" index="0" bw="1" slack="0"/>
<pin id="1937" dir="0" index="1" bw="1" slack="0"/>
<pin id="1938" dir="1" index="2" bw="1" slack="0"/>
</pin_list>
<bind>
<opcode="xor(25) " fcode="xor"/>
<opset="xor_ln37_8/16 "/>
</bind>
</comp>

<comp id="1941" class="1004" name="icmp_ln37_12_fu_1941">
<pin_list>
<pin id="1942" dir="0" index="0" bw="12" slack="0"/>
<pin id="1943" dir="0" index="1" bw="12" slack="0"/>
<pin id="1944" dir="1" index="2" bw="1" slack="0"/>
</pin_list>
<bind>
<opcode="icmp(45) " fcode="icmp"/>
<opset="icmp_ln37_12/16 "/>
</bind>
</comp>

<comp id="1947" class="1004" name="tobool130_i_fu_1947">
<pin_list>
<pin id="1948" dir="0" index="0" bw="1" slack="0"/>
<pin id="1949" dir="0" index="1" bw="54" slack="0"/>
<pin id="1950" dir="0" index="2" bw="12" slack="0"/>
<pin id="1951" dir="1" index="3" bw="1" slack="0"/>
</pin_list>
<bind>
<opcode="bitselect(1000) " fcode="bitselect"/>
<opset="tobool130_i/16 "/>
</bind>
</comp>

<comp id="1955" class="1004" name="lD_0_i_fu_1955">
<pin_list>
<pin id="1956" dir="0" index="0" bw="1" slack="0"/>
<pin id="1957" dir="0" index="1" bw="1" slack="0"/>
<pin id="1958" dir="1" index="2" bw="1" slack="0"/>
</pin_list>
<bind>
<opcode="and(23) " fcode="and"/>
<opset="lD_0_i/16 "/>
</bind>
</comp>

<comp id="1961" class="1004" name="icmp_ln37_13_fu_1961">
<pin_list>
<pin id="1962" dir="0" index="0" bw="12" slack="0"/>
<pin id="1963" dir="0" index="1" bw="12" slack="0"/>
<pin id="1964" dir="1" index="2" bw="1" slack="0"/>
</pin_list>
<bind>
<opcode="icmp(45) " fcode="icmp"/>
<opset="icmp_ln37_13/16 "/>
</bind>
</comp>

<comp id="1967" class="1004" name="icmp_ln37_14_fu_1967">
<pin_list>
<pin id="1968" dir="0" index="0" bw="12" slack="0"/>
<pin id="1969" dir="0" index="1" bw="12" slack="0"/>
<pin id="1970" dir="1" index="2" bw="1" slack="0"/>
</pin_list>
<bind>
<opcode="icmp(45) " fcode="icmp"/>
<opset="icmp_ln37_14/16 "/>
</bind>
</comp>

<comp id="1973" class="1004" name="and_ln37_2_fu_1973">
<pin_list>
<pin id="1974" dir="0" index="0" bw="1" slack="1"/>
<pin id="1975" dir="0" index="1" bw="1" slack="0"/>
<pin id="1976" dir="1" index="2" bw="1" slack="0"/>
</pin_list>
<bind>
<opcode="and(23) " fcode="and"/>
<opset="and_ln37_2/16 "/>
</bind>
</comp>

<comp id="1978" class="1004" name="sext_ln37_2_fu_1978">
<pin_list>
<pin id="1979" dir="0" index="0" bw="12" slack="0"/>
<pin id="1980" dir="1" index="1" bw="32" slack="0"/>
</pin_list>
<bind>
<opcode="sext(35) " fcode="sext"/>
<opset="sext_ln37_2/16 "/>
</bind>
</comp>

<comp id="1982" class="1004" name="zext_ln37_6_fu_1982">
<pin_list>
<pin id="1983" dir="0" index="0" bw="12" slack="0"/>
<pin id="1984" dir="1" index="1" bw="54" slack="0"/>
</pin_list>
<bind>
<opcode="zext(34) " fcode="zext"/>
<opset="zext_ln37_6/16 "/>
</bind>
</comp>

<comp id="1986" class="1004" name="lshr_ln37_fu_1986">
<pin_list>
<pin id="1987" dir="0" index="0" bw="54" slack="0"/>
<pin id="1988" dir="0" index="1" bw="32" slack="0"/>
<pin id="1989" dir="1" index="2" bw="54" slack="0"/>
</pin_list>
<bind>
<opcode="lshr(21) " fcode="lshr"/>
<opset="lshr_ln37/16 "/>
</bind>
</comp>

<comp id="1992" class="1004" name="lshr_ln37_1_fu_1992">
<pin_list>
<pin id="1993" dir="0" index="0" bw="1" slack="0"/>
<pin id="1994" dir="0" index="1" bw="32" slack="0"/>
<pin id="1995" dir="1" index="2" bw="54" slack="0"/>
</pin_list>
<bind>
<opcode="lshr(21) " fcode="lshr"/>
<opset="lshr_ln37_1/16 "/>
</bind>
</comp>

<comp id="1998" class="1004" name="icmp_ln37_15_fu_1998">
<pin_list>
<pin id="1999" dir="0" index="0" bw="54" slack="0"/>
<pin id="2000" dir="0" index="1" bw="54" slack="0"/>
<pin id="2001" dir="1" index="2" bw="1" slack="0"/>
</pin_list>
<bind>
<opcode="icmp(45) " fcode="icmp"/>
<opset="icmp_ln37_15/16 "/>
</bind>
</comp>

<comp id="2004" class="1004" name="tmp_13_fu_2004">
<pin_list>
<pin id="2005" dir="0" index="0" bw="1" slack="0"/>
<pin id="2006" dir="0" index="1" bw="12" slack="0"/>
<pin id="2007" dir="0" index="2" bw="5" slack="0"/>
<pin id="2008" dir="1" index="3" bw="1" slack="0"/>
</pin_list>
<bind>
<opcode="bitselect(1000) " fcode="bitselect"/>
<opset="tmp_13/16 "/>
</bind>
</comp>

<comp id="2012" class="1004" name="xor_ln37_9_fu_2012">
<pin_list>
<pin id="2013" dir="0" index="0" bw="1" slack="0"/>
<pin id="2014" dir="0" index="1" bw="1" slack="0"/>
<pin id="2015" dir="1" index="2" bw="1" slack="0"/>
</pin_list>
<bind>
<opcode="xor(25) " fcode="xor"/>
<opset="xor_ln37_9/16 "/>
</bind>
</comp>

<comp id="2018" class="1004" name="Range2_all_ones_1_i_fu_2018">
<pin_list>
<pin id="2019" dir="0" index="0" bw="1" slack="0"/>
<pin id="2020" dir="0" index="1" bw="1" slack="0"/>
<pin id="2021" dir="0" index="2" bw="1" slack="0"/>
<pin id="2022" dir="1" index="3" bw="1" slack="0"/>
</pin_list>
<bind>
<opcode="select(49) " fcode="select"/>
<opset="Range2_all_ones_1_i/16 "/>
</bind>
</comp>

<comp id="2026" class="1004" name="and_ln37_3_fu_2026">
<pin_list>
<pin id="2027" dir="0" index="0" bw="1" slack="0"/>
<pin id="2028" dir="0" index="1" bw="1" slack="0"/>
<pin id="2029" dir="1" index="2" bw="1" slack="0"/>
</pin_list>
<bind>
<opcode="and(23) " fcode="and"/>
<opset="and_ln37_3/16 "/>
</bind>
</comp>

<comp id="2032" class="1004" name="and_ln37_4_fu_2032">
<pin_list>
<pin id="2033" dir="0" index="0" bw="1" slack="0"/>
<pin id="2034" dir="0" index="1" bw="1" slack="0"/>
<pin id="2035" dir="1" index="2" bw="1" slack="0"/>
</pin_list>
<bind>
<opcode="and(23) " fcode="and"/>
<opset="and_ln37_4/16 "/>
</bind>
</comp>

<comp id="2038" class="1004" name="xor_ln37_1_fu_2038">
<pin_list>
<pin id="2039" dir="0" index="0" bw="1" slack="0"/>
<pin id="2040" dir="0" index="1" bw="1" slack="0"/>
<pin id="2041" dir="1" index="2" bw="1" slack="0"/>
</pin_list>
<bind>
<opcode="xor(25) " fcode="xor"/>
<opset="xor_ln37_1/16 "/>
</bind>
</comp>

<comp id="2044" class="1004" name="icmp_ln37_17_fu_2044">
<pin_list>
<pin id="2045" dir="0" index="0" bw="54" slack="0"/>
<pin id="2046" dir="0" index="1" bw="54" slack="0"/>
<pin id="2047" dir="1" index="2" bw="1" slack="0"/>
</pin_list>
<bind>
<opcode="icmp(45) " fcode="icmp"/>
<opset="icmp_ln37_17/16 "/>
</bind>
</comp>

<comp id="2050" class="1004" name="and_ln37_5_fu_2050">
<pin_list>
<pin id="2051" dir="0" index="0" bw="1" slack="0"/>
<pin id="2052" dir="0" index="1" bw="1" slack="0"/>
<pin id="2053" dir="1" index="2" bw="1" slack="0"/>
</pin_list>
<bind>
<opcode="and(23) " fcode="and"/>
<opset="and_ln37_5/16 "/>
</bind>
</comp>

<comp id="2056" class="1004" name="icmp_ln37_18_fu_2056">
<pin_list>
<pin id="2057" dir="0" index="0" bw="12" slack="0"/>
<pin id="2058" dir="0" index="1" bw="12" slack="0"/>
<pin id="2059" dir="1" index="2" bw="1" slack="0"/>
</pin_list>
<bind>
<opcode="icmp(45) " fcode="icmp"/>
<opset="icmp_ln37_18/16 "/>
</bind>
</comp>

<comp id="2062" class="1004" name="select_ln37_6_fu_2062">
<pin_list>
<pin id="2063" dir="0" index="0" bw="1" slack="0"/>
<pin id="2064" dir="0" index="1" bw="1" slack="0"/>
<pin id="2065" dir="0" index="2" bw="1" slack="0"/>
<pin id="2066" dir="1" index="3" bw="1" slack="0"/>
</pin_list>
<bind>
<opcode="select(49) " fcode="select"/>
<opset="select_ln37_6/16 "/>
</bind>
</comp>

<comp id="2070" class="1004" name="select_ln37_7_fu_2070">
<pin_list>
<pin id="2071" dir="0" index="0" bw="1" slack="0"/>
<pin id="2072" dir="0" index="1" bw="1" slack="0"/>
<pin id="2073" dir="0" index="2" bw="1" slack="0"/>
<pin id="2074" dir="1" index="3" bw="1" slack="0"/>
</pin_list>
<bind>
<opcode="select(49) " fcode="select"/>
<opset="select_ln37_7/16 "/>
</bind>
</comp>

<comp id="2078" class="1004" name="Range1_all_ones_2_i_fu_2078">
<pin_list>
<pin id="2079" dir="0" index="0" bw="1" slack="0"/>
<pin id="2080" dir="0" index="1" bw="1" slack="0"/>
<pin id="2081" dir="0" index="2" bw="1" slack="0"/>
<pin id="2082" dir="1" index="3" bw="1" slack="0"/>
</pin_list>
<bind>
<opcode="select(49) " fcode="select"/>
<opset="Range1_all_ones_2_i/16 "/>
</bind>
</comp>

<comp id="2086" class="1004" name="Range1_all_zeros_2_i_fu_2086">
<pin_list>
<pin id="2087" dir="0" index="0" bw="1" slack="0"/>
<pin id="2088" dir="0" index="1" bw="1" slack="0"/>
<pin id="2089" dir="0" index="2" bw="1" slack="0"/>
<pin id="2090" dir="1" index="3" bw="1" slack="0"/>
</pin_list>
<bind>
<opcode="select(49) " fcode="select"/>
<opset="Range1_all_zeros_2_i/16 "/>
</bind>
</comp>

<comp id="2094" class="1004" name="select_ln37_4_fu_2094">
<pin_list>
<pin id="2095" dir="0" index="0" bw="1" slack="0"/>
<pin id="2096" dir="0" index="1" bw="1" slack="0"/>
<pin id="2097" dir="0" index="2" bw="1" slack="0"/>
<pin id="2098" dir="1" index="3" bw="1" slack="0"/>
</pin_list>
<bind>
<opcode="select(49) " fcode="select"/>
<opset="select_ln37_4/16 "/>
</bind>
</comp>

<comp id="2102" class="1004" name="or_ln37_1_fu_2102">
<pin_list>
<pin id="2103" dir="0" index="0" bw="1" slack="0"/>
<pin id="2104" dir="0" index="1" bw="1" slack="0"/>
<pin id="2105" dir="1" index="2" bw="1" slack="0"/>
</pin_list>
<bind>
<opcode="or(24) " fcode="or"/>
<opset="or_ln37_1/16 "/>
</bind>
</comp>

<comp id="2108" class="1004" name="and_ln37_6_fu_2108">
<pin_list>
<pin id="2109" dir="0" index="0" bw="1" slack="0"/>
<pin id="2110" dir="0" index="1" bw="1" slack="0"/>
<pin id="2111" dir="1" index="2" bw="1" slack="0"/>
</pin_list>
<bind>
<opcode="and(23) " fcode="and"/>
<opset="and_ln37_6/16 "/>
</bind>
</comp>

<comp id="2114" class="1004" name="cond189_i_fu_2114">
<pin_list>
<pin id="2115" dir="0" index="0" bw="1" slack="0"/>
<pin id="2116" dir="0" index="1" bw="1" slack="0"/>
<pin id="2117" dir="0" index="2" bw="1" slack="0"/>
<pin id="2118" dir="1" index="3" bw="1" slack="0"/>
</pin_list>
<bind>
<opcode="select(49) " fcode="select"/>
<opset="cond189_i/16 "/>
</bind>
</comp>

<comp id="2122" class="1004" name="and_ln37_7_fu_2122">
<pin_list>
<pin id="2123" dir="0" index="0" bw="1" slack="0"/>
<pin id="2124" dir="0" index="1" bw="1" slack="0"/>
<pin id="2125" dir="1" index="2" bw="1" slack="0"/>
</pin_list>
<bind>
<opcode="and(23) " fcode="and"/>
<opset="and_ln37_7/16 "/>
</bind>
</comp>

<comp id="2128" class="1004" name="xor_ln37_3_fu_2128">
<pin_list>
<pin id="2129" dir="0" index="0" bw="1" slack="0"/>
<pin id="2130" dir="0" index="1" bw="1" slack="0"/>
<pin id="2131" dir="1" index="2" bw="1" slack="0"/>
</pin_list>
<bind>
<opcode="xor(25) " fcode="xor"/>
<opset="xor_ln37_3/16 "/>
</bind>
</comp>

<comp id="2134" class="1004" name="not_icmp_ln37_1062_fu_2134">
<pin_list>
<pin id="2135" dir="0" index="0" bw="1" slack="0"/>
<pin id="2136" dir="0" index="1" bw="1" slack="0"/>
<pin id="2137" dir="1" index="2" bw="1" slack="0"/>
</pin_list>
<bind>
<opcode="xor(25) " fcode="xor"/>
<opset="not_icmp_ln37_1062/16 "/>
</bind>
</comp>

<comp id="2140" class="1004" name="deleted_ones_0_i_fu_2140">
<pin_list>
<pin id="2141" dir="0" index="0" bw="1" slack="0"/>
<pin id="2142" dir="0" index="1" bw="1" slack="0"/>
<pin id="2143" dir="1" index="2" bw="1" slack="0"/>
</pin_list>
<bind>
<opcode="or(24) " fcode="or"/>
<opset="deleted_ones_0_i/16 "/>
</bind>
</comp>

<comp id="2146" class="1004" name="and_ln37_13_fu_2146">
<pin_list>
<pin id="2147" dir="0" index="0" bw="1" slack="0"/>
<pin id="2148" dir="0" index="1" bw="1" slack="1"/>
<pin id="2149" dir="1" index="2" bw="1" slack="0"/>
</pin_list>
<bind>
<opcode="and(23) " fcode="and"/>
<opset="and_ln37_13/16 "/>
</bind>
</comp>

<comp id="2151" class="1004" name="sel_tmp_fu_2151">
<pin_list>
<pin id="2152" dir="0" index="0" bw="2" slack="0"/>
<pin id="2153" dir="0" index="1" bw="1" slack="0"/>
<pin id="2154" dir="0" index="2" bw="1" slack="0"/>
<pin id="2155" dir="1" index="3" bw="2" slack="0"/>
</pin_list>
<bind>
<opcode="bitconcatenate(1004) " fcode="bitconcatenate"/>
<opset="sel_tmp/16 "/>
</bind>
</comp>

<comp id="2159" class="1004" name="neg_src_0_i_fu_2159">
<pin_list>
<pin id="2160" dir="0" index="0" bw="1" slack="0"/>
<pin id="2161" dir="0" index="1" bw="2" slack="0"/>
<pin id="2162" dir="0" index="2" bw="1" slack="0"/>
<pin id="2163" dir="0" index="3" bw="2" slack="0"/>
<pin id="2164" dir="0" index="4" bw="1" slack="0"/>
<pin id="2165" dir="0" index="5" bw="2" slack="0"/>
<pin id="2166" dir="0" index="6" bw="1" slack="0"/>
<pin id="2167" dir="0" index="7" bw="1" slack="0"/>
<pin id="2168" dir="0" index="8" bw="2" slack="0"/>
<pin id="2169" dir="1" index="9" bw="1" slack="0"/>
</pin_list>
<bind>
<opcode="sparsemux(1197) " fcode="sparsemux"/>
<opset="neg_src_0_i/16 "/>
</bind>
</comp>

<comp id="2179" class="1004" name="xor_ln37_4_fu_2179">
<pin_list>
<pin id="2180" dir="0" index="0" bw="1" slack="0"/>
<pin id="2181" dir="0" index="1" bw="1" slack="0"/>
<pin id="2182" dir="1" index="2" bw="1" slack="0"/>
</pin_list>
<bind>
<opcode="xor(25) " fcode="xor"/>
<opset="xor_ln37_4/16 "/>
</bind>
</comp>

<comp id="2185" class="1004" name="and_ln37_14_fu_2185">
<pin_list>
<pin id="2186" dir="0" index="0" bw="1" slack="0"/>
<pin id="2187" dir="0" index="1" bw="1" slack="0"/>
<pin id="2188" dir="1" index="2" bw="1" slack="0"/>
</pin_list>
<bind>
<opcode="and(23) " fcode="and"/>
<opset="and_ln37_14/16 "/>
</bind>
</comp>

<comp id="2191" class="1004" name="or_ln37_2_fu_2191">
<pin_list>
<pin id="2192" dir="0" index="0" bw="1" slack="0"/>
<pin id="2193" dir="0" index="1" bw="1" slack="0"/>
<pin id="2194" dir="1" index="2" bw="1" slack="0"/>
</pin_list>
<bind>
<opcode="or(24) " fcode="or"/>
<opset="or_ln37_2/16 "/>
</bind>
</comp>

<comp id="2197" class="1004" name="xor_ln37_5_fu_2197">
<pin_list>
<pin id="2198" dir="0" index="0" bw="1" slack="1"/>
<pin id="2199" dir="0" index="1" bw="1" slack="0"/>
<pin id="2200" dir="1" index="2" bw="1" slack="0"/>
</pin_list>
<bind>
<opcode="xor(25) " fcode="xor"/>
<opset="xor_ln37_5/16 "/>
</bind>
</comp>

<comp id="2202" class="1004" name="and_ln37_8_fu_2202">
<pin_list>
<pin id="2203" dir="0" index="0" bw="1" slack="0"/>
<pin id="2204" dir="0" index="1" bw="1" slack="0"/>
<pin id="2205" dir="1" index="2" bw="1" slack="0"/>
</pin_list>
<bind>
<opcode="and(23) " fcode="and"/>
<opset="and_ln37_8/16 "/>
</bind>
</comp>

<comp id="2208" class="1004" name="and_ln37_9_fu_2208">
<pin_list>
<pin id="2209" dir="0" index="0" bw="1" slack="0"/>
<pin id="2210" dir="0" index="1" bw="1" slack="0"/>
<pin id="2211" dir="1" index="2" bw="1" slack="0"/>
</pin_list>
<bind>
<opcode="and(23) " fcode="and"/>
<opset="and_ln37_9/16 "/>
</bind>
</comp>

<comp id="2214" class="1004" name="xor_ln37_6_fu_2214">
<pin_list>
<pin id="2215" dir="0" index="0" bw="1" slack="0"/>
<pin id="2216" dir="0" index="1" bw="1" slack="0"/>
<pin id="2217" dir="1" index="2" bw="1" slack="0"/>
</pin_list>
<bind>
<opcode="xor(25) " fcode="xor"/>
<opset="xor_ln37_6/16 "/>
</bind>
</comp>

<comp id="2220" class="1004" name="and_ln37_10_fu_2220">
<pin_list>
<pin id="2221" dir="0" index="0" bw="1" slack="0"/>
<pin id="2222" dir="0" index="1" bw="1" slack="0"/>
<pin id="2223" dir="1" index="2" bw="1" slack="0"/>
</pin_list>
<bind>
<opcode="and(23) " fcode="and"/>
<opset="and_ln37_10/16 "/>
</bind>
</comp>

<comp id="2226" class="1004" name="or_ln37_3_fu_2226">
<pin_list>
<pin id="2227" dir="0" index="0" bw="1" slack="0"/>
<pin id="2228" dir="0" index="1" bw="1" slack="0"/>
<pin id="2229" dir="1" index="2" bw="1" slack="0"/>
</pin_list>
<bind>
<opcode="or(24) " fcode="or"/>
<opset="or_ln37_3/16 "/>
</bind>
</comp>

<comp id="2232" class="1004" name="select_ln37_5_fu_2232">
<pin_list>
<pin id="2233" dir="0" index="0" bw="1" slack="0"/>
<pin id="2234" dir="0" index="1" bw="32" slack="0"/>
<pin id="2235" dir="0" index="2" bw="32" slack="0"/>
<pin id="2236" dir="1" index="3" bw="32" slack="0"/>
</pin_list>
<bind>
<opcode="select(49) " fcode="select"/>
<opset="select_ln37_5/16 "/>
</bind>
</comp>

<comp id="2240" class="1004" name="xor_ln37_7_fu_2240">
<pin_list>
<pin id="2241" dir="0" index="0" bw="1" slack="0"/>
<pin id="2242" dir="0" index="1" bw="1" slack="0"/>
<pin id="2243" dir="1" index="2" bw="1" slack="0"/>
</pin_list>
<bind>
<opcode="xor(25) " fcode="xor"/>
<opset="xor_ln37_7/16 "/>
</bind>
</comp>

<comp id="2246" class="1004" name="and_ln37_15_fu_2246">
<pin_list>
<pin id="2247" dir="0" index="0" bw="1" slack="0"/>
<pin id="2248" dir="0" index="1" bw="1" slack="0"/>
<pin id="2249" dir="1" index="2" bw="1" slack="0"/>
</pin_list>
<bind>
<opcode="and(23) " fcode="and"/>
<opset="and_ln37_15/16 "/>
</bind>
</comp>

<comp id="2252" class="1004" name="and_ln37_16_fu_2252">
<pin_list>
<pin id="2253" dir="0" index="0" bw="1" slack="0"/>
<pin id="2254" dir="0" index="1" bw="1" slack="0"/>
<pin id="2255" dir="1" index="2" bw="1" slack="0"/>
</pin_list>
<bind>
<opcode="and(23) " fcode="and"/>
<opset="and_ln37_16/16 "/>
</bind>
</comp>

<comp id="2258" class="1004" name="sel_tmp1_fu_2258">
<pin_list>
<pin id="2259" dir="0" index="0" bw="2" slack="0"/>
<pin id="2260" dir="0" index="1" bw="1" slack="0"/>
<pin id="2261" dir="0" index="2" bw="1" slack="0"/>
<pin id="2262" dir="1" index="3" bw="2" slack="0"/>
</pin_list>
<bind>
<opcode="bitconcatenate(1004) " fcode="bitconcatenate"/>
<opset="sel_tmp1/16 "/>
</bind>
</comp>

<comp id="2266" class="1004" name="lfo_fu_2266">
<pin_list>
<pin id="2267" dir="0" index="0" bw="32" slack="0"/>
<pin id="2268" dir="0" index="1" bw="2" slack="0"/>
<pin id="2269" dir="0" index="2" bw="32" slack="0"/>
<pin id="2270" dir="0" index="3" bw="2" slack="0"/>
<pin id="2271" dir="0" index="4" bw="32" slack="0"/>
<pin id="2272" dir="0" index="5" bw="2" slack="0"/>
<pin id="2273" dir="0" index="6" bw="32" slack="0"/>
<pin id="2274" dir="0" index="7" bw="32" slack="0"/>
<pin id="2275" dir="0" index="8" bw="2" slack="0"/>
<pin id="2276" dir="1" index="9" bw="32" slack="0"/>
</pin_list>
<bind>
<opcode="sparsemux(1197) " fcode="sparsemux"/>
<opset="lfo/16 "/>
</bind>
</comp>

<comp id="2286" class="1004" name="sext_ln39_fu_2286">
<pin_list>
<pin id="2287" dir="0" index="0" bw="32" slack="0"/>
<pin id="2288" dir="1" index="1" bw="33" slack="0"/>
</pin_list>
<bind>
<opcode="sext(35) " fcode="sext"/>
<opset="sext_ln39/16 "/>
</bind>
</comp>

<comp id="2290" class="1004" name="add_ln39_fu_2290">
<pin_list>
<pin id="2291" dir="0" index="0" bw="32" slack="0"/>
<pin id="2292" dir="0" index="1" bw="18" slack="0"/>
<pin id="2293" dir="1" index="2" bw="33" slack="1"/>
</pin_list>
<bind>
<opcode="add(8) " fcode="add"/>
<opset="add_ln39/16 "/>
</bind>
</comp>

<comp id="2296" class="1004" name="shl_ln_fu_2296">
<pin_list>
<pin id="2297" dir="0" index="0" bw="63" slack="0"/>
<pin id="2298" dir="0" index="1" bw="33" slack="1"/>
<pin id="2299" dir="0" index="2" bw="1" slack="0"/>
<pin id="2300" dir="1" index="3" bw="63" slack="0"/>
</pin_list>
<bind>
<opcode="bitconcatenate(1004) " fcode="bitconcatenate"/>
<opset="shl_ln/17 "/>
</bind>
</comp>

<comp id="2303" class="1004" name="add_ln39_1_fu_2303">
<pin_list>
<pin id="2304" dir="0" index="0" bw="63" slack="0"/>
<pin id="2305" dir="0" index="1" bw="49" slack="0"/>
<pin id="2306" dir="1" index="2" bw="63" slack="0"/>
</pin_list>
<bind>
<opcode="add(8) " fcode="add"/>
<opset="add_ln39_1/17 "/>
</bind>
</comp>

<comp id="2309" class="1004" name="tmp_14_fu_2309">
<pin_list>
<pin id="2310" dir="0" index="0" bw="1" slack="0"/>
<pin id="2311" dir="0" index="1" bw="63" slack="0"/>
<pin id="2312" dir="0" index="2" bw="7" slack="0"/>
<pin id="2313" dir="1" index="3" bw="1" slack="0"/>
</pin_list>
<bind>
<opcode="bitselect(1000) " fcode="bitselect"/>
<opset="tmp_14/17 "/>
</bind>
</comp>

<comp id="2317" class="1004" name="mod_fu_2317">
<pin_list>
<pin id="2318" dir="0" index="0" bw="31" slack="0"/>
<pin id="2319" dir="0" index="1" bw="63" slack="0"/>
<pin id="2320" dir="0" index="2" bw="7" slack="0"/>
<pin id="2321" dir="0" index="3" bw="7" slack="0"/>
<pin id="2322" dir="1" index="4" bw="31" slack="0"/>
</pin_list>
<bind>
<opcode="partselect(1002) " fcode="partselect"/>
<opset="mod/17 "/>
</bind>
</comp>

<comp id="2327" class="1004" name="sext_ln39_1_fu_2327">
<pin_list>
<pin id="2328" dir="0" index="0" bw="31" slack="0"/>
<pin id="2329" dir="1" index="1" bw="32" slack="0"/>
</pin_list>
<bind>
<opcode="sext(35) " fcode="sext"/>
<opset="sext_ln39_1/17 "/>
</bind>
</comp>

<comp id="2331" class="1004" name="tmp_15_fu_2331">
<pin_list>
<pin id="2332" dir="0" index="0" bw="1" slack="0"/>
<pin id="2333" dir="0" index="1" bw="63" slack="0"/>
<pin id="2334" dir="0" index="2" bw="6" slack="0"/>
<pin id="2335" dir="1" index="3" bw="1" slack="0"/>
</pin_list>
<bind>
<opcode="bitselect(1000) " fcode="bitselect"/>
<opset="tmp_15/17 "/>
</bind>
</comp>

<comp id="2339" class="1004" name="trunc_ln39_fu_2339">
<pin_list>
<pin id="2340" dir="0" index="0" bw="63" slack="0"/>
<pin id="2341" dir="1" index="1" bw="31" slack="0"/>
</pin_list>
<bind>
<opcode="trunc(33) " fcode="trunc"/>
<opset="trunc_ln39/17 "/>
</bind>
</comp>

<comp id="2343" class="1004" name="icmp_ln39_fu_2343">
<pin_list>
<pin id="2344" dir="0" index="0" bw="31" slack="0"/>
<pin id="2345" dir="0" index="1" bw="31" slack="0"/>
<pin id="2346" dir="1" index="2" bw="1" slack="0"/>
</pin_list>
<bind>
<opcode="icmp(45) " fcode="icmp"/>
<opset="icmp_ln39/17 "/>
</bind>
</comp>

<comp id="2349" class="1004" name="tmp_16_fu_2349">
<pin_list>
<pin id="2350" dir="0" index="0" bw="1" slack="0"/>
<pin id="2351" dir="0" index="1" bw="63" slack="0"/>
<pin id="2352" dir="0" index="2" bw="7" slack="0"/>
<pin id="2353" dir="1" index="3" bw="1" slack="0"/>
</pin_list>
<bind>
<opcode="bitselect(1000) " fcode="bitselect"/>
<opset="tmp_16/17 "/>
</bind>
</comp>

<comp id="2357" class="1004" name="or_ln39_fu_2357">
<pin_list>
<pin id="2358" dir="0" index="0" bw="1" slack="0"/>
<pin id="2359" dir="0" index="1" bw="1" slack="0"/>
<pin id="2360" dir="1" index="2" bw="1" slack="0"/>
</pin_list>
<bind>
<opcode="or(24) " fcode="or"/>
<opset="or_ln39/17 "/>
</bind>
</comp>

<comp id="2363" class="1004" name="and_ln39_fu_2363">
<pin_list>
<pin id="2364" dir="0" index="0" bw="1" slack="0"/>
<pin id="2365" dir="0" index="1" bw="1" slack="0"/>
<pin id="2366" dir="1" index="2" bw="1" slack="0"/>
</pin_list>
<bind>
<opcode="and(23) " fcode="and"/>
<opset="and_ln39/17 "/>
</bind>
</comp>

<comp id="2369" class="1004" name="zext_ln39_fu_2369">
<pin_list>
<pin id="2370" dir="0" index="0" bw="1" slack="0"/>
<pin id="2371" dir="1" index="1" bw="32" slack="0"/>
</pin_list>
<bind>
<opcode="zext(34) " fcode="zext"/>
<opset="zext_ln39/17 "/>
</bind>
</comp>

<comp id="2373" class="1004" name="mod_1_fu_2373">
<pin_list>
<pin id="2374" dir="0" index="0" bw="31" slack="0"/>
<pin id="2375" dir="0" index="1" bw="1" slack="0"/>
<pin id="2376" dir="1" index="2" bw="32" slack="0"/>
</pin_list>
<bind>
<opcode="add(8) " fcode="add"/>
<opset="mod_1/17 "/>
</bind>
</comp>

<comp id="2379" class="1004" name="tmp_17_fu_2379">
<pin_list>
<pin id="2380" dir="0" index="0" bw="1" slack="0"/>
<pin id="2381" dir="0" index="1" bw="32" slack="0"/>
<pin id="2382" dir="0" index="2" bw="6" slack="0"/>
<pin id="2383" dir="1" index="3" bw="1" slack="0"/>
</pin_list>
<bind>
<opcode="bitselect(1000) " fcode="bitselect"/>
<opset="tmp_17/17 "/>
</bind>
</comp>

<comp id="2387" class="1004" name="xor_ln39_fu_2387">
<pin_list>
<pin id="2388" dir="0" index="0" bw="1" slack="0"/>
<pin id="2389" dir="0" index="1" bw="1" slack="0"/>
<pin id="2390" dir="1" index="2" bw="1" slack="0"/>
</pin_list>
<bind>
<opcode="xor(25) " fcode="xor"/>
<opset="xor_ln39/17 "/>
</bind>
</comp>

<comp id="2393" class="1004" name="or_ln39_2_fu_2393">
<pin_list>
<pin id="2394" dir="0" index="0" bw="1" slack="0"/>
<pin id="2395" dir="0" index="1" bw="1" slack="0"/>
<pin id="2396" dir="1" index="2" bw="1" slack="0"/>
</pin_list>
<bind>
<opcode="or(24) " fcode="or"/>
<opset="or_ln39_2/17 "/>
</bind>
</comp>

<comp id="2399" class="1004" name="xor_ln39_1_fu_2399">
<pin_list>
<pin id="2400" dir="0" index="0" bw="1" slack="0"/>
<pin id="2401" dir="0" index="1" bw="1" slack="0"/>
<pin id="2402" dir="1" index="2" bw="1" slack="0"/>
</pin_list>
<bind>
<opcode="xor(25) " fcode="xor"/>
<opset="xor_ln39_1/17 "/>
</bind>
</comp>

<comp id="2405" class="1004" name="xor_ln39_2_fu_2405">
<pin_list>
<pin id="2406" dir="0" index="0" bw="1" slack="0"/>
<pin id="2407" dir="0" index="1" bw="1" slack="0"/>
<pin id="2408" dir="1" index="2" bw="1" slack="0"/>
</pin_list>
<bind>
<opcode="xor(25) " fcode="xor"/>
<opset="xor_ln39_2/17 "/>
</bind>
</comp>

<comp id="2411" class="1004" name="or_ln39_1_fu_2411">
<pin_list>
<pin id="2412" dir="0" index="0" bw="1" slack="0"/>
<pin id="2413" dir="0" index="1" bw="1" slack="0"/>
<pin id="2414" dir="1" index="2" bw="1" slack="0"/>
</pin_list>
<bind>
<opcode="or(24) " fcode="or"/>
<opset="or_ln39_1/17 "/>
</bind>
</comp>

<comp id="2417" class="1004" name="and_ln39_1_fu_2417">
<pin_list>
<pin id="2418" dir="0" index="0" bw="1" slack="0"/>
<pin id="2419" dir="0" index="1" bw="1" slack="0"/>
<pin id="2420" dir="1" index="2" bw="1" slack="0"/>
</pin_list>
<bind>
<opcode="and(23) " fcode="and"/>
<opset="and_ln39_1/17 "/>
</bind>
</comp>

<comp id="2423" class="1004" name="mod_2_fu_2423">
<pin_list>
<pin id="2424" dir="0" index="0" bw="1" slack="0"/>
<pin id="2425" dir="0" index="1" bw="32" slack="0"/>
<pin id="2426" dir="0" index="2" bw="32" slack="0"/>
<pin id="2427" dir="1" index="3" bw="32" slack="0"/>
</pin_list>
<bind>
<opcode="select(49) " fcode="select"/>
<opset="mod_2/17 "/>
</bind>
</comp>

<comp id="2431" class="1004" name="sext_ln40_fu_2431">
<pin_list>
<pin id="2432" dir="0" index="0" bw="32" slack="0"/>
<pin id="2433" dir="1" index="1" bw="63" slack="0"/>
</pin_list>
<bind>
<opcode="sext(35) " fcode="sext"/>
<opset="sext_ln40/17 "/>
</bind>
</comp>

<comp id="2436" class="1004" name="sext_ln40_1_fu_2436">
<pin_list>
<pin id="2437" dir="0" index="0" bw="32" slack="16"/>
<pin id="2438" dir="1" index="1" bw="63" slack="0"/>
</pin_list>
<bind>
<opcode="sext(35) " fcode="sext"/>
<opset="sext_ln40_1/17 "/>
</bind>
</comp>

<comp id="2440" class="1004" name="sext_ln40_2_fu_2440">
<pin_list>
<pin id="2441" dir="0" index="0" bw="63" slack="0"/>
<pin id="2442" dir="1" index="1" bw="64" slack="0"/>
</pin_list>
<bind>
<opcode="sext(35) " fcode="sext"/>
<opset="sext_ln40_2/17 "/>
</bind>
</comp>

<comp id="2444" class="1004" name="tmp_21_fu_2444">
<pin_list>
<pin id="2445" dir="0" index="0" bw="31" slack="0"/>
<pin id="2446" dir="0" index="1" bw="63" slack="0"/>
<pin id="2447" dir="0" index="2" bw="7" slack="0"/>
<pin id="2448" dir="0" index="3" bw="7" slack="0"/>
<pin id="2449" dir="1" index="4" bw="31" slack="0"/>
</pin_list>
<bind>
<opcode="partselect(1002) " fcode="partselect"/>
<opset="tmp_21/17 "/>
</bind>
</comp>

<comp id="2454" class="1004" name="sext_ln40_3_fu_2454">
<pin_list>
<pin id="2455" dir="0" index="0" bw="31" slack="0"/>
<pin id="2456" dir="1" index="1" bw="32" slack="0"/>
</pin_list>
<bind>
<opcode="sext(35) " fcode="sext"/>
<opset="sext_ln40_3/17 "/>
</bind>
</comp>

<comp id="2458" class="1004" name="tmp_22_fu_2458">
<pin_list>
<pin id="2459" dir="0" index="0" bw="1" slack="0"/>
<pin id="2460" dir="0" index="1" bw="63" slack="0"/>
<pin id="2461" dir="0" index="2" bw="7" slack="0"/>
<pin id="2462" dir="1" index="3" bw="1" slack="0"/>
</pin_list>
<bind>
<opcode="bitselect(1000) " fcode="bitselect"/>
<opset="tmp_22/17 "/>
</bind>
</comp>

<comp id="2466" class="1004" name="trunc_ln40_fu_2466">
<pin_list>
<pin id="2467" dir="0" index="0" bw="63" slack="0"/>
<pin id="2468" dir="1" index="1" bw="32" slack="0"/>
</pin_list>
<bind>
<opcode="trunc(33) " fcode="trunc"/>
<opset="trunc_ln40/17 "/>
</bind>
</comp>

<comp id="2470" class="1004" name="icmp_ln40_2_fu_2470">
<pin_list>
<pin id="2471" dir="0" index="0" bw="32" slack="0"/>
<pin id="2472" dir="0" index="1" bw="32" slack="0"/>
<pin id="2473" dir="1" index="2" bw="1" slack="0"/>
</pin_list>
<bind>
<opcode="icmp(45) " fcode="icmp"/>
<opset="icmp_ln40_2/17 "/>
</bind>
</comp>

<comp id="2476" class="1004" name="add_ln40_fu_2476">
<pin_list>
<pin id="2477" dir="0" index="0" bw="31" slack="0"/>
<pin id="2478" dir="0" index="1" bw="1" slack="0"/>
<pin id="2479" dir="1" index="2" bw="32" slack="0"/>
</pin_list>
<bind>
<opcode="add(8) " fcode="add"/>
<opset="add_ln40/17 "/>
</bind>
</comp>

<comp id="2482" class="1004" name="select_ln40_2_fu_2482">
<pin_list>
<pin id="2483" dir="0" index="0" bw="1" slack="0"/>
<pin id="2484" dir="0" index="1" bw="32" slack="0"/>
<pin id="2485" dir="0" index="2" bw="32" slack="0"/>
<pin id="2486" dir="1" index="3" bw="32" slack="0"/>
</pin_list>
<bind>
<opcode="select(49) " fcode="select"/>
<opset="select_ln40_2/17 "/>
</bind>
</comp>

<comp id="2490" class="1004" name="ref_tmp_i_0_fu_2490">
<pin_list>
<pin id="2491" dir="0" index="0" bw="1" slack="0"/>
<pin id="2492" dir="0" index="1" bw="32" slack="0"/>
<pin id="2493" dir="0" index="2" bw="32" slack="0"/>
<pin id="2494" dir="1" index="3" bw="32" slack="2147483647"/>
</pin_list>
<bind>
<opcode="select(49) " fcode="select"/>
<opset="ref_tmp_i_0/17 "/>
</bind>
</comp>

<comp id="2498" class="1005" name="count_read_reg_2498">
<pin_list>
<pin id="2499" dir="0" index="0" bw="32" slack="1"/>
<pin id="2500" dir="1" index="1" bw="32" slack="1"/>
</pin_list>
<bind>
<opset="count_read "/>
</bind>
</comp>

<comp id="2503" class="1005" name="select_ln40_1_reg_2503">
<pin_list>
<pin id="2504" dir="0" index="0" bw="32" slack="16"/>
<pin id="2505" dir="1" index="1" bw="32" slack="16"/>
</pin_list>
<bind>
<opset="select_ln40_1 "/>
</bind>
</comp>

<comp id="2508" class="1005" name="conv1_reg_2508">
<pin_list>
<pin id="2509" dir="0" index="0" bw="32" slack="1"/>
<pin id="2510" dir="1" index="1" bw="32" slack="1"/>
</pin_list>
<bind>
<opset="conv1 "/>
</bind>
</comp>

<comp id="2513" class="1005" name="div_reg_2513">
<pin_list>
<pin id="2514" dir="0" index="0" bw="32" slack="1"/>
<pin id="2515" dir="1" index="1" bw="32" slack="1"/>
</pin_list>
<bind>
<opset="div "/>
</bind>
</comp>

<comp id="2518" class="1005" name="din_sign_reg_2518">
<pin_list>
<pin id="2519" dir="0" index="0" bw="1" slack="1"/>
<pin id="2520" dir="1" index="1" bw="1" slack="1"/>
</pin_list>
<bind>
<opset="din_sign "/>
</bind>
</comp>

<comp id="2524" class="1005" name="din_exp_reg_2524">
<pin_list>
<pin id="2525" dir="0" index="0" bw="8" slack="1"/>
<pin id="2526" dir="1" index="1" bw="8" slack="1"/>
</pin_list>
<bind>
<opset="din_exp "/>
</bind>
</comp>

<comp id="2531" class="1005" name="din_sig_reg_2531">
<pin_list>
<pin id="2532" dir="0" index="0" bw="23" slack="1"/>
<pin id="2533" dir="1" index="1" bw="23" slack="1"/>
</pin_list>
<bind>
<opset="din_sig "/>
</bind>
</comp>

<comp id="2537" class="1005" name="closepath_reg_2537">
<pin_list>
<pin id="2538" dir="0" index="0" bw="1" slack="1"/>
<pin id="2539" dir="1" index="1" bw="1" slack="1"/>
</pin_list>
<bind>
<opset="closepath "/>
</bind>
</comp>

<comp id="2543" class="1005" name="ref_4oPi_table_100_addr_reg_2543">
<pin_list>
<pin id="2544" dir="0" index="0" bw="4" slack="1"/>
<pin id="2545" dir="1" index="1" bw="4" slack="1"/>
</pin_list>
<bind>
<opset="ref_4oPi_table_100_addr "/>
</bind>
</comp>

<comp id="2548" class="1005" name="trunc_ln379_reg_2548">
<pin_list>
<pin id="2549" dir="0" index="0" bw="4" slack="1"/>
<pin id="2550" dir="1" index="1" bw="4" slack="1"/>
</pin_list>
<bind>
<opset="trunc_ln379 "/>
</bind>
</comp>

<comp id="2553" class="1005" name="Mx_reg_2553">
<pin_list>
<pin id="2554" dir="0" index="0" bw="29" slack="1"/>
<pin id="2555" dir="1" index="1" bw="29" slack="1"/>
</pin_list>
<bind>
<opset="Mx "/>
</bind>
</comp>

<comp id="2559" class="1005" name="Ex_1_reg_2559">
<pin_list>
<pin id="2560" dir="0" index="0" bw="8" slack="1"/>
<pin id="2561" dir="1" index="1" bw="8" slack="1"/>
</pin_list>
<bind>
<opset="Ex_1 "/>
</bind>
</comp>

<comp id="2566" class="1005" name="tmp_2_reg_2566">
<pin_list>
<pin id="2567" dir="0" index="0" bw="1" slack="1"/>
<pin id="2568" dir="1" index="1" bw="1" slack="1"/>
</pin_list>
<bind>
<opset="tmp_2 "/>
</bind>
</comp>

<comp id="2572" class="1005" name="cos_basis_reg_2572">
<pin_list>
<pin id="2573" dir="0" index="0" bw="1" slack="1"/>
<pin id="2574" dir="1" index="1" bw="1" slack="1"/>
</pin_list>
<bind>
<opset="cos_basis "/>
</bind>
</comp>

<comp id="2579" class="1005" name="and_ln271_reg_2579">
<pin_list>
<pin id="2580" dir="0" index="0" bw="1" slack="2"/>
<pin id="2581" dir="1" index="1" bw="1" slack="2"/>
</pin_list>
<bind>
<opset="and_ln271 "/>
</bind>
</comp>

<comp id="2585" class="1005" name="icmp_ln282_reg_2585">
<pin_list>
<pin id="2586" dir="0" index="0" bw="1" slack="2"/>
<pin id="2587" dir="1" index="1" bw="1" slack="2"/>
</pin_list>
<bind>
<opset="icmp_ln282 "/>
</bind>
</comp>

<comp id="2592" class="1005" name="results_sign_2_reg_2592">
<pin_list>
<pin id="2593" dir="0" index="0" bw="1" slack="3"/>
<pin id="2594" dir="1" index="1" bw="1" slack="3"/>
</pin_list>
<bind>
<opset="results_sign_2 "/>
</bind>
</comp>

<comp id="2597" class="1005" name="B_reg_2597">
<pin_list>
<pin id="2598" dir="0" index="0" bw="22" slack="1"/>
<pin id="2599" dir="1" index="1" bw="22" slack="1"/>
</pin_list>
<bind>
<opset="B "/>
</bind>
</comp>

<comp id="2602" class="1005" name="B_squared_reg_2602">
<pin_list>
<pin id="2603" dir="0" index="0" bw="15" slack="1"/>
<pin id="2604" dir="1" index="1" bw="15" slack="1"/>
</pin_list>
<bind>
<opset="B_squared "/>
</bind>
</comp>

<comp id="2607" class="1005" name="second_order_float_sin_cos_K0_addr_reg_2607">
<pin_list>
<pin id="2608" dir="0" index="0" bw="8" slack="1"/>
<pin id="2609" dir="1" index="1" bw="8" slack="1"/>
</pin_list>
<bind>
<opset="second_order_float_sin_cos_K0_addr "/>
</bind>
</comp>

<comp id="2612" class="1005" name="second_order_float_sin_cos_K1_addr_reg_2612">
<pin_list>
<pin id="2613" dir="0" index="0" bw="8" slack="1"/>
<pin id="2614" dir="1" index="1" bw="8" slack="1"/>
</pin_list>
<bind>
<opset="second_order_float_sin_cos_K1_addr "/>
</bind>
</comp>

<comp id="2617" class="1005" name="second_order_float_sin_cos_K2_addr_reg_2617">
<pin_list>
<pin id="2618" dir="0" index="0" bw="8" slack="1"/>
<pin id="2619" dir="1" index="1" bw="8" slack="1"/>
</pin_list>
<bind>
<opset="second_order_float_sin_cos_K2_addr "/>
</bind>
</comp>

<comp id="2622" class="1005" name="shl_ln291_reg_2622">
<pin_list>
<pin id="2623" dir="0" index="0" bw="32" slack="1"/>
<pin id="2624" dir="1" index="1" bw="32" slack="1"/>
</pin_list>
<bind>
<opset="shl_ln291 "/>
</bind>
</comp>

<comp id="2627" class="1005" name="icmp_ln292_reg_2627">
<pin_list>
<pin id="2628" dir="0" index="0" bw="1" slack="1"/>
<pin id="2629" dir="1" index="1" bw="1" slack="1"/>
</pin_list>
<bind>
<opset="icmp_ln292 "/>
</bind>
</comp>

<comp id="2632" class="1005" name="shl_ln291_1_reg_2632">
<pin_list>
<pin id="2633" dir="0" index="0" bw="32" slack="1"/>
<pin id="2634" dir="1" index="1" bw="32" slack="1"/>
</pin_list>
<bind>
<opset="shl_ln291_1 "/>
</bind>
</comp>

<comp id="2637" class="1005" name="or_ln282_reg_2637">
<pin_list>
<pin id="2638" dir="0" index="0" bw="1" slack="1"/>
<pin id="2639" dir="1" index="1" bw="1" slack="1"/>
</pin_list>
<bind>
<opset="or_ln282 "/>
</bind>
</comp>

<comp id="2642" class="1005" name="results_exp_1_reg_2642">
<pin_list>
<pin id="2643" dir="0" index="0" bw="8" slack="1"/>
<pin id="2644" dir="1" index="1" bw="8" slack="1"/>
</pin_list>
<bind>
<opset="results_exp_1 "/>
</bind>
</comp>

<comp id="2647" class="1005" name="trunc_ln37_reg_2647">
<pin_list>
<pin id="2648" dir="0" index="0" bw="63" slack="1"/>
<pin id="2649" dir="1" index="1" bw="63" slack="1"/>
</pin_list>
<bind>
<opset="trunc_ln37 "/>
</bind>
</comp>

<comp id="2652" class="1005" name="tmp_4_reg_2652">
<pin_list>
<pin id="2653" dir="0" index="0" bw="1" slack="1"/>
<pin id="2654" dir="1" index="1" bw="1" slack="1"/>
</pin_list>
<bind>
<opset="tmp_4 "/>
</bind>
</comp>

<comp id="2662" class="1005" name="tmp_1_reg_2662">
<pin_list>
<pin id="2663" dir="0" index="0" bw="11" slack="1"/>
<pin id="2664" dir="1" index="1" bw="11" slack="1"/>
</pin_list>
<bind>
<opset="tmp_1 "/>
</bind>
</comp>

<comp id="2667" class="1005" name="trunc_ln37_1_reg_2667">
<pin_list>
<pin id="2668" dir="0" index="0" bw="52" slack="1"/>
<pin id="2669" dir="1" index="1" bw="52" slack="1"/>
</pin_list>
<bind>
<opset="trunc_ln37_1 "/>
</bind>
</comp>

<comp id="2672" class="1005" name="add_ln39_reg_2672">
<pin_list>
<pin id="2673" dir="0" index="0" bw="33" slack="1"/>
<pin id="2674" dir="1" index="1" bw="33" slack="1"/>
</pin_list>
<bind>
<opset="add_ln39 "/>
</bind>
</comp>

</comp_list>

<net_list>
<net id="332"><net_src comp="12" pin="0"/><net_sink comp="328" pin=0"/></net>

<net id="333"><net_src comp="2" pin="0"/><net_sink comp="328" pin=1"/></net>

<net id="338"><net_src comp="12" pin="0"/><net_sink comp="334" pin=0"/></net>

<net id="339"><net_src comp="0" pin="0"/><net_sink comp="334" pin=1"/></net>

<net id="345"><net_src comp="4" pin="0"/><net_sink comp="340" pin=0"/></net>

<net id="346"><net_src comp="56" pin="0"/><net_sink comp="340" pin=1"/></net>

<net id="352"><net_src comp="340" pin="3"/><net_sink comp="347" pin=0"/></net>

<net id="358"><net_src comp="6" pin="0"/><net_sink comp="353" pin=0"/></net>

<net id="359"><net_src comp="56" pin="0"/><net_sink comp="353" pin=1"/></net>

<net id="365"><net_src comp="353" pin="3"/><net_sink comp="360" pin=0"/></net>

<net id="371"><net_src comp="8" pin="0"/><net_sink comp="366" pin=0"/></net>

<net id="372"><net_src comp="56" pin="0"/><net_sink comp="366" pin=1"/></net>

<net id="378"><net_src comp="366" pin="3"/><net_sink comp="373" pin=0"/></net>

<net id="384"><net_src comp="10" pin="0"/><net_sink comp="379" pin=0"/></net>

<net id="385"><net_src comp="56" pin="0"/><net_sink comp="379" pin=1"/></net>

<net id="391"><net_src comp="379" pin="3"/><net_sink comp="386" pin=0"/></net>

<net id="396"><net_src comp="36" pin="0"/><net_sink comp="392" pin=1"/></net>

<net id="401"><net_src comp="34" pin="0"/><net_sink comp="397" pin=1"/></net>

<net id="405"><net_src comp="328" pin="2"/><net_sink comp="402" pin=0"/></net>

<net id="430"><net_src comp="14" pin="0"/><net_sink comp="425" pin=0"/></net>

<net id="431"><net_src comp="334" pin="2"/><net_sink comp="425" pin=1"/></net>

<net id="432"><net_src comp="16" pin="0"/><net_sink comp="425" pin=2"/></net>

<net id="437"><net_src comp="334" pin="2"/><net_sink comp="433" pin=0"/></net>

<net id="438"><net_src comp="18" pin="0"/><net_sink comp="433" pin=1"/></net>

<net id="444"><net_src comp="14" pin="0"/><net_sink comp="439" pin=0"/></net>

<net id="445"><net_src comp="334" pin="2"/><net_sink comp="439" pin=1"/></net>

<net id="446"><net_src comp="20" pin="0"/><net_sink comp="439" pin=2"/></net>

<net id="453"><net_src comp="22" pin="0"/><net_sink comp="447" pin=0"/></net>

<net id="454"><net_src comp="334" pin="2"/><net_sink comp="447" pin=1"/></net>

<net id="455"><net_src comp="18" pin="0"/><net_sink comp="447" pin=2"/></net>

<net id="456"><net_src comp="16" pin="0"/><net_sink comp="447" pin=3"/></net>

<net id="461"><net_src comp="447" pin="4"/><net_sink comp="457" pin=0"/></net>

<net id="462"><net_src comp="24" pin="0"/><net_sink comp="457" pin=1"/></net>

<net id="467"><net_src comp="439" pin="3"/><net_sink comp="463" pin=0"/></net>

<net id="468"><net_src comp="457" pin="2"/><net_sink comp="463" pin=1"/></net>

<net id="473"><net_src comp="425" pin="3"/><net_sink comp="469" pin=0"/></net>

<net id="474"><net_src comp="26" pin="0"/><net_sink comp="469" pin=1"/></net>

<net id="479"><net_src comp="463" pin="2"/><net_sink comp="475" pin=0"/></net>

<net id="480"><net_src comp="469" pin="2"/><net_sink comp="475" pin=1"/></net>

<net id="485"><net_src comp="439" pin="3"/><net_sink comp="481" pin=0"/></net>

<net id="486"><net_src comp="26" pin="0"/><net_sink comp="481" pin=1"/></net>

<net id="491"><net_src comp="447" pin="4"/><net_sink comp="487" pin=0"/></net>

<net id="492"><net_src comp="28" pin="0"/><net_sink comp="487" pin=1"/></net>

<net id="497"><net_src comp="487" pin="2"/><net_sink comp="493" pin=0"/></net>

<net id="498"><net_src comp="481" pin="2"/><net_sink comp="493" pin=1"/></net>

<net id="503"><net_src comp="493" pin="2"/><net_sink comp="499" pin=0"/></net>

<net id="504"><net_src comp="425" pin="3"/><net_sink comp="499" pin=1"/></net>

<net id="510"><net_src comp="475" pin="2"/><net_sink comp="505" pin=0"/></net>

<net id="511"><net_src comp="30" pin="0"/><net_sink comp="505" pin=1"/></net>

<net id="512"><net_src comp="32" pin="0"/><net_sink comp="505" pin=2"/></net>

<net id="517"><net_src comp="475" pin="2"/><net_sink comp="513" pin=0"/></net>

<net id="518"><net_src comp="499" pin="2"/><net_sink comp="513" pin=1"/></net>

<net id="524"><net_src comp="513" pin="2"/><net_sink comp="519" pin=0"/></net>

<net id="525"><net_src comp="505" pin="3"/><net_sink comp="519" pin=1"/></net>

<net id="526"><net_src comp="433" pin="2"/><net_sink comp="519" pin=2"/></net>

<net id="530"><net_src comp="392" pin="2"/><net_sink comp="527" pin=0"/></net>

<net id="536"><net_src comp="14" pin="0"/><net_sink comp="531" pin=0"/></net>

<net id="537"><net_src comp="527" pin="1"/><net_sink comp="531" pin=1"/></net>

<net id="538"><net_src comp="16" pin="0"/><net_sink comp="531" pin=2"/></net>

<net id="545"><net_src comp="38" pin="0"/><net_sink comp="539" pin=0"/></net>

<net id="546"><net_src comp="527" pin="1"/><net_sink comp="539" pin=1"/></net>

<net id="547"><net_src comp="40" pin="0"/><net_sink comp="539" pin=2"/></net>

<net id="548"><net_src comp="42" pin="0"/><net_sink comp="539" pin=3"/></net>

<net id="552"><net_src comp="527" pin="1"/><net_sink comp="549" pin=0"/></net>

<net id="557"><net_src comp="539" pin="4"/><net_sink comp="553" pin=0"/></net>

<net id="558"><net_src comp="44" pin="0"/><net_sink comp="553" pin=1"/></net>

<net id="563"><net_src comp="539" pin="4"/><net_sink comp="559" pin=0"/></net>

<net id="564"><net_src comp="46" pin="0"/><net_sink comp="559" pin=1"/></net>

<net id="570"><net_src comp="553" pin="2"/><net_sink comp="565" pin=0"/></net>

<net id="571"><net_src comp="48" pin="0"/><net_sink comp="565" pin=1"/></net>

<net id="572"><net_src comp="559" pin="2"/><net_sink comp="565" pin=2"/></net>

<net id="579"><net_src comp="50" pin="0"/><net_sink comp="573" pin=0"/></net>

<net id="580"><net_src comp="565" pin="3"/><net_sink comp="573" pin=1"/></net>

<net id="581"><net_src comp="52" pin="0"/><net_sink comp="573" pin=2"/></net>

<net id="582"><net_src comp="54" pin="0"/><net_sink comp="573" pin=3"/></net>

<net id="586"><net_src comp="573" pin="4"/><net_sink comp="583" pin=0"/></net>

<net id="587"><net_src comp="583" pin="1"/><net_sink comp="340" pin=2"/></net>

<net id="591"><net_src comp="565" pin="3"/><net_sink comp="588" pin=0"/></net>

<net id="596"><net_src comp="58" pin="0"/><net_sink comp="592" pin=1"/></net>

<net id="602"><net_src comp="592" pin="2"/><net_sink comp="597" pin=1"/></net>

<net id="603"><net_src comp="60" pin="0"/><net_sink comp="597" pin=2"/></net>

<net id="609"><net_src comp="62" pin="0"/><net_sink comp="604" pin=0"/></net>

<net id="610"><net_src comp="26" pin="0"/><net_sink comp="604" pin=1"/></net>

<net id="618"><net_src comp="347" pin="3"/><net_sink comp="614" pin=0"/></net>

<net id="619"><net_src comp="611" pin="1"/><net_sink comp="614" pin=1"/></net>

<net id="626"><net_src comp="64" pin="0"/><net_sink comp="620" pin=0"/></net>

<net id="627"><net_src comp="614" pin="2"/><net_sink comp="620" pin=1"/></net>

<net id="628"><net_src comp="66" pin="0"/><net_sink comp="620" pin=2"/></net>

<net id="629"><net_src comp="68" pin="0"/><net_sink comp="620" pin=3"/></net>

<net id="630"><net_src comp="620" pin="4"/><net_sink comp="421" pin=0"/></net>

<net id="634"><net_src comp="604" pin="3"/><net_sink comp="631" pin=0"/></net>

<net id="635"><net_src comp="631" pin="1"/><net_sink comp="421" pin=1"/></net>

<net id="642"><net_src comp="70" pin="0"/><net_sink comp="636" pin=0"/></net>

<net id="643"><net_src comp="421" pin="2"/><net_sink comp="636" pin=1"/></net>

<net id="644"><net_src comp="72" pin="0"/><net_sink comp="636" pin=2"/></net>

<net id="645"><net_src comp="74" pin="0"/><net_sink comp="636" pin=3"/></net>

<net id="652"><net_src comp="76" pin="0"/><net_sink comp="646" pin=0"/></net>

<net id="653"><net_src comp="421" pin="2"/><net_sink comp="646" pin=1"/></net>

<net id="654"><net_src comp="78" pin="0"/><net_sink comp="646" pin=2"/></net>

<net id="655"><net_src comp="80" pin="0"/><net_sink comp="646" pin=3"/></net>

<net id="661"><net_src comp="82" pin="0"/><net_sink comp="656" pin=1"/></net>

<net id="662"><net_src comp="646" pin="4"/><net_sink comp="656" pin=2"/></net>

<net id="666"><net_src comp="656" pin="3"/><net_sink comp="663" pin=0"/></net>

<net id="671"><net_src comp="84" pin="0"/><net_sink comp="667" pin=0"/></net>

<net id="672"><net_src comp="636" pin="4"/><net_sink comp="667" pin=1"/></net>

<net id="678"><net_src comp="663" pin="1"/><net_sink comp="673" pin=0"/></net>

<net id="679"><net_src comp="667" pin="2"/><net_sink comp="673" pin=1"/></net>

<net id="680"><net_src comp="636" pin="4"/><net_sink comp="673" pin=2"/></net>

<net id="687"><net_src comp="86" pin="0"/><net_sink comp="681" pin=0"/></net>

<net id="688"><net_src comp="673" pin="3"/><net_sink comp="681" pin=1"/></net>

<net id="689"><net_src comp="88" pin="0"/><net_sink comp="681" pin=2"/></net>

<net id="690"><net_src comp="90" pin="0"/><net_sink comp="681" pin=3"/></net>

<net id="696"><net_src comp="92" pin="0"/><net_sink comp="691" pin=0"/></net>

<net id="697"><net_src comp="681" pin="4"/><net_sink comp="691" pin=1"/></net>

<net id="698"><net_src comp="26" pin="0"/><net_sink comp="691" pin=2"/></net>

<net id="705"><net_src comp="94" pin="0"/><net_sink comp="699" pin=0"/></net>

<net id="706"><net_src comp="691" pin="3"/><net_sink comp="699" pin=1"/></net>

<net id="707"><net_src comp="88" pin="0"/><net_sink comp="699" pin=2"/></net>

<net id="708"><net_src comp="96" pin="0"/><net_sink comp="699" pin=3"/></net>

<net id="714"><net_src comp="98" pin="0"/><net_sink comp="709" pin=0"/></net>

<net id="715"><net_src comp="26" pin="0"/><net_sink comp="709" pin=1"/></net>

<net id="716"><net_src comp="699" pin="4"/><net_sink comp="709" pin=2"/></net>

<net id="720"><net_src comp="709" pin="3"/><net_sink comp="717" pin=0"/></net>

<net id="726"><net_src comp="100" pin="0"/><net_sink comp="721" pin=0"/></net>

<net id="727"><net_src comp="717" pin="1"/><net_sink comp="721" pin=1"/></net>

<net id="728"><net_src comp="26" pin="0"/><net_sink comp="721" pin=2"/></net>

<net id="732"><net_src comp="721" pin="3"/><net_sink comp="729" pin=0"/></net>

<net id="736"><net_src comp="729" pin="1"/><net_sink comp="733" pin=0"/></net>

<net id="741"><net_src comp="673" pin="3"/><net_sink comp="737" pin=0"/></net>

<net id="742"><net_src comp="733" pin="1"/><net_sink comp="737" pin=1"/></net>

<net id="749"><net_src comp="86" pin="0"/><net_sink comp="743" pin=0"/></net>

<net id="750"><net_src comp="737" pin="2"/><net_sink comp="743" pin=1"/></net>

<net id="751"><net_src comp="88" pin="0"/><net_sink comp="743" pin=2"/></net>

<net id="752"><net_src comp="90" pin="0"/><net_sink comp="743" pin=3"/></net>

<net id="756"><net_src comp="729" pin="1"/><net_sink comp="753" pin=0"/></net>

<net id="761"><net_src comp="597" pin="3"/><net_sink comp="757" pin=0"/></net>

<net id="762"><net_src comp="753" pin="1"/><net_sink comp="757" pin=1"/></net>

<net id="768"><net_src comp="102" pin="0"/><net_sink comp="763" pin=0"/></net>

<net id="769"><net_src comp="757" pin="2"/><net_sink comp="763" pin=1"/></net>

<net id="770"><net_src comp="54" pin="0"/><net_sink comp="763" pin=2"/></net>

<net id="792"><net_src comp="104" pin="0"/><net_sink comp="771" pin=0"/></net>

<net id="793"><net_src comp="82" pin="0"/><net_sink comp="771" pin=1"/></net>

<net id="794"><net_src comp="106" pin="0"/><net_sink comp="771" pin=2"/></net>

<net id="795"><net_src comp="108" pin="0"/><net_sink comp="771" pin=3"/></net>

<net id="796"><net_src comp="26" pin="0"/><net_sink comp="771" pin=4"/></net>

<net id="797"><net_src comp="110" pin="0"/><net_sink comp="771" pin=5"/></net>

<net id="798"><net_src comp="26" pin="0"/><net_sink comp="771" pin=6"/></net>

<net id="799"><net_src comp="112" pin="0"/><net_sink comp="771" pin=7"/></net>

<net id="800"><net_src comp="106" pin="0"/><net_sink comp="771" pin=8"/></net>

<net id="801"><net_src comp="114" pin="0"/><net_sink comp="771" pin=9"/></net>

<net id="802"><net_src comp="106" pin="0"/><net_sink comp="771" pin=10"/></net>

<net id="803"><net_src comp="116" pin="0"/><net_sink comp="771" pin=11"/></net>

<net id="804"><net_src comp="26" pin="0"/><net_sink comp="771" pin=12"/></net>

<net id="805"><net_src comp="118" pin="0"/><net_sink comp="771" pin=13"/></net>

<net id="806"><net_src comp="26" pin="0"/><net_sink comp="771" pin=14"/></net>

<net id="807"><net_src comp="120" pin="0"/><net_sink comp="771" pin=15"/></net>

<net id="808"><net_src comp="106" pin="0"/><net_sink comp="771" pin=16"/></net>

<net id="809"><net_src comp="122" pin="0"/><net_sink comp="771" pin=17"/></net>

<net id="810"><net_src comp="656" pin="3"/><net_sink comp="771" pin=18"/></net>

<net id="816"><net_src comp="124" pin="0"/><net_sink comp="811" pin=0"/></net>

<net id="817"><net_src comp="656" pin="3"/><net_sink comp="811" pin=2"/></net>

<net id="855"><net_src comp="126" pin="0"/><net_sink comp="818" pin=0"/></net>

<net id="856"><net_src comp="128" pin="0"/><net_sink comp="818" pin=1"/></net>

<net id="857"><net_src comp="106" pin="0"/><net_sink comp="818" pin=2"/></net>

<net id="858"><net_src comp="130" pin="0"/><net_sink comp="818" pin=3"/></net>

<net id="859"><net_src comp="106" pin="0"/><net_sink comp="818" pin=4"/></net>

<net id="860"><net_src comp="132" pin="0"/><net_sink comp="818" pin=5"/></net>

<net id="861"><net_src comp="106" pin="0"/><net_sink comp="818" pin=6"/></net>

<net id="862"><net_src comp="134" pin="0"/><net_sink comp="818" pin=7"/></net>

<net id="863"><net_src comp="26" pin="0"/><net_sink comp="818" pin=8"/></net>

<net id="864"><net_src comp="136" pin="0"/><net_sink comp="818" pin=9"/></net>

<net id="865"><net_src comp="26" pin="0"/><net_sink comp="818" pin=10"/></net>

<net id="866"><net_src comp="138" pin="0"/><net_sink comp="818" pin=11"/></net>

<net id="867"><net_src comp="26" pin="0"/><net_sink comp="818" pin=12"/></net>

<net id="868"><net_src comp="140" pin="0"/><net_sink comp="818" pin=13"/></net>

<net id="869"><net_src comp="26" pin="0"/><net_sink comp="818" pin=14"/></net>

<net id="870"><net_src comp="142" pin="0"/><net_sink comp="818" pin=15"/></net>

<net id="871"><net_src comp="106" pin="0"/><net_sink comp="818" pin=16"/></net>

<net id="872"><net_src comp="144" pin="0"/><net_sink comp="818" pin=17"/></net>

<net id="873"><net_src comp="106" pin="0"/><net_sink comp="818" pin=18"/></net>

<net id="874"><net_src comp="146" pin="0"/><net_sink comp="818" pin=19"/></net>

<net id="875"><net_src comp="26" pin="0"/><net_sink comp="818" pin=20"/></net>

<net id="876"><net_src comp="148" pin="0"/><net_sink comp="818" pin=21"/></net>

<net id="877"><net_src comp="26" pin="0"/><net_sink comp="818" pin=22"/></net>

<net id="878"><net_src comp="150" pin="0"/><net_sink comp="818" pin=23"/></net>

<net id="879"><net_src comp="26" pin="0"/><net_sink comp="818" pin=24"/></net>

<net id="880"><net_src comp="152" pin="0"/><net_sink comp="818" pin=25"/></net>

<net id="881"><net_src comp="26" pin="0"/><net_sink comp="818" pin=26"/></net>

<net id="882"><net_src comp="154" pin="0"/><net_sink comp="818" pin=27"/></net>

<net id="883"><net_src comp="106" pin="0"/><net_sink comp="818" pin=28"/></net>

<net id="884"><net_src comp="156" pin="0"/><net_sink comp="818" pin=29"/></net>

<net id="885"><net_src comp="106" pin="0"/><net_sink comp="818" pin=30"/></net>

<net id="886"><net_src comp="158" pin="0"/><net_sink comp="818" pin=31"/></net>

<net id="887"><net_src comp="106" pin="0"/><net_sink comp="818" pin=32"/></net>

<net id="888"><net_src comp="122" pin="0"/><net_sink comp="818" pin=33"/></net>

<net id="889"><net_src comp="811" pin="3"/><net_sink comp="818" pin=34"/></net>

<net id="927"><net_src comp="126" pin="0"/><net_sink comp="890" pin=0"/></net>

<net id="928"><net_src comp="128" pin="0"/><net_sink comp="890" pin=1"/></net>

<net id="929"><net_src comp="106" pin="0"/><net_sink comp="890" pin=2"/></net>

<net id="930"><net_src comp="130" pin="0"/><net_sink comp="890" pin=3"/></net>

<net id="931"><net_src comp="106" pin="0"/><net_sink comp="890" pin=4"/></net>

<net id="932"><net_src comp="132" pin="0"/><net_sink comp="890" pin=5"/></net>

<net id="933"><net_src comp="26" pin="0"/><net_sink comp="890" pin=6"/></net>

<net id="934"><net_src comp="134" pin="0"/><net_sink comp="890" pin=7"/></net>

<net id="935"><net_src comp="106" pin="0"/><net_sink comp="890" pin=8"/></net>

<net id="936"><net_src comp="136" pin="0"/><net_sink comp="890" pin=9"/></net>

<net id="937"><net_src comp="26" pin="0"/><net_sink comp="890" pin=10"/></net>

<net id="938"><net_src comp="138" pin="0"/><net_sink comp="890" pin=11"/></net>

<net id="939"><net_src comp="26" pin="0"/><net_sink comp="890" pin=12"/></net>

<net id="940"><net_src comp="140" pin="0"/><net_sink comp="890" pin=13"/></net>

<net id="941"><net_src comp="106" pin="0"/><net_sink comp="890" pin=14"/></net>

<net id="942"><net_src comp="142" pin="0"/><net_sink comp="890" pin=15"/></net>

<net id="943"><net_src comp="26" pin="0"/><net_sink comp="890" pin=16"/></net>

<net id="944"><net_src comp="144" pin="0"/><net_sink comp="890" pin=17"/></net>

<net id="945"><net_src comp="26" pin="0"/><net_sink comp="890" pin=18"/></net>

<net id="946"><net_src comp="146" pin="0"/><net_sink comp="890" pin=19"/></net>

<net id="947"><net_src comp="106" pin="0"/><net_sink comp="890" pin=20"/></net>

<net id="948"><net_src comp="148" pin="0"/><net_sink comp="890" pin=21"/></net>

<net id="949"><net_src comp="26" pin="0"/><net_sink comp="890" pin=22"/></net>

<net id="950"><net_src comp="150" pin="0"/><net_sink comp="890" pin=23"/></net>

<net id="951"><net_src comp="26" pin="0"/><net_sink comp="890" pin=24"/></net>

<net id="952"><net_src comp="152" pin="0"/><net_sink comp="890" pin=25"/></net>

<net id="953"><net_src comp="106" pin="0"/><net_sink comp="890" pin=26"/></net>

<net id="954"><net_src comp="154" pin="0"/><net_sink comp="890" pin=27"/></net>

<net id="955"><net_src comp="26" pin="0"/><net_sink comp="890" pin=28"/></net>

<net id="956"><net_src comp="156" pin="0"/><net_sink comp="890" pin=29"/></net>

<net id="957"><net_src comp="106" pin="0"/><net_sink comp="890" pin=30"/></net>

<net id="958"><net_src comp="158" pin="0"/><net_sink comp="890" pin=31"/></net>

<net id="959"><net_src comp="106" pin="0"/><net_sink comp="890" pin=32"/></net>

<net id="960"><net_src comp="122" pin="0"/><net_sink comp="890" pin=33"/></net>

<net id="961"><net_src comp="811" pin="3"/><net_sink comp="890" pin=34"/></net>

<net id="967"><net_src comp="771" pin="19"/><net_sink comp="962" pin=0"/></net>

<net id="968"><net_src comp="818" pin="35"/><net_sink comp="962" pin=1"/></net>

<net id="969"><net_src comp="890" pin="35"/><net_sink comp="962" pin=2"/></net>

<net id="974"><net_src comp="60" pin="0"/><net_sink comp="970" pin=1"/></net>

<net id="979"><net_src comp="160" pin="0"/><net_sink comp="975" pin=1"/></net>

<net id="984"><net_src comp="970" pin="2"/><net_sink comp="980" pin=0"/></net>

<net id="985"><net_src comp="975" pin="2"/><net_sink comp="980" pin=1"/></net>

<net id="990"><net_src comp="162" pin="0"/><net_sink comp="986" pin=1"/></net>

<net id="995"><net_src comp="986" pin="2"/><net_sink comp="991" pin=0"/></net>

<net id="996"><net_src comp="26" pin="0"/><net_sink comp="991" pin=1"/></net>

<net id="1001"><net_src comp="962" pin="3"/><net_sink comp="997" pin=0"/></net>

<net id="1002"><net_src comp="991" pin="2"/><net_sink comp="997" pin=1"/></net>

<net id="1008"><net_src comp="980" pin="2"/><net_sink comp="1003" pin=0"/></net>

<net id="1009"><net_src comp="997" pin="2"/><net_sink comp="1003" pin=2"/></net>

<net id="1014"><net_src comp="60" pin="0"/><net_sink comp="1010" pin=0"/></net>

<net id="1020"><net_src comp="1010" pin="2"/><net_sink comp="1015" pin=1"/></net>

<net id="1024"><net_src comp="1015" pin="3"/><net_sink comp="1021" pin=0"/></net>

<net id="1032"><net_src comp="1025" pin="1"/><net_sink comp="1028" pin=0"/></net>

<net id="1033"><net_src comp="1021" pin="1"/><net_sink comp="1028" pin=1"/></net>

<net id="1038"><net_src comp="1025" pin="1"/><net_sink comp="1034" pin=0"/></net>

<net id="1039"><net_src comp="1021" pin="1"/><net_sink comp="1034" pin=1"/></net>

<net id="1045"><net_src comp="1028" pin="2"/><net_sink comp="1040" pin=1"/></net>

<net id="1046"><net_src comp="1034" pin="2"/><net_sink comp="1040" pin=2"/></net>

<net id="1050"><net_src comp="1040" pin="3"/><net_sink comp="1047" pin=0"/></net>

<net id="1057"><net_src comp="164" pin="0"/><net_sink comp="1051" pin=0"/></net>

<net id="1058"><net_src comp="1040" pin="3"/><net_sink comp="1051" pin=1"/></net>

<net id="1059"><net_src comp="166" pin="0"/><net_sink comp="1051" pin=2"/></net>

<net id="1060"><net_src comp="168" pin="0"/><net_sink comp="1051" pin=3"/></net>

<net id="1067"><net_src comp="170" pin="0"/><net_sink comp="1061" pin=0"/></net>

<net id="1068"><net_src comp="1040" pin="3"/><net_sink comp="1061" pin=1"/></net>

<net id="1069"><net_src comp="54" pin="0"/><net_sink comp="1061" pin=2"/></net>

<net id="1070"><net_src comp="172" pin="0"/><net_sink comp="1061" pin=3"/></net>

<net id="1074"><net_src comp="1061" pin="4"/><net_sink comp="1071" pin=0"/></net>

<net id="1079"><net_src comp="1071" pin="1"/><net_sink comp="1075" pin=0"/></net>

<net id="1080"><net_src comp="1071" pin="1"/><net_sink comp="1075" pin=1"/></net>

<net id="1087"><net_src comp="174" pin="0"/><net_sink comp="1081" pin=0"/></net>

<net id="1088"><net_src comp="1075" pin="2"/><net_sink comp="1081" pin=1"/></net>

<net id="1089"><net_src comp="20" pin="0"/><net_sink comp="1081" pin=2"/></net>

<net id="1090"><net_src comp="88" pin="0"/><net_sink comp="1081" pin=3"/></net>

<net id="1095"><net_src comp="26" pin="0"/><net_sink comp="1091" pin=1"/></net>

<net id="1101"><net_src comp="176" pin="0"/><net_sink comp="1096" pin=0"/></net>

<net id="1102"><net_src comp="1091" pin="2"/><net_sink comp="1096" pin=1"/></net>

<net id="1103"><net_src comp="1051" pin="4"/><net_sink comp="1096" pin=2"/></net>

<net id="1107"><net_src comp="1096" pin="3"/><net_sink comp="1104" pin=0"/></net>

<net id="1108"><net_src comp="1104" pin="1"/><net_sink comp="353" pin=2"/></net>

<net id="1109"><net_src comp="1104" pin="1"/><net_sink comp="366" pin=2"/></net>

<net id="1110"><net_src comp="1104" pin="1"/><net_sink comp="379" pin=2"/></net>

<net id="1116"><net_src comp="178" pin="0"/><net_sink comp="1111" pin=1"/></net>

<net id="1122"><net_src comp="60" pin="0"/><net_sink comp="1117" pin=1"/></net>

<net id="1132"><net_src comp="180" pin="0"/><net_sink comp="1126" pin=0"/></net>

<net id="1133"><net_src comp="360" pin="3"/><net_sink comp="1126" pin=1"/></net>

<net id="1134"><net_src comp="182" pin="0"/><net_sink comp="1126" pin=2"/></net>

<net id="1135"><net_src comp="88" pin="0"/><net_sink comp="1126" pin=3"/></net>

<net id="1139"><net_src comp="1136" pin="1"/><net_sink comp="409" pin=1"/></net>

<net id="1143"><net_src comp="373" pin="3"/><net_sink comp="1140" pin=0"/></net>

<net id="1144"><net_src comp="1140" pin="1"/><net_sink comp="409" pin=0"/></net>

<net id="1151"><net_src comp="184" pin="0"/><net_sink comp="1145" pin=0"/></net>

<net id="1152"><net_src comp="409" pin="2"/><net_sink comp="1145" pin=1"/></net>

<net id="1153"><net_src comp="40" pin="0"/><net_sink comp="1145" pin=2"/></net>

<net id="1154"><net_src comp="186" pin="0"/><net_sink comp="1145" pin=3"/></net>

<net id="1158"><net_src comp="386" pin="3"/><net_sink comp="1155" pin=0"/></net>

<net id="1163"><net_src comp="1123" pin="1"/><net_sink comp="1159" pin=0"/></net>

<net id="1164"><net_src comp="1155" pin="1"/><net_sink comp="1159" pin=1"/></net>

<net id="1171"><net_src comp="188" pin="0"/><net_sink comp="1165" pin=0"/></net>

<net id="1172"><net_src comp="1159" pin="2"/><net_sink comp="1165" pin=1"/></net>

<net id="1173"><net_src comp="18" pin="0"/><net_sink comp="1165" pin=2"/></net>

<net id="1174"><net_src comp="88" pin="0"/><net_sink comp="1165" pin=3"/></net>

<net id="1178"><net_src comp="1126" pin="4"/><net_sink comp="1175" pin=0"/></net>

<net id="1182"><net_src comp="1145" pin="4"/><net_sink comp="1179" pin=0"/></net>

<net id="1187"><net_src comp="1175" pin="1"/><net_sink comp="1183" pin=0"/></net>

<net id="1188"><net_src comp="1179" pin="1"/><net_sink comp="1183" pin=1"/></net>

<net id="1192"><net_src comp="1165" pin="4"/><net_sink comp="1189" pin=0"/></net>

<net id="1197"><net_src comp="1183" pin="2"/><net_sink comp="1193" pin=0"/></net>

<net id="1198"><net_src comp="1189" pin="1"/><net_sink comp="1193" pin=1"/></net>

<net id="1202"><net_src comp="1193" pin="2"/><net_sink comp="1199" pin=0"/></net>

<net id="1203"><net_src comp="1199" pin="1"/><net_sink comp="413" pin=0"/></net>

<net id="1207"><net_src comp="1111" pin="3"/><net_sink comp="1204" pin=0"/></net>

<net id="1208"><net_src comp="1204" pin="1"/><net_sink comp="413" pin=1"/></net>

<net id="1215"><net_src comp="86" pin="0"/><net_sink comp="1209" pin=0"/></net>

<net id="1216"><net_src comp="413" pin="2"/><net_sink comp="1209" pin=1"/></net>

<net id="1217"><net_src comp="88" pin="0"/><net_sink comp="1209" pin=2"/></net>

<net id="1218"><net_src comp="90" pin="0"/><net_sink comp="1209" pin=3"/></net>

<net id="1222"><net_src comp="1117" pin="3"/><net_sink comp="1219" pin=0"/></net>

<net id="1229"><net_src comp="190" pin="0"/><net_sink comp="1223" pin=0"/></net>

<net id="1230"><net_src comp="413" pin="2"/><net_sink comp="1223" pin=1"/></net>

<net id="1231"><net_src comp="192" pin="0"/><net_sink comp="1223" pin=2"/></net>

<net id="1232"><net_src comp="90" pin="0"/><net_sink comp="1223" pin=3"/></net>

<net id="1238"><net_src comp="194" pin="0"/><net_sink comp="1233" pin=0"/></net>

<net id="1239"><net_src comp="1223" pin="4"/><net_sink comp="1233" pin=1"/></net>

<net id="1240"><net_src comp="196" pin="0"/><net_sink comp="1233" pin=2"/></net>

<net id="1247"><net_src comp="198" pin="0"/><net_sink comp="1241" pin=0"/></net>

<net id="1248"><net_src comp="413" pin="2"/><net_sink comp="1241" pin=1"/></net>

<net id="1249"><net_src comp="88" pin="0"/><net_sink comp="1241" pin=2"/></net>

<net id="1250"><net_src comp="200" pin="0"/><net_sink comp="1241" pin=3"/></net>

<net id="1256"><net_src comp="202" pin="0"/><net_sink comp="1251" pin=0"/></net>

<net id="1257"><net_src comp="1241" pin="4"/><net_sink comp="1251" pin=1"/></net>

<net id="1258"><net_src comp="204" pin="0"/><net_sink comp="1251" pin=2"/></net>

<net id="1265"><net_src comp="206" pin="0"/><net_sink comp="1259" pin=0"/></net>

<net id="1266"><net_src comp="1233" pin="3"/><net_sink comp="1259" pin=1"/></net>

<net id="1267"><net_src comp="16" pin="0"/><net_sink comp="1259" pin=2"/></net>

<net id="1268"><net_src comp="96" pin="0"/><net_sink comp="1259" pin=3"/></net>

<net id="1274"><net_src comp="100" pin="0"/><net_sink comp="1269" pin=0"/></net>

<net id="1275"><net_src comp="1259" pin="4"/><net_sink comp="1269" pin=1"/></net>

<net id="1276"><net_src comp="26" pin="0"/><net_sink comp="1269" pin=2"/></net>

<net id="1283"><net_src comp="206" pin="0"/><net_sink comp="1277" pin=0"/></net>

<net id="1284"><net_src comp="1251" pin="3"/><net_sink comp="1277" pin=1"/></net>

<net id="1285"><net_src comp="16" pin="0"/><net_sink comp="1277" pin=2"/></net>

<net id="1286"><net_src comp="96" pin="0"/><net_sink comp="1277" pin=3"/></net>

<net id="1292"><net_src comp="100" pin="0"/><net_sink comp="1287" pin=0"/></net>

<net id="1293"><net_src comp="1277" pin="4"/><net_sink comp="1287" pin=1"/></net>

<net id="1294"><net_src comp="26" pin="0"/><net_sink comp="1287" pin=2"/></net>

<net id="1298"><net_src comp="1209" pin="4"/><net_sink comp="1295" pin=0"/></net>

<net id="1303"><net_src comp="1295" pin="1"/><net_sink comp="1299" pin=0"/></net>

<net id="1304"><net_src comp="1269" pin="3"/><net_sink comp="1299" pin=1"/></net>

<net id="1308"><net_src comp="1299" pin="2"/><net_sink comp="1305" pin=0"/></net>

<net id="1313"><net_src comp="1269" pin="3"/><net_sink comp="1309" pin=0"/></net>

<net id="1314"><net_src comp="18" pin="0"/><net_sink comp="1309" pin=1"/></net>

<net id="1319"><net_src comp="1287" pin="3"/><net_sink comp="1315" pin=0"/></net>

<net id="1320"><net_src comp="18" pin="0"/><net_sink comp="1315" pin=1"/></net>

<net id="1324"><net_src comp="1305" pin="1"/><net_sink comp="1321" pin=0"/></net>

<net id="1329"><net_src comp="1321" pin="1"/><net_sink comp="1325" pin=0"/></net>

<net id="1330"><net_src comp="1287" pin="3"/><net_sink comp="1325" pin=1"/></net>

<net id="1336"><net_src comp="1309" pin="2"/><net_sink comp="1331" pin=0"/></net>

<net id="1337"><net_src comp="1315" pin="2"/><net_sink comp="1331" pin=1"/></net>

<net id="1338"><net_src comp="1269" pin="3"/><net_sink comp="1331" pin=2"/></net>

<net id="1343"><net_src comp="1219" pin="1"/><net_sink comp="1339" pin=0"/></net>

<net id="1344"><net_src comp="208" pin="0"/><net_sink comp="1339" pin=1"/></net>

<net id="1348"><net_src comp="1339" pin="2"/><net_sink comp="1345" pin=0"/></net>

<net id="1353"><net_src comp="1345" pin="1"/><net_sink comp="1349" pin=0"/></net>

<net id="1354"><net_src comp="1331" pin="3"/><net_sink comp="1349" pin=1"/></net>

<net id="1360"><net_src comp="14" pin="0"/><net_sink comp="1355" pin=0"/></net>

<net id="1361"><net_src comp="1349" pin="2"/><net_sink comp="1355" pin=1"/></net>

<net id="1362"><net_src comp="16" pin="0"/><net_sink comp="1355" pin=2"/></net>

<net id="1367"><net_src comp="1209" pin="4"/><net_sink comp="1363" pin=0"/></net>

<net id="1368"><net_src comp="210" pin="0"/><net_sink comp="1363" pin=1"/></net>

<net id="1373"><net_src comp="1355" pin="3"/><net_sink comp="1369" pin=0"/></net>

<net id="1374"><net_src comp="1363" pin="2"/><net_sink comp="1369" pin=1"/></net>

<net id="1378"><net_src comp="1349" pin="2"/><net_sink comp="1375" pin=0"/></net>

<net id="1384"><net_src comp="162" pin="0"/><net_sink comp="1379" pin=1"/></net>

<net id="1385"><net_src comp="60" pin="0"/><net_sink comp="1379" pin=2"/></net>

<net id="1390"><net_src comp="1369" pin="2"/><net_sink comp="1386" pin=1"/></net>

<net id="1396"><net_src comp="1386" pin="2"/><net_sink comp="1391" pin=0"/></net>

<net id="1397"><net_src comp="1379" pin="3"/><net_sink comp="1391" pin=1"/></net>

<net id="1398"><net_src comp="1375" pin="1"/><net_sink comp="1391" pin=2"/></net>

<net id="1404"><net_src comp="60" pin="0"/><net_sink comp="1399" pin=1"/></net>

<net id="1405"><net_src comp="1391" pin="3"/><net_sink comp="1399" pin=2"/></net>

<net id="1412"><net_src comp="212" pin="0"/><net_sink comp="1406" pin=0"/></net>

<net id="1413"><net_src comp="214" pin="0"/><net_sink comp="1406" pin=2"/></net>

<net id="1414"><net_src comp="216" pin="0"/><net_sink comp="1406" pin=3"/></net>

<net id="1421"><net_src comp="212" pin="0"/><net_sink comp="1415" pin=0"/></net>

<net id="1422"><net_src comp="214" pin="0"/><net_sink comp="1415" pin=2"/></net>

<net id="1423"><net_src comp="216" pin="0"/><net_sink comp="1415" pin=3"/></net>

<net id="1429"><net_src comp="1406" pin="4"/><net_sink comp="1424" pin=1"/></net>

<net id="1430"><net_src comp="1415" pin="4"/><net_sink comp="1424" pin=2"/></net>

<net id="1436"><net_src comp="218" pin="0"/><net_sink comp="1431" pin=1"/></net>

<net id="1437"><net_src comp="160" pin="0"/><net_sink comp="1431" pin=2"/></net>

<net id="1443"><net_src comp="1431" pin="3"/><net_sink comp="1438" pin=1"/></net>

<net id="1444"><net_src comp="1424" pin="3"/><net_sink comp="1438" pin=2"/></net>

<net id="1450"><net_src comp="160" pin="0"/><net_sink comp="1445" pin=1"/></net>

<net id="1451"><net_src comp="1438" pin="3"/><net_sink comp="1445" pin=2"/></net>

<net id="1458"><net_src comp="220" pin="0"/><net_sink comp="1452" pin=0"/></net>

<net id="1459"><net_src comp="1445" pin="3"/><net_sink comp="1452" pin=3"/></net>

<net id="1463"><net_src comp="1452" pin="4"/><net_sink comp="1460" pin=0"/></net>

<net id="1464"><net_src comp="1460" pin="1"/><net_sink comp="406" pin=0"/></net>

<net id="1468"><net_src comp="406" pin="1"/><net_sink comp="1465" pin=0"/></net>

<net id="1472"><net_src comp="1465" pin="1"/><net_sink comp="1469" pin=0"/></net>

<net id="1478"><net_src comp="222" pin="0"/><net_sink comp="1473" pin=0"/></net>

<net id="1479"><net_src comp="1465" pin="1"/><net_sink comp="1473" pin=1"/></net>

<net id="1480"><net_src comp="224" pin="0"/><net_sink comp="1473" pin=2"/></net>

<net id="1487"><net_src comp="226" pin="0"/><net_sink comp="1481" pin=0"/></net>

<net id="1488"><net_src comp="1465" pin="1"/><net_sink comp="1481" pin=1"/></net>

<net id="1489"><net_src comp="228" pin="0"/><net_sink comp="1481" pin=2"/></net>

<net id="1490"><net_src comp="230" pin="0"/><net_sink comp="1481" pin=3"/></net>

<net id="1494"><net_src comp="1465" pin="1"/><net_sink comp="1491" pin=0"/></net>

<net id="1502"><net_src comp="1495" pin="1"/><net_sink comp="1498" pin=0"/></net>

<net id="1503"><net_src comp="232" pin="0"/><net_sink comp="1498" pin=1"/></net>

<net id="1509"><net_src comp="234" pin="0"/><net_sink comp="1504" pin=0"/></net>

<net id="1510"><net_src comp="26" pin="0"/><net_sink comp="1504" pin=1"/></net>

<net id="1514"><net_src comp="1504" pin="3"/><net_sink comp="1511" pin=0"/></net>

<net id="1519"><net_src comp="236" pin="0"/><net_sink comp="1515" pin=0"/></net>

<net id="1520"><net_src comp="1511" pin="1"/><net_sink comp="1515" pin=1"/></net>

<net id="1526"><net_src comp="1515" pin="2"/><net_sink comp="1521" pin=1"/></net>

<net id="1527"><net_src comp="1511" pin="1"/><net_sink comp="1521" pin=2"/></net>

<net id="1532"><net_src comp="238" pin="0"/><net_sink comp="1528" pin=1"/></net>

<net id="1537"><net_src comp="240" pin="0"/><net_sink comp="1533" pin=0"/></net>

<net id="1538"><net_src comp="1495" pin="1"/><net_sink comp="1533" pin=1"/></net>

<net id="1542"><net_src comp="1533" pin="2"/><net_sink comp="1539" pin=0"/></net>

<net id="1547"><net_src comp="1533" pin="2"/><net_sink comp="1543" pin=0"/></net>

<net id="1548"><net_src comp="242" pin="0"/><net_sink comp="1543" pin=1"/></net>

<net id="1553"><net_src comp="1533" pin="2"/><net_sink comp="1549" pin=0"/></net>

<net id="1554"><net_src comp="244" pin="0"/><net_sink comp="1549" pin=1"/></net>

<net id="1558"><net_src comp="1549" pin="2"/><net_sink comp="1555" pin=0"/></net>

<net id="1563"><net_src comp="246" pin="0"/><net_sink comp="1559" pin=0"/></net>

<net id="1564"><net_src comp="1539" pin="1"/><net_sink comp="1559" pin=1"/></net>

<net id="1570"><net_src comp="1543" pin="2"/><net_sink comp="1565" pin=0"/></net>

<net id="1571"><net_src comp="1555" pin="1"/><net_sink comp="1565" pin=1"/></net>

<net id="1572"><net_src comp="1559" pin="2"/><net_sink comp="1565" pin=2"/></net>

<net id="1576"><net_src comp="1565" pin="3"/><net_sink comp="1573" pin=0"/></net>

<net id="1581"><net_src comp="1533" pin="2"/><net_sink comp="1577" pin=0"/></net>

<net id="1582"><net_src comp="242" pin="0"/><net_sink comp="1577" pin=1"/></net>

<net id="1586"><net_src comp="1521" pin="3"/><net_sink comp="1583" pin=0"/></net>

<net id="1591"><net_src comp="1565" pin="3"/><net_sink comp="1587" pin=0"/></net>

<net id="1592"><net_src comp="248" pin="0"/><net_sink comp="1587" pin=1"/></net>

<net id="1598"><net_src comp="250" pin="0"/><net_sink comp="1593" pin=1"/></net>

<net id="1599"><net_src comp="96" pin="0"/><net_sink comp="1593" pin=2"/></net>

<net id="1603"><net_src comp="1565" pin="3"/><net_sink comp="1600" pin=0"/></net>

<net id="1608"><net_src comp="1521" pin="3"/><net_sink comp="1604" pin=0"/></net>

<net id="1609"><net_src comp="1600" pin="1"/><net_sink comp="1604" pin=1"/></net>

<net id="1613"><net_src comp="1604" pin="2"/><net_sink comp="1610" pin=0"/></net>

<net id="1619"><net_src comp="1587" pin="2"/><net_sink comp="1614" pin=0"/></net>

<net id="1620"><net_src comp="1610" pin="1"/><net_sink comp="1614" pin=1"/></net>

<net id="1621"><net_src comp="1593" pin="3"/><net_sink comp="1614" pin=2"/></net>

<net id="1626"><net_src comp="1549" pin="2"/><net_sink comp="1622" pin=0"/></net>

<net id="1627"><net_src comp="252" pin="0"/><net_sink comp="1622" pin=1"/></net>

<net id="1634"><net_src comp="254" pin="0"/><net_sink comp="1628" pin=0"/></net>

<net id="1635"><net_src comp="1565" pin="3"/><net_sink comp="1628" pin=1"/></net>

<net id="1636"><net_src comp="214" pin="0"/><net_sink comp="1628" pin=2"/></net>

<net id="1637"><net_src comp="256" pin="0"/><net_sink comp="1628" pin=3"/></net>

<net id="1642"><net_src comp="1628" pin="4"/><net_sink comp="1638" pin=0"/></net>

<net id="1643"><net_src comp="258" pin="0"/><net_sink comp="1638" pin=1"/></net>

<net id="1648"><net_src comp="1533" pin="2"/><net_sink comp="1644" pin=0"/></net>

<net id="1649"><net_src comp="260" pin="0"/><net_sink comp="1644" pin=1"/></net>

<net id="1653"><net_src comp="1644" pin="2"/><net_sink comp="1650" pin=0"/></net>

<net id="1659"><net_src comp="262" pin="0"/><net_sink comp="1654" pin=0"/></net>

<net id="1660"><net_src comp="1521" pin="3"/><net_sink comp="1654" pin=1"/></net>

<net id="1661"><net_src comp="1650" pin="1"/><net_sink comp="1654" pin=2"/></net>

<net id="1666"><net_src comp="1583" pin="1"/><net_sink comp="1662" pin=0"/></net>

<net id="1667"><net_src comp="1573" pin="1"/><net_sink comp="1662" pin=1"/></net>

<net id="1673"><net_src comp="1622" pin="2"/><net_sink comp="1668" pin=0"/></net>

<net id="1674"><net_src comp="1654" pin="3"/><net_sink comp="1668" pin=2"/></net>

<net id="1679"><net_src comp="1533" pin="2"/><net_sink comp="1675" pin=0"/></net>

<net id="1680"><net_src comp="264" pin="0"/><net_sink comp="1675" pin=1"/></net>

<net id="1685"><net_src comp="1533" pin="2"/><net_sink comp="1681" pin=0"/></net>

<net id="1686"><net_src comp="266" pin="0"/><net_sink comp="1681" pin=1"/></net>

<net id="1691"><net_src comp="1681" pin="2"/><net_sink comp="1687" pin=0"/></net>

<net id="1692"><net_src comp="268" pin="0"/><net_sink comp="1687" pin=1"/></net>

<net id="1696"><net_src comp="1681" pin="2"/><net_sink comp="1693" pin=0"/></net>

<net id="1701"><net_src comp="270" pin="0"/><net_sink comp="1697" pin=0"/></net>

<net id="1702"><net_src comp="1693" pin="1"/><net_sink comp="1697" pin=1"/></net>

<net id="1708"><net_src comp="1687" pin="2"/><net_sink comp="1703" pin=0"/></net>

<net id="1709"><net_src comp="258" pin="0"/><net_sink comp="1703" pin=1"/></net>

<net id="1710"><net_src comp="1697" pin="2"/><net_sink comp="1703" pin=2"/></net>

<net id="1714"><net_src comp="1703" pin="3"/><net_sink comp="1711" pin=0"/></net>

<net id="1719"><net_src comp="272" pin="0"/><net_sink comp="1715" pin=0"/></net>

<net id="1720"><net_src comp="1711" pin="1"/><net_sink comp="1715" pin=1"/></net>

<net id="1725"><net_src comp="1521" pin="3"/><net_sink comp="1721" pin=0"/></net>

<net id="1726"><net_src comp="1715" pin="2"/><net_sink comp="1721" pin=1"/></net>

<net id="1731"><net_src comp="1721" pin="2"/><net_sink comp="1727" pin=0"/></net>

<net id="1732"><net_src comp="236" pin="0"/><net_sink comp="1727" pin=1"/></net>

<net id="1737"><net_src comp="1675" pin="2"/><net_sink comp="1733" pin=0"/></net>

<net id="1738"><net_src comp="1727" pin="2"/><net_sink comp="1733" pin=1"/></net>

<net id="1744"><net_src comp="14" pin="0"/><net_sink comp="1739" pin=0"/></net>

<net id="1745"><net_src comp="1614" pin="3"/><net_sink comp="1739" pin=1"/></net>

<net id="1746"><net_src comp="16" pin="0"/><net_sink comp="1739" pin=2"/></net>

<net id="1750"><net_src comp="1614" pin="3"/><net_sink comp="1747" pin=0"/></net>

<net id="1755"><net_src comp="1747" pin="1"/><net_sink comp="1751" pin=0"/></net>

<net id="1756"><net_src comp="1733" pin="2"/><net_sink comp="1751" pin=1"/></net>

<net id="1761"><net_src comp="1751" pin="2"/><net_sink comp="1757" pin=0"/></net>

<net id="1762"><net_src comp="1668" pin="3"/><net_sink comp="1757" pin=1"/></net>

<net id="1766"><net_src comp="1757" pin="2"/><net_sink comp="1763" pin=0"/></net>

<net id="1771"><net_src comp="1614" pin="3"/><net_sink comp="1767" pin=0"/></net>

<net id="1772"><net_src comp="1763" pin="1"/><net_sink comp="1767" pin=1"/></net>

<net id="1778"><net_src comp="14" pin="0"/><net_sink comp="1773" pin=0"/></net>

<net id="1779"><net_src comp="1767" pin="2"/><net_sink comp="1773" pin=1"/></net>

<net id="1780"><net_src comp="16" pin="0"/><net_sink comp="1773" pin=2"/></net>

<net id="1785"><net_src comp="1773" pin="3"/><net_sink comp="1781" pin=0"/></net>

<net id="1786"><net_src comp="26" pin="0"/><net_sink comp="1781" pin=1"/></net>

<net id="1791"><net_src comp="1577" pin="2"/><net_sink comp="1787" pin=0"/></net>

<net id="1792"><net_src comp="26" pin="0"/><net_sink comp="1787" pin=1"/></net>

<net id="1797"><net_src comp="1543" pin="2"/><net_sink comp="1793" pin=0"/></net>

<net id="1798"><net_src comp="1787" pin="2"/><net_sink comp="1793" pin=1"/></net>

<net id="1805"><net_src comp="274" pin="0"/><net_sink comp="1799" pin=0"/></net>

<net id="1806"><net_src comp="1533" pin="2"/><net_sink comp="1799" pin=1"/></net>

<net id="1807"><net_src comp="52" pin="0"/><net_sink comp="1799" pin=2"/></net>

<net id="1808"><net_src comp="276" pin="0"/><net_sink comp="1799" pin=3"/></net>

<net id="1813"><net_src comp="1799" pin="4"/><net_sink comp="1809" pin=0"/></net>

<net id="1814"><net_src comp="278" pin="0"/><net_sink comp="1809" pin=1"/></net>

<net id="1819"><net_src comp="1809" pin="2"/><net_sink comp="1815" pin=0"/></net>

<net id="1820"><net_src comp="1638" pin="2"/><net_sink comp="1815" pin=1"/></net>

<net id="1827"><net_src comp="280" pin="0"/><net_sink comp="1821" pin=0"/></net>

<net id="1828"><net_src comp="1577" pin="2"/><net_sink comp="1821" pin=1"/></net>

<net id="1829"><net_src comp="1793" pin="2"/><net_sink comp="1821" pin=2"/></net>

<net id="1830"><net_src comp="1815" pin="2"/><net_sink comp="1821" pin=3"/></net>

<net id="1844"><net_src comp="282" pin="0"/><net_sink comp="1831" pin=0"/></net>

<net id="1845"><net_src comp="114" pin="0"/><net_sink comp="1831" pin=1"/></net>

<net id="1846"><net_src comp="1583" pin="1"/><net_sink comp="1831" pin=2"/></net>

<net id="1847"><net_src comp="110" pin="0"/><net_sink comp="1831" pin=3"/></net>

<net id="1848"><net_src comp="1767" pin="2"/><net_sink comp="1831" pin=4"/></net>

<net id="1849"><net_src comp="108" pin="0"/><net_sink comp="1831" pin=5"/></net>

<net id="1850"><net_src comp="1662" pin="2"/><net_sink comp="1831" pin=6"/></net>

<net id="1851"><net_src comp="82" pin="0"/><net_sink comp="1831" pin=7"/></net>

<net id="1852"><net_src comp="96" pin="0"/><net_sink comp="1831" pin=8"/></net>

<net id="1853"><net_src comp="284" pin="0"/><net_sink comp="1831" pin=9"/></net>

<net id="1854"><net_src comp="1821" pin="4"/><net_sink comp="1831" pin=10"/></net>

<net id="1859"><net_src comp="1793" pin="2"/><net_sink comp="1855" pin=0"/></net>

<net id="1860"><net_src comp="1739" pin="3"/><net_sink comp="1855" pin=1"/></net>

<net id="1865"><net_src comp="1855" pin="2"/><net_sink comp="1861" pin=0"/></net>

<net id="1866"><net_src comp="1781" pin="2"/><net_sink comp="1861" pin=1"/></net>

<net id="1872"><net_src comp="1543" pin="2"/><net_sink comp="1867" pin=0"/></net>

<net id="1873"><net_src comp="286" pin="0"/><net_sink comp="1867" pin=1"/></net>

<net id="1874"><net_src comp="288" pin="0"/><net_sink comp="1867" pin=2"/></net>

<net id="1879"><net_src comp="1867" pin="3"/><net_sink comp="1875" pin=0"/></net>

<net id="1880"><net_src comp="1498" pin="2"/><net_sink comp="1875" pin=1"/></net>

<net id="1887"><net_src comp="274" pin="0"/><net_sink comp="1881" pin=0"/></net>

<net id="1888"><net_src comp="1875" pin="2"/><net_sink comp="1881" pin=1"/></net>

<net id="1889"><net_src comp="52" pin="0"/><net_sink comp="1881" pin=2"/></net>

<net id="1890"><net_src comp="276" pin="0"/><net_sink comp="1881" pin=3"/></net>

<net id="1895"><net_src comp="1881" pin="4"/><net_sink comp="1891" pin=0"/></net>

<net id="1896"><net_src comp="60" pin="0"/><net_sink comp="1891" pin=1"/></net>

<net id="1901"><net_src comp="1533" pin="2"/><net_sink comp="1897" pin=0"/></net>

<net id="1902"><net_src comp="242" pin="0"/><net_sink comp="1897" pin=1"/></net>

<net id="1906"><net_src comp="1897" pin="2"/><net_sink comp="1903" pin=0"/></net>

<net id="1911"><net_src comp="1533" pin="2"/><net_sink comp="1907" pin=0"/></net>

<net id="1912"><net_src comp="264" pin="0"/><net_sink comp="1907" pin=1"/></net>

<net id="1918"><net_src comp="14" pin="0"/><net_sink comp="1913" pin=0"/></net>

<net id="1919"><net_src comp="1831" pin="11"/><net_sink comp="1913" pin=1"/></net>

<net id="1920"><net_src comp="16" pin="0"/><net_sink comp="1913" pin=2"/></net>

<net id="1925"><net_src comp="1897" pin="2"/><net_sink comp="1921" pin=0"/></net>

<net id="1926"><net_src comp="252" pin="0"/><net_sink comp="1921" pin=1"/></net>

<net id="1932"><net_src comp="290" pin="0"/><net_sink comp="1927" pin=0"/></net>

<net id="1933"><net_src comp="1897" pin="2"/><net_sink comp="1927" pin=1"/></net>

<net id="1934"><net_src comp="276" pin="0"/><net_sink comp="1927" pin=2"/></net>

<net id="1939"><net_src comp="1927" pin="3"/><net_sink comp="1935" pin=0"/></net>

<net id="1940"><net_src comp="26" pin="0"/><net_sink comp="1935" pin=1"/></net>

<net id="1945"><net_src comp="1897" pin="2"/><net_sink comp="1941" pin=0"/></net>

<net id="1946"><net_src comp="252" pin="0"/><net_sink comp="1941" pin=1"/></net>

<net id="1952"><net_src comp="262" pin="0"/><net_sink comp="1947" pin=0"/></net>

<net id="1953"><net_src comp="1521" pin="3"/><net_sink comp="1947" pin=1"/></net>

<net id="1954"><net_src comp="1903" pin="1"/><net_sink comp="1947" pin=2"/></net>

<net id="1959"><net_src comp="1941" pin="2"/><net_sink comp="1955" pin=0"/></net>

<net id="1960"><net_src comp="1947" pin="3"/><net_sink comp="1955" pin=1"/></net>

<net id="1965"><net_src comp="1907" pin="2"/><net_sink comp="1961" pin=0"/></net>

<net id="1966"><net_src comp="252" pin="0"/><net_sink comp="1961" pin=1"/></net>

<net id="1971"><net_src comp="1907" pin="2"/><net_sink comp="1967" pin=0"/></net>

<net id="1972"><net_src comp="252" pin="0"/><net_sink comp="1967" pin=1"/></net>

<net id="1977"><net_src comp="1913" pin="3"/><net_sink comp="1973" pin=1"/></net>

<net id="1981"><net_src comp="1907" pin="2"/><net_sink comp="1978" pin=0"/></net>

<net id="1985"><net_src comp="1978" pin="1"/><net_sink comp="1982" pin=0"/></net>

<net id="1990"><net_src comp="1521" pin="3"/><net_sink comp="1986" pin=0"/></net>

<net id="1991"><net_src comp="1982" pin="1"/><net_sink comp="1986" pin=1"/></net>

<net id="1996"><net_src comp="272" pin="0"/><net_sink comp="1992" pin=0"/></net>

<net id="1997"><net_src comp="1982" pin="1"/><net_sink comp="1992" pin=1"/></net>

<net id="2002"><net_src comp="1986" pin="2"/><net_sink comp="1998" pin=0"/></net>

<net id="2003"><net_src comp="1992" pin="2"/><net_sink comp="1998" pin=1"/></net>

<net id="2009"><net_src comp="290" pin="0"/><net_sink comp="2004" pin=0"/></net>

<net id="2010"><net_src comp="1907" pin="2"/><net_sink comp="2004" pin=1"/></net>

<net id="2011"><net_src comp="276" pin="0"/><net_sink comp="2004" pin=2"/></net>

<net id="2016"><net_src comp="2004" pin="3"/><net_sink comp="2012" pin=0"/></net>

<net id="2017"><net_src comp="26" pin="0"/><net_sink comp="2012" pin=1"/></net>

<net id="2023"><net_src comp="1967" pin="2"/><net_sink comp="2018" pin=0"/></net>

<net id="2024"><net_src comp="1998" pin="2"/><net_sink comp="2018" pin=1"/></net>

<net id="2025"><net_src comp="2012" pin="2"/><net_sink comp="2018" pin=2"/></net>

<net id="2030"><net_src comp="1961" pin="2"/><net_sink comp="2026" pin=0"/></net>

<net id="2031"><net_src comp="1935" pin="2"/><net_sink comp="2026" pin=1"/></net>

<net id="2036"><net_src comp="2018" pin="3"/><net_sink comp="2032" pin=0"/></net>

<net id="2037"><net_src comp="1955" pin="2"/><net_sink comp="2032" pin=1"/></net>

<net id="2042"><net_src comp="1955" pin="2"/><net_sink comp="2038" pin=0"/></net>

<net id="2043"><net_src comp="26" pin="0"/><net_sink comp="2038" pin=1"/></net>

<net id="2048"><net_src comp="1986" pin="2"/><net_sink comp="2044" pin=0"/></net>

<net id="2049"><net_src comp="236" pin="0"/><net_sink comp="2044" pin=1"/></net>

<net id="2054"><net_src comp="2044" pin="2"/><net_sink comp="2050" pin=0"/></net>

<net id="2055"><net_src comp="2038" pin="2"/><net_sink comp="2050" pin=1"/></net>

<net id="2060"><net_src comp="1907" pin="2"/><net_sink comp="2056" pin=0"/></net>

<net id="2061"><net_src comp="252" pin="0"/><net_sink comp="2056" pin=1"/></net>

<net id="2067"><net_src comp="2056" pin="2"/><net_sink comp="2062" pin=0"/></net>

<net id="2068"><net_src comp="1955" pin="2"/><net_sink comp="2062" pin=1"/></net>

<net id="2069"><net_src comp="1935" pin="2"/><net_sink comp="2062" pin=2"/></net>

<net id="2075"><net_src comp="2056" pin="2"/><net_sink comp="2070" pin=0"/></net>

<net id="2076"><net_src comp="2038" pin="2"/><net_sink comp="2070" pin=1"/></net>

<net id="2077"><net_src comp="1935" pin="2"/><net_sink comp="2070" pin=2"/></net>

<net id="2083"><net_src comp="2026" pin="2"/><net_sink comp="2078" pin=0"/></net>

<net id="2084"><net_src comp="2032" pin="2"/><net_sink comp="2078" pin=1"/></net>

<net id="2085"><net_src comp="2062" pin="3"/><net_sink comp="2078" pin=2"/></net>

<net id="2091"><net_src comp="2026" pin="2"/><net_sink comp="2086" pin=0"/></net>

<net id="2092"><net_src comp="2050" pin="2"/><net_sink comp="2086" pin=1"/></net>

<net id="2093"><net_src comp="2070" pin="3"/><net_sink comp="2086" pin=2"/></net>

<net id="2099"><net_src comp="1861" pin="2"/><net_sink comp="2094" pin=0"/></net>

<net id="2100"><net_src comp="2078" pin="3"/><net_sink comp="2094" pin=1"/></net>

<net id="2101"><net_src comp="2086" pin="3"/><net_sink comp="2094" pin=2"/></net>

<net id="2106"><net_src comp="1927" pin="3"/><net_sink comp="2102" pin=0"/></net>

<net id="2107"><net_src comp="2038" pin="2"/><net_sink comp="2102" pin=1"/></net>

<net id="2112"><net_src comp="2018" pin="3"/><net_sink comp="2108" pin=0"/></net>

<net id="2113"><net_src comp="2102" pin="2"/><net_sink comp="2108" pin=1"/></net>

<net id="2119"><net_src comp="1861" pin="2"/><net_sink comp="2114" pin=0"/></net>

<net id="2120"><net_src comp="2108" pin="2"/><net_sink comp="2114" pin=1"/></net>

<net id="2121"><net_src comp="2078" pin="3"/><net_sink comp="2114" pin=2"/></net>

<net id="2126"><net_src comp="1861" pin="2"/><net_sink comp="2122" pin=0"/></net>

<net id="2127"><net_src comp="2078" pin="3"/><net_sink comp="2122" pin=1"/></net>

<net id="2132"><net_src comp="2122" pin="2"/><net_sink comp="2128" pin=0"/></net>

<net id="2133"><net_src comp="26" pin="0"/><net_sink comp="2128" pin=1"/></net>

<net id="2138"><net_src comp="1921" pin="2"/><net_sink comp="2134" pin=0"/></net>

<net id="2139"><net_src comp="26" pin="0"/><net_sink comp="2134" pin=1"/></net>

<net id="2144"><net_src comp="2114" pin="3"/><net_sink comp="2140" pin=0"/></net>

<net id="2145"><net_src comp="2134" pin="2"/><net_sink comp="2140" pin=1"/></net>

<net id="2150"><net_src comp="1921" pin="2"/><net_sink comp="2146" pin=0"/></net>

<net id="2156"><net_src comp="292" pin="0"/><net_sink comp="2151" pin=0"/></net>

<net id="2157"><net_src comp="2134" pin="2"/><net_sink comp="2151" pin=1"/></net>

<net id="2158"><net_src comp="2146" pin="2"/><net_sink comp="2151" pin=2"/></net>

<net id="2170"><net_src comp="294" pin="0"/><net_sink comp="2159" pin=0"/></net>

<net id="2171"><net_src comp="296" pin="0"/><net_sink comp="2159" pin=1"/></net>

<net id="2172"><net_src comp="1973" pin="2"/><net_sink comp="2159" pin=2"/></net>

<net id="2173"><net_src comp="298" pin="0"/><net_sink comp="2159" pin=3"/></net>

<net id="2174"><net_src comp="2128" pin="2"/><net_sink comp="2159" pin=4"/></net>

<net id="2175"><net_src comp="300" pin="0"/><net_sink comp="2159" pin=5"/></net>

<net id="2176"><net_src comp="106" pin="0"/><net_sink comp="2159" pin=6"/></net>

<net id="2177"><net_src comp="122" pin="0"/><net_sink comp="2159" pin=7"/></net>

<net id="2178"><net_src comp="2151" pin="3"/><net_sink comp="2159" pin=8"/></net>

<net id="2183"><net_src comp="2094" pin="3"/><net_sink comp="2179" pin=0"/></net>

<net id="2184"><net_src comp="26" pin="0"/><net_sink comp="2179" pin=1"/></net>

<net id="2189"><net_src comp="1921" pin="2"/><net_sink comp="2185" pin=0"/></net>

<net id="2190"><net_src comp="2179" pin="2"/><net_sink comp="2185" pin=1"/></net>

<net id="2195"><net_src comp="1913" pin="3"/><net_sink comp="2191" pin=0"/></net>

<net id="2196"><net_src comp="2185" pin="2"/><net_sink comp="2191" pin=1"/></net>

<net id="2201"><net_src comp="26" pin="0"/><net_sink comp="2197" pin=1"/></net>

<net id="2206"><net_src comp="2191" pin="2"/><net_sink comp="2202" pin=0"/></net>

<net id="2207"><net_src comp="2197" pin="2"/><net_sink comp="2202" pin=1"/></net>

<net id="2212"><net_src comp="1913" pin="3"/><net_sink comp="2208" pin=0"/></net>

<net id="2213"><net_src comp="2140" pin="2"/><net_sink comp="2208" pin=1"/></net>

<net id="2218"><net_src comp="2208" pin="2"/><net_sink comp="2214" pin=0"/></net>

<net id="2219"><net_src comp="26" pin="0"/><net_sink comp="2214" pin=1"/></net>

<net id="2224"><net_src comp="2159" pin="9"/><net_sink comp="2220" pin=0"/></net>

<net id="2225"><net_src comp="2214" pin="2"/><net_sink comp="2220" pin=1"/></net>

<net id="2230"><net_src comp="2220" pin="2"/><net_sink comp="2226" pin=0"/></net>

<net id="2231"><net_src comp="2202" pin="2"/><net_sink comp="2226" pin=1"/></net>

<net id="2237"><net_src comp="2202" pin="2"/><net_sink comp="2232" pin=0"/></net>

<net id="2238"><net_src comp="30" pin="0"/><net_sink comp="2232" pin=1"/></net>

<net id="2239"><net_src comp="32" pin="0"/><net_sink comp="2232" pin=2"/></net>

<net id="2244"><net_src comp="1528" pin="2"/><net_sink comp="2240" pin=0"/></net>

<net id="2245"><net_src comp="26" pin="0"/><net_sink comp="2240" pin=1"/></net>

<net id="2250"><net_src comp="2226" pin="2"/><net_sink comp="2246" pin=0"/></net>

<net id="2251"><net_src comp="2240" pin="2"/><net_sink comp="2246" pin=1"/></net>

<net id="2256"><net_src comp="2246" pin="2"/><net_sink comp="2252" pin=0"/></net>

<net id="2257"><net_src comp="1891" pin="2"/><net_sink comp="2252" pin=1"/></net>

<net id="2263"><net_src comp="292" pin="0"/><net_sink comp="2258" pin=0"/></net>

<net id="2264"><net_src comp="1528" pin="2"/><net_sink comp="2258" pin=1"/></net>

<net id="2265"><net_src comp="2252" pin="2"/><net_sink comp="2258" pin=2"/></net>

<net id="2277"><net_src comp="302" pin="0"/><net_sink comp="2266" pin=0"/></net>

<net id="2278"><net_src comp="296" pin="0"/><net_sink comp="2266" pin=1"/></net>

<net id="2279"><net_src comp="96" pin="0"/><net_sink comp="2266" pin=2"/></net>

<net id="2280"><net_src comp="298" pin="0"/><net_sink comp="2266" pin=3"/></net>

<net id="2281"><net_src comp="2232" pin="3"/><net_sink comp="2266" pin=4"/></net>

<net id="2282"><net_src comp="300" pin="0"/><net_sink comp="2266" pin=5"/></net>

<net id="2283"><net_src comp="1831" pin="11"/><net_sink comp="2266" pin=6"/></net>

<net id="2284"><net_src comp="284" pin="0"/><net_sink comp="2266" pin=7"/></net>

<net id="2285"><net_src comp="2258" pin="3"/><net_sink comp="2266" pin=8"/></net>

<net id="2289"><net_src comp="2266" pin="9"/><net_sink comp="2286" pin=0"/></net>

<net id="2294"><net_src comp="2286" pin="1"/><net_sink comp="2290" pin=0"/></net>

<net id="2295"><net_src comp="304" pin="0"/><net_sink comp="2290" pin=1"/></net>

<net id="2301"><net_src comp="314" pin="0"/><net_sink comp="2296" pin=0"/></net>

<net id="2302"><net_src comp="316" pin="0"/><net_sink comp="2296" pin=2"/></net>

<net id="2307"><net_src comp="2296" pin="3"/><net_sink comp="2303" pin=0"/></net>

<net id="2308"><net_src comp="318" pin="0"/><net_sink comp="2303" pin=1"/></net>

<net id="2314"><net_src comp="320" pin="0"/><net_sink comp="2309" pin=0"/></net>

<net id="2315"><net_src comp="2303" pin="2"/><net_sink comp="2309" pin=1"/></net>

<net id="2316"><net_src comp="230" pin="0"/><net_sink comp="2309" pin=2"/></net>

<net id="2323"><net_src comp="322" pin="0"/><net_sink comp="2317" pin=0"/></net>

<net id="2324"><net_src comp="2303" pin="2"/><net_sink comp="2317" pin=1"/></net>

<net id="2325"><net_src comp="324" pin="0"/><net_sink comp="2317" pin=2"/></net>

<net id="2326"><net_src comp="230" pin="0"/><net_sink comp="2317" pin=3"/></net>

<net id="2330"><net_src comp="2317" pin="4"/><net_sink comp="2327" pin=0"/></net>

<net id="2336"><net_src comp="320" pin="0"/><net_sink comp="2331" pin=0"/></net>

<net id="2337"><net_src comp="2303" pin="2"/><net_sink comp="2331" pin=1"/></net>

<net id="2338"><net_src comp="16" pin="0"/><net_sink comp="2331" pin=2"/></net>

<net id="2342"><net_src comp="2303" pin="2"/><net_sink comp="2339" pin=0"/></net>

<net id="2347"><net_src comp="2339" pin="1"/><net_sink comp="2343" pin=0"/></net>

<net id="2348"><net_src comp="326" pin="0"/><net_sink comp="2343" pin=1"/></net>

<net id="2354"><net_src comp="320" pin="0"/><net_sink comp="2349" pin=0"/></net>

<net id="2355"><net_src comp="2303" pin="2"/><net_sink comp="2349" pin=1"/></net>

<net id="2356"><net_src comp="324" pin="0"/><net_sink comp="2349" pin=2"/></net>

<net id="2361"><net_src comp="2349" pin="3"/><net_sink comp="2357" pin=0"/></net>

<net id="2362"><net_src comp="2343" pin="2"/><net_sink comp="2357" pin=1"/></net>

<net id="2367"><net_src comp="2357" pin="2"/><net_sink comp="2363" pin=0"/></net>

<net id="2368"><net_src comp="2331" pin="3"/><net_sink comp="2363" pin=1"/></net>

<net id="2372"><net_src comp="2363" pin="2"/><net_sink comp="2369" pin=0"/></net>

<net id="2377"><net_src comp="2327" pin="1"/><net_sink comp="2373" pin=0"/></net>

<net id="2378"><net_src comp="2369" pin="1"/><net_sink comp="2373" pin=1"/></net>

<net id="2384"><net_src comp="14" pin="0"/><net_sink comp="2379" pin=0"/></net>

<net id="2385"><net_src comp="2373" pin="2"/><net_sink comp="2379" pin=1"/></net>

<net id="2386"><net_src comp="16" pin="0"/><net_sink comp="2379" pin=2"/></net>

<net id="2391"><net_src comp="2309" pin="3"/><net_sink comp="2387" pin=0"/></net>

<net id="2392"><net_src comp="26" pin="0"/><net_sink comp="2387" pin=1"/></net>

<net id="2397"><net_src comp="2379" pin="3"/><net_sink comp="2393" pin=0"/></net>

<net id="2398"><net_src comp="2387" pin="2"/><net_sink comp="2393" pin=1"/></net>

<net id="2403"><net_src comp="2309" pin="3"/><net_sink comp="2399" pin=0"/></net>

<net id="2404"><net_src comp="2393" pin="2"/><net_sink comp="2399" pin=1"/></net>

<net id="2409"><net_src comp="2399" pin="2"/><net_sink comp="2405" pin=0"/></net>

<net id="2410"><net_src comp="26" pin="0"/><net_sink comp="2405" pin=1"/></net>

<net id="2415"><net_src comp="2379" pin="3"/><net_sink comp="2411" pin=0"/></net>

<net id="2416"><net_src comp="2405" pin="2"/><net_sink comp="2411" pin=1"/></net>

<net id="2421"><net_src comp="2411" pin="2"/><net_sink comp="2417" pin=0"/></net>

<net id="2422"><net_src comp="2387" pin="2"/><net_sink comp="2417" pin=1"/></net>

<net id="2428"><net_src comp="2417" pin="2"/><net_sink comp="2423" pin=0"/></net>

<net id="2429"><net_src comp="30" pin="0"/><net_sink comp="2423" pin=1"/></net>

<net id="2430"><net_src comp="2373" pin="2"/><net_sink comp="2423" pin=2"/></net>

<net id="2434"><net_src comp="2423" pin="3"/><net_sink comp="2431" pin=0"/></net>

<net id="2435"><net_src comp="2431" pin="1"/><net_sink comp="417" pin=1"/></net>

<net id="2439"><net_src comp="2436" pin="1"/><net_sink comp="417" pin=0"/></net>

<net id="2443"><net_src comp="417" pin="2"/><net_sink comp="2440" pin=0"/></net>

<net id="2450"><net_src comp="322" pin="0"/><net_sink comp="2444" pin=0"/></net>

<net id="2451"><net_src comp="417" pin="2"/><net_sink comp="2444" pin=1"/></net>

<net id="2452"><net_src comp="324" pin="0"/><net_sink comp="2444" pin=2"/></net>

<net id="2453"><net_src comp="230" pin="0"/><net_sink comp="2444" pin=3"/></net>

<net id="2457"><net_src comp="2444" pin="4"/><net_sink comp="2454" pin=0"/></net>

<net id="2463"><net_src comp="222" pin="0"/><net_sink comp="2458" pin=0"/></net>

<net id="2464"><net_src comp="2440" pin="1"/><net_sink comp="2458" pin=1"/></net>

<net id="2465"><net_src comp="224" pin="0"/><net_sink comp="2458" pin=2"/></net>

<net id="2469"><net_src comp="417" pin="2"/><net_sink comp="2466" pin=0"/></net>

<net id="2474"><net_src comp="2466" pin="1"/><net_sink comp="2470" pin=0"/></net>

<net id="2475"><net_src comp="96" pin="0"/><net_sink comp="2470" pin=1"/></net>

<net id="2480"><net_src comp="2454" pin="1"/><net_sink comp="2476" pin=0"/></net>

<net id="2481"><net_src comp="182" pin="0"/><net_sink comp="2476" pin=1"/></net>

<net id="2487"><net_src comp="2470" pin="2"/><net_sink comp="2482" pin=0"/></net>

<net id="2488"><net_src comp="2476" pin="2"/><net_sink comp="2482" pin=1"/></net>

<net id="2489"><net_src comp="2454" pin="1"/><net_sink comp="2482" pin=2"/></net>

<net id="2495"><net_src comp="2458" pin="3"/><net_sink comp="2490" pin=0"/></net>

<net id="2496"><net_src comp="2482" pin="3"/><net_sink comp="2490" pin=1"/></net>

<net id="2497"><net_src comp="2454" pin="1"/><net_sink comp="2490" pin=2"/></net>

<net id="2501"><net_src comp="328" pin="2"/><net_sink comp="2498" pin=0"/></net>

<net id="2502"><net_src comp="2498" pin="1"/><net_sink comp="402" pin=0"/></net>

<net id="2506"><net_src comp="519" pin="3"/><net_sink comp="2503" pin=0"/></net>

<net id="2507"><net_src comp="2503" pin="1"/><net_sink comp="2436" pin=0"/></net>

<net id="2511"><net_src comp="402" pin="1"/><net_sink comp="2508" pin=0"/></net>

<net id="2512"><net_src comp="2508" pin="1"/><net_sink comp="397" pin=0"/></net>

<net id="2516"><net_src comp="397" pin="2"/><net_sink comp="2513" pin=0"/></net>

<net id="2517"><net_src comp="2513" pin="1"/><net_sink comp="392" pin=0"/></net>

<net id="2521"><net_src comp="531" pin="3"/><net_sink comp="2518" pin=0"/></net>

<net id="2522"><net_src comp="2518" pin="1"/><net_sink comp="811" pin=1"/></net>

<net id="2523"><net_src comp="2518" pin="1"/><net_sink comp="1003" pin=1"/></net>

<net id="2527"><net_src comp="539" pin="4"/><net_sink comp="2524" pin=0"/></net>

<net id="2528"><net_src comp="2524" pin="1"/><net_sink comp="592" pin=0"/></net>

<net id="2529"><net_src comp="2524" pin="1"/><net_sink comp="970" pin=0"/></net>

<net id="2530"><net_src comp="2524" pin="1"/><net_sink comp="986" pin=0"/></net>

<net id="2534"><net_src comp="549" pin="1"/><net_sink comp="2531" pin=0"/></net>

<net id="2535"><net_src comp="2531" pin="1"/><net_sink comp="604" pin=2"/></net>

<net id="2536"><net_src comp="2531" pin="1"/><net_sink comp="975" pin=0"/></net>

<net id="2540"><net_src comp="553" pin="2"/><net_sink comp="2537" pin=0"/></net>

<net id="2541"><net_src comp="2537" pin="1"/><net_sink comp="597" pin=0"/></net>

<net id="2542"><net_src comp="2537" pin="1"/><net_sink comp="656" pin=0"/></net>

<net id="2546"><net_src comp="340" pin="3"/><net_sink comp="2543" pin=0"/></net>

<net id="2547"><net_src comp="2543" pin="1"/><net_sink comp="347" pin=0"/></net>

<net id="2551"><net_src comp="588" pin="1"/><net_sink comp="2548" pin=0"/></net>

<net id="2552"><net_src comp="2548" pin="1"/><net_sink comp="611" pin=0"/></net>

<net id="2556"><net_src comp="743" pin="4"/><net_sink comp="2553" pin=0"/></net>

<net id="2557"><net_src comp="2553" pin="1"/><net_sink comp="1025" pin=0"/></net>

<net id="2558"><net_src comp="2553" pin="1"/><net_sink comp="1111" pin=2"/></net>

<net id="2562"><net_src comp="757" pin="2"/><net_sink comp="2559" pin=0"/></net>

<net id="2563"><net_src comp="2559" pin="1"/><net_sink comp="1010" pin=1"/></net>

<net id="2564"><net_src comp="2559" pin="1"/><net_sink comp="1015" pin=2"/></net>

<net id="2565"><net_src comp="2559" pin="1"/><net_sink comp="1117" pin=2"/></net>

<net id="2569"><net_src comp="763" pin="3"/><net_sink comp="2566" pin=0"/></net>

<net id="2570"><net_src comp="2566" pin="1"/><net_sink comp="1015" pin=0"/></net>

<net id="2571"><net_src comp="2566" pin="1"/><net_sink comp="1040" pin=0"/></net>

<net id="2575"><net_src comp="771" pin="19"/><net_sink comp="2572" pin=0"/></net>

<net id="2576"><net_src comp="2572" pin="1"/><net_sink comp="1091" pin=0"/></net>

<net id="2577"><net_src comp="2572" pin="1"/><net_sink comp="1111" pin=0"/></net>

<net id="2578"><net_src comp="2572" pin="1"/><net_sink comp="1117" pin=0"/></net>

<net id="2582"><net_src comp="980" pin="2"/><net_sink comp="2579" pin=0"/></net>

<net id="2583"><net_src comp="2579" pin="1"/><net_sink comp="1399" pin=0"/></net>

<net id="2584"><net_src comp="2579" pin="1"/><net_sink comp="1445" pin=0"/></net>

<net id="2588"><net_src comp="986" pin="2"/><net_sink comp="2585" pin=0"/></net>

<net id="2589"><net_src comp="2585" pin="1"/><net_sink comp="1379" pin=0"/></net>

<net id="2590"><net_src comp="2585" pin="1"/><net_sink comp="1386" pin=0"/></net>

<net id="2591"><net_src comp="2585" pin="1"/><net_sink comp="1431" pin=0"/></net>

<net id="2595"><net_src comp="1003" pin="3"/><net_sink comp="2592" pin=0"/></net>

<net id="2596"><net_src comp="2592" pin="1"/><net_sink comp="1452" pin=1"/></net>

<net id="2600"><net_src comp="1047" pin="1"/><net_sink comp="2597" pin=0"/></net>

<net id="2601"><net_src comp="2597" pin="1"/><net_sink comp="1136" pin=0"/></net>

<net id="2605"><net_src comp="1081" pin="4"/><net_sink comp="2602" pin=0"/></net>

<net id="2606"><net_src comp="2602" pin="1"/><net_sink comp="1123" pin=0"/></net>

<net id="2610"><net_src comp="353" pin="3"/><net_sink comp="2607" pin=0"/></net>

<net id="2611"><net_src comp="2607" pin="1"/><net_sink comp="360" pin=0"/></net>

<net id="2615"><net_src comp="366" pin="3"/><net_sink comp="2612" pin=0"/></net>

<net id="2616"><net_src comp="2612" pin="1"/><net_sink comp="373" pin=0"/></net>

<net id="2620"><net_src comp="379" pin="3"/><net_sink comp="2617" pin=0"/></net>

<net id="2621"><net_src comp="2617" pin="1"/><net_sink comp="386" pin=0"/></net>

<net id="2625"><net_src comp="1299" pin="2"/><net_sink comp="2622" pin=0"/></net>

<net id="2626"><net_src comp="2622" pin="1"/><net_sink comp="1415" pin=1"/></net>

<net id="2630"><net_src comp="1309" pin="2"/><net_sink comp="2627" pin=0"/></net>

<net id="2631"><net_src comp="2627" pin="1"/><net_sink comp="1424" pin=0"/></net>

<net id="2635"><net_src comp="1325" pin="2"/><net_sink comp="2632" pin=0"/></net>

<net id="2636"><net_src comp="2632" pin="1"/><net_sink comp="1406" pin=1"/></net>

<net id="2640"><net_src comp="1386" pin="2"/><net_sink comp="2637" pin=0"/></net>

<net id="2641"><net_src comp="2637" pin="1"/><net_sink comp="1438" pin=0"/></net>

<net id="2645"><net_src comp="1399" pin="3"/><net_sink comp="2642" pin=0"/></net>

<net id="2646"><net_src comp="2642" pin="1"/><net_sink comp="1452" pin=2"/></net>

<net id="2650"><net_src comp="1469" pin="1"/><net_sink comp="2647" pin=0"/></net>

<net id="2651"><net_src comp="2647" pin="1"/><net_sink comp="1528" pin=0"/></net>

<net id="2655"><net_src comp="1473" pin="3"/><net_sink comp="2652" pin=0"/></net>

<net id="2656"><net_src comp="2652" pin="1"/><net_sink comp="1521" pin=0"/></net>

<net id="2657"><net_src comp="2652" pin="1"/><net_sink comp="1593" pin=0"/></net>

<net id="2658"><net_src comp="2652" pin="1"/><net_sink comp="1668" pin=1"/></net>

<net id="2659"><net_src comp="2652" pin="1"/><net_sink comp="1973" pin=0"/></net>

<net id="2660"><net_src comp="2652" pin="1"/><net_sink comp="2146" pin=1"/></net>

<net id="2661"><net_src comp="2652" pin="1"/><net_sink comp="2197" pin=0"/></net>

<net id="2665"><net_src comp="1481" pin="4"/><net_sink comp="2662" pin=0"/></net>

<net id="2666"><net_src comp="2662" pin="1"/><net_sink comp="1495" pin=0"/></net>

<net id="2670"><net_src comp="1491" pin="1"/><net_sink comp="2667" pin=0"/></net>

<net id="2671"><net_src comp="2667" pin="1"/><net_sink comp="1504" pin=2"/></net>

<net id="2675"><net_src comp="2290" pin="2"/><net_sink comp="2672" pin=0"/></net>

<net id="2676"><net_src comp="2672" pin="1"/><net_sink comp="2296" pin=1"/></net>

</net_list>

</model> 
---------------- Datapath Model END ------------------

* FSMD analyzer results:
  - Output states:
	Port: data | {}
	Port: count | {}
	Port: ref_4oPi_table_100 | {}
	Port: second_order_float_sin_cos_K0 | {}
	Port: second_order_float_sin_cos_K1 | {}
	Port: second_order_float_sin_cos_K2 | {}
 - Input state : 
	Port: tremolo : data | {1 }
	Port: tremolo : count | {1 }
	Port: tremolo : ref_4oPi_table_100 | {11 12 }
	Port: tremolo : second_order_float_sin_cos_K0 | {13 14 }
	Port: tremolo : second_order_float_sin_cos_K1 | {13 14 }
	Port: tremolo : second_order_float_sin_cos_K2 | {13 14 }
  - Chain level:
	State 1
		icmp_ln40 : 1
		or_ln40 : 2
		xor_ln40 : 1
		and_ln40 : 2
		xor_ln40_1 : 1
		icmp_ln40_1 : 1
		or_ln40_1 : 2
		and_ln40_1 : 2
		select_ln40 : 2
		or_ln40_2 : 2
		select_ln40_1 : 2
	State 2
	State 3
	State 4
	State 5
	State 6
	State 7
	State 8
	State 9
	State 10
	State 11
		data_1 : 1
		din_sign : 2
		din_exp : 2
		din_sig : 2
		closepath : 3
		add_ln376 : 3
		addr : 4
		lshr_ln : 5
		zext_ln378 : 6
		ref_4oPi_table_100_addr : 7
		table_100 : 8
		trunc_ln379 : 5
	State 12
		select_ln453 : 1
		shl_ln379 : 1
		Med : 2
		zext_ln468 : 1
		h : 3
		Mx_bits : 4
		k : 4
		k_1 : 5
		trunc_ln491 : 6
		Mx_bits_1 : 5
		Mx_bits_2 : 7
		tmp_136_i3 : 8
		t : 9
		tmp_137_i : 10
		tmp_138_i : 11
		sext_ln75 : 12
		tmp_139_i : 13
		Mx_zeros : 14
		zext_ln504 : 15
		shl_ln504 : 16
		Mx : 17
		zext_ln505 : 15
		Ex_1 : 16
		tmp_2 : 17
		cos_basis : 6
		index : 6
		tmp_145_i : 7
		tmp_146_i : 7
		results_sign : 8
		and_ln271 : 1
		xor_ln282 : 1
		results_sign_1 : 9
		results_sign_2 : 9
	State 13
		select_ln506 : 1
		zext_ln506 : 2
		lshr_ln506 : 3
		shl_ln506 : 3
		select_ln506_1 : 4
		B : 5
		tmp_140_i : 5
		B_trunc : 5
		zext_ln23 : 6
		mul_ln23 : 7
		B_squared : 8
		A : 6
		zext_ln28 : 7
		second_order_float_sin_cos_K0_addr : 8
		second_order_float_sin_cos_K0_load : 9
		second_order_float_sin_cos_K1_addr : 8
		second_order_float_sin_cos_K1_load : 9
		second_order_float_sin_cos_K2_addr : 8
		second_order_float_sin_cos_K2_load : 9
	State 14
		t1 : 1
		sext_ln29 : 1
		mul_ln29 : 2
		trunc_ln : 3
		sext_ln30 : 1
		mul_ln30 : 2
		trunc_ln1 : 3
		sext_ln32 : 2
		sext_ln32_1 : 4
		add_ln32 : 5
		sext_ln32_2 : 4
		add_ln32_1 : 6
		sext_ln32_3 : 7
		zext_ln32 : 1
		mul_ln32 : 8
		result : 9
		sext_ln252 : 1
		tmp_141_i : 9
		out_bits : 10
		tmp_142_i : 9
		out_bits_2 : 10
		tmp_143_i : 11
		c : 12
		tmp_144_i : 11
		c_1 : 12
		zext_ln291 : 10
		shl_ln291 : 13
		in_shift_1 : 14
		icmp_ln292 : 13
		shift_1 : 13
		zext_ln291_1 : 15
		shl_ln291_1 : 16
		shift_2 : 14
		add_ln300 : 2
		sext_ln300 : 3
		newexp : 15
		tmp_3 : 16
		icmp_ln306 : 10
		or_ln306 : 17
		empty : 16
		or_ln282 : 17
		results_exp : 17
		results_exp_1 : 18
	State 15
		empty_75 : 1
		results_sig : 2
		results_sig_1 : 3
		t_2 : 4
		bitcast_ln327 : 5
		pf : 6
		bitcast_ln716 : 7
		trunc_ln37 : 8
		tmp_4 : 8
		tmp_1 : 8
		trunc_ln37_1 : 8
	State 16
		add_ln37 : 1
		zext_ln37_1 : 1
		sub_ln37 : 2
		select_ln37 : 3
		sub_ln37_1 : 1
		trunc_ln37_2 : 2
		icmp_ln37_1 : 2
		add_ln37_1 : 2
		trunc_ln37_3 : 3
		sub_ln37_2 : 3
		select_ln37_1 : 4
		zext_ln37_4 : 5
		icmp_ln37_2 : 2
		trunc_ln37_4 : 4
		icmp_ln37_3 : 5
		zext_ln37_2 : 5
		ashr_ln37 : 6
		trunc_ln37_5 : 7
		select_ln37_2 : 8
		icmp_ln37_4 : 3
		tmp_5 : 5
		icmp_ln37_9 : 6
		add_ln37_2 : 2
		sext_ln37 : 3
		tmp_6 : 4
		shl_ln37 : 6
		cond63_i : 5
		icmp_ln37_6 : 2
		add_ln37_3 : 2
		icmp_ln37_7 : 3
		trunc_ln37_6 : 3
		sub_ln37_3 : 4
		select_ln37_8 : 5
		zext_ln37_5 : 6
		lshr_ln37_2 : 7
		and_ln37_17 : 8
		icmp_ln37_8 : 8
		cond85_i : 9
		tmp_7 : 9
		trunc_ln37_7 : 9
		or_ln37 : 9
		and_ln37 : 9
		zext_ln37_3 : 9
		add_ln37_4 : 10
		tmp_8 : 11
		xor_ln37 : 12
		xor_ln37_2 : 3
		and_ln37_1 : 3
		tmp_9 : 2
		icmp_ln37_11 : 3
		and_ln37_11 : 7
		sel_tmp6 : 7
		ref_tmp_i_i : 11
		and_ln37_12 : 10
		carry_1_i : 12
		select_ln37_9 : 3
		add_ln37_5 : 4
		tmp_10 : 5
		icmp_ln37_16 : 6
		add_ln37_6 : 2
		sext_ln37_1 : 3
		add_ln37_7 : 2
		tmp_11 : 12
		icmp_ln37_10 : 3
		tmp_12 : 3
		xor_ln37_8 : 4
		icmp_ln37_12 : 3
		tobool130_i : 4
		lD_0_i : 5
		icmp_ln37_13 : 3
		icmp_ln37_14 : 3
		and_ln37_2 : 13
		sext_ln37_2 : 3
		zext_ln37_6 : 4
		lshr_ln37 : 5
		lshr_ln37_1 : 5
		icmp_ln37_15 : 6
		tmp_13 : 3
		xor_ln37_9 : 4
		Range2_all_ones_1_i : 7
		and_ln37_3 : 4
		and_ln37_4 : 8
		xor_ln37_1 : 5
		icmp_ln37_17 : 6
		and_ln37_5 : 5
		icmp_ln37_18 : 3
		select_ln37_6 : 5
		select_ln37_7 : 5
		Range1_all_ones_2_i : 8
		Range1_all_zeros_2_i : 6
		select_ln37_4 : 12
		or_ln37_1 : 5
		and_ln37_6 : 5
		cond189_i : 12
		and_ln37_7 : 12
		xor_ln37_3 : 12
		not_icmp_ln37_1062 : 4
		deleted_ones_0_i : 13
		and_ln37_13 : 4
		sel_tmp : 4
		neg_src_0_i : 12
		xor_ln37_4 : 13
		and_ln37_14 : 13
		or_ln37_2 : 13
		and_ln37_8 : 13
		and_ln37_9 : 13
		xor_ln37_6 : 13
		and_ln37_10 : 13
		or_ln37_3 : 13
		select_ln37_5 : 13
		xor_ln37_7 : 1
		and_ln37_15 : 13
		and_ln37_16 : 13
		sel_tmp1 : 13
		lfo : 14
		sext_ln39 : 15
		add_ln39 : 16
	State 17
		add_ln39_1 : 1
		tmp_14 : 2
		mod : 2
		sext_ln39_1 : 3
		tmp_15 : 2
		trunc_ln39 : 2
		icmp_ln39 : 3
		tmp_16 : 2
		or_ln39 : 4
		and_ln39 : 4
		zext_ln39 : 4
		mod_1 : 5
		tmp_17 : 6
		xor_ln39 : 3
		or_ln39_2 : 7
		xor_ln39_1 : 7
		xor_ln39_2 : 7
		or_ln39_1 : 7
		and_ln39_1 : 7
		mod_2 : 7
		sext_ln40 : 8
		mul_ln40 : 9
		sext_ln40_2 : 10
		tmp_21 : 10
		sext_ln40_3 : 11
		tmp_22 : 11
		trunc_ln40 : 10
		icmp_ln40_2 : 11
		add_ln40 : 12
		select_ln40_2 : 13
		ref_tmp_i_0 : 14
		ret_ln40 : 15


============================================================
+ Verbose Summary: Datapath Resource usage 
============================================================

* Functional unit list:
|----------|------------------------------|---------|---------|---------|
| Operation|        Functional Unit       |   DSP   |    FF   |   LUT   |
|----------|------------------------------|---------|---------|---------|
|          |        shl_ln40_fu_433       |    0    |    0    |    0    |
|          |       shl_ln379_fu_614       |    0    |    0    |   325   |
|          |       shl_ln504_fu_737       |    0    |    0    |   166   |
|    shl   |       shl_ln506_fu_1034      |    0    |    0    |    74   |
|          |       shl_ln291_fu_1299      |    0    |    0    |    96   |
|          |      shl_ln291_1_fu_1325     |    0    |    0    |    96   |
|          |       shl_ln37_fu_1662       |    0    |    0    |    96   |
|----------|------------------------------|---------|---------|---------|
|          |       icmp_ln40_fu_457       |    0    |    0    |    23   |
|          |      icmp_ln40_1_fu_487      |    0    |    0    |    23   |
|          |       closepath_fu_553       |    0    |    0    |    15   |
|          |       icmp_ln271_fu_970      |    0    |    0    |    15   |
|          |      icmp_ln271_1_fu_975     |    0    |    0    |    30   |
|          |       icmp_ln282_fu_986      |    0    |    0    |    15   |
|          |      icmp_ln292_fu_1309      |    0    |    0    |    39   |
|          |      icmp_ln306_fu_1363      |    0    |    0    |    36   |
|          |       icmp_ln37_fu_1528      |    0    |    0    |    70   |
|          |      icmp_ln37_1_fu_1543     |    0    |    0    |    19   |
|          |      icmp_ln37_2_fu_1577     |    0    |    0    |    19   |
|          |      icmp_ln37_3_fu_1587     |    0    |    0    |    18   |
|          |      icmp_ln37_4_fu_1622     |    0    |    0    |    19   |
|   icmp   |      icmp_ln37_9_fu_1638     |    0    |    0    |    13   |
|          |      icmp_ln37_6_fu_1675     |    0    |    0    |    19   |
|          |      icmp_ln37_7_fu_1687     |    0    |    0    |    19   |
|          |      icmp_ln37_8_fu_1727     |    0    |    0    |    61   |
|          |     icmp_ln37_11_fu_1809     |    0    |    0    |    15   |
|          |     icmp_ln37_16_fu_1891     |    0    |    0    |    15   |
|          |     icmp_ln37_10_fu_1921     |    0    |    0    |    19   |
|          |     icmp_ln37_12_fu_1941     |    0    |    0    |    19   |
|          |     icmp_ln37_13_fu_1961     |    0    |    0    |    19   |
|          |     icmp_ln37_14_fu_1967     |    0    |    0    |    19   |
|          |     icmp_ln37_15_fu_1998     |    0    |    0    |    61   |
|          |     icmp_ln37_17_fu_2044     |    0    |    0    |    61   |
|          |     icmp_ln37_18_fu_2056     |    0    |    0    |    19   |
|          |       icmp_ln39_fu_2343      |    0    |    0    |    38   |
|          |      icmp_ln40_2_fu_2470     |    0    |    0    |    39   |
|----------|------------------------------|---------|---------|---------|
|          |      select_ln40_fu_505      |    0    |    0    |    32   |
|          |     select_ln40_1_fu_519     |    0    |    0    |    32   |
|          |          addr_fu_565         |    0    |    0    |    8    |
|          |      select_ln453_fu_597     |    0    |    0    |    8    |
|          |          k_1_fu_656          |    0    |    0    |    3    |
|          |       Mx_bits_2_fu_673       |    0    |    0    |    57   |
|          |      results_sign_fu_962     |    0    |    0    |    2    |
|          |    results_sign_2_fu_1003    |    0    |    0    |    2    |
|          |     select_ln506_fu_1015     |    0    |    0    |    8    |
|          |    select_ln506_1_fu_1040    |    0    |    0    |    32   |
|          |         Mx_1_fu_1111         |    0    |    0    |    29   |
|          |         Ex_2_fu_1117         |    0    |    0    |    8    |
|          |        shift_2_fu_1331       |    0    |    0    |    32   |
|          |     select_ln282_fu_1379     |    0    |    0    |    8    |
|          |      results_exp_fu_1391     |    0    |    0    |    8    |
|          |     results_exp_1_fu_1399    |    0    |    0    |    8    |
|          |       empty_75_fu_1424       |    0    |    0    |    22   |
|          |    select_ln282_2_fu_1431    |    0    |    0    |    22   |
|  select  |      results_sig_fu_1438     |    0    |    0    |    22   |
|          |     results_sig_1_fu_1445    |    0    |    0    |    22   |
|          |      select_ln37_fu_1521     |    0    |    0    |    52   |
|          |     select_ln37_1_fu_1565    |    0    |    0    |    10   |
|          |     select_ln37_3_fu_1593    |    0    |    0    |    32   |
|          |     select_ln37_2_fu_1614    |    0    |    0    |    32   |
|          |       cond63_i_fu_1668       |    0    |    0    |    2    |
|          |     select_ln37_8_fu_1703    |    0    |    0    |    6    |
|          |     select_ln37_9_fu_1867    |    0    |    0    |    11   |
|          |  Range2_all_ones_1_i_fu_2018 |    0    |    0    |    2    |
|          |     select_ln37_6_fu_2062    |    0    |    0    |    2    |
|          |     select_ln37_7_fu_2070    |    0    |    0    |    2    |
|          |  Range1_all_ones_2_i_fu_2078 |    0    |    0    |    2    |
|          | Range1_all_zeros_2_i_fu_2086 |    0    |    0    |    2    |
|          |     select_ln37_4_fu_2094    |    0    |    0    |    2    |
|          |       cond189_i_fu_2114      |    0    |    0    |    2    |
|          |     select_ln37_5_fu_2232    |    0    |    0    |    32   |
|          |         mod_2_fu_2423        |    0    |    0    |    32   |
|          |     select_ln40_2_fu_2482    |    0    |    0    |    32   |
|          |      ref_tmp_i_0_fu_2490     |    0    |    0    |    32   |
|----------|------------------------------|---------|---------|---------|
|          |       add_ln376_fu_559       |    0    |    0    |    15   |
|          |           Ex_fu_592          |    0    |    0    |    15   |
|          |       add_ln32_fu_1183       |    0    |    0    |    29   |
|          |      add_ln32_1_fu_1193      |    0    |    0    |    30   |
|          |        shift_1_fu_1315       |    0    |    0    |    39   |
|          |       add_ln300_fu_1339      |    0    |    0    |    15   |
|          |       add_ln37_fu_1498       |    0    |    0    |    17   |
|          |      add_ln37_1_fu_1549      |    0    |    0    |    19   |
|    add   |      add_ln37_2_fu_1644      |    0    |    0    |    19   |
|          |      add_ln37_3_fu_1681      |    0    |    0    |    19   |
|          |      add_ln37_4_fu_1767      |    0    |    0    |    39   |
|          |      add_ln37_5_fu_1875      |    0    |    0    |    17   |
|          |      add_ln37_6_fu_1897      |    0    |    0    |    19   |
|          |      add_ln37_7_fu_1907      |    0    |    0    |    19   |
|          |       add_ln39_fu_2290       |    0    |    0    |    39   |
|          |      add_ln39_1_fu_2303      |    0    |    0    |    70   |
|          |         mod_1_fu_2373        |    0    |    0    |    38   |
|          |       add_ln40_fu_2476       |    0    |    0    |    38   |
|----------|------------------------------|---------|---------|---------|
|          |      lshr_ln506_fu_1028      |    0    |    0    |    74   |
|   lshr   |      lshr_ln37_2_fu_1715     |    0    |    0    |    13   |
|          |       lshr_ln37_fu_1986      |    0    |    0    |   159   |
|          |      lshr_ln37_1_fu_1992     |    0    |    0    |    96   |
|----------|------------------------------|---------|---------|---------|
|   fmul   |          grp_fu_392          |    3    |   128   |   135   |
|----------|------------------------------|---------|---------|---------|
|          |       Mx_bits_1_fu_667       |    0    |    0    |    65   |
|          |          Ex_1_fu_757         |    0    |    0    |    15   |
|          |       sub_ln506_fu_1010      |    0    |    0    |    15   |
|    sub   |        newexp_fu_1349        |    0    |    0    |    39   |
|          |       sub_ln37_fu_1515       |    0    |    0    |    60   |
|          |      sub_ln37_1_fu_1533      |    0    |    0    |    19   |
|          |      sub_ln37_2_fu_1559      |    0    |    0    |    18   |
|          |      sub_ln37_3_fu_1697      |    0    |    0    |    13   |
|----------|------------------------------|---------|---------|---------|
|          |       cos_basis_fu_771       |    0    |    0    |    43   |
|          |       tmp_145_i_fu_818       |    0    |    0    |    65   |
| sparsemux|       tmp_146_i_fu_890       |    0    |    0    |    65   |
|          |      ref_tmp_i_i_fu_1831     |    0    |    0    |    14   |
|          |      neg_src_0_i_fu_2159     |    0    |    0    |    9    |
|          |          lfo_fu_2266         |    0    |    0    |    9    |
|----------|------------------------------|---------|---------|---------|
|          |        mul_ln29_fu_409       |    2    |    0    |    31   |
|          |        mul_ln32_fu_413       |    4    |    0    |    25   |
|    mul   |        mul_ln40_fu_417       |    4    |    0    |    20   |
|          |           h_fu_421           |    5    |    0    |    90   |
|          |       mul_ln23_fu_1075       |    1    |    0    |    5    |
|          |       mul_ln30_fu_1159       |    1    |    0    |    5    |
|----------|------------------------------|---------|---------|---------|
|   ashr   |       ashr_ln37_fu_1604      |    0    |    0    |   159   |
|----------|------------------------------|---------|---------|---------|
|          |       tmp_139_i_fu_721       |    0    |    0    |    44   |
|   cttz   |           c_fu_1269          |    0    |    0    |    46   |
|          |          c_1_fu_1287         |    0    |    0    |    46   |
|----------|------------------------------|---------|---------|---------|
|          |        and_ln40_fu_475       |    0    |    0    |    2    |
|          |       and_ln40_1_fu_499      |    0    |    0    |    2    |
|          |       and_ln271_fu_980       |    0    |    0    |    2    |
|          |     results_sign_1_fu_997    |    0    |    0    |    2    |
|          |      and_ln37_17_fu_1721     |    0    |    0    |    54   |
|          |       cond85_i_fu_1733       |    0    |    0    |    2    |
|          |       and_ln37_fu_1757       |    0    |    0    |    2    |
|          |      and_ln37_1_fu_1793      |    0    |    0    |    2    |
|          |      and_ln37_11_fu_1815     |    0    |    0    |    2    |
|          |      and_ln37_12_fu_1855     |    0    |    0    |    2    |
|          |       carry_1_i_fu_1861      |    0    |    0    |    2    |
|          |        lD_0_i_fu_1955        |    0    |    0    |    2    |
|          |      and_ln37_2_fu_1973      |    0    |    0    |    2    |
|    and   |      and_ln37_3_fu_2026      |    0    |    0    |    2    |
|          |      and_ln37_4_fu_2032      |    0    |    0    |    2    |
|          |      and_ln37_5_fu_2050      |    0    |    0    |    2    |
|          |      and_ln37_6_fu_2108      |    0    |    0    |    2    |
|          |      and_ln37_7_fu_2122      |    0    |    0    |    2    |
|          |      and_ln37_13_fu_2146     |    0    |    0    |    2    |
|          |      and_ln37_14_fu_2185     |    0    |    0    |    2    |
|          |      and_ln37_8_fu_2202      |    0    |    0    |    2    |
|          |      and_ln37_9_fu_2208      |    0    |    0    |    2    |
|          |      and_ln37_10_fu_2220     |    0    |    0    |    2    |
|          |      and_ln37_15_fu_2246     |    0    |    0    |    2    |
|          |      and_ln37_16_fu_2252     |    0    |    0    |    2    |
|          |       and_ln39_fu_2363       |    0    |    0    |    2    |
|          |      and_ln39_1_fu_2417      |    0    |    0    |    2    |
|----------|------------------------------|---------|---------|---------|
|          |        xor_ln40_fu_469       |    0    |    0    |    2    |
|          |       xor_ln40_1_fu_481      |    0    |    0    |    2    |
|          |       xor_ln282_fu_991       |    0    |    0    |    2    |
|          |       sin_basis_fu_1091      |    0    |    0    |    2    |
|          |       xor_ln37_fu_1781       |    0    |    0    |    2    |
|          |      xor_ln37_2_fu_1787      |    0    |    0    |    2    |
|          |      xor_ln37_8_fu_1935      |    0    |    0    |    2    |
|          |      xor_ln37_9_fu_2012      |    0    |    0    |    2    |
|    xor   |      xor_ln37_1_fu_2038      |    0    |    0    |    2    |
|          |      xor_ln37_3_fu_2128      |    0    |    0    |    2    |
|          |  not_icmp_ln37_1062_fu_2134  |    0    |    0    |    2    |
|          |      xor_ln37_4_fu_2179      |    0    |    0    |    2    |
|          |      xor_ln37_5_fu_2197      |    0    |    0    |    2    |
|          |      xor_ln37_6_fu_2214      |    0    |    0    |    2    |
|          |      xor_ln37_7_fu_2240      |    0    |    0    |    2    |
|          |       xor_ln39_fu_2387       |    0    |    0    |    2    |
|          |      xor_ln39_1_fu_2399      |    0    |    0    |    2    |
|          |      xor_ln39_2_fu_2405      |    0    |    0    |    2    |
|----------|------------------------------|---------|---------|---------|
|          |        or_ln40_fu_463        |    0    |    0    |    2    |
|          |       or_ln40_1_fu_493       |    0    |    0    |    2    |
|          |       or_ln40_2_fu_513       |    0    |    0    |    2    |
|          |       or_ln306_fu_1369       |    0    |    0    |    2    |
|          |       or_ln282_fu_1386       |    0    |    0    |    2    |
|          |        or_ln37_fu_1751       |    0    |    0    |    2    |
|    or    |       or_ln37_1_fu_2102      |    0    |    0    |    2    |
|          |   deleted_ones_0_i_fu_2140   |    0    |    0    |    2    |
|          |       or_ln37_2_fu_2191      |    0    |    0    |    2    |
|          |       or_ln37_3_fu_2226      |    0    |    0    |    2    |
|          |        or_ln39_fu_2357       |    0    |    0    |    2    |
|          |       or_ln39_2_fu_2393      |    0    |    0    |    2    |
|          |       or_ln39_1_fu_2411      |    0    |    0    |    2    |
|----------|------------------------------|---------|---------|---------|
|   read   |    count_read_read_fu_328    |    0    |    0    |    0    |
|          |     data_read_read_fu_334    |    0    |    0    |    0    |
|----------|------------------------------|---------|---------|---------|
|   fdiv   |          grp_fu_397          |    0    |    0    |    0    |
|----------|------------------------------|---------|---------|---------|
|  sitofp  |          grp_fu_402          |    0    |    0    |    0    |
|----------|------------------------------|---------|---------|---------|
|   fpext  |           pf_fu_406          |    0    |    0    |    0    |
|----------|------------------------------|---------|---------|---------|
|          |         tmp_18_fu_425        |    0    |    0    |    0    |
|          |         tmp_19_fu_439        |    0    |    0    |    0    |
|          |        din_sign_fu_531       |    0    |    0    |    0    |
|          |         tmp_2_fu_763         |    0    |    0    |    0    |
|          |         tmp_3_fu_1355        |    0    |    0    |    0    |
|          |         tmp_4_fu_1473        |    0    |    0    |    0    |
|          |         tmp_6_fu_1654        |    0    |    0    |    0    |
|          |         tmp_7_fu_1739        |    0    |    0    |    0    |
| bitselect|         tmp_8_fu_1773        |    0    |    0    |    0    |
|          |        tmp_11_fu_1913        |    0    |    0    |    0    |
|          |        tmp_12_fu_1927        |    0    |    0    |    0    |
|          |      tobool130_i_fu_1947     |    0    |    0    |    0    |
|          |        tmp_13_fu_2004        |    0    |    0    |    0    |
|          |        tmp_14_fu_2309        |    0    |    0    |    0    |
|          |        tmp_15_fu_2331        |    0    |    0    |    0    |
|          |        tmp_16_fu_2349        |    0    |    0    |    0    |
|          |        tmp_17_fu_2379        |    0    |    0    |    0    |
|          |        tmp_22_fu_2458        |    0    |    0    |    0    |
|----------|------------------------------|---------|---------|---------|
|          |         tmp_20_fu_447        |    0    |    0    |    0    |
|          |        din_exp_fu_539        |    0    |    0    |    0    |
|          |        lshr_ln_fu_573        |    0    |    0    |    0    |
|          |          Med_fu_620          |    0    |    0    |    0    |
|          |        Mx_bits_fu_636        |    0    |    0    |    0    |
|          |           k_fu_646           |    0    |    0    |    0    |
|          |       tmp_136_i3_fu_681      |    0    |    0    |    0    |
|          |       tmp_137_i_fu_699       |    0    |    0    |    0    |
|          |           Mx_fu_743          |    0    |    0    |    0    |
|          |       tmp_140_i_fu_1051      |    0    |    0    |    0    |
|          |        B_trunc_fu_1061       |    0    |    0    |    0    |
|          |       B_squared_fu_1081      |    0    |    0    |    0    |
|          |          t1_fu_1126          |    0    |    0    |    0    |
|partselect|       trunc_ln_fu_1145       |    0    |    0    |    0    |
|          |       trunc_ln1_fu_1165      |    0    |    0    |    0    |
|          |        result_fu_1209        |    0    |    0    |    0    |
|          |       tmp_141_i_fu_1223      |    0    |    0    |    0    |
|          |       tmp_142_i_fu_1241      |    0    |    0    |    0    |
|          |       tmp_143_i_fu_1259      |    0    |    0    |    0    |
|          |       tmp_144_i_fu_1277      |    0    |    0    |    0    |
|          |          tmp_fu_1406         |    0    |    0    |    0    |
|          |         tmp_s_fu_1415        |    0    |    0    |    0    |
|          |         tmp_1_fu_1481        |    0    |    0    |    0    |
|          |         tmp_5_fu_1628        |    0    |    0    |    0    |
|          |         tmp_9_fu_1799        |    0    |    0    |    0    |
|          |        tmp_10_fu_1881        |    0    |    0    |    0    |
|          |          mod_fu_2317         |    0    |    0    |    0    |
|          |        tmp_21_fu_2444        |    0    |    0    |    0    |
|----------|------------------------------|---------|---------|---------|
|          |        din_sig_fu_549        |    0    |    0    |    0    |
|          |      trunc_ln379_fu_588      |    0    |    0    |    0    |
|          |      trunc_ln491_fu_663      |    0    |    0    |    0    |
|          |        Mx_zeros_fu_729       |    0    |    0    |    0    |
|          |           B_fu_1047          |    0    |    0    |    0    |
|          |      in_shift_1_fu_1305      |    0    |    0    |    0    |
|          |         empty_fu_1375        |    0    |    0    |    0    |
|          |      trunc_ln37_fu_1469      |    0    |    0    |    0    |
|   trunc  |     trunc_ln37_1_fu_1491     |    0    |    0    |    0    |
|          |     trunc_ln37_2_fu_1539     |    0    |    0    |    0    |
|          |     trunc_ln37_3_fu_1555     |    0    |    0    |    0    |
|          |     trunc_ln37_4_fu_1583     |    0    |    0    |    0    |
|          |     trunc_ln37_5_fu_1610     |    0    |    0    |    0    |
|          |     trunc_ln37_6_fu_1693     |    0    |    0    |    0    |
|          |     trunc_ln37_7_fu_1747     |    0    |    0    |    0    |
|          |      trunc_ln39_fu_2339      |    0    |    0    |    0    |
|          |      trunc_ln40_fu_2466      |    0    |    0    |    0    |
|----------|------------------------------|---------|---------|---------|
|          |       zext_ln378_fu_583      |    0    |    0    |    0    |
|          |       zext_ln379_fu_611      |    0    |    0    |    0    |
|          |       zext_ln468_fu_631      |    0    |    0    |    0    |
|          |       zext_ln504_fu_733      |    0    |    0    |    0    |
|          |       zext_ln505_fu_753      |    0    |    0    |    0    |
|          |      zext_ln506_fu_1021      |    0    |    0    |    0    |
|          |     zext_ln506_1_fu_1025     |    0    |    0    |    0    |
|          |       zext_ln23_fu_1071      |    0    |    0    |    0    |
|          |       zext_ln28_fu_1104      |    0    |    0    |    0    |
|          |      zext_ln23_1_fu_1123     |    0    |    0    |    0    |
|   zext   |       zext_ln29_fu_1136      |    0    |    0    |    0    |
|          |       zext_ln32_fu_1204      |    0    |    0    |    0    |
|          |      zext_ln291_fu_1295      |    0    |    0    |    0    |
|          |     zext_ln291_1_fu_1321     |    0    |    0    |    0    |
|          |       zext_ln37_fu_1495      |    0    |    0    |    0    |
|          |      zext_ln37_1_fu_1511     |    0    |    0    |    0    |
|          |      zext_ln37_4_fu_1573     |    0    |    0    |    0    |
|          |      zext_ln37_2_fu_1600     |    0    |    0    |    0    |
|          |      zext_ln37_5_fu_1711     |    0    |    0    |    0    |
|          |      zext_ln37_3_fu_1763     |    0    |    0    |    0    |
|          |      zext_ln37_6_fu_1982     |    0    |    0    |    0    |
|          |       zext_ln39_fu_2369      |    0    |    0    |    0    |
|----------|------------------------------|---------|---------|---------|
|          |           X_fu_604           |    0    |    0    |    0    |
|          |           t_fu_691           |    0    |    0    |    0    |
|          |       tmp_138_i_fu_709       |    0    |    0    |    0    |
|          |         index_fu_811         |    0    |    0    |    0    |
|          |           A_fu_1096          |    0    |    0    |    0    |
|          |       out_bits_fu_1233       |    0    |    0    |    0    |
|bitconcatenate|      out_bits_2_fu_1251      |    0    |    0    |    0    |
|          |          t_2_fu_1452         |    0    |    0    |    0    |
|          |   zext_ln37_1_cast_fu_1504   |    0    |    0    |    0    |
|          |       sel_tmp6_fu_1821       |    0    |    0    |    0    |
|          |        sel_tmp_fu_2151       |    0    |    0    |    0    |
|          |       sel_tmp1_fu_2258       |    0    |    0    |    0    |
|          |        shl_ln_fu_2296        |    0    |    0    |    0    |
|----------|------------------------------|---------|---------|---------|
|          |       sext_ln75_fu_717       |    0    |    0    |    0    |
|          |       sext_ln29_fu_1140      |    0    |    0    |    0    |
|          |       sext_ln30_fu_1155      |    0    |    0    |    0    |
|          |       sext_ln32_fu_1175      |    0    |    0    |    0    |
|          |      sext_ln32_1_fu_1179     |    0    |    0    |    0    |
|          |      sext_ln32_2_fu_1189     |    0    |    0    |    0    |
|          |      sext_ln32_3_fu_1199     |    0    |    0    |    0    |
|          |      sext_ln252_fu_1219      |    0    |    0    |    0    |
|   sext   |      sext_ln300_fu_1345      |    0    |    0    |    0    |
|          |       sext_ln37_fu_1650      |    0    |    0    |    0    |
|          |      sext_ln37_1_fu_1903     |    0    |    0    |    0    |
|          |      sext_ln37_2_fu_1978     |    0    |    0    |    0    |
|          |       sext_ln39_fu_2286      |    0    |    0    |    0    |
|          |      sext_ln39_1_fu_2327     |    0    |    0    |    0    |
|          |       sext_ln40_fu_2431      |    0    |    0    |    0    |
|          |      sext_ln40_1_fu_2436     |    0    |    0    |    0    |
|          |      sext_ln40_2_fu_2440     |    0    |    0    |    0    |
|          |      sext_ln40_3_fu_2454     |    0    |    0    |    0    |
|----------|------------------------------|---------|---------|---------|
|   Total  |                              |    20   |   128   |   4343  |
|----------|------------------------------|---------|---------|---------|

Memories:
N/A

* Register list:
+-------------------------------------------+--------+
|                                           |   FF   |
+-------------------------------------------+--------+
|                 B_reg_2597                |   22   |
|             B_squared_reg_2602            |   15   |
|               Ex_1_reg_2559               |    8   |
|                Mx_reg_2553                |   29   |
|             add_ln39_reg_2672             |   33   |
|             and_ln271_reg_2579            |    1   |
|             closepath_reg_2537            |    1   |
|               conv1_reg_2508              |   32   |
|             cos_basis_reg_2572            |    1   |
|            count_read_reg_2498            |   32   |
|              din_exp_reg_2524             |    8   |
|              din_sig_reg_2531             |   23   |
|             din_sign_reg_2518             |    1   |
|                div_reg_2513               |   32   |
|            icmp_ln282_reg_2585            |    1   |
|            icmp_ln292_reg_2627            |    1   |
|             or_ln282_reg_2637             |    1   |
|      ref_4oPi_table_100_addr_reg_2543     |    4   |
|           results_exp_1_reg_2642          |    8   |
|          results_sign_2_reg_2592          |    1   |
|second_order_float_sin_cos_K0_addr_reg_2607|    8   |
|second_order_float_sin_cos_K1_addr_reg_2612|    8   |
|second_order_float_sin_cos_K2_addr_reg_2617|    8   |
|           select_ln40_1_reg_2503          |   32   |
|            shl_ln291_1_reg_2632           |   32   |
|             shl_ln291_reg_2622            |   32   |
|               tmp_1_reg_2662              |   11   |
|               tmp_2_reg_2566              |    1   |
|               tmp_4_reg_2652              |    1   |
|            trunc_ln379_reg_2548           |    4   |
|           trunc_ln37_1_reg_2667           |   52   |
|            trunc_ln37_reg_2647            |   63   |
+-------------------------------------------+--------+
|                   Total                   |   506  |
+-------------------------------------------+--------+

* Multiplexer (MUX) list: 
|-------------------|------|------|------|--------||---------||---------||---------|
|        Comp       |  Pin | Size |  BW  | S x BW ||  Delay  ||    FF   ||   LUT   |
|-------------------|------|------|------|--------||---------||---------||---------|
| grp_access_fu_347 |  p0  |   2  |   4  |    8   ||    0    ||    9    |
| grp_access_fu_360 |  p0  |   2  |   8  |   16   ||    0    ||    9    |
| grp_access_fu_373 |  p0  |   2  |   8  |   16   ||    0    ||    9    |
| grp_access_fu_386 |  p0  |   2  |   8  |   16   ||    0    ||    9    |
|     grp_fu_402    |  p0  |   2  |  32  |   64   ||    0    ||    9    |
|-------------------|------|------|------|--------||---------||---------||---------|
|       Total       |      |      |      |   120  ||  2.135  ||    0    ||    45   |
|-------------------|------|------|------|--------||---------||---------||---------|



* Summary:
+-----------+--------+--------+--------+--------+
|           |   DSP  |  Delay |   FF   |   LUT  |
+-----------+--------+--------+--------+--------+
|  Function |   20   |    -   |   128  |  4343  |
|   Memory  |    -   |    -   |    -   |    -   |
|Multiplexer|    -   |    2   |    0   |   45   |
|  Register |    -   |    -   |   506  |    -   |
+-----------+--------+--------+--------+--------+
|   Total   |   20   |    2   |   634  |  4388  |
+-----------+--------+--------+--------+--------+
