
*** Running vivado
    with args -log dma_axis_ip_example_pedal_top_0_1.vds -m64 -product Vivado -mode batch -messageDb vivado.pb -notrace -source dma_axis_ip_example_pedal_top_0_1.tcl



****** Vivado v2024.1 (64-bit)
  **** SW Build 5076996 on Wed May 22 18:37:14 MDT 2024
  **** IP Build 5075265 on Wed May 22 21:45:21 MDT 2024
  **** SharedData Build 5076995 on Wed May 22 18:29:18 MDT 2024
  **** Start of session at: Wed Apr  8 15:33:53 2026
    ** Copyright 1986-2022 Xilinx, Inc. All Rights Reserved.
    ** Copyright 2022-2024 Advanced Micro Devices, Inc. All Rights Reserved.

source dma_axis_ip_example_pedal_top_0_1.tcl -notrace
create_project: Time (s): cpu = 00:00:07 ; elapsed = 00:00:08 . Memory (MB): peak = 648.934 ; gain = 203.281
INFO: [IP_Flow 19-234] Refreshing IP repositories
INFO: [IP_Flow 19-1700] Loaded user IP repository 'e:/FPGA-Guitar-Pedal/Pedal_vitis'.
INFO: [IP_Flow 19-2313] Loaded Vivado IP repository 'C:/Xilinx/Vivado/2024.1/data/ip'.
INFO: [IP_Flow 19-6924] IPCACHE: Running cache check for IP inst: dma_axis_ip_example_pedal_top_0_1
Command: synth_design -top dma_axis_ip_example_pedal_top_0_1 -part xczu3eg-sfvc784-2-e -incremental_mode off -mode out_of_context
Starting synth_design
Attempting to get a license for feature 'Synthesis' and/or device 'xczu3eg'
INFO: [Common 17-349] Got license for feature 'Synthesis' and/or device 'xczu3eg'
INFO: [Device 21-403] Loading part xczu3eg-sfvc784-2-e
INFO: [Synth 8-7079] Multithreading enabled for synth_design using a maximum of 2 processes.
INFO: [Synth 8-7078] Launching helper process for spawning children vivado processes
INFO: [Synth 8-7075] Helper process launched with PID 17692
---------------------------------------------------------------------------------
Starting RTL Elaboration : Time (s): cpu = 00:00:08 ; elapsed = 00:00:09 . Memory (MB): peak = 1993.516 ; gain = 394.574
---------------------------------------------------------------------------------
INFO: [Synth 8-6157] synthesizing module 'dma_axis_ip_example_pedal_top_0_1' [e:/FPGA-Guitar-Pedal/pedal_vivado/pedal_2.gen/sources_1/bd/dma_axis_ip_example/ip/dma_axis_ip_example_pedal_top_0_1/synth/dma_axis_ip_example_pedal_top_0_1.v:53]
INFO: [Synth 8-6157] synthesizing module 'pedal_top' [e:/FPGA-Guitar-Pedal/pedal_vivado/pedal_2.gen/sources_1/bd/dma_axis_ip_example/ipshared/9242/hdl/verilog/pedal_top.v:9]
INFO: [Synth 8-6157] synthesizing module 'pedal_top_buffer_r_RAM_2P_BRAM_1R1W' [e:/FPGA-Guitar-Pedal/pedal_vivado/pedal_2.gen/sources_1/bd/dma_axis_ip_example/ipshared/9242/hdl/verilog/pedal_top_buffer_r_RAM_2P_BRAM_1R1W.v:7]
INFO: [Synth 8-3876] $readmem data file './pedal_top_buffer_r_RAM_2P_BRAM_1R1W.dat' is read successfully [e:/FPGA-Guitar-Pedal/pedal_vivado/pedal_2.gen/sources_1/bd/dma_axis_ip_example/ipshared/9242/hdl/verilog/pedal_top_buffer_r_RAM_2P_BRAM_1R1W.v:40]
INFO: [Synth 8-6155] done synthesizing module 'pedal_top_buffer_r_RAM_2P_BRAM_1R1W' (0#1) [e:/FPGA-Guitar-Pedal/pedal_vivado/pedal_2.gen/sources_1/bd/dma_axis_ip_example/ipshared/9242/hdl/verilog/pedal_top_buffer_r_RAM_2P_BRAM_1R1W.v:7]
INFO: [Synth 8-6157] synthesizing module 'pedal_top_pedal_top_stream_stream_axis_0_ap_uint_8_buffer2_1_RAM_AUTO_1R1W' [e:/FPGA-Guitar-Pedal/pedal_vivado/pedal_2.gen/sources_1/bd/dma_axis_ip_example/ipshared/9242/hdl/verilog/pedal_top_pedal_top_stream_stream_axis_0_ap_uint_8_buffer2_1_RAM_AUTO_1R1W.v:7]
INFO: [Synth 8-3876] $readmem data file './pedal_top_pedal_top_stream_stream_axis_0_ap_uint_8_buffer2_1_RAM_AUTO_1R1W.dat' is read successfully [e:/FPGA-Guitar-Pedal/pedal_vivado/pedal_2.gen/sources_1/bd/dma_axis_ip_example/ipshared/9242/hdl/verilog/pedal_top_pedal_top_stream_stream_axis_0_ap_uint_8_buffer2_1_RAM_AUTO_1R1W.v:40]
INFO: [Synth 8-6155] done synthesizing module 'pedal_top_pedal_top_stream_stream_axis_0_ap_uint_8_buffer2_1_RAM_AUTO_1R1W' (0#1) [e:/FPGA-Guitar-Pedal/pedal_vivado/pedal_2.gen/sources_1/bd/dma_axis_ip_example/ipshared/9242/hdl/verilog/pedal_top_pedal_top_stream_stream_axis_0_ap_uint_8_buffer2_1_RAM_AUTO_1R1W.v:7]
INFO: [Synth 8-6157] synthesizing module 'pedal_top_generic_tanh_float_s' [e:/FPGA-Guitar-Pedal/pedal_vivado/pedal_2.gen/sources_1/bd/dma_axis_ip_example/ipshared/9242/hdl/verilog/pedal_top_generic_tanh_float_s.v:9]
INFO: [Synth 8-6157] synthesizing module 'pedal_top_exp_generic_double_s' [e:/FPGA-Guitar-Pedal/pedal_vivado/pedal_2.gen/sources_1/bd/dma_axis_ip_example/ipshared/9242/hdl/verilog/pedal_top_exp_generic_double_s.v:9]
INFO: [Synth 8-6157] synthesizing module 'pedal_top_exp_generic_double_s_table_exp_Z1_ap_ufixed_58_1_ap_q_mode_5_ap_o_mode_3_0_arbkb' [e:/FPGA-Guitar-Pedal/pedal_vivado/pedal_2.gen/sources_1/bd/dma_axis_ip_example/ipshared/9242/hdl/verilog/pedal_top_exp_generic_double_s_table_exp_Z1_ap_ufixed_58_1_ap_q_mode_5_ap_o_mode_3_0_arbkb.v:7]
INFO: [Synth 8-3876] $readmem data file './pedal_top_exp_generic_double_s_table_exp_Z1_ap_ufixed_58_1_ap_q_mode_5_ap_o_mode_3_0_arbkb.dat' is read successfully [e:/FPGA-Guitar-Pedal/pedal_vivado/pedal_2.gen/sources_1/bd/dma_axis_ip_example/ipshared/9242/hdl/verilog/pedal_top_exp_generic_double_s_table_exp_Z1_ap_ufixed_58_1_ap_q_mode_5_ap_o_mode_3_0_arbkb.v:28]
INFO: [Synth 8-6155] done synthesizing module 'pedal_top_exp_generic_double_s_table_exp_Z1_ap_ufixed_58_1_ap_q_mode_5_ap_o_mode_3_0_arbkb' (0#1) [e:/FPGA-Guitar-Pedal/pedal_vivado/pedal_2.gen/sources_1/bd/dma_axis_ip_example/ipshared/9242/hdl/verilog/pedal_top_exp_generic_double_s_table_exp_Z1_ap_ufixed_58_1_ap_q_mode_5_ap_o_mode_3_0_arbkb.v:7]
INFO: [Synth 8-6157] synthesizing module 'pedal_top_exp_generic_double_s_table_f_Z3_ap_ufixed_59_0_ap_q_mode_5_ap_o_mode_3_0_arracud' [e:/FPGA-Guitar-Pedal/pedal_vivado/pedal_2.gen/sources_1/bd/dma_axis_ip_example/ipshared/9242/hdl/verilog/pedal_top_exp_generic_double_s_table_f_Z3_ap_ufixed_59_0_ap_q_mode_5_ap_o_mode_3_0_arracud.v:7]
INFO: [Synth 8-3876] $readmem data file './pedal_top_exp_generic_double_s_table_f_Z3_ap_ufixed_59_0_ap_q_mode_5_ap_o_mode_3_0_arracud.dat' is read successfully [e:/FPGA-Guitar-Pedal/pedal_vivado/pedal_2.gen/sources_1/bd/dma_axis_ip_example/ipshared/9242/hdl/verilog/pedal_top_exp_generic_double_s_table_f_Z3_ap_ufixed_59_0_ap_q_mode_5_ap_o_mode_3_0_arracud.v:33]
INFO: [Synth 8-6155] done synthesizing module 'pedal_top_exp_generic_double_s_table_f_Z3_ap_ufixed_59_0_ap_q_mode_5_ap_o_mode_3_0_arracud' (0#1) [e:/FPGA-Guitar-Pedal/pedal_vivado/pedal_2.gen/sources_1/bd/dma_axis_ip_example/ipshared/9242/hdl/verilog/pedal_top_exp_generic_double_s_table_f_Z3_ap_ufixed_59_0_ap_q_mode_5_ap_o_mode_3_0_arracud.v:7]
INFO: [Synth 8-6157] synthesizing module 'pedal_top_exp_generic_double_s_table_f_Z2_ap_ufixed_59_0_ap_q_mode_5_ap_o_mode_3_0_arradEe' [e:/FPGA-Guitar-Pedal/pedal_vivado/pedal_2.gen/sources_1/bd/dma_axis_ip_example/ipshared/9242/hdl/verilog/pedal_top_exp_generic_double_s_table_f_Z2_ap_ufixed_59_0_ap_q_mode_5_ap_o_mode_3_0_arradEe.v:7]
INFO: [Synth 8-3876] $readmem data file './pedal_top_exp_generic_double_s_table_f_Z2_ap_ufixed_59_0_ap_q_mode_5_ap_o_mode_3_0_arradEe.dat' is read successfully [e:/FPGA-Guitar-Pedal/pedal_vivado/pedal_2.gen/sources_1/bd/dma_axis_ip_example/ipshared/9242/hdl/verilog/pedal_top_exp_generic_double_s_table_f_Z2_ap_ufixed_59_0_ap_q_mode_5_ap_o_mode_3_0_arradEe.v:28]
INFO: [Synth 8-6155] done synthesizing module 'pedal_top_exp_generic_double_s_table_f_Z2_ap_ufixed_59_0_ap_q_mode_5_ap_o_mode_3_0_arradEe' (0#1) [e:/FPGA-Guitar-Pedal/pedal_vivado/pedal_2.gen/sources_1/bd/dma_axis_ip_example/ipshared/9242/hdl/verilog/pedal_top_exp_generic_double_s_table_f_Z2_ap_ufixed_59_0_ap_q_mode_5_ap_o_mode_3_0_arradEe.v:7]
INFO: [Synth 8-6157] synthesizing module 'pedal_top_mul_13s_71s_71_1_1' [e:/FPGA-Guitar-Pedal/pedal_vivado/pedal_2.gen/sources_1/bd/dma_axis_ip_example/ipshared/9242/hdl/verilog/pedal_top_mul_13s_71s_71_1_1.v:5]
INFO: [Synth 8-6155] done synthesizing module 'pedal_top_mul_13s_71s_71_1_1' (0#1) [e:/FPGA-Guitar-Pedal/pedal_vivado/pedal_2.gen/sources_1/bd/dma_axis_ip_example/ipshared/9242/hdl/verilog/pedal_top_mul_13s_71s_71_1_1.v:5]
INFO: [Synth 8-6157] synthesizing module 'pedal_top_mul_43ns_36ns_79_1_1' [e:/FPGA-Guitar-Pedal/pedal_vivado/pedal_2.gen/sources_1/bd/dma_axis_ip_example/ipshared/9242/hdl/verilog/pedal_top_mul_43ns_36ns_79_1_1.v:5]
INFO: [Synth 8-6155] done synthesizing module 'pedal_top_mul_43ns_36ns_79_1_1' (0#1) [e:/FPGA-Guitar-Pedal/pedal_vivado/pedal_2.gen/sources_1/bd/dma_axis_ip_example/ipshared/9242/hdl/verilog/pedal_top_mul_43ns_36ns_79_1_1.v:5]
INFO: [Synth 8-6157] synthesizing module 'pedal_top_mul_49ns_44ns_93_1_1' [e:/FPGA-Guitar-Pedal/pedal_vivado/pedal_2.gen/sources_1/bd/dma_axis_ip_example/ipshared/9242/hdl/verilog/pedal_top_mul_49ns_44ns_93_1_1.v:5]
INFO: [Synth 8-6155] done synthesizing module 'pedal_top_mul_49ns_44ns_93_1_1' (0#1) [e:/FPGA-Guitar-Pedal/pedal_vivado/pedal_2.gen/sources_1/bd/dma_axis_ip_example/ipshared/9242/hdl/verilog/pedal_top_mul_49ns_44ns_93_1_1.v:5]
INFO: [Synth 8-6157] synthesizing module 'pedal_top_mul_50ns_50ns_100_1_1' [e:/FPGA-Guitar-Pedal/pedal_vivado/pedal_2.gen/sources_1/bd/dma_axis_ip_example/ipshared/9242/hdl/verilog/pedal_top_mul_50ns_50ns_100_1_1.v:5]
INFO: [Synth 8-6155] done synthesizing module 'pedal_top_mul_50ns_50ns_100_1_1' (0#1) [e:/FPGA-Guitar-Pedal/pedal_vivado/pedal_2.gen/sources_1/bd/dma_axis_ip_example/ipshared/9242/hdl/verilog/pedal_top_mul_50ns_50ns_100_1_1.v:5]
INFO: [Synth 8-6157] synthesizing module 'pedal_top_sparsemux_9_3_64_1_1' [e:/FPGA-Guitar-Pedal/pedal_vivado/pedal_2.gen/sources_1/bd/dma_axis_ip_example/ipshared/9242/hdl/verilog/pedal_top_sparsemux_9_3_64_1_1.v:9]
INFO: [Synth 8-6155] done synthesizing module 'pedal_top_sparsemux_9_3_64_1_1' (0#1) [e:/FPGA-Guitar-Pedal/pedal_vivado/pedal_2.gen/sources_1/bd/dma_axis_ip_example/ipshared/9242/hdl/verilog/pedal_top_sparsemux_9_3_64_1_1.v:9]
INFO: [Synth 8-6157] synthesizing module 'pedal_top_mac_muladd_16s_15ns_19s_31_4_1' [e:/FPGA-Guitar-Pedal/pedal_vivado/pedal_2.gen/sources_1/bd/dma_axis_ip_example/ipshared/9242/hdl/verilog/pedal_top_mac_muladd_16s_15ns_19s_31_4_1.v:55]
INFO: [Synth 8-6157] synthesizing module 'pedal_top_mac_muladd_16s_15ns_19s_31_4_1_DSP48_0' [e:/FPGA-Guitar-Pedal/pedal_vivado/pedal_2.gen/sources_1/bd/dma_axis_ip_example/ipshared/9242/hdl/verilog/pedal_top_mac_muladd_16s_15ns_19s_31_4_1.v:12]
INFO: [Synth 8-6155] done synthesizing module 'pedal_top_mac_muladd_16s_15ns_19s_31_4_1_DSP48_0' (0#1) [e:/FPGA-Guitar-Pedal/pedal_vivado/pedal_2.gen/sources_1/bd/dma_axis_ip_example/ipshared/9242/hdl/verilog/pedal_top_mac_muladd_16s_15ns_19s_31_4_1.v:12]
INFO: [Synth 8-6155] done synthesizing module 'pedal_top_mac_muladd_16s_15ns_19s_31_4_1' (0#1) [e:/FPGA-Guitar-Pedal/pedal_vivado/pedal_2.gen/sources_1/bd/dma_axis_ip_example/ipshared/9242/hdl/verilog/pedal_top_mac_muladd_16s_15ns_19s_31_4_1.v:55]
INFO: [Synth 8-6155] done synthesizing module 'pedal_top_exp_generic_double_s' (0#1) [e:/FPGA-Guitar-Pedal/pedal_vivado/pedal_2.gen/sources_1/bd/dma_axis_ip_example/ipshared/9242/hdl/verilog/pedal_top_exp_generic_double_s.v:9]
INFO: [Synth 8-6157] synthesizing module 'pedal_top_fadd_32ns_32ns_32_3_full_dsp_0' [e:/FPGA-Guitar-Pedal/pedal_vivado/pedal_2.gen/sources_1/bd/dma_axis_ip_example/ipshared/9242/hdl/verilog/pedal_top_fadd_32ns_32ns_32_3_full_dsp_0.v:9]
INFO: [Synth 8-6157] synthesizing module 'pedal_top_fadd_32ns_32ns_32_3_full_dsp_0_ip' [e:/FPGA-Guitar-Pedal/pedal_vivado/pedal_2.gen/sources_1/bd/dma_axis_ip_example/ipshared/9242/hdl/ip/pedal_top_fadd_32ns_32ns_32_3_full_dsp_0_ip.v:53]
INFO: [Synth 8-6157] synthesizing module 'LUT1' [C:/Xilinx/Vivado/2024.1/scripts/rt/data/unisim_comp.v:81887]
INFO: [Synth 8-6155] done synthesizing module 'LUT1' (0#1) [C:/Xilinx/Vivado/2024.1/scripts/rt/data/unisim_comp.v:81887]
INFO: [Synth 8-6155] done synthesizing module 'pedal_top_fadd_32ns_32ns_32_3_full_dsp_0_ip' (0#1) [e:/FPGA-Guitar-Pedal/pedal_vivado/pedal_2.gen/sources_1/bd/dma_axis_ip_example/ipshared/9242/hdl/ip/pedal_top_fadd_32ns_32ns_32_3_full_dsp_0_ip.v:53]
INFO: [Synth 8-6155] done synthesizing module 'pedal_top_fadd_32ns_32ns_32_3_full_dsp_0' (0#1) [e:/FPGA-Guitar-Pedal/pedal_vivado/pedal_2.gen/sources_1/bd/dma_axis_ip_example/ipshared/9242/hdl/verilog/pedal_top_fadd_32ns_32ns_32_3_full_dsp_0.v:9]
INFO: [Synth 8-6157] synthesizing module 'pedal_top_fsub_32ns_32ns_32_3_full_dsp_0' [e:/FPGA-Guitar-Pedal/pedal_vivado/pedal_2.gen/sources_1/bd/dma_axis_ip_example/ipshared/9242/hdl/verilog/pedal_top_fsub_32ns_32ns_32_3_full_dsp_0.v:9]
INFO: [Synth 8-6157] synthesizing module 'pedal_top_fsub_32ns_32ns_32_3_full_dsp_0_ip' [e:/FPGA-Guitar-Pedal/pedal_vivado/pedal_2.gen/sources_1/bd/dma_axis_ip_example/ipshared/9242/hdl/ip/pedal_top_fsub_32ns_32ns_32_3_full_dsp_0_ip.v:53]
INFO: [Synth 8-6155] done synthesizing module 'pedal_top_fsub_32ns_32ns_32_3_full_dsp_0_ip' (0#1) [e:/FPGA-Guitar-Pedal/pedal_vivado/pedal_2.gen/sources_1/bd/dma_axis_ip_example/ipshared/9242/hdl/ip/pedal_top_fsub_32ns_32ns_32_3_full_dsp_0_ip.v:53]
INFO: [Synth 8-6155] done synthesizing module 'pedal_top_fsub_32ns_32ns_32_3_full_dsp_0' (0#1) [e:/FPGA-Guitar-Pedal/pedal_vivado/pedal_2.gen/sources_1/bd/dma_axis_ip_example/ipshared/9242/hdl/verilog/pedal_top_fsub_32ns_32ns_32_3_full_dsp_0.v:9]
INFO: [Synth 8-6157] synthesizing module 'pedal_top_fmul_32ns_32ns_32_2_max_dsp_0' [e:/FPGA-Guitar-Pedal/pedal_vivado/pedal_2.gen/sources_1/bd/dma_axis_ip_example/ipshared/9242/hdl/verilog/pedal_top_fmul_32ns_32ns_32_2_max_dsp_0.v:9]
INFO: [Synth 8-6157] synthesizing module 'pedal_top_fmul_32ns_32ns_32_2_max_dsp_0_ip' [e:/FPGA-Guitar-Pedal/pedal_vivado/pedal_2.gen/sources_1/bd/dma_axis_ip_example/ipshared/9242/hdl/ip/pedal_top_fmul_32ns_32ns_32_2_max_dsp_0_ip.v:53]
INFO: [Synth 8-6155] done synthesizing module 'pedal_top_fmul_32ns_32ns_32_2_max_dsp_0_ip' (0#1) [e:/FPGA-Guitar-Pedal/pedal_vivado/pedal_2.gen/sources_1/bd/dma_axis_ip_example/ipshared/9242/hdl/ip/pedal_top_fmul_32ns_32ns_32_2_max_dsp_0_ip.v:53]
INFO: [Synth 8-6155] done synthesizing module 'pedal_top_fmul_32ns_32ns_32_2_max_dsp_0' (0#1) [e:/FPGA-Guitar-Pedal/pedal_vivado/pedal_2.gen/sources_1/bd/dma_axis_ip_example/ipshared/9242/hdl/verilog/pedal_top_fmul_32ns_32ns_32_2_max_dsp_0.v:9]
INFO: [Synth 8-6157] synthesizing module 'pedal_top_fdiv_32ns_32ns_32_7_no_dsp_0' [e:/FPGA-Guitar-Pedal/pedal_vivado/pedal_2.gen/sources_1/bd/dma_axis_ip_example/ipshared/9242/hdl/verilog/pedal_top_fdiv_32ns_32ns_32_7_no_dsp_0.v:9]
INFO: [Synth 8-6157] synthesizing module 'pedal_top_fdiv_32ns_32ns_32_7_no_dsp_0_ip' [e:/FPGA-Guitar-Pedal/pedal_vivado/pedal_2.gen/sources_1/bd/dma_axis_ip_example/ipshared/9242/hdl/ip/pedal_top_fdiv_32ns_32ns_32_7_no_dsp_0_ip.v:53]
INFO: [Synth 8-6155] done synthesizing module 'pedal_top_fdiv_32ns_32ns_32_7_no_dsp_0_ip' (0#1) [e:/FPGA-Guitar-Pedal/pedal_vivado/pedal_2.gen/sources_1/bd/dma_axis_ip_example/ipshared/9242/hdl/ip/pedal_top_fdiv_32ns_32ns_32_7_no_dsp_0_ip.v:53]
INFO: [Synth 8-6155] done synthesizing module 'pedal_top_fdiv_32ns_32ns_32_7_no_dsp_0' (0#1) [e:/FPGA-Guitar-Pedal/pedal_vivado/pedal_2.gen/sources_1/bd/dma_axis_ip_example/ipshared/9242/hdl/verilog/pedal_top_fdiv_32ns_32ns_32_7_no_dsp_0.v:9]
INFO: [Synth 8-6157] synthesizing module 'pedal_top_fptrunc_64ns_32_2_no_dsp_0' [e:/FPGA-Guitar-Pedal/pedal_vivado/pedal_2.gen/sources_1/bd/dma_axis_ip_example/ipshared/9242/hdl/verilog/pedal_top_fptrunc_64ns_32_2_no_dsp_0.v:9]
INFO: [Synth 8-6157] synthesizing module 'pedal_top_fptrunc_64ns_32_2_no_dsp_0_ip' [e:/FPGA-Guitar-Pedal/pedal_vivado/pedal_2.gen/sources_1/bd/dma_axis_ip_example/ipshared/9242/hdl/ip/pedal_top_fptrunc_64ns_32_2_no_dsp_0_ip.v:53]
INFO: [Synth 8-6155] done synthesizing module 'pedal_top_fptrunc_64ns_32_2_no_dsp_0_ip' (0#1) [e:/FPGA-Guitar-Pedal/pedal_vivado/pedal_2.gen/sources_1/bd/dma_axis_ip_example/ipshared/9242/hdl/ip/pedal_top_fptrunc_64ns_32_2_no_dsp_0_ip.v:53]
INFO: [Synth 8-6155] done synthesizing module 'pedal_top_fptrunc_64ns_32_2_no_dsp_0' (0#1) [e:/FPGA-Guitar-Pedal/pedal_vivado/pedal_2.gen/sources_1/bd/dma_axis_ip_example/ipshared/9242/hdl/verilog/pedal_top_fptrunc_64ns_32_2_no_dsp_0.v:9]
INFO: [Synth 8-6157] synthesizing module 'pedal_top_fpext_32ns_64_1_no_dsp_0' [e:/FPGA-Guitar-Pedal/pedal_vivado/pedal_2.gen/sources_1/bd/dma_axis_ip_example/ipshared/9242/hdl/verilog/pedal_top_fpext_32ns_64_1_no_dsp_0.v:9]
INFO: [Synth 8-6157] synthesizing module 'pedal_top_fpext_32ns_64_1_no_dsp_0_ip' [e:/FPGA-Guitar-Pedal/pedal_vivado/pedal_2.gen/sources_1/bd/dma_axis_ip_example/ipshared/9242/hdl/ip/pedal_top_fpext_32ns_64_1_no_dsp_0_ip.v:53]
INFO: [Synth 8-6155] done synthesizing module 'pedal_top_fpext_32ns_64_1_no_dsp_0_ip' (0#1) [e:/FPGA-Guitar-Pedal/pedal_vivado/pedal_2.gen/sources_1/bd/dma_axis_ip_example/ipshared/9242/hdl/ip/pedal_top_fpext_32ns_64_1_no_dsp_0_ip.v:53]
WARNING: [Synth 8-689] width (65) of port connection 'm_axis_result_tdata' does not match port width (64) of module 'pedal_top_fpext_32ns_64_1_no_dsp_0_ip' [e:/FPGA-Guitar-Pedal/pedal_vivado/pedal_2.gen/sources_1/bd/dma_axis_ip_example/ipshared/9242/hdl/verilog/pedal_top_fpext_32ns_64_1_no_dsp_0.v:29]
INFO: [Synth 8-6155] done synthesizing module 'pedal_top_fpext_32ns_64_1_no_dsp_0' (0#1) [e:/FPGA-Guitar-Pedal/pedal_vivado/pedal_2.gen/sources_1/bd/dma_axis_ip_example/ipshared/9242/hdl/verilog/pedal_top_fpext_32ns_64_1_no_dsp_0.v:9]
INFO: [Synth 8-6157] synthesizing module 'pedal_top_fcmp_32ns_32ns_1_2_no_dsp_0' [e:/FPGA-Guitar-Pedal/pedal_vivado/pedal_2.gen/sources_1/bd/dma_axis_ip_example/ipshared/9242/hdl/verilog/pedal_top_fcmp_32ns_32ns_1_2_no_dsp_0.v:9]
INFO: [Synth 8-6157] synthesizing module 'pedal_top_fcmp_32ns_32ns_1_2_no_dsp_0_ip' [e:/FPGA-Guitar-Pedal/pedal_vivado/pedal_2.gen/sources_1/bd/dma_axis_ip_example/ipshared/9242/hdl/ip/pedal_top_fcmp_32ns_32ns_1_2_no_dsp_0_ip.v:53]
INFO: [Synth 8-6155] done synthesizing module 'pedal_top_fcmp_32ns_32ns_1_2_no_dsp_0_ip' (0#1) [e:/FPGA-Guitar-Pedal/pedal_vivado/pedal_2.gen/sources_1/bd/dma_axis_ip_example/ipshared/9242/hdl/ip/pedal_top_fcmp_32ns_32ns_1_2_no_dsp_0_ip.v:53]
INFO: [Synth 8-6155] done synthesizing module 'pedal_top_fcmp_32ns_32ns_1_2_no_dsp_0' (0#1) [e:/FPGA-Guitar-Pedal/pedal_vivado/pedal_2.gen/sources_1/bd/dma_axis_ip_example/ipshared/9242/hdl/verilog/pedal_top_fcmp_32ns_32ns_1_2_no_dsp_0.v:9]
INFO: [Synth 8-6157] synthesizing module 'pedal_top_dadd_64ns_64ns_64_4_full_dsp_0' [e:/FPGA-Guitar-Pedal/pedal_vivado/pedal_2.gen/sources_1/bd/dma_axis_ip_example/ipshared/9242/hdl/verilog/pedal_top_dadd_64ns_64ns_64_4_full_dsp_0.v:9]
INFO: [Synth 8-6157] synthesizing module 'pedal_top_dadd_64ns_64ns_64_4_full_dsp_0_ip' [e:/FPGA-Guitar-Pedal/pedal_vivado/pedal_2.gen/sources_1/bd/dma_axis_ip_example/ipshared/9242/hdl/ip/pedal_top_dadd_64ns_64ns_64_4_full_dsp_0_ip.v:53]
INFO: [Synth 8-6155] done synthesizing module 'pedal_top_dadd_64ns_64ns_64_4_full_dsp_0_ip' (0#1) [e:/FPGA-Guitar-Pedal/pedal_vivado/pedal_2.gen/sources_1/bd/dma_axis_ip_example/ipshared/9242/hdl/ip/pedal_top_dadd_64ns_64ns_64_4_full_dsp_0_ip.v:53]
INFO: [Synth 8-6155] done synthesizing module 'pedal_top_dadd_64ns_64ns_64_4_full_dsp_0' (0#1) [e:/FPGA-Guitar-Pedal/pedal_vivado/pedal_2.gen/sources_1/bd/dma_axis_ip_example/ipshared/9242/hdl/verilog/pedal_top_dadd_64ns_64ns_64_4_full_dsp_0.v:9]
INFO: [Synth 8-6155] done synthesizing module 'pedal_top_generic_tanh_float_s' (0#1) [e:/FPGA-Guitar-Pedal/pedal_vivado/pedal_2.gen/sources_1/bd/dma_axis_ip_example/ipshared/9242/hdl/verilog/pedal_top_generic_tanh_float_s.v:9]
INFO: [Synth 8-6157] synthesizing module 'pedal_top_sin_or_cos_float_s' [e:/FPGA-Guitar-Pedal/pedal_vivado/pedal_2.gen/sources_1/bd/dma_axis_ip_example/ipshared/9242/hdl/verilog/pedal_top_sin_or_cos_float_s.v:9]
INFO: [Synth 8-6157] synthesizing module 'pedal_top_sin_or_cos_float_s_ref_4oPi_table_100_ROM_1P_LUTRAM_1R' [e:/FPGA-Guitar-Pedal/pedal_vivado/pedal_2.gen/sources_1/bd/dma_axis_ip_example/ipshared/9242/hdl/verilog/pedal_top_sin_or_cos_float_s_ref_4oPi_table_100_ROM_1P_LUTRAM_1R.v:7]
INFO: [Synth 8-3876] $readmem data file './pedal_top_sin_or_cos_float_s_ref_4oPi_table_100_ROM_1P_LUTRAM_1R.dat' is read successfully [e:/FPGA-Guitar-Pedal/pedal_vivado/pedal_2.gen/sources_1/bd/dma_axis_ip_example/ipshared/9242/hdl/verilog/pedal_top_sin_or_cos_float_s_ref_4oPi_table_100_ROM_1P_LUTRAM_1R.v:28]
INFO: [Synth 8-6155] done synthesizing module 'pedal_top_sin_or_cos_float_s_ref_4oPi_table_100_ROM_1P_LUTRAM_1R' (0#1) [e:/FPGA-Guitar-Pedal/pedal_vivado/pedal_2.gen/sources_1/bd/dma_axis_ip_example/ipshared/9242/hdl/verilog/pedal_top_sin_or_cos_float_s_ref_4oPi_table_100_ROM_1P_LUTRAM_1R.v:7]
INFO: [Synth 8-6157] synthesizing module 'pedal_top_sin_or_cos_float_s_second_order_float_sin_cos_K0_ROM_1P_LUTRAM_1R' [e:/FPGA-Guitar-Pedal/pedal_vivado/pedal_2.gen/sources_1/bd/dma_axis_ip_example/ipshared/9242/hdl/verilog/pedal_top_sin_or_cos_float_s_second_order_float_sin_cos_K0_ROM_1P_LUTRAM_1R.v:7]
INFO: [Synth 8-3876] $readmem data file './pedal_top_sin_or_cos_float_s_second_order_float_sin_cos_K0_ROM_1P_LUTRAM_1R.dat' is read successfully [e:/FPGA-Guitar-Pedal/pedal_vivado/pedal_2.gen/sources_1/bd/dma_axis_ip_example/ipshared/9242/hdl/verilog/pedal_top_sin_or_cos_float_s_second_order_float_sin_cos_K0_ROM_1P_LUTRAM_1R.v:28]
INFO: [Synth 8-6155] done synthesizing module 'pedal_top_sin_or_cos_float_s_second_order_float_sin_cos_K0_ROM_1P_LUTRAM_1R' (0#1) [e:/FPGA-Guitar-Pedal/pedal_vivado/pedal_2.gen/sources_1/bd/dma_axis_ip_example/ipshared/9242/hdl/verilog/pedal_top_sin_or_cos_float_s_second_order_float_sin_cos_K0_ROM_1P_LUTRAM_1R.v:7]
INFO: [Synth 8-6157] synthesizing module 'pedal_top_sin_or_cos_float_s_second_order_float_sin_cos_K1_ROM_1P_LUTRAM_1R' [e:/FPGA-Guitar-Pedal/pedal_vivado/pedal_2.gen/sources_1/bd/dma_axis_ip_example/ipshared/9242/hdl/verilog/pedal_top_sin_or_cos_float_s_second_order_float_sin_cos_K1_ROM_1P_LUTRAM_1R.v:7]
INFO: [Synth 8-3876] $readmem data file './pedal_top_sin_or_cos_float_s_second_order_float_sin_cos_K1_ROM_1P_LUTRAM_1R.dat' is read successfully [e:/FPGA-Guitar-Pedal/pedal_vivado/pedal_2.gen/sources_1/bd/dma_axis_ip_example/ipshared/9242/hdl/verilog/pedal_top_sin_or_cos_float_s_second_order_float_sin_cos_K1_ROM_1P_LUTRAM_1R.v:28]
INFO: [Synth 8-6155] done synthesizing module 'pedal_top_sin_or_cos_float_s_second_order_float_sin_cos_K1_ROM_1P_LUTRAM_1R' (0#1) [e:/FPGA-Guitar-Pedal/pedal_vivado/pedal_2.gen/sources_1/bd/dma_axis_ip_example/ipshared/9242/hdl/verilog/pedal_top_sin_or_cos_float_s_second_order_float_sin_cos_K1_ROM_1P_LUTRAM_1R.v:7]
INFO: [Synth 8-6157] synthesizing module 'pedal_top_sin_or_cos_float_s_second_order_float_sin_cos_K2_ROM_1P_LUTRAM_1R' [e:/FPGA-Guitar-Pedal/pedal_vivado/pedal_2.gen/sources_1/bd/dma_axis_ip_example/ipshared/9242/hdl/verilog/pedal_top_sin_or_cos_float_s_second_order_float_sin_cos_K2_ROM_1P_LUTRAM_1R.v:7]
INFO: [Synth 8-3876] $readmem data file './pedal_top_sin_or_cos_float_s_second_order_float_sin_cos_K2_ROM_1P_LUTRAM_1R.dat' is read successfully [e:/FPGA-Guitar-Pedal/pedal_vivado/pedal_2.gen/sources_1/bd/dma_axis_ip_example/ipshared/9242/hdl/verilog/pedal_top_sin_or_cos_float_s_second_order_float_sin_cos_K2_ROM_1P_LUTRAM_1R.v:28]
INFO: [Synth 8-6155] done synthesizing module 'pedal_top_sin_or_cos_float_s_second_order_float_sin_cos_K2_ROM_1P_LUTRAM_1R' (0#1) [e:/FPGA-Guitar-Pedal/pedal_vivado/pedal_2.gen/sources_1/bd/dma_axis_ip_example/ipshared/9242/hdl/verilog/pedal_top_sin_or_cos_float_s_second_order_float_sin_cos_K2_ROM_1P_LUTRAM_1R.v:7]
INFO: [Synth 8-6157] synthesizing module 'pedal_top_mul_23s_22ns_45_1_0' [e:/FPGA-Guitar-Pedal/pedal_vivado/pedal_2.gen/sources_1/bd/dma_axis_ip_example/ipshared/9242/hdl/verilog/pedal_top_mul_23s_22ns_45_1_0.v:5]
INFO: [Synth 8-6155] done synthesizing module 'pedal_top_mul_23s_22ns_45_1_0' (0#1) [e:/FPGA-Guitar-Pedal/pedal_vivado/pedal_2.gen/sources_1/bd/dma_axis_ip_example/ipshared/9242/hdl/verilog/pedal_top_mul_23s_22ns_45_1_0.v:5]
INFO: [Synth 8-6157] synthesizing module 'pedal_top_mul_30s_29ns_58_1_0' [e:/FPGA-Guitar-Pedal/pedal_vivado/pedal_2.gen/sources_1/bd/dma_axis_ip_example/ipshared/9242/hdl/verilog/pedal_top_mul_30s_29ns_58_1_0.v:5]
INFO: [Synth 8-6155] done synthesizing module 'pedal_top_mul_30s_29ns_58_1_0' (0#1) [e:/FPGA-Guitar-Pedal/pedal_vivado/pedal_2.gen/sources_1/bd/dma_axis_ip_example/ipshared/9242/hdl/verilog/pedal_top_mul_30s_29ns_58_1_0.v:5]
INFO: [Synth 8-6157] synthesizing module 'pedal_top_mul_80s_24ns_80_1_0' [e:/FPGA-Guitar-Pedal/pedal_vivado/pedal_2.gen/sources_1/bd/dma_axis_ip_example/ipshared/9242/hdl/verilog/pedal_top_mul_80s_24ns_80_1_0.v:5]
INFO: [Synth 8-6155] done synthesizing module 'pedal_top_mul_80s_24ns_80_1_0' (0#1) [e:/FPGA-Guitar-Pedal/pedal_vivado/pedal_2.gen/sources_1/bd/dma_axis_ip_example/ipshared/9242/hdl/verilog/pedal_top_mul_80s_24ns_80_1_0.v:5]
INFO: [Synth 8-6157] synthesizing module 'pedal_top_sparsemux_17_3_1_1_0' [e:/FPGA-Guitar-Pedal/pedal_vivado/pedal_2.gen/sources_1/bd/dma_axis_ip_example/ipshared/9242/hdl/verilog/pedal_top_sparsemux_17_3_1_1_0.v:9]
INFO: [Synth 8-226] default block is never used [e:/FPGA-Guitar-Pedal/pedal_vivado/pedal_2.gen/sources_1/bd/dma_axis_ip_example/ipshared/9242/hdl/verilog/pedal_top_sparsemux_17_3_1_1_0.v:79]
INFO: [Synth 8-6155] done synthesizing module 'pedal_top_sparsemux_17_3_1_1_0' (0#1) [e:/FPGA-Guitar-Pedal/pedal_vivado/pedal_2.gen/sources_1/bd/dma_axis_ip_example/ipshared/9242/hdl/verilog/pedal_top_sparsemux_17_3_1_1_0.v:9]
INFO: [Synth 8-6157] synthesizing module 'pedal_top_sparsemux_33_4_1_1_0' [e:/FPGA-Guitar-Pedal/pedal_vivado/pedal_2.gen/sources_1/bd/dma_axis_ip_example/ipshared/9242/hdl/verilog/pedal_top_sparsemux_33_4_1_1_0.v:9]
INFO: [Synth 8-226] default block is never used [e:/FPGA-Guitar-Pedal/pedal_vivado/pedal_2.gen/sources_1/bd/dma_axis_ip_example/ipshared/9242/hdl/verilog/pedal_top_sparsemux_33_4_1_1_0.v:127]
INFO: [Synth 8-6155] done synthesizing module 'pedal_top_sparsemux_33_4_1_1_0' (0#1) [e:/FPGA-Guitar-Pedal/pedal_vivado/pedal_2.gen/sources_1/bd/dma_axis_ip_example/ipshared/9242/hdl/verilog/pedal_top_sparsemux_33_4_1_1_0.v:9]
INFO: [Synth 8-6157] synthesizing module 'pedal_top_mul_15ns_15ns_30_1_0' [e:/FPGA-Guitar-Pedal/pedal_vivado/pedal_2.gen/sources_1/bd/dma_axis_ip_example/ipshared/9242/hdl/verilog/pedal_top_mul_15ns_15ns_30_1_0.v:5]
INFO: [Synth 8-6155] done synthesizing module 'pedal_top_mul_15ns_15ns_30_1_0' (0#1) [e:/FPGA-Guitar-Pedal/pedal_vivado/pedal_2.gen/sources_1/bd/dma_axis_ip_example/ipshared/9242/hdl/verilog/pedal_top_mul_15ns_15ns_30_1_0.v:5]
INFO: [Synth 8-6157] synthesizing module 'pedal_top_mul_15ns_15s_30_1_0' [e:/FPGA-Guitar-Pedal/pedal_vivado/pedal_2.gen/sources_1/bd/dma_axis_ip_example/ipshared/9242/hdl/verilog/pedal_top_mul_15ns_15s_30_1_0.v:5]
INFO: [Synth 8-6155] done synthesizing module 'pedal_top_mul_15ns_15s_30_1_0' (0#1) [e:/FPGA-Guitar-Pedal/pedal_vivado/pedal_2.gen/sources_1/bd/dma_axis_ip_example/ipshared/9242/hdl/verilog/pedal_top_mul_15ns_15s_30_1_0.v:5]
INFO: [Synth 8-6155] done synthesizing module 'pedal_top_sin_or_cos_float_s' (0#1) [e:/FPGA-Guitar-Pedal/pedal_vivado/pedal_2.gen/sources_1/bd/dma_axis_ip_example/ipshared/9242/hdl/verilog/pedal_top_sin_or_cos_float_s.v:9]
INFO: [Synth 8-6157] synthesizing module 'pedal_top_generic_fmod_mult_float_s' [e:/FPGA-Guitar-Pedal/pedal_vivado/pedal_2.gen/sources_1/bd/dma_axis_ip_example/ipshared/9242/hdl/verilog/pedal_top_generic_fmod_mult_float_s.v:9]
INFO: [Synth 8-6157] synthesizing module 'pedal_top_mod_rcp_mult_24_36_8_s' [e:/FPGA-Guitar-Pedal/pedal_vivado/pedal_2.gen/sources_1/bd/dma_axis_ip_example/ipshared/9242/hdl/verilog/pedal_top_mod_rcp_mult_24_36_8_s.v:9]
INFO: [Synth 8-6157] synthesizing module 'pedal_top_mul_24ns_38ns_61_1_1' [e:/FPGA-Guitar-Pedal/pedal_vivado/pedal_2.gen/sources_1/bd/dma_axis_ip_example/ipshared/9242/hdl/verilog/pedal_top_mul_24ns_38ns_61_1_1.v:5]
INFO: [Synth 8-6155] done synthesizing module 'pedal_top_mul_24ns_38ns_61_1_1' (0#1) [e:/FPGA-Guitar-Pedal/pedal_vivado/pedal_2.gen/sources_1/bd/dma_axis_ip_example/ipshared/9242/hdl/verilog/pedal_top_mul_24ns_38ns_61_1_1.v:5]
INFO: [Synth 8-6157] synthesizing module 'pedal_top_mul_25s_25s_25_1_1' [e:/FPGA-Guitar-Pedal/pedal_vivado/pedal_2.gen/sources_1/bd/dma_axis_ip_example/ipshared/9242/hdl/verilog/pedal_top_mul_25s_25s_25_1_1.v:5]
INFO: [Synth 8-6155] done synthesizing module 'pedal_top_mul_25s_25s_25_1_1' (0#1) [e:/FPGA-Guitar-Pedal/pedal_vivado/pedal_2.gen/sources_1/bd/dma_axis_ip_example/ipshared/9242/hdl/verilog/pedal_top_mul_25s_25s_25_1_1.v:5]
INFO: [Synth 8-6155] done synthesizing module 'pedal_top_mod_rcp_mult_24_36_8_s' (0#1) [e:/FPGA-Guitar-Pedal/pedal_vivado/pedal_2.gen/sources_1/bd/dma_axis_ip_example/ipshared/9242/hdl/verilog/pedal_top_mod_rcp_mult_24_36_8_s.v:9]
INFO: [Synth 8-6155] done synthesizing module 'pedal_top_generic_fmod_mult_float_s' (0#1) [e:/FPGA-Guitar-Pedal/pedal_vivado/pedal_2.gen/sources_1/bd/dma_axis_ip_example/ipshared/9242/hdl/verilog/pedal_top_generic_fmod_mult_float_s.v:9]
INFO: [Synth 8-6157] synthesizing module 'pedal_top_ctrl_s_axi' [e:/FPGA-Guitar-Pedal/pedal_vivado/pedal_2.gen/sources_1/bd/dma_axis_ip_example/ipshared/9242/hdl/verilog/pedal_top_ctrl_s_axi.v:9]
INFO: [Synth 8-155] case statement is not full and has no default [e:/FPGA-Guitar-Pedal/pedal_vivado/pedal_2.gen/sources_1/bd/dma_axis_ip_example/ipshared/9242/hdl/verilog/pedal_top_ctrl_s_axi.v:205]
INFO: [Synth 8-6155] done synthesizing module 'pedal_top_ctrl_s_axi' (0#1) [e:/FPGA-Guitar-Pedal/pedal_vivado/pedal_2.gen/sources_1/bd/dma_axis_ip_example/ipshared/9242/hdl/verilog/pedal_top_ctrl_s_axi.v:9]
INFO: [Synth 8-6157] synthesizing module 'pedal_top_fadd_32ns_32ns_32_3_full_dsp_1' [e:/FPGA-Guitar-Pedal/pedal_vivado/pedal_2.gen/sources_1/bd/dma_axis_ip_example/ipshared/9242/hdl/verilog/pedal_top_fadd_32ns_32ns_32_3_full_dsp_1.v:9]
INFO: [Synth 8-6157] synthesizing module 'pedal_top_fadd_32ns_32ns_32_3_full_dsp_1_ip' [e:/FPGA-Guitar-Pedal/pedal_vivado/pedal_2.gen/sources_1/bd/dma_axis_ip_example/ipshared/9242/hdl/ip/pedal_top_fadd_32ns_32ns_32_3_full_dsp_1_ip.v:53]
INFO: [Synth 8-6155] done synthesizing module 'pedal_top_fadd_32ns_32ns_32_3_full_dsp_1_ip' (0#1) [e:/FPGA-Guitar-Pedal/pedal_vivado/pedal_2.gen/sources_1/bd/dma_axis_ip_example/ipshared/9242/hdl/ip/pedal_top_fadd_32ns_32ns_32_3_full_dsp_1_ip.v:53]
INFO: [Synth 8-6155] done synthesizing module 'pedal_top_fadd_32ns_32ns_32_3_full_dsp_1' (0#1) [e:/FPGA-Guitar-Pedal/pedal_vivado/pedal_2.gen/sources_1/bd/dma_axis_ip_example/ipshared/9242/hdl/verilog/pedal_top_fadd_32ns_32ns_32_3_full_dsp_1.v:9]
INFO: [Synth 8-6157] synthesizing module 'pedal_top_fsub_32ns_32ns_32_3_full_dsp_1' [e:/FPGA-Guitar-Pedal/pedal_vivado/pedal_2.gen/sources_1/bd/dma_axis_ip_example/ipshared/9242/hdl/verilog/pedal_top_fsub_32ns_32ns_32_3_full_dsp_1.v:9]
INFO: [Synth 8-6157] synthesizing module 'pedal_top_fsub_32ns_32ns_32_3_full_dsp_1_ip' [e:/FPGA-Guitar-Pedal/pedal_vivado/pedal_2.gen/sources_1/bd/dma_axis_ip_example/ipshared/9242/hdl/ip/pedal_top_fsub_32ns_32ns_32_3_full_dsp_1_ip.v:53]
INFO: [Synth 8-6155] done synthesizing module 'pedal_top_fsub_32ns_32ns_32_3_full_dsp_1_ip' (0#1) [e:/FPGA-Guitar-Pedal/pedal_vivado/pedal_2.gen/sources_1/bd/dma_axis_ip_example/ipshared/9242/hdl/ip/pedal_top_fsub_32ns_32ns_32_3_full_dsp_1_ip.v:53]
INFO: [Synth 8-6155] done synthesizing module 'pedal_top_fsub_32ns_32ns_32_3_full_dsp_1' (0#1) [e:/FPGA-Guitar-Pedal/pedal_vivado/pedal_2.gen/sources_1/bd/dma_axis_ip_example/ipshared/9242/hdl/verilog/pedal_top_fsub_32ns_32ns_32_3_full_dsp_1.v:9]
INFO: [Synth 8-6157] synthesizing module 'pedal_top_fmul_32ns_32ns_32_2_max_dsp_1' [e:/FPGA-Guitar-Pedal/pedal_vivado/pedal_2.gen/sources_1/bd/dma_axis_ip_example/ipshared/9242/hdl/verilog/pedal_top_fmul_32ns_32ns_32_2_max_dsp_1.v:9]
INFO: [Synth 8-6157] synthesizing module 'pedal_top_fmul_32ns_32ns_32_2_max_dsp_1_ip' [e:/FPGA-Guitar-Pedal/pedal_vivado/pedal_2.gen/sources_1/bd/dma_axis_ip_example/ipshared/9242/hdl/ip/pedal_top_fmul_32ns_32ns_32_2_max_dsp_1_ip.v:53]
INFO: [Synth 8-6155] done synthesizing module 'pedal_top_fmul_32ns_32ns_32_2_max_dsp_1_ip' (0#1) [e:/FPGA-Guitar-Pedal/pedal_vivado/pedal_2.gen/sources_1/bd/dma_axis_ip_example/ipshared/9242/hdl/ip/pedal_top_fmul_32ns_32ns_32_2_max_dsp_1_ip.v:53]
INFO: [Synth 8-6155] done synthesizing module 'pedal_top_fmul_32ns_32ns_32_2_max_dsp_1' (0#1) [e:/FPGA-Guitar-Pedal/pedal_vivado/pedal_2.gen/sources_1/bd/dma_axis_ip_example/ipshared/9242/hdl/verilog/pedal_top_fmul_32ns_32ns_32_2_max_dsp_1.v:9]
INFO: [Synth 8-6157] synthesizing module 'pedal_top_fdiv_32ns_32ns_32_7_no_dsp_1' [e:/FPGA-Guitar-Pedal/pedal_vivado/pedal_2.gen/sources_1/bd/dma_axis_ip_example/ipshared/9242/hdl/verilog/pedal_top_fdiv_32ns_32ns_32_7_no_dsp_1.v:9]
INFO: [Synth 8-6157] synthesizing module 'pedal_top_fdiv_32ns_32ns_32_7_no_dsp_1_ip' [e:/FPGA-Guitar-Pedal/pedal_vivado/pedal_2.gen/sources_1/bd/dma_axis_ip_example/ipshared/9242/hdl/ip/pedal_top_fdiv_32ns_32ns_32_7_no_dsp_1_ip.v:53]
INFO: [Synth 8-6155] done synthesizing module 'pedal_top_fdiv_32ns_32ns_32_7_no_dsp_1_ip' (0#1) [e:/FPGA-Guitar-Pedal/pedal_vivado/pedal_2.gen/sources_1/bd/dma_axis_ip_example/ipshared/9242/hdl/ip/pedal_top_fdiv_32ns_32ns_32_7_no_dsp_1_ip.v:53]
INFO: [Synth 8-6155] done synthesizing module 'pedal_top_fdiv_32ns_32ns_32_7_no_dsp_1' (0#1) [e:/FPGA-Guitar-Pedal/pedal_vivado/pedal_2.gen/sources_1/bd/dma_axis_ip_example/ipshared/9242/hdl/verilog/pedal_top_fdiv_32ns_32ns_32_7_no_dsp_1.v:9]
INFO: [Synth 8-6157] synthesizing module 'pedal_top_sitofp_32ns_32_2_no_dsp_1' [e:/FPGA-Guitar-Pedal/pedal_vivado/pedal_2.gen/sources_1/bd/dma_axis_ip_example/ipshared/9242/hdl/verilog/pedal_top_sitofp_32ns_32_2_no_dsp_1.v:9]
INFO: [Synth 8-6157] synthesizing module 'pedal_top_sitofp_32ns_32_2_no_dsp_1_ip' [e:/FPGA-Guitar-Pedal/pedal_vivado/pedal_2.gen/sources_1/bd/dma_axis_ip_example/ipshared/9242/hdl/ip/pedal_top_sitofp_32ns_32_2_no_dsp_1_ip.v:53]
INFO: [Synth 8-6155] done synthesizing module 'pedal_top_sitofp_32ns_32_2_no_dsp_1_ip' (0#1) [e:/FPGA-Guitar-Pedal/pedal_vivado/pedal_2.gen/sources_1/bd/dma_axis_ip_example/ipshared/9242/hdl/ip/pedal_top_sitofp_32ns_32_2_no_dsp_1_ip.v:53]
INFO: [Synth 8-6155] done synthesizing module 'pedal_top_sitofp_32ns_32_2_no_dsp_1' (0#1) [e:/FPGA-Guitar-Pedal/pedal_vivado/pedal_2.gen/sources_1/bd/dma_axis_ip_example/ipshared/9242/hdl/verilog/pedal_top_sitofp_32ns_32_2_no_dsp_1.v:9]
INFO: [Synth 8-6157] synthesizing module 'pedal_top_mul_31s_32s_63_1_1' [e:/FPGA-Guitar-Pedal/pedal_vivado/pedal_2.gen/sources_1/bd/dma_axis_ip_example/ipshared/9242/hdl/verilog/pedal_top_mul_31s_32s_63_1_1.v:5]
INFO: [Synth 8-6155] done synthesizing module 'pedal_top_mul_31s_32s_63_1_1' (0#1) [e:/FPGA-Guitar-Pedal/pedal_vivado/pedal_2.gen/sources_1/bd/dma_axis_ip_example/ipshared/9242/hdl/verilog/pedal_top_mul_31s_32s_63_1_1.v:5]
INFO: [Synth 8-6157] synthesizing module 'pedal_top_mul_32s_32s_48_1_1' [e:/FPGA-Guitar-Pedal/pedal_vivado/pedal_2.gen/sources_1/bd/dma_axis_ip_example/ipshared/9242/hdl/verilog/pedal_top_mul_32s_32s_48_1_1.v:5]
INFO: [Synth 8-6155] done synthesizing module 'pedal_top_mul_32s_32s_48_1_1' (0#1) [e:/FPGA-Guitar-Pedal/pedal_vivado/pedal_2.gen/sources_1/bd/dma_axis_ip_example/ipshared/9242/hdl/verilog/pedal_top_mul_32s_32s_48_1_1.v:5]
INFO: [Synth 8-6157] synthesizing module 'pedal_top_mul_32s_28ns_48_1_1' [e:/FPGA-Guitar-Pedal/pedal_vivado/pedal_2.gen/sources_1/bd/dma_axis_ip_example/ipshared/9242/hdl/verilog/pedal_top_mul_32s_28ns_48_1_1.v:5]
INFO: [Synth 8-6155] done synthesizing module 'pedal_top_mul_32s_28ns_48_1_1' (0#1) [e:/FPGA-Guitar-Pedal/pedal_vivado/pedal_2.gen/sources_1/bd/dma_axis_ip_example/ipshared/9242/hdl/verilog/pedal_top_mul_32s_28ns_48_1_1.v:5]
INFO: [Synth 8-6157] synthesizing module 'pedal_top_mul_33s_32s_48_1_1' [e:/FPGA-Guitar-Pedal/pedal_vivado/pedal_2.gen/sources_1/bd/dma_axis_ip_example/ipshared/9242/hdl/verilog/pedal_top_mul_33s_32s_48_1_1.v:5]
INFO: [Synth 8-6155] done synthesizing module 'pedal_top_mul_33s_32s_48_1_1' (0#1) [e:/FPGA-Guitar-Pedal/pedal_vivado/pedal_2.gen/sources_1/bd/dma_axis_ip_example/ipshared/9242/hdl/verilog/pedal_top_mul_33s_32s_48_1_1.v:5]
INFO: [Synth 8-6157] synthesizing module 'pedal_top_mul_48s_50ns_97_1_1' [e:/FPGA-Guitar-Pedal/pedal_vivado/pedal_2.gen/sources_1/bd/dma_axis_ip_example/ipshared/9242/hdl/verilog/pedal_top_mul_48s_50ns_97_1_1.v:5]
INFO: [Synth 8-6155] done synthesizing module 'pedal_top_mul_48s_50ns_97_1_1' (0#1) [e:/FPGA-Guitar-Pedal/pedal_vivado/pedal_2.gen/sources_1/bd/dma_axis_ip_example/ipshared/9242/hdl/verilog/pedal_top_mul_48s_50ns_97_1_1.v:5]
INFO: [Synth 8-6157] synthesizing module 'pedal_top_sparsemux_9_3_32_1_1' [e:/FPGA-Guitar-Pedal/pedal_vivado/pedal_2.gen/sources_1/bd/dma_axis_ip_example/ipshared/9242/hdl/verilog/pedal_top_sparsemux_9_3_32_1_1.v:9]
INFO: [Synth 8-6155] done synthesizing module 'pedal_top_sparsemux_9_3_32_1_1' (0#1) [e:/FPGA-Guitar-Pedal/pedal_vivado/pedal_2.gen/sources_1/bd/dma_axis_ip_example/ipshared/9242/hdl/verilog/pedal_top_sparsemux_9_3_32_1_1.v:9]
INFO: [Synth 8-6157] synthesizing module 'pedal_top_srem_32ns_12ns_32_36_1' [e:/FPGA-Guitar-Pedal/pedal_vivado/pedal_2.gen/sources_1/bd/dma_axis_ip_example/ipshared/9242/hdl/verilog/pedal_top_srem_32ns_12ns_32_36_1.v:74]
INFO: [Synth 8-6157] synthesizing module 'pedal_top_srem_32ns_12ns_32_36_1_divider' [e:/FPGA-Guitar-Pedal/pedal_vivado/pedal_2.gen/sources_1/bd/dma_axis_ip_example/ipshared/9242/hdl/verilog/pedal_top_srem_32ns_12ns_32_36_1.v:8]
INFO: [Synth 8-6155] done synthesizing module 'pedal_top_srem_32ns_12ns_32_36_1_divider' (0#1) [e:/FPGA-Guitar-Pedal/pedal_vivado/pedal_2.gen/sources_1/bd/dma_axis_ip_example/ipshared/9242/hdl/verilog/pedal_top_srem_32ns_12ns_32_36_1.v:8]
INFO: [Synth 8-6155] done synthesizing module 'pedal_top_srem_32ns_12ns_32_36_1' (0#1) [e:/FPGA-Guitar-Pedal/pedal_vivado/pedal_2.gen/sources_1/bd/dma_axis_ip_example/ipshared/9242/hdl/verilog/pedal_top_srem_32ns_12ns_32_36_1.v:74]
INFO: [Synth 8-6157] synthesizing module 'pedal_top_regslice_both' [e:/FPGA-Guitar-Pedal/pedal_vivado/pedal_2.gen/sources_1/bd/dma_axis_ip_example/ipshared/9242/hdl/verilog/pedal_top_regslice_both.v:9]
INFO: [Synth 8-6155] done synthesizing module 'pedal_top_regslice_both' (0#1) [e:/FPGA-Guitar-Pedal/pedal_vivado/pedal_2.gen/sources_1/bd/dma_axis_ip_example/ipshared/9242/hdl/verilog/pedal_top_regslice_both.v:9]
INFO: [Synth 8-6157] synthesizing module 'pedal_top_regslice_both__parameterized0' [e:/FPGA-Guitar-Pedal/pedal_vivado/pedal_2.gen/sources_1/bd/dma_axis_ip_example/ipshared/9242/hdl/verilog/pedal_top_regslice_both.v:9]
INFO: [Synth 8-6155] done synthesizing module 'pedal_top_regslice_both__parameterized0' (0#1) [e:/FPGA-Guitar-Pedal/pedal_vivado/pedal_2.gen/sources_1/bd/dma_axis_ip_example/ipshared/9242/hdl/verilog/pedal_top_regslice_both.v:9]
INFO: [Synth 8-6157] synthesizing module 'pedal_top_regslice_both__parameterized1' [e:/FPGA-Guitar-Pedal/pedal_vivado/pedal_2.gen/sources_1/bd/dma_axis_ip_example/ipshared/9242/hdl/verilog/pedal_top_regslice_both.v:9]
INFO: [Synth 8-6155] done synthesizing module 'pedal_top_regslice_both__parameterized1' (0#1) [e:/FPGA-Guitar-Pedal/pedal_vivado/pedal_2.gen/sources_1/bd/dma_axis_ip_example/ipshared/9242/hdl/verilog/pedal_top_regslice_both.v:9]
INFO: [Synth 8-6155] done synthesizing module 'pedal_top' (0#1) [e:/FPGA-Guitar-Pedal/pedal_vivado/pedal_2.gen/sources_1/bd/dma_axis_ip_example/ipshared/9242/hdl/verilog/pedal_top.v:9]
INFO: [Synth 8-6155] done synthesizing module 'dma_axis_ip_example_pedal_top_0_1' (0#1) [e:/FPGA-Guitar-Pedal/pedal_vivado/pedal_2.gen/sources_1/bd/dma_axis_ip_example/ip/dma_axis_ip_example_pedal_top_0_1/synth/dma_axis_ip_example_pedal_top_0_1.v:53]
WARNING: [Synth 8-6014] Unused sequential element ap_predicate_pred666_state23_reg was removed.  [e:/FPGA-Guitar-Pedal/pedal_vivado/pedal_2.gen/sources_1/bd/dma_axis_ip_example/ipshared/9242/hdl/verilog/pedal_top_generic_tanh_float_s.v:742]
WARNING: [Synth 8-6014] Unused sequential element int_ap_done_reg was removed.  [e:/FPGA-Guitar-Pedal/pedal_vivado/pedal_2.gen/sources_1/bd/dma_axis_ip_example/ipshared/9242/hdl/verilog/pedal_top_ctrl_s_axi.v:266]
WARNING: [Synth 8-6014] Unused sequential element loop[31].divisor_tmp_reg[32] was removed.  [e:/FPGA-Guitar-Pedal/pedal_vivado/pedal_2.gen/sources_1/bd/dma_axis_ip_example/ipshared/9242/hdl/verilog/pedal_top_srem_32ns_12ns_32_36_1.v:57]
WARNING: [Synth 8-6014] Unused sequential element quot_reg was removed.  [e:/FPGA-Guitar-Pedal/pedal_vivado/pedal_2.gen/sources_1/bd/dma_axis_ip_example/ipshared/9242/hdl/verilog/pedal_top_srem_32ns_12ns_32_36_1.v:136]
WARNING: [Synth 8-7129] Port reset in module pedal_top_srem_32ns_12ns_32_36_1_divider is either unconnected or has no load
WARNING: [Synth 8-7129] Port CLK in module xbip_pipe_v3_0_9_viv__parameterized3 is either unconnected or has no load
WARNING: [Synth 8-7129] Port CE in module xbip_pipe_v3_0_9_viv__parameterized3 is either unconnected or has no load
WARNING: [Synth 8-7129] Port SCLR in module xbip_pipe_v3_0_9_viv__parameterized3 is either unconnected or has no load
WARNING: [Synth 8-7129] Port SSET in module xbip_pipe_v3_0_9_viv__parameterized3 is either unconnected or has no load
WARNING: [Synth 8-7129] Port SINIT in module xbip_pipe_v3_0_9_viv__parameterized3 is either unconnected or has no load
WARNING: [Synth 8-7129] Port CLK in module xbip_pipe_v3_0_9_viv__parameterized89 is either unconnected or has no load
WARNING: [Synth 8-7129] Port CE in module xbip_pipe_v3_0_9_viv__parameterized89 is either unconnected or has no load
WARNING: [Synth 8-7129] Port SCLR in module xbip_pipe_v3_0_9_viv__parameterized89 is either unconnected or has no load
WARNING: [Synth 8-7129] Port SSET in module xbip_pipe_v3_0_9_viv__parameterized89 is either unconnected or has no load
WARNING: [Synth 8-7129] Port SINIT in module xbip_pipe_v3_0_9_viv__parameterized89 is either unconnected or has no load
WARNING: [Synth 8-7129] Port DEC_OP_STATE[11] in module flt_dec_op__parameterized1 is either unconnected or has no load
WARNING: [Synth 8-7129] Port DEC_OP_STATE[10] in module flt_dec_op__parameterized1 is either unconnected or has no load
WARNING: [Synth 8-7129] Port DEC_OP_STATE[9] in module flt_dec_op__parameterized1 is either unconnected or has no load
WARNING: [Synth 8-7129] Port DEC_OP_STATE[8] in module flt_dec_op__parameterized1 is either unconnected or has no load
WARNING: [Synth 8-7129] Port CLK in module flt_dec_op__parameterized1 is either unconnected or has no load
WARNING: [Synth 8-7129] Port CE in module flt_dec_op__parameterized1 is either unconnected or has no load
WARNING: [Synth 8-7129] Port CLK in module xbip_pipe_v3_0_9_viv__parameterized67 is either unconnected or has no load
WARNING: [Synth 8-7129] Port CE in module xbip_pipe_v3_0_9_viv__parameterized67 is either unconnected or has no load
WARNING: [Synth 8-7129] Port SCLR in module xbip_pipe_v3_0_9_viv__parameterized67 is either unconnected or has no load
WARNING: [Synth 8-7129] Port SSET in module xbip_pipe_v3_0_9_viv__parameterized67 is either unconnected or has no load
WARNING: [Synth 8-7129] Port SINIT in module xbip_pipe_v3_0_9_viv__parameterized67 is either unconnected or has no load
WARNING: [Synth 8-7129] Port CLK in module xbip_pipe_v3_0_9_viv__parameterized11 is either unconnected or has no load
WARNING: [Synth 8-7129] Port CE in module xbip_pipe_v3_0_9_viv__parameterized11 is either unconnected or has no load
WARNING: [Synth 8-7129] Port SCLR in module xbip_pipe_v3_0_9_viv__parameterized11 is either unconnected or has no load
WARNING: [Synth 8-7129] Port SSET in module xbip_pipe_v3_0_9_viv__parameterized11 is either unconnected or has no load
WARNING: [Synth 8-7129] Port SINIT in module xbip_pipe_v3_0_9_viv__parameterized11 is either unconnected or has no load
WARNING: [Synth 8-7129] Port CLK in module xbip_pipe_v3_0_9_viv__parameterized25 is either unconnected or has no load
WARNING: [Synth 8-7129] Port CE in module xbip_pipe_v3_0_9_viv__parameterized25 is either unconnected or has no load
WARNING: [Synth 8-7129] Port SCLR in module xbip_pipe_v3_0_9_viv__parameterized25 is either unconnected or has no load
WARNING: [Synth 8-7129] Port SSET in module xbip_pipe_v3_0_9_viv__parameterized25 is either unconnected or has no load
WARNING: [Synth 8-7129] Port SINIT in module xbip_pipe_v3_0_9_viv__parameterized25 is either unconnected or has no load
WARNING: [Synth 8-7129] Port CLK in module xbip_pipe_v3_0_9_viv__parameterized43 is either unconnected or has no load
WARNING: [Synth 8-7129] Port CE in module xbip_pipe_v3_0_9_viv__parameterized43 is either unconnected or has no load
WARNING: [Synth 8-7129] Port SCLR in module xbip_pipe_v3_0_9_viv__parameterized43 is either unconnected or has no load
WARNING: [Synth 8-7129] Port SSET in module xbip_pipe_v3_0_9_viv__parameterized43 is either unconnected or has no load
WARNING: [Synth 8-7129] Port SINIT in module xbip_pipe_v3_0_9_viv__parameterized43 is either unconnected or has no load
WARNING: [Synth 8-7129] Port CARRYS_OUT[0] in module compare_eq_im__parameterized3 is either unconnected or has no load
WARNING: [Synth 8-7129] Port A[31] in module special_detect__parameterized3 is either unconnected or has no load
WARNING: [Synth 8-7129] Port m_axis_result_tuser[0] in module floating_point_v7_1_18_viv__parameterized9 is either unconnected or has no load
WARNING: [Synth 8-7129] Port m_axis_result_tlast in module floating_point_v7_1_18_viv__parameterized9 is either unconnected or has no load
WARNING: [Synth 8-7129] Port aclken in module floating_point_v7_1_18_viv__parameterized9 is either unconnected or has no load
WARNING: [Synth 8-7129] Port aresetn in module floating_point_v7_1_18_viv__parameterized9 is either unconnected or has no load
WARNING: [Synth 8-7129] Port s_axis_a_tuser[0] in module floating_point_v7_1_18_viv__parameterized9 is either unconnected or has no load
WARNING: [Synth 8-7129] Port s_axis_a_tlast in module floating_point_v7_1_18_viv__parameterized9 is either unconnected or has no load
WARNING: [Synth 8-7129] Port s_axis_b_tvalid in module floating_point_v7_1_18_viv__parameterized9 is either unconnected or has no load
WARNING: [Synth 8-7129] Port s_axis_b_tdata[31] in module floating_point_v7_1_18_viv__parameterized9 is either unconnected or has no load
WARNING: [Synth 8-7129] Port s_axis_b_tdata[30] in module floating_point_v7_1_18_viv__parameterized9 is either unconnected or has no load
WARNING: [Synth 8-7129] Port s_axis_b_tdata[29] in module floating_point_v7_1_18_viv__parameterized9 is either unconnected or has no load
WARNING: [Synth 8-7129] Port s_axis_b_tdata[28] in module floating_point_v7_1_18_viv__parameterized9 is either unconnected or has no load
WARNING: [Synth 8-7129] Port s_axis_b_tdata[27] in module floating_point_v7_1_18_viv__parameterized9 is either unconnected or has no load
WARNING: [Synth 8-7129] Port s_axis_b_tdata[26] in module floating_point_v7_1_18_viv__parameterized9 is either unconnected or has no load
WARNING: [Synth 8-7129] Port s_axis_b_tdata[25] in module floating_point_v7_1_18_viv__parameterized9 is either unconnected or has no load
WARNING: [Synth 8-7129] Port s_axis_b_tdata[24] in module floating_point_v7_1_18_viv__parameterized9 is either unconnected or has no load
WARNING: [Synth 8-7129] Port s_axis_b_tdata[23] in module floating_point_v7_1_18_viv__parameterized9 is either unconnected or has no load
WARNING: [Synth 8-7129] Port s_axis_b_tdata[22] in module floating_point_v7_1_18_viv__parameterized9 is either unconnected or has no load
WARNING: [Synth 8-7129] Port s_axis_b_tdata[21] in module floating_point_v7_1_18_viv__parameterized9 is either unconnected or has no load
WARNING: [Synth 8-7129] Port s_axis_b_tdata[20] in module floating_point_v7_1_18_viv__parameterized9 is either unconnected or has no load
WARNING: [Synth 8-7129] Port s_axis_b_tdata[19] in module floating_point_v7_1_18_viv__parameterized9 is either unconnected or has no load
WARNING: [Synth 8-7129] Port s_axis_b_tdata[18] in module floating_point_v7_1_18_viv__parameterized9 is either unconnected or has no load
WARNING: [Synth 8-7129] Port s_axis_b_tdata[17] in module floating_point_v7_1_18_viv__parameterized9 is either unconnected or has no load
WARNING: [Synth 8-7129] Port s_axis_b_tdata[16] in module floating_point_v7_1_18_viv__parameterized9 is either unconnected or has no load
WARNING: [Synth 8-7129] Port s_axis_b_tdata[15] in module floating_point_v7_1_18_viv__parameterized9 is either unconnected or has no load
WARNING: [Synth 8-7129] Port s_axis_b_tdata[14] in module floating_point_v7_1_18_viv__parameterized9 is either unconnected or has no load
WARNING: [Synth 8-7129] Port s_axis_b_tdata[13] in module floating_point_v7_1_18_viv__parameterized9 is either unconnected or has no load
WARNING: [Synth 8-7129] Port s_axis_b_tdata[12] in module floating_point_v7_1_18_viv__parameterized9 is either unconnected or has no load
WARNING: [Synth 8-7129] Port s_axis_b_tdata[11] in module floating_point_v7_1_18_viv__parameterized9 is either unconnected or has no load
WARNING: [Synth 8-7129] Port s_axis_b_tdata[10] in module floating_point_v7_1_18_viv__parameterized9 is either unconnected or has no load
WARNING: [Synth 8-7129] Port s_axis_b_tdata[9] in module floating_point_v7_1_18_viv__parameterized9 is either unconnected or has no load
WARNING: [Synth 8-7129] Port s_axis_b_tdata[8] in module floating_point_v7_1_18_viv__parameterized9 is either unconnected or has no load
WARNING: [Synth 8-7129] Port s_axis_b_tdata[7] in module floating_point_v7_1_18_viv__parameterized9 is either unconnected or has no load
WARNING: [Synth 8-7129] Port s_axis_b_tdata[6] in module floating_point_v7_1_18_viv__parameterized9 is either unconnected or has no load
WARNING: [Synth 8-7129] Port s_axis_b_tdata[5] in module floating_point_v7_1_18_viv__parameterized9 is either unconnected or has no load
WARNING: [Synth 8-7129] Port s_axis_b_tdata[4] in module floating_point_v7_1_18_viv__parameterized9 is either unconnected or has no load
WARNING: [Synth 8-7129] Port s_axis_b_tdata[3] in module floating_point_v7_1_18_viv__parameterized9 is either unconnected or has no load
WARNING: [Synth 8-7129] Port s_axis_b_tdata[2] in module floating_point_v7_1_18_viv__parameterized9 is either unconnected or has no load
WARNING: [Synth 8-7129] Port s_axis_b_tdata[1] in module floating_point_v7_1_18_viv__parameterized9 is either unconnected or has no load
WARNING: [Synth 8-7129] Port s_axis_b_tdata[0] in module floating_point_v7_1_18_viv__parameterized9 is either unconnected or has no load
WARNING: [Synth 8-7129] Port s_axis_b_tuser[0] in module floating_point_v7_1_18_viv__parameterized9 is either unconnected or has no load
WARNING: [Synth 8-7129] Port s_axis_b_tlast in module floating_point_v7_1_18_viv__parameterized9 is either unconnected or has no load
WARNING: [Synth 8-7129] Port s_axis_c_tvalid in module floating_point_v7_1_18_viv__parameterized9 is either unconnected or has no load
WARNING: [Synth 8-7129] Port s_axis_c_tdata[31] in module floating_point_v7_1_18_viv__parameterized9 is either unconnected or has no load
WARNING: [Synth 8-7129] Port s_axis_c_tdata[30] in module floating_point_v7_1_18_viv__parameterized9 is either unconnected or has no load
WARNING: [Synth 8-7129] Port s_axis_c_tdata[29] in module floating_point_v7_1_18_viv__parameterized9 is either unconnected or has no load
WARNING: [Synth 8-7129] Port s_axis_c_tdata[28] in module floating_point_v7_1_18_viv__parameterized9 is either unconnected or has no load
WARNING: [Synth 8-7129] Port s_axis_c_tdata[27] in module floating_point_v7_1_18_viv__parameterized9 is either unconnected or has no load
WARNING: [Synth 8-7129] Port s_axis_c_tdata[26] in module floating_point_v7_1_18_viv__parameterized9 is either unconnected or has no load
WARNING: [Synth 8-7129] Port s_axis_c_tdata[25] in module floating_point_v7_1_18_viv__parameterized9 is either unconnected or has no load
WARNING: [Synth 8-7129] Port s_axis_c_tdata[24] in module floating_point_v7_1_18_viv__parameterized9 is either unconnected or has no load
WARNING: [Synth 8-7129] Port s_axis_c_tdata[23] in module floating_point_v7_1_18_viv__parameterized9 is either unconnected or has no load
WARNING: [Synth 8-7129] Port s_axis_c_tdata[22] in module floating_point_v7_1_18_viv__parameterized9 is either unconnected or has no load
WARNING: [Synth 8-7129] Port s_axis_c_tdata[21] in module floating_point_v7_1_18_viv__parameterized9 is either unconnected or has no load
WARNING: [Synth 8-7129] Port s_axis_c_tdata[20] in module floating_point_v7_1_18_viv__parameterized9 is either unconnected or has no load
WARNING: [Synth 8-7129] Port s_axis_c_tdata[19] in module floating_point_v7_1_18_viv__parameterized9 is either unconnected or has no load
WARNING: [Synth 8-7129] Port s_axis_c_tdata[18] in module floating_point_v7_1_18_viv__parameterized9 is either unconnected or has no load
WARNING: [Synth 8-7129] Port s_axis_c_tdata[17] in module floating_point_v7_1_18_viv__parameterized9 is either unconnected or has no load
WARNING: [Synth 8-7129] Port s_axis_c_tdata[16] in module floating_point_v7_1_18_viv__parameterized9 is either unconnected or has no load
WARNING: [Synth 8-7129] Port s_axis_c_tdata[15] in module floating_point_v7_1_18_viv__parameterized9 is either unconnected or has no load
WARNING: [Synth 8-7129] Port s_axis_c_tdata[14] in module floating_point_v7_1_18_viv__parameterized9 is either unconnected or has no load
WARNING: [Synth 8-7129] Port s_axis_c_tdata[13] in module floating_point_v7_1_18_viv__parameterized9 is either unconnected or has no load
INFO: [Common 17-14] Message 'Synth 8-7129' appears 100 times and further instances of the messages will be disabled. Use the Tcl command set_msg_config to change the current settings.
---------------------------------------------------------------------------------
Finished RTL Elaboration : Time (s): cpu = 00:00:21 ; elapsed = 00:01:02 . Memory (MB): peak = 2305.672 ; gain = 706.730
---------------------------------------------------------------------------------
---------------------------------------------------------------------------------
Start Handling Custom Attributes
---------------------------------------------------------------------------------
---------------------------------------------------------------------------------
Finished Handling Custom Attributes : Time (s): cpu = 00:00:21 ; elapsed = 00:01:03 . Memory (MB): peak = 2305.672 ; gain = 706.730
---------------------------------------------------------------------------------
---------------------------------------------------------------------------------
Finished RTL Optimization Phase 1 : Time (s): cpu = 00:00:21 ; elapsed = 00:01:03 . Memory (MB): peak = 2305.672 ; gain = 706.730
---------------------------------------------------------------------------------
Netlist sorting complete. Time (s): cpu = 00:00:00 ; elapsed = 00:00:00.509 . Memory (MB): peak = 2305.672 ; gain = 0.000
INFO: [Netlist 29-17] Analyzing 3945 Unisim elements for replacement
INFO: [Netlist 29-28] Unisim Transformation completed in 1 CPU seconds
INFO: [Project 1-570] Preparing netlist for logic optimization

Processing XDC Constraints
Initializing timing engine
Parsing XDC File [e:/FPGA-Guitar-Pedal/pedal_vivado/pedal_2.gen/sources_1/bd/dma_axis_ip_example/ip/dma_axis_ip_example_pedal_top_0_1/constraints/pedal_top_ooc.xdc] for cell 'inst'
Finished Parsing XDC File [e:/FPGA-Guitar-Pedal/pedal_vivado/pedal_2.gen/sources_1/bd/dma_axis_ip_example/ip/dma_axis_ip_example_pedal_top_0_1/constraints/pedal_top_ooc.xdc] for cell 'inst'
Parsing XDC File [E:/FPGA-Guitar-Pedal/pedal_vivado/pedal_2.runs/dma_axis_ip_example_pedal_top_0_1_synth_1/dont_touch.xdc]
Finished Parsing XDC File [E:/FPGA-Guitar-Pedal/pedal_vivado/pedal_2.runs/dma_axis_ip_example_pedal_top_0_1_synth_1/dont_touch.xdc]
Completed Processing XDC Constraints

Netlist sorting complete. Time (s): cpu = 00:00:00 ; elapsed = 00:00:00.013 . Memory (MB): peak = 2447.480 ; gain = 0.000
INFO: [Project 1-111] Unisim Transformation Summary:
  A total of 49 instances were transformed.
  DSP48E1 => DSP48E2 (DSP_ALU, DSP_A_B_DATA, DSP_C_DATA, DSP_MULTIPLIER, DSP_M_DATA, DSP_OUTPUT, DSP_PREADD, DSP_PREADD_DATA): 23 instances
  FDE => FDRE: 26 instances

Constraint Validation Runtime : Time (s): cpu = 00:00:00 ; elapsed = 00:00:00.530 . Memory (MB): peak = 2451.953 ; gain = 4.473
INFO: [Designutils 20-5008] Incremental synthesis strategy off
---------------------------------------------------------------------------------
Finished Constraint Validation : Time (s): cpu = 00:00:39 ; elapsed = 00:01:45 . Memory (MB): peak = 2451.953 ; gain = 853.012
---------------------------------------------------------------------------------
---------------------------------------------------------------------------------
Start Loading Part and Timing Information
---------------------------------------------------------------------------------
Loading part: xczu3eg-sfvc784-2-e
INFO: [Synth 8-6742] Reading net delay rules and data
---------------------------------------------------------------------------------
Finished Loading Part and Timing Information : Time (s): cpu = 00:00:39 ; elapsed = 00:01:45 . Memory (MB): peak = 2451.953 ; gain = 853.012
---------------------------------------------------------------------------------
---------------------------------------------------------------------------------
Start Applying 'set_property' XDC Constraints
---------------------------------------------------------------------------------
Applied set_property KEEP_HIERARCHY = SOFT for inst. (constraint file  E:/FPGA-Guitar-Pedal/pedal_vivado/pedal_2.runs/dma_axis_ip_example_pedal_top_0_1_synth_1/dont_touch.xdc, line 9).
---------------------------------------------------------------------------------
Finished applying 'set_property' XDC Constraints : Time (s): cpu = 00:00:39 ; elapsed = 00:01:45 . Memory (MB): peak = 2451.953 ; gain = 853.012
---------------------------------------------------------------------------------
INFO: [Synth 8-802] inferred FSM for state register 'wstate_reg' in module 'pedal_top_ctrl_s_axi'
INFO: [Synth 8-802] inferred FSM for state register 'rstate_reg' in module 'pedal_top_ctrl_s_axi'
WARNING: [Synth 8-3936] Found unconnected internal register 'loop[30].remd_tmp_reg[31]' and it is trimmed from '32' to '31' bits. [e:/FPGA-Guitar-Pedal/pedal_vivado/pedal_2.gen/sources_1/bd/dma_axis_ip_example/ipshared/9242/hdl/verilog/pedal_top_srem_32ns_12ns_32_36_1.v:56]
WARNING: [Synth 8-3936] Found unconnected internal register 'loop[29].remd_tmp_reg[30]' and it is trimmed from '32' to '31' bits. [e:/FPGA-Guitar-Pedal/pedal_vivado/pedal_2.gen/sources_1/bd/dma_axis_ip_example/ipshared/9242/hdl/verilog/pedal_top_srem_32ns_12ns_32_36_1.v:56]
WARNING: [Synth 8-3936] Found unconnected internal register 'loop[28].remd_tmp_reg[29]' and it is trimmed from '32' to '31' bits. [e:/FPGA-Guitar-Pedal/pedal_vivado/pedal_2.gen/sources_1/bd/dma_axis_ip_example/ipshared/9242/hdl/verilog/pedal_top_srem_32ns_12ns_32_36_1.v:56]
WARNING: [Synth 8-3936] Found unconnected internal register 'loop[27].remd_tmp_reg[28]' and it is trimmed from '32' to '31' bits. [e:/FPGA-Guitar-Pedal/pedal_vivado/pedal_2.gen/sources_1/bd/dma_axis_ip_example/ipshared/9242/hdl/verilog/pedal_top_srem_32ns_12ns_32_36_1.v:56]
WARNING: [Synth 8-3936] Found unconnected internal register 'loop[26].remd_tmp_reg[27]' and it is trimmed from '32' to '31' bits. [e:/FPGA-Guitar-Pedal/pedal_vivado/pedal_2.gen/sources_1/bd/dma_axis_ip_example/ipshared/9242/hdl/verilog/pedal_top_srem_32ns_12ns_32_36_1.v:56]
WARNING: [Synth 8-3936] Found unconnected internal register 'loop[25].remd_tmp_reg[26]' and it is trimmed from '32' to '31' bits. [e:/FPGA-Guitar-Pedal/pedal_vivado/pedal_2.gen/sources_1/bd/dma_axis_ip_example/ipshared/9242/hdl/verilog/pedal_top_srem_32ns_12ns_32_36_1.v:56]
WARNING: [Synth 8-3936] Found unconnected internal register 'loop[24].remd_tmp_reg[25]' and it is trimmed from '32' to '31' bits. [e:/FPGA-Guitar-Pedal/pedal_vivado/pedal_2.gen/sources_1/bd/dma_axis_ip_example/ipshared/9242/hdl/verilog/pedal_top_srem_32ns_12ns_32_36_1.v:56]
WARNING: [Synth 8-3936] Found unconnected internal register 'loop[23].remd_tmp_reg[24]' and it is trimmed from '32' to '31' bits. [e:/FPGA-Guitar-Pedal/pedal_vivado/pedal_2.gen/sources_1/bd/dma_axis_ip_example/ipshared/9242/hdl/verilog/pedal_top_srem_32ns_12ns_32_36_1.v:56]
WARNING: [Synth 8-3936] Found unconnected internal register 'loop[22].remd_tmp_reg[23]' and it is trimmed from '32' to '31' bits. [e:/FPGA-Guitar-Pedal/pedal_vivado/pedal_2.gen/sources_1/bd/dma_axis_ip_example/ipshared/9242/hdl/verilog/pedal_top_srem_32ns_12ns_32_36_1.v:56]
WARNING: [Synth 8-3936] Found unconnected internal register 'loop[21].remd_tmp_reg[22]' and it is trimmed from '32' to '31' bits. [e:/FPGA-Guitar-Pedal/pedal_vivado/pedal_2.gen/sources_1/bd/dma_axis_ip_example/ipshared/9242/hdl/verilog/pedal_top_srem_32ns_12ns_32_36_1.v:56]
WARNING: [Synth 8-3936] Found unconnected internal register 'loop[20].remd_tmp_reg[21]' and it is trimmed from '32' to '31' bits. [e:/FPGA-Guitar-Pedal/pedal_vivado/pedal_2.gen/sources_1/bd/dma_axis_ip_example/ipshared/9242/hdl/verilog/pedal_top_srem_32ns_12ns_32_36_1.v:56]
WARNING: [Synth 8-3936] Found unconnected internal register 'loop[19].remd_tmp_reg[20]' and it is trimmed from '32' to '31' bits. [e:/FPGA-Guitar-Pedal/pedal_vivado/pedal_2.gen/sources_1/bd/dma_axis_ip_example/ipshared/9242/hdl/verilog/pedal_top_srem_32ns_12ns_32_36_1.v:56]
WARNING: [Synth 8-3936] Found unconnected internal register 'loop[18].remd_tmp_reg[19]' and it is trimmed from '32' to '31' bits. [e:/FPGA-Guitar-Pedal/pedal_vivado/pedal_2.gen/sources_1/bd/dma_axis_ip_example/ipshared/9242/hdl/verilog/pedal_top_srem_32ns_12ns_32_36_1.v:56]
WARNING: [Synth 8-3936] Found unconnected internal register 'loop[17].remd_tmp_reg[18]' and it is trimmed from '32' to '31' bits. [e:/FPGA-Guitar-Pedal/pedal_vivado/pedal_2.gen/sources_1/bd/dma_axis_ip_example/ipshared/9242/hdl/verilog/pedal_top_srem_32ns_12ns_32_36_1.v:56]
WARNING: [Synth 8-3936] Found unconnected internal register 'loop[16].remd_tmp_reg[17]' and it is trimmed from '32' to '31' bits. [e:/FPGA-Guitar-Pedal/pedal_vivado/pedal_2.gen/sources_1/bd/dma_axis_ip_example/ipshared/9242/hdl/verilog/pedal_top_srem_32ns_12ns_32_36_1.v:56]
WARNING: [Synth 8-3936] Found unconnected internal register 'loop[15].remd_tmp_reg[16]' and it is trimmed from '32' to '31' bits. [e:/FPGA-Guitar-Pedal/pedal_vivado/pedal_2.gen/sources_1/bd/dma_axis_ip_example/ipshared/9242/hdl/verilog/pedal_top_srem_32ns_12ns_32_36_1.v:56]
WARNING: [Synth 8-3936] Found unconnected internal register 'loop[14].remd_tmp_reg[15]' and it is trimmed from '32' to '31' bits. [e:/FPGA-Guitar-Pedal/pedal_vivado/pedal_2.gen/sources_1/bd/dma_axis_ip_example/ipshared/9242/hdl/verilog/pedal_top_srem_32ns_12ns_32_36_1.v:56]
WARNING: [Synth 8-3936] Found unconnected internal register 'loop[13].remd_tmp_reg[14]' and it is trimmed from '32' to '31' bits. [e:/FPGA-Guitar-Pedal/pedal_vivado/pedal_2.gen/sources_1/bd/dma_axis_ip_example/ipshared/9242/hdl/verilog/pedal_top_srem_32ns_12ns_32_36_1.v:56]
WARNING: [Synth 8-3936] Found unconnected internal register 'loop[12].remd_tmp_reg[13]' and it is trimmed from '32' to '31' bits. [e:/FPGA-Guitar-Pedal/pedal_vivado/pedal_2.gen/sources_1/bd/dma_axis_ip_example/ipshared/9242/hdl/verilog/pedal_top_srem_32ns_12ns_32_36_1.v:56]
WARNING: [Synth 8-3936] Found unconnected internal register 'loop[11].remd_tmp_reg[12]' and it is trimmed from '32' to '31' bits. [e:/FPGA-Guitar-Pedal/pedal_vivado/pedal_2.gen/sources_1/bd/dma_axis_ip_example/ipshared/9242/hdl/verilog/pedal_top_srem_32ns_12ns_32_36_1.v:56]
WARNING: [Synth 8-3936] Found unconnected internal register 'loop[10].remd_tmp_reg[11]' and it is trimmed from '32' to '31' bits. [e:/FPGA-Guitar-Pedal/pedal_vivado/pedal_2.gen/sources_1/bd/dma_axis_ip_example/ipshared/9242/hdl/verilog/pedal_top_srem_32ns_12ns_32_36_1.v:56]
WARNING: [Synth 8-3936] Found unconnected internal register 'loop[9].remd_tmp_reg[10]' and it is trimmed from '32' to '31' bits. [e:/FPGA-Guitar-Pedal/pedal_vivado/pedal_2.gen/sources_1/bd/dma_axis_ip_example/ipshared/9242/hdl/verilog/pedal_top_srem_32ns_12ns_32_36_1.v:56]
WARNING: [Synth 8-3936] Found unconnected internal register 'loop[8].remd_tmp_reg[9]' and it is trimmed from '32' to '31' bits. [e:/FPGA-Guitar-Pedal/pedal_vivado/pedal_2.gen/sources_1/bd/dma_axis_ip_example/ipshared/9242/hdl/verilog/pedal_top_srem_32ns_12ns_32_36_1.v:56]
WARNING: [Synth 8-3936] Found unconnected internal register 'loop[7].remd_tmp_reg[8]' and it is trimmed from '32' to '31' bits. [e:/FPGA-Guitar-Pedal/pedal_vivado/pedal_2.gen/sources_1/bd/dma_axis_ip_example/ipshared/9242/hdl/verilog/pedal_top_srem_32ns_12ns_32_36_1.v:56]
WARNING: [Synth 8-3936] Found unconnected internal register 'loop[6].remd_tmp_reg[7]' and it is trimmed from '32' to '31' bits. [e:/FPGA-Guitar-Pedal/pedal_vivado/pedal_2.gen/sources_1/bd/dma_axis_ip_example/ipshared/9242/hdl/verilog/pedal_top_srem_32ns_12ns_32_36_1.v:56]
WARNING: [Synth 8-3936] Found unconnected internal register 'loop[5].remd_tmp_reg[6]' and it is trimmed from '32' to '31' bits. [e:/FPGA-Guitar-Pedal/pedal_vivado/pedal_2.gen/sources_1/bd/dma_axis_ip_example/ipshared/9242/hdl/verilog/pedal_top_srem_32ns_12ns_32_36_1.v:56]
WARNING: [Synth 8-3936] Found unconnected internal register 'loop[4].remd_tmp_reg[5]' and it is trimmed from '32' to '31' bits. [e:/FPGA-Guitar-Pedal/pedal_vivado/pedal_2.gen/sources_1/bd/dma_axis_ip_example/ipshared/9242/hdl/verilog/pedal_top_srem_32ns_12ns_32_36_1.v:56]
WARNING: [Synth 8-3936] Found unconnected internal register 'loop[3].remd_tmp_reg[4]' and it is trimmed from '32' to '31' bits. [e:/FPGA-Guitar-Pedal/pedal_vivado/pedal_2.gen/sources_1/bd/dma_axis_ip_example/ipshared/9242/hdl/verilog/pedal_top_srem_32ns_12ns_32_36_1.v:56]
WARNING: [Synth 8-3936] Found unconnected internal register 'loop[2].remd_tmp_reg[3]' and it is trimmed from '32' to '31' bits. [e:/FPGA-Guitar-Pedal/pedal_vivado/pedal_2.gen/sources_1/bd/dma_axis_ip_example/ipshared/9242/hdl/verilog/pedal_top_srem_32ns_12ns_32_36_1.v:56]
WARNING: [Synth 8-3936] Found unconnected internal register 'loop[1].remd_tmp_reg[2]' and it is trimmed from '32' to '31' bits. [e:/FPGA-Guitar-Pedal/pedal_vivado/pedal_2.gen/sources_1/bd/dma_axis_ip_example/ipshared/9242/hdl/verilog/pedal_top_srem_32ns_12ns_32_36_1.v:56]
WARNING: [Synth 8-3936] Found unconnected internal register 'loop[0].remd_tmp_reg[1]' and it is trimmed from '32' to '31' bits. [e:/FPGA-Guitar-Pedal/pedal_vivado/pedal_2.gen/sources_1/bd/dma_axis_ip_example/ipshared/9242/hdl/verilog/pedal_top_srem_32ns_12ns_32_36_1.v:56]
INFO: [Synth 8-802] inferred FSM for state register 'state_reg' in module 'pedal_top_regslice_both'
INFO: [Synth 8-802] inferred FSM for state register 'state_reg' in module 'pedal_top_regslice_both__parameterized0'
INFO: [Synth 8-802] inferred FSM for state register 'state_reg' in module 'pedal_top_regslice_both__parameterized1'
WARNING: [Synth 8-3936] Found unconnected internal register 'lshr_ln70_1_reg_3986_reg' and it is trimmed from '64' to '52' bits. [e:/FPGA-Guitar-Pedal/pedal_vivado/pedal_2.gen/sources_1/bd/dma_axis_ip_example/ipshared/9242/hdl/verilog/pedal_top.v:2705]
INFO: [Synth 8-4490] FSM extraction disabled for register 'ap_CS_fsm_reg' through user attribute
INFO: [Synth 8-5800] Cascade chain of height 4 reduced to 3 because memory depth for RAM "pedal_top_buffer_r_RAM_2P_BRAM_1R1W:/ram_reg" is not power of 2. 
---------------------------------------------------------------------------------------------------
                   State |                     New Encoding |                Previous Encoding 
---------------------------------------------------------------------------------------------------
                  iSTATE |                             0001 |                               11
*
                  WRIDLE |                             0010 |                               00
                  WRDATA |                             0100 |                               01
                  WRRESP |                             1000 |                               10
---------------------------------------------------------------------------------------------------
INFO: [Synth 8-3354] encoded FSM with state register 'wstate_reg' using encoding 'one-hot' in module 'pedal_top_ctrl_s_axi'
---------------------------------------------------------------------------------------------------
                   State |                     New Encoding |                Previous Encoding 
---------------------------------------------------------------------------------------------------
                  iSTATE |                              001 |                               10
*
                  RDIDLE |                              010 |                               00
                  RDDATA |                              100 |                               01
---------------------------------------------------------------------------------------------------
INFO: [Synth 8-3354] encoded FSM with state register 'rstate_reg' using encoding 'one-hot' in module 'pedal_top_ctrl_s_axi'
---------------------------------------------------------------------------------------------------
                   State |                     New Encoding |                Previous Encoding 
---------------------------------------------------------------------------------------------------
                    ZERO |                               00 |                               10
                     ONE |                               10 |                               11
                     TWO |                               01 |                               01
---------------------------------------------------------------------------------------------------
INFO: [Synth 8-3354] encoded FSM with state register 'state_reg' using encoding 'sequential' in module 'pedal_top_regslice_both'
---------------------------------------------------------------------------------------------------
                   State |                     New Encoding |                Previous Encoding 
---------------------------------------------------------------------------------------------------
                    ZERO |                               00 |                               10
                     ONE |                               10 |                               11
                     TWO |                               01 |                               01
---------------------------------------------------------------------------------------------------
INFO: [Synth 8-3354] encoded FSM with state register 'state_reg' using encoding 'sequential' in module 'pedal_top_regslice_both__parameterized0'
---------------------------------------------------------------------------------------------------
                   State |                     New Encoding |                Previous Encoding 
---------------------------------------------------------------------------------------------------
                    ZERO |                               00 |                               10
                     ONE |                               10 |                               11
                     TWO |                               01 |                               01
---------------------------------------------------------------------------------------------------
INFO: [Synth 8-3354] encoded FSM with state register 'state_reg' using encoding 'sequential' in module 'pedal_top_regslice_both__parameterized1'
---------------------------------------------------------------------------------
Finished RTL Optimization Phase 2 : Time (s): cpu = 00:00:45 ; elapsed = 00:02:36 . Memory (MB): peak = 2451.953 ; gain = 853.012
---------------------------------------------------------------------------------
INFO: [Synth 8-223] decloning instance 'flt_add_dsp:/DSP48E1_BODY.ALIGN_ADD/SUB_DELAY' (delay__parameterized0) to 'flt_add_dsp:/DSP48E1_BODY.ALIGN_ADD/SUB_ADD_IP_DELAY'
INFO: [Synth 8-223] decloning instance 'floating_point_v7_1_18:/i_synth/DELAY_DIVIDE_BY_ZERO' (delay__parameterized0) to 'floating_point_v7_1_18:/i_synth/DELAY_ACCUM_OVERFLOW'
INFO: [Synth 8-223] decloning instance 'floating_point_v7_1_18:/i_synth/DELAY_DIVIDE_BY_ZERO' (delay__parameterized0) to 'floating_point_v7_1_18:/i_synth/DELAY_ACCUM_INPUT_OVERFLOW'
INFO: [Synth 8-223] decloning instance 'floating_point_v7_1_18__parameterized0:/i_synth/DELAY_DIVIDE_BY_ZERO' (delay__parameterized0) to 'floating_point_v7_1_18__parameterized0:/i_synth/DELAY_ACCUM_OVERFLOW'
INFO: [Synth 8-223] decloning instance 'floating_point_v7_1_18__parameterized0:/i_synth/DELAY_DIVIDE_BY_ZERO' (delay__parameterized0) to 'floating_point_v7_1_18__parameterized0:/i_synth/DELAY_ACCUM_INPUT_OVERFLOW'
INFO: [Synth 8-223] decloning instance 'floating_point_v7_1_18__parameterized1:/i_synth/DELAY_DIVIDE_BY_ZERO' (delay__parameterized0) to 'floating_point_v7_1_18__parameterized1:/i_synth/DELAY_ACCUM_OVERFLOW'
INFO: [Synth 8-223] decloning instance 'floating_point_v7_1_18__parameterized1:/i_synth/DELAY_DIVIDE_BY_ZERO' (delay__parameterized0) to 'floating_point_v7_1_18__parameterized1:/i_synth/DELAY_ACCUM_INPUT_OVERFLOW'
INFO: [Synth 8-223] decloning instance 'floating_point_v7_1_18__parameterized2:/i_synth/DIV_OP.SPD.OP/ROUND/EXTRA_LSB_BIT_DEL' (delay__parameterized0) to 'floating_point_v7_1_18__parameterized2:/i_synth/DIV_OP.SPD.OP/ROUND/EXTRA_LSB_RND1_DEL'
INFO: [Synth 8-223] decloning instance 'floating_point_v7_1_18__parameterized2:/i_synth/DIV_OP.SPD.OP/ROUND/EXP_INC_DELAY' (delay__parameterized0) to 'floating_point_v7_1_18__parameterized2:/i_synth/DIV_OP.SPD.OP/ROUND/EXP_INC_RND1_DELAY'
INFO: [Synth 8-223] decloning instance 'floating_point_v7_1_18__parameterized2:/i_synth/DIV_OP.SPD.OP/ROUND/EXP_IN_DELAY.EXP_IN_DEL' (delay__parameterized27) to 'floating_point_v7_1_18__parameterized2:/i_synth/DIV_OP.SPD.OP/ROUND/EXP_RND2_DELAY.EXP_RND_DEL'
INFO: [Synth 8-223] decloning instance 'floating_point_v7_1_18__parameterized2:/i_synth/DIV_OP.SPD.OP/ROUND/EXP_IN_DELAY.EXP_OFF_OP_DEL' (delay__parameterized27) to 'floating_point_v7_1_18__parameterized2:/i_synth/DIV_OP.SPD.OP/ROUND/EXP_RND2_DELAY.EXP_OFF_RND_DEL'
INFO: [Synth 8-223] decloning instance 'floating_point_v7_1_18__parameterized2:/i_synth/DELAY_ACCUM_OVERFLOW' (delay__parameterized0) to 'floating_point_v7_1_18__parameterized2:/i_synth/DELAY_ACCUM_INPUT_OVERFLOW'
INFO: [Synth 8-223] decloning instance 'inst/grp_generic_tanh_float_s_fu_607/fptrunc_64ns_32_2_no_dsp_0_U24/pedal_top_fptrunc_64ns_32_2_no_dsp_0_ip_u/inst/i_synth/FLT_TO_FLT_OP.SPD.OP/RND_REQ.ROUND/EXTRA_LSB_BIT_DEL' (delay__parameterized0) to 'inst/grp_generic_tanh_float_s_fu_607/fptrunc_64ns_32_2_no_dsp_0_U24/pedal_top_fptrunc_64ns_32_2_no_dsp_0_ip_u/inst/i_synth/FLT_TO_FLT_OP.SPD.OP/RND_REQ.ROUND/EXTRA_LSB_RND1_DEL'
INFO: [Synth 8-223] decloning instance 'inst/grp_generic_tanh_float_s_fu_607/fptrunc_64ns_32_2_no_dsp_0_U24/pedal_top_fptrunc_64ns_32_2_no_dsp_0_ip_u/inst/i_synth/FLT_TO_FLT_OP.SPD.OP/RND_REQ.ROUND/EXP_INC_DELAY' (delay__parameterized0) to 'inst/grp_generic_tanh_float_s_fu_607/fptrunc_64ns_32_2_no_dsp_0_U24/pedal_top_fptrunc_64ns_32_2_no_dsp_0_ip_u/inst/i_synth/FLT_TO_FLT_OP.SPD.OP/RND_REQ.ROUND/EXP_INC_RND1_DELAY'
INFO: [Synth 8-223] decloning instance 'inst/grp_generic_tanh_float_s_fu_607/fptrunc_64ns_32_2_no_dsp_0_U24/pedal_top_fptrunc_64ns_32_2_no_dsp_0_ip_u/inst/i_synth/DELAY_INVALID_OP' (delay__parameterized0) to 'inst/grp_generic_tanh_float_s_fu_607/fptrunc_64ns_32_2_no_dsp_0_U24/pedal_top_fptrunc_64ns_32_2_no_dsp_0_ip_u/inst/i_synth/DELAY_DIVIDE_BY_ZERO'
INFO: [Synth 8-223] decloning instance 'inst/grp_generic_tanh_float_s_fu_607/fptrunc_64ns_32_2_no_dsp_0_U24/pedal_top_fptrunc_64ns_32_2_no_dsp_0_ip_u/inst/i_synth/DELAY_INVALID_OP' (delay__parameterized0) to 'inst/grp_generic_tanh_float_s_fu_607/fptrunc_64ns_32_2_no_dsp_0_U24/pedal_top_fptrunc_64ns_32_2_no_dsp_0_ip_u/inst/i_synth/DELAY_ACCUM_OVERFLOW'
INFO: [Synth 8-223] decloning instance 'inst/grp_generic_tanh_float_s_fu_607/fptrunc_64ns_32_2_no_dsp_0_U24/pedal_top_fptrunc_64ns_32_2_no_dsp_0_ip_u/inst/i_synth/DELAY_INVALID_OP' (delay__parameterized0) to 'inst/grp_generic_tanh_float_s_fu_607/fptrunc_64ns_32_2_no_dsp_0_U24/pedal_top_fptrunc_64ns_32_2_no_dsp_0_ip_u/inst/i_synth/DELAY_ACCUM_INPUT_OVERFLOW'
INFO: [Synth 8-223] decloning instance 'pedal_top_fpext_32ns_64_1_no_dsp_0:/pedal_top_fpext_32ns_64_1_no_dsp_0_ip_u/inst/i_synth/DELAY_INVALID_OP' (delay__parameterized0) to 'pedal_top_fpext_32ns_64_1_no_dsp_0:/pedal_top_fpext_32ns_64_1_no_dsp_0_ip_u/inst/i_synth/DELAY_DIVIDE_BY_ZERO'
INFO: [Synth 8-223] decloning instance 'pedal_top_fpext_32ns_64_1_no_dsp_0:/pedal_top_fpext_32ns_64_1_no_dsp_0_ip_u/inst/i_synth/DELAY_INVALID_OP' (delay__parameterized0) to 'pedal_top_fpext_32ns_64_1_no_dsp_0:/pedal_top_fpext_32ns_64_1_no_dsp_0_ip_u/inst/i_synth/DELAY_ACCUM_OVERFLOW'
INFO: [Synth 8-223] decloning instance 'pedal_top_fpext_32ns_64_1_no_dsp_0:/pedal_top_fpext_32ns_64_1_no_dsp_0_ip_u/inst/i_synth/DELAY_INVALID_OP' (delay__parameterized0) to 'pedal_top_fpext_32ns_64_1_no_dsp_0:/pedal_top_fpext_32ns_64_1_no_dsp_0_ip_u/inst/i_synth/DELAY_ACCUM_INPUT_OVERFLOW'
INFO: [Synth 8-223] decloning instance 'inst/grp_generic_tanh_float_s_fu_607/fcmp_32ns_32ns_1_2_no_dsp_0_U26/pedal_top_fcmp_32ns_32ns_1_2_no_dsp_0_ip_u/inst/i_synth/DELAY_DIVIDE_BY_ZERO' (delay__parameterized0) to 'inst/grp_generic_tanh_float_s_fu_607/fcmp_32ns_32ns_1_2_no_dsp_0_U26/pedal_top_fcmp_32ns_32ns_1_2_no_dsp_0_ip_u/inst/i_synth/DELAY_OVERFLOW'
INFO: [Synth 8-223] decloning instance 'inst/grp_generic_tanh_float_s_fu_607/fcmp_32ns_32ns_1_2_no_dsp_0_U26/pedal_top_fcmp_32ns_32ns_1_2_no_dsp_0_ip_u/inst/i_synth/DELAY_DIVIDE_BY_ZERO' (delay__parameterized0) to 'inst/grp_generic_tanh_float_s_fu_607/fcmp_32ns_32ns_1_2_no_dsp_0_U26/pedal_top_fcmp_32ns_32ns_1_2_no_dsp_0_ip_u/inst/i_synth/DELAY_UNDERFLOW'
INFO: [Synth 8-223] decloning instance 'inst/grp_generic_tanh_float_s_fu_607/fcmp_32ns_32ns_1_2_no_dsp_0_U26/pedal_top_fcmp_32ns_32ns_1_2_no_dsp_0_ip_u/inst/i_synth/DELAY_DIVIDE_BY_ZERO' (delay__parameterized0) to 'inst/grp_generic_tanh_float_s_fu_607/fcmp_32ns_32ns_1_2_no_dsp_0_U26/pedal_top_fcmp_32ns_32ns_1_2_no_dsp_0_ip_u/inst/i_synth/DELAY_ACCUM_OVERFLOW'
INFO: [Synth 8-223] decloning instance 'inst/grp_generic_tanh_float_s_fu_607/fcmp_32ns_32ns_1_2_no_dsp_0_U26/pedal_top_fcmp_32ns_32ns_1_2_no_dsp_0_ip_u/inst/i_synth/DELAY_DIVIDE_BY_ZERO' (delay__parameterized0) to 'inst/grp_generic_tanh_float_s_fu_607/fcmp_32ns_32ns_1_2_no_dsp_0_U26/pedal_top_fcmp_32ns_32ns_1_2_no_dsp_0_ip_u/inst/i_synth/DELAY_ACCUM_INPUT_OVERFLOW'
INFO: [Synth 8-223] decloning instance 'inst/grp_generic_tanh_float_s_fu_607/dadd_64ns_64ns_64_4_full_dsp_0_U27/pedal_top_dadd_64ns_64ns_64_4_full_dsp_0_ip_u/inst/i_synth/ADDSUB_OP.ADDSUB/LOGIC_SPEED.OP/ALIGN_BLK/SUB_DELAY' (delay__parameterized0) to 'inst/grp_generic_tanh_float_s_fu_607/dadd_64ns_64ns_64_4_full_dsp_0_U27/pedal_top_dadd_64ns_64ns_64_4_full_dsp_0_ip_u/inst/i_synth/ADDSUB_OP.ADDSUB/LOGIC_SPEED.OP/ALIGN_BLK/SUBTRACT_PREADD_DEL'
INFO: [Synth 8-223] decloning instance 'inst/grp_generic_tanh_float_s_fu_607/dadd_64ns_64ns_64_4_full_dsp_0_U27/pedal_top_dadd_64ns_64ns_64_4_full_dsp_0_ip_u/inst/i_synth/ADDSUB_OP.ADDSUB/LOGIC_SPEED.OP/NORM/ROUND/EXTRA_LSB_BIT_DEL' (delay__parameterized0) to 'inst/grp_generic_tanh_float_s_fu_607/dadd_64ns_64ns_64_4_full_dsp_0_U27/pedal_top_dadd_64ns_64ns_64_4_full_dsp_0_ip_u/inst/i_synth/ADDSUB_OP.ADDSUB/LOGIC_SPEED.OP/NORM/ROUND/EXTRA_LSB_RND1_DEL'
INFO: [Synth 8-223] decloning instance 'inst/grp_generic_tanh_float_s_fu_607/dadd_64ns_64ns_64_4_full_dsp_0_U27/pedal_top_dadd_64ns_64ns_64_4_full_dsp_0_ip_u/inst/i_synth/ADDSUB_OP.ADDSUB/LOGIC_SPEED.OP/NORM/ROUND/EXP_INC_DELAY' (delay__parameterized0) to 'inst/grp_generic_tanh_float_s_fu_607/dadd_64ns_64ns_64_4_full_dsp_0_U27/pedal_top_dadd_64ns_64ns_64_4_full_dsp_0_ip_u/inst/i_synth/ADDSUB_OP.ADDSUB/LOGIC_SPEED.OP/NORM/ROUND/EXP_INC_RND1_DELAY'
INFO: [Synth 8-223] decloning instance 'inst/grp_generic_tanh_float_s_fu_607/dadd_64ns_64ns_64_4_full_dsp_0_U27/pedal_top_dadd_64ns_64ns_64_4_full_dsp_0_ip_u/inst/i_synth/DELAY_DIVIDE_BY_ZERO' (delay__parameterized0) to 'inst/grp_generic_tanh_float_s_fu_607/dadd_64ns_64ns_64_4_full_dsp_0_U27/pedal_top_dadd_64ns_64ns_64_4_full_dsp_0_ip_u/inst/i_synth/DELAY_ACCUM_OVERFLOW'
INFO: [Synth 8-223] decloning instance 'inst/grp_generic_tanh_float_s_fu_607/dadd_64ns_64ns_64_4_full_dsp_0_U27/pedal_top_dadd_64ns_64ns_64_4_full_dsp_0_ip_u/inst/i_synth/DELAY_DIVIDE_BY_ZERO' (delay__parameterized0) to 'inst/grp_generic_tanh_float_s_fu_607/dadd_64ns_64ns_64_4_full_dsp_0_U27/pedal_top_dadd_64ns_64ns_64_4_full_dsp_0_ip_u/inst/i_synth/DELAY_ACCUM_INPUT_OVERFLOW'
INFO: [Synth 8-223] decloning instance 'pedal_top_sitofp_32ns_32_2_no_dsp_1:/pedal_top_sitofp_32ns_32_2_no_dsp_1_ip_u/inst/i_synth/FIX_TO_FLT_OP.SPD.OP/ROUND/EXTRA_LSB_BIT_DEL' (delay__parameterized0) to 'pedal_top_sitofp_32ns_32_2_no_dsp_1:/pedal_top_sitofp_32ns_32_2_no_dsp_1_ip_u/inst/i_synth/FIX_TO_FLT_OP.SPD.OP/ROUND/EXTRA_LSB_RND1_DEL'
INFO: [Synth 8-223] decloning instance 'pedal_top_sitofp_32ns_32_2_no_dsp_1:/pedal_top_sitofp_32ns_32_2_no_dsp_1_ip_u/inst/i_synth/FIX_TO_FLT_OP.SPD.OP/ROUND/EXP_INC_DELAY' (delay__parameterized0) to 'pedal_top_sitofp_32ns_32_2_no_dsp_1:/pedal_top_sitofp_32ns_32_2_no_dsp_1_ip_u/inst/i_synth/FIX_TO_FLT_OP.SPD.OP/ROUND/EXP_INC_RND1_DELAY'
INFO: [Synth 8-223] decloning instance 'pedal_top_sitofp_32ns_32_2_no_dsp_1:/pedal_top_sitofp_32ns_32_2_no_dsp_1_ip_u/inst/i_synth/FIX_TO_FLT_OP.SPD.OP/ROUND/EXP_IN_DELAY.EXP_IN_DEL' (delay__parameterized27) to 'pedal_top_sitofp_32ns_32_2_no_dsp_1:/pedal_top_sitofp_32ns_32_2_no_dsp_1_ip_u/inst/i_synth/FIX_TO_FLT_OP.SPD.OP/ROUND/EXP_RND2_DELAY.EXP_RND_DEL'
INFO: [Synth 8-223] decloning instance 'pedal_top_sitofp_32ns_32_2_no_dsp_1:/pedal_top_sitofp_32ns_32_2_no_dsp_1_ip_u/inst/i_synth/FIX_TO_FLT_OP.SPD.OP/ROUND/EXP_IN_DELAY.EXP_OFF_OP_DEL' (delay__parameterized27) to 'pedal_top_sitofp_32ns_32_2_no_dsp_1:/pedal_top_sitofp_32ns_32_2_no_dsp_1_ip_u/inst/i_synth/FIX_TO_FLT_OP.SPD.OP/ROUND/EXP_RND2_DELAY.EXP_OFF_RND_DEL'
INFO: [Synth 8-223] decloning instance 'pedal_top_sitofp_32ns_32_2_no_dsp_1:/pedal_top_sitofp_32ns_32_2_no_dsp_1_ip_u/inst/i_synth/DELAY_INVALID_OP' (delay__parameterized0) to 'pedal_top_sitofp_32ns_32_2_no_dsp_1:/pedal_top_sitofp_32ns_32_2_no_dsp_1_ip_u/inst/i_synth/DELAY_DIVIDE_BY_ZERO'
INFO: [Synth 8-223] decloning instance 'pedal_top_sitofp_32ns_32_2_no_dsp_1:/pedal_top_sitofp_32ns_32_2_no_dsp_1_ip_u/inst/i_synth/DELAY_INVALID_OP' (delay__parameterized0) to 'pedal_top_sitofp_32ns_32_2_no_dsp_1:/pedal_top_sitofp_32ns_32_2_no_dsp_1_ip_u/inst/i_synth/DELAY_OVERFLOW'
INFO: [Synth 8-223] decloning instance 'pedal_top_sitofp_32ns_32_2_no_dsp_1:/pedal_top_sitofp_32ns_32_2_no_dsp_1_ip_u/inst/i_synth/DELAY_INVALID_OP' (delay__parameterized0) to 'pedal_top_sitofp_32ns_32_2_no_dsp_1:/pedal_top_sitofp_32ns_32_2_no_dsp_1_ip_u/inst/i_synth/DELAY_UNDERFLOW'
INFO: [Synth 8-223] decloning instance 'pedal_top_sitofp_32ns_32_2_no_dsp_1:/pedal_top_sitofp_32ns_32_2_no_dsp_1_ip_u/inst/i_synth/DELAY_INVALID_OP' (delay__parameterized0) to 'pedal_top_sitofp_32ns_32_2_no_dsp_1:/pedal_top_sitofp_32ns_32_2_no_dsp_1_ip_u/inst/i_synth/DELAY_ACCUM_OVERFLOW'
INFO: [Synth 8-223] decloning instance 'pedal_top_sitofp_32ns_32_2_no_dsp_1:/pedal_top_sitofp_32ns_32_2_no_dsp_1_ip_u/inst/i_synth/DELAY_INVALID_OP' (delay__parameterized0) to 'pedal_top_sitofp_32ns_32_2_no_dsp_1:/pedal_top_sitofp_32ns_32_2_no_dsp_1_ip_u/inst/i_synth/DELAY_ACCUM_INPUT_OVERFLOW'
---------------------------------------------------------------------------------
Start RTL Component Statistics 
---------------------------------------------------------------------------------
---------------------------------------------------------------------------------
Finished RTL Component Statistics 
---------------------------------------------------------------------------------
---------------------------------------------------------------------------------
Start Part Resource Summary
---------------------------------------------------------------------------------
Part Resources:
DSPs: 360 (col length:72)
BRAMs: 432 (col length: RAMB18 72 RAMB36 36)
---------------------------------------------------------------------------------
Finished Part Resource Summary
---------------------------------------------------------------------------------
---------------------------------------------------------------------------------
Start Cross Boundary and Area Optimization
---------------------------------------------------------------------------------
WARNING: [Synth 8-3936] Found unconnected internal register 'mac_muladd_16s_15ns_19s_31_4_1_U6/pedal_top_mac_muladd_16s_15ns_19s_31_4_1_DSP48_0_U/p_reg_reg' and it is trimmed from '46' to '31' bits. [e:/FPGA-Guitar-Pedal/pedal_vivado/pedal_2.gen/sources_1/bd/dma_axis_ip_example/ipshared/9242/hdl/verilog/pedal_top_mac_muladd_16s_15ns_19s_31_4_1.v:45]
WARNING: [Synth 8-3936] Found unconnected internal register 'mac_muladd_16s_15ns_19s_31_4_1_U6/pedal_top_mac_muladd_16s_15ns_19s_31_4_1_DSP48_0_U/m_reg_reg' and it is trimmed from '45' to '31' bits. [e:/FPGA-Guitar-Pedal/pedal_vivado/pedal_2.gen/sources_1/bd/dma_axis_ip_example/ipshared/9242/hdl/verilog/pedal_top_mac_muladd_16s_15ns_19s_31_4_1.v:37]
INFO: [Synth 8-5845] Not enough pipeline registers after wide multiplier. Recommended levels of pipeline registers is 4 [e:/FPGA-Guitar-Pedal/pedal_vivado/pedal_2.gen/sources_1/bd/dma_axis_ip_example/ipshared/9242/hdl/verilog/pedal_top_mul_13s_71s_71_1_1.v:44]
INFO: [Synth 8-5845] Not enough pipeline registers after wide multiplier. Recommended levels of pipeline registers is 5 [e:/FPGA-Guitar-Pedal/pedal_vivado/pedal_2.gen/sources_1/bd/dma_axis_ip_example/ipshared/9242/hdl/verilog/pedal_top_mul_43ns_36ns_79_1_1.v:41]
INFO: [Synth 8-5845] Not enough pipeline registers after wide multiplier. Recommended levels of pipeline registers is 9 [e:/FPGA-Guitar-Pedal/pedal_vivado/pedal_2.gen/sources_1/bd/dma_axis_ip_example/ipshared/9242/hdl/verilog/pedal_top_mul_49ns_44ns_93_1_1.v:41]
INFO: [Synth 8-5845] Not enough pipeline registers after wide multiplier. Recommended levels of pipeline registers is 9 [e:/FPGA-Guitar-Pedal/pedal_vivado/pedal_2.gen/sources_1/bd/dma_axis_ip_example/ipshared/9242/hdl/verilog/pedal_top_mul_50ns_50ns_100_1_1.v:41]
DSP Report: Generating DSP mac_muladd_16s_15ns_19s_31_4_1_U6/pedal_top_mac_muladd_16s_15ns_19s_31_4_1_DSP48_0_U/p_reg_reg, operation Mode is: (C+(A2*(B:0x5c55)')')'.
DSP Report: register mac_muladd_16s_15ns_19s_31_4_1_U6/pedal_top_mac_muladd_16s_15ns_19s_31_4_1_DSP48_0_U/b_reg_reg is absorbed into DSP mac_muladd_16s_15ns_19s_31_4_1_U6/pedal_top_mac_muladd_16s_15ns_19s_31_4_1_DSP48_0_U/p_reg_reg.
DSP Report: register mac_muladd_16s_15ns_19s_31_4_1_U6/pedal_top_mac_muladd_16s_15ns_19s_31_4_1_DSP48_0_U/a_reg_reg is absorbed into DSP mac_muladd_16s_15ns_19s_31_4_1_U6/pedal_top_mac_muladd_16s_15ns_19s_31_4_1_DSP48_0_U/p_reg_reg.
DSP Report: register mac_muladd_16s_15ns_19s_31_4_1_U6/pedal_top_mac_muladd_16s_15ns_19s_31_4_1_DSP48_0_U/p_reg_reg is absorbed into DSP mac_muladd_16s_15ns_19s_31_4_1_U6/pedal_top_mac_muladd_16s_15ns_19s_31_4_1_DSP48_0_U/p_reg_reg.
DSP Report: register mac_muladd_16s_15ns_19s_31_4_1_U6/pedal_top_mac_muladd_16s_15ns_19s_31_4_1_DSP48_0_U/m_reg_reg is absorbed into DSP mac_muladd_16s_15ns_19s_31_4_1_U6/pedal_top_mac_muladd_16s_15ns_19s_31_4_1_DSP48_0_U/p_reg_reg.
DSP Report: operator mac_muladd_16s_15ns_19s_31_4_1_U6/pedal_top_mac_muladd_16s_15ns_19s_31_4_1_DSP48_0_U/p is absorbed into DSP mac_muladd_16s_15ns_19s_31_4_1_U6/pedal_top_mac_muladd_16s_15ns_19s_31_4_1_DSP48_0_U/p_reg_reg.
DSP Report: operator mac_muladd_16s_15ns_19s_31_4_1_U6/pedal_top_mac_muladd_16s_15ns_19s_31_4_1_DSP48_0_U/m is absorbed into DSP mac_muladd_16s_15ns_19s_31_4_1_U6/pedal_top_mac_muladd_16s_15ns_19s_31_4_1_DSP48_0_U/p_reg_reg.
DSP Report: Generating DSP mul_13s_71s_71_1_1_U1/tmp_product, operation Mode is: A*B.
DSP Report: operator mul_13s_71s_71_1_1_U1/tmp_product is absorbed into DSP mul_13s_71s_71_1_1_U1/tmp_product.
DSP Report: operator mul_13s_71s_71_1_1_U1/tmp_product is absorbed into DSP mul_13s_71s_71_1_1_U1/tmp_product.
DSP Report: Generating DSP mul_13s_71s_71_1_1_U1/tmp_product, operation Mode is: (PCIN>>17)+A*B.
DSP Report: operator mul_13s_71s_71_1_1_U1/tmp_product is absorbed into DSP mul_13s_71s_71_1_1_U1/tmp_product.
DSP Report: operator mul_13s_71s_71_1_1_U1/tmp_product is absorbed into DSP mul_13s_71s_71_1_1_U1/tmp_product.
DSP Report: Generating DSP mul_13s_71s_71_1_1_U1/tmp_product, operation Mode is: (A:0xd5e4)*B.
DSP Report: operator mul_13s_71s_71_1_1_U1/tmp_product is absorbed into DSP mul_13s_71s_71_1_1_U1/tmp_product.
DSP Report: operator mul_13s_71s_71_1_1_U1/tmp_product is absorbed into DSP mul_13s_71s_71_1_1_U1/tmp_product.
DSP Report: Generating DSP mul_13s_71s_71_1_1_U1/tmp_product, operation Mode is: (PCIN>>17)+A*B.
DSP Report: operator mul_13s_71s_71_1_1_U1/tmp_product is absorbed into DSP mul_13s_71s_71_1_1_U1/tmp_product.
DSP Report: operator mul_13s_71s_71_1_1_U1/tmp_product is absorbed into DSP mul_13s_71s_71_1_1_U1/tmp_product.
DSP Report: Generating DSP mul_43ns_36ns_79_1_1_U2/tmp_product, operation Mode is: A*B2.
DSP Report: register mul_43ns_36ns_79_1_1_U2/tmp_product is absorbed into DSP mul_43ns_36ns_79_1_1_U2/tmp_product.
DSP Report: operator mul_43ns_36ns_79_1_1_U2/tmp_product is absorbed into DSP mul_43ns_36ns_79_1_1_U2/tmp_product.
DSP Report: operator mul_43ns_36ns_79_1_1_U2/tmp_product is absorbed into DSP mul_43ns_36ns_79_1_1_U2/tmp_product.
DSP Report: Generating DSP mul_43ns_36ns_79_1_1_U2/tmp_product, operation Mode is: A*B.
DSP Report: operator mul_43ns_36ns_79_1_1_U2/tmp_product is absorbed into DSP mul_43ns_36ns_79_1_1_U2/tmp_product.
DSP Report: operator mul_43ns_36ns_79_1_1_U2/tmp_product is absorbed into DSP mul_43ns_36ns_79_1_1_U2/tmp_product.
DSP Report: Generating DSP mul_43ns_36ns_79_1_1_U2/tmp_product, operation Mode is: (PCIN>>17)+A*B.
DSP Report: operator mul_43ns_36ns_79_1_1_U2/tmp_product is absorbed into DSP mul_43ns_36ns_79_1_1_U2/tmp_product.
DSP Report: operator mul_43ns_36ns_79_1_1_U2/tmp_product is absorbed into DSP mul_43ns_36ns_79_1_1_U2/tmp_product.
DSP Report: Generating DSP mul_43ns_36ns_79_1_1_U2/tmp_product, operation Mode is: A*B.
DSP Report: operator mul_43ns_36ns_79_1_1_U2/tmp_product is absorbed into DSP mul_43ns_36ns_79_1_1_U2/tmp_product.
DSP Report: operator mul_43ns_36ns_79_1_1_U2/tmp_product is absorbed into DSP mul_43ns_36ns_79_1_1_U2/tmp_product.
DSP Report: Generating DSP mul_43ns_36ns_79_1_1_U2/tmp_product, operation Mode is: (PCIN>>17)+A*B.
DSP Report: operator mul_43ns_36ns_79_1_1_U2/tmp_product is absorbed into DSP mul_43ns_36ns_79_1_1_U2/tmp_product.
DSP Report: operator mul_43ns_36ns_79_1_1_U2/tmp_product is absorbed into DSP mul_43ns_36ns_79_1_1_U2/tmp_product.
DSP Report: Generating DSP mul_49ns_44ns_93_1_1_U3/tmp_product, operation Mode is: A*B2.
DSP Report: register mul_49ns_44ns_93_1_1_U3/tmp_product is absorbed into DSP mul_49ns_44ns_93_1_1_U3/tmp_product.
DSP Report: operator mul_49ns_44ns_93_1_1_U3/tmp_product is absorbed into DSP mul_49ns_44ns_93_1_1_U3/tmp_product.
DSP Report: operator mul_49ns_44ns_93_1_1_U3/tmp_product is absorbed into DSP mul_49ns_44ns_93_1_1_U3/tmp_product.
DSP Report: Generating DSP mul_49ns_44ns_93_1_1_U3/tmp_product, operation Mode is: PCIN+A2*B.
DSP Report: register mul_49ns_44ns_93_1_1_U3/tmp_product is absorbed into DSP mul_49ns_44ns_93_1_1_U3/tmp_product.
DSP Report: operator mul_49ns_44ns_93_1_1_U3/tmp_product is absorbed into DSP mul_49ns_44ns_93_1_1_U3/tmp_product.
DSP Report: operator mul_49ns_44ns_93_1_1_U3/tmp_product is absorbed into DSP mul_49ns_44ns_93_1_1_U3/tmp_product.
DSP Report: Generating DSP mul_49ns_44ns_93_1_1_U3/tmp_product, operation Mode is: (PCIN>>17)+A*B2.
DSP Report: register mul_49ns_44ns_93_1_1_U3/tmp_product is absorbed into DSP mul_49ns_44ns_93_1_1_U3/tmp_product.
DSP Report: operator mul_49ns_44ns_93_1_1_U3/tmp_product is absorbed into DSP mul_49ns_44ns_93_1_1_U3/tmp_product.
DSP Report: operator mul_49ns_44ns_93_1_1_U3/tmp_product is absorbed into DSP mul_49ns_44ns_93_1_1_U3/tmp_product.
DSP Report: Generating DSP mul_49ns_44ns_93_1_1_U3/tmp_product, operation Mode is: A*B2.
DSP Report: register mul_49ns_44ns_93_1_1_U3/tmp_product is absorbed into DSP mul_49ns_44ns_93_1_1_U3/tmp_product.
DSP Report: operator mul_49ns_44ns_93_1_1_U3/tmp_product is absorbed into DSP mul_49ns_44ns_93_1_1_U3/tmp_product.
DSP Report: operator mul_49ns_44ns_93_1_1_U3/tmp_product is absorbed into DSP mul_49ns_44ns_93_1_1_U3/tmp_product.
DSP Report: Generating DSP mul_49ns_44ns_93_1_1_U3/tmp_product, operation Mode is: PCIN+A*B2.
DSP Report: register mul_49ns_44ns_93_1_1_U3/tmp_product is absorbed into DSP mul_49ns_44ns_93_1_1_U3/tmp_product.
DSP Report: operator mul_49ns_44ns_93_1_1_U3/tmp_product is absorbed into DSP mul_49ns_44ns_93_1_1_U3/tmp_product.
DSP Report: operator mul_49ns_44ns_93_1_1_U3/tmp_product is absorbed into DSP mul_49ns_44ns_93_1_1_U3/tmp_product.
DSP Report: Generating DSP mul_49ns_44ns_93_1_1_U3/tmp_product, operation Mode is: PCIN+A2*B.
DSP Report: register mul_49ns_44ns_93_1_1_U3/tmp_product is absorbed into DSP mul_49ns_44ns_93_1_1_U3/tmp_product.
DSP Report: operator mul_49ns_44ns_93_1_1_U3/tmp_product is absorbed into DSP mul_49ns_44ns_93_1_1_U3/tmp_product.
DSP Report: operator mul_49ns_44ns_93_1_1_U3/tmp_product is absorbed into DSP mul_49ns_44ns_93_1_1_U3/tmp_product.
DSP Report: Generating DSP mul_49ns_44ns_93_1_1_U3/tmp_product, operation Mode is: A*B2.
DSP Report: register mul_49ns_44ns_93_1_1_U3/tmp_product is absorbed into DSP mul_49ns_44ns_93_1_1_U3/tmp_product.
DSP Report: operator mul_49ns_44ns_93_1_1_U3/tmp_product is absorbed into DSP mul_49ns_44ns_93_1_1_U3/tmp_product.
DSP Report: operator mul_49ns_44ns_93_1_1_U3/tmp_product is absorbed into DSP mul_49ns_44ns_93_1_1_U3/tmp_product.
DSP Report: Generating DSP mul_49ns_44ns_93_1_1_U3/tmp_product, operation Mode is: (PCIN>>17)+A*B2.
DSP Report: register mul_49ns_44ns_93_1_1_U3/tmp_product is absorbed into DSP mul_49ns_44ns_93_1_1_U3/tmp_product.
DSP Report: operator mul_49ns_44ns_93_1_1_U3/tmp_product is absorbed into DSP mul_49ns_44ns_93_1_1_U3/tmp_product.
DSP Report: operator mul_49ns_44ns_93_1_1_U3/tmp_product is absorbed into DSP mul_49ns_44ns_93_1_1_U3/tmp_product.
DSP Report: Generating DSP mul_49ns_44ns_93_1_1_U3/tmp_product, operation Mode is: PCIN+A*B2.
DSP Report: register mul_49ns_44ns_93_1_1_U3/tmp_product is absorbed into DSP mul_49ns_44ns_93_1_1_U3/tmp_product.
DSP Report: operator mul_49ns_44ns_93_1_1_U3/tmp_product is absorbed into DSP mul_49ns_44ns_93_1_1_U3/tmp_product.
DSP Report: operator mul_49ns_44ns_93_1_1_U3/tmp_product is absorbed into DSP mul_49ns_44ns_93_1_1_U3/tmp_product.
DSP Report: Generating DSP mul_50ns_50ns_100_1_1_U4/tmp_product, operation Mode is: A2*B2.
DSP Report: register mul_50ns_50ns_100_1_1_U4/tmp_product is absorbed into DSP mul_50ns_50ns_100_1_1_U4/tmp_product.
DSP Report: register mul_50ns_50ns_100_1_1_U4/tmp_product is absorbed into DSP mul_50ns_50ns_100_1_1_U4/tmp_product.
DSP Report: operator mul_50ns_50ns_100_1_1_U4/tmp_product is absorbed into DSP mul_50ns_50ns_100_1_1_U4/tmp_product.
DSP Report: operator mul_50ns_50ns_100_1_1_U4/tmp_product is absorbed into DSP mul_50ns_50ns_100_1_1_U4/tmp_product.
DSP Report: Generating DSP mul_50ns_50ns_100_1_1_U4/tmp_product, operation Mode is: PCIN+A2*B2.
DSP Report: register mul_50ns_50ns_100_1_1_U4/tmp_product is absorbed into DSP mul_50ns_50ns_100_1_1_U4/tmp_product.
DSP Report: register mul_50ns_50ns_100_1_1_U4/tmp_product is absorbed into DSP mul_50ns_50ns_100_1_1_U4/tmp_product.
DSP Report: operator mul_50ns_50ns_100_1_1_U4/tmp_product is absorbed into DSP mul_50ns_50ns_100_1_1_U4/tmp_product.
DSP Report: operator mul_50ns_50ns_100_1_1_U4/tmp_product is absorbed into DSP mul_50ns_50ns_100_1_1_U4/tmp_product.
DSP Report: Generating DSP mul_50ns_50ns_100_1_1_U4/tmp_product, operation Mode is: (PCIN>>17)+A2*B2.
DSP Report: register mul_50ns_50ns_100_1_1_U4/tmp_product is absorbed into DSP mul_50ns_50ns_100_1_1_U4/tmp_product.
DSP Report: register mul_50ns_50ns_100_1_1_U4/tmp_product is absorbed into DSP mul_50ns_50ns_100_1_1_U4/tmp_product.
DSP Report: operator mul_50ns_50ns_100_1_1_U4/tmp_product is absorbed into DSP mul_50ns_50ns_100_1_1_U4/tmp_product.
DSP Report: operator mul_50ns_50ns_100_1_1_U4/tmp_product is absorbed into DSP mul_50ns_50ns_100_1_1_U4/tmp_product.
DSP Report: Generating DSP mul_50ns_50ns_100_1_1_U4/tmp_product, operation Mode is: A2*B2.
DSP Report: register mul_50ns_50ns_100_1_1_U4/tmp_product is absorbed into DSP mul_50ns_50ns_100_1_1_U4/tmp_product.
DSP Report: register mul_50ns_50ns_100_1_1_U4/tmp_product is absorbed into DSP mul_50ns_50ns_100_1_1_U4/tmp_product.
DSP Report: operator mul_50ns_50ns_100_1_1_U4/tmp_product is absorbed into DSP mul_50ns_50ns_100_1_1_U4/tmp_product.
DSP Report: operator mul_50ns_50ns_100_1_1_U4/tmp_product is absorbed into DSP mul_50ns_50ns_100_1_1_U4/tmp_product.
DSP Report: Generating DSP mul_50ns_50ns_100_1_1_U4/tmp_product, operation Mode is: PCIN+A2*B2.
DSP Report: register mul_50ns_50ns_100_1_1_U4/tmp_product is absorbed into DSP mul_50ns_50ns_100_1_1_U4/tmp_product.
DSP Report: register mul_50ns_50ns_100_1_1_U4/tmp_product is absorbed into DSP mul_50ns_50ns_100_1_1_U4/tmp_product.
DSP Report: operator mul_50ns_50ns_100_1_1_U4/tmp_product is absorbed into DSP mul_50ns_50ns_100_1_1_U4/tmp_product.
DSP Report: operator mul_50ns_50ns_100_1_1_U4/tmp_product is absorbed into DSP mul_50ns_50ns_100_1_1_U4/tmp_product.
DSP Report: Generating DSP mul_50ns_50ns_100_1_1_U4/tmp_product, operation Mode is: PCIN+A2*B2.
DSP Report: register mul_50ns_50ns_100_1_1_U4/tmp_product is absorbed into DSP mul_50ns_50ns_100_1_1_U4/tmp_product.
DSP Report: register mul_50ns_50ns_100_1_1_U4/tmp_product is absorbed into DSP mul_50ns_50ns_100_1_1_U4/tmp_product.
DSP Report: operator mul_50ns_50ns_100_1_1_U4/tmp_product is absorbed into DSP mul_50ns_50ns_100_1_1_U4/tmp_product.
DSP Report: operator mul_50ns_50ns_100_1_1_U4/tmp_product is absorbed into DSP mul_50ns_50ns_100_1_1_U4/tmp_product.
DSP Report: Generating DSP mul_50ns_50ns_100_1_1_U4/tmp_product, operation Mode is: A2*B2.
DSP Report: register mul_50ns_50ns_100_1_1_U4/tmp_product is absorbed into DSP mul_50ns_50ns_100_1_1_U4/tmp_product.
DSP Report: register mul_50ns_50ns_100_1_1_U4/tmp_product is absorbed into DSP mul_50ns_50ns_100_1_1_U4/tmp_product.
DSP Report: operator mul_50ns_50ns_100_1_1_U4/tmp_product is absorbed into DSP mul_50ns_50ns_100_1_1_U4/tmp_product.
DSP Report: operator mul_50ns_50ns_100_1_1_U4/tmp_product is absorbed into DSP mul_50ns_50ns_100_1_1_U4/tmp_product.
DSP Report: Generating DSP mul_50ns_50ns_100_1_1_U4/tmp_product, operation Mode is: (PCIN>>17)+A2*B2.
DSP Report: register mul_50ns_50ns_100_1_1_U4/tmp_product is absorbed into DSP mul_50ns_50ns_100_1_1_U4/tmp_product.
DSP Report: register mul_50ns_50ns_100_1_1_U4/tmp_product is absorbed into DSP mul_50ns_50ns_100_1_1_U4/tmp_product.
DSP Report: operator mul_50ns_50ns_100_1_1_U4/tmp_product is absorbed into DSP mul_50ns_50ns_100_1_1_U4/tmp_product.
DSP Report: operator mul_50ns_50ns_100_1_1_U4/tmp_product is absorbed into DSP mul_50ns_50ns_100_1_1_U4/tmp_product.
DSP Report: Generating DSP mul_50ns_50ns_100_1_1_U4/tmp_product, operation Mode is: PCIN+A2*B2.
DSP Report: register mul_50ns_50ns_100_1_1_U4/tmp_product is absorbed into DSP mul_50ns_50ns_100_1_1_U4/tmp_product.
DSP Report: register mul_50ns_50ns_100_1_1_U4/tmp_product is absorbed into DSP mul_50ns_50ns_100_1_1_U4/tmp_product.
DSP Report: operator mul_50ns_50ns_100_1_1_U4/tmp_product is absorbed into DSP mul_50ns_50ns_100_1_1_U4/tmp_product.
DSP Report: operator mul_50ns_50ns_100_1_1_U4/tmp_product is absorbed into DSP mul_50ns_50ns_100_1_1_U4/tmp_product.
INFO: [Synth 8-5546] ROM "ADDSUB_OP.ADDSUB/DSP.OP/DSP48E1_BODY.ALIGN_ADD/SHIFT_TABLE[0]" won't be mapped to RAM because it is too sparse
INFO: [Synth 8-5546] ROM "ADDSUB_OP.ADDSUB/DSP.OP/DSP48E1_BODY.ALIGN_ADD/SHIFT_TABLE[0]" won't be mapped to RAM because it is too sparse
INFO: [Synth 8-5546] ROM "ADDSUB_OP.ADDSUB/DSP.OP/DSP48E1_BODY.ALIGN_ADD/SHIFT_TABLE[0]" won't be mapped to RAM because it is too sparse
INFO: [Synth 8-5546] ROM "ADDSUB_OP.ADDSUB/DSP.OP/DSP48E1_BODY.ALIGN_ADD/SHIFT_TABLE[0]" won't be mapped to RAM because it is too sparse
INFO: [Synth 8-5546] ROM "ADDSUB_OP.ADDSUB/DSP.OP/DSP48E1_BODY.ALIGN_ADD/SHIFT_TABLE[0]" won't be mapped to RAM because it is too sparse
INFO: [Synth 8-3936] Found unconnected internal register 'RT[20].Q_DEL/i_pipe/opt_has_pipe.first_q_reg' and it is trimmed from '26' to '20' bits. [e:/FPGA-Guitar-Pedal/pedal_vivado/pedal_2.gen/sources_1/bd/dma_axis_ip_example/ipshared/713b/hdl/xbip_pipe_v3_0_vh_rfs.vhd:361]
INFO: [Synth 8-3936] Found unconnected internal register 'RT[13].Q_DEL/i_pipe/opt_has_pipe.first_q_reg' and it is trimmed from '26' to '13' bits. [e:/FPGA-Guitar-Pedal/pedal_vivado/pedal_2.gen/sources_1/bd/dma_axis_ip_example/ipshared/713b/hdl/xbip_pipe_v3_0_vh_rfs.vhd:361]
INFO: [Synth 8-3936] Found unconnected internal register 'RT[6].Q_DEL/i_pipe/opt_has_pipe.first_q_reg' and it is trimmed from '26' to '6' bits. [e:/FPGA-Guitar-Pedal/pedal_vivado/pedal_2.gen/sources_1/bd/dma_axis_ip_example/ipshared/713b/hdl/xbip_pipe_v3_0_vh_rfs.vhd:361]
INFO: [Synth 8-5544] ROM "LZE/enc_chunk" won't be mapped to Block RAM because address size (4) smaller than threshold (5)
INFO: [Synth 8-5544] ROM "LZE/enc_chunk" won't be mapped to Block RAM because address size (4) smaller than threshold (5)
INFO: [Synth 8-5544] ROM "LZE/enc_chunk" won't be mapped to Block RAM because address size (4) smaller than threshold (5)
INFO: [Synth 8-5544] ROM "LZE/enc_chunk" won't be mapped to Block RAM because address size (4) smaller than threshold (5)
INFO: [Synth 8-5544] ROM "LZE/enc_chunk" won't be mapped to Block RAM because address size (4) smaller than threshold (5)
INFO: [Synth 8-5544] ROM "LZE/enc_chunk" won't be mapped to Block RAM because address size (4) smaller than threshold (5)
INFO: [Synth 8-5544] ROM "LZE/enc_chunk" won't be mapped to Block RAM because address size (4) smaller than threshold (5)
INFO: [Synth 8-5544] ROM "LZE/enc_chunk" won't be mapped to Block RAM because address size (4) smaller than threshold (5)
INFO: [Synth 8-5544] ROM "LZE/enc_chunk" won't be mapped to Block RAM because address size (4) smaller than threshold (5)
INFO: [Synth 8-5544] ROM "LZE/enc_chunk" won't be mapped to Block RAM because address size (4) smaller than threshold (5)
INFO: [Synth 8-5544] ROM "LZE/enc_chunk" won't be mapped to Block RAM because address size (4) smaller than threshold (5)
INFO: [Synth 8-5544] ROM "LZE/enc_chunk" won't be mapped to Block RAM because address size (4) smaller than threshold (5)
INFO: [Synth 8-5544] ROM "LZE/enc_chunk" won't be mapped to Block RAM because address size (4) smaller than threshold (5)
INFO: [Synth 8-5544] ROM "LZE/enc_chunk" won't be mapped to Block RAM because address size (4) smaller than threshold (5)
INFO: [Synth 8-5544] ROM "LZE/enc_chunk" won't be mapped to Block RAM because address size (4) smaller than threshold (5)
INFO: [Synth 8-5544] ROM "LZE/enc_chunk" won't be mapped to Block RAM because address size (4) smaller than threshold (5)
INFO: [Synth 8-5544] ROM "LZE/enc_chunk" won't be mapped to Block RAM because address size (4) smaller than threshold (5)
INFO: [Synth 8-5544] ROM "LZE/enc_chunk" won't be mapped to Block RAM because address size (4) smaller than threshold (5)
INFO: [Synth 8-5544] ROM "LZE/enc_chunk" won't be mapped to Block RAM because address size (4) smaller than threshold (5)
INFO: [Synth 8-5544] ROM "LZE/enc_chunk" won't be mapped to Block RAM because address size (4) smaller than threshold (5)
INFO: [Synth 8-5544] ROM "LZE/enc_chunk" won't be mapped to Block RAM because address size (4) smaller than threshold (5)
INFO: [Synth 8-5544] ROM "LZE/enc_chunk" won't be mapped to Block RAM because address size (4) smaller than threshold (5)
INFO: [Synth 8-5544] ROM "LZE/enc_chunk" won't be mapped to Block RAM because address size (4) smaller than threshold (5)
INFO: [Synth 8-5544] ROM "LZE/enc_chunk" won't be mapped to Block RAM because address size (4) smaller than threshold (5)
INFO: [Synth 8-5544] ROM "LZE/enc_chunk" won't be mapped to Block RAM because address size (4) smaller than threshold (5)
INFO: [Synth 8-5544] ROM "LZE/enc_chunk" won't be mapped to Block RAM because address size (4) smaller than threshold (5)
INFO: [Synth 8-5544] ROM "LZE/enc_chunk" won't be mapped to Block RAM because address size (4) smaller than threshold (5)
INFO: [Synth 8-5544] ROM "LZE/enc_chunk" won't be mapped to Block RAM because address size (4) smaller than threshold (5)
INFO: [Synth 8-5544] ROM "LZE/enc_chunk" won't be mapped to Block RAM because address size (4) smaller than threshold (5)
INFO: [Synth 8-5544] ROM "LZE/enc_chunk" won't be mapped to Block RAM because address size (4) smaller than threshold (5)
INFO: [Synth 8-5544] ROM "LZE/enc_chunk" won't be mapped to Block RAM because address size (4) smaller than threshold (5)
INFO: [Synth 8-5544] ROM "LZE/enc_chunk" won't be mapped to Block RAM because address size (4) smaller than threshold (5)
INFO: [Synth 8-3936] Found unconnected internal register 'EXP_OFF.LRG_EXP_DELAY/i_pipe/opt_has_pipe.first_q_reg' and it is trimmed from '12' to '11' bits. [e:/FPGA-Guitar-Pedal/pedal_vivado/pedal_2.gen/sources_1/bd/dma_axis_ip_example/ipshared/713b/hdl/xbip_pipe_v3_0_vh_rfs.vhd:361]
INFO: [Synth 8-4471] merging register 'fsub_32ns_32ns_32_3_full_dsp_0_U18/ce_r_reg' into 'fadd_32ns_32ns_32_3_full_dsp_0_U17/ce_r_reg' [e:/FPGA-Guitar-Pedal/pedal_vivado/pedal_2.gen/sources_1/bd/dma_axis_ip_example/ipshared/9242/hdl/verilog/pedal_top_fsub_32ns_32ns_32_3_full_dsp_0.v:51]
INFO: [Synth 8-4471] merging register 'fadd_32ns_32ns_32_3_full_dsp_0_U19/ce_r_reg' into 'fadd_32ns_32ns_32_3_full_dsp_0_U17/ce_r_reg' [e:/FPGA-Guitar-Pedal/pedal_vivado/pedal_2.gen/sources_1/bd/dma_axis_ip_example/ipshared/9242/hdl/verilog/pedal_top_fadd_32ns_32ns_32_3_full_dsp_0.v:51]
INFO: [Synth 8-4471] merging register 'fadd_32ns_32ns_32_3_full_dsp_0_U19/din0_buf1_reg[31:0]' into 'fsub_32ns_32ns_32_3_full_dsp_0_U18/din1_buf1_reg[31:0]' [e:/FPGA-Guitar-Pedal/pedal_vivado/pedal_2.gen/sources_1/bd/dma_axis_ip_example/ipshared/9242/hdl/verilog/pedal_top_fadd_32ns_32ns_32_3_full_dsp_0.v:53]
INFO: [Synth 8-4471] merging register 'fadd_32ns_32ns_32_3_full_dsp_0_U19/din1_buf1_reg[31:0]' into 'fsub_32ns_32ns_32_3_full_dsp_0_U18/din1_buf1_reg[31:0]' [e:/FPGA-Guitar-Pedal/pedal_vivado/pedal_2.gen/sources_1/bd/dma_axis_ip_example/ipshared/9242/hdl/verilog/pedal_top_fadd_32ns_32ns_32_3_full_dsp_0.v:55]
INFO: [Synth 8-4471] merging register 'fadd_32ns_32ns_32_3_full_dsp_0_U20/ce_r_reg' into 'fadd_32ns_32ns_32_3_full_dsp_0_U17/ce_r_reg' [e:/FPGA-Guitar-Pedal/pedal_vivado/pedal_2.gen/sources_1/bd/dma_axis_ip_example/ipshared/9242/hdl/verilog/pedal_top_fadd_32ns_32ns_32_3_full_dsp_0.v:51]
INFO: [Synth 8-4471] merging register 'fsub_32ns_32ns_32_3_full_dsp_0_U21/ce_r_reg' into 'fadd_32ns_32ns_32_3_full_dsp_0_U17/ce_r_reg' [e:/FPGA-Guitar-Pedal/pedal_vivado/pedal_2.gen/sources_1/bd/dma_axis_ip_example/ipshared/9242/hdl/verilog/pedal_top_fsub_32ns_32ns_32_3_full_dsp_0.v:51]
INFO: [Synth 8-4471] merging register 'fsub_32ns_32ns_32_3_full_dsp_0_U21/din0_buf1_reg[31:0]' into 'fadd_32ns_32ns_32_3_full_dsp_0_U17/din1_buf1_reg[31:0]' [e:/FPGA-Guitar-Pedal/pedal_vivado/pedal_2.gen/sources_1/bd/dma_axis_ip_example/ipshared/9242/hdl/verilog/pedal_top_fsub_32ns_32ns_32_3_full_dsp_0.v:53]
INFO: [Synth 8-4471] merging register 'fmul_32ns_32ns_32_2_max_dsp_0_U22/ce_r_reg' into 'fadd_32ns_32ns_32_3_full_dsp_0_U17/ce_r_reg' [e:/FPGA-Guitar-Pedal/pedal_vivado/pedal_2.gen/sources_1/bd/dma_axis_ip_example/ipshared/9242/hdl/verilog/pedal_top_fmul_32ns_32ns_32_2_max_dsp_0.v:60]
INFO: [Synth 8-4471] merging register 'fdiv_32ns_32ns_32_7_no_dsp_0_U23/ce_r_reg' into 'fadd_32ns_32ns_32_3_full_dsp_0_U17/ce_r_reg' [e:/FPGA-Guitar-Pedal/pedal_vivado/pedal_2.gen/sources_1/bd/dma_axis_ip_example/ipshared/9242/hdl/verilog/pedal_top_fdiv_32ns_32ns_32_7_no_dsp_0.v:51]
INFO: [Synth 8-4471] merging register 'fptrunc_64ns_32_2_no_dsp_0_U24/ce_r_reg' into 'fadd_32ns_32ns_32_3_full_dsp_0_U17/ce_r_reg' [e:/FPGA-Guitar-Pedal/pedal_vivado/pedal_2.gen/sources_1/bd/dma_axis_ip_example/ipshared/9242/hdl/verilog/pedal_top_fptrunc_64ns_32_2_no_dsp_0.v:50]
INFO: [Synth 8-4471] merging register 'fcmp_32ns_32ns_1_2_no_dsp_0_U26/ce_r_reg' into 'fadd_32ns_32ns_32_3_full_dsp_0_U17/ce_r_reg' [e:/FPGA-Guitar-Pedal/pedal_vivado/pedal_2.gen/sources_1/bd/dma_axis_ip_example/ipshared/9242/hdl/verilog/pedal_top_fcmp_32ns_32ns_1_2_no_dsp_0.v:100]
INFO: [Synth 8-4471] merging register 'dadd_64ns_64ns_64_4_full_dsp_0_U27/ce_r_reg' into 'fadd_32ns_32ns_32_3_full_dsp_0_U17/ce_r_reg' [e:/FPGA-Guitar-Pedal/pedal_vivado/pedal_2.gen/sources_1/bd/dma_axis_ip_example/ipshared/9242/hdl/verilog/pedal_top_dadd_64ns_64ns_64_4_full_dsp_0.v:51]
INFO: [Synth 8-4471] merging register 'expx_reg_58_reg[31:0]' into 'fadd_32ns_32ns_32_3_full_dsp_0_U20/din0_buf1_reg[31:0]' [e:/FPGA-Guitar-Pedal/pedal_vivado/pedal_2.gen/sources_1/bd/dma_axis_ip_example/ipshared/9242/hdl/verilog/pedal_top_generic_tanh_float_s.v:777]
INFO: [Synth 8-4471] merging register 'fcmp_32ns_32ns_1_2_no_dsp_0_U26/din0_buf1_reg[31:0]' into 'fadd_32ns_32ns_32_3_full_dsp_0_U17/din0_buf1_reg[31:0]' [e:/FPGA-Guitar-Pedal/pedal_vivado/pedal_2.gen/sources_1/bd/dma_axis_ip_example/ipshared/9242/hdl/verilog/pedal_top_fcmp_32ns_32ns_1_2_no_dsp_0.v:72]
INFO: [Synth 8-4471] merging register 'trunc_ln313_reg_377_reg[30:0]' into 'fadd_32ns_32ns_32_3_full_dsp_0_U17/din0_buf1_reg[30:0]' [e:/FPGA-Guitar-Pedal/pedal_vivado/pedal_2.gen/sources_1/bd/dma_axis_ip_example/ipshared/9242/hdl/verilog/pedal_top_generic_tanh_float_s.v:966]
INFO: [Common 17-14] Message 'Synth 8-7129' appears 100 times and further instances of the messages will be disabled. Use the Tcl command set_msg_config to change the current settings.
INFO: [Synth 8-3886] merging instance 'fadd_32ns_32ns_32_3_full_dsp_0_U17/pedal_top_fadd_32ns_32ns_32_3_full_dsp_0_ip_u/inst/i_synth/ADDSUB_OP.ADDSUB/DSP.OP/DSP48E1_BODY.EXP/SUB_DELAY/i_pipe/opt_has_pipe.first_q_reg[0]' (FDE) to 'fadd_32ns_32ns_32_3_full_dsp_0_U17/pedal_top_fadd_32ns_32ns_32_3_full_dsp_0_ip_u/inst/i_synth/ADDSUB_OP.ADDSUB/DSP.OP/DSP48E1_BODY.EXP/B_SIGN_DELAY/i_pipe/opt_has_pipe.first_q_reg[0]'
INFO: [Synth 8-3886] merging instance 'ap_phi_reg_pp0_iter2_resultf_3_reg_72_reg[0]' (FDRE) to 'ap_phi_reg_pp0_iter2_resultf_3_reg_72_reg[1]'
INFO: [Synth 8-3886] merging instance 'ap_phi_reg_pp0_iter3_resultf_3_reg_72_reg[0]' (FDE) to 'ap_phi_reg_pp0_iter3_resultf_3_reg_72_reg[1]'
INFO: [Synth 8-3886] merging instance 'ap_phi_reg_pp0_iter4_resultf_3_reg_72_reg[0]' (FDE) to 'ap_phi_reg_pp0_iter4_resultf_3_reg_72_reg[1]'
INFO: [Synth 8-3886] merging instance 'ap_phi_reg_pp0_iter2_resultf_3_reg_72_reg[1]' (FDRE) to 'ap_phi_reg_pp0_iter2_resultf_3_reg_72_reg[2]'
INFO: [Synth 8-3886] merging instance 'ap_phi_reg_pp0_iter3_resultf_3_reg_72_reg[1]' (FDE) to 'ap_phi_reg_pp0_iter3_resultf_3_reg_72_reg[2]'
INFO: [Synth 8-3886] merging instance 'ap_phi_reg_pp0_iter4_resultf_3_reg_72_reg[1]' (FDE) to 'ap_phi_reg_pp0_iter4_resultf_3_reg_72_reg[2]'
INFO: [Synth 8-3886] merging instance 'ap_phi_reg_pp0_iter2_resultf_3_reg_72_reg[2]' (FDRE) to 'ap_phi_reg_pp0_iter2_resultf_3_reg_72_reg[3]'
INFO: [Synth 8-3886] merging instance 'ap_phi_reg_pp0_iter3_resultf_3_reg_72_reg[2]' (FDE) to 'ap_phi_reg_pp0_iter3_resultf_3_reg_72_reg[3]'
INFO: [Synth 8-3886] merging instance 'ap_phi_reg_pp0_iter4_resultf_3_reg_72_reg[2]' (FDE) to 'ap_phi_reg_pp0_iter4_resultf_3_reg_72_reg[3]'
INFO: [Synth 8-3886] merging instance 'ap_phi_reg_pp0_iter2_resultf_3_reg_72_reg[3]' (FDRE) to 'ap_phi_reg_pp0_iter2_resultf_3_reg_72_reg[4]'
INFO: [Synth 8-3886] merging instance 'ap_phi_reg_pp0_iter3_resultf_3_reg_72_reg[3]' (FDE) to 'ap_phi_reg_pp0_iter3_resultf_3_reg_72_reg[4]'
INFO: [Synth 8-3886] merging instance 'ap_phi_reg_pp0_iter4_resultf_3_reg_72_reg[3]' (FDE) to 'ap_phi_reg_pp0_iter4_resultf_3_reg_72_reg[4]'
INFO: [Synth 8-3886] merging instance 'ap_phi_reg_pp0_iter2_resultf_3_reg_72_reg[4]' (FDRE) to 'ap_phi_reg_pp0_iter2_resultf_3_reg_72_reg[5]'
INFO: [Synth 8-3886] merging instance 'ap_phi_reg_pp0_iter3_resultf_3_reg_72_reg[4]' (FDE) to 'ap_phi_reg_pp0_iter3_resultf_3_reg_72_reg[5]'
INFO: [Synth 8-3886] merging instance 'ap_phi_reg_pp0_iter4_resultf_3_reg_72_reg[4]' (FDE) to 'ap_phi_reg_pp0_iter4_resultf_3_reg_72_reg[5]'
INFO: [Synth 8-3886] merging instance 'ap_phi_reg_pp0_iter2_resultf_3_reg_72_reg[5]' (FDRE) to 'ap_phi_reg_pp0_iter2_resultf_3_reg_72_reg[6]'
INFO: [Synth 8-3886] merging instance 'ap_phi_reg_pp0_iter3_resultf_3_reg_72_reg[5]' (FDE) to 'ap_phi_reg_pp0_iter3_resultf_3_reg_72_reg[6]'
INFO: [Synth 8-3886] merging instance 'ap_phi_reg_pp0_iter4_resultf_3_reg_72_reg[5]' (FDE) to 'ap_phi_reg_pp0_iter4_resultf_3_reg_72_reg[6]'
INFO: [Synth 8-3886] merging instance 'ap_phi_reg_pp0_iter2_resultf_3_reg_72_reg[6]' (FDRE) to 'ap_phi_reg_pp0_iter2_resultf_3_reg_72_reg[7]'
INFO: [Synth 8-3886] merging instance 'ap_phi_reg_pp0_iter3_resultf_3_reg_72_reg[6]' (FDE) to 'ap_phi_reg_pp0_iter3_resultf_3_reg_72_reg[7]'
INFO: [Synth 8-3886] merging instance 'ap_phi_reg_pp0_iter4_resultf_3_reg_72_reg[6]' (FDE) to 'ap_phi_reg_pp0_iter4_resultf_3_reg_72_reg[7]'
INFO: [Synth 8-3886] merging instance 'ap_phi_reg_pp0_iter2_resultf_3_reg_72_reg[7]' (FDRE) to 'ap_phi_reg_pp0_iter2_resultf_3_reg_72_reg[8]'
INFO: [Synth 8-3886] merging instance 'ap_phi_reg_pp0_iter3_resultf_3_reg_72_reg[7]' (FDE) to 'ap_phi_reg_pp0_iter3_resultf_3_reg_72_reg[8]'
INFO: [Synth 8-3886] merging instance 'ap_phi_reg_pp0_iter4_resultf_3_reg_72_reg[7]' (FDE) to 'ap_phi_reg_pp0_iter4_resultf_3_reg_72_reg[8]'
INFO: [Synth 8-3886] merging instance 'ap_phi_reg_pp0_iter2_resultf_3_reg_72_reg[8]' (FDRE) to 'ap_phi_reg_pp0_iter2_resultf_3_reg_72_reg[9]'
INFO: [Synth 8-3886] merging instance 'ap_phi_reg_pp0_iter3_resultf_3_reg_72_reg[8]' (FDE) to 'ap_phi_reg_pp0_iter3_resultf_3_reg_72_reg[9]'
INFO: [Synth 8-3886] merging instance 'ap_phi_reg_pp0_iter4_resultf_3_reg_72_reg[8]' (FDE) to 'ap_phi_reg_pp0_iter4_resultf_3_reg_72_reg[9]'
INFO: [Synth 8-3886] merging instance 'ap_phi_reg_pp0_iter2_resultf_3_reg_72_reg[9]' (FDRE) to 'ap_phi_reg_pp0_iter2_resultf_3_reg_72_reg[10]'
INFO: [Synth 8-3886] merging instance 'ap_phi_reg_pp0_iter3_resultf_3_reg_72_reg[9]' (FDE) to 'ap_phi_reg_pp0_iter3_resultf_3_reg_72_reg[10]'
INFO: [Synth 8-3886] merging instance 'ap_phi_reg_pp0_iter4_resultf_3_reg_72_reg[9]' (FDE) to 'ap_phi_reg_pp0_iter4_resultf_3_reg_72_reg[10]'
INFO: [Synth 8-3886] merging instance 'ap_phi_reg_pp0_iter2_resultf_3_reg_72_reg[10]' (FDRE) to 'ap_phi_reg_pp0_iter2_resultf_3_reg_72_reg[11]'
INFO: [Synth 8-3886] merging instance 'ap_phi_reg_pp0_iter3_resultf_3_reg_72_reg[10]' (FDE) to 'ap_phi_reg_pp0_iter3_resultf_3_reg_72_reg[11]'
INFO: [Synth 8-3886] merging instance 'ap_phi_reg_pp0_iter4_resultf_3_reg_72_reg[10]' (FDE) to 'ap_phi_reg_pp0_iter4_resultf_3_reg_72_reg[11]'
INFO: [Synth 8-3886] merging instance 'ap_phi_reg_pp0_iter2_resultf_3_reg_72_reg[11]' (FDRE) to 'ap_phi_reg_pp0_iter2_resultf_3_reg_72_reg[12]'
INFO: [Synth 8-3886] merging instance 'ap_phi_reg_pp0_iter3_resultf_3_reg_72_reg[11]' (FDE) to 'ap_phi_reg_pp0_iter3_resultf_3_reg_72_reg[12]'
INFO: [Synth 8-3886] merging instance 'ap_phi_reg_pp0_iter4_resultf_3_reg_72_reg[11]' (FDE) to 'ap_phi_reg_pp0_iter4_resultf_3_reg_72_reg[12]'
INFO: [Synth 8-3886] merging instance 'ap_phi_reg_pp0_iter2_resultf_3_reg_72_reg[12]' (FDRE) to 'ap_phi_reg_pp0_iter2_resultf_3_reg_72_reg[13]'
INFO: [Synth 8-3886] merging instance 'ap_phi_reg_pp0_iter3_resultf_3_reg_72_reg[12]' (FDE) to 'ap_phi_reg_pp0_iter3_resultf_3_reg_72_reg[13]'
INFO: [Synth 8-3886] merging instance 'ap_phi_reg_pp0_iter4_resultf_3_reg_72_reg[12]' (FDE) to 'ap_phi_reg_pp0_iter4_resultf_3_reg_72_reg[13]'
INFO: [Synth 8-3886] merging instance 'ap_phi_reg_pp0_iter2_resultf_3_reg_72_reg[13]' (FDRE) to 'ap_phi_reg_pp0_iter2_resultf_3_reg_72_reg[14]'
INFO: [Synth 8-3886] merging instance 'ap_phi_reg_pp0_iter3_resultf_3_reg_72_reg[13]' (FDE) to 'ap_phi_reg_pp0_iter3_resultf_3_reg_72_reg[14]'
INFO: [Synth 8-3886] merging instance 'ap_phi_reg_pp0_iter4_resultf_3_reg_72_reg[13]' (FDE) to 'ap_phi_reg_pp0_iter4_resultf_3_reg_72_reg[14]'
INFO: [Synth 8-3886] merging instance 'ap_phi_reg_pp0_iter2_resultf_3_reg_72_reg[14]' (FDRE) to 'ap_phi_reg_pp0_iter2_resultf_3_reg_72_reg[15]'
INFO: [Synth 8-3886] merging instance 'ap_phi_reg_pp0_iter3_resultf_3_reg_72_reg[14]' (FDE) to 'ap_phi_reg_pp0_iter3_resultf_3_reg_72_reg[15]'
INFO: [Synth 8-3886] merging instance 'ap_phi_reg_pp0_iter4_resultf_3_reg_72_reg[14]' (FDE) to 'ap_phi_reg_pp0_iter4_resultf_3_reg_72_reg[15]'
INFO: [Synth 8-3886] merging instance 'ap_phi_reg_pp0_iter2_resultf_3_reg_72_reg[15]' (FDRE) to 'ap_phi_reg_pp0_iter2_resultf_3_reg_72_reg[16]'
INFO: [Synth 8-3886] merging instance 'ap_phi_reg_pp0_iter3_resultf_3_reg_72_reg[15]' (FDE) to 'ap_phi_reg_pp0_iter3_resultf_3_reg_72_reg[16]'
INFO: [Synth 8-3886] merging instance 'ap_phi_reg_pp0_iter4_resultf_3_reg_72_reg[15]' (FDE) to 'ap_phi_reg_pp0_iter4_resultf_3_reg_72_reg[16]'
INFO: [Synth 8-3886] merging instance 'ap_phi_reg_pp0_iter2_resultf_3_reg_72_reg[16]' (FDRE) to 'ap_phi_reg_pp0_iter2_resultf_3_reg_72_reg[17]'
INFO: [Synth 8-3886] merging instance 'ap_phi_reg_pp0_iter3_resultf_3_reg_72_reg[16]' (FDE) to 'ap_phi_reg_pp0_iter3_resultf_3_reg_72_reg[17]'
INFO: [Synth 8-3886] merging instance 'ap_phi_reg_pp0_iter4_resultf_3_reg_72_reg[16]' (FDE) to 'ap_phi_reg_pp0_iter4_resultf_3_reg_72_reg[17]'
INFO: [Synth 8-3886] merging instance 'ap_phi_reg_pp0_iter2_resultf_3_reg_72_reg[17]' (FDRE) to 'ap_phi_reg_pp0_iter2_resultf_3_reg_72_reg[18]'
INFO: [Synth 8-3886] merging instance 'ap_phi_reg_pp0_iter3_resultf_3_reg_72_reg[17]' (FDE) to 'ap_phi_reg_pp0_iter3_resultf_3_reg_72_reg[18]'
INFO: [Synth 8-3886] merging instance 'ap_phi_reg_pp0_iter4_resultf_3_reg_72_reg[17]' (FDE) to 'ap_phi_reg_pp0_iter4_resultf_3_reg_72_reg[18]'
INFO: [Synth 8-3886] merging instance 'ap_phi_reg_pp0_iter2_resultf_3_reg_72_reg[18]' (FDRE) to 'ap_phi_reg_pp0_iter2_resultf_3_reg_72_reg[19]'
INFO: [Synth 8-3886] merging instance 'ap_phi_reg_pp0_iter3_resultf_3_reg_72_reg[18]' (FDE) to 'ap_phi_reg_pp0_iter3_resultf_3_reg_72_reg[19]'
INFO: [Synth 8-3886] merging instance 'ap_phi_reg_pp0_iter4_resultf_3_reg_72_reg[18]' (FDE) to 'ap_phi_reg_pp0_iter4_resultf_3_reg_72_reg[19]'
INFO: [Synth 8-3886] merging instance 'ap_phi_reg_pp0_iter2_resultf_3_reg_72_reg[19]' (FDRE) to 'ap_phi_reg_pp0_iter2_resultf_3_reg_72_reg[20]'
INFO: [Synth 8-3886] merging instance 'ap_phi_reg_pp0_iter3_resultf_3_reg_72_reg[19]' (FDE) to 'ap_phi_reg_pp0_iter3_resultf_3_reg_72_reg[20]'
INFO: [Synth 8-3886] merging instance 'ap_phi_reg_pp0_iter4_resultf_3_reg_72_reg[19]' (FDE) to 'ap_phi_reg_pp0_iter4_resultf_3_reg_72_reg[20]'
INFO: [Synth 8-3886] merging instance 'ap_phi_reg_pp0_iter2_resultf_3_reg_72_reg[20]' (FDRE) to 'ap_phi_reg_pp0_iter2_resultf_3_reg_72_reg[21]'
INFO: [Synth 8-3886] merging instance 'ap_phi_reg_pp0_iter3_resultf_3_reg_72_reg[20]' (FDE) to 'ap_phi_reg_pp0_iter3_resultf_3_reg_72_reg[21]'
INFO: [Synth 8-3886] merging instance 'ap_phi_reg_pp0_iter4_resultf_3_reg_72_reg[20]' (FDE) to 'ap_phi_reg_pp0_iter4_resultf_3_reg_72_reg[21]'
INFO: [Synth 8-3886] merging instance 'ap_phi_reg_pp0_iter2_resultf_3_reg_72_reg[21]' (FDRE) to 'ap_phi_reg_pp0_iter2_resultf_3_reg_72_reg[22]'
INFO: [Synth 8-3886] merging instance 'ap_phi_reg_pp0_iter3_resultf_3_reg_72_reg[21]' (FDE) to 'ap_phi_reg_pp0_iter3_resultf_3_reg_72_reg[22]'
INFO: [Synth 8-3886] merging instance 'ap_phi_reg_pp0_iter4_resultf_3_reg_72_reg[21]' (FDE) to 'ap_phi_reg_pp0_iter4_resultf_3_reg_72_reg[22]'
INFO: [Synth 8-3886] merging instance 'ap_phi_reg_pp0_iter2_resultf_3_reg_72_reg[22]' (FDRE) to 'ap_phi_reg_pp0_iter2_resultf_3_reg_72_reg[30]'
INFO: [Synth 8-3886] merging instance 'ap_phi_reg_pp0_iter3_resultf_3_reg_72_reg[22]' (FDE) to 'ap_phi_reg_pp0_iter3_resultf_3_reg_72_reg[30]'
INFO: [Synth 8-3886] merging instance 'ap_phi_reg_pp0_iter4_resultf_3_reg_72_reg[22]' (FDE) to 'ap_phi_reg_pp0_iter4_resultf_3_reg_72_reg[30]'
INFO: [Synth 8-3886] merging instance 'ap_phi_reg_pp0_iter2_resultf_3_reg_72_reg[23]' (FDSE) to 'ap_phi_reg_pp0_iter2_resultf_3_reg_72_reg[24]'
INFO: [Synth 8-3886] merging instance 'ap_phi_reg_pp0_iter3_resultf_3_reg_72_reg[23]' (FDE) to 'ap_phi_reg_pp0_iter3_resultf_3_reg_72_reg[24]'
INFO: [Synth 8-3886] merging instance 'ap_phi_reg_pp0_iter4_resultf_3_reg_72_reg[23]' (FDE) to 'ap_phi_reg_pp0_iter4_resultf_3_reg_72_reg[24]'
INFO: [Synth 8-3886] merging instance 'ap_phi_reg_pp0_iter2_resultf_3_reg_72_reg[24]' (FDSE) to 'ap_phi_reg_pp0_iter2_resultf_3_reg_72_reg[25]'
INFO: [Synth 8-3886] merging instance 'ap_phi_reg_pp0_iter3_resultf_3_reg_72_reg[24]' (FDE) to 'ap_phi_reg_pp0_iter3_resultf_3_reg_72_reg[25]'
INFO: [Synth 8-3886] merging instance 'ap_phi_reg_pp0_iter4_resultf_3_reg_72_reg[24]' (FDE) to 'ap_phi_reg_pp0_iter4_resultf_3_reg_72_reg[25]'
INFO: [Synth 8-3886] merging instance 'ap_phi_reg_pp0_iter2_resultf_3_reg_72_reg[25]' (FDSE) to 'ap_phi_reg_pp0_iter2_resultf_3_reg_72_reg[26]'
INFO: [Synth 8-3886] merging instance 'ap_phi_reg_pp0_iter3_resultf_3_reg_72_reg[25]' (FDE) to 'ap_phi_reg_pp0_iter3_resultf_3_reg_72_reg[26]'
INFO: [Synth 8-3886] merging instance 'ap_phi_reg_pp0_iter4_resultf_3_reg_72_reg[25]' (FDE) to 'ap_phi_reg_pp0_iter4_resultf_3_reg_72_reg[26]'
INFO: [Synth 8-3886] merging instance 'ap_phi_reg_pp0_iter2_resultf_3_reg_72_reg[26]' (FDSE) to 'ap_phi_reg_pp0_iter2_resultf_3_reg_72_reg[27]'
INFO: [Synth 8-3886] merging instance 'ap_phi_reg_pp0_iter3_resultf_3_reg_72_reg[26]' (FDE) to 'ap_phi_reg_pp0_iter3_resultf_3_reg_72_reg[27]'
INFO: [Synth 8-3886] merging instance 'ap_phi_reg_pp0_iter4_resultf_3_reg_72_reg[26]' (FDE) to 'ap_phi_reg_pp0_iter4_resultf_3_reg_72_reg[27]'
INFO: [Synth 8-3886] merging instance 'ap_phi_reg_pp0_iter2_resultf_3_reg_72_reg[27]' (FDSE) to 'ap_phi_reg_pp0_iter2_resultf_3_reg_72_reg[28]'
INFO: [Synth 8-3886] merging instance 'ap_phi_reg_pp0_iter3_resultf_3_reg_72_reg[27]' (FDE) to 'ap_phi_reg_pp0_iter3_resultf_3_reg_72_reg[28]'
INFO: [Synth 8-3886] merging instance 'ap_phi_reg_pp0_iter4_resultf_3_reg_72_reg[27]' (FDE) to 'ap_phi_reg_pp0_iter4_resultf_3_reg_72_reg[28]'
INFO: [Synth 8-3886] merging instance 'ap_phi_reg_pp0_iter2_resultf_3_reg_72_reg[28]' (FDSE) to 'ap_phi_reg_pp0_iter2_resultf_3_reg_72_reg[29]'
INFO: [Synth 8-3886] merging instance 'ap_phi_reg_pp0_iter3_resultf_3_reg_72_reg[28]' (FDE) to 'ap_phi_reg_pp0_iter3_resultf_3_reg_72_reg[29]'
INFO: [Synth 8-3886] merging instance 'ap_phi_reg_pp0_iter4_resultf_3_reg_72_reg[28]' (FDE) to 'ap_phi_reg_pp0_iter4_resultf_3_reg_72_reg[29]'
INFO: [Synth 8-3886] merging instance 'ap_phi_reg_pp0_iter2_resultf_3_reg_72_reg[30]' (FDRE) to 'ap_phi_reg_pp0_iter2_resultf_3_reg_72_reg[31]'
INFO: [Synth 8-3886] merging instance 'ap_phi_reg_pp0_iter3_resultf_3_reg_72_reg[30]' (FDE) to 'ap_phi_reg_pp0_iter3_resultf_3_reg_72_reg[31]'
INFO: [Synth 8-3886] merging instance 'ap_phi_reg_pp0_iter4_resultf_3_reg_72_reg[30]' (FDE) to 'ap_phi_reg_pp0_iter4_resultf_3_reg_72_reg[31]'
INFO: [Synth 8-3333] propagating constant 0 across sequential element (\fadd_32ns_32ns_32_3_full_dsp_0_U17/pedal_top_fadd_32ns_32ns_32_3_full_dsp_0_ip_u/inst /i_synth/\ADDSUB_OP.ADDSUB/DSP.OP/DSP48E1_BODY.EXP/A_SIGN_DELAY/i_pipe/opt_has_pipe.first_q_reg[0] )
INFO: [Synth 8-3333] propagating constant 0 across sequential element (\ap_phi_reg_pp0_iter2_resultf_3_reg_72_reg[31] )
INFO: [Synth 8-3886] merging instance 'ap_phi_reg_pp0_iter3_resultf_3_reg_72_reg[31]' (FDE) to 'dadd_64ns_64ns_64_4_full_dsp_0_U27/din1_buf1_reg[0]'
INFO: [Synth 8-3886] merging instance 'fcmp_32ns_32ns_1_2_no_dsp_0_U26/din1_buf1_reg[31]' (FDE) to 'dadd_64ns_64ns_64_4_full_dsp_0_U27/din1_buf1_reg[0]'
INFO: [Synth 8-3886] merging instance 'fcmp_32ns_32ns_1_2_no_dsp_0_U26/din1_buf1_reg[29]' (FDE) to 'dadd_64ns_64ns_64_4_full_dsp_0_U27/din1_buf1_reg[0]'
INFO: [Synth 8-3886] merging instance 'fcmp_32ns_32ns_1_2_no_dsp_0_U26/din1_buf1_reg[30]' (FDE) to 'dadd_64ns_64ns_64_4_full_dsp_0_U27/din1_buf1_reg[52]'
INFO: [Synth 8-3886] merging instance 'fcmp_32ns_32ns_1_2_no_dsp_0_U26/din1_buf1_reg[28]' (FDE) to 'dadd_64ns_64ns_64_4_full_dsp_0_U27/din1_buf1_reg[0]'
INFO: [Synth 8-3886] merging instance 'fcmp_32ns_32ns_1_2_no_dsp_0_U26/din1_buf1_reg[23]' (FDE) to 'dadd_64ns_64ns_64_4_full_dsp_0_U27/din1_buf1_reg[52]'
INFO: [Synth 8-3886] merging instance 'fcmp_32ns_32ns_1_2_no_dsp_0_U26/din1_buf1_reg[24]' (FDE) to 'dadd_64ns_64ns_64_4_full_dsp_0_U27/din1_buf1_reg[52]'
INFO: [Synth 8-3886] merging instance 'fcmp_32ns_32ns_1_2_no_dsp_0_U26/din1_buf1_reg[25]' (FDE) to 'dadd_64ns_64ns_64_4_full_dsp_0_U27/din1_buf1_reg[0]'
INFO: [Synth 8-3886] merging instance 'fcmp_32ns_32ns_1_2_no_dsp_0_U26/din1_buf1_reg[26]' (FDE) to 'dadd_64ns_64ns_64_4_full_dsp_0_U27/din1_buf1_reg[0]'
INFO: [Common 17-14] Message 'Synth 8-3886' appears 100 times and further instances of the messages will be disabled. Use the Tcl command set_msg_config to change the current settings.
INFO: [Common 17-14] Message 'Synth 8-3886' appears 100 times and further instances of the messages will be disabled. Use the Tcl command set_msg_config to change the current settings.
INFO: [Synth 8-3333] propagating constant 0 across sequential element (\abst_in_reg_382_reg[31] )
INFO: [Synth 8-3333] propagating constant 0 across sequential element (\fadd_32ns_32ns_32_3_full_dsp_0_U19/pedal_top_fadd_32ns_32ns_32_3_full_dsp_0_ip_u/inst /i_synth/\ADDSUB_OP.ADDSUB/DSP.OP/DSP48E1_BODY.EXP/SUB_DELAY/i_pipe/opt_has_pipe.first_q_reg[0] )
INFO: [Synth 8-3333] propagating constant 0 across sequential element (\fadd_32ns_32ns_32_3_full_dsp_0_U17/din1_buf1_reg[30] )
INFO: [Synth 8-3333] propagating constant 1 across sequential element (\fadd_32ns_32ns_32_3_full_dsp_0_U17/din1_buf1_reg[23] )
INFO: [Synth 8-3333] propagating constant 0 across sequential element (\fadd_32ns_32ns_32_3_full_dsp_0_U17/pedal_top_fadd_32ns_32ns_32_3_full_dsp_0_ip_u/inst /i_synth/\ADDSUB_OP.ADDSUB/DSP.OP/DSP48E1_BODY.EXP/B_SIGN_DELAY/i_pipe/opt_has_pipe.first_q_reg[0] )
INFO: [Synth 8-3333] propagating constant 0 across sequential element (\fsub_32ns_32ns_32_3_full_dsp_0_U18/pedal_top_fsub_32ns_32ns_32_3_full_dsp_0_ip_u/inst /i_synth/\ADDSUB_OP.ADDSUB/DSP.OP/DSP48E1_BODY.EXP/SUB_DELAY/i_pipe/opt_has_pipe.first_q_reg[0] )
INFO: [Synth 8-3333] propagating constant 0 across sequential element (\fadd_32ns_32ns_32_3_full_dsp_0_U19/pedal_top_fadd_32ns_32ns_32_3_full_dsp_0_ip_u/inst /i_synth/\ADDSUB_OP.ADDSUB/DSP.OP/DSP48E1_BODY.EXP/A_SIGN_DELAY/i_pipe/opt_has_pipe.first_q_reg[0] )
INFO: [Synth 8-3333] propagating constant 0 across sequential element (\ap_phi_reg_pp0_iter4_resultf_3_reg_72_reg[31] )
INFO: [Synth 8-3333] propagating constant 0 across sequential element (\dadd_64ns_64ns_64_4_full_dsp_0_U27/pedal_top_dadd_64ns_64ns_64_4_full_dsp_0_ip_u/inst /i_synth/\ADDSUB_OP.ADDSUB/LOGIC_SPEED.OP/B_IP_DELAY/i_pipe/opt_has_pipe.first_q_reg[45] )
INFO: [Synth 8-3333] propagating constant 0 across sequential element (\fadd_32ns_32ns_32_3_full_dsp_0_U20/pedal_top_fadd_32ns_32ns_32_3_full_dsp_0_ip_u/inst /i_synth/\ADDSUB_OP.ADDSUB/DSP.OP/DSP48E1_BODY.EXP/B_SIGN_DELAY/i_pipe/opt_has_pipe.first_q_reg[0] )
INFO: [Synth 8-3333] propagating constant 0 across sequential element (\fsub_32ns_32ns_32_3_full_dsp_0_U21/pedal_top_fsub_32ns_32ns_32_3_full_dsp_0_ip_u/inst /i_synth/\ADDSUB_OP.ADDSUB/DSP.OP/DSP48E1_BODY.EXP/A_SIGN_DELAY/i_pipe/opt_has_pipe.first_q_reg[0] )
INFO: [Synth 8-3333] propagating constant 0 across sequential element (\ap_phi_reg_pp0_iter4_resultf_3_reg_72_reg[31] )
INFO: [Synth 8-3333] propagating constant 0 across sequential element (\dadd_64ns_64ns_64_4_full_dsp_0_U27/pedal_top_dadd_64ns_64ns_64_4_full_dsp_0_ip_u/inst /i_synth/\ADDSUB_OP.ADDSUB/LOGIC_SPEED.OP/EXP/A_SIGN_DELAY/i_pipe/opt_has_pipe.first_q_reg[0] )
INFO: [Synth 8-3332] Sequential element (ADDSUB_OP.ADDSUB/DSP.OP/DSP48E1_BODY.NORM_RND/FULL_USAGE_DSP.LOD/dist_norm_reg[1]) is unused and will be removed from module floating_point_v7_1_18_viv__1.
INFO: [Synth 8-3332] Sequential element (ADDSUB_OP.ADDSUB/DSP.OP/DSP48E1_BODY.NORM_RND/FULL_USAGE_DSP.LOD/dist_norm_reg[0]) is unused and will be removed from module floating_point_v7_1_18_viv__1.
INFO: [Synth 8-3332] Sequential element (ADDSUB_OP.ADDSUB/DSP.OP/DSP48E1_BODY.NORM_RND/FULL_USAGE_DSP.LOD/dist_norm_reg[1]) is unused and will be removed from module floating_point_v7_1_18_viv__parameterized1__1.
INFO: [Synth 8-3332] Sequential element (ADDSUB_OP.ADDSUB/DSP.OP/DSP48E1_BODY.NORM_RND/FULL_USAGE_DSP.LOD/dist_norm_reg[0]) is unused and will be removed from module floating_point_v7_1_18_viv__parameterized1__1.
INFO: [Synth 8-3332] Sequential element (ADDSUB_OP.ADDSUB/DSP.OP/DSP48E1_BODY.NORM_RND/FULL_USAGE_DSP.LOD/dist_norm_reg[1]) is unused and will be removed from module floating_point_v7_1_18_viv__2.
INFO: [Synth 8-3332] Sequential element (ADDSUB_OP.ADDSUB/DSP.OP/DSP48E1_BODY.NORM_RND/FULL_USAGE_DSP.LOD/dist_norm_reg[0]) is unused and will be removed from module floating_point_v7_1_18_viv__2.
INFO: [Synth 8-3332] Sequential element (ADDSUB_OP.ADDSUB/DSP.OP/DSP48E1_BODY.NORM_RND/FULL_USAGE_DSP.LOD/dist_norm_reg[1]) is unused and will be removed from module floating_point_v7_1_18_viv__3.
INFO: [Synth 8-3332] Sequential element (ADDSUB_OP.ADDSUB/DSP.OP/DSP48E1_BODY.NORM_RND/FULL_USAGE_DSP.LOD/dist_norm_reg[0]) is unused and will be removed from module floating_point_v7_1_18_viv__3.
INFO: [Synth 8-3332] Sequential element (ADDSUB_OP.ADDSUB/DSP.OP/DSP48E1_BODY.NORM_RND/FULL_USAGE_DSP.LOD/dist_norm_reg[1]) is unused and will be removed from module floating_point_v7_1_18_viv__parameterized1__2.
INFO: [Synth 8-3332] Sequential element (ADDSUB_OP.ADDSUB/DSP.OP/DSP48E1_BODY.NORM_RND/FULL_USAGE_DSP.LOD/dist_norm_reg[0]) is unused and will be removed from module floating_point_v7_1_18_viv__parameterized1__2.
INFO: [Synth 8-3333] propagating constant 0 across sequential element (\ap_phi_reg_pp0_iter5_expx_reg_58_reg[30] )
INFO: [Synth 8-3333] propagating constant 0 across sequential element (\ap_phi_reg_pp0_iter6_expx_reg_58_reg[30] )
INFO: [Synth 8-3333] propagating constant 0 across sequential element (\ap_phi_reg_pp0_iter7_expx_reg_58_reg[30] )
INFO: [Synth 8-3333] propagating constant 0 across sequential element (\ap_phi_reg_pp0_iter8_expx_reg_58_reg[30] )
INFO: [Synth 8-3333] propagating constant 0 across sequential element (\ap_phi_reg_pp0_iter9_expx_reg_58_reg[30] )
INFO: [Synth 8-3333] propagating constant 0 across sequential element (\ap_phi_reg_pp0_iter10_expx_reg_58_reg[30] )
INFO: [Synth 8-3333] propagating constant 0 across sequential element (\ap_phi_reg_pp0_iter11_expx_reg_58_reg[30] )
INFO: [Synth 8-3333] propagating constant 0 across sequential element (\ap_phi_reg_pp0_iter12_expx_reg_58_reg[30] )
INFO: [Synth 8-3333] propagating constant 0 across sequential element (\ap_phi_reg_pp0_iter13_expx_reg_58_reg[30] )
INFO: [Synth 8-3333] propagating constant 0 across sequential element (\ap_phi_reg_pp0_iter14_expx_reg_58_reg[30] )
INFO: [Synth 8-3333] propagating constant 0 across sequential element (\ap_phi_reg_pp0_iter15_expx_reg_58_reg[30] )
INFO: [Synth 8-3333] propagating constant 0 across sequential element (\ap_phi_reg_pp0_iter16_expx_reg_58_reg[30] )
INFO: [Synth 8-3333] propagating constant 0 across sequential element (\ap_phi_reg_pp0_iter17_expx_reg_58_reg[30] )
INFO: [Synth 8-3333] propagating constant 0 across sequential element (\ap_phi_reg_pp0_iter18_expx_reg_58_reg[30] )
INFO: [Synth 8-5546] ROM "ADDSUB_OP.ADDSUB/DSP.OP/DSP48E1_BODY.ALIGN_ADD/SHIFT_TABLE[0]" won't be mapped to RAM because it is too sparse
INFO: [Synth 8-5546] ROM "ADDSUB_OP.ADDSUB/DSP.OP/DSP48E1_BODY.ALIGN_ADD/SHIFT_TABLE[0]" won't be mapped to RAM because it is too sparse
INFO: [Synth 8-5845] Not enough pipeline registers after wide multiplier. Recommended levels of pipeline registers is 4 [e:/FPGA-Guitar-Pedal/pedal_vivado/pedal_2.gen/sources_1/bd/dma_axis_ip_example/ipshared/9242/hdl/verilog/pedal_top_mul_31s_32s_63_1_1.v:44]
DSP Report: Generating DSP mul_31s_32s_63_1_1_U87/tmp_product, operation Mode is: A*B.
DSP Report: operator mul_31s_32s_63_1_1_U87/tmp_product is absorbed into DSP mul_31s_32s_63_1_1_U87/tmp_product.
DSP Report: operator mul_31s_32s_63_1_1_U87/tmp_product is absorbed into DSP mul_31s_32s_63_1_1_U87/tmp_product.
DSP Report: Generating DSP mul_31s_32s_63_1_1_U87/tmp_product, operation Mode is: (PCIN>>17)+A*B.
DSP Report: operator mul_31s_32s_63_1_1_U87/tmp_product is absorbed into DSP mul_31s_32s_63_1_1_U87/tmp_product.
DSP Report: operator mul_31s_32s_63_1_1_U87/tmp_product is absorbed into DSP mul_31s_32s_63_1_1_U87/tmp_product.
DSP Report: Generating DSP mul_31s_32s_63_1_1_U87/tmp_product, operation Mode is: A*B.
DSP Report: operator mul_31s_32s_63_1_1_U87/tmp_product is absorbed into DSP mul_31s_32s_63_1_1_U87/tmp_product.
DSP Report: operator mul_31s_32s_63_1_1_U87/tmp_product is absorbed into DSP mul_31s_32s_63_1_1_U87/tmp_product.
DSP Report: Generating DSP mul_31s_32s_63_1_1_U87/tmp_product, operation Mode is: (PCIN>>17)+A*B.
DSP Report: operator mul_31s_32s_63_1_1_U87/tmp_product is absorbed into DSP mul_31s_32s_63_1_1_U87/tmp_product.
DSP Report: operator mul_31s_32s_63_1_1_U87/tmp_product is absorbed into DSP mul_31s_32s_63_1_1_U87/tmp_product.
INFO: [Synth 8-5800] Cascade chain of height 4 reduced to 3 because memory depth for RAM "buffer_r_U/ram_reg" is not power of 2. 
INFO: [Synth 8-3333] propagating constant 0 across sequential element (\ap_phi_reg_pp0_iter2_sample_data_13_reg_581_reg[31] )
INFO: [Synth 8-3333] propagating constant 1 across sequential element (\lshr_ln70_1_reg_3986_reg[0] )
INFO: [Synth 8-3333] propagating constant 0 across sequential element (\select_ln70_reg_3962_reg[0] )
INFO: [Synth 8-3333] propagating constant 0 across sequential element (\ap_phi_reg_pp0_iter3_sample_data_13_reg_581_reg[31] )
INFO: [Synth 8-3333] propagating constant 0 across sequential element (\ap_phi_reg_pp0_iter4_sample_data_13_reg_581_reg[31] )
INFO: [Synth 8-3333] propagating constant 0 across sequential element (\ap_phi_reg_pp0_iter5_sample_data_13_reg_581_reg[31] )
INFO: [Synth 8-3333] propagating constant 0 across sequential element (\ap_phi_reg_pp0_iter6_sample_data_13_reg_581_reg[31] )
INFO: [Synth 8-3333] propagating constant 0 across sequential element (\ap_phi_reg_pp0_iter7_sample_data_13_reg_581_reg[31] )
INFO: [Synth 8-3333] propagating constant 0 across sequential element (\ap_phi_reg_pp0_iter8_sample_data_13_reg_581_reg[31] )
INFO: [Synth 8-3333] propagating constant 0 across sequential element (\ap_phi_reg_pp0_iter9_sample_data_13_reg_581_reg[31] )
INFO: [Synth 8-3333] propagating constant 0 across sequential element (\ap_phi_reg_pp0_iter10_sample_data_13_reg_581_reg[31] )
INFO: [Synth 8-3333] propagating constant 0 across sequential element (\ap_phi_reg_pp0_iter11_sample_data_13_reg_581_reg[31] )
INFO: [Synth 8-3333] propagating constant 0 across sequential element (\ap_phi_reg_pp0_iter12_sample_data_13_reg_581_reg[31] )
INFO: [Synth 8-3333] propagating constant 0 across sequential element (\ap_phi_reg_pp0_iter13_sample_data_13_reg_581_reg[31] )
INFO: [Synth 8-3333] propagating constant 0 across sequential element (\ap_phi_reg_pp0_iter14_sample_data_13_reg_581_reg[31] )
INFO: [Synth 8-3333] propagating constant 0 across sequential element (\ap_phi_reg_pp0_iter15_sample_data_13_reg_581_reg[31] )
INFO: [Synth 8-3333] propagating constant 0 across sequential element (\ap_phi_reg_pp0_iter16_sample_data_13_reg_581_reg[31] )
INFO: [Synth 8-3333] propagating constant 0 across sequential element (\ap_phi_reg_pp0_iter17_sample_data_13_reg_581_reg[31] )
INFO: [Synth 8-3333] propagating constant 0 across sequential element (\ap_phi_reg_pp0_iter18_sample_data_13_reg_581_reg[31] )
INFO: [Synth 8-3332] Sequential element (ADDSUB_OP.ADDSUB/DSP.OP/DSP48E1_BODY.NORM_RND/FULL_USAGE_DSP.LOD/dist_norm_reg[1]) is unused and will be removed from module floating_point_v7_1_18_viv.
INFO: [Synth 8-3332] Sequential element (ADDSUB_OP.ADDSUB/DSP.OP/DSP48E1_BODY.NORM_RND/FULL_USAGE_DSP.LOD/dist_norm_reg[0]) is unused and will be removed from module floating_point_v7_1_18_viv.
INFO: [Synth 8-3332] Sequential element (ADDSUB_OP.ADDSUB/DSP.OP/DSP48E1_BODY.NORM_RND/FULL_USAGE_DSP.LOD/dist_norm_reg[1]) is unused and will be removed from module floating_point_v7_1_18_viv__parameterized1.
INFO: [Synth 8-3332] Sequential element (ADDSUB_OP.ADDSUB/DSP.OP/DSP48E1_BODY.NORM_RND/FULL_USAGE_DSP.LOD/dist_norm_reg[0]) is unused and will be removed from module floating_point_v7_1_18_viv__parameterized1.
INFO: [Synth 8-5845] Not enough pipeline registers after wide multiplier. Recommended levels of pipeline registers is 3 [e:/FPGA-Guitar-Pedal/pedal_vivado/pedal_2.gen/sources_1/bd/dma_axis_ip_example/ipshared/9242/hdl/verilog/pedal_top_mul_24ns_38ns_61_1_1.v:41]
INFO: [Synth 8-5845] Not enough pipeline registers after wide multiplier. Recommended levels of pipeline registers is 3 [e:/FPGA-Guitar-Pedal/pedal_vivado/pedal_2.gen/sources_1/bd/dma_axis_ip_example/ipshared/9242/hdl/verilog/pedal_top_mul_24ns_38ns_61_1_1.v:41]
INFO: [Synth 8-5845] Not enough pipeline registers after wide multiplier. Recommended levels of pipeline registers is 3 [e:/FPGA-Guitar-Pedal/pedal_vivado/pedal_2.gen/sources_1/bd/dma_axis_ip_example/ipshared/9242/hdl/verilog/pedal_top_mul_24ns_38ns_61_1_1.v:41]
INFO: [Synth 8-5845] Not enough pipeline registers after wide multiplier. Recommended levels of pipeline registers is 3 [e:/FPGA-Guitar-Pedal/pedal_vivado/pedal_2.gen/sources_1/bd/dma_axis_ip_example/ipshared/9242/hdl/verilog/pedal_top_mul_24ns_38ns_61_1_1.v:41]
INFO: [Synth 8-5845] Not enough pipeline registers after wide multiplier. Recommended levels of pipeline registers is 3 [e:/FPGA-Guitar-Pedal/pedal_vivado/pedal_2.gen/sources_1/bd/dma_axis_ip_example/ipshared/9242/hdl/verilog/pedal_top_mul_24ns_38ns_61_1_1.v:41]
INFO: [Synth 8-5845] Not enough pipeline registers after wide multiplier. Recommended levels of pipeline registers is 3 [e:/FPGA-Guitar-Pedal/pedal_vivado/pedal_2.gen/sources_1/bd/dma_axis_ip_example/ipshared/9242/hdl/verilog/pedal_top_mul_24ns_38ns_61_1_1.v:41]
INFO: [Synth 8-5845] Not enough pipeline registers after wide multiplier. Recommended levels of pipeline registers is 3 [e:/FPGA-Guitar-Pedal/pedal_vivado/pedal_2.gen/sources_1/bd/dma_axis_ip_example/ipshared/9242/hdl/verilog/pedal_top_mul_24ns_38ns_61_1_1.v:41]
INFO: [Synth 8-5845] Not enough pipeline registers after wide multiplier. Recommended levels of pipeline registers is 3 [e:/FPGA-Guitar-Pedal/pedal_vivado/pedal_2.gen/sources_1/bd/dma_axis_ip_example/ipshared/9242/hdl/verilog/pedal_top_mul_24ns_38ns_61_1_1.v:41]
DSP Report: Generating DSP mul_24ns_38ns_61_1_1_U58/tmp_product, operation Mode is: A*B.
DSP Report: operator mul_24ns_38ns_61_1_1_U58/tmp_product is absorbed into DSP mul_24ns_38ns_61_1_1_U58/tmp_product.
DSP Report: operator mul_24ns_38ns_61_1_1_U58/tmp_product is absorbed into DSP mul_24ns_38ns_61_1_1_U58/tmp_product.
DSP Report: Generating DSP mul_24ns_38ns_61_1_1_U58/tmp_product, operation Mode is: A2*(B:0xbe7d).
DSP Report: register mul_24ns_38ns_61_1_1_U58/tmp_product is absorbed into DSP mul_24ns_38ns_61_1_1_U58/tmp_product.
DSP Report: operator mul_24ns_38ns_61_1_1_U58/tmp_product is absorbed into DSP mul_24ns_38ns_61_1_1_U58/tmp_product.
DSP Report: operator mul_24ns_38ns_61_1_1_U58/tmp_product is absorbed into DSP mul_24ns_38ns_61_1_1_U58/tmp_product.
DSP Report: Generating DSP mul_24ns_38ns_61_1_1_U58/tmp_product, operation Mode is: (PCIN>>17)+A*B2.
DSP Report: register mul_24ns_38ns_61_1_1_U58/tmp_product is absorbed into DSP mul_24ns_38ns_61_1_1_U58/tmp_product.
DSP Report: operator mul_24ns_38ns_61_1_1_U58/tmp_product is absorbed into DSP mul_24ns_38ns_61_1_1_U58/tmp_product.
DSP Report: operator mul_24ns_38ns_61_1_1_U58/tmp_product is absorbed into DSP mul_24ns_38ns_61_1_1_U58/tmp_product.
DSP Report: Generating DSP mul_25s_25s_25_1_1_U66/tmp_product, operation Mode is: (A:0x3f764000)*B.
DSP Report: operator mul_25s_25s_25_1_1_U66/tmp_product is absorbed into DSP mul_25s_25s_25_1_1_U66/tmp_product.
DSP Report: operator mul_25s_25s_25_1_1_U66/tmp_product is absorbed into DSP mul_25s_25s_25_1_1_U66/tmp_product.
DSP Report: Generating DSP mul_24ns_38ns_61_1_1_U59/tmp_product, operation Mode is: A*B.
DSP Report: operator mul_24ns_38ns_61_1_1_U59/tmp_product is absorbed into DSP mul_24ns_38ns_61_1_1_U59/tmp_product.
DSP Report: operator mul_24ns_38ns_61_1_1_U59/tmp_product is absorbed into DSP mul_24ns_38ns_61_1_1_U59/tmp_product.
DSP Report: Generating DSP mul_24ns_38ns_61_1_1_U59/tmp_product, operation Mode is: A*(B:0xbe7d).
DSP Report: operator mul_24ns_38ns_61_1_1_U59/tmp_product is absorbed into DSP mul_24ns_38ns_61_1_1_U59/tmp_product.
DSP Report: operator mul_24ns_38ns_61_1_1_U59/tmp_product is absorbed into DSP mul_24ns_38ns_61_1_1_U59/tmp_product.
DSP Report: Generating DSP mul_24ns_38ns_61_1_1_U59/tmp_product, operation Mode is: (PCIN>>17)+A*B.
DSP Report: operator mul_24ns_38ns_61_1_1_U59/tmp_product is absorbed into DSP mul_24ns_38ns_61_1_1_U59/tmp_product.
DSP Report: operator mul_24ns_38ns_61_1_1_U59/tmp_product is absorbed into DSP mul_24ns_38ns_61_1_1_U59/tmp_product.
DSP Report: Generating DSP mul_25s_25s_25_1_1_U67/tmp_product, operation Mode is: (A:0x3f764000)*B.
DSP Report: operator mul_25s_25s_25_1_1_U67/tmp_product is absorbed into DSP mul_25s_25s_25_1_1_U67/tmp_product.
DSP Report: operator mul_25s_25s_25_1_1_U67/tmp_product is absorbed into DSP mul_25s_25s_25_1_1_U67/tmp_product.
DSP Report: Generating DSP mul_24ns_38ns_61_1_1_U60/tmp_product, operation Mode is: A*B.
DSP Report: operator mul_24ns_38ns_61_1_1_U60/tmp_product is absorbed into DSP mul_24ns_38ns_61_1_1_U60/tmp_product.
DSP Report: operator mul_24ns_38ns_61_1_1_U60/tmp_product is absorbed into DSP mul_24ns_38ns_61_1_1_U60/tmp_product.
DSP Report: Generating DSP mul_24ns_38ns_61_1_1_U60/tmp_product, operation Mode is: A*(B:0xbe7d).
DSP Report: operator mul_24ns_38ns_61_1_1_U60/tmp_product is absorbed into DSP mul_24ns_38ns_61_1_1_U60/tmp_product.
DSP Report: operator mul_24ns_38ns_61_1_1_U60/tmp_product is absorbed into DSP mul_24ns_38ns_61_1_1_U60/tmp_product.
DSP Report: Generating DSP mul_24ns_38ns_61_1_1_U60/tmp_product, operation Mode is: (PCIN>>17)+A*B.
DSP Report: operator mul_24ns_38ns_61_1_1_U60/tmp_product is absorbed into DSP mul_24ns_38ns_61_1_1_U60/tmp_product.
DSP Report: operator mul_24ns_38ns_61_1_1_U60/tmp_product is absorbed into DSP mul_24ns_38ns_61_1_1_U60/tmp_product.
DSP Report: Generating DSP mul_25s_25s_25_1_1_U68/tmp_product, operation Mode is: (A:0x3f764000)*B2.
DSP Report: register mul_25s_25s_25_1_1_U68/tmp_product is absorbed into DSP mul_25s_25s_25_1_1_U68/tmp_product.
DSP Report: operator mul_25s_25s_25_1_1_U68/tmp_product is absorbed into DSP mul_25s_25s_25_1_1_U68/tmp_product.
DSP Report: operator mul_25s_25s_25_1_1_U68/tmp_product is absorbed into DSP mul_25s_25s_25_1_1_U68/tmp_product.
DSP Report: Generating DSP quo_3_reg_1479_reg, operation Mode is: (A*B)'.
DSP Report: register quo_3_reg_1479_reg is absorbed into DSP quo_3_reg_1479_reg.
DSP Report: operator mul_24ns_38ns_61_1_1_U61/tmp_product is absorbed into DSP quo_3_reg_1479_reg.
DSP Report: operator mul_24ns_38ns_61_1_1_U61/tmp_product is absorbed into DSP quo_3_reg_1479_reg.
DSP Report: Generating DSP mul_24ns_38ns_61_1_1_U61/tmp_product, operation Mode is: A*(B:0xbe7d).
DSP Report: operator mul_24ns_38ns_61_1_1_U61/tmp_product is absorbed into DSP mul_24ns_38ns_61_1_1_U61/tmp_product.
DSP Report: operator mul_24ns_38ns_61_1_1_U61/tmp_product is absorbed into DSP mul_24ns_38ns_61_1_1_U61/tmp_product.
DSP Report: Generating DSP quo_3_reg_1479_reg, operation Mode is: (PCIN>>17)+A*B.
DSP Report: register quo_3_reg_1479_reg is absorbed into DSP quo_3_reg_1479_reg.
DSP Report: operator mul_24ns_38ns_61_1_1_U61/tmp_product is absorbed into DSP quo_3_reg_1479_reg.
DSP Report: operator mul_24ns_38ns_61_1_1_U61/tmp_product is absorbed into DSP quo_3_reg_1479_reg.
DSP Report: Generating DSP mul_25s_25s_25_1_1_U69/tmp_product, operation Mode is: (A:0x3f764000)*B.
DSP Report: operator mul_25s_25s_25_1_1_U69/tmp_product is absorbed into DSP mul_25s_25s_25_1_1_U69/tmp_product.
DSP Report: operator mul_25s_25s_25_1_1_U69/tmp_product is absorbed into DSP mul_25s_25s_25_1_1_U69/tmp_product.
DSP Report: Generating DSP mul_24ns_38ns_61_1_1_U62/tmp_product, operation Mode is: A*B2.
DSP Report: register r_shN_7_reg_1485_reg is absorbed into DSP mul_24ns_38ns_61_1_1_U62/tmp_product.
DSP Report: operator mul_24ns_38ns_61_1_1_U62/tmp_product is absorbed into DSP mul_24ns_38ns_61_1_1_U62/tmp_product.
DSP Report: operator mul_24ns_38ns_61_1_1_U62/tmp_product is absorbed into DSP mul_24ns_38ns_61_1_1_U62/tmp_product.
DSP Report: Generating DSP mul_24ns_38ns_61_1_1_U62/tmp_product, operation Mode is: A2*(B:0xbe7d).
DSP Report: register mul_24ns_38ns_61_1_1_U62/tmp_product is absorbed into DSP mul_24ns_38ns_61_1_1_U62/tmp_product.
DSP Report: operator mul_24ns_38ns_61_1_1_U62/tmp_product is absorbed into DSP mul_24ns_38ns_61_1_1_U62/tmp_product.
DSP Report: operator mul_24ns_38ns_61_1_1_U62/tmp_product is absorbed into DSP mul_24ns_38ns_61_1_1_U62/tmp_product.
DSP Report: Generating DSP mul_24ns_38ns_61_1_1_U62/tmp_product, operation Mode is: (PCIN>>17)+A*B2.
DSP Report: register mul_24ns_38ns_61_1_1_U62/tmp_product is absorbed into DSP mul_24ns_38ns_61_1_1_U62/tmp_product.
DSP Report: operator mul_24ns_38ns_61_1_1_U62/tmp_product is absorbed into DSP mul_24ns_38ns_61_1_1_U62/tmp_product.
DSP Report: operator mul_24ns_38ns_61_1_1_U62/tmp_product is absorbed into DSP mul_24ns_38ns_61_1_1_U62/tmp_product.
DSP Report: Generating DSP mul_25s_25s_25_1_1_U70/tmp_product, operation Mode is: (A:0x3f764000)*B.
DSP Report: operator mul_25s_25s_25_1_1_U70/tmp_product is absorbed into DSP mul_25s_25s_25_1_1_U70/tmp_product.
DSP Report: operator mul_25s_25s_25_1_1_U70/tmp_product is absorbed into DSP mul_25s_25s_25_1_1_U70/tmp_product.
DSP Report: Generating DSP mul_24ns_38ns_61_1_1_U63/tmp_product, operation Mode is: A*B.
DSP Report: operator mul_24ns_38ns_61_1_1_U63/tmp_product is absorbed into DSP mul_24ns_38ns_61_1_1_U63/tmp_product.
DSP Report: operator mul_24ns_38ns_61_1_1_U63/tmp_product is absorbed into DSP mul_24ns_38ns_61_1_1_U63/tmp_product.
DSP Report: Generating DSP mul_24ns_38ns_61_1_1_U63/tmp_product, operation Mode is: A*(B:0xbe7d).
DSP Report: operator mul_24ns_38ns_61_1_1_U63/tmp_product is absorbed into DSP mul_24ns_38ns_61_1_1_U63/tmp_product.
DSP Report: operator mul_24ns_38ns_61_1_1_U63/tmp_product is absorbed into DSP mul_24ns_38ns_61_1_1_U63/tmp_product.
DSP Report: Generating DSP mul_24ns_38ns_61_1_1_U63/tmp_product, operation Mode is: (PCIN>>17)+A*B.
DSP Report: operator mul_24ns_38ns_61_1_1_U63/tmp_product is absorbed into DSP mul_24ns_38ns_61_1_1_U63/tmp_product.
DSP Report: operator mul_24ns_38ns_61_1_1_U63/tmp_product is absorbed into DSP mul_24ns_38ns_61_1_1_U63/tmp_product.
DSP Report: Generating DSP mul_25s_25s_25_1_1_U71/tmp_product, operation Mode is: (A:0x3f764000)*B.
DSP Report: operator mul_25s_25s_25_1_1_U71/tmp_product is absorbed into DSP mul_25s_25s_25_1_1_U71/tmp_product.
DSP Report: operator mul_25s_25s_25_1_1_U71/tmp_product is absorbed into DSP mul_25s_25s_25_1_1_U71/tmp_product.
DSP Report: Generating DSP mul_24ns_38ns_61_1_1_U64/tmp_product, operation Mode is: A*B.
DSP Report: operator mul_24ns_38ns_61_1_1_U64/tmp_product is absorbed into DSP mul_24ns_38ns_61_1_1_U64/tmp_product.
DSP Report: operator mul_24ns_38ns_61_1_1_U64/tmp_product is absorbed into DSP mul_24ns_38ns_61_1_1_U64/tmp_product.
DSP Report: Generating DSP mul_24ns_38ns_61_1_1_U64/tmp_product, operation Mode is: A*(B:0xbe7d).
DSP Report: operator mul_24ns_38ns_61_1_1_U64/tmp_product is absorbed into DSP mul_24ns_38ns_61_1_1_U64/tmp_product.
DSP Report: operator mul_24ns_38ns_61_1_1_U64/tmp_product is absorbed into DSP mul_24ns_38ns_61_1_1_U64/tmp_product.
DSP Report: Generating DSP mul_24ns_38ns_61_1_1_U64/tmp_product, operation Mode is: (PCIN>>17)+A*B.
DSP Report: operator mul_24ns_38ns_61_1_1_U64/tmp_product is absorbed into DSP mul_24ns_38ns_61_1_1_U64/tmp_product.
DSP Report: operator mul_24ns_38ns_61_1_1_U64/tmp_product is absorbed into DSP mul_24ns_38ns_61_1_1_U64/tmp_product.
DSP Report: Generating DSP mul_25s_25s_25_1_1_U72/tmp_product, operation Mode is: (A:0x3f764000)*B2.
DSP Report: register mul_25s_25s_25_1_1_U72/tmp_product is absorbed into DSP mul_25s_25s_25_1_1_U72/tmp_product.
DSP Report: operator mul_25s_25s_25_1_1_U72/tmp_product is absorbed into DSP mul_25s_25s_25_1_1_U72/tmp_product.
DSP Report: operator mul_25s_25s_25_1_1_U72/tmp_product is absorbed into DSP mul_25s_25s_25_1_1_U72/tmp_product.
DSP Report: Generating DSP quo_7_reg_1548_reg, operation Mode is: (A*B)'.
DSP Report: register quo_7_reg_1548_reg is absorbed into DSP quo_7_reg_1548_reg.
DSP Report: operator mul_24ns_38ns_61_1_1_U65/tmp_product is absorbed into DSP quo_7_reg_1548_reg.
DSP Report: operator mul_24ns_38ns_61_1_1_U65/tmp_product is absorbed into DSP quo_7_reg_1548_reg.
DSP Report: Generating DSP mul_24ns_38ns_61_1_1_U65/tmp_product, operation Mode is: A*(B:0xbe7d).
DSP Report: operator mul_24ns_38ns_61_1_1_U65/tmp_product is absorbed into DSP mul_24ns_38ns_61_1_1_U65/tmp_product.
DSP Report: operator mul_24ns_38ns_61_1_1_U65/tmp_product is absorbed into DSP mul_24ns_38ns_61_1_1_U65/tmp_product.
DSP Report: Generating DSP quo_7_reg_1548_reg, operation Mode is: (PCIN>>17)+A*B.
DSP Report: register quo_7_reg_1548_reg is absorbed into DSP quo_7_reg_1548_reg.
DSP Report: operator mul_24ns_38ns_61_1_1_U65/tmp_product is absorbed into DSP quo_7_reg_1548_reg.
DSP Report: operator mul_24ns_38ns_61_1_1_U65/tmp_product is absorbed into DSP quo_7_reg_1548_reg.
DSP Report: Generating DSP mul_25s_25s_25_1_1_U73/tmp_product, operation Mode is: (A:0x3f764000)*B.
DSP Report: operator mul_25s_25s_25_1_1_U73/tmp_product is absorbed into DSP mul_25s_25s_25_1_1_U73/tmp_product.
DSP Report: operator mul_25s_25s_25_1_1_U73/tmp_product is absorbed into DSP mul_25s_25s_25_1_1_U73/tmp_product.
INFO: [Synth 8-3333] propagating constant 1 across sequential element (grp_mod_rcp_mult_24_36_8_s_fu_97/\r_sh_int_reg_reg[23] )
WARNING: [Synth 8-3332] Sequential element (quo_3_reg_1479_reg[47]) is unused and will be removed from module pedal_top_mod_rcp_mult_24_36_8_s.
WARNING: [Synth 8-3332] Sequential element (quo_3_reg_1479_reg[46]) is unused and will be removed from module pedal_top_mod_rcp_mult_24_36_8_s.
WARNING: [Synth 8-3332] Sequential element (quo_3_reg_1479_reg[45]) is unused and will be removed from module pedal_top_mod_rcp_mult_24_36_8_s.
WARNING: [Synth 8-3332] Sequential element (quo_3_reg_1479_reg[44]) is unused and will be removed from module pedal_top_mod_rcp_mult_24_36_8_s.
WARNING: [Synth 8-3332] Sequential element (quo_3_reg_1479_reg[43]) is unused and will be removed from module pedal_top_mod_rcp_mult_24_36_8_s.
WARNING: [Synth 8-3332] Sequential element (quo_3_reg_1479_reg[42]) is unused and will be removed from module pedal_top_mod_rcp_mult_24_36_8_s.
WARNING: [Synth 8-3332] Sequential element (quo_3_reg_1479_reg[41]) is unused and will be removed from module pedal_top_mod_rcp_mult_24_36_8_s.
WARNING: [Synth 8-3332] Sequential element (quo_3_reg_1479_reg[40]) is unused and will be removed from module pedal_top_mod_rcp_mult_24_36_8_s.
WARNING: [Synth 8-3332] Sequential element (quo_3_reg_1479_reg[39]) is unused and will be removed from module pedal_top_mod_rcp_mult_24_36_8_s.
WARNING: [Synth 8-3332] Sequential element (quo_3_reg_1479_reg[38]) is unused and will be removed from module pedal_top_mod_rcp_mult_24_36_8_s.
WARNING: [Synth 8-3332] Sequential element (quo_3_reg_1479_reg[37]) is unused and will be removed from module pedal_top_mod_rcp_mult_24_36_8_s.
WARNING: [Synth 8-3332] Sequential element (quo_3_reg_1479_reg[36]) is unused and will be removed from module pedal_top_mod_rcp_mult_24_36_8_s.
WARNING: [Synth 8-3332] Sequential element (quo_3_reg_1479_reg[35]) is unused and will be removed from module pedal_top_mod_rcp_mult_24_36_8_s.
WARNING: [Synth 8-3332] Sequential element (quo_3_reg_1479_reg[34]) is unused and will be removed from module pedal_top_mod_rcp_mult_24_36_8_s.
WARNING: [Synth 8-3332] Sequential element (quo_3_reg_1479_reg[33]) is unused and will be removed from module pedal_top_mod_rcp_mult_24_36_8_s.
WARNING: [Synth 8-3332] Sequential element (quo_3_reg_1479_reg[32]) is unused and will be removed from module pedal_top_mod_rcp_mult_24_36_8_s.
WARNING: [Synth 8-3332] Sequential element (quo_3_reg_1479_reg[31]) is unused and will be removed from module pedal_top_mod_rcp_mult_24_36_8_s.
WARNING: [Synth 8-3332] Sequential element (quo_3_reg_1479_reg[30]) is unused and will be removed from module pedal_top_mod_rcp_mult_24_36_8_s.
WARNING: [Synth 8-3332] Sequential element (quo_3_reg_1479_reg[29]) is unused and will be removed from module pedal_top_mod_rcp_mult_24_36_8_s.
WARNING: [Synth 8-3332] Sequential element (quo_3_reg_1479_reg[28]) is unused and will be removed from module pedal_top_mod_rcp_mult_24_36_8_s.
WARNING: [Synth 8-3332] Sequential element (quo_3_reg_1479_reg[27]) is unused and will be removed from module pedal_top_mod_rcp_mult_24_36_8_s.
WARNING: [Synth 8-3332] Sequential element (quo_3_reg_1479_reg[26]) is unused and will be removed from module pedal_top_mod_rcp_mult_24_36_8_s.
WARNING: [Synth 8-3332] Sequential element (quo_3_reg_1479_reg[25]) is unused and will be removed from module pedal_top_mod_rcp_mult_24_36_8_s.
WARNING: [Synth 8-3332] Sequential element (quo_3_reg_1479_reg[24]) is unused and will be removed from module pedal_top_mod_rcp_mult_24_36_8_s.
WARNING: [Synth 8-3332] Sequential element (quo_3_reg_1479_reg[23]) is unused and will be removed from module pedal_top_mod_rcp_mult_24_36_8_s.
WARNING: [Synth 8-3332] Sequential element (quo_3_reg_1479_reg[22]) is unused and will be removed from module pedal_top_mod_rcp_mult_24_36_8_s.
WARNING: [Synth 8-3332] Sequential element (quo_3_reg_1479_reg[21]) is unused and will be removed from module pedal_top_mod_rcp_mult_24_36_8_s.
WARNING: [Synth 8-3332] Sequential element (quo_3_reg_1479_reg[20]) is unused and will be removed from module pedal_top_mod_rcp_mult_24_36_8_s.
WARNING: [Synth 8-3332] Sequential element (quo_3_reg_1479_reg[19]) is unused and will be removed from module pedal_top_mod_rcp_mult_24_36_8_s.
WARNING: [Synth 8-3332] Sequential element (quo_3_reg_1479_reg[18]) is unused and will be removed from module pedal_top_mod_rcp_mult_24_36_8_s.
WARNING: [Synth 8-3332] Sequential element (quo_3_reg_1479_reg[17]) is unused and will be removed from module pedal_top_mod_rcp_mult_24_36_8_s.
WARNING: [Synth 8-3332] Sequential element (quo_7_reg_1548_reg[47]) is unused and will be removed from module pedal_top_mod_rcp_mult_24_36_8_s.
WARNING: [Synth 8-3332] Sequential element (quo_7_reg_1548_reg[46]) is unused and will be removed from module pedal_top_mod_rcp_mult_24_36_8_s.
WARNING: [Synth 8-3332] Sequential element (quo_7_reg_1548_reg[45]) is unused and will be removed from module pedal_top_mod_rcp_mult_24_36_8_s.
WARNING: [Synth 8-3332] Sequential element (quo_7_reg_1548_reg[44]) is unused and will be removed from module pedal_top_mod_rcp_mult_24_36_8_s.
WARNING: [Synth 8-3332] Sequential element (quo_7_reg_1548_reg[43]) is unused and will be removed from module pedal_top_mod_rcp_mult_24_36_8_s.
WARNING: [Synth 8-3332] Sequential element (quo_7_reg_1548_reg[42]) is unused and will be removed from module pedal_top_mod_rcp_mult_24_36_8_s.
WARNING: [Synth 8-3332] Sequential element (quo_7_reg_1548_reg[41]) is unused and will be removed from module pedal_top_mod_rcp_mult_24_36_8_s.
WARNING: [Synth 8-3332] Sequential element (quo_7_reg_1548_reg[40]) is unused and will be removed from module pedal_top_mod_rcp_mult_24_36_8_s.
WARNING: [Synth 8-3332] Sequential element (quo_7_reg_1548_reg[39]) is unused and will be removed from module pedal_top_mod_rcp_mult_24_36_8_s.
WARNING: [Synth 8-3332] Sequential element (quo_7_reg_1548_reg[38]) is unused and will be removed from module pedal_top_mod_rcp_mult_24_36_8_s.
WARNING: [Synth 8-3332] Sequential element (quo_7_reg_1548_reg[37]) is unused and will be removed from module pedal_top_mod_rcp_mult_24_36_8_s.
WARNING: [Synth 8-3332] Sequential element (quo_7_reg_1548_reg[36]) is unused and will be removed from module pedal_top_mod_rcp_mult_24_36_8_s.
WARNING: [Synth 8-3332] Sequential element (quo_7_reg_1548_reg[35]) is unused and will be removed from module pedal_top_mod_rcp_mult_24_36_8_s.
WARNING: [Synth 8-3332] Sequential element (quo_7_reg_1548_reg[34]) is unused and will be removed from module pedal_top_mod_rcp_mult_24_36_8_s.
WARNING: [Synth 8-3332] Sequential element (quo_7_reg_1548_reg[33]) is unused and will be removed from module pedal_top_mod_rcp_mult_24_36_8_s.
WARNING: [Synth 8-3332] Sequential element (quo_7_reg_1548_reg[32]) is unused and will be removed from module pedal_top_mod_rcp_mult_24_36_8_s.
WARNING: [Synth 8-3332] Sequential element (quo_7_reg_1548_reg[31]) is unused and will be removed from module pedal_top_mod_rcp_mult_24_36_8_s.
WARNING: [Synth 8-3332] Sequential element (quo_7_reg_1548_reg[30]) is unused and will be removed from module pedal_top_mod_rcp_mult_24_36_8_s.
WARNING: [Synth 8-3332] Sequential element (quo_7_reg_1548_reg[29]) is unused and will be removed from module pedal_top_mod_rcp_mult_24_36_8_s.
WARNING: [Synth 8-3332] Sequential element (quo_7_reg_1548_reg[28]) is unused and will be removed from module pedal_top_mod_rcp_mult_24_36_8_s.
WARNING: [Synth 8-3332] Sequential element (quo_7_reg_1548_reg[27]) is unused and will be removed from module pedal_top_mod_rcp_mult_24_36_8_s.
WARNING: [Synth 8-3332] Sequential element (quo_7_reg_1548_reg[26]) is unused and will be removed from module pedal_top_mod_rcp_mult_24_36_8_s.
WARNING: [Synth 8-3332] Sequential element (quo_7_reg_1548_reg[25]) is unused and will be removed from module pedal_top_mod_rcp_mult_24_36_8_s.
WARNING: [Synth 8-3332] Sequential element (quo_7_reg_1548_reg[24]) is unused and will be removed from module pedal_top_mod_rcp_mult_24_36_8_s.
WARNING: [Synth 8-3332] Sequential element (quo_7_reg_1548_reg[23]) is unused and will be removed from module pedal_top_mod_rcp_mult_24_36_8_s.
WARNING: [Synth 8-3332] Sequential element (quo_7_reg_1548_reg[22]) is unused and will be removed from module pedal_top_mod_rcp_mult_24_36_8_s.
WARNING: [Synth 8-3332] Sequential element (quo_7_reg_1548_reg[21]) is unused and will be removed from module pedal_top_mod_rcp_mult_24_36_8_s.
WARNING: [Synth 8-3332] Sequential element (quo_7_reg_1548_reg[20]) is unused and will be removed from module pedal_top_mod_rcp_mult_24_36_8_s.
WARNING: [Synth 8-3332] Sequential element (quo_7_reg_1548_reg[19]) is unused and will be removed from module pedal_top_mod_rcp_mult_24_36_8_s.
WARNING: [Synth 8-3332] Sequential element (quo_7_reg_1548_reg[18]) is unused and will be removed from module pedal_top_mod_rcp_mult_24_36_8_s.
WARNING: [Synth 8-3332] Sequential element (quo_7_reg_1548_reg[17]) is unused and will be removed from module pedal_top_mod_rcp_mult_24_36_8_s.
WARNING: [Synth 8-3936] Found unconnected internal register 'pedal_top_srem_32ns_12ns_32_36_1_divider_u/loop[31].sign_tmp_reg[32]' and it is trimmed from '2' to '1' bits. [e:/FPGA-Guitar-Pedal/pedal_vivado/pedal_2.gen/sources_1/bd/dma_axis_ip_example/ipshared/9242/hdl/verilog/pedal_top_srem_32ns_12ns_32_36_1.v:66]
WARNING: [Synth 8-3936] Found unconnected internal register 'pedal_top_srem_32ns_12ns_32_36_1_divider_u/loop[30].sign_tmp_reg[31]' and it is trimmed from '2' to '1' bits. [e:/FPGA-Guitar-Pedal/pedal_vivado/pedal_2.gen/sources_1/bd/dma_axis_ip_example/ipshared/9242/hdl/verilog/pedal_top_srem_32ns_12ns_32_36_1.v:66]
WARNING: [Synth 8-3936] Found unconnected internal register 'pedal_top_srem_32ns_12ns_32_36_1_divider_u/loop[29].sign_tmp_reg[30]' and it is trimmed from '2' to '1' bits. [e:/FPGA-Guitar-Pedal/pedal_vivado/pedal_2.gen/sources_1/bd/dma_axis_ip_example/ipshared/9242/hdl/verilog/pedal_top_srem_32ns_12ns_32_36_1.v:66]
WARNING: [Synth 8-3936] Found unconnected internal register 'pedal_top_srem_32ns_12ns_32_36_1_divider_u/loop[28].sign_tmp_reg[29]' and it is trimmed from '2' to '1' bits. [e:/FPGA-Guitar-Pedal/pedal_vivado/pedal_2.gen/sources_1/bd/dma_axis_ip_example/ipshared/9242/hdl/verilog/pedal_top_srem_32ns_12ns_32_36_1.v:66]
WARNING: [Synth 8-3936] Found unconnected internal register 'pedal_top_srem_32ns_12ns_32_36_1_divider_u/loop[27].sign_tmp_reg[28]' and it is trimmed from '2' to '1' bits. [e:/FPGA-Guitar-Pedal/pedal_vivado/pedal_2.gen/sources_1/bd/dma_axis_ip_example/ipshared/9242/hdl/verilog/pedal_top_srem_32ns_12ns_32_36_1.v:66]
WARNING: [Synth 8-3936] Found unconnected internal register 'pedal_top_srem_32ns_12ns_32_36_1_divider_u/loop[26].sign_tmp_reg[27]' and it is trimmed from '2' to '1' bits. [e:/FPGA-Guitar-Pedal/pedal_vivado/pedal_2.gen/sources_1/bd/dma_axis_ip_example/ipshared/9242/hdl/verilog/pedal_top_srem_32ns_12ns_32_36_1.v:66]
WARNING: [Synth 8-3936] Found unconnected internal register 'pedal_top_srem_32ns_12ns_32_36_1_divider_u/loop[25].sign_tmp_reg[26]' and it is trimmed from '2' to '1' bits. [e:/FPGA-Guitar-Pedal/pedal_vivado/pedal_2.gen/sources_1/bd/dma_axis_ip_example/ipshared/9242/hdl/verilog/pedal_top_srem_32ns_12ns_32_36_1.v:66]
WARNING: [Synth 8-3936] Found unconnected internal register 'pedal_top_srem_32ns_12ns_32_36_1_divider_u/loop[24].sign_tmp_reg[25]' and it is trimmed from '2' to '1' bits. [e:/FPGA-Guitar-Pedal/pedal_vivado/pedal_2.gen/sources_1/bd/dma_axis_ip_example/ipshared/9242/hdl/verilog/pedal_top_srem_32ns_12ns_32_36_1.v:66]
WARNING: [Synth 8-3936] Found unconnected internal register 'pedal_top_srem_32ns_12ns_32_36_1_divider_u/loop[23].sign_tmp_reg[24]' and it is trimmed from '2' to '1' bits. [e:/FPGA-Guitar-Pedal/pedal_vivado/pedal_2.gen/sources_1/bd/dma_axis_ip_example/ipshared/9242/hdl/verilog/pedal_top_srem_32ns_12ns_32_36_1.v:66]
WARNING: [Synth 8-3936] Found unconnected internal register 'pedal_top_srem_32ns_12ns_32_36_1_divider_u/loop[22].sign_tmp_reg[23]' and it is trimmed from '2' to '1' bits. [e:/FPGA-Guitar-Pedal/pedal_vivado/pedal_2.gen/sources_1/bd/dma_axis_ip_example/ipshared/9242/hdl/verilog/pedal_top_srem_32ns_12ns_32_36_1.v:66]
WARNING: [Synth 8-3936] Found unconnected internal register 'pedal_top_srem_32ns_12ns_32_36_1_divider_u/loop[21].sign_tmp_reg[22]' and it is trimmed from '2' to '1' bits. [e:/FPGA-Guitar-Pedal/pedal_vivado/pedal_2.gen/sources_1/bd/dma_axis_ip_example/ipshared/9242/hdl/verilog/pedal_top_srem_32ns_12ns_32_36_1.v:66]
WARNING: [Synth 8-3936] Found unconnected internal register 'pedal_top_srem_32ns_12ns_32_36_1_divider_u/loop[20].sign_tmp_reg[21]' and it is trimmed from '2' to '1' bits. [e:/FPGA-Guitar-Pedal/pedal_vivado/pedal_2.gen/sources_1/bd/dma_axis_ip_example/ipshared/9242/hdl/verilog/pedal_top_srem_32ns_12ns_32_36_1.v:66]
WARNING: [Synth 8-3936] Found unconnected internal register 'pedal_top_srem_32ns_12ns_32_36_1_divider_u/loop[19].sign_tmp_reg[20]' and it is trimmed from '2' to '1' bits. [e:/FPGA-Guitar-Pedal/pedal_vivado/pedal_2.gen/sources_1/bd/dma_axis_ip_example/ipshared/9242/hdl/verilog/pedal_top_srem_32ns_12ns_32_36_1.v:66]
WARNING: [Synth 8-3936] Found unconnected internal register 'pedal_top_srem_32ns_12ns_32_36_1_divider_u/loop[18].sign_tmp_reg[19]' and it is trimmed from '2' to '1' bits. [e:/FPGA-Guitar-Pedal/pedal_vivado/pedal_2.gen/sources_1/bd/dma_axis_ip_example/ipshared/9242/hdl/verilog/pedal_top_srem_32ns_12ns_32_36_1.v:66]
WARNING: [Synth 8-3936] Found unconnected internal register 'pedal_top_srem_32ns_12ns_32_36_1_divider_u/loop[17].sign_tmp_reg[18]' and it is trimmed from '2' to '1' bits. [e:/FPGA-Guitar-Pedal/pedal_vivado/pedal_2.gen/sources_1/bd/dma_axis_ip_example/ipshared/9242/hdl/verilog/pedal_top_srem_32ns_12ns_32_36_1.v:66]
WARNING: [Synth 8-3936] Found unconnected internal register 'pedal_top_srem_32ns_12ns_32_36_1_divider_u/loop[16].sign_tmp_reg[17]' and it is trimmed from '2' to '1' bits. [e:/FPGA-Guitar-Pedal/pedal_vivado/pedal_2.gen/sources_1/bd/dma_axis_ip_example/ipshared/9242/hdl/verilog/pedal_top_srem_32ns_12ns_32_36_1.v:66]
WARNING: [Synth 8-3936] Found unconnected internal register 'pedal_top_srem_32ns_12ns_32_36_1_divider_u/loop[15].sign_tmp_reg[16]' and it is trimmed from '2' to '1' bits. [e:/FPGA-Guitar-Pedal/pedal_vivado/pedal_2.gen/sources_1/bd/dma_axis_ip_example/ipshared/9242/hdl/verilog/pedal_top_srem_32ns_12ns_32_36_1.v:66]
WARNING: [Synth 8-3936] Found unconnected internal register 'pedal_top_srem_32ns_12ns_32_36_1_divider_u/loop[14].sign_tmp_reg[15]' and it is trimmed from '2' to '1' bits. [e:/FPGA-Guitar-Pedal/pedal_vivado/pedal_2.gen/sources_1/bd/dma_axis_ip_example/ipshared/9242/hdl/verilog/pedal_top_srem_32ns_12ns_32_36_1.v:66]
WARNING: [Synth 8-3936] Found unconnected internal register 'pedal_top_srem_32ns_12ns_32_36_1_divider_u/loop[13].sign_tmp_reg[14]' and it is trimmed from '2' to '1' bits. [e:/FPGA-Guitar-Pedal/pedal_vivado/pedal_2.gen/sources_1/bd/dma_axis_ip_example/ipshared/9242/hdl/verilog/pedal_top_srem_32ns_12ns_32_36_1.v:66]
WARNING: [Synth 8-3936] Found unconnected internal register 'pedal_top_srem_32ns_12ns_32_36_1_divider_u/loop[12].sign_tmp_reg[13]' and it is trimmed from '2' to '1' bits. [e:/FPGA-Guitar-Pedal/pedal_vivado/pedal_2.gen/sources_1/bd/dma_axis_ip_example/ipshared/9242/hdl/verilog/pedal_top_srem_32ns_12ns_32_36_1.v:66]
WARNING: [Synth 8-3936] Found unconnected internal register 'pedal_top_srem_32ns_12ns_32_36_1_divider_u/loop[11].sign_tmp_reg[12]' and it is trimmed from '2' to '1' bits. [e:/FPGA-Guitar-Pedal/pedal_vivado/pedal_2.gen/sources_1/bd/dma_axis_ip_example/ipshared/9242/hdl/verilog/pedal_top_srem_32ns_12ns_32_36_1.v:66]
WARNING: [Synth 8-3936] Found unconnected internal register 'pedal_top_srem_32ns_12ns_32_36_1_divider_u/loop[10].sign_tmp_reg[11]' and it is trimmed from '2' to '1' bits. [e:/FPGA-Guitar-Pedal/pedal_vivado/pedal_2.gen/sources_1/bd/dma_axis_ip_example/ipshared/9242/hdl/verilog/pedal_top_srem_32ns_12ns_32_36_1.v:66]
WARNING: [Synth 8-3936] Found unconnected internal register 'pedal_top_srem_32ns_12ns_32_36_1_divider_u/loop[9].sign_tmp_reg[10]' and it is trimmed from '2' to '1' bits. [e:/FPGA-Guitar-Pedal/pedal_vivado/pedal_2.gen/sources_1/bd/dma_axis_ip_example/ipshared/9242/hdl/verilog/pedal_top_srem_32ns_12ns_32_36_1.v:66]
WARNING: [Synth 8-3936] Found unconnected internal register 'pedal_top_srem_32ns_12ns_32_36_1_divider_u/loop[8].sign_tmp_reg[9]' and it is trimmed from '2' to '1' bits. [e:/FPGA-Guitar-Pedal/pedal_vivado/pedal_2.gen/sources_1/bd/dma_axis_ip_example/ipshared/9242/hdl/verilog/pedal_top_srem_32ns_12ns_32_36_1.v:66]
WARNING: [Synth 8-3936] Found unconnected internal register 'pedal_top_srem_32ns_12ns_32_36_1_divider_u/loop[7].sign_tmp_reg[8]' and it is trimmed from '2' to '1' bits. [e:/FPGA-Guitar-Pedal/pedal_vivado/pedal_2.gen/sources_1/bd/dma_axis_ip_example/ipshared/9242/hdl/verilog/pedal_top_srem_32ns_12ns_32_36_1.v:66]
WARNING: [Synth 8-3936] Found unconnected internal register 'pedal_top_srem_32ns_12ns_32_36_1_divider_u/loop[6].sign_tmp_reg[7]' and it is trimmed from '2' to '1' bits. [e:/FPGA-Guitar-Pedal/pedal_vivado/pedal_2.gen/sources_1/bd/dma_axis_ip_example/ipshared/9242/hdl/verilog/pedal_top_srem_32ns_12ns_32_36_1.v:66]
WARNING: [Synth 8-3936] Found unconnected internal register 'pedal_top_srem_32ns_12ns_32_36_1_divider_u/loop[5].sign_tmp_reg[6]' and it is trimmed from '2' to '1' bits. [e:/FPGA-Guitar-Pedal/pedal_vivado/pedal_2.gen/sources_1/bd/dma_axis_ip_example/ipshared/9242/hdl/verilog/pedal_top_srem_32ns_12ns_32_36_1.v:66]
WARNING: [Synth 8-3936] Found unconnected internal register 'pedal_top_srem_32ns_12ns_32_36_1_divider_u/loop[4].sign_tmp_reg[5]' and it is trimmed from '2' to '1' bits. [e:/FPGA-Guitar-Pedal/pedal_vivado/pedal_2.gen/sources_1/bd/dma_axis_ip_example/ipshared/9242/hdl/verilog/pedal_top_srem_32ns_12ns_32_36_1.v:66]
WARNING: [Synth 8-3936] Found unconnected internal register 'pedal_top_srem_32ns_12ns_32_36_1_divider_u/loop[3].sign_tmp_reg[4]' and it is trimmed from '2' to '1' bits. [e:/FPGA-Guitar-Pedal/pedal_vivado/pedal_2.gen/sources_1/bd/dma_axis_ip_example/ipshared/9242/hdl/verilog/pedal_top_srem_32ns_12ns_32_36_1.v:66]
WARNING: [Synth 8-3936] Found unconnected internal register 'pedal_top_srem_32ns_12ns_32_36_1_divider_u/loop[2].sign_tmp_reg[3]' and it is trimmed from '2' to '1' bits. [e:/FPGA-Guitar-Pedal/pedal_vivado/pedal_2.gen/sources_1/bd/dma_axis_ip_example/ipshared/9242/hdl/verilog/pedal_top_srem_32ns_12ns_32_36_1.v:66]
WARNING: [Synth 8-3936] Found unconnected internal register 'pedal_top_srem_32ns_12ns_32_36_1_divider_u/loop[1].sign_tmp_reg[2]' and it is trimmed from '2' to '1' bits. [e:/FPGA-Guitar-Pedal/pedal_vivado/pedal_2.gen/sources_1/bd/dma_axis_ip_example/ipshared/9242/hdl/verilog/pedal_top_srem_32ns_12ns_32_36_1.v:66]
WARNING: [Synth 8-3936] Found unconnected internal register 'pedal_top_srem_32ns_12ns_32_36_1_divider_u/loop[0].sign_tmp_reg[1]' and it is trimmed from '2' to '1' bits. [e:/FPGA-Guitar-Pedal/pedal_vivado/pedal_2.gen/sources_1/bd/dma_axis_ip_example/ipshared/9242/hdl/verilog/pedal_top_srem_32ns_12ns_32_36_1.v:66]
WARNING: [Synth 8-3936] Found unconnected internal register 'pedal_top_srem_32ns_12ns_32_36_1_divider_u/sign_tmp_reg[0]' and it is trimmed from '2' to '1' bits. [e:/FPGA-Guitar-Pedal/pedal_vivado/pedal_2.gen/sources_1/bd/dma_axis_ip_example/ipshared/9242/hdl/verilog/pedal_top_srem_32ns_12ns_32_36_1.v:38]
WARNING: [Synth 8-3936] Found unconnected internal register 'select_ln28_1_reg_3841_reg' and it is trimmed from '41' to '26' bits. [e:/FPGA-Guitar-Pedal/pedal_vivado/pedal_2.gen/sources_1/bd/dma_axis_ip_example/ipshared/9242/hdl/verilog/pedal_top.v:2608]
INFO: [Synth 8-5845] Not enough pipeline registers after wide multiplier. Recommended levels of pipeline registers is 4 [e:/FPGA-Guitar-Pedal/pedal_vivado/pedal_2.gen/sources_1/bd/dma_axis_ip_example/ipshared/9242/hdl/verilog/pedal_top_mul_32s_28ns_48_1_1.v:43]
INFO: [Synth 8-5845] Not enough pipeline registers after wide multiplier. Recommended levels of pipeline registers is 9 [e:/FPGA-Guitar-Pedal/pedal_vivado/pedal_2.gen/sources_1/bd/dma_axis_ip_example/ipshared/9242/hdl/verilog/pedal_top_mul_48s_50ns_97_1_1.v:43]
DSP Report: Generating DSP mul_32s_28ns_48_1_1_U89/tmp_product, operation Mode is: (A:0xaaaa)*B.
DSP Report: operator mul_32s_28ns_48_1_1_U89/tmp_product is absorbed into DSP mul_32s_28ns_48_1_1_U89/tmp_product.
DSP Report: operator mul_32s_28ns_48_1_1_U89/tmp_product is absorbed into DSP mul_32s_28ns_48_1_1_U89/tmp_product.
DSP Report: Generating DSP mul_32s_28ns_48_1_1_U89/tmp_product, operation Mode is: (PCIN>>17)+A*B.
DSP Report: operator mul_32s_28ns_48_1_1_U89/tmp_product is absorbed into DSP mul_32s_28ns_48_1_1_U89/tmp_product.
DSP Report: operator mul_32s_28ns_48_1_1_U89/tmp_product is absorbed into DSP mul_32s_28ns_48_1_1_U89/tmp_product.
DSP Report: Generating DSP mul_32s_28ns_48_1_1_U89/tmp_product, operation Mode is: A*(B:0xaaaa).
DSP Report: operator mul_32s_28ns_48_1_1_U89/tmp_product is absorbed into DSP mul_32s_28ns_48_1_1_U89/tmp_product.
DSP Report: operator mul_32s_28ns_48_1_1_U89/tmp_product is absorbed into DSP mul_32s_28ns_48_1_1_U89/tmp_product.
DSP Report: Generating DSP mul_32s_28ns_48_1_1_U89/tmp_product, operation Mode is: (PCIN>>17)+A*B.
DSP Report: operator mul_32s_28ns_48_1_1_U89/tmp_product is absorbed into DSP mul_32s_28ns_48_1_1_U89/tmp_product.
DSP Report: operator mul_32s_28ns_48_1_1_U89/tmp_product is absorbed into DSP mul_32s_28ns_48_1_1_U89/tmp_product.
DSP Report: Generating DSP mul_48s_50ns_97_1_1_U91/tmp_product, operation Mode is: A*B.
DSP Report: operator mul_48s_50ns_97_1_1_U91/tmp_product is absorbed into DSP mul_48s_50ns_97_1_1_U91/tmp_product.
DSP Report: operator mul_48s_50ns_97_1_1_U91/tmp_product is absorbed into DSP mul_48s_50ns_97_1_1_U91/tmp_product.
DSP Report: Generating DSP mul_48s_50ns_97_1_1_U91/tmp_product, operation Mode is: PCIN+A*B.
DSP Report: operator mul_48s_50ns_97_1_1_U91/tmp_product is absorbed into DSP mul_48s_50ns_97_1_1_U91/tmp_product.
DSP Report: operator mul_48s_50ns_97_1_1_U91/tmp_product is absorbed into DSP mul_48s_50ns_97_1_1_U91/tmp_product.
DSP Report: Generating DSP mul_48s_50ns_97_1_1_U91/tmp_product, operation Mode is: (PCIN>>17)+A*B.
DSP Report: operator mul_48s_50ns_97_1_1_U91/tmp_product is absorbed into DSP mul_48s_50ns_97_1_1_U91/tmp_product.
DSP Report: operator mul_48s_50ns_97_1_1_U91/tmp_product is absorbed into DSP mul_48s_50ns_97_1_1_U91/tmp_product.
DSP Report: Generating DSP mul_48s_50ns_97_1_1_U91/tmp_product, operation Mode is: A*B.
DSP Report: operator mul_48s_50ns_97_1_1_U91/tmp_product is absorbed into DSP mul_48s_50ns_97_1_1_U91/tmp_product.
DSP Report: operator mul_48s_50ns_97_1_1_U91/tmp_product is absorbed into DSP mul_48s_50ns_97_1_1_U91/tmp_product.
DSP Report: Generating DSP mul_48s_50ns_97_1_1_U91/tmp_product, operation Mode is: PCIN+A*B.
DSP Report: operator mul_48s_50ns_97_1_1_U91/tmp_product is absorbed into DSP mul_48s_50ns_97_1_1_U91/tmp_product.
DSP Report: operator mul_48s_50ns_97_1_1_U91/tmp_product is absorbed into DSP mul_48s_50ns_97_1_1_U91/tmp_product.
DSP Report: Generating DSP mul_48s_50ns_97_1_1_U91/tmp_product, operation Mode is: PCIN+(A:0x1897d)*B.
DSP Report: operator mul_48s_50ns_97_1_1_U91/tmp_product is absorbed into DSP mul_48s_50ns_97_1_1_U91/tmp_product.
DSP Report: operator mul_48s_50ns_97_1_1_U91/tmp_product is absorbed into DSP mul_48s_50ns_97_1_1_U91/tmp_product.
DSP Report: Generating DSP mul_48s_50ns_97_1_1_U91/tmp_product, operation Mode is: A*(B:0x1897d).
DSP Report: operator mul_48s_50ns_97_1_1_U91/tmp_product is absorbed into DSP mul_48s_50ns_97_1_1_U91/tmp_product.
DSP Report: operator mul_48s_50ns_97_1_1_U91/tmp_product is absorbed into DSP mul_48s_50ns_97_1_1_U91/tmp_product.
DSP Report: Generating DSP mul_48s_50ns_97_1_1_U91/tmp_product, operation Mode is: (PCIN>>17)+A*B.
DSP Report: operator mul_48s_50ns_97_1_1_U91/tmp_product is absorbed into DSP mul_48s_50ns_97_1_1_U91/tmp_product.
DSP Report: operator mul_48s_50ns_97_1_1_U91/tmp_product is absorbed into DSP mul_48s_50ns_97_1_1_U91/tmp_product.
DSP Report: Generating DSP mul_48s_50ns_97_1_1_U91/tmp_product, operation Mode is: PCIN+A*(B:0x1897d).
DSP Report: operator mul_48s_50ns_97_1_1_U91/tmp_product is absorbed into DSP mul_48s_50ns_97_1_1_U91/tmp_product.
DSP Report: operator mul_48s_50ns_97_1_1_U91/tmp_product is absorbed into DSP mul_48s_50ns_97_1_1_U91/tmp_product.
INFO: [Synth 8-3333] propagating constant 1 across sequential element (srem_32ns_12ns_32_36_1_U95/\divisor0_reg[1] )
INFO: [Synth 8-3333] propagating constant 0 across sequential element (srem_32ns_12ns_32_36_1_U95/\divisor0_reg[11] )
INFO: [Synth 8-3333] propagating constant 0 across sequential element (srem_32ns_12ns_32_36_1_U95/\pedal_top_srem_32ns_12ns_32_36_1_divider_u/remd_tmp_reg[0][30] )
INFO: [Synth 8-3333] propagating constant 1 across sequential element (srem_32ns_12ns_32_36_1_U95/\pedal_top_srem_32ns_12ns_32_36_1_divider_u/divisor_tmp_reg[0][10] )
INFO: [Synth 8-3333] propagating constant 0 across sequential element (srem_32ns_12ns_32_36_1_U95/\pedal_top_srem_32ns_12ns_32_36_1_divider_u/loop[0].remd_tmp_reg[1][30] )
INFO: [Synth 8-3333] propagating constant 1 across sequential element (srem_32ns_12ns_32_36_1_U95/\pedal_top_srem_32ns_12ns_32_36_1_divider_u/divisor_tmp_reg[0][10] )
INFO: [Synth 8-3333] propagating constant 0 across sequential element (srem_32ns_12ns_32_36_1_U95/\pedal_top_srem_32ns_12ns_32_36_1_divider_u/loop[1].remd_tmp_reg[2][30] )
INFO: [Synth 8-3333] propagating constant 1 across sequential element (srem_32ns_12ns_32_36_1_U95/\pedal_top_srem_32ns_12ns_32_36_1_divider_u/divisor_tmp_reg[0][10] )
INFO: [Synth 8-3333] propagating constant 0 across sequential element (srem_32ns_12ns_32_36_1_U95/\pedal_top_srem_32ns_12ns_32_36_1_divider_u/loop[2].remd_tmp_reg[3][30] )
INFO: [Synth 8-3333] propagating constant 1 across sequential element (srem_32ns_12ns_32_36_1_U95/\pedal_top_srem_32ns_12ns_32_36_1_divider_u/divisor_tmp_reg[0][10] )
INFO: [Synth 8-3333] propagating constant 0 across sequential element (srem_32ns_12ns_32_36_1_U95/\pedal_top_srem_32ns_12ns_32_36_1_divider_u/loop[3].remd_tmp_reg[4][30] )
INFO: [Synth 8-3333] propagating constant 1 across sequential element (srem_32ns_12ns_32_36_1_U95/\pedal_top_srem_32ns_12ns_32_36_1_divider_u/divisor_tmp_reg[0][10] )
INFO: [Synth 8-3333] propagating constant 0 across sequential element (srem_32ns_12ns_32_36_1_U95/\pedal_top_srem_32ns_12ns_32_36_1_divider_u/loop[4].remd_tmp_reg[5][30] )
INFO: [Synth 8-3333] propagating constant 1 across sequential element (srem_32ns_12ns_32_36_1_U95/\pedal_top_srem_32ns_12ns_32_36_1_divider_u/divisor_tmp_reg[0][10] )
INFO: [Synth 8-3333] propagating constant 0 across sequential element (srem_32ns_12ns_32_36_1_U95/\pedal_top_srem_32ns_12ns_32_36_1_divider_u/loop[5].remd_tmp_reg[6][30] )
INFO: [Synth 8-3333] propagating constant 1 across sequential element (srem_32ns_12ns_32_36_1_U95/\pedal_top_srem_32ns_12ns_32_36_1_divider_u/divisor_tmp_reg[0][10] )
INFO: [Synth 8-3333] propagating constant 0 across sequential element (srem_32ns_12ns_32_36_1_U95/\pedal_top_srem_32ns_12ns_32_36_1_divider_u/loop[6].remd_tmp_reg[7][30] )
INFO: [Synth 8-3333] propagating constant 1 across sequential element (srem_32ns_12ns_32_36_1_U95/\pedal_top_srem_32ns_12ns_32_36_1_divider_u/divisor_tmp_reg[0][10] )
INFO: [Synth 8-3333] propagating constant 0 across sequential element (srem_32ns_12ns_32_36_1_U95/\pedal_top_srem_32ns_12ns_32_36_1_divider_u/loop[7].remd_tmp_reg[8][30] )
INFO: [Synth 8-3333] propagating constant 1 across sequential element (srem_32ns_12ns_32_36_1_U95/\pedal_top_srem_32ns_12ns_32_36_1_divider_u/divisor_tmp_reg[0][10] )
INFO: [Synth 8-3333] propagating constant 0 across sequential element (srem_32ns_12ns_32_36_1_U95/\pedal_top_srem_32ns_12ns_32_36_1_divider_u/loop[8].remd_tmp_reg[9][30] )
INFO: [Synth 8-3333] propagating constant 1 across sequential element (srem_32ns_12ns_32_36_1_U95/\pedal_top_srem_32ns_12ns_32_36_1_divider_u/divisor_tmp_reg[0][10] )
INFO: [Synth 8-3333] propagating constant 0 across sequential element (srem_32ns_12ns_32_36_1_U95/\pedal_top_srem_32ns_12ns_32_36_1_divider_u/loop[9].remd_tmp_reg[10][30] )
INFO: [Synth 8-3333] propagating constant 1 across sequential element (srem_32ns_12ns_32_36_1_U95/\pedal_top_srem_32ns_12ns_32_36_1_divider_u/divisor_tmp_reg[0][10] )
INFO: [Synth 8-3333] propagating constant 0 across sequential element (srem_32ns_12ns_32_36_1_U95/\pedal_top_srem_32ns_12ns_32_36_1_divider_u/loop[10].remd_tmp_reg[11][30] )
INFO: [Synth 8-3333] propagating constant 1 across sequential element (srem_32ns_12ns_32_36_1_U95/\pedal_top_srem_32ns_12ns_32_36_1_divider_u/divisor_tmp_reg[0][10] )
INFO: [Synth 8-3333] propagating constant 0 across sequential element (srem_32ns_12ns_32_36_1_U95/\pedal_top_srem_32ns_12ns_32_36_1_divider_u/loop[11].remd_tmp_reg[12][30] )
INFO: [Synth 8-3333] propagating constant 1 across sequential element (srem_32ns_12ns_32_36_1_U95/\pedal_top_srem_32ns_12ns_32_36_1_divider_u/divisor_tmp_reg[0][10] )
INFO: [Synth 8-3333] propagating constant 0 across sequential element (srem_32ns_12ns_32_36_1_U95/\pedal_top_srem_32ns_12ns_32_36_1_divider_u/loop[12].remd_tmp_reg[13][30] )
INFO: [Synth 8-3333] propagating constant 1 across sequential element (srem_32ns_12ns_32_36_1_U95/\pedal_top_srem_32ns_12ns_32_36_1_divider_u/divisor_tmp_reg[0][10] )
INFO: [Synth 8-3333] propagating constant 0 across sequential element (srem_32ns_12ns_32_36_1_U95/\pedal_top_srem_32ns_12ns_32_36_1_divider_u/loop[13].remd_tmp_reg[14][30] )
INFO: [Synth 8-3333] propagating constant 1 across sequential element (srem_32ns_12ns_32_36_1_U95/\pedal_top_srem_32ns_12ns_32_36_1_divider_u/divisor_tmp_reg[0][10] )
INFO: [Synth 8-3333] propagating constant 0 across sequential element (srem_32ns_12ns_32_36_1_U95/\pedal_top_srem_32ns_12ns_32_36_1_divider_u/loop[14].remd_tmp_reg[15][30] )
INFO: [Synth 8-3333] propagating constant 1 across sequential element (srem_32ns_12ns_32_36_1_U95/\pedal_top_srem_32ns_12ns_32_36_1_divider_u/divisor_tmp_reg[0][10] )
INFO: [Synth 8-3333] propagating constant 0 across sequential element (srem_32ns_12ns_32_36_1_U95/\pedal_top_srem_32ns_12ns_32_36_1_divider_u/loop[15].remd_tmp_reg[16][30] )
INFO: [Synth 8-3333] propagating constant 1 across sequential element (srem_32ns_12ns_32_36_1_U95/\pedal_top_srem_32ns_12ns_32_36_1_divider_u/divisor_tmp_reg[0][10] )
INFO: [Synth 8-3333] propagating constant 0 across sequential element (srem_32ns_12ns_32_36_1_U95/\pedal_top_srem_32ns_12ns_32_36_1_divider_u/loop[16].remd_tmp_reg[17][30] )
INFO: [Synth 8-3333] propagating constant 1 across sequential element (srem_32ns_12ns_32_36_1_U95/\pedal_top_srem_32ns_12ns_32_36_1_divider_u/divisor_tmp_reg[0][10] )
INFO: [Synth 8-3333] propagating constant 0 across sequential element (srem_32ns_12ns_32_36_1_U95/\pedal_top_srem_32ns_12ns_32_36_1_divider_u/loop[17].remd_tmp_reg[18][30] )
INFO: [Synth 8-3333] propagating constant 1 across sequential element (srem_32ns_12ns_32_36_1_U95/\pedal_top_srem_32ns_12ns_32_36_1_divider_u/divisor_tmp_reg[0][10] )
INFO: [Synth 8-3333] propagating constant 0 across sequential element (srem_32ns_12ns_32_36_1_U95/\pedal_top_srem_32ns_12ns_32_36_1_divider_u/loop[18].remd_tmp_reg[19][30] )
INFO: [Synth 8-3333] propagating constant 1 across sequential element (srem_32ns_12ns_32_36_1_U95/\pedal_top_srem_32ns_12ns_32_36_1_divider_u/divisor_tmp_reg[0][10] )
INFO: [Synth 8-3333] propagating constant 0 across sequential element (srem_32ns_12ns_32_36_1_U95/\pedal_top_srem_32ns_12ns_32_36_1_divider_u/loop[18].remd_tmp_reg[19][29] )
INFO: [Synth 8-3333] propagating constant 1 across sequential element (srem_32ns_12ns_32_36_1_U95/\pedal_top_srem_32ns_12ns_32_36_1_divider_u/divisor_tmp_reg[0][10] )
INFO: [Synth 8-3333] propagating constant 0 across sequential element (srem_32ns_12ns_32_36_1_U95/\pedal_top_srem_32ns_12ns_32_36_1_divider_u/loop[19].remd_tmp_reg[20][30] )
INFO: [Synth 8-3333] propagating constant 1 across sequential element (srem_32ns_12ns_32_36_1_U95/\pedal_top_srem_32ns_12ns_32_36_1_divider_u/divisor_tmp_reg[0][10] )
INFO: [Synth 8-3333] propagating constant 0 across sequential element (srem_32ns_12ns_32_36_1_U95/\pedal_top_srem_32ns_12ns_32_36_1_divider_u/loop[20].remd_tmp_reg[21][30] )
INFO: [Synth 8-3333] propagating constant 1 across sequential element (srem_32ns_12ns_32_36_1_U95/\pedal_top_srem_32ns_12ns_32_36_1_divider_u/divisor_tmp_reg[0][10] )
INFO: [Synth 8-3333] propagating constant 0 across sequential element (srem_32ns_12ns_32_36_1_U95/\pedal_top_srem_32ns_12ns_32_36_1_divider_u/loop[21].remd_tmp_reg[22][30] )
INFO: [Synth 8-3333] propagating constant 1 across sequential element (srem_32ns_12ns_32_36_1_U95/\pedal_top_srem_32ns_12ns_32_36_1_divider_u/divisor_tmp_reg[0][10] )
INFO: [Synth 8-3333] propagating constant 0 across sequential element (srem_32ns_12ns_32_36_1_U95/\pedal_top_srem_32ns_12ns_32_36_1_divider_u/loop[22].remd_tmp_reg[23][30] )
INFO: [Common 17-14] Message 'Synth 8-3333' appears 100 times and further instances of the messages will be disabled. Use the Tcl command set_msg_config to change the current settings.
INFO: [Synth 8-3936] Found unconnected internal register 'RT[20].Q_DEL/i_pipe/opt_has_pipe.first_q_reg' and it is trimmed from '26' to '20' bits. [e:/FPGA-Guitar-Pedal/pedal_vivado/pedal_2.gen/sources_1/bd/dma_axis_ip_example/ipshared/713b/hdl/xbip_pipe_v3_0_vh_rfs.vhd:361]
INFO: [Synth 8-3936] Found unconnected internal register 'RT[13].Q_DEL/i_pipe/opt_has_pipe.first_q_reg' and it is trimmed from '26' to '13' bits. [e:/FPGA-Guitar-Pedal/pedal_vivado/pedal_2.gen/sources_1/bd/dma_axis_ip_example/ipshared/713b/hdl/xbip_pipe_v3_0_vh_rfs.vhd:361]
INFO: [Synth 8-3936] Found unconnected internal register 'RT[6].Q_DEL/i_pipe/opt_has_pipe.first_q_reg' and it is trimmed from '26' to '6' bits. [e:/FPGA-Guitar-Pedal/pedal_vivado/pedal_2.gen/sources_1/bd/dma_axis_ip_example/ipshared/713b/hdl/xbip_pipe_v3_0_vh_rfs.vhd:361]
INFO: [Synth 8-5542] Attribute ram_style/rom_style = distributed specified for ROM  "p_0_out". This will be implemented in logic
INFO: [Synth 8-5542] Attribute ram_style/rom_style = distributed specified for ROM  "p_0_out". This will be implemented in logic
INFO: [Synth 8-5542] Attribute ram_style/rom_style = distributed specified for ROM  "p_0_out". This will be implemented in logic
INFO: [Synth 8-5845] Not enough pipeline registers after wide multiplier. Recommended levels of pipeline registers is 5 [e:/FPGA-Guitar-Pedal/pedal_vivado/pedal_2.gen/sources_1/bd/dma_axis_ip_example/ipshared/9242/hdl/verilog/pedal_top_mul_80s_24ns_80_1_0.v:43]
INFO: [Synth 8-5845] Not enough pipeline registers after wide multiplier. Recommended levels of pipeline registers is 4 [e:/FPGA-Guitar-Pedal/pedal_vivado/pedal_2.gen/sources_1/bd/dma_axis_ip_example/ipshared/9242/hdl/verilog/pedal_top_mul_30s_29ns_58_1_0.v:43]
DSP Report: Generating DSP mul_80s_24ns_80_1_0_U39/tmp_product, operation Mode is: A*B.
DSP Report: operator mul_80s_24ns_80_1_0_U39/tmp_product is absorbed into DSP mul_80s_24ns_80_1_0_U39/tmp_product.
DSP Report: operator mul_80s_24ns_80_1_0_U39/tmp_product is absorbed into DSP mul_80s_24ns_80_1_0_U39/tmp_product.
DSP Report: Generating DSP mul_80s_24ns_80_1_0_U39/tmp_product, operation Mode is: A*B.
DSP Report: operator mul_80s_24ns_80_1_0_U39/tmp_product is absorbed into DSP mul_80s_24ns_80_1_0_U39/tmp_product.
DSP Report: operator mul_80s_24ns_80_1_0_U39/tmp_product is absorbed into DSP mul_80s_24ns_80_1_0_U39/tmp_product.
DSP Report: Generating DSP mul_80s_24ns_80_1_0_U39/tmp_product, operation Mode is: (PCIN>>17)+A*B.
DSP Report: operator mul_80s_24ns_80_1_0_U39/tmp_product is absorbed into DSP mul_80s_24ns_80_1_0_U39/tmp_product.
DSP Report: operator mul_80s_24ns_80_1_0_U39/tmp_product is absorbed into DSP mul_80s_24ns_80_1_0_U39/tmp_product.
DSP Report: Generating DSP mul_80s_24ns_80_1_0_U39/tmp_product, operation Mode is: A*B.
DSP Report: operator mul_80s_24ns_80_1_0_U39/tmp_product is absorbed into DSP mul_80s_24ns_80_1_0_U39/tmp_product.
DSP Report: operator mul_80s_24ns_80_1_0_U39/tmp_product is absorbed into DSP mul_80s_24ns_80_1_0_U39/tmp_product.
DSP Report: Generating DSP mul_80s_24ns_80_1_0_U39/tmp_product, operation Mode is: (PCIN>>17)+A*B.
DSP Report: operator mul_80s_24ns_80_1_0_U39/tmp_product is absorbed into DSP mul_80s_24ns_80_1_0_U39/tmp_product.
DSP Report: operator mul_80s_24ns_80_1_0_U39/tmp_product is absorbed into DSP mul_80s_24ns_80_1_0_U39/tmp_product.
DSP Report: Generating DSP mul_23s_22ns_45_1_0_U37/tmp_product, operation Mode is: A2*B.
DSP Report: register mul_23s_22ns_45_1_0_U37/tmp_product is absorbed into DSP mul_23s_22ns_45_1_0_U37/tmp_product.
DSP Report: operator mul_23s_22ns_45_1_0_U37/tmp_product is absorbed into DSP mul_23s_22ns_45_1_0_U37/tmp_product.
DSP Report: operator mul_23s_22ns_45_1_0_U37/tmp_product is absorbed into DSP mul_23s_22ns_45_1_0_U37/tmp_product.
DSP Report: Generating DSP mul_23s_22ns_45_1_0_U37/tmp_product, operation Mode is: (PCIN>>17)+A2*B.
DSP Report: register mul_23s_22ns_45_1_0_U37/tmp_product is absorbed into DSP mul_23s_22ns_45_1_0_U37/tmp_product.
DSP Report: operator mul_23s_22ns_45_1_0_U37/tmp_product is absorbed into DSP mul_23s_22ns_45_1_0_U37/tmp_product.
DSP Report: operator mul_23s_22ns_45_1_0_U37/tmp_product is absorbed into DSP mul_23s_22ns_45_1_0_U37/tmp_product.
DSP Report: Generating DSP mul_15ns_15ns_30_1_0_U43/tmp_product, operation Mode is: A2*B2.
DSP Report: register mul_15ns_15ns_30_1_0_U43/tmp_product is absorbed into DSP mul_15ns_15ns_30_1_0_U43/tmp_product.
DSP Report: register mul_15ns_15ns_30_1_0_U43/tmp_product is absorbed into DSP mul_15ns_15ns_30_1_0_U43/tmp_product.
DSP Report: operator mul_15ns_15ns_30_1_0_U43/tmp_product is absorbed into DSP mul_15ns_15ns_30_1_0_U43/tmp_product.
DSP Report: Generating DSP mul_15ns_15s_30_1_0_U44/tmp_product, operation Mode is: A*B.
DSP Report: operator mul_15ns_15s_30_1_0_U44/tmp_product is absorbed into DSP mul_15ns_15s_30_1_0_U44/tmp_product.
DSP Report: Generating DSP mul_30s_29ns_58_1_0_U38/tmp_product, operation Mode is: A*B.
DSP Report: operator mul_30s_29ns_58_1_0_U38/tmp_product is absorbed into DSP mul_30s_29ns_58_1_0_U38/tmp_product.
DSP Report: operator mul_30s_29ns_58_1_0_U38/tmp_product is absorbed into DSP mul_30s_29ns_58_1_0_U38/tmp_product.
DSP Report: Generating DSP mul_30s_29ns_58_1_0_U38/tmp_product, operation Mode is: (PCIN>>17)+A*B.
DSP Report: operator mul_30s_29ns_58_1_0_U38/tmp_product is absorbed into DSP mul_30s_29ns_58_1_0_U38/tmp_product.
DSP Report: operator mul_30s_29ns_58_1_0_U38/tmp_product is absorbed into DSP mul_30s_29ns_58_1_0_U38/tmp_product.
DSP Report: Generating DSP mul_30s_29ns_58_1_0_U38/tmp_product, operation Mode is: A*B.
DSP Report: operator mul_30s_29ns_58_1_0_U38/tmp_product is absorbed into DSP mul_30s_29ns_58_1_0_U38/tmp_product.
DSP Report: operator mul_30s_29ns_58_1_0_U38/tmp_product is absorbed into DSP mul_30s_29ns_58_1_0_U38/tmp_product.
DSP Report: Generating DSP mul_30s_29ns_58_1_0_U38/tmp_product, operation Mode is: (PCIN>>17)+A*B.
DSP Report: operator mul_30s_29ns_58_1_0_U38/tmp_product is absorbed into DSP mul_30s_29ns_58_1_0_U38/tmp_product.
DSP Report: operator mul_30s_29ns_58_1_0_U38/tmp_product is absorbed into DSP mul_30s_29ns_58_1_0_U38/tmp_product.
WARNING: [Synth 8-3936] Found unconnected internal register 'sample_data_13_reg_581_pp0_iter37_reg_reg' and it is trimmed from '32' to '16' bits. [e:/FPGA-Guitar-Pedal/pedal_vivado/pedal_2.gen/sources_1/bd/dma_axis_ip_example/ipshared/9242/hdl/verilog/pedal_top.v:2738]
WARNING: [Synth 8-3936] Found unconnected internal register 'sample_data_13_reg_581_pp0_iter36_reg_reg' and it is trimmed from '32' to '16' bits. [e:/FPGA-Guitar-Pedal/pedal_vivado/pedal_2.gen/sources_1/bd/dma_axis_ip_example/ipshared/9242/hdl/verilog/pedal_top.v:2737]
WARNING: [Synth 8-3936] Found unconnected internal register 'sample_data_13_reg_581_pp0_iter35_reg_reg' and it is trimmed from '32' to '16' bits. [e:/FPGA-Guitar-Pedal/pedal_vivado/pedal_2.gen/sources_1/bd/dma_axis_ip_example/ipshared/9242/hdl/verilog/pedal_top.v:2736]
WARNING: [Synth 8-3936] Found unconnected internal register 'sample_data_13_reg_581_pp0_iter34_reg_reg' and it is trimmed from '32' to '16' bits. [e:/FPGA-Guitar-Pedal/pedal_vivado/pedal_2.gen/sources_1/bd/dma_axis_ip_example/ipshared/9242/hdl/verilog/pedal_top.v:2735]
WARNING: [Synth 8-3936] Found unconnected internal register 'sample_data_13_reg_581_pp0_iter33_reg_reg' and it is trimmed from '32' to '16' bits. [e:/FPGA-Guitar-Pedal/pedal_vivado/pedal_2.gen/sources_1/bd/dma_axis_ip_example/ipshared/9242/hdl/verilog/pedal_top.v:2734]
WARNING: [Synth 8-3936] Found unconnected internal register 'sample_data_13_reg_581_pp0_iter32_reg_reg' and it is trimmed from '32' to '16' bits. [e:/FPGA-Guitar-Pedal/pedal_vivado/pedal_2.gen/sources_1/bd/dma_axis_ip_example/ipshared/9242/hdl/verilog/pedal_top.v:2733]
WARNING: [Synth 8-3936] Found unconnected internal register 'sample_data_13_reg_581_pp0_iter31_reg_reg' and it is trimmed from '32' to '16' bits. [e:/FPGA-Guitar-Pedal/pedal_vivado/pedal_2.gen/sources_1/bd/dma_axis_ip_example/ipshared/9242/hdl/verilog/pedal_top.v:2732]
WARNING: [Synth 8-3936] Found unconnected internal register 'sample_data_13_reg_581_pp0_iter30_reg_reg' and it is trimmed from '32' to '16' bits. [e:/FPGA-Guitar-Pedal/pedal_vivado/pedal_2.gen/sources_1/bd/dma_axis_ip_example/ipshared/9242/hdl/verilog/pedal_top.v:2731]
WARNING: [Synth 8-3936] Found unconnected internal register 'sample_data_13_reg_581_pp0_iter29_reg_reg' and it is trimmed from '32' to '16' bits. [e:/FPGA-Guitar-Pedal/pedal_vivado/pedal_2.gen/sources_1/bd/dma_axis_ip_example/ipshared/9242/hdl/verilog/pedal_top.v:2730]
WARNING: [Synth 8-3936] Found unconnected internal register 'sample_data_13_reg_581_pp0_iter28_reg_reg' and it is trimmed from '32' to '16' bits. [e:/FPGA-Guitar-Pedal/pedal_vivado/pedal_2.gen/sources_1/bd/dma_axis_ip_example/ipshared/9242/hdl/verilog/pedal_top.v:2729]
WARNING: [Synth 8-3936] Found unconnected internal register 'sample_data_13_reg_581_pp0_iter27_reg_reg' and it is trimmed from '32' to '16' bits. [e:/FPGA-Guitar-Pedal/pedal_vivado/pedal_2.gen/sources_1/bd/dma_axis_ip_example/ipshared/9242/hdl/verilog/pedal_top.v:2728]
WARNING: [Synth 8-3936] Found unconnected internal register 'sample_data_13_reg_581_pp0_iter26_reg_reg' and it is trimmed from '32' to '16' bits. [e:/FPGA-Guitar-Pedal/pedal_vivado/pedal_2.gen/sources_1/bd/dma_axis_ip_example/ipshared/9242/hdl/verilog/pedal_top.v:2727]
WARNING: [Synth 8-3936] Found unconnected internal register 'sample_data_13_reg_581_pp0_iter25_reg_reg' and it is trimmed from '32' to '16' bits. [e:/FPGA-Guitar-Pedal/pedal_vivado/pedal_2.gen/sources_1/bd/dma_axis_ip_example/ipshared/9242/hdl/verilog/pedal_top.v:2726]
WARNING: [Synth 8-3936] Found unconnected internal register 'sample_data_13_reg_581_pp0_iter24_reg_reg' and it is trimmed from '32' to '16' bits. [e:/FPGA-Guitar-Pedal/pedal_vivado/pedal_2.gen/sources_1/bd/dma_axis_ip_example/ipshared/9242/hdl/verilog/pedal_top.v:2725]
WARNING: [Synth 8-3936] Found unconnected internal register 'sample_data_13_reg_581_pp0_iter23_reg_reg' and it is trimmed from '32' to '16' bits. [e:/FPGA-Guitar-Pedal/pedal_vivado/pedal_2.gen/sources_1/bd/dma_axis_ip_example/ipshared/9242/hdl/verilog/pedal_top.v:2724]
WARNING: [Synth 8-3936] Found unconnected internal register 'sample_data_13_reg_581_pp0_iter22_reg_reg' and it is trimmed from '32' to '16' bits. [e:/FPGA-Guitar-Pedal/pedal_vivado/pedal_2.gen/sources_1/bd/dma_axis_ip_example/ipshared/9242/hdl/verilog/pedal_top.v:2723]
WARNING: [Synth 8-3936] Found unconnected internal register 'sample_data_13_reg_581_pp0_iter21_reg_reg' and it is trimmed from '32' to '16' bits. [e:/FPGA-Guitar-Pedal/pedal_vivado/pedal_2.gen/sources_1/bd/dma_axis_ip_example/ipshared/9242/hdl/verilog/pedal_top.v:2722]
WARNING: [Synth 8-3936] Found unconnected internal register 'sample_data_13_reg_581_pp0_iter20_reg_reg' and it is trimmed from '32' to '16' bits. [e:/FPGA-Guitar-Pedal/pedal_vivado/pedal_2.gen/sources_1/bd/dma_axis_ip_example/ipshared/9242/hdl/verilog/pedal_top.v:2721]
WARNING: [Synth 8-3936] Found unconnected internal register 'sample_data_13_reg_581_reg' and it is trimmed from '32' to '16' bits. [e:/FPGA-Guitar-Pedal/pedal_vivado/pedal_2.gen/sources_1/bd/dma_axis_ip_example/ipshared/9242/hdl/verilog/pedal_top.v:2807]
INFO: [Synth 8-5845] Not enough pipeline registers after wide multiplier. Recommended levels of pipeline registers is 4 [e:/FPGA-Guitar-Pedal/pedal_vivado/pedal_2.gen/sources_1/bd/dma_axis_ip_example/ipshared/9242/hdl/verilog/pedal_top_mul_32s_32s_48_1_1.v:44]
WARNING: [Synth 8-6014] Unused sequential element mul_ln78_reg_4169_reg was removed.  [e:/FPGA-Guitar-Pedal/pedal_vivado/pedal_2.gen/sources_1/bd/dma_axis_ip_example/ipshared/9242/hdl/verilog/pedal_top.v:2706]
WARNING: [Synth 8-6014] Unused sequential element mul_ln78_reg_4169_reg was removed.  [e:/FPGA-Guitar-Pedal/pedal_vivado/pedal_2.gen/sources_1/bd/dma_axis_ip_example/ipshared/9242/hdl/verilog/pedal_top.v:2706]
WARNING: [Synth 8-6014] Unused sequential element mul_ln78_reg_4169_reg was removed.  [e:/FPGA-Guitar-Pedal/pedal_vivado/pedal_2.gen/sources_1/bd/dma_axis_ip_example/ipshared/9242/hdl/verilog/pedal_top.v:2706]
WARNING: [Synth 8-6014] Unused sequential element mul_ln78_reg_4169_pp0_iter23_reg_reg was removed.  [e:/FPGA-Guitar-Pedal/pedal_vivado/pedal_2.gen/sources_1/bd/dma_axis_ip_example/ipshared/9242/hdl/verilog/pedal_top.v:2707]
WARNING: [Synth 8-6014] Unused sequential element mul_ln78_reg_4169_pp0_iter24_reg_reg was removed.  [e:/FPGA-Guitar-Pedal/pedal_vivado/pedal_2.gen/sources_1/bd/dma_axis_ip_example/ipshared/9242/hdl/verilog/pedal_top.v:2708]
WARNING: [Synth 8-6014] Unused sequential element mul_ln78_reg_4169_reg was removed.  [e:/FPGA-Guitar-Pedal/pedal_vivado/pedal_2.gen/sources_1/bd/dma_axis_ip_example/ipshared/9242/hdl/verilog/pedal_top.v:2706]
WARNING: [Synth 8-6014] Unused sequential element mul_ln78_reg_4169_pp0_iter23_reg_reg was removed.  [e:/FPGA-Guitar-Pedal/pedal_vivado/pedal_2.gen/sources_1/bd/dma_axis_ip_example/ipshared/9242/hdl/verilog/pedal_top.v:2707]
DSP Report: Generating DSP mul_32s_32s_48_1_1_U88/tmp_product, operation Mode is: A''*B.
DSP Report: register mul_32s_32s_48_1_1_U88/tmp_product is absorbed into DSP mul_32s_32s_48_1_1_U88/tmp_product.
DSP Report: register mul_32s_32s_48_1_1_U88/tmp_product is absorbed into DSP mul_32s_32s_48_1_1_U88/tmp_product.
DSP Report: operator mul_32s_32s_48_1_1_U88/tmp_product is absorbed into DSP mul_32s_32s_48_1_1_U88/tmp_product.
DSP Report: operator mul_32s_32s_48_1_1_U88/tmp_product is absorbed into DSP mul_32s_32s_48_1_1_U88/tmp_product.
DSP Report: Generating DSP mul_32s_32s_48_1_1_U88/tmp_product, operation Mode is: (PCIN>>17)+A*B''.
DSP Report: register fraction_reg_4164_pp0_iter35_reg_reg is absorbed into DSP mul_32s_32s_48_1_1_U88/tmp_product.
DSP Report: register fraction_reg_4164_pp0_iter36_reg_reg is absorbed into DSP mul_32s_32s_48_1_1_U88/tmp_product.
DSP Report: operator mul_32s_32s_48_1_1_U88/tmp_product is absorbed into DSP mul_32s_32s_48_1_1_U88/tmp_product.
DSP Report: operator mul_32s_32s_48_1_1_U88/tmp_product is absorbed into DSP mul_32s_32s_48_1_1_U88/tmp_product.
DSP Report: Generating DSP mul_32s_32s_48_1_1_U88/tmp_product, operation Mode is: A*B''.
DSP Report: register mul_32s_32s_48_1_1_U88/tmp_product is absorbed into DSP mul_32s_32s_48_1_1_U88/tmp_product.
DSP Report: register mul_32s_32s_48_1_1_U88/tmp_product is absorbed into DSP mul_32s_32s_48_1_1_U88/tmp_product.
DSP Report: operator mul_32s_32s_48_1_1_U88/tmp_product is absorbed into DSP mul_32s_32s_48_1_1_U88/tmp_product.
DSP Report: operator mul_32s_32s_48_1_1_U88/tmp_product is absorbed into DSP mul_32s_32s_48_1_1_U88/tmp_product.
DSP Report: Generating DSP mul_32s_32s_48_1_1_U88/tmp_product, operation Mode is: (PCIN>>17)+A*B''.
DSP Report: register fraction_reg_4164_pp0_iter35_reg_reg is absorbed into DSP mul_32s_32s_48_1_1_U88/tmp_product.
DSP Report: register fraction_reg_4164_pp0_iter36_reg_reg is absorbed into DSP mul_32s_32s_48_1_1_U88/tmp_product.
DSP Report: operator mul_32s_32s_48_1_1_U88/tmp_product is absorbed into DSP mul_32s_32s_48_1_1_U88/tmp_product.
DSP Report: operator mul_32s_32s_48_1_1_U88/tmp_product is absorbed into DSP mul_32s_32s_48_1_1_U88/tmp_product.
DSP Report: Generating DSP mul_ln78_reg_4169_pp0_iter24_reg_reg, operation Mode is: (A2*B'')'.
DSP Report: register mul_ln78_reg_4169_pp0_iter24_reg_reg is absorbed into DSP mul_ln78_reg_4169_pp0_iter24_reg_reg.
DSP Report: register mul_ln78_reg_4169_reg is absorbed into DSP mul_ln78_reg_4169_pp0_iter24_reg_reg.
DSP Report: register mul_ln78_reg_4169_reg is absorbed into DSP mul_ln78_reg_4169_pp0_iter24_reg_reg.
DSP Report: register mul_ln78_reg_4169_pp0_iter24_reg_reg is absorbed into DSP mul_ln78_reg_4169_pp0_iter24_reg_reg.
DSP Report: register mul_ln78_reg_4169_pp0_iter23_reg_reg is absorbed into DSP mul_ln78_reg_4169_pp0_iter24_reg_reg.
DSP Report: operator mul_33s_32s_48_1_1_U90/tmp_product is absorbed into DSP mul_ln78_reg_4169_pp0_iter24_reg_reg.
DSP Report: operator mul_33s_32s_48_1_1_U90/tmp_product is absorbed into DSP mul_ln78_reg_4169_pp0_iter24_reg_reg.
DSP Report: Generating DSP mul_ln78_reg_4169_pp0_iter25_reg_reg, operation Mode is: (PCIN>>17)+(A''*B'')'.
DSP Report: register mul_ln78_reg_4169_reg is absorbed into DSP mul_ln78_reg_4169_pp0_iter25_reg_reg.
DSP Report: register mul_ln78_reg_4169_pp0_iter23_reg_reg is absorbed into DSP mul_ln78_reg_4169_pp0_iter25_reg_reg.
DSP Report: register mul_ln78_reg_4169_reg is absorbed into DSP mul_ln78_reg_4169_pp0_iter25_reg_reg.
DSP Report: register mul_ln78_reg_4169_pp0_iter23_reg_reg is absorbed into DSP mul_ln78_reg_4169_pp0_iter25_reg_reg.
DSP Report: register mul_ln78_reg_4169_pp0_iter25_reg_reg is absorbed into DSP mul_ln78_reg_4169_pp0_iter25_reg_reg.
DSP Report: register mul_ln78_reg_4169_pp0_iter24_reg_reg is absorbed into DSP mul_ln78_reg_4169_pp0_iter25_reg_reg.
DSP Report: operator mul_33s_32s_48_1_1_U90/tmp_product is absorbed into DSP mul_ln78_reg_4169_pp0_iter25_reg_reg.
DSP Report: operator mul_33s_32s_48_1_1_U90/tmp_product is absorbed into DSP mul_ln78_reg_4169_pp0_iter25_reg_reg.
DSP Report: Generating DSP mul_ln78_reg_4169_pp0_iter26_reg_reg, operation Mode is: (PCIN+(A''*B'')')'.
DSP Report: register mul_ln78_reg_4169_pp0_iter23_reg_reg is absorbed into DSP mul_ln78_reg_4169_pp0_iter26_reg_reg.
DSP Report: register mul_ln78_reg_4169_pp0_iter24_reg_reg is absorbed into DSP mul_ln78_reg_4169_pp0_iter26_reg_reg.
DSP Report: register mul_ln78_reg_4169_pp0_iter23_reg_reg is absorbed into DSP mul_ln78_reg_4169_pp0_iter26_reg_reg.
DSP Report: register mul_ln78_reg_4169_pp0_iter24_reg_reg is absorbed into DSP mul_ln78_reg_4169_pp0_iter26_reg_reg.
DSP Report: register mul_ln78_reg_4169_pp0_iter26_reg_reg is absorbed into DSP mul_ln78_reg_4169_pp0_iter26_reg_reg.
DSP Report: register mul_ln78_reg_4169_pp0_iter25_reg_reg is absorbed into DSP mul_ln78_reg_4169_pp0_iter26_reg_reg.
DSP Report: operator mul_33s_32s_48_1_1_U90/tmp_product is absorbed into DSP mul_ln78_reg_4169_pp0_iter26_reg_reg.
DSP Report: operator mul_33s_32s_48_1_1_U90/tmp_product is absorbed into DSP mul_ln78_reg_4169_pp0_iter26_reg_reg.
DSP Report: Generating DSP mul_ln78_reg_4169_pp0_iter27_reg_reg, operation Mode is: (PCIN>>17)+(A''*B'')'.
DSP Report: register mul_ln78_reg_4169_pp0_iter24_reg_reg is absorbed into DSP mul_ln78_reg_4169_pp0_iter27_reg_reg.
DSP Report: register mul_ln78_reg_4169_pp0_iter25_reg_reg is absorbed into DSP mul_ln78_reg_4169_pp0_iter27_reg_reg.
DSP Report: register mul_ln78_reg_4169_pp0_iter24_reg_reg is absorbed into DSP mul_ln78_reg_4169_pp0_iter27_reg_reg.
DSP Report: register mul_ln78_reg_4169_pp0_iter25_reg_reg is absorbed into DSP mul_ln78_reg_4169_pp0_iter27_reg_reg.
DSP Report: register mul_ln78_reg_4169_pp0_iter27_reg_reg is absorbed into DSP mul_ln78_reg_4169_pp0_iter27_reg_reg.
DSP Report: register mul_ln78_reg_4169_pp0_iter26_reg_reg is absorbed into DSP mul_ln78_reg_4169_pp0_iter27_reg_reg.
DSP Report: operator mul_33s_32s_48_1_1_U90/tmp_product is absorbed into DSP mul_ln78_reg_4169_pp0_iter27_reg_reg.
DSP Report: operator mul_33s_32s_48_1_1_U90/tmp_product is absorbed into DSP mul_ln78_reg_4169_pp0_iter27_reg_reg.
INFO: [Common 17-14] Message 'Synth 8-7129' appears 100 times and further instances of the messages will be disabled. Use the Tcl command set_msg_config to change the current settings.
INFO: [Common 17-14] Message 'Synth 8-3886' appears 100 times and further instances of the messages will be disabled. Use the Tcl command set_msg_config to change the current settings.
WARNING: [Synth 8-3332] Sequential element (FSM_onehot_wstate_reg[0]) is unused and will be removed from module pedal_top_ctrl_s_axi.
WARNING: [Synth 8-3332] Sequential element (FSM_onehot_rstate_reg[0]) is unused and will be removed from module pedal_top_ctrl_s_axi.
---------------------------------------------------------------------------------
Finished Cross Boundary and Area Optimization : Time (s): cpu = 00:01:38 ; elapsed = 00:04:42 . Memory (MB): peak = 2451.953 ; gain = 853.012
---------------------------------------------------------------------------------
 Sort Area is pedal_top__GB4 mul_ln78_reg_4169_pp0_iter24_reg_reg_13 : 0 0 : 3251 11690 : Used 1 time 100
 Sort Area is pedal_top__GB4 mul_ln78_reg_4169_pp0_iter24_reg_reg_13 : 0 1 : 2815 11690 : Used 1 time 100
 Sort Area is pedal_top__GB4 mul_ln78_reg_4169_pp0_iter24_reg_reg_13 : 0 2 : 2923 11690 : Used 1 time 100
 Sort Area is pedal_top__GB4 mul_ln78_reg_4169_pp0_iter24_reg_reg_13 : 0 3 : 2701 11690 : Used 1 time 100
 Sort Area is pedal_top_generic_tanh_float_s mul_50ns_50ns_100_1_1_U4/tmp_product_18 : 0 0 : 3137 9430 : Used 1 time 0
 Sort Area is pedal_top_generic_tanh_float_s mul_50ns_50ns_100_1_1_U4/tmp_product_18 : 0 1 : 3156 9430 : Used 1 time 0
 Sort Area is pedal_top_generic_tanh_float_s mul_50ns_50ns_100_1_1_U4/tmp_product_18 : 0 2 : 3137 9430 : Used 1 time 0
 Sort Area is pedal_top_generic_tanh_float_s mul_49ns_44ns_93_1_1_U3/tmp_product_f : 0 0 : 3119 9376 : Used 1 time 0
 Sort Area is pedal_top_generic_tanh_float_s mul_49ns_44ns_93_1_1_U3/tmp_product_f : 0 1 : 3138 9376 : Used 1 time 0
 Sort Area is pedal_top_generic_tanh_float_s mul_49ns_44ns_93_1_1_U3/tmp_product_f : 0 2 : 3119 9376 : Used 1 time 0
 Sort Area is pedal_top_generic_tanh_float_s mul_50ns_50ns_100_1_1_U4/tmp_product_1c : 0 0 : 3052 9241 : Used 1 time 0
 Sort Area is pedal_top_generic_tanh_float_s mul_50ns_50ns_100_1_1_U4/tmp_product_1c : 0 1 : 3137 9241 : Used 1 time 0
 Sort Area is pedal_top_generic_tanh_float_s mul_50ns_50ns_100_1_1_U4/tmp_product_1c : 0 2 : 3052 9241 : Used 1 time 0
 Sort Area is pedal_top_generic_tanh_float_s mul_50ns_50ns_100_1_1_U4/tmp_product_1f : 0 0 : 3052 9110 : Used 1 time 0
 Sort Area is pedal_top_generic_tanh_float_s mul_50ns_50ns_100_1_1_U4/tmp_product_1f : 0 1 : 3052 9110 : Used 1 time 0
 Sort Area is pedal_top_generic_tanh_float_s mul_50ns_50ns_100_1_1_U4/tmp_product_1f : 0 2 : 3006 9110 : Used 1 time 0
 Sort Area is pedal_top_generic_tanh_float_s mul_49ns_44ns_93_1_1_U3/tmp_product_13 : 0 0 : 1992 7888 : Used 1 time 0
 Sort Area is pedal_top_generic_tanh_float_s mul_49ns_44ns_93_1_1_U3/tmp_product_13 : 0 1 : 3119 7888 : Used 1 time 0
 Sort Area is pedal_top_generic_tanh_float_s mul_49ns_44ns_93_1_1_U3/tmp_product_13 : 0 2 : 2777 7888 : Used 1 time 0
 Sort Area is pedal_top_generic_tanh_float_s mul_43ns_36ns_79_1_1_U2/tmp_product_b : 0 0 : 3698 6953 : Used 1 time 0
 Sort Area is pedal_top_generic_tanh_float_s mul_43ns_36ns_79_1_1_U2/tmp_product_b : 0 1 : 3255 6953 : Used 1 time 0
 Sort Area is pedal_top__GB4 mul_80s_24ns_80_1_0_U39/tmp_product_0 : 0 0 : 3406 6827 : Used 1 time 0
 Sort Area is pedal_top__GB4 mul_80s_24ns_80_1_0_U39/tmp_product_0 : 0 1 : 3421 6827 : Used 1 time 0
 Sort Area is pedal_top__GB4 mul_80s_24ns_80_1_0_U39/tmp_product_3 : 0 0 : 3406 6827 : Used 1 time 0
 Sort Area is pedal_top__GB4 mul_80s_24ns_80_1_0_U39/tmp_product_3 : 0 1 : 3421 6827 : Used 1 time 0
 Sort Area is pedal_top_generic_tanh_float_s mul_49ns_44ns_93_1_1_U3/tmp_product_16 : 0 0 : 1992 6702 : Used 1 time 0
 Sort Area is pedal_top_generic_tanh_float_s mul_49ns_44ns_93_1_1_U3/tmp_product_16 : 0 1 : 2777 6702 : Used 1 time 0
 Sort Area is pedal_top_generic_tanh_float_s mul_49ns_44ns_93_1_1_U3/tmp_product_16 : 0 2 : 1933 6702 : Used 1 time 0
 Sort Area is pedal_top_generic_tanh_float_s mul_43ns_36ns_79_1_1_U2/tmp_product_8 : 0 0 : 3101 6356 : Used 1 time 0
 Sort Area is pedal_top_generic_tanh_float_s mul_43ns_36ns_79_1_1_U2/tmp_product_8 : 0 1 : 3255 6356 : Used 1 time 0
 Sort Area is pedal_top__GB4 mul_32s_32s_48_1_1_U88/tmp_product_18 : 0 0 : 3137 5820 : Used 1 time 0
 Sort Area is pedal_top__GB4 mul_32s_32s_48_1_1_U88/tmp_product_18 : 0 1 : 2683 5820 : Used 1 time 0
 Sort Area is pedal_top__GB3 mul_48s_50ns_97_1_1_U91/tmp_product_6 : 0 0 : 1357 5435 : Used 1 time 0
 Sort Area is pedal_top__GB3 mul_48s_50ns_97_1_1_U91/tmp_product_6 : 0 1 : 2710 5435 : Used 1 time 0
 Sort Area is pedal_top__GB3 mul_48s_50ns_97_1_1_U91/tmp_product_6 : 0 2 : 1368 5435 : Used 1 time 0
 Sort Area is pedal_top_generic_fmod_mult_float_s mul_24ns_38ns_61_1_1_U58/tmp_product_0 : 0 0 : 2040 5379 : Used 1 time 0
 Sort Area is pedal_top_generic_fmod_mult_float_s mul_24ns_38ns_61_1_1_U58/tmp_product_0 : 0 1 : 3339 5379 : Used 1 time 0
 Sort Area is pedal_top_generic_fmod_mult_float_s mul_24ns_38ns_61_1_1_U62/tmp_product_15 : 0 0 : 2040 5379 : Used 1 time 0
 Sort Area is pedal_top_generic_fmod_mult_float_s mul_24ns_38ns_61_1_1_U62/tmp_product_15 : 0 1 : 3339 5379 : Used 1 time 0
 Sort Area is pedal_top__GB3 mul_48s_50ns_97_1_1_U91/tmp_product_d : 0 0 : 2304 5215 : Used 1 time 0
 Sort Area is pedal_top__GB3 mul_48s_50ns_97_1_1_U91/tmp_product_d : 0 1 : 1107 5215 : Used 1 time 0
 Sort Area is pedal_top__GB3 mul_48s_50ns_97_1_1_U91/tmp_product_d : 0 2 : 1804 5215 : Used 1 time 0
 Sort Area is pedal_top__GB4 mul_32s_32s_48_1_1_U88/tmp_product_1b : 0 0 : 2670 5185 : Used 1 time 0
 Sort Area is pedal_top__GB4 mul_32s_32s_48_1_1_U88/tmp_product_1b : 0 1 : 2515 5185 : Used 1 time 0
 Sort Area is pedal_top_generic_fmod_mult_float_s mul_24ns_38ns_61_1_1_U61/tmp_product_10 : 0 0 : 1859 4900 : Used 1 time 0
 Sort Area is pedal_top_generic_fmod_mult_float_s mul_24ns_38ns_61_1_1_U61/tmp_product_10 : 0 1 : 3041 4900 : Used 1 time 0
 Sort Area is pedal_top_generic_fmod_mult_float_s mul_24ns_38ns_61_1_1_U65/tmp_product_1f : 0 0 : 1859 4900 : Used 1 time 0
 Sort Area is pedal_top_generic_fmod_mult_float_s mul_24ns_38ns_61_1_1_U65/tmp_product_1f : 0 1 : 3041 4900 : Used 1 time 0
 Sort Area is pedal_top__GB1 mul_31s_32s_63_1_1_U87/tmp_product_0 : 0 0 : 2701 4864 : Used 1 time 0
 Sort Area is pedal_top__GB1 mul_31s_32s_63_1_1_U87/tmp_product_0 : 0 1 : 2163 4864 : Used 1 time 0
 Sort Area is pedal_top_generic_fmod_mult_float_s mul_24ns_38ns_61_1_1_U59/tmp_product_7 : 0 0 : 1859 4852 : Used 1 time 0
 Sort Area is pedal_top_generic_fmod_mult_float_s mul_24ns_38ns_61_1_1_U59/tmp_product_7 : 0 1 : 2993 4852 : Used 1 time 0
 Sort Area is pedal_top_generic_fmod_mult_float_s mul_24ns_38ns_61_1_1_U60/tmp_product_c : 0 0 : 1859 4852 : Used 1 time 0
 Sort Area is pedal_top_generic_fmod_mult_float_s mul_24ns_38ns_61_1_1_U60/tmp_product_c : 0 1 : 2993 4852 : Used 1 time 0
 Sort Area is pedal_top_generic_fmod_mult_float_s mul_24ns_38ns_61_1_1_U63/tmp_product_19 : 0 0 : 1859 4852 : Used 1 time 0
 Sort Area is pedal_top_generic_fmod_mult_float_s mul_24ns_38ns_61_1_1_U63/tmp_product_19 : 0 1 : 2993 4852 : Used 1 time 0
 Sort Area is pedal_top_generic_fmod_mult_float_s mul_24ns_38ns_61_1_1_U64/tmp_product_1c : 0 0 : 1859 4852 : Used 1 time 0
 Sort Area is pedal_top_generic_fmod_mult_float_s mul_24ns_38ns_61_1_1_U64/tmp_product_1c : 0 1 : 2993 4852 : Used 1 time 0
 Sort Area is pedal_top__GB3 mul_48s_50ns_97_1_1_U91/tmp_product_a : 0 0 : 2304 4779 : Used 1 time 0
 Sort Area is pedal_top__GB3 mul_48s_50ns_97_1_1_U91/tmp_product_a : 0 1 : 1368 4779 : Used 1 time 0
 Sort Area is pedal_top__GB3 mul_48s_50ns_97_1_1_U91/tmp_product_a : 0 2 : 1107 4779 : Used 1 time 0
 Sort Area is pedal_top_generic_tanh_float_s mul_13s_71s_71_1_1_U1/tmp_product_5 : 0 0 : 2283 4677 : Used 1 time 0
 Sort Area is pedal_top_generic_tanh_float_s mul_13s_71s_71_1_1_U1/tmp_product_5 : 0 1 : 2394 4677 : Used 1 time 0
 Sort Area is pedal_top__GB4 mul_30s_29ns_58_1_0_U38/tmp_product_d : 0 0 : 2701 4523 : Used 1 time 0
 Sort Area is pedal_top__GB4 mul_30s_29ns_58_1_0_U38/tmp_product_d : 0 1 : 1822 4523 : Used 1 time 0
 Sort Area is pedal_top__GB4 mul_23s_22ns_45_1_0_U37/tmp_product_a : 0 0 : 3257 4170 : Used 1 time 0
 Sort Area is pedal_top__GB4 mul_23s_22ns_45_1_0_U37/tmp_product_a : 0 1 : 913 4170 : Used 1 time 0
 Sort Area is pedal_top__GB1 mul_31s_32s_63_1_1_U87/tmp_product_3 : 0 0 : 1995 3719 : Used 1 time 0
 Sort Area is pedal_top__GB1 mul_31s_32s_63_1_1_U87/tmp_product_3 : 0 1 : 1724 3719 : Used 1 time 0
 Sort Area is pedal_top_generic_tanh_float_s mac_muladd_16s_15ns_19s_31_4_1_U6/pedal_top_mac_muladd_16s_15ns_19s_31_4_1_DSP48_0_U/p_reg_reg_0 : 0 0 : 3647 3647 : Used 1 time 0
 Sort Area is pedal_top_generic_tanh_float_s mul_13s_71s_71_1_1_U1/tmp_product_2 : 0 0 : 1053 3355 : Used 1 time 0
 Sort Area is pedal_top_generic_tanh_float_s mul_13s_71s_71_1_1_U1/tmp_product_2 : 0 1 : 2302 3355 : Used 1 time 0
 Sort Area is pedal_top__GB4 mul_30s_29ns_58_1_0_U38/tmp_product_10 : 0 0 : 1819 3235 : Used 1 time 0
 Sort Area is pedal_top__GB4 mul_30s_29ns_58_1_0_U38/tmp_product_10 : 0 1 : 1416 3235 : Used 1 time 0
 Sort Area is pedal_top__GB3 mul_32s_28ns_48_1_1_U89/tmp_product_0 : 0 0 : 1601 3134 : Used 1 time 0
 Sort Area is pedal_top__GB3 mul_32s_28ns_48_1_1_U89/tmp_product_0 : 0 1 : 1533 3134 : Used 1 time 0
 Sort Area is pedal_top__GB3 mul_32s_28ns_48_1_1_U89/tmp_product_3 : 0 0 : 806 2126 : Used 1 time 0
 Sort Area is pedal_top__GB3 mul_32s_28ns_48_1_1_U89/tmp_product_3 : 0 1 : 1320 2126 : Used 1 time 0
 Sort Area is pedal_top__GB4 mul_80s_24ns_80_1_0_U39/tmp_product_4 : 0 0 : 2108 2108 : Used 1 time 0
 Sort Area is pedal_top__GB4 mul_15ns_15ns_30_1_0_U43/tmp_product_6 : 0 0 : 1969 1969 : Used 1 time 0
 Sort Area is pedal_top_generic_tanh_float_s mul_43ns_36ns_79_1_1_U2/tmp_product_d : 0 0 : 1809 1809 : Used 1 time 0
 Sort Area is pedal_top__GB4 mul_15ns_15s_30_1_0_U44/tmp_product_8 : 0 0 : 1803 1803 : Used 1 time 0
 Sort Area is pedal_top_generic_fmod_mult_float_s mul_25s_25s_25_1_1_U68/tmp_product_e : 0 0 : 1583 1583 : Used 1 time 0
 Sort Area is pedal_top_generic_fmod_mult_float_s mul_25s_25s_25_1_1_U72/tmp_product_1e : 0 0 : 1583 1583 : Used 1 time 0
 Sort Area is pedal_top_generic_fmod_mult_float_s mul_25s_25s_25_1_1_U66/tmp_product_5 : 0 0 : 1565 1565 : Used 1 time 0
 Sort Area is pedal_top_generic_fmod_mult_float_s mul_25s_25s_25_1_1_U67/tmp_product_b : 0 0 : 1565 1565 : Used 1 time 0
 Sort Area is pedal_top_generic_fmod_mult_float_s mul_25s_25s_25_1_1_U69/tmp_product_14 : 0 0 : 1565 1565 : Used 1 time 0
 Sort Area is pedal_top_generic_fmod_mult_float_s mul_25s_25s_25_1_1_U70/tmp_product_18 : 0 0 : 1565 1565 : Used 1 time 0
 Sort Area is pedal_top_generic_fmod_mult_float_s mul_25s_25s_25_1_1_U71/tmp_product_1b : 0 0 : 1565 1565 : Used 1 time 0
 Sort Area is pedal_top_generic_fmod_mult_float_s mul_25s_25s_25_1_1_U73/tmp_product_21 : 0 0 : 1565 1565 : Used 1 time 0
 Sort Area is pedal_top_generic_fmod_mult_float_s mul_24ns_38ns_61_1_1_U58/tmp_product_3 : 0 0 : 1508 1508 : Used 1 time 0
 Sort Area is pedal_top_generic_fmod_mult_float_s mul_24ns_38ns_61_1_1_U59/tmp_product_a : 0 0 : 1508 1508 : Used 1 time 0
 Sort Area is pedal_top_generic_fmod_mult_float_s mul_24ns_38ns_61_1_1_U60/tmp_product_d : 0 0 : 1508 1508 : Used 1 time 0
 Sort Area is pedal_top_generic_fmod_mult_float_s mul_24ns_38ns_61_1_1_U63/tmp_product_1a : 0 0 : 1508 1508 : Used 1 time 0
 Sort Area is pedal_top_generic_fmod_mult_float_s mul_24ns_38ns_61_1_1_U64/tmp_product_1d : 0 0 : 1508 1508 : Used 1 time 0
 Sort Area is pedal_top_generic_fmod_mult_float_s quo_3_reg_1479_reg_12 : 0 0 : 1233 1233 : Used 1 time 0
 Sort Area is pedal_top_generic_fmod_mult_float_s quo_7_reg_1548_reg_20 : 0 0 : 1233 1233 : Used 1 time 0
 Sort Area is pedal_top_generic_fmod_mult_float_s mul_24ns_38ns_61_1_1_U62/tmp_product_16 : 0 0 : 1193 1193 : Used 1 time 0
---------------------------------------------------------------------------------
Start Applying XDC Timing Constraints
---------------------------------------------------------------------------------
---------------------------------------------------------------------------------
Finished Applying XDC Timing Constraints : Time (s): cpu = 00:01:51 ; elapsed = 00:04:56 . Memory (MB): peak = 2769.703 ; gain = 1170.762
---------------------------------------------------------------------------------
---------------------------------------------------------------------------------
Start Timing Optimization
---------------------------------------------------------------------------------
INFO: [Synth 8-5556] The block RAM "inst/i_7_0/buffer_r_U/ram_reg" may be mapped as a cascade chain, because it is not timing critical.
INFO: [Synth 8-5800] Cascade chain of height 4 reduced to 3 because memory depth for RAM "inst/i_7_0/buffer_r_U/ram_reg" is not power of 2. 
---------------------------------------------------------------------------------
Finished Timing Optimization : Time (s): cpu = 00:02:02 ; elapsed = 00:05:07 . Memory (MB): peak = 3002.621 ; gain = 1403.680
---------------------------------------------------------------------------------
---------------------------------------------------------------------------------
Start Technology Mapping
---------------------------------------------------------------------------------
INFO: [Synth 8-7052] The timing for the instance inst/i_7_0/pedal_top_stream_stream_axis_0_ap_uint_8_buffer2_1_U/ram_reg_bram_0 (implemented as a Block RAM) might be sub-optimal as no optional output register could be merged into the ram block. Providing additional output register may help in improving timing.
INFO: [Synth 8-7052] The timing for the instance inst/i_7_0/pedal_top_stream_stream_axis_0_ap_uint_8_buffer2_1_U/ram_reg_bram_0 (implemented as a Block RAM) might be sub-optimal as no optional output register could be merged into the ram block. Providing additional output register may help in improving timing.
INFO: [Synth 8-7052] The timing for the instance inst/i_7_0/pedal_top_stream_stream_axis_0_ap_uint_8_buffer2_U/ram_reg_bram_0 (implemented as a Block RAM) might be sub-optimal as no optional output register could be merged into the ram block. Providing additional output register may help in improving timing.
INFO: [Synth 8-7052] The timing for the instance inst/i_7_0/pedal_top_stream_stream_axis_0_ap_uint_8_buffer2_U/ram_reg_bram_0 (implemented as a Block RAM) might be sub-optimal as no optional output register could be merged into the ram block. Providing additional output register may help in improving timing.
INFO: [Synth 8-7052] The timing for the instance inst/i_7_0/buffer_r_U/ram_reg_bram_2 (implemented as a Block RAM) might be sub-optimal as no optional output register could be merged into the ram block. Providing additional output register may help in improving timing.
INFO: [Synth 8-7052] The timing for the instance inst/i_7_0/buffer_r_U/ram_reg_bram_4 (implemented as a Block RAM) might be sub-optimal as no optional output register could be merged into the ram block. Providing additional output register may help in improving timing.
INFO: [Synth 8-7052] The timing for the instance inst/i_7_0/buffer_r_U/ram_reg_bram_5 (implemented as a Block RAM) might be sub-optimal as no optional output register could be merged into the ram block. Providing additional output register may help in improving timing.
INFO: [Synth 8-7052] The timing for the instance inst/i_7_0/buffer_r_U/ram_reg_bram_6 (implemented as a Block RAM) might be sub-optimal as no optional output register could be merged into the ram block. Providing additional output register may help in improving timing.
INFO: [Synth 8-3332] Sequential element (ADDSUB_OP.ADDSUB/DSP.OP/DSP48E1_BODY.EXP/NUMB_CMP/NOT_FAST.CMP/C_CHAIN/CHAIN_GEN[15].CARRYS_DEL.NEED_DEL.CARRYS_FD) is unused and will be removed from module floating_point_v7_1_18_viv__parameterized1__1.
INFO: [Synth 8-3332] Sequential element (ADDSUB_OP.ADDSUB/DSP.OP/DSP48E1_BODY.EXP/NUMB_CMP/NOT_FAST.CMP/C_CHAIN/CHAIN_GEN[15].CARRYS_DEL.NEED_DEL.CARRYS_FD) is unused and will be removed from module floating_point_v7_1_18_viv__2.
INFO: [Synth 8-7052] The timing for the instance inst/grp_generic_tanh_float_s_fu_607/grp_exp_generic_double_s_fu_89/table_f_Z2_ap_ufixed_59_0_ap_q_mode_5_ap_o_mode_3_0_array_U/q0_reg_0 (implemented as a Block RAM) might be sub-optimal as no optional output register could be merged into the ram block. Providing additional output register may help in improving timing.
INFO: [Synth 8-7052] The timing for the instance inst/grp_generic_tanh_float_s_fu_607/grp_exp_generic_double_s_fu_89/table_f_Z2_ap_ufixed_59_0_ap_q_mode_5_ap_o_mode_3_0_array_U/q0_reg_0 (implemented as a Block RAM) might be sub-optimal as no optional output register could be merged into the ram block. Providing additional output register may help in improving timing.
INFO: [Synth 8-7052] The timing for the instance inst/grp_generic_tanh_float_s_fu_607/grp_exp_generic_double_s_fu_89/table_f_Z2_ap_ufixed_59_0_ap_q_mode_5_ap_o_mode_3_0_array_U/q0_reg_1 (implemented as a Block RAM) might be sub-optimal as no optional output register could be merged into the ram block. Providing additional output register may help in improving timing.
INFO: [Synth 8-7052] The timing for the instance inst/grp_generic_tanh_float_s_fu_607/grp_exp_generic_double_s_fu_89/table_f_Z3_ap_ufixed_59_0_ap_q_mode_5_ap_o_mode_3_0_array_U/q1_reg (implemented as a Block RAM) might be sub-optimal as no optional output register could be merged into the ram block. Providing additional output register may help in improving timing.
INFO: [Synth 8-7052] The timing for the instance inst/grp_generic_tanh_float_s_fu_607/grp_exp_generic_double_s_fu_89/table_f_Z3_ap_ufixed_59_0_ap_q_mode_5_ap_o_mode_3_0_array_U/q1_reg (implemented as a Block RAM) might be sub-optimal as no optional output register could be merged into the ram block. Providing additional output register may help in improving timing.
INFO: [Synth 8-7052] The timing for the instance inst/grp_generic_tanh_float_s_fu_607/grp_exp_generic_double_s_fu_89/table_f_Z3_ap_ufixed_59_0_ap_q_mode_5_ap_o_mode_3_0_array_U/q0_reg (implemented as a Block RAM) might be sub-optimal as no optional output register could be merged into the ram block. Providing additional output register may help in improving timing.
INFO: [Synth 8-7052] The timing for the instance inst/grp_generic_tanh_float_s_fu_607/grp_exp_generic_double_s_fu_89/table_f_Z3_ap_ufixed_59_0_ap_q_mode_5_ap_o_mode_3_0_array_U/q0_reg (implemented as a Block RAM) might be sub-optimal as no optional output register could be merged into the ram block. Providing additional output register may help in improving timing.
INFO: [Synth 8-7052] The timing for the instance inst/grp_generic_tanh_float_s_fu_607/grp_exp_generic_double_s_fu_89/m_diff_hi_reg_1192_pp0_iter4_reg_reg (implemented as a Block RAM) might be sub-optimal as no optional output register could be merged into the ram block. Providing additional output register may help in improving timing.
INFO: [Synth 8-7052] The timing for the instance inst/grp_generic_tanh_float_s_fu_607/grp_exp_generic_double_s_fu_89/m_diff_hi_reg_1192_pp0_iter4_reg_reg (implemented as a Block RAM) might be sub-optimal as no optional output register could be merged into the ram block. Providing additional output register may help in improving timing.
---------------------------------------------------------------------------------
Finished Technology Mapping : Time (s): cpu = 00:02:25 ; elapsed = 00:06:12 . Memory (MB): peak = 3009.566 ; gain = 1410.625
---------------------------------------------------------------------------------
---------------------------------------------------------------------------------
Start IO Insertion
---------------------------------------------------------------------------------
---------------------------------------------------------------------------------
Start Flattening Before IO Insertion
---------------------------------------------------------------------------------
---------------------------------------------------------------------------------
Finished Flattening Before IO Insertion
---------------------------------------------------------------------------------
---------------------------------------------------------------------------------
Start Final Netlist Cleanup
---------------------------------------------------------------------------------
INFO: [Synth 8-7052] The timing for the instance inst/grp_generic_tanh_float_s_fu_607/grp_exp_generic_double_s_fu_89/table_f_Z2_ap_ufixed_59_0_ap_q_mode_5_ap_o_mode_3_0_array_U/q0_reg_0 (implemented as a Block RAM) might be sub-optimal as no optional output register could be merged into the ram block. Providing additional output register may help in improving timing.
INFO: [Synth 8-7052] The timing for the instance inst/grp_generic_tanh_float_s_fu_607/grp_exp_generic_double_s_fu_89/table_f_Z2_ap_ufixed_59_0_ap_q_mode_5_ap_o_mode_3_0_array_U/q0_reg_0 (implemented as a Block RAM) might be sub-optimal as no optional output register could be merged into the ram block. Providing additional output register may help in improving timing.
INFO: [Synth 8-7052] The timing for the instance inst/grp_generic_tanh_float_s_fu_607/grp_exp_generic_double_s_fu_89/table_f_Z2_ap_ufixed_59_0_ap_q_mode_5_ap_o_mode_3_0_array_U/q0_reg_1 (implemented as a Block RAM) might be sub-optimal as no optional output register could be merged into the ram block. Providing additional output register may help in improving timing.
INFO: [Synth 8-7052] The timing for the instance inst/grp_generic_tanh_float_s_fu_607/grp_exp_generic_double_s_fu_89/table_f_Z3_ap_ufixed_59_0_ap_q_mode_5_ap_o_mode_3_0_array_U/q1_reg (implemented as a Block RAM) might be sub-optimal as no optional output register could be merged into the ram block. Providing additional output register may help in improving timing.
INFO: [Synth 8-7052] The timing for the instance inst/grp_generic_tanh_float_s_fu_607/grp_exp_generic_double_s_fu_89/table_f_Z3_ap_ufixed_59_0_ap_q_mode_5_ap_o_mode_3_0_array_U/q1_reg (implemented as a Block RAM) might be sub-optimal as no optional output register could be merged into the ram block. Providing additional output register may help in improving timing.
INFO: [Synth 8-7052] The timing for the instance inst/grp_generic_tanh_float_s_fu_607/grp_exp_generic_double_s_fu_89/table_f_Z3_ap_ufixed_59_0_ap_q_mode_5_ap_o_mode_3_0_array_U/q0_reg (implemented as a Block RAM) might be sub-optimal as no optional output register could be merged into the ram block. Providing additional output register may help in improving timing.
INFO: [Synth 8-7052] The timing for the instance inst/grp_generic_tanh_float_s_fu_607/grp_exp_generic_double_s_fu_89/table_f_Z3_ap_ufixed_59_0_ap_q_mode_5_ap_o_mode_3_0_array_U/q0_reg (implemented as a Block RAM) might be sub-optimal as no optional output register could be merged into the ram block. Providing additional output register may help in improving timing.
INFO: [Synth 8-7052] The timing for the instance inst/grp_generic_tanh_float_s_fu_607/grp_exp_generic_double_s_fu_89/m_diff_hi_reg_1192_pp0_iter4_reg_reg (implemented as a Block RAM) might be sub-optimal as no optional output register could be merged into the ram block. Providing additional output register may help in improving timing.
INFO: [Synth 8-7052] The timing for the instance inst/grp_generic_tanh_float_s_fu_607/grp_exp_generic_double_s_fu_89/m_diff_hi_reg_1192_pp0_iter4_reg_reg (implemented as a Block RAM) might be sub-optimal as no optional output register could be merged into the ram block. Providing additional output register may help in improving timing.
INFO: [Synth 8-7052] The timing for the instance inst/pedal_top_stream_stream_axis_0_ap_uint_8_buffer2_1_U/ram_reg_bram_0 (implemented as a Block RAM) might be sub-optimal as no optional output register could be merged into the ram block. Providing additional output register may help in improving timing.
INFO: [Synth 8-7052] The timing for the instance inst/pedal_top_stream_stream_axis_0_ap_uint_8_buffer2_1_U/ram_reg_bram_0 (implemented as a Block RAM) might be sub-optimal as no optional output register could be merged into the ram block. Providing additional output register may help in improving timing.
INFO: [Synth 8-7052] The timing for the instance inst/pedal_top_stream_stream_axis_0_ap_uint_8_buffer2_U/ram_reg_bram_0 (implemented as a Block RAM) might be sub-optimal as no optional output register could be merged into the ram block. Providing additional output register may help in improving timing.
INFO: [Synth 8-7052] The timing for the instance inst/pedal_top_stream_stream_axis_0_ap_uint_8_buffer2_U/ram_reg_bram_0 (implemented as a Block RAM) might be sub-optimal as no optional output register could be merged into the ram block. Providing additional output register may help in improving timing.
INFO: [Synth 8-7052] The timing for the instance inst/buffer_r_U/ram_reg_bram_2 (implemented as a Block RAM) might be sub-optimal as no optional output register could be merged into the ram block. Providing additional output register may help in improving timing.
INFO: [Synth 8-7052] The timing for the instance inst/buffer_r_U/ram_reg_bram_4 (implemented as a Block RAM) might be sub-optimal as no optional output register could be merged into the ram block. Providing additional output register may help in improving timing.
INFO: [Synth 8-7052] The timing for the instance inst/buffer_r_U/ram_reg_bram_5 (implemented as a Block RAM) might be sub-optimal as no optional output register could be merged into the ram block. Providing additional output register may help in improving timing.
INFO: [Synth 8-7052] The timing for the instance inst/buffer_r_U/ram_reg_bram_6 (implemented as a Block RAM) might be sub-optimal as no optional output register could be merged into the ram block. Providing additional output register may help in improving timing.
---------------------------------------------------------------------------------
Finished Final Netlist Cleanup
---------------------------------------------------------------------------------
---------------------------------------------------------------------------------
Finished IO Insertion : Time (s): cpu = 00:02:35 ; elapsed = 00:06:22 . Memory (MB): peak = 3009.566 ; gain = 1410.625
---------------------------------------------------------------------------------
---------------------------------------------------------------------------------
Start Renaming Generated Instances
---------------------------------------------------------------------------------
---------------------------------------------------------------------------------
Finished Renaming Generated Instances : Time (s): cpu = 00:02:35 ; elapsed = 00:06:22 . Memory (MB): peak = 3009.566 ; gain = 1410.625
---------------------------------------------------------------------------------
---------------------------------------------------------------------------------
Start Rebuilding User Hierarchy
---------------------------------------------------------------------------------
---------------------------------------------------------------------------------
Finished Rebuilding User Hierarchy : Time (s): cpu = 00:02:39 ; elapsed = 00:06:26 . Memory (MB): peak = 3009.566 ; gain = 1410.625
---------------------------------------------------------------------------------
---------------------------------------------------------------------------------
Start Renaming Generated Ports
---------------------------------------------------------------------------------
---------------------------------------------------------------------------------
Finished Renaming Generated Ports : Time (s): cpu = 00:02:39 ; elapsed = 00:06:26 . Memory (MB): peak = 3009.566 ; gain = 1410.625
---------------------------------------------------------------------------------
---------------------------------------------------------------------------------
Start Handling Custom Attributes
---------------------------------------------------------------------------------
---------------------------------------------------------------------------------
Finished Handling Custom Attributes : Time (s): cpu = 00:02:39 ; elapsed = 00:06:27 . Memory (MB): peak = 3009.566 ; gain = 1410.625
---------------------------------------------------------------------------------
---------------------------------------------------------------------------------
Start Renaming Generated Nets
---------------------------------------------------------------------------------
---------------------------------------------------------------------------------
Finished Renaming Generated Nets : Time (s): cpu = 00:02:40 ; elapsed = 00:06:27 . Memory (MB): peak = 3009.566 ; gain = 1410.625
---------------------------------------------------------------------------------
---------------------------------------------------------------------------------
Start Writing Synthesis Report
---------------------------------------------------------------------------------

DSP Final Report (the ' indicates corresponding REG is set)
+-------------------------------------------------+------------------------+--------+--------+--------+--------+--------+------+------+------+------+-------+------+------+
|Module Name                                      | DSP Mapping            | A Size | B Size | C Size | D Size | P Size | AREG | BREG | CREG | DREG | ADREG | MREG | PREG | 
+-------------------------------------------------+------------------------+--------+--------+--------+--------+--------+------+------+------+------+-------+------+------+
|pedal_top__GB4                                   | ((A'*B'')')'           | 17     | 17     | -      | -      | 48     | 1    | 2    | -    | -    | -     | 1    | 1    | 
|pedal_top__GB4                                   | (PCIN>>17+(A''*B'')')' | 17     | 18     | -      | -      | 0      | 2    | 2    | -    | -    | -     | 1    | 1    | 
|pedal_top__GB4                                   | (PCIN+(A''*B'')')'     | 17     | 18     | -      | -      | 48     | 2    | 2    | -    | -    | -     | 1    | 1    | 
|pedal_top__GB4                                   | (PCIN>>17+(A''*B'')')' | 30     | 18     | -      | -      | 48     | 2    | 2    | -    | -    | -     | 1    | 1    | 
|dsp48e1_wrapper_550                              | Dynamic                | -      | -      | -      | -      | 40     | -    | -    | -    | -    | 0     | 0    | 0    | 
|dsp48e1_wrapper__parameterized0_518              | C+A*B                  | 24     | 16     | 35     | -      | 35     | 0    | 0    | 0    | -    | -     | 0    | 0    | 
|dsp48e1_wrapper__parameterized1_407              | A*B                    | 24     | 17     | -      | -      | 41     | 0    | 0    | -    | -    | -     | 0    | 0    | 
|dsp48e1_wrapper__parameterized2_408              | PCIN>>17+A*B           | 0      | 7      | -      | -      | 31     | 0    | 0    | -    | -    | -     | 0    | 0    | 
|dsp48e1_wrapper__parameterized3_405              | PCIN+A:B+C             | 22     | 0      | -      | -      | 48     | 0    | 0    | -    | -    | -     | 0    | 0    | 
|dsp48e1_wrapper_379                              | Dynamic                | -      | -      | -      | -      | 40     | -    | -    | -    | -    | 0     | 0    | 0    | 
|dsp48e1_wrapper__parameterized0_347              | C+A*B                  | 24     | 16     | 35     | -      | 35     | 0    | 0    | 0    | -    | -     | 0    | 0    | 
|pedal_top_mod_rcp_mult_24_36_8_s                 | (A*B)'                 | 20     | 7      | -      | -      | 48     | 0    | 0    | -    | -    | -     | 0    | 1    | 
|pedal_top_mod_rcp_mult_24_36_8_s                 | (PCIN>>17+A*B)'        | 20     | 17     | -      | -      | 48     | 0    | 0    | -    | -    | -     | 0    | 1    | 
|pedal_top_mod_rcp_mult_24_36_8_s                 | (A*B)'                 | 20     | 7      | -      | -      | 48     | 0    | 0    | -    | -    | -     | 0    | 1    | 
|pedal_top_mod_rcp_mult_24_36_8_s                 | (PCIN>>17+A*B)'        | 20     | 17     | -      | -      | 48     | 0    | 0    | -    | -    | -     | 0    | 1    | 
|pedal_top_mod_rcp_mult_24_36_8_s                 | A*B                    | 20     | 7      | -      | -      | 48     | 0    | 0    | -    | -    | -     | 0    | 0    | 
|pedal_top_mod_rcp_mult_24_36_8_s                 | A'*B                   | 24     | 16     | -      | -      | 48     | 1    | 0    | -    | -    | -     | 0    | 0    | 
|pedal_top_mod_rcp_mult_24_36_8_s                 | PCIN>>17+A*B''         | 20     | 17     | -      | -      | 48     | 0    | 2    | -    | -    | -     | 0    | 0    | 
|pedal_top_mod_rcp_mult_24_36_8_s                 | A*B                    | 20     | 7      | -      | -      | 48     | 0    | 0    | -    | -    | -     | 0    | 0    | 
|pedal_top_mod_rcp_mult_24_36_8_s                 | A*B                    | 24     | 16     | -      | -      | 48     | 0    | 0    | -    | -    | -     | 0    | 0    | 
|pedal_top_mod_rcp_mult_24_36_8_s                 | PCIN>>17+A*B           | 20     | 17     | -      | -      | 48     | 0    | 0    | -    | -    | -     | 0    | 0    | 
|pedal_top_mod_rcp_mult_24_36_8_s                 | A*B                    | 20     | 7      | -      | -      | 48     | 0    | 0    | -    | -    | -     | 0    | 0    | 
|pedal_top_mod_rcp_mult_24_36_8_s                 | A*B                    | 24     | 16     | -      | -      | 48     | 0    | 0    | -    | -    | -     | 0    | 0    | 
|pedal_top_mod_rcp_mult_24_36_8_s                 | PCIN>>17+A*B           | 20     | 17     | -      | -      | 48     | 0    | 0    | -    | -    | -     | 0    | 0    | 
|pedal_top_mod_rcp_mult_24_36_8_s                 | A*B                    | 24     | 16     | -      | -      | 48     | 0    | 0    | -    | -    | -     | 0    | 0    | 
|pedal_top_mod_rcp_mult_24_36_8_s                 | A*B'                   | 20     | 7      | -      | -      | 48     | 0    | 1    | -    | -    | -     | 0    | 0    | 
|pedal_top_mod_rcp_mult_24_36_8_s                 | A'*B                   | 24     | 16     | -      | -      | 48     | 1    | 0    | -    | -    | -     | 0    | 0    | 
|pedal_top_mod_rcp_mult_24_36_8_s                 | PCIN>>17+A*B'          | 20     | 17     | -      | -      | 48     | 0    | 1    | -    | -    | -     | 0    | 0    | 
|pedal_top_mod_rcp_mult_24_36_8_s                 | A*B                    | 20     | 7      | -      | -      | 48     | 0    | 0    | -    | -    | -     | 0    | 0    | 
|pedal_top_mod_rcp_mult_24_36_8_s                 | A*B                    | 24     | 16     | -      | -      | 48     | 0    | 0    | -    | -    | -     | 0    | 0    | 
|pedal_top_mod_rcp_mult_24_36_8_s                 | PCIN>>17+A*B           | 20     | 17     | -      | -      | 48     | 0    | 0    | -    | -    | -     | 0    | 0    | 
|pedal_top_mod_rcp_mult_24_36_8_s                 | A*B                    | 20     | 7      | -      | -      | 48     | 0    | 0    | -    | -    | -     | 0    | 0    | 
|pedal_top_mod_rcp_mult_24_36_8_s                 | A*B                    | 24     | 16     | -      | -      | 48     | 0    | 0    | -    | -    | -     | 0    | 0    | 
|pedal_top_mod_rcp_mult_24_36_8_s                 | PCIN>>17+A*B           | 20     | 17     | -      | -      | 48     | 0    | 0    | -    | -    | -     | 0    | 0    | 
|pedal_top_mod_rcp_mult_24_36_8_s                 | A*B                    | 24     | 16     | -      | -      | 48     | 0    | 0    | -    | -    | -     | 0    | 0    | 
|pedal_top_mul_25s_25s_25_1_1                     | A*B                    | 30     | 17     | -      | -      | 48     | 0    | 0    | -    | -    | -     | 0    | 0    | 
|pedal_top_mul_25s_25s_25_1_1                     | A*B                    | 30     | 17     | -      | -      | 48     | 0    | 0    | -    | -    | -     | 0    | 0    | 
|pedal_top_mod_rcp_mult_24_36_8_s                 | A*B'                   | 30     | 17     | -      | -      | 48     | 0    | 1    | -    | -    | -     | 0    | 0    | 
|pedal_top_mul_25s_25s_25_1_1                     | A*B                    | 30     | 17     | -      | -      | 48     | 0    | 0    | -    | -    | -     | 0    | 0    | 
|pedal_top_mul_25s_25s_25_1_1                     | A*B                    | 30     | 17     | -      | -      | 48     | 0    | 0    | -    | -    | -     | 0    | 0    | 
|pedal_top_mul_25s_25s_25_1_1                     | A*B                    | 30     | 17     | -      | -      | 48     | 0    | 0    | -    | -    | -     | 0    | 0    | 
|pedal_top_mod_rcp_mult_24_36_8_s                 | A*B'                   | 30     | 17     | -      | -      | 48     | 0    | 1    | -    | -    | -     | 0    | 0    | 
|pedal_top_mul_25s_25s_25_1_1                     | A*B                    | 30     | 17     | -      | -      | 48     | 0    | 0    | -    | -    | -     | 0    | 0    | 
|dsp48e1_wrapper__parameterized3_320              | Dynamic                | -      | -      | -      | -      | 48     | -    | -    | -    | -    | -     | 0    | 0    | 
|dsp48e1_wrapper__parameterized4                  | A:B                    | 29     | 18     | -      | -      | 16     | 0    | 0    | -    | -    | -     | 0    | 0    | 
|dsp48e1_wrapper__parameterized6                  | C+A:B                  | 0      | 2      | 47     | -      | 48     | 0    | 0    | 0    | -    | -     | 0    | 0    | 
|dsp48e1_wrapper_279                              | Dynamic                | -      | -      | -      | -      | 40     | -    | -    | -    | -    | 0     | 0    | 0    | 
|dsp48e1_wrapper__parameterized0_253              | C+A*B                  | 24     | 16     | 35     | -      | 35     | 0    | 0    | 0    | -    | -     | 0    | 0    | 
|dsp48e1_wrapper_238                              | Dynamic                | -      | -      | -      | -      | 40     | -    | -    | -    | -    | 0     | 0    | 0    | 
|dsp48e1_wrapper__parameterized0_217              | C+A*B                  | 24     | 16     | 35     | -      | 35     | 0    | 0    | 0    | -    | -     | 0    | 0    | 
|dsp48e1_wrapper_202                              | Dynamic                | -      | -      | -      | -      | 40     | -    | -    | -    | -    | 0     | 0    | 0    | 
|dsp48e1_wrapper__parameterized0_174              | C+A*B                  | 24     | 16     | 35     | -      | 35     | 0    | 0    | 0    | -    | -     | 0    | 0    | 
|dsp48e1_wrapper__parameterized1                  | A*B                    | 24     | 17     | -      | -      | 41     | 0    | 0    | -    | -    | -     | 0    | 0    | 
|dsp48e1_wrapper__parameterized2                  | PCIN>>17+A*B           | 0      | 7      | -      | -      | 31     | 0    | 0    | -    | -    | -     | 0    | 0    | 
|dsp48e1_wrapper__parameterized3                  | PCIN+A:B+C             | 22     | 0      | -      | -      | 48     | 0    | 0    | -    | -    | -     | 0    | 0    | 
|dsp48e1_wrapper_73                               | Dynamic                | -      | -      | -      | -      | 40     | -    | -    | -    | -    | 0     | 0    | 0    | 
|dsp48e1_wrapper__parameterized0_50               | C+A*B                  | 24     | 16     | 35     | -      | 35     | 0    | 0    | 0    | -    | -     | 0    | 0    | 
|dsp48e1_wrapper                                  | Dynamic                | -      | -      | -      | -      | 40     | -    | -    | -    | -    | 0     | 0    | 0    | 
|dsp48e1_wrapper__parameterized0                  | C+A*B                  | 24     | 16     | 35     | -      | 35     | 0    | 0    | 0    | -    | -     | 0    | 0    | 
|pedal_top_mac_muladd_16s_15ns_19s_31_4_1_DSP48_0 | (C+(A'*B')')'          | 30     | 15     | 48     | -      | 31     | 1    | 1    | 1    | -    | -     | 1    | 1    | 
|pedal_top_exp_generic_double_s                   | A*B                    | 16     | 18     | -      | -      | 48     | 0    | 0    | -    | -    | -     | 0    | 0    | 
|pedal_top_exp_generic_double_s                   | PCIN>>17+A*B           | 30     | 18     | -      | -      | 48     | 0    | 0    | -    | -    | -     | 0    | 0    | 
|pedal_top_exp_generic_double_s                   | A*B                    | 30     | 16     | -      | -      | 48     | 0    | 0    | -    | -    | -     | 0    | 0    | 
|pedal_top_exp_generic_double_s                   | PCIN>>17+A*B           | 15     | 18     | -      | -      | 48     | 0    | 0    | -    | -    | -     | 0    | 0    | 
|pedal_top_exp_generic_double_s                   | A*B'                   | 19     | 9      | -      | -      | 48     | 0    | 1    | -    | -    | -     | 0    | 0    | 
|pedal_top_exp_generic_double_s                   | A*B                    | 26     | 17     | -      | -      | 48     | 0    | 0    | -    | -    | -     | 0    | 0    | 
|pedal_top_exp_generic_double_s                   | PCIN>>17+A*B           | 19     | 9      | -      | -      | 48     | 0    | 0    | -    | -    | -     | 0    | 0    | 
|pedal_top_exp_generic_double_s                   | A*B                    | 17     | 17     | -      | -      | 48     | 0    | 0    | -    | -    | -     | 0    | 0    | 
|pedal_top_exp_generic_double_s                   | PCIN>>17+A*B           | 19     | 17     | -      | -      | 48     | 0    | 0    | -    | -    | -     | 0    | 0    | 
|pedal_top_exp_generic_double_s                   | A*B'                   | 17     | 10     | -      | -      | 0      | 0    | 1    | -    | -    | -     | 0    | 0    | 
|pedal_top_exp_generic_double_s                   | PCIN+A'*B              | 17     | 15     | -      | -      | 48     | 1    | 0    | -    | -    | -     | 0    | 0    | 
|pedal_top_exp_generic_double_s                   | PCIN>>17+A*B'          | 15     | 10     | -      | -      | 48     | 0    | 1    | -    | -    | -     | 0    | 0    | 
|pedal_top_exp_generic_double_s                   | A*B'                   | 17     | 10     | -      | -      | 0      | 0    | 1    | -    | -    | -     | 0    | 0    | 
|pedal_top_exp_generic_double_s                   | PCIN+A*B'              | 17     | 17     | -      | -      | 0      | 0    | 1    | -    | -    | -     | 0    | 0    | 
|pedal_top_exp_generic_double_s                   | PCIN+A'*B              | 17     | 15     | -      | -      | 48     | 1    | 0    | -    | -    | -     | 0    | 0    | 
|pedal_top_exp_generic_double_s                   | A*B'                   | 17     | 17     | -      | -      | 48     | 0    | 1    | -    | -    | -     | 0    | 0    | 
|pedal_top_exp_generic_double_s                   | PCIN>>17+A*B'          | 17     | 17     | -      | -      | 0      | 0    | 1    | -    | -    | -     | 0    | 0    | 
|pedal_top_exp_generic_double_s                   | PCIN+A*B'              | 17     | 17     | -      | -      | 48     | 0    | 1    | -    | -    | -     | 0    | 0    | 
|pedal_top_exp_generic_double_s                   | A'*B'                  | 17     | 16     | -      | -      | 0      | 1    | 1    | -    | -    | -     | 0    | 0    | 
|pedal_top_exp_generic_double_s                   | PCIN+A'*B'             | 17     | 16     | -      | -      | 48     | 1    | 1    | -    | -    | -     | 0    | 0    | 
|pedal_top_exp_generic_double_s                   | PCIN>>17+A'*B'         | 16     | 16     | -      | -      | 48     | 1    | 1    | -    | -    | -     | 0    | 0    | 
|pedal_top_exp_generic_double_s                   | A'*B'                  | 17     | 16     | -      | -      | 0      | 1    | 1    | -    | -    | -     | 0    | 0    | 
|pedal_top_exp_generic_double_s                   | PCIN+A'*B'             | 17     | 17     | -      | -      | 0      | 1    | 1    | -    | -    | -     | 0    | 0    | 
|pedal_top_exp_generic_double_s                   | PCIN+A'*B'             | 17     | 16     | -      | -      | 48     | 1    | 1    | -    | -    | -     | 0    | 0    | 
|pedal_top_exp_generic_double_s                   | A'*B'                  | 17     | 17     | -      | -      | 48     | 1    | 1    | -    | -    | -     | 0    | 0    | 
|pedal_top_exp_generic_double_s                   | PCIN>>17+A'*B'         | 17     | 17     | -      | -      | 0      | 1    | 1    | -    | -    | -     | 0    | 0    | 
|pedal_top_exp_generic_double_s                   | PCIN+A'*B'             | 17     | 17     | -      | -      | 48     | 1    | 1    | -    | -    | -     | 0    | 0    | 
|pedal_top_sin_or_cos_float_s                     | A'*B'                  | 15     | 15     | -      | -      | 32     | 1    | 1    | -    | -    | -     | 0    | 0    | 
|pedal_top_mul_15ns_15s_30_1_0                    | A*B                    | 15     | 18     | -      | -      | 31     | 0    | 0    | -    | -    | -     | 0    | 0    | 
|pedal_top_sin_or_cos_float_s                     | A'*B'                  | 22     | 17     | -      | -      | 0      | 1    | 1    | -    | -    | -     | 0    | 0    | 
|pedal_top_sin_or_cos_float_s                     | PCIN>>17+A'*B          | 22     | 18     | -      | -      | 28     | 1    | 0    | -    | -    | -     | 0    | 0    | 
|pedal_top_sin_or_cos_float_s                     | A*B                    | 17     | 18     | -      | -      | 48     | 0    | 0    | -    | -    | -     | 0    | 0    | 
|pedal_top_sin_or_cos_float_s                     | PCIN>>17+A*B           | 30     | 12     | -      | -      | 48     | 0    | 0    | -    | -    | -     | 0    | 0    | 
|pedal_top_sin_or_cos_float_s                     | A*B                    | 17     | 17     | -      | -      | 48     | 0    | 0    | -    | -    | -     | 0    | 0    | 
|pedal_top_sin_or_cos_float_s                     | PCIN>>17+A*B           | 0      | 12     | -      | -      | 48     | 0    | 0    | -    | -    | -     | 0    | 0    | 
|pedal_top_sin_or_cos_float_s                     | A*B                    | 24     | 18     | -      | -      | 48     | 0    | 0    | -    | -    | -     | 0    | 0    | 
|pedal_top_sin_or_cos_float_s                     | A*B                    | 24     | 17     | -      | -      | 48     | 0    | 0    | -    | -    | -     | 0    | 0    | 
|pedal_top_sin_or_cos_float_s                     | PCIN>>17+A*B           | 24     | 17     | -      | -      | 48     | 0    | 0    | -    | -    | -     | 0    | 0    | 
|pedal_top_sin_or_cos_float_s                     | A*B                    | 24     | 17     | -      | -      | 48     | 0    | 0    | -    | -    | -     | 0    | 0    | 
|pedal_top_sin_or_cos_float_s                     | PCIN>>17+A*B           | 24     | 17     | -      | -      | 48     | 0    | 0    | -    | -    | -     | 0    | 0    | 
|pedal_top__GB1                                   | A*B''                  | 17     | 18     | -      | -      | 48     | 0    | 2    | -    | -    | -     | 0    | 0    | 
|pedal_top__GB1                                   | PCIN>>17+A*B''         | 30     | 18     | -      | -      | 48     | 0    | 2    | -    | -    | -     | 0    | 0    | 
|pedal_top__GB1                                   | A*B                    | 17     | 17     | -      | -      | 48     | 0    | 0    | -    | -    | -     | 0    | 0    | 
|pedal_top__GB1                                   | PCIN>>17+A*B           | 0      | 18     | -      | -      | 48     | 0    | 0    | -    | -    | -     | 0    | 0    | 
|pedal_top__GB3                                   | A*B                    | 30     | 16     | -      | -      | 48     | 0    | 0    | -    | -    | -     | 0    | 0    | 
|pedal_top__GB3                                   | PCIN>>17+A*B           | 30     | 10     | -      | -      | 48     | 0    | 0    | -    | -    | -     | 0    | 0    | 
|pedal_top__GB3                                   | A*B                    | 17     | 16     | -      | -      | 48     | 0    | 0    | -    | -    | -     | 0    | 0    | 
|pedal_top__GB3                                   | PCIN>>17+A*B           | 0      | 10     | -      | -      | 48     | 0    | 0    | -    | -    | -     | 0    | 0    | 
|pedal_top__GB4                                   | A''*B                  | 17     | 18     | -      | -      | 48     | 2    | 0    | -    | -    | -     | 0    | 0    | 
|pedal_top__GB4                                   | PCIN>>17+A*B''         | 30     | 18     | -      | -      | 48     | 0    | 2    | -    | -    | -     | 0    | 0    | 
|pedal_top__GB4                                   | A*B''                  | 17     | 17     | -      | -      | 48     | 0    | 2    | -    | -    | -     | 0    | 0    | 
|pedal_top__GB4                                   | PCIN>>17+A*B''         | 0      | 18     | -      | -      | 48     | 0    | 2    | -    | -    | -     | 0    | 0    | 
|pedal_top__GB3                                   | A*B                    | 17     | 15     | -      | -      | 48     | 0    | 0    | -    | -    | -     | 0    | 0    | 
|pedal_top__GB3                                   | PCIN+A*B               | 17     | 18     | -      | -      | 48     | 0    | 0    | -    | -    | -     | 0    | 0    | 
|pedal_top__GB3                                   | PCIN>>17+A*B           | 15     | 18     | -      | -      | 48     | 0    | 0    | -    | -    | -     | 0    | 0    | 
|pedal_top__GB3                                   | A*B                    | 0      | 15     | -      | -      | 48     | 0    | 0    | -    | -    | -     | 0    | 0    | 
|pedal_top__GB3                                   | PCIN+A*B               | 17     | 17     | -      | -      | 48     | 0    | 0    | -    | -    | -     | 0    | 0    | 
|pedal_top__GB3                                   | PCIN+A*B               | 17     | 18     | -      | -      | 48     | 0    | 0    | -    | -    | -     | 0    | 0    | 
|pedal_top__GB3                                   | A*B                    | 0      | 17     | -      | -      | 48     | 0    | 0    | -    | -    | -     | 0    | 0    | 
|pedal_top__GB3                                   | PCIN>>17+A*B           | 0      | 17     | -      | -      | 48     | 0    | 0    | -    | -    | -     | 0    | 0    | 
|pedal_top__GB3                                   | PCIN+A*B               | 17     | 17     | -      | -      | 48     | 0    | 0    | -    | -    | -     | 0    | 0    | 
+-------------------------------------------------+------------------------+--------+--------+--------+--------+--------+------+------+------+------+-------+------+------+


Report BlackBoxes: 
+-+--------------+----------+
| |BlackBox name |Instances |
+-+--------------+----------+
+-+--------------+----------+

Report Cell Usage: 
+------+----------------+------+
|      |Cell            |Count |
+------+----------------+------+
|1     |CARRY8          |   516|
|2     |DSP48E1         |    23|
|3     |DSP_ALU         |    98|
|5     |DSP_A_B_DATA    |    98|
|13    |DSP_C_DATA      |    98|
|15    |DSP_MULTIPLIER  |    98|
|16    |DSP_M_DATA      |    98|
|18    |DSP_OUTPUT      |    98|
|20    |DSP_PREADD      |    98|
|21    |DSP_PREADD_DATA |    98|
|22    |LUT1            |  1270|
|23    |LUT2            |  2669|
|24    |LUT3            |  3774|
|25    |LUT4            |  1710|
|26    |LUT5            |  2403|
|27    |LUT6            |  5539|
|28    |MUXCY           |  2103|
|29    |MUXF7           |   345|
|30    |MUXF8           |   135|
|31    |RAMB18E2        |     7|
|36    |RAMB36E2        |     7|
|43    |SRL16E          |   405|
|44    |SRLC32E         |   122|
|45    |XORCY           |  1636|
|46    |FDE             |    24|
|47    |FDRE            |  7596|
|48    |FDSE            |   107|
+------+----------------+------+
---------------------------------------------------------------------------------
Finished Writing Synthesis Report : Time (s): cpu = 00:02:40 ; elapsed = 00:06:27 . Memory (MB): peak = 3009.566 ; gain = 1410.625
---------------------------------------------------------------------------------
Synthesis finished with 0 errors, 0 critical warnings and 358 warnings.
Synthesis Optimization Runtime : Time (s): cpu = 00:02:06 ; elapsed = 00:06:16 . Memory (MB): peak = 3009.566 ; gain = 1264.344
Synthesis Optimization Complete : Time (s): cpu = 00:02:40 ; elapsed = 00:06:29 . Memory (MB): peak = 3009.566 ; gain = 1410.625
INFO: [Project 1-571] Translating synthesized netlist
Netlist sorting complete. Time (s): cpu = 00:00:00 ; elapsed = 00:00:00.357 . Memory (MB): peak = 3009.566 ; gain = 0.000
INFO: [Netlist 29-17] Analyzing 4880 Unisim elements for replacement
INFO: [Netlist 29-28] Unisim Transformation completed in 1 CPU seconds
INFO: [Project 1-570] Preparing netlist for logic optimization
INFO: [Opt 31-138] Pushed 0 inverter(s) to 0 load pin(s).
INFO: [Opt 31-422] The CLOCK_DOMAINS attribute on the BRAM cell inst/grp_generic_tanh_float_s_fu_607/grp_exp_generic_double_s_fu_89/table_f_Z2_ap_ufixed_59_0_ap_q_mode_5_ap_o_mode_3_0_array_U/q0_reg_0 has been changed from INDEPENDENT to COMMON to match the clocking topology used for the BRAM.
INFO: [Opt 31-422] The CLOCK_DOMAINS attribute on the BRAM cell inst/grp_generic_tanh_float_s_fu_607/grp_exp_generic_double_s_fu_89/table_f_Z2_ap_ufixed_59_0_ap_q_mode_5_ap_o_mode_3_0_array_U/q0_reg_1 has been changed from INDEPENDENT to COMMON to match the clocking topology used for the BRAM.
INFO: [Opt 31-422] The CLOCK_DOMAINS attribute on the BRAM cell inst/grp_generic_tanh_float_s_fu_607/grp_exp_generic_double_s_fu_89/table_f_Z3_ap_ufixed_59_0_ap_q_mode_5_ap_o_mode_3_0_array_U/q0_reg has been changed from INDEPENDENT to COMMON to match the clocking topology used for the BRAM.
INFO: [Opt 31-422] The CLOCK_DOMAINS attribute on the BRAM cell inst/grp_generic_tanh_float_s_fu_607/grp_exp_generic_double_s_fu_89/table_f_Z3_ap_ufixed_59_0_ap_q_mode_5_ap_o_mode_3_0_array_U/q1_reg has been changed from INDEPENDENT to COMMON to match the clocking topology used for the BRAM.
INFO: [Opt 31-422] The CLOCK_DOMAINS attribute on the BRAM cell inst/grp_generic_tanh_float_s_fu_607/grp_exp_generic_double_s_fu_89/m_diff_hi_reg_1192_pp0_iter4_reg_reg has been changed from INDEPENDENT to COMMON to match the clocking topology used for the BRAM.
Netlist sorting complete. Time (s): cpu = 00:00:00 ; elapsed = 00:00:00.007 . Memory (MB): peak = 3009.566 ; gain = 0.000
INFO: [Project 1-111] Unisim Transformation Summary:
  A total of 496 instances were transformed.
  (CARRY4) => CARRY8: 351 instances
  DSP48E1 => DSP48E2 (DSP_ALU, DSP_A_B_DATA, DSP_C_DATA, DSP_MULTIPLIER, DSP_M_DATA, DSP_OUTPUT, DSP_PREADD, DSP_PREADD_DATA): 23 instances
  DSP48E2 => DSP48E2 (DSP_ALU, DSP_A_B_DATA, DSP_C_DATA, DSP_MULTIPLIER, DSP_M_DATA, DSP_OUTPUT, DSP_PREADD, DSP_PREADD_DATA): 98 instances
  FDE => FDRE: 24 instances

Synth Design complete | Checksum: ea54c6ba
INFO: [Common 17-83] Releasing license: Synthesis
573 Infos, 263 Warnings, 0 Critical Warnings and 0 Errors encountered.
synth_design completed successfully
synth_design: Time (s): cpu = 00:03:03 ; elapsed = 00:06:56 . Memory (MB): peak = 3009.566 ; gain = 2309.730
Write ShapeDB Complete: Time (s): cpu = 00:00:03 ; elapsed = 00:00:09 . Memory (MB): peak = 3009.566 ; gain = 0.000
INFO: [Common 17-1381] The checkpoint 'E:/FPGA-Guitar-Pedal/pedal_vivado/pedal_2.runs/dma_axis_ip_example_pedal_top_0_1_synth_1/dma_axis_ip_example_pedal_top_0_1.dcp' has been generated.
write_checkpoint: Time (s): cpu = 00:00:05 ; elapsed = 00:00:22 . Memory (MB): peak = 3009.566 ; gain = 0.000
write_verilog: Time (s): cpu = 00:00:02 ; elapsed = 00:00:19 . Memory (MB): peak = 3009.566 ; gain = 0.000
write_vhdl: Time (s): cpu = 00:00:04 ; elapsed = 00:00:22 . Memory (MB): peak = 3009.566 ; gain = 0.000
INFO: [Coretcl 2-1648] Added synthesis output to IP cache for IP dma_axis_ip_example_pedal_top_0_1, cache-ID = e869b87eee7a9dea
config_ip_cache: Time (s): cpu = 00:00:00 ; elapsed = 00:00:15 . Memory (MB): peak = 3009.566 ; gain = 0.000
INFO: [Coretcl 2-1174] Renamed 801 cell refs.
Write ShapeDB Complete: Time (s): cpu = 00:00:03 ; elapsed = 00:00:09 . Memory (MB): peak = 3009.566 ; gain = 0.000
INFO: [Common 17-1381] The checkpoint 'E:/FPGA-Guitar-Pedal/pedal_vivado/pedal_2.runs/dma_axis_ip_example_pedal_top_0_1_synth_1/dma_axis_ip_example_pedal_top_0_1.dcp' has been generated.
write_checkpoint: Time (s): cpu = 00:00:05 ; elapsed = 00:00:15 . Memory (MB): peak = 3009.566 ; gain = 0.000
INFO: [Vivado 12-24828] Executing command : report_utilization -file dma_axis_ip_example_pedal_top_0_1_utilization_synth.rpt -pb dma_axis_ip_example_pedal_top_0_1_utilization_synth.pb
write_verilog: Time (s): cpu = 00:00:02 ; elapsed = 00:00:16 . Memory (MB): peak = 3009.566 ; gain = 0.000
write_vhdl: Time (s): cpu = 00:00:05 ; elapsed = 00:00:30 . Memory (MB): peak = 3009.566 ; gain = 0.000
INFO: [Common 17-206] Exiting Vivado at Wed Apr  8 15:43:25 2026...
